t[yr],B[G],L[erg/s],P_fill[s],Pdot_fill[s/s],chi[rad],P_vac[s],Pdot_vac[s/s],P_vacObs[s],Pdot_vacObs[s/s],bpol,etor,btorAvg
0.0,100000000000000.0,3.0981623e+36,0.001,1.0185614948842104e-08,1.0471975511965976,0.001,2.910175699669172e-09,0.001,2.4410399990885012e-09,300000000000000.0,50,52000000000000.0
1.0,99924989000000.0,1.2335467e+35,0.01895837438501697,3.1443130769144103e-10,0.1605261717760238,0.012927293892422597,2.2481921443007933e-10,0.011845763644169555,2.057944490525574e-10,300000000000000.0,50,52000000000000.0
2.0,99899505000000.0,9.8529077e+34,0.027092814376391494,2.171715649235566e-10,0.11323306501695116,0.018739327841363285,1.5501142440470407e-10,0.017166819613272932,1.4193305528357952e-10,300000000000000.0,50,52000000000000.0
3.0,99871432000000.0,8.4503191e+34,0.033251757268936546,1.7610495220885699e-10,0.09243857387547454,0.023132062200076475,1.2550388487376556e-10,0.021189121203816788,1.1492493274574935e-10,300000000000000.0,50,52000000000000.0
4.0,99841371000000.0,7.5773901e+34,0.03841863967904578,1.5200878499003854e-10,0.08005719255960514,0.026812348325355447,1.0821246513602922e-10,0.02455926099752302,9.909518012672969e-11,300000000000000.0,50,52000000000000.0
5.0,99809953000000.0,6.9861427e+34,0.042958908071544157,1.356854781152968e-10,0.07160857671766638,0.03004324330662151,9.651447078360911e-11,0.027517977641399058,8.838496987248111e-11,300000000000000.0,50,52000000000000.0
6.0,99777723000000.0,6.5610918e+34,0.04705670918207973,1.2368425240678132e-10,0.06537123702536317,0.032957210706567534,8.792376508874533e-11,0.03018651983510432,8.051918370154928e-11,300000000000000.0,50,52000000000000.0
7.0,99745077000000.0,6.2421218e+34,0.05082006378250506,1.1438112003081869e-10,0.060523881166233175,0.03563187843337142,8.12708674715885e-11,0.03263595123287293,7.442742983990455e-11,300000000000000.0,50,52000000000000.0
8.0,99712253000000.0,5.9949233e+34,0.05431932969615237,1.0689374192531131e-10,0.056616309694924566,0.03811775799396507,7.592084921852455e-11,0.03491251557753692,6.952851398734366e-11,300000000000000.0,50,52000000000000.0
9.0,99679353000000.0,5.7984027e+34,0.05760335316346935,1.0069644557193074e-10,0.053378697057558995,0.04044988508274099,7.14957384587817e-11,0.03704829010663851,6.547642589353602e-11,300000000000000.0,50,52000000000000.0
10.0,99646391000000.0,5.6386929e+34,0.06070649018334849,9.545973293567356e-11,0.05064128699190904,0.04265288556177591,6.775878736631057e-11,0.03906582205393705,6.205442554930428e-11,300000000000000.0,50,52000000000000.0
20.0,99300392000000.0,5.1792948e+34,0.08567196412205622,6.708735777325246e-11,0.03582294871787156,0.060359427819497956,4.75496832780807e-11,0.05528193911390688,4.354769370757119e-11,300000000000000.0,50,52000000000000.0
30.0,98948123000000.0,4.8683377e+34,0.10471841400482039,5.447351973818978e-11,0.029270594201286724,0.07385476888418169,3.858585907308668e-11,0.06764150506488312,3.5338583736058435e-11,300000000000000.0,50,52000000000000.0
40.0,98595617000000.0,4.6667372e+34,0.12068787500581522,4.6919388315007755e-11,0.025373110987646875,0.08516467375907817,3.322363024219996e-11,0.07799962147482746,3.0427744600097674e-11,300000000000000.0,50,52000000000000.0
50.0,98245782000000.0,4.5302554e+34,0.13468210392502744,4.174083381103899e-11,0.022719095247525235,0.09507292872144579,2.955017748719133e-11,0.08707407235855992,2.7063489678144444e-11,300000000000000.0,50,52000000000000.0
60.0,97899989000000.0,4.4340113e+34,0.14726611713151339,3.790289546778673e-11,0.020764566971608917,0.10398104969233275,2.682896201166656e-11,0.0952325689079283,2.4571306760307047e-11,300000000000000.0,50,52000000000000.0
70.0,97559036000000.0,4.3621812e+34,0.15877947914941803,3.490736364982533e-11,0.019248110121335423,0.11213016279998028,2.4705754760105825e-11,0.10269593861770776,2.262679259882065e-11,300000000000000.0,50,52000000000000.0
80.0,97223370000000.0,4.3051114e+34,0.16943867308025268,3.248568669795638e-11,0.018028853248403014,0.11967391903625207,2.298973563945164e-11,0.10960489869113653,2.105519226125569e-11,300000000000000.0,50,52000000000000.0
90.0,96893295000000.0,4.2571079e+34,0.17940003799474125,3.0472911952782934e-11,0.017020643286675328,0.12672323266986216,2.1563759579609187e-11,0.11606102760855426,1.9749222305866446e-11,300000000000000.0,50,52000000000000.0
100.0,96568932000000.0,4.2152371e+34,0.18877560517463726,2.8765092636253112e-11,0.01616910289188453,0.13335756010686758,2.0354034331427805e-11,0.12213709410598858,1.8641302183258222e-11,300000000000000.0,50,52000000000000.0
200.0,93622378000000.0,4.0158849e+34,0.2626793717276703,1.942772910399142e-11,0.011591494664043838,0.1856430327824895,1.3742983177605154e-11,0.17002296207717593,1.2586581069824368e-11,300000000000000.0,50,52000000000000.0
300.0,91144863000000.0,3.7375058e+34,0.3170053006575125,1.5257641795716985e-11,0.009591819703566077,0.22407048724261155,1.0791935388485856e-11,0.20521695629109785,9.883856670613206e-12,300000000000000.0,50,52000000000000.0
400.0,89023754000000.0,3.3661531e+34,0.3611667639445545,1.2775029046837625e-11,0.008410993321854555,0.2553055787472646,9.035426405068137e-12,0.2338238018318149,8.27515097438168e-12,300000000000000.0,50,52000000000000.0
500.0,87184204000000.0,3.0213455e+34,0.3988603969788896,1.1094634243420496e-11,0.00761075651777407,0.2819647752710355,7.846643129343492e-12,0.25823979414637527,7.186398187069071e-12,300000000000000.0,50,52000000000000.0
600.0,85553020000000.0,2.7272825e+34,0.4319978296826908,9.864057625664553e-12,0.007023038843849576,0.30540083356222175,6.9761455755017935e-12,0.27970385932702113,6.38914846382844e-12,300000000000000.0,50,52000000000000.0
700.0,84086584000000.0,2.4707936e+34,0.46171238622130917,8.915610437133279e-12,0.006568033782815498,0.32641564218631014,6.305258839980078e-12,0.29895041000866945,5.774713128914358e-12,300000000000000.0,50,52000000000000.0
800.0,82756154000000.0,2.2381863e+34,0.48874431884746233,8.157458131414205e-12,0.0062022951424099805,0.3455329227053408,5.768998692479651e-12,0.3164590988554228,5.283576173247623e-12,300000000000000.0,50,52000000000000.0
900.0,81540906000000.0,2.0249671e+34,0.5135956927713844,7.537033430455608e-12,0.005900252795900813,0.3631078598163126,5.330169907935095e-12,0.3325552234549251,4.881672216085182e-12,300000000000000.0,50,52000000000000.0
1000.0,80425220000000.0,1.8243505e+34,0.5366515456241778,7.017711317851599e-12,0.005645073615692053,0.3794128312208154,4.9628601354573544e-12,0.3474882423171521,4.5452693210971956e-12,300000000000000.0,50,52000000000000.0
2000.0,72596037000000.0,1.0533654e+34,0.7101732586326263,4.3219044030685486e-12,0.004257982080219753,0.5021226690026239,3.0562703934754195e-12,0.45987290059718183,2.7991068088269246e-12,300000000000000.0,50,52000000000000.0
3000.0,68002520000000.0,4.592468e+33,0.8287970975985783,3.2483200630100405e-12,0.0036450627057287924,0.5860077482253994,2.297036584186391e-12,0.5366996459907665,2.1037573557979727e-12,300000000000000.0,50,52000000000000.0
4000.0,64585228000000.0,2.9495221e+33,0.9215460605731938,2.635601473793776e-12,0.0032761455877688096,0.6515944991308958,1.863737411771775e-12,0.5967677415000806,1.7069172961429564e-12,300000000000000.0,50,52000000000000.0
5000.0,61873326000000.0,2.5112538e+33,0.9984676630874003,2.232751627624832e-12,0.0030223491560980777,0.7059886283425025,1.578856833273795e-12,0.6465849961791034,1.4460074149784449e-12,300000000000000.0,50,52000000000000.0
6000.0,59684163000000.0,2.32897e+33,1.0646203092507793,1.948005535246475e-12,0.0028334982655118363,0.7527673856281402,1.3774969835605388e-12,0.6894276587495272,1.2615905707032826e-12,300000000000000.0,50,52000000000000.0
7000.0,57894726000000.0,2.2287921e+33,1.1229741257170338,1.738039512801765e-12,0.002685469828698772,0.7940311732625069,1.2290193353370523e-12,0.7272193972274523,1.125606260309946e-12,300000000000000.0,50,52000000000000.0
8000.0,56403486000000.0,2.1663759e+33,1.1754616119028867,1.5758365542040959e-12,0.002564902740306829,0.831146590624189,1.1143179873442195e-12,0.7612118212335416,1.0205562119791223e-12,300000000000000.0,50,52000000000000.0
9000.0,55132665000000.0,2.1241421e+33,1.2233522014194045,1.446436399070564e-12,0.00246394274106368,0.8650113318854159,1.0228134277185744e-12,0.7922270903018678,9.36751106134557e-13,300000000000000.0,50,52000000000000.0
10000.0,54024365000000.0,2.0922261e+33,1.267510153141833,1.340683253449554e-12,0.002377657901080198,0.8962365641654342,9.48030965839489e-13,0.8208249461609037,8.68261052058e-13,300000000000000.0,50,52000000000000.0
11000.0,53032004000000.0,2.0650571e+33,1.308587507612539,1.251292563546457e-12,0.00230262386469787,0.9252833804821408,8.848192735273979e-13,0.8474276841228608,8.103681694217769e-13,300000000000000.0,50,52000000000000.0
12000.0,52123681000000.0,2.0402165e+33,1.3470402448725225,1.1741798059165414e-12,0.0022365347828385202,0.9524742282398523,8.302899414634979e-13,0.8723306199342077,7.604270881608371e-13,300000000000000.0,50,52000000000000.0
13000.0,51284109000000.0,2.0170188e+33,1.3832040065766005,1.1069964762074915e-12,0.00217775308128153,0.9780464568046626,7.827821927491202e-13,0.8957511317006024,7.169167740687636e-13,300000000000000.0,50,52000000000000.0
14000.0,50537197000000.0,1.9955143e+33,1.4173793764203386,1.0491416714971123e-12,0.002124973323073752,1.002212622926888,7.418710464858726e-13,0.9178838910400203,6.794480055880036e-13,300000000000000.0,50,52000000000000.0
15000.0,49868308000000.0,1.9769811e+33,1.4498419656721586,9.985967470436132e-13,0.002077142087801874,1.025167622973486,7.061290235299346e-13,0.9389073951874344,6.467134157565771e-13,300000000000000.0,50,52000000000000.0
16000.0,49243417000000.0,1.9592407e+33,1.4807878357852742,9.534192454662933e-13,0.0020335057249227183,1.0470501003304626,6.741825360607394e-13,0.9589486216817549,6.174549942988794e-13,300000000000000.0,50,52000000000000.0
17000.0,48679169000000.0,1.9404282e+33,1.5103799719859465,9.135056187715866e-13,0.0019934577585637918,1.0679753086186305,6.45958337200947e-13,0.9781131263785058,5.916056576367707e-13,300000000000000.0,50,52000000000000.0
18000.0,48187118000000.0,1.9200863e+33,1.5387938664911707,8.784118013989301e-13,0.001956442519986778,1.0880673448267209,6.211423975138175e-13,0.9965145643987174,5.688777997088707e-13,300000000000000.0,50,52000000000000.0
19000.0,47742695000000.0,1.8984701e+33,1.5661359396787853,8.473396479936597e-13,0.001922119717149484,1.107401462733364,5.991703183171355e-13,1.014221857457499,5.487545119206568e-13,300000000000000.0,50,52000000000000.0
20000.0,47338204000000.0,1.8795375e+33,1.5925461013111077,8.192611453111376e-13,0.0018900782088078036,1.1260765974023632,5.793151575476501e-13,1.03132561594685,5.305700191318865e-13,300000000000000.0,50,52000000000000.0
21000.0,46979991000000.0,1.8669204e+33,1.6181107210075663,7.941869244266672e-13,0.0018600600416151145,1.1441538238330533,5.615844237033734e-13,1.0478817758454158,5.143311980920926e-13,300000000000000.0,50,52000000000000.0
22000.0,46675418000000.0,1.8617e+33,1.6429219835874431,7.720552194307786e-13,0.0018318218689640667,1.1616983288747866,5.45934433016605e-13,1.0639500390005028,4.999980407358582e-13,300000000000000.0,50,52000000000000.0
23000.0,46412108000000.0,1.8574613e+33,1.6670695614496176,7.521039590118392e-13,0.0018051432780644844,1.178773522620518,5.318263041873202e-13,1.079588480004819,4.870770087129865e-13,300000000000000.0,50,52000000000000.0
24000.0,46102215000000.0,1.8501522e+33,1.690588742555207,7.318375166498275e-13,0.0017798966150933179,1.1954043586356358,5.17495330733814e-13,1.094819952760391,4.739518827068045e-13,300000000000000.0,50,52000000000000.0
25000.0,45781985000000.0,1.8389533e+33,1.7134726976422754,7.121089965166641e-13,0.0017560040587809025,1.2115860086015526,5.035447557302384e-13,1.1096400352132347,4.611751473065636e-13,300000000000000.0,50,52000000000000.0
26000.0,45468617000000.0,1.8204817e+33,1.7357563780816814,6.933937465370729e-13,0.0017333376003772724,1.2273431880928276,4.903107029015201e-13,1.1240713632997104,4.490546438968016e-13,300000000000000.0,50,52000000000000.0
27000.0,45174161000000.0,1.8016145e+33,1.7574656972825038,6.760962727757661e-13,0.001711810360978583,1.2426942214874026,4.780792029916656e-13,1.1381307195331747,4.3785233583682477e-13,300000000000000.0,50,52000000000000.0
28000.0,44979912000000.0,1.7870393e+33,1.7786566821176912,6.623681141625122e-13,0.001691313430135016,1.2576787268412375,4.683716427797312e-13,1.1518543883980552,4.289615963514659e-13,300000000000000.0,50,52000000000000.0
29000.0,44850336000000.0,1.7767017e+33,1.7994425365909335,6.507932917765432e-13,0.001671672959120581,1.2723767532252253,4.601867555356507e-13,1.1653156834192737,4.2146540799575524e-13,300000000000000.0,50,52000000000000.0
30000.0,44733918000000.0,1.7693719e+33,1.819876766597657,6.40100461600967e-13,0.001652801115317455,1.286826135898535,4.526255506176165e-13,1.178549256294453,4.1454042361951675e-13,300000000000000.0,50,52000000000000.0
31000.0,44615783000000.0,1.7625773e+33,1.8399794970150585,6.297309977165371e-13,0.0016346454527337467,1.3010411058075522,4.4529301327492655e-13,1.1915681405387604,4.078248660766893e-13,300000000000000.0,50,52000000000000.0
32000.0,44483698000000.0,1.753265e+33,1.8597571164952624,6.193403221158379e-13,0.00161716805900716,1.3150261807702852,4.379454860463237e-13,1.204376473827717,4.010955799007194e-13,300000000000000.0,50,52000000000000.0
33000.0,44335398000000.0,1.740356e+33,1.8792084590404743,6.089254504084908e-13,0.0016003388895352798,1.3287805365796403,4.3058085806251484e-13,1.2169735013040885,3.943506318388196e-13,300000000000000.0,50,52000000000000.0
34000.0,44193692000000.0,1.7256852e+33,1.8983376350830512,5.990691452249662e-13,0.0015841243459032864,1.3423070800686094,4.236112093719447e-13,1.2293618852110588,3.879674284235543e-13,300000000000000.0,50,52000000000000.0
35000.0,44093573000000.0,1.7099807e+33,1.9171698832184823,5.903974032386531e-13,0.0015684746889292724,1.3556236581135874,4.174791910712752e-13,1.2415579707400297,3.8235137490746393e-13,300000000000000.0,50,52000000000000.0
36000.0,44012356000000.0,1.6945244e+33,1.9357401125506426,5.825366371157286e-13,0.0015533383536445774,1.3687549557005518,4.1192063270280677e-13,1.2535843658153718,3.7726052884604224e-13,300000000000000.0,50,52000000000000.0
37000.0,43943589000000.0,1.6803437e+33,1.9540557741081568,5.752946055611071e-13,0.0015387069740103176,1.3817062415832049,4.067995970564031e-13,1.2654458958636705,3.7257039115130555e-13,300000000000000.0,50,52000000000000.0
38000.0,43881165000000.0,1.6672959e+33,1.972154533188225,5.683781901288973e-13,0.0015245069385111851,1.3945041498878537,4.0190881451943184e-13,1.2771669539430208,3.6809113243432346e-13,300000000000000.0,50,52000000000000.0
39000.0,43819803000000.0,1.6537734e+33,1.990044225585352,5.616979529582494e-13,0.001510718477375052,1.4071542215517048,3.971850418705587e-13,1.2887526147608606,3.6376483092888844e-13,300000000000000.0,50,52000000000000.0
40000.0,43767775000000.0,1.6400392e+33,2.0077142251157882,5.555172160182996e-13,0.0014973562953104862,1.4196489425712173,3.9281447802119214e-13,1.300195996562231,3.5976201827239536e-13,300000000000000.0,50,52000000000000.0
41000.0,43737895000000.0,1.6257067e+33,2.025209544171262,5.498776401532421e-13,0.0014843368566649624,1.4320201423597694,3.888265808854087e-13,1.3115262505468,3.5610967371553845e-13,300000000000000.0,50,52000000000000.0
42000.0,43722671000000.0,1.6110085e+33,2.0425157913315184,5.448610139658695e-13,0.0014716992773811945,1.4442576442489747,3.8527918461758135e-13,1.3227340563392864,3.5286076509156954e-13,300000000000000.0,50,52000000000000.0
43000.0,43713009000000.0,1.5962047e+33,2.0596821474164235,5.400539252913685e-13,0.0014593521574026928,1.4563962252584475,3.8187995833742734e-13,1.3338512647259566,3.497475590254162e-13,300000000000000.0,50,52000000000000.0
44000.0,43704262000000.0,1.5813936e+33,2.0766833691934936,5.354300641727137e-13,0.0014473464324110074,1.4684180352051308,3.7861029832627643e-13,1.3448615274870217,3.467530171633139e-13,300000000000000.0,50,52000000000000.0
45000.0,43697444000000.0,1.5662489e+33,2.093551005436733,5.309547343685808e-13,0.001435613842709607,1.480345383131299,3.7544566962273997e-13,1.3557852765207,3.438546689839248e-13,300000000000000.0,50,52000000000000.0
46000.0,43695384000000.0,1.5508408e+33,2.1102779725546625,5.266997642413812e-13,0.001424166508356877,1.492173260053833,3.724368631380227e-13,1.3666179243133445,3.4109903171544997e-13,300000000000000.0,50,52000000000000.0
47000.0,43700778000000.0,1.5351755e+33,2.1268676482289526,5.227405742963622e-13,0.0014129984914368825,1.5039040544120725,3.69637209641028e-13,1.3773616583345027,3.3853494873413806e-13,300000000000000.0,50,52000000000000.0
48000.0,43714017000000.0,1.5195064e+33,2.1433414312083343,5.19016921374785e-13,0.0014020697206525465,1.5155528978142436,3.6700410989086056e-13,1.3880303369775748,3.3612340521461997e-13,300000000000000.0,50,52000000000000.0
49000.0,43732799000000.0,1.5039367e+33,2.1597000229966623,5.155135894270793e-13,0.001391381781051436,1.527120286280724,3.6452680435569237e-13,1.3986244145265359,3.338545469609727e-13,300000000000000.0,50,52000000000000.0
50000.0,43754332000000.0,1.4885483e+33,2.175941282996397,5.121711462361253e-13,0.0013809418827470214,1.538604706104739,3.621632676940603e-13,1.4091425046421477,3.316898847560268e-13,300000000000000.0,50,52000000000000.0
51000.0,43776433000000.0,1.473355e+33,2.1920822602491987,5.08899845207855e-13,0.00137071380595165,1.5500182131474969,3.598500384895765e-13,1.419595648772388,3.2957129699757093e-13,300000000000000.0,50,52000000000000.0
52000.0,43796013000000.0,1.4583695e+33,2.208124177375519,5.056516098164118e-13,0.0013606921951204534,1.5613616719840493,3.575531211028448e-13,1.4299846387444908,3.2746764853021004e-13,300000000000000.0,50,52000000000000.0
53000.0,43811671000000.0,1.4436014e+33,2.224066943346319,5.023925966369997e-13,0.0013508725765342007,1.5726350182894586,3.552485843336859e-13,1.4403094156458252,3.253570217889513e-13,300000000000000.0,50,52000000000000.0
54000.0,43822818000000.0,1.4288834e+33,2.2399021608845633,4.990939587130704e-13,0.0013412651479295596,1.583832314182758,3.529160301859793e-13,1.4505645412247374,3.23220735119149e-13,300000000000000.0,50,52000000000000.0
55000.0,43830099000000.0,1.4141655e+33,2.2556313569814286,4.957789755472356e-13,0.0013318591719237893,1.5949546395155991,3.505719198060354e-13,1.4607510044709267,3.2107386458280814e-13,300000000000000.0,50,52000000000000.0
56000.0,43835261000000.0,1.3994697e+33,2.271258473184398,4.924936307586322e-13,0.0013226412858302198,1.606004781516983,3.482487686958191e-13,1.470871358088118,3.189461897414364e-13,300000000000000.0,50,52000000000000.0
57000.0,43840722000000.0,1.3848714e+33,2.2867840389748664,4.892649084454765e-13,0.0013136067701013188,1.6169831146325444,3.4596565761011884e-13,1.4809259450149326,3.1685518584452313e-13,300000000000000.0,50,52000000000000.0
58000.0,43845004000000.0,1.3704344e+33,2.3022093858469503,4.860687049400051e-13,0.0013047505074314596,1.6278905804211659,3.437055424669666e-13,1.490915627584822,3.1478524294478617e-13,300000000000000.0,50,52000000000000.0
59000.0,43845608000000.0,1.3560469e+33,2.317535139911511,4.828685318371157e-13,0.001296067868130326,1.6387276216552418,3.414426217853091e-13,1.5008408113139768,3.127127305666952e-13,300000000000000.0,50,52000000000000.0
60000.0,43842670000000.0,1.3418159e+33,2.3327608943485982,4.796514581557329e-13,0.0012875548699579206,1.6494939507077702,3.391677518576917e-13,1.5107012327769431,3.1062927437885354e-13,300000000000000.0,50,52000000000000.0
61000.0,43835897000000.0,1.3276721e+33,2.3478859276001467,4.764097473597823e-13,0.0012792077465848461,1.6601890573960545,3.368754620412998e-13,1.5204964247190027,3.085298640530484e-13,300000000000000.0,50,52000000000000.0
62000.0,43824298000000.0,1.3136555e+33,2.3629093403113686,4.731247676174216e-13,0.0012710228634073325,1.670812305814817,3.34552577493403e-13,1.5302258047414898,3.064024333130222e-13,300000000000000.0,50,52000000000000.0
63000.0,43806747000000.0,1.2997958e+33,2.3778297242225825,4.697757333463108e-13,0.0012629968932092108,1.6813627002053997,3.321844004333989e-13,1.539888460871381,3.04233521088666e-13,300000000000000.0,50,52000000000000.0
64000.0,43782590000000.0,1.2860522e+33,2.392645106212615,4.663506688262046e-13,0.0012551268334111377,1.6918388453882642,3.297624626525363e-13,1.549483115323109,3.0201537170894754e-13,300000000000000.0,50,52000000000000.0
65000.0,43751759000000.0,1.2724067e+33,2.4073532328048137,4.628526936096216e-13,0.0012474098439057264,1.7022391479409271,3.2728897000309247e-13,1.5590083087488504,2.9975000541996017e-13,300000000000000.0,50,52000000000000.0
66000.0,43715208000000.0,1.2589072e+33,2.4219520471207643,4.592962098195028e-13,0.0012398429975635258,1.7125621534579643,3.2477410638300936e-13,1.5684627091205774,2.974467492194831e-13,300000000000000.0,50,52000000000000.0
67000.0,43673425000000.0,1.245526e+33,2.436440044553765,4.556928161764567e-13,0.0012324231106697675,1.7228067980520523,3.2222607336514733e-13,1.5778453420691314,2.9511311457833337e-13,300000000000000.0,50,52000000000000.0
68000.0,43626462000000.0,1.2323474e+33,2.450816205312075,4.520512859373168e-13,0.001225146798899295,1.7329723606542367,3.196510745981358e-13,1.5871555471980747,2.927547831537676e-13,300000000000000.0,50,52000000000000.0
69000.0,43575126000000.0,1.2193481e+33,2.4650798986678466,4.4838585927120126e-13,0.001218010545701665,1.74305839530695,3.170591794494341e-13,1.5963929160737564,2.9038097705001915e-13,300000000000000.0,50,52000000000000.0
70000.0,43520537000000.0,1.2065701e+33,2.479231020283173,4.447105968811705e-13,0.0012110106500620645,1.753064828268795,3.1446033038102303e-13,1.6055573811594395,2.8800080214401655e-13,300000000000000.0,50,52000000000000.0
71000.0,43462023000000.0,1.1940137e+33,2.493270089243724,4.4102283689442573e-13,0.0012041431950131187,1.762992026628056,3.1185264511306995e-13,1.6146492786554902,2.8561253453609835e-13,300000000000000.0,50,52000000000000.0
72000.0,43399066000000.0,1.1816587e+33,2.507185994012164,4.373043175792335e-13,0.0011974174230289434,1.7728321332401105,3.092232106144797e-13,1.6236614125384632,2.8320434773170903e-13,300000000000000.0,50,52000000000000.0
73000.0,43331783000000.0,1.1695377e+33,2.520978394157933,4.335553754979009e-13,0.001190829173086268,1.7825849074254487,3.0657226483473143e-13,1.632593562380105,2.8077645965877255e-13,300000000000000.0,50,52000000000000.0
74000.0,43259682000000.0,1.1576328e+33,2.534656296117505,4.297745992436858e-13,0.0011843647406171802,1.7922567178403574,3.0389880964369634e-13,1.6414515609606908,2.783279561728814e-13,300000000000000.0,50,52000000000000.0
75000.0,43182410000000.0,1.1459846e+33,2.548220002321866,4.2596019770015436e-13,0.001178020598064685,1.8018477783714002,3.0120157849102017e-13,1.6502356041696769,2.758576772947101e-13,300000000000000.0,50,52000000000000.0
76000.0,43100028000000.0,1.134608e+33,2.5616699718300966,4.2211402341266015e-13,0.0011717932591114512,1.8113584136576812,2.984818813040475e-13,1.6589459893300513,2.7336682273094923e-13,300000000000000.0,50,52000000000000.0
77000.0,43012810000000.0,1.1234849e+33,2.5750068968285627,4.18240116906569e-13,0.0011656792515752732,1.8207891131842493,2.9574257515739583e-13,1.6675831647401749,2.708580091544777e-13,300000000000000.0,50,52000000000000.0
78000.0,42921314000000.0,1.1128272e+33,2.5882097017267918,4.143387626298886e-13,0.0011596959154220347,1.8301249740687544,2.9298386130755295e-13,1.6761334814860973,2.683314208870972e-13,300000000000000.0,50,52000000000000.0
79000.0,42826511000000.0,1.1025699e+33,2.6012807147544,4.104375459511739e-13,0.0011538368853284081,1.8393676426838594,2.9022524564163655e-13,1.6845984474101174,2.658049225389699e-13,300000000000000.0,50,52000000000000.0
80000.0,42729211000000.0,1.0925659e+33,2.6142380940217826,4.065521943966366e-13,0.0011480826194231984,1.8485299589620081,2.874778491321205e-13,1.6929898220582373,2.632886993349435e-13,300000000000000.0,50,52000000000000.0
81000.0,42629971000000.0,1.08286e+33,2.6270842905306235,4.0269056689352595e-13,0.0011424292422014962,1.8576136560638072,2.847472288853829e-13,1.7013091927582251,2.607878407918299e-13,300000000000000.0,50,52000000000000.0
82000.0,42529408000000.0,1.0733799e+33,2.639819040561423,3.988590047540425e-13,0.0011368755273824577,1.8666185475235233,2.8203786890293366e-13,1.7095563887340202,2.5830645361539916e-13,300000000000000.0,50,52000000000000.0
83000.0,42427592000000.0,1.0642274e+33,2.652398172053061,3.9506482705537357e-13,0.0011314578224132237,1.875513398580088,2.793549448279148e-13,1.717702803400931,2.5584927795557974e-13,300000000000000.0,50,52000000000000.0
84000.0,42323457000000.0,1.0553563e+33,2.6648710405864957,3.912875841821387e-13,0.0011261308918057576,1.8843331093896107,2.766839961793888e-13,1.7257804003223745,2.5340307007585583e-13,300000000000000.0,50,52000000000000.0
85000.0,42217149000000.0,1.0466851e+33,2.6772406465178817,3.8752684380845094e-13,0.0011208911132477985,1.893079801562879,2.7402471722597463e-13,1.7337911225910876,2.5096754997000177e-13,300000000000000.0,50,52000000000000.0
86000.0,42108798000000.0,1.0382901e+33,2.6894960717728487,3.837847331603881e-13,0.0011157463743647106,1.9017457547684047,2.7137861220170466e-13,1.7417278994848924,2.485440953016346e-13,300000000000000.0,50,52000000000000.0
87000.0,41998242000000.0,1.0301246e+33,2.701602962603078,3.8005841040074807e-13,0.0011107221970405644,1.9103066769568013,2.6874367176961795e-13,1.7495684829523401,2.461308658041732e-13,300000000000000.0,50,52000000000000.0
88000.0,41885390000000.0,1.0221917e+33,2.7136113637431656,3.7634671188676354e-13,0.0011057761769427692,1.9187979555614736,2.6611907281837783e-13,1.7573452828334513,2.4372710762608377e-13,300000000000000.0,50,52000000000000.0
89000.0,41770405000000.0,1.0144843e+33,2.725524720366195,3.7264935124321203e-13,0.0011009049963703033,1.9272220267235336,2.63504612824982e-13,1.7650605302858886,2.413326352852733e-13,300000000000000.0,50,52000000000000.0
90000.0,41653346000000.0,1.0070313e+33,2.7372870697560745,3.6897101645165875e-13,0.0010961502025765137,1.9355393183696243,2.609036069747368e-13,1.7726779829362735,2.389504850176294e-13,300000000000000.0,50,52000000000000.0
91000.0,41534559000000.0,9.998064e+32,2.7489413516383356,3.6531717635296914e-13,0.001091476562606277,1.9437801938558317,2.5831992211263263e-13,1.7802254492866654,2.365841983023845e-13,300000000000000.0,50,52000000000000.0
92000.0,41414432000000.0,9.92767e+32,2.760506497619753,3.616843293541301e-13,0.0010868693378966977,1.951958040011327,2.557510821269288e-13,1.7877151897626387,2.3423150737475325e-13,300000000000000.0,50,52000000000000.0
93000.0,41293329000000.0,9.8594762e+32,2.771932380183323,3.580867807761756e-13,0.0010823642265951653,1.9600374109347407,2.532072026889448e-13,1.7951147409756112,2.3190167674585395e-13,300000000000000.0,50,52000000000000.0
94000.0,41170118000000.0,9.7935081e+32,2.7832428657862245,3.54509083082902e-13,0.001077941782629566,1.968035182972388,2.5067736054160006e-13,1.8024395592509672,2.2958470227090896e-13,300000000000000.0,50,52000000000000.0
95000.0,41045273000000.0,9.7295055e+32,2.7944714292433965,3.5094744764802974e-13,0.00107357753315954,1.9759750266625997,2.4815887655242735e-13,1.8097113234247144,2.272781302473082e-13,300000000000000.0,50,52000000000000.0
96000.0,40919267000000.0,9.6673553e+32,2.8055570579221376,3.4742050164919916e-13,0.0010693131534597097,1.98381379909744,2.456649224547585e-13,1.816890520748326,2.2499402410291602e-13,300000000000000.0,50,52000000000000.0
97000.0,40792517000000.0,9.6071482e+32,2.8165362019501994,3.4392925012548624e-13,0.0010651214522227515,1.991577274708629,2.431962087499164e-13,1.8240007569239693,2.2273303455620633e-13,300000000000000.0,50,52000000000000.0
98000.0,40665283000000.0,9.5489374e+32,2.8274411655356717,3.404631084918341e-13,0.0010609802496517255,1.9992882962663416,2.407452508273415e-13,1.8310629526701727,2.2048830677207828e-13,300000000000000.0,50,52000000000000.0
99000.0,40537653000000.0,9.4923945e+32,2.8381837087571697,3.3705576891154206e-13,0.0010569475575195454,2.0068844680792797,2.3833587312278495e-13,1.8380199624355356,2.1828166053388158e-13,300000000000000.0,50,52000000000000.0
100000.0,40409823000000.0,9.4377677e+32,2.848847520383585,3.33692982063817e-13,0.0010529663869623036,2.0144249676748274,2.3595799944304945e-13,1.8449259843923682,2.1610386748725033e-13,300000000000000.0,50,52000000000000.0
101000.0,40284257000000.0,9.3846416e+32,2.8594188771216675,3.303825137028446e-13,0.001049045718436712,2.0219000911194587,2.33617121090206e-13,1.8517721311219941,2.1395995688135192e-13,300000000000000.0,50,52000000000000.0
102000.0,40159449000000.0,9.3325154e+32,2.8698481027792893,3.2713334769185303e-13,0.0010452165761998893,2.0292747116946352,2.3131959081857453e-13,1.8585262315616082,2.1185574693232488e-13,300000000000000.0,50,52000000000000.0
103000.0,40032389000000.0,9.281774e+32,2.8802175878922136,3.2388960213017745e-13,0.0010414255097258214,2.0366070889014236,2.2902589361910143e-13,1.8652416431024852,2.097550475298479e-13,300000000000000.0,50,52000000000000.0
104000.0,39900126000000.0,9.2324306e+32,2.8904519285128916,3.2062043354040884e-13,0.0010377198470534147,2.043843903569338,2.2671421999134085e-13,1.871869532991283,2.0763788428176369e-13,300000000000000.0,50,52000000000000.0
105000.0,39766279000000.0,9.1845635e+32,2.900596039650542,3.1738377389221196e-13,0.0010340693963149675,2.0510169157411022,2.244255340920776e-13,1.8784389888959914,2.0554177451268282e-13,300000000000000.0,50,52000000000000.0
106000.0,39633913000000.0,9.1377578e+32,2.910657990143662,3.1417671604935537e-13,0.0010304692201423017,2.058131831002296,2.2215778022662702e-13,1.8849552363190134,2.0346483549961746e-13,300000000000000.0,50,52000000000000.0
107000.0,39504232000000.0,9.0920164e+32,2.9205783093770226,3.110806390910964e-13,0.001026953960517534,2.065146596889039,2.1996850260459234e-13,1.8913797612027865,2.0145976952916784e-13,300000000000000.0,50,52000000000000.0
108000.0,39377249000000.0,9.0473842e+32,2.9304521434088864,3.080211317409928e-13,0.0010234664679256154,2.07212849246374,2.1780508389661596e-13,1.8977741815701483,1.9947838663466584e-13,300000000000000.0,50,52000000000000.0
109000.0,39252790000000.0,9.0038634e+32,2.940174901801671,3.0508134685076995e-13,0.0010200685905924203,2.079003560425675,2.1572632270435588e-13,1.904070763084675,1.975745379464072e-13,300000000000000.0,50,52000000000000.0
110000.0,39130287000000.0,8.9611366e+32,2.9498420021755245,3.0217812205331534e-13,0.0010167034013074069,2.085839271858438,2.136734137151022e-13,1.91033129963323,1.9569436618766994e-13,300000000000000.0,50,52000000000000.0
111000.0,39009423000000.0,8.918995e+32,2.9594020515413555,2.9934521587049083e-13,0.0010134010832595554,2.092599286092467,2.1167022809805297e-13,1.9165225083469906,1.9385973394364853e-13,300000000000000.0,50,52000000000000.0
112000.0,38889776000000.0,8.8775485e+32,2.968873111376483,2.96562348524925e-13,0.0010101503729925963,2.099296374646481,2.0970242573891277e-13,1.9226560861150466,1.9205750771551125e-13,300000000000000.0,50,52000000000000.0
113000.0,38771131000000.0,8.8368847e+32,2.978273816896886,2.9381904142961743e-13,0.001006940463368482,2.1059437147293982,2.0776259706210645e-13,1.9287441013808624,1.9028090138920376e-13,300000000000000.0,50,52000000000000.0
114000.0,38653380000000.0,8.7968922e+32,2.9875575598768913,2.911349275292949e-13,0.0010037974082586687,2.1125083490553256,2.0586462485527592e-13,1.934756369972321,1.8854262961738905e-13,300000000000000.0,50,52000000000000.0
115000.0,38536331000000.0,8.7573734e+32,2.996801451504773,2.8847098187128877e-13,0.0010006771317477247,2.1190448039638663,2.0398091394029134e-13,1.9407428302376117,1.8681741915413006e-13,300000000000000.0,50,52000000000000.0
116000.0,38419870000000.0,8.7182538e+32,3.005905479385053,2.8587090528501257e-13,0.0009976355677410995,2.12548235938203,2.0214236590599201e-13,1.9466387126789633,1.8513357144574472e-13,300000000000000.0,50,52000000000000.0
117000.0,38303863000000.0,8.679337e+32,3.014989759023677,2.8327967364777553e-13,0.0009946050729976064,2.1319059505599625,2.0031007228244777e-13,1.952521805868435,1.8345545188523085e-13,300000000000000.0,50,52000000000000.0
118000.0,38188234000000.0,8.6406578e+32,3.023925797211793,2.807508535910783e-13,0.00099165664300454,2.138224718277976,1.9852191093820027e-13,1.9583088957229453,1.8181775119571476e-13,300000000000000.0,50,52000000000000.0
119000.0,38072996000000.0,8.6021782e+32,3.0328422283086542,2.782303841357497e-13,0.000988718883108488,2.1445296215683634,1.9673965444201187e-13,1.9640832877396708,1.8018545850452094e-13,300000000000000.0,50,52000000000000.0
120000.0,37958204000000.0,8.5639391e+32,3.0416265443228228,2.757661820979596e-13,0.0009858530196875965,2.1507411045763396,1.9499718556549053e-13,1.969772120105187,1.7858960559607056e-13,300000000000000.0,50,52000000000000.0
121000.0,37844015000000.0,8.5258388e+32,3.05038144341267,2.733155001204165e-13,0.0009830028981729815,2.156931786499711,1.9326427693768194e-13,1.9754419016447096,1.770025085114228e-13,300000000000000.0,50,52000000000000.0
122000.0,37730508000000.0,8.4877883e+32,3.059015509437831,2.7092035319122047e-13,0.0009802174381694962,2.16303702581276,1.9157063802204727e-13,1.9810334299425096,1.754513768802801e-13,300000000000000.0,50,52000000000000.0
123000.0,37617786000000.0,8.4499193e+32,3.0676153071905903,2.6854201679790014e-13,0.0009774500294079185,2.169118033593704,1.898888860933714e-13,1.9866027656137866,1.7391113203323587e-13,300000000000000.0,50,52000000000000.0
124000.0,37505961000000.0,8.4122287e+32,3.076100958384134,2.662196757814772e-13,0.0009747427487767921,2.175118326888026,1.8824672935189559e-13,1.9920981783300973,1.7240715072849064e-13,300000000000000.0,50,52000000000000.0
125000.0,37395055000000.0,8.3747115e+32,3.0845523819323977,2.639146558454085e-13,0.0009720532340140665,2.181094417380932,1.866168206052336e-13,1.9975714247330874,1.7091438683955395e-13,300000000000000.0,50,52000000000000.0
126000.0,37285107000000.0,8.3373922e+32,3.0928917890969942,2.616663223908848e-13,0.0009694218613851245,2.186991299670437,1.8502699571695555e-13,2.0029721277216224,1.694583340460689e-13,300000000000000.0,50,52000000000000.0
127000.0,37176170000000.0,8.3002318e+32,3.1012017405019248,2.594328642147915e-13,0.0009668055639757395,2.1928673534214855,1.834476893577214e-13,2.008353754740327,1.680119147245023e-13,300000000000000.0,50,52000000000000.0
128000.0,37068158000000.0,8.2630857e+32,3.109397261222309,2.572571939997936e-13,0.0009642478312651836,2.1986624917950097,1.8190924571914283e-13,2.0136612748165956,1.6660291982514366e-13,300000000000000.0,50,52000000000000.0
129000.0,36961111000000.0,8.2262437e+32,3.1175726352297977,2.5509141656444235e-13,0.000961700268026063,2.2044433841756996,1.8037779741051925e-13,2.0189557475957534,1.6520033164999757e-13,300000000000000.0,50,52000000000000.0
130000.0,36854933000000.0,8.1893553e+32,3.1256266550408403,2.529852285187272e-13,0.0009592139608360404,2.2101384654852763,1.788884856355304e-13,2.0241716296755348,1.6383633452802649e-13,300000000000000.0,50,52000000000000.0
131000.0,36749643000000.0,8.1524759e+32,3.133674201873787,2.508820328085465e-13,0.0009567308759933624,2.215828969671497,1.7740128978523461e-13,2.0293833197632907,1.6247427529119376e-13,300000000000000.0,50,52000000000000.0
132000.0,36645067000000.0,8.1155861e+32,3.1415890117227954,2.4884019889936727e-13,0.0009543138696483142,2.2214256138846924,1.759574837715574e-13,2.0345090475057375,1.6115195495424428e-13,300000000000000.0,50,52000000000000.0
133000.0,36541197000000.0,8.0786784e+32,3.149503821571804,2.46798364990188e-13,0.0009518968633032661,2.2270222580978882,1.745136777578802e-13,2.039634775248184,1.598296346172948e-13,300000000000000.0,50,52000000000000.0
134000.0,36437987000000.0,8.0419583e+32,3.1572929282863273,2.4481038540144144e-13,0.0009495415431181502,2.232530016069802,1.7310795293859273e-13,2.044679095874018,1.585421912213072e-13,300000000000000.0,50,52000000000000.0
135000.0,36335272000000.0,8.0052978e+32,3.165070586626253,2.428273105784872e-13,0.000947191840981218,2.238029678754428,1.7170569635245858e-13,2.0497160023715595,1.5725792423207018e-13,300000000000000.0,50,52000000000000.0
136000.0,36232996000000.0,7.968745e+32,3.172746457604946,2.4088314236918153e-13,0.0009448913469183079,2.2434573663446082,1.7033095122747573e-13,2.05468698995044,1.5599885381610184e-13,300000000000000.0,50,52000000000000.0
137000.0,36131089000000.0,7.9323523e+32,3.1803887447424994,2.3895181105353565e-13,0.0009426070886249544,2.248861306387858,1.6896528326619608e-13,2.059636228164119,1.5474809678701842e-13,300000000000000.0,50,52000000000000.0
138000.0,36029531000000.0,7.8958824e+32,3.1879570608899357,2.370464698113824e-13,0.000940358024843159,2.2542129406405635,1.6761799328873117e-13,2.064537561735498,1.5351417136904625e-13,300000000000000.0,50,52000000000000.0
139000.0,35928206000000.0,7.8595186e+32,3.1954653646334625,2.351622142243705e-13,0.0009381375142447085,2.2595221393895133,1.6628561330484599e-13,2.069400030439201,1.5229390137792263e-13,300000000000000.0,50,52000000000000.0
140000.0,35827104000000.0,7.8231669e+32,3.202931624908692,2.3329189313786554e-13,0.0009359366785007873,2.2648016086919918,1.649630866234536e-13,2.074235271211067,1.5108265560606712e-13,300000000000000.0,50,52000000000000.0
141000.0,35726223000000.0,7.7868561e+32,3.210307084937515,2.3145166605004365e-13,0.000933778334057218,2.270016872038719,1.636618398775777e-13,2.079011708486932,1.4989089921903994e-13,300000000000000.0,50,52000000000000.0
142000.0,35625557000000.0,7.7505455e+32,3.2176766745635805,2.296133978916696e-13,0.0009316226906160857,2.275227984352927,1.623619783207386e-13,2.0837843440091834,1.4870041146754107e-13,300000000000000.0,50,52000000000000.0
143000.0,35525127000000.0,7.7143355e+32,3.2249202847467484,2.278171685593718e-13,0.0009295250109631846,2.280350015085191,1.610918430621409e-13,2.0884753935105023,1.4753714876408404e-13,300000000000000.0,50,52000000000000.0
144000.0,35424961000000.0,7.6780612e+32,3.232163894929916,2.2602093922707397e-13,0.0009274273313102837,2.285472045817455,1.598217078035432e-13,2.093166443011821,1.4637388606062703e-13,300000000000000.0,50,52000000000000.0
145000.0,35325089000000.0,7.6419573e+32,3.2393112948065563,2.2425763202989855e-13,0.0009253731848070118,2.290526045090505,1.5857485228013737e-13,2.097795185401649,1.4523194427324943e-13,300000000000000.0,50,52000000000000.0
146000.0,35225555000000.0,7.6059368e+32,3.2464241142495043,2.2250615788628796e-13,0.0009233346852260761,2.2955555921250226,1.5733636408626454e-13,2.10240153302926,1.440976657659441e-13,300000000000000.0,50,52000000000000.0
147000.0,35126349000000.0,7.5699748e+32,3.253486499804937,2.207726682797696e-13,0.0009213186366402418,2.3005494767579653,1.5611059302107916e-13,2.1069752189844975,1.4297503433416828e-13,300000000000000.0,50,52000000000000.0
148000.0,35027570000000.0,7.5341477e+32,3.260469712996108,2.1906741124448267e-13,0.0009193378321819131,2.305487377670693,1.549047856191055e-13,2.1114976318384553,1.418706867696857e-13,300000000000000.0,50,52000000000000.0
149000.0,34929257000000.0,7.4983611e+32,3.267452350047423,2.173623706482277e-13,0.0009173572801905999,2.3104248711881197,1.5369913126424215e-13,2.116019671576435,1.4076647937452132e-13,300000000000000.0,50,52000000000000.0
150000.0,34831396000000.0,7.4627807e+32,3.27430732454722,2.157052891695191e-13,0.000915432670490119,2.3152720930066826,1.525273894818441e-13,2.1204590353160593,1.3969333105750846e-13,300000000000000.0,50,52000000000000.0
151000.0,34733997000000.0,7.4272537e+32,3.281162299047017,2.1404820769081048e-13,0.0009135080607896381,2.3201193148252455,1.513556476994461e-13,2.1248983990556836,1.386201827404956e-13,300000000000000.0,50,52000000000000.0
152000.0,34637091000000.0,7.3919033e+32,3.2879436856042967,2.1241865552123237e-13,0.0009116152169491831,2.3249145017450803,1.5020337227780041e-13,2.129290106251149,1.3756486283272732e-13,300000000000000.0,50,52000000000000.0
153000.0,34540721000000.0,7.3565649e+32,3.294672017422526,2.1080895117267201e-13,0.0009097452753581553,2.3296721730356005,1.4906513152888294e-13,2.1336474544819817,1.3652239668289538e-13,300000000000000.0,50,52000000000000.0
154000.0,34444826000000.0,7.3214171e+32,3.301385568416014,2.0920474513896435e-13,0.0009078816202300758,2.334419392632282,1.479307787147386e-13,2.1379952304522476,1.3548349132663903e-13,300000000000000.0,50,52000000000000.0
155000.0,34349394000000.0,7.2863747e+32,3.3079888773945707,2.076415480014932e-13,0.0009060648523599372,2.339088658812393,1.4682542386050703e-13,2.1422716122134102,1.34471143964636e-13,300000000000000.0,50,52000000000000.0
156000.0,34254453000000.0,7.2513084e+32,3.3145921863731274,2.0607835086402203e-13,0.0009042480844897986,2.3437579249925036,1.4572006900627546e-13,2.146547993974573,1.33458796602633e-13,300000000000000.0,50,52000000000000.0
157000.0,34159906000000.0,7.2164203e+32,3.3211195732932928,2.0454183214178943e-13,0.000902463136637257,2.3483735058032047,1.4463357883132958e-13,2.150775207595846,1.3246372659550024e-13,300000000000000.0,50,52000000000000.0
158000.0,34065803000000.0,7.1816693e+32,3.327599496807536,2.0302199168775287e-13,0.0009006980813751387,2.352955524688236,1.435588820923035e-13,2.154971683280985,1.3147945769314323e-13,300000000000000.0,50,52000000000000.0
159000.0,33972043000000.0,7.1470445e+32,3.3340706774160154,2.0150511008518115e-13,0.0008989366357081593,2.3575313613636224,1.4248627759832834e-13,2.1591624969440106,1.3049710498876012e-13,300000000000000.0,50,52000000000000.0
160000.0,33878653000000.0,7.1124499e+32,3.3404286864600565,2.0002652900399966e-13,0.0008972219140411739,2.362027173118676,1.4144075593607944e-13,2.163280019195946,1.2953955629443217e-13,300000000000000.0,50,52000000000000.0
161000.0,33785608000000.0,7.0780136e+32,3.3467866955040977,1.9854794792281814e-13,0.0008955071923741885,2.3665229848737304,1.4039523427383053e-13,2.1673975414478814,1.2858200760010423e-13,300000000000000.0,50,52000000000000.0
162000.0,33692864000000.0,7.0437385e+32,3.3530860369778273,1.970881258119021e-13,0.0008938163269469266,2.3709773121160898,1.393629773415693e-13,2.1714770698041383,1.2763660750601243e-13,300000000000000.0,50,52000000000000.0
163000.0,33600449000000.0,7.009481e+32,3.3593235120666947,1.9564808549300337e-13,0.0008921506185067404,2.375387892927251,1.38344708390848e-13,2.17551653267004,1.2670401840739488e-13,300000000000000.0,50,52000000000000.0
164000.0,33508298000000.0,6.9753072e+32,3.365560987155562,1.942080451741046e-13,0.0008904849100665541,2.3797984737384126,1.373264394401267e-13,2.1795559955359414,1.2577142930877734e-13,300000000000000.0,50,52000000000000.0
165000.0,33416507000000.0,6.9412744e+32,3.3716958983965384,1.9280072572408822e-13,0.0008888602650551686,2.3841365304817383,1.363313078676801e-13,2.183529036701561,1.2486003074774925e-13,300000000000000.0,50,52000000000000.0
166000.0,33324970000000.0,6.9073228e+32,3.377814071980648,1.9139874607641927e-13,0.0008872423212898377,2.3884627518367965,1.3533995214321818e-13,2.187491238339894,1.2395209032479113e-13,300000000000000.0,50,52000000000000.0
167000.0,33233790000000.0,6.8734744e+32,3.3839098247816075,1.9000390852790958e-13,0.0008856332172815496,2.3927731192015633,1.3435364669456304e-13,2.1914389199847526,1.230487752339749e-13,300000000000000.0,50,52000000000000.0
168000.0,33142907000000.0,6.8397303e+32,3.389909960870323,1.8863952950689932e-13,0.0008840618117113489,2.3970158749036394,1.333888788864685e-13,2.195324678991646,1.221651855492467e-13,300000000000000.0,50,52000000000000.0
169000.0,33052370000000.0,6.8060987e+32,3.395910096959039,1.8727515048588906e-13,0.0008824904061411482,2.401258630605716,1.3242411107837398e-13,2.199210437998539,1.212815958645185e-13,300000000000000.0,50,52000000000000.0
170000.0,32962185000000.0,6.7725664e+32,3.401854575322617,1.859287836227167e-13,0.0008809406137953925,2.405462030102033,1.3147207990903704e-13,2.203060152335257,1.204096711238344e-13,300000000000000.0,50,52000000000000.0
171000.0,32872356000000.0,6.739161e+32,3.4077379712426117,1.846021844847294e-13,0.0008794145412218619,2.409622237512939,1.305340267637108e-13,2.2068703088832393,1.1955054825898547e-13,300000000000000.0,50,52000000000000.0
172000.0,32782900000000.0,6.7058669e+32,3.4136213671626066,1.8327558534674214e-13,0.0008778884686483315,2.4137824449238447,1.2959597361838456e-13,2.2106804654312215,1.186914253941365e-13,300000000000000.0,50,52000000000000.0
173000.0,32693828000000.0,6.6726984e+32,3.4194217711630333,1.819762804796408e-13,0.0008763941488379441,2.417883967816603,1.28677220612954e-13,2.2144368753321144,1.178499787040194e-13,300000000000000.0,50,52000000000000.0
174000.0,32605146000000.0,6.6396751e+32,3.425189813257594,1.8068761875261483e-13,0.0008749122107140773,2.421962607242369,1.277659935126206e-13,2.218172327241642,1.1701542466930436e-13,300000000000000.0,50,52000000000000.0
175000.0,32516855000000.0,6.6067127e+32,3.430957855352155,1.7939895702558888e-13,0.0008734302725902105,2.426041246668135,1.2685476641228718e-13,2.2219077791511688,1.1618087063458935e-13,300000000000000.0,50,52000000000000.0
176000.0,32428974000000.0,6.5739306e+32,3.4366214379043396,1.7814485091112022e-13,0.0008719877256441782,2.4300460215847703,1.2596797403687794e-13,2.2255755817073193,1.153686953219975e-13,300000000000000.0,50,52000000000000.0
177000.0,32341454000000.0,6.5412398e+32,3.4422756024192913,1.768938603190658e-13,0.0008705487301935001,2.434044136902088,1.2508338468805547e-13,2.2292372850205053,1.145585376674709e-13,300000000000000.0,50,52000000000000.0
178000.0,32254353000000.0,6.5087068e+32,3.4479219519840245,1.756453931603284e-13,0.0008691126400885568,2.438036726181265,1.2420057969172703e-13,2.232893927271059,1.137500142252701e-13,300000000000000.0,50,52000000000000.0
179000.0,32167597000000.0,6.4762421e+32,3.453463769791714,1.744306791172261e-13,0.000867715411510042,2.441955399893466,1.2334164196213342e-13,2.2364828734065116,1.129633497944533e-13,300000000000000.0,50,52000000000000.0
180000.0,32081233000000.0,6.4439518e+32,3.459005587599404,1.732159650741238e-13,0.0008663181829315272,2.4458740736056668,1.2248270423253978e-13,2.240071819541965,1.1217668536363651e-13,300000000000000.0,50,52000000000000.0
181000.0,31995199000000.0,6.4116728e+32,3.4645279481955944,1.7200730392933573e-13,0.0008649280856001046,2.4497789889084993,1.2162804658588419e-13,2.243648164937106,1.1139394087818753e-13,300000000000000.0,50,52000000000000.0
182000.0,31909513000000.0,6.3795263e+32,3.4699589028150455,1.7082707805557935e-13,0.0008635714894004269,2.453619270034608,1.2079349588834017e-13,2.2471653146465855,1.1062961148963534e-13,300000000000000.0,50,52000000000000.0
183000.0,31824165000000.0,6.3475306e+32,3.475389857434496,1.6964685218182295e-13,0.0008622148932007492,2.457459551160716,1.1995894519079618e-13,2.250682464356065,1.0986528210108315e-13,300000000000000.0,50,52000000000000.0
184000.0,31739094000000.0,6.3156128e+32,3.480795155050767,1.684743429973706e-13,0.0008608675662374927,2.461281689937654,1.1912985106413964e-13,2.254182998261749,1.0910595015302174e-13,300000000000000.0,50,52000000000000.0
185000.0,31654384000000.0,6.2838116e+32,3.4861166421071608,1.673270409677223e-13,0.0008595505179427405,2.4650445653458073,1.1831858124291266e-13,2.2576292553756683,1.0836294272589296e-13,300000000000000.0,50,52000000000000.0
186000.0,31569940000000.0,6.2521628e+32,3.4914381291635546,1.6617973893807402e-13,0.0008582334696479883,2.46880744075396,1.175073114216857e-13,2.261075512489587,1.076199352987642e-13,300000000000000.0,50,52000000000000.0
187000.0,31485780000000.0,6.2206017e+32,3.49673307581944,1.650402106174095e-13,0.0008569258718228523,2.4725515491544554,1.1670153849026916e-13,2.2645045817016403,1.068819622385092e-13,300000000000000.0,50,52000000000000.0
188000.0,31401945000000.0,6.189223e+32,3.50194641821384,1.639245842638771e-13,0.0008556473315318514,2.4762379542885777,1.159126669478617e-13,2.2678808029531714,1.06159468439415e-13,300000000000000.0,50,52000000000000.0
189000.0,31318360000000.0,6.1578818e+32,3.507159760608239,1.6280895791034472e-13,0.0008543687912408505,2.4799243594227005,1.1512379540545426e-13,2.271257024204703,1.0543697464032083e-13,300000000000000.0,50,52000000000000.0
190000.0,31235079000000.0,6.1266909e+32,3.5123508917383606,1.6169977144943714e-13,0.0008530980458443463,2.4835950587299975,1.143394775934364e-13,2.2746188611593228,1.0471865140862545e-13,300000000000000.0,50,52000000000000.0
191000.0,31152103000000.0,6.0956331e+32,3.5174573648001135,1.6061513059130444e-13,0.0008518570106301595,2.4872058953953275,1.1357251629088201e-13,2.2779258724733995,1.0401622426350814e-13,300000000000000.0,50,52000000000000.0
192000.0,31069377000000.0,6.0647107e+32,3.522563837861867,1.5953048973317173e-13,0.0008506159754159728,2.4908167320606576,1.1280555498832762e-13,2.2812328837874762,1.0331379711839083e-13,300000000000000.0,50,52000000000000.0
193000.0,30986970000000.0,6.0339151e+32,3.5276575503242973,1.5844957439270787e-13,0.0008493793543170661,2.494418545567949,1.1204122804635934e-13,2.284531631175955,1.0261378267175283e-13,300000000000000.0,50,52000000000000.0
194000.0,30904878000000.0,6.0032565e+32,3.5326584322895265,1.5739576135745594e-13,0.0008481748449165044,2.497954717624878,1.1129606548662976e-13,2.2877702603597396,1.0193132006525711e-13,300000000000000.0,50,52000000000000.0
195000.0,30823056000000.0,5.9727231e+32,3.5376593142547557,1.56341948322204e-13,0.0008469703355159427,2.5014908896818073,1.105509029269002e-13,2.2910088895435243,1.0124885745876139e-13,300000000000000.0,50,52000000000000.0
196000.0,30741582000000.0,5.9423058e+32,3.542660196219985,1.5528813528695208e-13,0.000845765826115381,2.505027061738737,1.0980574036717064e-13,2.294247518727309,1.0056639485226567e-13,300000000000000.0,50,52000000000000.0
197000.0,30660426000000.0,5.9119779e+32,3.547558523939867,1.5426477330260688e-13,0.0008445962928263295,2.5084907165830126,1.0908211012465723e-13,2.2974197324889594,9.990365277656065e-14,300000000000000.0,50,52000000000000.0
198000.0,30579554000000.0,5.8818413e+32,3.552455147299289,1.5324191738767857e-13,0.0008434273408091824,2.5119531662556303,1.0835883773012914e-13,2.3005908424852897,9.924123843855994e-14,300000000000000.0,50,52000000000000.0
199000.0,30499071000000.0,5.8517899e+32,3.5573517706587103,1.5221906147275025e-13,0.0008422583887920354,2.515415615928248,1.0763556533560105e-13,2.30376195248162,9.857882410055923e-14,300000000000000.0,50,52000000000000.0
200000.0,30418905000000.0,5.8218731e+32,3.5621665906247233,1.512204398578112e-13,0.0008411169527813269,2.5188202215434887,1.0692942931348897e-13,2.306880085572894,9.793210423504316e-14,300000000000000.0,50,52000000000000.0
201000.0,30339031000000.0,5.7921139e+32,3.5669603721497283,1.502280508925147e-13,0.0008399825934193256,2.5222099506513125,1.0622770047480947e-13,2.3099845939055204,9.728942072082934e-14,300000000000000.0,50,52000000000000.0
202000.0,30259515000000.0,5.7625036e+32,3.5717541536747333,1.4923566192721817e-13,0.0008388482340573244,2.5255996797591362,1.0552597163612998e-13,2.313089102238146,9.664673720661552e-14,300000000000000.0,50,52000000000000.0
203000.0,30180323000000.0,5.73304e+32,3.5764916219898244,1.482597590944346e-13,0.0008377325600393153,2.528949589194657,1.0483590034363545e-13,2.3161571414312414,9.601473034166459e-14,300000000000000.0,50,52000000000000.0
204000.0,30101415000000.0,5.703673e+32,3.5811840020363377,1.4729705620482034e-13,0.0008366318468059898,2.532267616233806,1.0415516289259915e-13,2.3191959808973017,9.5391271943942e-14,300000000000000.0,50,52000000000000.0
205000.0,30022870000000.0,5.6745327e+32,3.5858763820828514,1.4633435331520606e-13,0.0008355311335726644,2.5355856432729547,1.0347442544156286e-13,2.322234820363362,9.476781354621941e-14,300000000000000.0,50,52000000000000.0
206000.0,29944638000000.0,5.6454823e+32,3.5905425136272338,1.4537922405958977e-13,0.0008344390127775504,2.538885109717109,1.0279904339927367e-13,2.3252566609720824,9.414925993891916e-14,300000000000000.0,50,52000000000000.0
207000.0,29866678000000.0,5.6165735e+32,3.59513492552652,1.4444536556478223e-13,0.0008333710240830906,2.542132448216249,1.0213870217075008e-13,2.3282307598192395,9.354448157134115e-14,300000000000000.0,50,52000000000000.0
208000.0,29789063000000.0,5.5877421e+32,3.599727337425806,1.4351150706997466e-13,0.000832303035388631,2.54537978671539,1.0147836094222648e-13,2.3312048586663963,9.293970320376314e-14,300000000000000.0,50,52000000000000.0
209000.0,29711760000000.0,5.5591156e+32,3.604319749325092,1.425776485751671e-13,0.0008312350466941713,2.54862712521453,1.0081801971370289e-13,2.3341789575135534,9.233492483618513e-14,300000000000000.0,50,52000000000000.0
210000.0,29634730000000.0,5.5305666e+32,3.6088218664943548,1.4166959457451523e-13,0.0008301962208295394,2.5518106153541122,1.0017592515463546e-13,2.3370945803713306,9.17468578148101e-14,300000000000000.0,50,52000000000000.0
211000.0,29558018000000.0,5.5021872e+32,3.6133157282076067,1.4076389982413554e-13,0.0008291600612607004,2.554988267973348,9.953549884992795e-14,2.3400048568931933,9.116031867644025e-14,300000000000000.0,50,52000000000000.0
212000.0,29481622000000.0,5.4739022e+32,3.617809589920858,1.3985820507375585e-13,0.0008281239016918615,2.5581659205925837,9.889507254522046e-14,2.342915133415056,9.05737795380704e-14,300000000000000.0,50,52000000000000.0
213000.0,29405504000000.0,5.4458025e+32,3.6222533831775494,1.3896650303457164e-13,0.0008271036987082954,2.561308169278426,9.82645406548013e-14,2.3457929849842976,8.99963022716819e-14,300000000000000.0,50,52000000000000.0
214000.0,29329699000000.0,5.4178802e+32,3.626650112241964,1.3808795410006477e-13,0.0008260984948648854,2.564417138377817,9.764330948280887e-14,2.348640357199679,8.942734313656035e-14,300000000000000.0,50,52000000000000.0
215000.0,29254187000000.0,5.3900661e+32,3.631046841306379,1.3720940516555793e-13,0.0008250932910214755,2.5675261074772076,9.702207831081643e-14,2.35148772941506,8.88583840014388e-14,300000000000000.0,50,52000000000000.0
216000.0,29178935000000.0,5.3624496e+32,3.6354378840472394,1.3633243106118282e-13,0.0008240898753994646,2.570631055717535,9.640196072000217e-14,2.3543314190971136,8.829044474781685e-14,300000000000000.0,50,52000000000000.0
217000.0,29103976000000.0,5.3350521e+32,3.6397388592395252,1.35480401209108e-13,0.0008231147840042039,2.573672316249003,9.579948150764212e-14,2.357116779922883,8.773865973262954e-14,300000000000000.0,50,52000000000000.0
218000.0,29029314000000.0,5.3078104e+32,3.644039834431811,1.346283713570332e-13,0.0008221396926089432,2.5767135767804716,9.519700229528206e-14,2.3599021407486522,8.718687471744225e-14,300000000000000.0,50,52000000000000.0
219000.0,28954922000000.0,5.2807328e+32,3.648340809624097,1.3377634150495838e-13,0.0008211646012136826,2.5797548373119397,9.459452308292201e-14,2.3626875015744218,8.663508970225494e-14,300000000000000.0,50,52000000000000.0
220000.0,28880810000000.0,5.2539326e+32,3.65259015363305,1.3293801913330058e-13,0.0008202055337964381,2.582759588894113,9.400173659344843e-14,2.3654394254106186,8.609218183850206e-14,300000000000000.0,50,52000000000000.0
221000.0,28806976000000.0,5.2273072e+32,3.6567967548592097,1.3211104447479376e-13,0.0008192597318007397,2.585734116607898,9.341697420728355e-14,2.3681636684947907,8.555662290868974e-14,300000000000000.0,50,52000000000000.0
222000.0,28733380000000.0,5.2009052e+32,3.6610033560853696,1.3128406981628695e-13,0.0008183139298050413,2.588708644321683,9.283221182111867e-14,2.3708879115789627,8.502106397887742e-14,300000000000000.0,50,52000000000000.0
223000.0,28659961000000.0,5.1745968e+32,3.665209957311529,1.3045709515778014e-13,0.000817368127809343,2.5916831720354687,9.224744943495379e-14,2.373612154663135,8.44855050490651e-14,300000000000000.0,50,52000000000000.0
224000.0,28586628000000.0,5.1484316e+32,3.669325548565109,1.2964777181264817e-13,0.0008164501966421023,2.5945933456506327,9.16751685164176e-14,2.3762774585730337,8.396137736299404e-14,300000000000000.0,50,52000000000000.0
225000.0,28513158000000.0,5.1225975e+32,3.6734390611686814,1.2883885162006792e-13,0.0008155329020391428,2.597502049430747,9.110317267216553e-14,2.378941416323698,8.343751076429852e-14,300000000000000.0,50,52000000000000.0
226000.0,28439607000000.0,5.0970276e+32,3.6775525737722536,1.280299314274877e-13,0.0008146156074361834,2.6004107532108613,9.053117682791345e-14,2.381605374074362,8.291364416560299e-14,300000000000000.0,50,52000000000000.0
227000.0,28365972000000.0,5.0715419e+32,3.681633680527347,1.2722560152545003e-13,0.0008137080854702205,2.6032965424799657,8.996242684095685e-14,2.3842483454016734,8.239275030912069e-14,300000000000000.0,50,52000000000000.0
228000.0,28292225000000.0,5.0462954e+32,3.6856546557749623,1.2642978925535382e-13,0.0008128186973727492,2.6061398121374917,8.93996997881742e-14,2.3868523748301596,8.187737260108131e-14,300000000000000.0,50,52000000000000.0
229000.0,28218419000000.0,5.0213836e+32,3.6896756310225776,1.2563397698525762e-13,0.0008119293092752777,2.6089830817950177,8.883697273539155e-14,2.3894564042586453,8.136199489304193e-14,300000000000000.0,50,52000000000000.0
230000.0,28144548000000.0,4.9967105e+32,3.6936966062701924,1.248381647151614e-13,0.0008110399211778063,2.6118263514525433,8.82742456826089e-14,2.392060433687131,8.084661718500256e-14,300000000000000.0,50,52000000000000.0
231000.0,28070613000000.0,4.9723965e+32,3.6976561757499677,1.2405309572375087e-13,0.0008101687424055143,2.614626200459171,8.771911533897824e-14,2.3946246959932957,8.033819697879817e-14,300000000000000.0,50,52000000000000.0
232000.0,27996742000000.0,4.9482108e+32,3.701584632398564,1.232734700942233e-13,0.0008093067898619648,2.617404049262421,8.716783406584493e-14,2.3971688092514674,7.983330197206012e-14,300000000000000.0,50,52000000000000.0
233000.0,27922996000000.0,4.9240782e+32,3.7055130890471606,1.2249384446469575e-13,0.0008084448373184152,2.6201818980656704,8.661655279271161e-14,2.399712922509639,7.932840696532206e-14,300000000000000.0,50,52000000000000.0
234000.0,27849418000000.0,4.8999615e+32,3.709441545695757,1.2171421883516818e-13,0.0008075828847748656,2.62295974686892,8.606527151957828e-14,2.4022570357678106,7.8823511958584e-14,300000000000000.0,50,52000000000000.0
235000.0,27776101000000.0,4.8759684e+32,3.7132855114612835,1.209546868448122e-13,0.000806745596925835,2.625677851302792,8.552819869474681e-14,2.4047464317060774,7.833162986357601e-14,300000000000000.0,50,52000000000000.0
236000.0,27702978000000.0,4.852061e+32,3.7171218571026023,1.2019696707396103e-13,0.000805910533553919,2.6283905674687364,8.499240731161566e-14,2.4072308927595514,7.78409213863607e-14,300000000000000.0,50,52000000000000.0
237000.0,27630046000000.0,4.8283531e+32,3.720958202743921,1.1943924730310985e-13,0.000805075470182003,2.631103283634681,8.44566159284845e-14,2.4097153538130254,7.735021290914539e-14,300000000000000.0,50,52000000000000.0
238000.0,27557335000000.0,4.8047952e+32,3.724784550169378,1.1868394907465933e-13,0.0008042432858814755,2.6338089299601495,8.392253684607611e-14,2.412193339901124,7.686107265512409e-14,300000000000000.0,50,52000000000000.0
239000.0,27484817000000.0,4.7813314e+32,3.728529916833507,1.1794826418021807e-13,0.000803434420680694,2.6364573139628065,8.340232657967173e-14,2.4146188818699006,7.638463425810815e-14,300000000000000.0,50,52000000000000.0
240000.0,27412531000000.0,4.7580891e+32,3.7322752834976356,1.172125792857768e-13,0.0008026255554799125,2.639105697965464,8.288211631326734e-14,2.4170444238386772,7.590819586109222e-14,300000000000000.0,50,52000000000000.0
241000.0,27340473000000.0,4.7349954e+32,3.7360206501617643,1.1647689439133553e-13,0.0008018166902791308,2.641754081968121,8.236190604686296e-14,2.419469965807454,7.543175746407629e-14,300000000000000.0,50,52000000000000.0
242000.0,27268620000000.0,4.7121704e+32,3.73974441887203,1.1574672638461658e-13,0.0008010139619053681,2.644387193838079,8.184559683460135e-14,2.421881520681219,7.495889187615463e-14,300000000000000.0,50,52000000000000.0
243000.0,27197053000000.0,4.6894893e+32,3.743400015525502,1.150339719526058e-13,0.0008002306038906087,2.646972100553773,8.134160095934704e-14,2.4242489265100526,7.44973035483863e-14,300000000000000.0,50,52000000000000.0
244000.0,27125742000000.0,4.6669679e+32,3.747055612178974,1.1432121752059505e-13,0.0007994472458758492,2.6495570072694674,8.083760508409272e-14,2.426616332338886,7.403571522061797e-14,300000000000000.0,50,52000000000000.0
245000.0,27054697000000.0,4.6445022e+32,3.750711208832446,1.1360846308858427e-13,0.0007986638878610898,2.652141913985161,8.033360920883839e-14,2.4289837381677195,7.357412689284963e-14,300000000000000.0,50,52000000000000.0
246000.0,26983984000000.0,4.6221061e+32,3.7543395511541857,1.1290321225147469e-13,0.0007978881756931789,2.654707548886947,7.983491920925023e-14,2.431333493764097,7.311739799029357e-14,300000000000000.0,50,52000000000000.0
247000.0,26913571000000.0,4.5997945e+32,3.7579067612192034,1.1221479219540721e-13,0.0007971296133815548,2.6572299565510633,7.934813044270432e-14,2.433643659377045,7.267156891946021e-14,300000000000000.0,50,52000000000000.0
248000.0,26843494000000.0,4.5775749e+32,3.761473971284221,1.1152637213933972e-13,0.0007963710510699307,2.6597523642151795,7.886134167615841e-14,2.435953824989993,7.222573984862684e-14,300000000000000.0,50,52000000000000.0
249000.0,26773748000000.0,4.555481e+32,3.765041181349239,1.1083795208327225e-13,0.0007956124887583064,2.662274771879295,7.83745529096125e-14,2.4382639906029406,7.177991077779348e-14,300000000000000.0,50,52000000000000.0
250000.0,26704296000000.0,4.5335341e+32,3.7685813094475615,1.10157113727114e-13,0.000794861433720796,2.6647780296115537,7.789312524680076e-14,2.4405566176100018,7.133899171320711e-14,300000000000000.0,50,52000000000000.0
251000.0,26635193000000.0,4.5117174e+32,3.772061762025111,1.0949298176069208e-13,0.0007941269210746624,2.6672390901810568,7.742351085666823e-14,2.4428105980353085,7.090889192120498e-14,300000000000000.0,50,52000000000000.0
252000.0,26566395000000.0,4.4900327e+32,3.7755422146026603,1.0882884979427016e-13,0.0007933924084285289,2.6697001507505593,7.695389646653569e-14,2.4450645784606158,7.047879212920285e-14,300000000000000.0,50,52000000000000.0
253000.0,26497904000000.0,4.4684319e+32,3.77902266718021,1.0816471782784822e-13,0.0007926578957823954,2.672161211320062,7.648428207640315e-14,2.447318558885923,7.004869233720072e-14,300000000000000.0,50,52000000000000.0
254000.0,26429749000000.0,4.4469318e+32,3.7824817734455953,1.0750642154994919e-13,0.000791929232366394,2.674607177697634,7.601879416583631e-14,2.4495587151845712,6.962237181182998e-14,300000000000000.0,50,52000000000000.0
255000.0,26361878000000.0,4.4255414e+32,3.7858771680864938,1.0686554285654612e-13,0.0007912180269520771,2.677008092945023,7.556562242091543e-14,2.4517576110744077,6.920733113726462e-14,300000000000000.0,50,52000000000000.0
256000.0,26294323000000.0,4.4043193e+32,3.789272562727392,1.0622466416314303e-13,0.0007905068215377602,2.6794090081924122,7.511245067599457e-14,2.4539565069642437,6.879229046269926e-14,300000000000000.0,50,52000000000000.0
257000.0,26227049000000.0,4.3832301e+32,3.7926679573682907,1.0558378546973995e-13,0.0007897956161234433,2.6818099234398014,7.465927893107369e-14,2.4561554028540797,6.837724978813391e-14,300000000000000.0,50,52000000000000.0
258000.0,26160034000000.0,4.3622634e+32,3.7960530326563684,1.0494560345164079e-13,0.0007890872059380931,2.6842035417694237,7.420801403492196e-14,2.458347615808128,6.796395551502522e-14,300000000000000.0,50,52000000000000.0
259000.0,26093318000000.0,4.3414399e+32,3.799365012461482,1.0432652290115839e-13,0.0007883985953094457,2.6865454735507157,7.377025599662614e-14,2.460492491256858,6.756303159693185e-14,300000000000000.0,50,52000000000000.0
260000.0,26026845000000.0,4.320712e+32,3.8026769922665955,1.0370744235067599e-13,0.0007877099846807982,2.6888874053320073,7.333249795833032e-14,2.4626373667055885,6.716210767883848e-14,300000000000000.0,50,52000000000000.0
261000.0,25960635000000.0,4.3001331e+32,3.805988972071709,1.0308836180019358e-13,0.0007870213740521506,2.6912293371132994,7.289473992003448e-14,2.464782242154319,6.676118376074511e-14,300000000000000.0,50,52000000000000.0
262000.0,25894687000000.0,4.2796557e+32,3.809300951876823,1.0246928124971118e-13,0.0007863327634235032,2.693571268894591,7.245698188173866e-14,2.4669271176030496,6.636025984265174e-14,300000000000000.0,50,52000000000000.0
263000.0,25828981000000.0,4.2592532e+32,3.81253683043826,1.0186960040721465e-13,0.0007856645272004826,2.695859388726666,7.203294158960623e-14,2.4690227089824246,6.597189942318224e-14,300000000000000.0,50,52000000000000.0
264000.0,25763556000000.0,4.2389319e+32,3.8157669219852917,1.0127139478882949e-13,0.000784997840321115,2.698143416503076,7.160994444461336e-14,2.471114552622531,6.558449437768571e-14,300000000000000.0,50,52000000000000.0
265000.0,25698377000000.0,4.2186835e+32,3.818997013532323,1.0067318917044432e-13,0.0007843311534417475,2.7004274442794856,7.11869472996205e-14,2.4732063962626367,6.519708933218918e-14,300000000000000.0,50,52000000000000.0
266000.0,25633453000000.0,4.1985506e+32,3.8222271050793544,1.0007498355205915e-13,0.0007836644665623798,2.7027114720558956,7.076395015462763e-14,2.475298239902743,6.480968428669265e-14,300000000000000.0,50,52000000000000.0
267000.0,25568786000000.0,4.1784915e+32,3.825403582365336,9.949002380135978e-14,0.0007830119673760357,2.7049575886548474,7.035031930751335e-14,2.4773553623122173,6.443085743393442e-14,300000000000000.0,50,52000000000000.0
268000.0,25504349000000.0,4.1585747e+32,3.828553259856465,9.891168517216201e-14,0.0007823665600949986,2.7071847548521966,6.9941370327812e-14,2.479395128857044,6.405631850385003e-14,300000000000000.0,50,52000000000000.0
269000.0,25440136000000.0,4.138771e+32,3.8317029373475937,9.833334654296424e-14,0.0007817211528139615,2.7094119210495458,6.953242134811067e-14,2.4814348954018706,6.368177957376562e-14,300000000000000.0,50,52000000000000.0
270000.0,25376142000000.0,4.1190762e+32,3.8348526148387228,9.775500791376647e-14,0.0007810757455329245,2.7116390872468954,6.912347236840932e-14,2.4834746619466967,6.330724064368123e-14,300000000000000.0,50,52000000000000.0
271000.0,25312361000000.0,4.0994998e+32,3.837975841027921,9.718283546429212e-14,0.0007804372566418171,2.71384754946635,6.871888356192813e-14,2.485497298315837,6.293669501027996e-14,300000000000000.0,50,52000000000000.0
272000.0,25248786000000.0,4.0800504e+32,3.8410465105882,9.662291472251931e-14,0.0007798125140401442,2.716018848372327,6.832295807215476e-14,2.4874858983910646,6.257408373914537e-14,300000000000000.0,50,52000000000000.0
273000.0,25185414000000.0,4.0607206e+32,3.8441171801484795,9.606299398074649e-14,0.0007791877714384712,2.718190147278304,6.792703258238138e-14,2.4894744984662927,6.221147246801079e-14,300000000000000.0,50,52000000000000.0
274000.0,25122237000000.0,4.0415143e+32,3.847187849708759,9.550307323897368e-14,0.0007785630288367983,2.720361446184281,6.753110709260802e-14,2.4914630985415203,6.184886119687619e-14,300000000000000.0,50,52000000000000.0
275000.0,25059254000000.0,4.0224401e+32,3.850258519269038,9.494315249720086e-14,0.0007779382862351254,2.7225327450902586,6.713518160283464e-14,2.493451698616748,6.14862499257416e-14,300000000000000.0,50,52000000000000.0
276000.0,24996470000000.0,4.0034627e+32,3.8532567078677555,9.439976364492828e-14,0.000777332276857922,2.7246527919920416,6.675094599248994e-14,2.4953933591670676,6.11343449165838e-14,300000000000000.0,50,52000000000000.0
277000.0,24933882000000.0,3.9846086e+32,3.856249641453093,9.385757338741289e-14,0.0007767276256766245,2.7267691230219326,6.636755792157474e-14,2.497331616508791,6.078321613264056e-14,300000000000000.0,50,52000000000000.0
278000.0,24871489000000.0,3.9659031e+32,3.8592425750384303,9.331538312989749e-14,0.000776122974495327,2.7288854540518233,6.598416985065954e-14,2.4992698738505146,6.043208734869732e-14,300000000000000.0,50,52000000000000.0
279000.0,24809290000000.0,3.9473155e+32,3.862235508623767,9.27731928723821e-14,0.0007755183233140293,2.7310017850817143,6.560078177974433e-14,2.501208131192238,6.008095856475408e-14,300000000000000.0,50,52000000000000.0
280000.0,24747279000000.0,3.9288603e+32,3.8651933751853345,9.223880306345015e-14,0.0007749226285936621,2.7330933198737357,6.522290949083632e-14,2.5031236787171727,5.973488145029535e-14,300000000000000.0,50,52000000000000.0
281000.0,24685455000000.0,3.9105209e+32,3.868109810043274,9.171362948786592e-14,0.0007743375159357262,2.735155557900076,6.485155410073608e-14,2.505012394583829,5.939477288549971e-14,300000000000000.0,50,52000000000000.0
282000.0,24623814000000.0,3.8922995e+32,3.871026244901213,9.11884559122817e-14,0.0007737524032777903,2.737217795926417,6.448019871063583e-14,2.5069011104504852,5.905466432070406e-14,300000000000000.0,50,52000000000000.0
283000.0,24562355000000.0,3.8741821e+32,3.873942679759152,9.066328233669748e-14,0.0007731672906198544,2.739280033952758,6.410884332053558e-14,2.508789826317141,5.871455575590842e-14,300000000000000.0,50,52000000000000.0
284000.0,24501080000000.0,3.856168e+32,3.8768591146170914,9.013810876111325e-14,0.0007725821779619186,2.7413422719790983,6.373748793043533e-14,2.5106785421837974,5.837444719111278e-14,300000000000000.0,50,52000000000000.0
285000.0,24439988000000.0,3.8382217e+32,3.8797069009120984,8.962803741997614e-14,0.0007720143924479353,2.7433559679327746,6.337681149362184e-14,2.512522800436248,5.804411902416306e-14,300000000000000.0,50,52000000000000.0
286000.0,24379081000000.0,3.8203796e+32,3.8825480327534523,8.911943001508024e-14,0.0007714482865419648,2.7453649584569564,6.30171702219549e-14,2.514362749186495,5.77147389208201e-14,300000000000000.0,50,52000000000000.0
287000.0,24318351000000.0,3.8026385e+32,3.885389164594806,8.861082261018434e-14,0.0007708821806359943,2.747373948981138,6.265752895028795e-14,2.516202697936742,5.738535881747713e-14,300000000000000.0,50,52000000000000.0
288000.0,24257791000000.0,3.7850766e+32,3.88823029643616,8.810221520528845e-14,0.0007703160747300239,2.74938293950532,6.229788767862101e-14,2.5180426466869887,5.705597871413417e-14,300000000000000.0,50,52000000000000.0
289000.0,24197396000000.0,3.7676491e+32,3.891049867955025,8.759821235010034e-14,0.0007697553472974806,2.751376684514547,6.194150233371171e-14,2.5198686327202533,5.6729580575240024e-14,300000000000000.0,50,52000000000000.0
290000.0,24137168000000.0,3.750304e+32,3.893816885977173,8.710543312981242e-14,0.0007692077299464652,2.753333268432119,6.159305334208525e-14,2.5216605844944553,5.641045100382431e-14,300000000000000.0,50,52000000000000.0
291000.0,24077109000000.0,3.7330673e+32,3.8965839039993218,8.661265390952449e-14,0.0007686601125954498,2.7552898523496907,6.124460435045878e-14,2.523452536268657,5.60913214324086e-14,300000000000000.0,50,52000000000000.0
292000.0,24017218000000.0,3.7159219e+32,3.89935092202147,8.611987468923657e-14,0.0007681124952444344,2.7572464362672626,6.089615535883233e-14,2.525244488042859,5.577219186099289e-14,300000000000000.0,50,52000000000000.0
293000.0,23957499000000.0,3.6988398e+32,3.902117940043618,8.562709546894866e-14,0.000767564877893419,2.7592030201848345,6.054770636720587e-14,2.5270364398170604,5.545306228957718e-14,300000000000000.0,50,52000000000000.0
294000.0,23897960000000.0,3.6818682e+32,3.90484153563837,8.51438081122004e-14,0.0007670279664542446,2.7611288996805934,6.020596917361175e-14,2.5288002707207498,5.514007976771792e-14,300000000000000.0,50,52000000000000.0
295000.0,23838604000000.0,3.6650108e+32,3.9075355783573418,8.466698082415228e-14,0.0007664983413530691,2.763033882049726,5.986879996355522e-14,2.530544962837345,5.4831280867154064e-14,300000000000000.0,50,52000000000000.0
296000.0,23779441000000.0,3.6482333e+32,3.9102296210763137,8.419015353610414e-14,0.0007659687162518936,2.764938864418859,5.953163075349869e-14,2.5322896549539395,5.4522481966590206e-14,300000000000000.0,50,52000000000000.0
297000.0,23720476000000.0,3.631509e+32,3.912923663795285,8.3713326248056e-14,0.0007654390911507182,2.7668438467879923,5.919446154344216e-14,2.534034347070534,5.4213683066026354e-14,300000000000000.0,50,52000000000000.0
298000.0,23661712000000.0,3.6147809e+32,3.915617706514257,8.323649896000786e-14,0.0007649094660495427,2.768748829157125,5.885729233338563e-14,2.5357790391871293,5.3904884165462496e-14,300000000000000.0,50,52000000000000.0
299000.0,23603154000000.0,3.5980595e+32,3.9182527059356245,8.277304499702454e-14,0.0007643942333518317,2.770612061436631,5.852957954261858e-14,2.5374854941771106,5.3604745996010476e-14,300000000000000.0,50,52000000000000.0
300000.0,23544790000000.0,3.5814929e+32,3.9208749871343853,8.231247171537284e-14,0.0007638821008500537,2.7724663005373134,5.820390371202255e-14,2.5391837126981303,5.3306473391502926e-14,300000000000000.0,50,52000000000000.0
301000.0,23486616000000.0,3.5650041e+32,3.9234972683331457,8.185189843372113e-14,0.0007633699683482757,2.7743205396379955,5.787822788142654e-14,2.5408819312191495,5.300820078699538e-14,300000000000000.0,50,52000000000000.0
302000.0,23428658000000.0,3.5484645e+32,3.9261195495319066,8.139132515206943e-14,0.0007628578358464976,2.7761747787386777,5.755255205083051e-14,2.542580149740169,5.270992818248782e-14,300000000000000.0,50,52000000000000.0
303000.0,23370911000000.0,3.5320531e+32,3.928741830730667,8.093075187041772e-14,0.0007623457033447196,2.77802901783936,5.722687622023448e-14,2.544278368261189,5.241165557798027e-14,300000000000000.0,50,52000000000000.0
304000.0,23313366000000.0,3.5157698e+32,3.931295578765721,8.048578644382639e-14,0.0007618500944507952,2.779834796475871,5.691223686751855e-14,2.545932203909714,5.212349081286216e-14,300000000000000.0,50,52000000000000.0
305000.0,23256020000000.0,3.4996012e+32,3.933847417218629,8.004125590860376e-14,0.0007613549459644288,2.7816392248283424,5.659790503104699e-14,2.547584802890671,5.1835607688756834e-14,300000000000000.0,50,52000000000000.0
306000.0,23198872000000.0,3.4835298e+32,3.936399255671537,7.959672537338112e-14,0.0007608597974780624,2.7834436531808135,5.628357319457543e-14,2.5492374018716277,5.154772456465151e-14,300000000000000.0,50,52000000000000.0
307000.0,23141919000000.0,3.4675301e+32,3.938951094124445,7.915219483815848e-14,0.000760364648991696,2.7852480815332843,5.596924135810386e-14,2.5508900008525845,5.125984144054618e-14,300000000000000.0,50,52000000000000.0
308000.0,23085162000000.0,3.4515964e+32,3.941499883507602,7.870833618847363e-14,0.0007598702278116294,2.787050353859075,5.565538461892313e-14,2.55254062522065,5.097239343778688e-14,300000000000000.0,50,52000000000000.0
309000.0,23028604000000.0,3.4357136e+32,3.9439826270368465,7.827903124129638e-14,0.0007593915608023603,2.7888059245234347,5.5351818954998754e-14,2.5541484775286385,5.0694370591946076e-14,300000000000000.0,50,52000000000000.0
310000.0,22972242000000.0,3.4200001e+32,3.946465370566091,7.784972629411913e-14,0.0007589128937930912,2.790561495187794,5.504825329107438e-14,2.555756329836627,5.041634774610527e-14,300000000000000.0,50,52000000000000.0
311000.0,22916036000000.0,3.4046834e+32,3.9489481140953355,7.742042134694189e-14,0.0007584342267838221,2.7923170658521537,5.474468762715e-14,2.5573641821446156,5.013832490026447e-14,300000000000000.0,50,52000000000000.0
312000.0,22859989000000.0,3.3893928e+32,3.95143085762458,7.699111639976464e-14,0.000757955559774553,2.7940726365165136,5.444112196322562e-14,2.5589720344526037,4.9860302054423657e-14,300000000000000.0,50,52000000000000.0
313000.0,22804102000000.0,3.3741267e+32,3.9539112141839334,7.65623004152637e-14,0.0007574774560591946,2.7958265193314675,5.413790204993962e-14,2.5605783409313014,4.958259586684641e-14,300000000000000.0,50,52000000000000.0
314000.0,22748368000000.0,3.3589515e+32,3.956326144012796,7.614688687432162e-14,0.0007570147922029729,2.797534138274994,5.384415914510604e-14,2.5621422763031094,4.931356926712004e-14,300000000000000.0,50,52000000000000.0
315000.0,22692786000000.0,3.3439276e+32,3.958741073841659,7.573147333337954e-14,0.0007565521283467512,2.7992417572185198,5.355041624027245e-14,2.5637062116749174,4.9044542667393676e-14,300000000000000.0,50,52000000000000.0
316000.0,22637355000000.0,3.3290223e+32,3.9611560036705216,7.531605979243745e-14,0.0007560894644905295,2.8009493761620456,5.3256673335438864e-14,2.565270147046726,4.877551606766731e-14,300000000000000.0,50,52000000000000.0
317000.0,22582076000000.0,3.3142108e+32,3.9635709334993843,7.490064625149537e-14,0.0007556268006343078,2.8026569951055715,5.2962930430605284e-14,2.566834082418534,4.850648946794094e-14,300000000000000.0,50,52000000000000.0
318000.0,22526946000000.0,3.2995114e+32,3.9659858633282474,7.448523271055329e-14,0.000755164136778086,2.8043646140490974,5.2669187525771697e-14,2.568398017790342,4.8237462868214576e-14,300000000000000.0,50,52000000000000.0
319000.0,22471965000000.0,3.2849494e+32,3.9683377876682573,7.40824995336613e-14,0.0007547161787114512,2.80602768120629,5.2384411038860936e-14,2.56992115008098,4.797664822825131e-14,300000000000000.0,50,52000000000000.0
320000.0,22417133000000.0,3.2704821e+32,3.9706860308003553,7.368050722962519e-14,0.000754269079856767,2.80768814534601,5.21001584308883e-14,2.571441898378922,4.7716313386664337e-14,300000000000000.0,50,52000000000000.0
321000.0,22362451000000.0,3.2561197e+32,3.973034273932454,7.327851492558909e-14,0.0007538219810020827,2.8093486094857307,5.1815905822915664e-14,2.5729626466768645,4.745597854507737e-14,300000000000000.0,50,52000000000000.0
322000.0,22307918000000.0,3.2419026e+32,3.9753825170645523,7.287652262155298e-14,0.0007533748821473985,2.811009073625451,5.153165321494303e-14,2.5744833949748065,4.7195643703490396e-14,300000000000000.0,50,52000000000000.0
323000.0,22253532000000.0,3.2278334e+32,3.9777307601966507,7.247453031751688e-14,0.0007529277832927144,2.812669537765171,5.124740060697039e-14,2.576004143272749,4.693530886190342e-14,300000000000000.0,50,52000000000000.0
324000.0,22199289000000.0,3.2139438e+32,3.9800284002722375,7.20827547621573e-14,0.0007524923671307831,2.814294219999018,5.0970372368046677e-14,2.577492120449034,4.668159051181561e-14,300000000000000.0,50,52000000000000.0
325000.0,22145195000000.0,3.2000267e+32,3.982311061608818,7.169400341170672e-14,0.0007520604090999945,2.8159083106230662,5.06954825758083e-14,2.5789703972215876,4.64298306738441e-14,300000000000000.0,50,52000000000000.0
326000.0,22091270000000.0,3.1859557e+32,3.9845937229453994,7.130525206125615e-14,0.0007516284510692058,2.8175224012471145,5.042059278356992e-14,2.580448673994141,4.617807083587258e-14,300000000000000.0,50,52000000000000.0
327000.0,22037509000000.0,3.1719671e+32,3.9868763842819805,7.091650071080557e-14,0.0007511964930384173,2.8191364918711623,5.014570299133154e-14,2.5819269507666944,4.5926310997901063e-14,300000000000000.0,50,52000000000000.0
328000.0,21983903000000.0,3.1581555e+32,3.9891590456185613,7.052774936035498e-14,0.0007507645350076286,2.8207505824952106,4.987081319909316e-14,2.583405227539248,4.567455115992955e-14,300000000000000.0,50,52000000000000.0
329000.0,21930449000000.0,3.1444875e+32,3.9914085610337624,7.014575849271257e-14,0.0007503401477677466,2.8223412353217276,4.960070381392428e-14,2.5848620386325534,4.542716949291465e-14,300000000000000.0,50,52000000000000.0
330000.0,21877147000000.0,3.1309529e+32,3.9936267691707314,6.977015309596519e-14,0.000749922911358117,2.823909750472842,4.933510966103615e-14,2.586298574773023,4.518392313457672e-14,300000000000000.0,50,52000000000000.0
331000.0,21824001000000.0,3.1175103e+32,3.9958449773077,6.939454769921782e-14,0.0007495056749484874,2.825478265623956,4.9069515508148013e-14,2.587735110913493,4.4940676776238784e-14,300000000000000.0,50,52000000000000.0
332000.0,21771014000000.0,3.1042156e+32,3.9980631854446687,6.901894230247044e-14,0.0007490884385388579,2.82704678077507,4.880392135525988e-14,2.5891716470539627,4.4697430417900854e-14,300000000000000.0,50,52000000000000.0
333000.0,21718188000000.0,3.0910126e+32,4.000281393581638,6.864333690572308e-14,0.0007486712021292283,2.828615295926184,4.8538327202371744e-14,2.590608183194433,4.4454184059562924e-14,300000000000000.0,50,52000000000000.0
334000.0,21665526000000.0,3.077902e+32,4.00248875354836,6.826998079615205e-14,0.000748256417719829,2.8301761402328114,4.8274323543450774e-14,2.592037693935561,4.421239436681754e-14,300000000000000.0,50,52000000000000.0
335000.0,21613029000000.0,3.0647988e+32,4.004643675138187,6.790749739285533e-14,0.0007478534859002495,2.8316999048637705,4.8018008086337884e-14,2.593433244983012,4.397764597021888e-14,300000000000000.0,50,52000000000000.0
336000.0,21560698000000.0,3.0517461e+32,4.0067985967280135,6.754501398955861e-14,0.0007474505540806701,2.8332236694947297,4.7761692629225e-14,2.594828796030463,4.374289757362022e-14,300000000000000.0,50,52000000000000.0
337000.0,21508524000000.0,3.0389211e+32,4.00895351831784,6.71825305862619e-14,0.0007470476222610907,2.8347474341256893,4.750537717211211e-14,2.5962243470779143,4.350814917702156e-14,300000000000000.0,50,52000000000000.0
338000.0,21456506000000.0,3.0261074e+32,4.011108439907667,6.682004718296518e-14,0.0007466446904415112,2.8362711987566485,4.724906171499922e-14,2.597619898125365,4.3273400780422903e-14,300000000000000.0,50,52000000000000.0
339000.0,21404671000000.0,3.0132066e+32,4.0132633614974935,6.645756377966846e-14,0.0007462417586219318,2.8377949633876076,4.699274625788633e-14,2.599015449172816,4.303865238382424e-14,300000000000000.0,50,52000000000000.0
340000.0,21353006000000.0,3.000444e+32,4.015372248889556,6.610449999866606e-14,0.000745849126480413,2.839286176800124,4.674309151164168e-14,2.6003811879474417,4.281000424824264e-14,300000000000000.0,50,52000000000000.0
341000.0,21301498000000.0,2.9878794e+32,4.0174651014846425,6.575471729430709e-14,0.0007454600819597204,2.840766051855409,4.649575684811114e-14,2.6017365424042036,4.258348097747158e-14,300000000000000.0,50,52000000000000.0
342000.0,21250133000000.0,2.9755547e+32,4.019557954079729,6.540493458994813e-14,0.0007450710374390278,2.842245926910695,4.6248422184580595e-14,2.603091896860966,4.235695770670053e-14,300000000000000.0,50,52000000000000.0
343000.0,21198904000000.0,2.9634258e+32,4.021650806674815,6.505515188558916e-14,0.0007446819929183353,2.843725801965981,4.600108752105005e-14,2.6044472513177284,4.2130434435929475e-14,300000000000000.0,50,52000000000000.0
344000.0,21147813000000.0,2.9514169e+32,4.023743659269901,6.47053691812302e-14,0.0007442929483976428,2.8452056770212666,4.57537528575195e-14,2.6058026057744903,4.1903911165158424e-14,300000000000000.0,50,52000000000000.0
345000.0,21096866000000.0,2.9394272e+32,4.025822902022742,6.435829480755073e-14,0.000743906918446578,2.8466759284281817,4.550833328213063e-14,2.6071491463421097,4.167914184194154e-14,300000000000000.0,50,52000000000000.0
346000.0,21046070000000.0,2.9274255e+32,4.0278548862126105,6.402062479092723e-14,0.0007435313562309949,2.848112762857569,4.52695636231697e-14,2.6084650817250736,4.146046289357499e-14,300000000000000.0,50,52000000000000.0
347000.0,20995427000000.0,2.9154968e+32,4.02988687040248,6.368295477430373e-14,0.0007431557940154117,2.8495495972869564,4.503079396420877e-14,2.609781017108038,4.124178394520843e-14,300000000000000.0,50,52000000000000.0
348000.0,20944921000000.0,2.903845e+32,4.031918854592349,6.334528475768022e-14,0.0007427802317998285,2.850986431716344,4.4792024305247833e-14,2.611096952491002,4.102310499684188e-14,300000000000000.0,50,52000000000000.0
349000.0,20894580000000.0,2.8919797e+32,4.033950838782218,6.300761474105672e-14,0.0007424046695842454,2.8524232661457307,4.4553254646286904e-14,2.6124128878739663,4.080442604847533e-14,300000000000000.0,50,52000000000000.0
350000.0,20844408000000.0,2.8801735e+32,4.0359828229720875,6.266994472443322e-14,0.0007420291073686623,2.853860100575118,4.4314484987325974e-14,2.6137288232569302,4.058574710010878e-14,300000000000000.0,50,52000000000000.0
351000.0,20794394000000.0,2.8685727e+32,4.037978035311672,6.233957856276516e-14,0.0007416616087676785,2.85527093328176,4.408087995802827e-14,2.615020944770869,4.037179821579063e-14,300000000000000.0,50,52000000000000.0
352000.0,20744516000000.0,2.8572293e+32,4.0399503031730735,6.2013769776899e-14,0.0007412991416086218,2.8566655417311058,4.385049749522409e-14,2.61629820717943,4.01608007426885e-14,300000000000000.0,50,52000000000000.0
353000.0,20694770000000.0,2.8460317e+32,4.041922571034476,6.168796099103284e-14,0.000740936674449565,2.8580601501804512,4.362011503241991e-14,2.617575469587991,3.994980326958637e-14,300000000000000.0,50,52000000000000.0
354000.0,20645161000000.0,2.834892e+32,4.043894838895878,6.136215220516669e-14,0.0007405742072905082,2.859454758629797,4.338973256961573e-14,2.618852731996552,3.9738805796484233e-14,300000000000000.0,50,52000000000000.0
355000.0,20595689000000.0,2.8238363e+32,4.04586710675728,6.103634341930053e-14,0.0007402117401314515,2.860849367079143,4.315935010681155e-14,2.6201299944051133,3.9527808323382105e-14,300000000000000.0,50,52000000000000.0
356000.0,20546351000000.0,2.8128998e+32,4.047839374618682,6.071053463343437e-14,0.0007398492729723948,2.862243975528489,4.292896764400737e-14,2.6214072568136744,3.931681085027997e-14,300000000000000.0,50,52000000000000.0
357000.0,20497161000000.0,2.8019731e+32,4.049757961699441,6.039531138153527e-14,0.0007394984619063622,2.863600625791972,4.270607031878057e-14,2.6226497549385175,3.9112668695461834e-14,300000000000000.0,50,52000000000000.0
358000.0,20448120000000.0,2.7910646e+32,4.051671673696302,6.008104946748523e-14,0.0007391487094022721,2.8649538288376895,4.2483852765219596e-14,2.6238890959036145,3.8909149114521793e-14,300000000000000.0,50,52000000000000.0
359000.0,20399247000000.0,2.7800697e+32,4.053585385693164,5.976678755343519e-14,0.0007387989568981818,2.8663070318834065,4.226163521165862e-14,2.625128436868711,3.870562953358175e-14,300000000000000.0,50,52000000000000.0
360000.0,20350525000000.0,2.769368e+32,4.055499097690024,5.945252563938514e-14,0.0007384492043940917,2.867660234929124,4.203941765809765e-14,2.626367777833808,3.850210995264172e-14,300000000000000.0,50,52000000000000.0
361000.0,20301930000000.0,2.7590184e+32,4.057412809686886,5.913826372533509e-14,0.0007380994518900014,2.869013437974841,4.181720010453667e-14,2.627607118798905,3.829859037170168e-14,300000000000000.0,50,52000000000000.0
362000.0,20253461000000.0,2.748796e+32,4.059319345698331,5.882537095747426e-14,0.0007377512425091098,2.870361566813815,4.1595950687996914e-14,2.6288418125144326,3.809595746617074e-14,300000000000000.0,50,52000000000000.0
363000.0,20205113000000.0,2.738676e+32,4.061175658425827,5.852206056943165e-14,0.0007374138331382624,2.871674182296598,4.138147706846588e-14,2.630043981061476,3.789953022414922e-14,300000000000000.0,50,52000000000000.0
364000.0,20156888000000.0,2.7286894e+32,4.0630319711533245,5.821875018138905e-14,0.000737076423767415,2.8729867977793813,4.116700344893484e-14,2.6312461496085198,3.77031029821277e-14,300000000000000.0,50,52000000000000.0
365000.0,20108800000000.0,2.7187205e+32,4.064888283880821,5.791543979334645e-14,0.0007367390143965675,2.874299413262164,4.09525298294038e-14,2.6324483181555633,3.750667574010619e-14,300000000000000.0,50,52000000000000.0
366000.0,20060854000000.0,2.7089623e+32,4.066744596608318,5.761212940530384e-14,0.0007364016050257202,2.875612028744947,4.0738056209872766e-14,2.633650486702607,3.7310248498084674e-14,300000000000000.0,50,52000000000000.0
367000.0,20013040000000.0,2.6991998e+32,4.068600909335815,5.730881901726124e-14,0.0007360641956548728,2.8769246442277305,4.052358259034173e-14,2.6348526552496505,3.711382125606316e-14,300000000000000.0,50,52000000000000.0
368000.0,19965363000000.0,2.6894553e+32,4.070443761289524,5.700812112471488e-14,0.000735729652950894,2.8782277414711466,4.031095629243595e-14,2.6360461064471576,3.6919085897135134e-14,300000000000000.0,50,52000000000000.0
369000.0,19917826000000.0,2.6798133e+32,4.07224377395093,5.671573757278278e-14,0.0007354042334950929,2.8795005466492705,4.010420914771478e-14,2.637211814433852,3.672973500387951e-14,300000000000000.0,50,52000000000000.0
370000.0,19870426000000.0,2.670289e+32,4.074043786612337,5.642335402085068e-14,0.0007350788140392917,2.8807733518273944,3.989746200299361e-14,2.638377522420546,3.654038411062389e-14,300000000000000.0,50,52000000000000.0
371000.0,19823172000000.0,2.6607881e+32,4.075843799273742,5.613097046891858e-14,0.0007347533945834905,2.8820461570055182,3.969071485827244e-14,2.6395432304072406,3.635103321736827e-14,300000000000000.0,50,52000000000000.0
372000.0,19776068000000.0,2.6514727e+32,4.077643811935149,5.583858691698648e-14,0.0007344279751276894,2.883318962183642,3.948396771355127e-14,2.6407089383939346,3.6161682324112654e-14,300000000000000.0,50,52000000000000.0
373000.0,19729108000000.0,2.6425318e+32,4.079443824596555,5.5546203365054386e-14,0.0007341025556718882,2.884591767361766,3.92772205688301e-14,2.641874646380629,3.597233143085703e-14,300000000000000.0,50,52000000000000.0
374000.0,19682265000000.0,2.6339236e+32,4.081229639048797,5.525652794030458e-14,0.0007337801315850254,2.8858545328533705,3.907238836776466e-14,2.643031159446576,3.578473435282902e-14,300000000000000.0,50,52000000000000.0
375000.0,19635529000000.0,2.6255491e+32,4.082974497132375,5.497466442013969e-14,0.0007334663479846567,2.887088337713559,3.8873080042099856e-14,2.644161148705216,3.560219635670351e-14,300000000000000.0,50,52000000000000.0
376000.0,19588930000000.0,2.6169287e+32,4.084719355215953,5.46928008999748e-14,0.0007331525643842879,2.8883221425737484,3.867377171643505e-14,2.6452911379638566,3.5419658360578e-14,300000000000000.0,50,52000000000000.0
377000.0,19542475000000.0,2.6082671e+32,4.086464213299531,5.441093737980991e-14,0.0007328387807839193,2.889555947433937,3.847446339077025e-14,2.6464211272224967,3.523712036445249e-14,300000000000000.0,50,52000000000000.0
378000.0,19496163000000.0,2.5997332e+32,4.088209071383109,5.412907385964502e-14,0.0007325249971835505,2.8907897522941264,3.8275155065105445e-14,2.647551116481137,3.5054582368326984e-14,300000000000000.0,50,52000000000000.0
379000.0,19449986000000.0,2.5912768e+32,4.089953929466687,5.384721033948013e-14,0.0007322112135831818,2.892023557154315,3.807584673944064e-14,2.6486811057397777,3.4872044372201474e-14,300000000000000.0,50,52000000000000.0
380000.0,19403939000000.0,2.5830273e+32,4.091689143971707,5.356718835045298e-14,0.0007318994455908642,2.8932505429501045,3.787784057866181e-14,2.649804849708128,3.469069897336184e-14,300000000000000.0,50,52000000000000.0
381000.0,19358022000000.0,2.5749721e+32,4.093379967136196,5.3295643301323206e-14,0.0007315969558496471,2.894446139214712,3.7685828545947726e-14,2.6508998453434516,3.451484334078627e-14,300000000000000.0,50,52000000000000.0
382000.0,19312232000000.0,2.5671521e+32,4.095070790300684,5.302409825219343e-14,0.00073129446610843,2.8956417354793196,3.749381651323365e-14,2.6519948409787752,3.43389877082107e-14,300000000000000.0,50,52000000000000.0
383000.0,19266571000000.0,2.5593293e+32,4.096761613465173,5.2752553203063655e-14,0.000730991976367213,2.896837331743927,3.730180448051957e-14,2.653089836614099,3.416313207563513e-14,300000000000000.0,50,52000000000000.0
384000.0,19221047000000.0,2.55119e+32,4.098452436629662,5.248100815393388e-14,0.000730689486625996,2.8980329280085346,3.710979244780549e-14,2.654184832249422,3.3987276443059556e-14,300000000000000.0,50,52000000000000.0
385000.0,19175660000000.0,2.5431506e+32,4.100143259794151,5.220946310480411e-14,0.0007303869968847789,2.8992285242731426,3.6917780415091405e-14,2.655279827884746,3.3811420810483986e-14,300000000000000.0,50,52000000000000.0
386000.0,19130399000000.0,2.5355435e+32,4.101834049193922,5.193792441871802e-14,0.0007300845141366088,2.9004240966624035,3.6725772881748244e-14,2.656374801653658,3.3635569298690354e-14,300000000000000.0,50,52000000000000.0
387000.0,19085264000000.0,2.5282781e+32,4.1034719688431895,5.1676349166554034e-14,0.0007297929812993031,2.901582284358791,3.654081059075319e-14,2.657435536376605,3.3466170223907373e-14,300000000000000.0,50,52000000000000.0
388000.0,19040248000000.0,2.5211542e+32,4.105109888492458,5.1414773914390054e-14,0.0007295014484619975,2.9027404720551786,3.6355848299758125e-14,2.6584962710995517,3.3296771149124386e-14,300000000000000.0,50,52000000000000.0
389000.0,18995352000000.0,2.5140589e+32,4.106747808141726,5.115319866222607e-14,0.0007292099156246918,2.9038986597515666,3.617088600876306e-14,2.659557005822499,3.3127372074341406e-14,300000000000000.0,50,52000000000000.0
390000.0,18950588000000.0,2.5069236e+32,4.108385727790995,5.089162341006209e-14,0.000728918382787386,2.905056847447954,3.5985923717768005e-14,2.6606177405454456,3.295797299955842e-14,300000000000000.0,50,52000000000000.0
391000.0,18905963000000.0,2.4997588e+32,4.110023647440263,5.06300481578981e-14,0.0007286268499500804,2.9062150351443417,3.580096142677294e-14,2.6616784752683924,3.278857392477543e-14,300000000000000.0,50,52000000000000.0
392000.0,18861462000000.0,2.4927023e+32,4.111661567089532,5.036847290573412e-14,0.0007283353171127747,2.907373222840729,3.5615999135777885e-14,2.6627392099913396,3.261917484999245e-14,300000000000000.0,50,52000000000000.0
393000.0,18817070000000.0,2.4861462e+32,4.113262077539721,5.011366238712649e-14,0.0007280514626459791,2.908504958144894,3.5435820254503725e-14,2.6637757180962867,3.2454156696176665e-14,300000000000000.0,50,52000000000000.0
394000.0,18772794000000.0,2.479947e+32,4.11484820714252,4.9861452367949546e-14,0.0007277705598990071,2.909626524618263,3.525748021198831e-14,2.664802913002748,3.2290822656359786e-14,300000000000000.0,50,52000000000000.0
395000.0,18728634000000.0,2.4735971e+32,4.11643433674532,4.96092423487726e-14,0.0007274896571520352,2.910748091091632,3.507914016947289e-14,2.6658301079092093,3.21274886165429e-14,300000000000000.0,50,52000000000000.0
396000.0,18684588000000.0,2.4674133e+32,4.11802046634812,4.935703232959566e-14,0.0007272087544050632,2.9118696575650014,3.490080012695748e-14,2.6668573028156706,3.196415457672602e-14,300000000000000.0,50,52000000000000.0
397000.0,18640640000000.0,2.4618495e+32,4.119606595950919,4.910482231041871e-14,0.0007269278516580912,2.9129912240383704,3.472246008444206e-14,2.6678844977221314,3.1800820536909143e-14,300000000000000.0,50,52000000000000.0
398000.0,18596766000000.0,2.4568047e+32,4.121192725553718,4.885261229124177e-14,0.0007266469489111192,2.9141127905117394,3.4544120041926645e-14,2.6689116926285927,3.163748649709226e-14,300000000000000.0,50,52000000000000.0
399000.0,18552984000000.0,2.4519106e+32,4.122761504786367,4.860660676335648e-14,0.0007263695753720919,2.9152220883775386,3.437016725341914e-14,2.6699276512405627,3.1478170556129113e-14,300000000000000.0,50,52000000000000.0
400000.0,18509308000000.0,2.4469083e+32,4.124296886382272,4.837254422830249e-14,0.0007260989951869757,2.916307770464805,3.420465946720152e-14,2.6709219811680445,3.132658903263064e-14,300000000000000.0,50,52000000000000.0
474000.0,15472935000000.0,1.6937261e+32,4.220246572927697,3.30784661972642e-14,0.000709554682127717,2.9841546496324685,2.3390076876971535e-14,2.733060044647513,2.1421974009008476e-14,300000000000000.0,50,52000000000000.0
475000.0,15440226000000.0,1.6757945e+32,4.221320349632325,3.2903299872247337e-14,0.00070937363645009,2.9849139266711893,2.3266215181890308e-14,2.7337554341100714,2.1308534364314913e-14,300000000000000.0,50,52000000000000.0
476000.0,15407078000000.0,1.6586148e+32,4.222394126336955,3.272813354723048e-14,0.0007091925907724629,2.98567320370991,2.314235348680908e-14,2.7344508235726304,2.1195094719621347e-14,300000000000000.0,50,52000000000000.0
477000.0,15373490000000.0,1.6420124e+32,4.223429075500599,3.257633802455522e-14,0.0007090187135113781,2.9864050254426995,2.303501749683162e-14,2.7351210678912623,2.109679026353001e-14,300000000000000.0,50,52000000000000.0
478000.0,15339435000000.0,1.6260528e+32,4.224460761679461,3.2426506534894797e-14,0.0007088454386689243,2.9871345398893934,2.2929070292311452e-14,2.7357891990649494,2.099975773681731e-14,300000000000000.0,50,52000000000000.0
479000.0,15305176000000.0,1.6106013e+32,4.225492447858324,3.227667504523437e-14,0.0007086721638264704,2.9878640543360877,2.2823123087791286e-14,2.736457330238636,2.090272521010461e-14,300000000000000.0,50,52000000000000.0
480000.0,15271151000000.0,1.5955059e+32,4.226524134037186,3.212684355557395e-14,0.0007084988889840166,2.9885935687827816,2.2717175883271116e-14,2.737125461412323,2.0805692683391907e-14,300000000000000.0,50,52000000000000.0
481000.0,15237354000000.0,1.5808181e+32,4.227555820216049,3.1977012065913527e-14,0.0007083256141415627,2.9893230832294755,2.261122867875095e-14,2.7377935925860095,2.0708660156679207e-14,300000000000000.0,50,52000000000000.0
482000.0,15203819000000.0,1.5666304e+32,4.228587506394911,3.18271805762531e-14,0.0007081523392991089,2.9900525976761694,2.250528147423078e-14,2.7384617237596967,2.0611627629966507e-14,300000000000000.0,50,52000000000000.0
483000.0,15170549000000.0,1.5528602e+32,4.229619192573773,3.1677349086592676e-14,0.000707979064456655,2.9907821121228637,2.2399334269710614e-14,2.7391298549333833,2.0514595103253807e-14,300000000000000.0,50,52000000000000.0
484000.0,15137182000000.0,1.5395469e+32,4.230644328196746,3.1528304203449835e-14,0.0007078070028085084,2.991506994612109,2.2293943282219245e-14,2.7397937438947633,2.041807199199763e-14,300000000000000.0,50,52000000000000.0
485000.0,15103681000000.0,1.5266912e+32,4.231639425940377,3.1382866341155517e-14,0.0007076405043194017,2.9922106370445865,2.2191102853837597e-14,2.7404381799938897,2.0323884829060194e-14,300000000000000.0,50,52000000000000.0
486000.0,15070090000000.0,1.514195e+32,4.232634523684007,3.1237428478861204e-14,0.000707474005830295,2.992914279477064,2.2088262425455952e-14,2.7410826160930166,2.0229697666122757e-14,300000000000000.0,50,52000000000000.0
487000.0,15036462000000.0,1.5019446e+32,4.233629621427638,3.1091990616566885e-14,0.0007073075073411884,2.9936179219095416,2.1985421997074304e-14,2.741727052192143,2.0135510503185317e-14,300000000000000.0,50,52000000000000.0
488000.0,15002854000000.0,1.4899169e+32,4.234624719171269,3.094655275427257e-14,0.0007071410088520818,2.994321564342019,2.1882581568692657e-14,2.7423714882912695,2.004132334024788e-14,300000000000000.0,50,52000000000000.0
489000.0,14969345000000.0,1.4781579e+32,4.2356198169149,3.0801114891978253e-14,0.0007069745103629752,2.9950252067744967,2.1779741140311012e-14,2.743015924390396,1.994713617731044e-14,300000000000000.0,50,52000000000000.0
490000.0,14935925000000.0,1.4666486e+32,4.236614914658531,3.0655677029683934e-14,0.0007068080118738685,2.9957288492069742,2.1676900711929364e-14,2.7436603604895224,1.9852949014373003e-14,300000000000000.0,50,52000000000000.0
491000.0,14902545000000.0,1.4554581e+32,4.237610012402161,3.051023916738962e-14,0.0007066415133847618,2.996432491639452,2.157406028354772e-14,2.744304796588649,1.9758761851435566e-14,300000000000000.0,50,52000000000000.0
492000.0,14869516000000.0,1.4443273e+32,4.2385939341707,3.0368789497539e-14,0.0007064770684446217,2.997128231438819,2.147403994230065e-14,2.7449419950031007,1.9667157486047345e-14,300000000000000.0,50,52000000000000.0
493000.0,14837028000000.0,1.4332496e+32,4.239552938727579,3.0236231636628865e-14,0.0007063172019608415,2.9978063520523657,2.138030707999302e-14,2.745563056756594,1.958131155450198e-14,300000000000000.0,50,52000000000000.0
494000.0,14805074000000.0,1.4223552e+32,4.240511943284459,3.010367377571873e-14,0.0007061573354770615,2.998484472665913,2.1286574217685392e-14,2.7461841185100875,1.9495465622956617e-14,300000000000000.0,50,52000000000000.0
495000.0,14773591000000.0,1.4116749e+32,4.241470947841339,2.99711159148086e-14,0.0007059974689932814,2.9991625932794603,2.1192841355377766e-14,2.7468051802635807,1.9409619691411253e-14,300000000000000.0,50,52000000000000.0
496000.0,14742526000000.0,1.4012123e+32,4.242429952398219,2.9838558053898464e-14,0.0007058376025095012,2.9998407138930077,2.1099108493070137e-14,2.747426242017074,1.932377375986589e-14,300000000000000.0,50,52000000000000.0
497000.0,14711861000000.0,1.390953e+32,4.2433889569550995,2.970600019298833e-14,0.0007056777360257212,3.0005188345065545,2.100537563076251e-14,2.748047303770567,1.923792782832053e-14,300000000000000.0,50,52000000000000.0
498000.0,14681578000000.0,1.3807824e+32,4.24434796151198,2.95734423320782e-14,0.0007055178695419411,3.001196955120102,2.0911642768454882e-14,2.7486683655240607,1.9152081896775165e-14,300000000000000.0,50,52000000000000.0
499000.0,14651652000000.0,1.3707424e+32,4.24530696606886,2.944088447116806e-14,0.0007053580030581609,3.001875075733649,2.0817909906147253e-14,2.749289427277554,1.90662359652298e-14,300000000000000.0,50,52000000000000.0
500000.0,14622062000000.0,1.3609038e+32,4.246255531380373,2.93118935585496e-14,0.0007052000508527404,3.0025458146623842,2.072669926538359e-14,2.7499037284607044,1.89827000288412e-14,300000000000000.0,50,52000000000000.0
501000.0,14592778000000.0,1.351187e+32,4.247181104100277,2.919075890205628e-14,0.0007050463148735889,3.0032002953216472,2.064104385470275e-14,2.750503139388145,1.890425189079322e-14,300000000000000.0,50,52000000000000.0
502000.0,14563768000000.0,1.3415881e+32,4.248106676820181,2.906962424556297e-14,0.0007048925788944372,3.00385477598091,2.0555388444021913e-14,2.7511025503155864,1.8825803752745236e-14,300000000000000.0,50,52000000000000.0
503000.0,14535024000000.0,1.3320957e+32,4.249032249540086,2.894848958906966e-14,0.0007047388429152856,3.004509256640173,2.0469733033341074e-14,2.751701961243027,1.8747355614697254e-14,300000000000000.0,50,52000000000000.0
504000.0,14506550000000.0,1.3226448e+32,4.24995782225999,2.882735493257635e-14,0.0007045851069361341,3.005163737299436,2.0384077622660236e-14,2.752301372170468,1.866890747664927e-14,300000000000000.0,50,52000000000000.0
505000.0,14478349000000.0,1.3133214e+32,4.250883394979895,2.870622027608304e-14,0.0007044313709569824,3.005818217958699,2.0298422211979398e-14,2.752900783097909,1.8590459338601285e-14,300000000000000.0,50,52000000000000.0
506000.0,14449882000000.0,1.3043435e+32,4.251808967699799,2.858508561958973e-14,0.0007042776349778308,3.006472698617962,2.0212766801298557e-14,2.75350019402535,1.8512011200553303e-14,300000000000000.0,50,52000000000000.0
507000.0,14420782000000.0,1.2956586e+32,4.252734540419704,2.846395096309641e-14,0.0007041238989986793,3.007127179277225,2.012711139061772e-14,2.7540996049527906,1.843356306250532e-14,300000000000000.0,50,52000000000000.0
508000.0,14391052000000.0,1.2871801e+32,4.253654375863638,2.834133408161904e-14,0.0007039712130850641,3.0077776030567844,2.004040788601735e-14,2.754695300357108,1.835415501992774e-14,300000000000000.0,50,52000000000000.0
509000.0,14360730000000.0,1.2789026e+32,4.25454890083072,2.821217823960533e-14,0.0007038231596241311,3.0084101295693504,1.994908062668887e-14,2.7552746044177776,1.827051227755411e-14,300000000000000.0,50,52000000000000.0
510000.0,14329880000000.0,1.270894e+32,4.255443425797802,2.8083022397591614e-14,0.0007036751061631981,3.0090426560819163,1.9857753367360385e-14,2.7558539084784472,1.818686953518048e-14,300000000000000.0,50,52000000000000.0
511000.0,14298589000000.0,1.2630088e+32,4.256337950764884,2.79538665555779e-14,0.0007035270527022651,3.0096751825944827,1.9766426108031904e-14,2.7564332125391164,1.8103226792806853e-14,300000000000000.0,50,52000000000000.0
512000.0,14266942000000.0,1.2551381e+32,4.257232475731965,2.7824710713564188e-14,0.0007033789992413321,3.0103077091070487,1.967509884870342e-14,2.757012516599786,1.8019584050433226e-14,300000000000000.0,50,52000000000000.0
513000.0,14235005000000.0,1.2474748e+32,4.258127000699047,2.7695554871550473e-14,0.0007032309457803991,3.0109402356196147,1.958377158937494e-14,2.7575918206604553,1.79359413080596e-14,300000000000000.0,50,52000000000000.0
514000.0,14202814000000.0,1.2400075e+32,4.259021525666129,2.756639902953676e-14,0.0007030828923194661,3.0115727621321806,1.9492444330046455e-14,2.758171124721125,1.785229856568597e-14,300000000000000.0,50,52000000000000.0
515000.0,14170436000000.0,1.2327778e+32,4.25991605063321,2.7437243187523046e-14,0.0007029348388585332,3.0122052886447466,1.9401117070717974e-14,2.7587504287817946,1.776865582331234e-14,300000000000000.0,50,52000000000000.0
516000.0,14137931000000.0,1.2255822e+32,4.260810575600292,2.7308087345509335e-14,0.0007027867853976002,3.0128378151573125,1.930978981138949e-14,2.7593297328424637,1.7685013080938713e-14,300000000000000.0,50,52000000000000.0
517000.0,14105374000000.0,1.2185051e+32,4.261673977306061,2.7179713184832864e-14,0.0007026443403183851,3.013448334131445,1.92190152882201e-14,2.759888881137144,1.76018765660358e-14,300000000000000.0,50,52000000000000.0
518000.0,14072826000000.0,1.2116316e+32,4.262534860194459,2.7051402285924218e-14,0.0007025023491276348,3.0140570720271245,1.9128285498198222e-14,2.760446398218019,1.7518781020314565e-14,300000000000000.0,50,52000000000000.0
519000.0,14040344000000.0,1.2049418e+32,4.263395743082857,2.6923091387015573e-14,0.0007023603579368846,3.014665809922804,1.9037555708176346e-14,2.761003915298894,1.743568547459333e-14,300000000000000.0,50,52000000000000.0
520000.0,14007971000000.0,1.1983484e+32,4.264256625971255,2.6794780488106927e-14,0.0007022183667461343,3.0152745478184837,1.8946825918154467e-14,2.7615614323797693,1.7352589928872095e-14,300000000000000.0,50,52000000000000.0
521000.0,13975756000000.0,1.1912102e+32,4.265117508859652,2.6666469589198285e-14,0.0007020763755553841,3.015883285714163,1.8856096128132588e-14,2.7621189494606444,1.726949438315086e-14,300000000000000.0,50,52000000000000.0
522000.0,13943747000000.0,1.1840474e+32,4.2659783917480505,2.653815869028964e-14,0.0007019343843646338,3.0164920236098425,1.876536633811071e-14,2.76267646654152,1.7186398837429628e-14,300000000000000.0,50,52000000000000.0
523000.0,13911931000000.0,1.1777973e+32,4.266839274636448,2.6409847791380994e-14,0.0007017923931738836,3.0171007615055223,1.8674636548088834e-14,2.763233983622395,1.7103303291708393e-14,300000000000000.0,50,52000000000000.0
524000.0,13880309000000.0,1.1717772e+32,4.267700157524846,2.628153689247235e-14,0.0007016504019831334,3.0177094994012017,1.8583906758066955e-14,2.7637915007032703,1.7020207745987158e-14,300000000000000.0,50,52000000000000.0
525000.0,13848888000000.0,1.1658381e+32,4.268543000430945,2.6157317811286254e-14,0.000701511631539998,3.018305481063234,1.849607032977231e-14,2.7643373348937077,1.693976210688921e-14,300000000000000.0,50,52000000000000.0
526000.0,13817647000000.0,1.159968e+32,4.269369917716926,2.6036710969489565e-14,0.0007013757043592429,3.018890201576123,1.8410788148980264e-14,2.76487285547785,1.6861655794157177e-14,300000000000000.0,50,52000000000000.0
527000.0,13786548000000.0,1.1541809e+32,4.270196835002906,2.5916104127692876e-14,0.0007012397771784879,3.019474922089012,1.8325505968188216e-14,2.7654083760619925,1.6783549481425144e-14,300000000000000.0,50,52000000000000.0
528000.0,13755576000000.0,1.1484695e+32,4.271023752288887,2.5795497285896187e-14,0.0007011038499977329,3.0200596426019013,1.8240223787396168e-14,2.765943896646135,1.670544316869311e-14,300000000000000.0,50,52000000000000.0
529000.0,13724701000000.0,1.1428564e+32,4.271850669574867,2.5674890444099498e-14,0.0007009679228169778,3.02064436311479,1.815494160660412e-14,2.7664794172302773,1.6627336855961077e-14,300000000000000.0,50,52000000000000.0
530000.0,13693914000000.0,1.1373065e+32,4.272677586860849,2.555428360230281e-14,0.0007008319956362228,3.0212290836276794,1.8069659425812075e-14,2.76701493781442,1.6549230543229044e-14,300000000000000.0,50,52000000000000.0
531000.0,13663204000000.0,1.1318423e+32,4.273504504146829,2.543367676050612e-14,0.0007006960684554677,3.021813804140568,1.7984377245020027e-14,2.7675504583985626,1.647112423049701e-14,300000000000000.0,50,52000000000000.0
532000.0,13632579000000.0,1.126439e+32,4.27433142143281,2.531306991870943e-14,0.0007005601412747128,3.0223985246534575,1.789909506422798e-14,2.768085978982705,1.6393017917764977e-14,300000000000000.0,50,52000000000000.0
533000.0,13602043000000.0,1.1210004e+32,4.275158319513782,2.5192466663804956e-14,0.0007004242175059353,3.0229832315863123,1.781381541976038e-14,2.768621487129473,1.6314913927944348e-14,300000000000000.0,50,52000000000000.0
534000.0,13571614000000.0,1.1155777e+32,4.275952791280701,2.5077919625583697e-14,0.0007002940546227136,3.023545009581337,1.7732818181764295e-14,2.7691359956398327,1.6240732011593863e-14,300000000000000.0,50,52000000000000.0
535000.0,13541291000000.0,1.1103003e+32,4.27674726304762,2.4963372587362436e-14,0.0007001638917394921,3.0241067875763616,1.7651820943768215e-14,2.769650504150192,1.616655009524338e-14,300000000000000.0,50,52000000000000.0
536000.0,13511085000000.0,1.1050503e+32,4.277541734814539,2.4848825549141178e-14,0.0007000337288562706,3.0246685655713863,1.757082370577213e-14,2.7701650126605517,1.6092368178892894e-14,300000000000000.0,50,52000000000000.0
537000.0,13480996000000.0,1.0998731e+32,4.278336206581458,2.473427851091992e-14,0.0006999035659730489,3.025230343566411,1.7489826467776048e-14,2.770679521170911,1.601818626254241e-14,300000000000000.0,50,52000000000000.0
538000.0,13451022000000.0,1.0947455e+32,4.279130678348378,2.461973147269866e-14,0.0006997734030898274,3.0257921215614356,1.7408829229779967e-14,2.7711940296812707,1.5944004346191925e-14,300000000000000.0,50,52000000000000.0
539000.0,13421168000000.0,1.0896477e+32,4.279925150115297,2.4505184434477403e-14,0.0006996432402066057,3.0263538995564603,1.7327831991783884e-14,2.77170853819163,1.586982242984144e-14,300000000000000.0,50,52000000000000.0
540000.0,13391420000000.0,1.0845617e+32,4.280719621882216,2.4390637396256145e-14,0.0006995130773233842,3.026915677551485,1.72468347537878e-14,2.7722230467019897,1.5795640513490956e-14,300000000000000.0,50,52000000000000.0
541000.0,13361776000000.0,1.0794974e+32,4.281514093649135,2.4276090358034886e-14,0.0006993829144401625,3.0274774555465096,1.716583751579172e-14,2.772737555212349,1.572145859714047e-14,300000000000000.0,50,52000000000000.0
542000.0,13332227000000.0,1.0744454e+32,4.28229818997062,2.416319763563535e-14,0.0006992545846842761,3.0280318969710196,1.7086010059779774e-14,2.7732453444706247,1.564834803422537e-14,300000000000000.0,50,52000000000000.0
543000.0,13302750000000.0,1.0694551e+32,4.283061345206235,2.4053643870574803e-14,0.0006991299547865962,3.028571530765909,1.7008543611315277e-14,2.773739572052366,1.5577399817440764e-14,300000000000000.0,50,52000000000000.0
544000.0,13273338000000.0,1.0645178e+32,4.28382450044185,2.3944090105514253e-14,0.0006990053248889163,3.029111164560798,1.6931077162850778e-14,2.7742337996341067,1.5506451600656155e-14,300000000000000.0,50,52000000000000.0
545000.0,13243979000000.0,1.0596237e+32,4.2845876556774645,2.3834536340453704e-14,0.0006988806949912365,3.0296507983556875,1.685361071438628e-14,2.774728027215848,1.5435503383871547e-14,300000000000000.0,50,52000000000000.0
546000.0,13214651000000.0,1.0547471e+32,4.285350810913079,2.3724982575393158e-14,0.0006987560650935566,3.0301904321505773,1.6776144265921782e-14,2.775222254797589,1.5364555167086938e-14,300000000000000.0,50,52000000000000.0
547000.0,13185347000000.0,1.0498953e+32,4.286113966148694,2.3615428810332608e-14,0.0006986314351958766,3.0307300659454666,1.6698677817457283e-14,2.7757164823793303,1.5293606950302332e-14,300000000000000.0,50,52000000000000.0
548000.0,13156061000000.0,1.0450722e+32,4.286877121384308,2.3505875045272062e-14,0.0006985068052981967,3.031269699740356,1.6621211368992786e-14,2.776210709961071,1.5222658733517723e-14,300000000000000.0,50,52000000000000.0
549000.0,13126782000000.0,1.0402711e+32,4.287640276619923,2.3396321280211512e-14,0.0006983821754005168,3.031809333535245,1.6543744920528287e-14,2.7767049375428123,1.5151710516733114e-14,300000000000000.0,50,52000000000000.0
550000.0,13097510000000.0,1.0355456e+32,4.288403431855539,2.3286767515150963e-14,0.0006982575455028369,3.0323489673301345,1.646627847206379e-14,2.7771991651245536,1.5080762299948505e-14,300000000000000.0,50,52000000000000.0
551000.0,13068250000000.0,1.030824e+32,4.28915072801653,2.3178945627319496e-14,0.0006981357010087145,3.03287738703132,1.6390036650246057e-14,2.7776831221960685,1.5010935666486115e-14,300000000000000.0,50,52000000000000.0
552000.0,13039005000000.0,1.0261041e+32,4.289883444692142,2.307271588022387e-14,0.0006980164171778973,3.033395497447817,1.6314920646088936e-14,2.7781576374333508,1.4942140121409183e-14,300000000000000.0,50,52000000000000.0
553000.0,13009774000000.0,1.0214458e+32,4.290616161367755,2.2966486133128243e-14,0.0006978971333470801,3.033913607864313,1.623980464193182e-14,2.7786321526706326,1.4873344576332252e-14,300000000000000.0,50,52000000000000.0
554000.0,12980567000000.0,1.0168609e+32,4.291348878043367,2.2860256386032616e-14,0.0006977778495162629,3.03443171828081,1.6164688637774698e-14,2.779106667907915,1.480454903125532e-14,300000000000000.0,50,52000000000000.0
555000.0,12951394000000.0,1.0123202e+32,4.292081594718979,2.275402663893699e-14,0.0006976585656854457,3.0349498286973065,1.608957263361758e-14,2.779581183145197,1.4735753486178393e-14,300000000000000.0,50,52000000000000.0
556000.0,12922263000000.0,1.0077728e+32,4.292814311394593,2.2647796891841363e-14,0.0006975392818546285,3.0354679391138033,1.601445662946046e-14,2.7800556983824793,1.4666957941101462e-14,300000000000000.0,50,52000000000000.0
557000.0,12893176000000.0,1.0032553e+32,4.293547028070205,2.2541567144745736e-14,0.0006974199980238113,3.0359860495302997,1.5939340625303343e-14,2.780530213619761,1.459816239602453e-14,300000000000000.0,50,52000000000000.0
558000.0,12864149000000.0,9.9878524e+31,4.294279744745817,2.243533739765011e-14,0.0006973007141929941,3.0365041599467966,1.5864224621146226e-14,2.7810047288570434,1.45293668509476e-14,300000000000000.0,50,52000000000000.0
559000.0,12835189000000.0,9.9437398e+31,4.29501246142143,2.2329107650554483e-14,0.0006971814303621768,3.037022270363293,1.5789108616989105e-14,2.7814792440943257,1.446057130587067e-14,300000000000000.0,50,52000000000000.0
560000.0,12806305000000.0,9.8995924e+31,4.295728158010236,2.222556857060141e-14,0.0006970651156374955,3.037528345724203,1.5715895208276838e-14,2.7819427369374004,1.4393518266828266e-14,300000000000000.0,50,52000000000000.0
561000.0,12777495000000.0,9.8559328e+31,4.2964308796110195,2.21240806772463e-14,0.0006969510643628775,3.038025246355049,1.5644132212444e-14,2.7823978270364425,1.4327793599091397e-14,300000000000000.0,50,52000000000000.0
562000.0,12748768000000.0,9.8128255e+31,4.297133601211802,2.202259278389119e-14,0.0006968370130882593,3.0385221469858954,1.5572369216611167e-14,2.7828529171354845,1.4262068931354527e-14,300000000000000.0,50,52000000000000.0
563000.0,12720132000000.0,9.7703404e+31,4.297836322812585,2.192110489053608e-14,0.0006967229618136411,3.0390190476167414,1.5500606220778333e-14,2.7833080072345266,1.4196344263617655e-14,300000000000000.0,50,52000000000000.0
564000.0,12691590000000.0,9.727635e+31,4.298539044413367,2.181961699718097e-14,0.000696608910539023,3.0395159482475873,1.5428843224945496e-14,2.7837630973335683,1.4130619595880785e-14,300000000000000.0,50,52000000000000.0
565000.0,12663149000000.0,9.685068e+31,4.29924176601415,2.171812910382586e-14,0.0006964948592644048,3.0400128488784333,1.535708022911266e-14,2.7842181874326104,1.4064894928143916e-14,300000000000000.0,50,52000000000000.0
566000.0,12634809000000.0,9.6427629e+31,4.299944487614932,2.161664121047075e-14,0.0006963808079897866,3.040509749509279,1.5285317233279827e-14,2.7846732775316525,1.3999170260407044e-14,300000000000000.0,50,52000000000000.0
567000.0,12606565000000.0,9.6011512e+31,4.3006472092157155,2.151515331711564e-14,0.0006962667567151686,3.0410066501401256,1.521355423744699e-14,2.7851283676306946,1.3933445592670174e-14,300000000000000.0,50,52000000000000.0
568000.0,12578429000000.0,9.5599153e+31,4.301349930816498,2.1413665423760528e-14,0.0006961527054405504,3.0415035507709716,1.5141791241614156e-14,2.7855834577297367,1.3867720924933303e-14,300000000000000.0,50,52000000000000.0
569000.0,12550402000000.0,9.5186102e+31,4.3020390171252085,2.1314857294740884e-14,0.0006960410193364386,3.0419908097650095,1.5071923131496928e-14,2.7860297174647686,1.3803731702219535e-14,300000000000000.0,50,52000000000000.0
570000.0,12522488000000.0,9.4774646e+31,4.302712616467868,2.1219092842311917e-14,0.0006959320195932161,3.0424671177870306,1.500420723275824e-14,2.786465947671507,1.3741713598130381e-14,300000000000000.0,50,52000000000000.0
571000.0,12494688000000.0,9.4363682e+31,4.303386215810528,2.112332838988295e-14,0.0006958230198499936,3.042943425809052,1.4936491334019552e-14,2.7869021778782446,1.3679695494041227e-14,300000000000000.0,50,52000000000000.0
572000.0,12467003000000.0,9.3951952e+31,4.304059815153189,2.102756393745398e-14,0.0006957140201067711,3.043419733831074,1.486877543528086e-14,2.7873384080849823,1.3617677389952073e-14,300000000000000.0,50,52000000000000.0
573000.0,12439428000000.0,9.354523e+31,4.304733414495849,2.0931799485025012e-14,0.0006956050203635486,3.043896041853095,1.4801059536542173e-14,2.78777463829172,1.3555659285862918e-14,300000000000000.0,50,52000000000000.0
574000.0,12411965000000.0,9.3133749e+31,4.305407013838509,2.0836035032596045e-14,0.0006954960206203261,3.0443723498751165,1.4733343637803484e-14,2.788210868498458,1.3493641181773765e-14,300000000000000.0,50,52000000000000.0
575000.0,12384619000000.0,9.2717487e+31,4.306080613181169,2.0740270580167075e-14,0.0006953870208771035,3.044848657897138,1.4665627739064796e-14,2.788647098705196,1.343162307768461e-14,300000000000000.0,50,52000000000000.0
576000.0,12357388000000.0,9.2303418e+31,4.3067542125238285,2.0644506127738108e-14,0.000695278021133881,3.0453249659191592,1.4597911840326105e-14,2.789083328911934,1.3369604973595457e-14,300000000000000.0,50,52000000000000.0
577000.0,12330269000000.0,9.1880033e+31,4.307427811866489,2.054874167530914e-14,0.0006951690213906585,3.045801273941181,1.4530195941587417e-14,2.7895195591186717,1.3307586869506302e-14,300000000000000.0,50,52000000000000.0
578000.0,12303266000000.0,9.1438264e+31,4.308095239702002,2.045425049770569e-14,0.0006950610870707274,3.0462732180354357,1.4463380387008622e-14,2.789951792590056,1.3246393352239849e-14,300000000000000.0,50,52000000000000.0
579000.0,12276379000000.0,9.0944018e+31,4.308740912182214,2.0364247777389688e-14,0.0006949569085047316,3.046729778723851,1.4399738661225212e-14,2.7903699370560173,1.3188106609425618e-14,300000000000000.0,50,52000000000000.0
580000.0,12249656000000.0,8.9196316e+31,4.309386584662424,2.0274245057073684e-14,0.0006948527299387357,3.0471863394122667,1.4336096935441802e-14,2.7907880815219785,1.3129819866611389e-14,300000000000000.0,50,52000000000000.0
581000.0,12223136000000.0,9.0327075e+31,4.310032257142635,2.018424233675768e-14,0.0006947485513727399,3.0476429001006826,1.4272455209658392e-14,2.7912062259879398,1.307153312379716e-14,300000000000000.0,50,52000000000000.0
582000.0,12196480000000.0,8.8520685e+31,4.310677929622846,2.0094239616441675e-14,0.000694644372806744,3.048099460789098,1.4208813483874983e-14,2.791624370453901,1.3013246380982929e-14,300000000000000.0,50,52000000000000.0
583000.0,12170225000000.0,8.7642434e+31,4.311323602103057,2.000423689612567e-14,0.0006945401942407482,3.0485560214775136,1.4145171758091575e-14,2.792042514919862,1.29549596381687e-14,300000000000000.0,50,52000000000000.0
584000.0,12143910000000.0,8.9232973e+31,4.311969274583268,1.9914234175809667e-14,0.0006944360156747523,3.049012582165929,1.4081530032308165e-14,2.792460659385823,1.289667289535447e-14,300000000000000.0,50,52000000000000.0
585000.0,12117551000000.0,8.7568246e+31,4.312614947063478,1.9824231455493663e-14,0.0006943318371087564,3.0494691428543446,1.4017888306524757e-14,2.792878803851784,1.283838615254024e-14,300000000000000.0,50,52000000000000.0
586000.0,12091423000000.0,8.7241047e+31,4.31326061954369,1.9734228735177662e-14,0.0006942276585427605,3.0499257035427605,1.3954246580741347e-14,2.7932969483177454,1.2780099409726011e-14,300000000000000.0,50,52000000000000.0
587000.0,12065375000000.0,8.6548003e+31,4.3139062920239,1.9644226014861658e-14,0.0006941234799767647,3.050382264231176,1.3890604854957938e-14,2.7937150927837067,1.2721812666911782e-14,300000000000000.0,50,52000000000000.0
588000.0,12039372000000.0,8.6159842e+31,4.314530002563509,1.9557634727034952e-14,0.0006940230762722436,3.0508232954356314,1.3829375384208655e-14,2.794119014457522,1.2665735205616872e-14,300000000000000.0,50,52000000000000.0
589000.0,12013422000000.0,8.5954939e+31,4.315149001515876,1.947177530813e-14,0.000693923482404589,3.051260995034752,1.376866342465045e-14,2.7945198848560784,1.2610131710753505e-14,300000000000000.0,50,52000000000000.0
590000.0,11987512000000.0,8.5624161e+31,4.315768000468244,1.938591588922505e-14,0.0006938238885369343,3.0516986946338727,1.3707951465092244e-14,2.794920755254635,1.2554528215890138e-14,300000000000000.0,50,52000000000000.0
591000.0,11961649000000.0,8.5387141e+31,4.316386999420612,1.93000564703201e-14,0.0006937242946692797,3.0521363942329933,1.364723950553404e-14,2.7953216256531914,1.2498924721026772e-14,300000000000000.0,50,52000000000000.0
592000.0,11935810000000.0,8.5124442e+31,4.31700599837298,1.9214197051415148e-14,0.0006936247008016251,3.052574093832114,1.3586527545975835e-14,2.7957224960517477,1.2443321226163404e-14,300000000000000.0,50,52000000000000.0
593000.0,11910012000000.0,8.4828697e+31,4.317624997325347,1.91283376325102e-14,0.0006935251069339704,3.0530117934312346,1.352581558641763e-14,2.7961233664503045,1.2387717731300037e-14,300000000000000.0,50,52000000000000.0
594000.0,11884260000000.0,8.4541196e+31,4.318243996277715,1.904247821360525e-14,0.0006934255130663158,3.053449493030355,1.3465103626859426e-14,2.7965242368488608,1.233211423643667e-14,300000000000000.0,50,52000000000000.0
595000.0,11858550000000.0,8.4279642e+31,4.3188629952300825,1.89566187947003e-14,0.0006933259191986611,3.0538871926294755,1.3404391667301221e-14,2.796925107247417,1.2276510741573304e-14,300000000000000.0,50,52000000000000.0
596000.0,11832883000000.0,8.403055e+31,4.319481994182451,1.8870759375795348e-14,0.0006932263253310065,3.054324892228596,1.3343679707743015e-14,2.7973259776459733,1.2220907246709935e-14,300000000000000.0,50,52000000000000.0
597000.0,11807262000000.0,8.3778384e+31,4.320093936589705,1.8785858572805083e-14,0.000693127938101915,3.05475760208184,1.328364559426783e-14,2.797722278149055,1.2165924562168356e-14,300000000000000.0,50,52000000000000.0
598000.0,11781689000000.0,8.3518701e+31,4.320687076062816,1.8703512106480493e-14,0.0006930327660928892,3.0551770162129372,1.3225417675616884e-14,2.7981064016671833,1.211259609444404e-14,300000000000000.0,50,52000000000000.0
599000.0,11756169000000.0,8.3255155e+31,4.321280215535927,1.8621165640155906e-14,0.0006929375940838634,3.0555964303440346,1.3167189756965939e-14,2.7984905251853114,1.2059267626719724e-14,300000000000000.0,50,52000000000000.0
600000.0,11730701000000.0,8.2987743e+31,4.321873355009037,1.8538819173831316e-14,0.0006928424220748376,3.0560158444751324,1.3108961838314994e-14,2.7988746487034395,1.2005939158995407e-14,300000000000000.0,50,52000000000000.0
601000.0,11705290000000.0,8.2714552e+31,4.322466494482147,1.845647270750673e-14,0.0006927472500658118,3.0564352586062298,1.3050733919664048e-14,2.7992587722215676,1.1952610691271092e-14,300000000000000.0,50,52000000000000.0
602000.0,11679933000000.0,8.2433842e+31,4.323059633955258,1.837412624118214e-14,0.000692652078056786,3.0568546727373276,1.2992506001013103e-14,2.7996428957396957,1.1899282223546775e-14,300000000000000.0,50,52000000000000.0
603000.0,11654629000000.0,8.2155417e+31,4.3236527734283685,1.829177977485755e-14,0.0006925569060477601,3.057274086868425,1.2934278082362157e-14,2.800027019257824,1.184595375582246e-14,300000000000000.0,50,52000000000000.0
604000.0,11629381000000.0,8.1870604e+31,4.324245912901479,1.8209433308532963e-14,0.0006924617340387343,3.0576935009995228,1.2876050163711211e-14,2.800411142775952,1.1792625288098145e-14,300000000000000.0,50,52000000000000.0
605000.0,11604193000000.0,8.1584327e+31,4.32483905237459,1.8127086842208373e-14,0.0006923665620297085,3.05811291513062,1.2817822245060265e-14,2.80079526629408,1.1739296820373828e-14,300000000000000.0,50,52000000000000.0
606000.0,11579064000000.0,8.1296643e+31,4.3254321918477,1.8044740375883787e-14,0.0006922713900206827,3.058532329261718,1.2759594326409321e-14,2.801179389812208,1.1685968352649513e-14,300000000000000.0,50,52000000000000.0
607000.0,11553998000000.0,8.1003551e+31,4.326011038657285,1.7964566242341274e-14,0.0006921786488810685,3.0589416369233304,1.2702902484012377e-14,2.8015542572458974,1.1634046711663165e-14,300000000000000.0,50,52000000000000.0
608000.0,11528994000000.0,8.0713358e+31,4.326578973298539,1.7886050642279453e-14,0.0006920877636625817,3.059343228493675,1.2647383405713634e-14,2.8019220578406254,1.1583199155304046e-14,300000000000000.0,50,52000000000000.0
609000.0,11504055000000.0,8.042015e+31,4.327146907939794,1.7807535042217634e-14,0.0006919968784440951,3.0597448200640187,1.2591864327414889e-14,2.802289858435353,1.1532351598944927e-14,300000000000000.0,50,52000000000000.0
610000.0,11479181000000.0,8.0124e+31,4.32771484258105,1.7729019442155815e-14,0.0006919059932256084,3.060146411634363,1.2536345249116146e-14,2.8026576590300807,1.1481504042585808e-14,300000000000000.0,50,52000000000000.0
611000.0,11454370000000.0,7.9827708e+31,4.328282777222304,1.7650503842093993e-14,0.0006918151080071216,3.060548003204707,1.24808261708174e-14,2.8030254596248083,1.143065648622669e-14,300000000000000.0,50,52000000000000.0
612000.0,11429622000000.0,7.9533383e+31,4.328850711863559,1.7571988242032175e-14,0.0006917242227886349,3.0609495947750514,1.2425307092518657e-14,2.803393260219536,1.1379808929867572e-14,300000000000000.0,50,52000000000000.0
613000.0,11404941000000.0,7.9238565e+31,4.329418646504814,1.7493472641970356e-14,0.0006916333375701482,3.0613511863453953,1.2369788014219914e-14,2.8037610608142636,1.1328961373508453e-14,300000000000000.0,50,52000000000000.0
614000.0,11380328000000.0,7.8943729e+31,4.329986581146069,1.7414957041908534e-14,0.0006915424523516615,3.0617527779157396,1.231426893592117e-14,2.8041288614089916,1.1278113817149335e-14,300000000000000.0,50,52000000000000.0
615000.0,11355782000000.0,7.8643658e+31,4.330554515787323,1.7336441441846716e-14,0.0006914515671331748,3.062154369486084,1.2258749857622426e-14,2.8044966620037193,1.1227266260790216e-14,300000000000000.0,50,52000000000000.0
616000.0,11331307000000.0,7.8351509e+31,4.331122450428579,1.7257925841784894e-14,0.0006913606819146881,3.062555961056428,1.2203230779323681e-14,2.804864462598447,1.1176418704431097e-14,300000000000000.0,50,52000000000000.0
617000.0,11306901000000.0,7.8058431e+31,4.331673206444428,1.7182161476337554e-14,0.0006912727039990503,3.0629454054681413,1.2149657123930342e-14,2.805221138128566,1.1127352877952457e-14,300000000000000.0,50,52000000000000.0
618000.0,11282562000000.0,7.7764861e+31,4.332216717928844,1.7107557355390317e-14,0.000691185952144659,3.063329727207321,1.2096903887927807e-14,2.8055731220213533,1.1079038438608749e-14,300000000000000.0,50,52000000000000.0
619000.0,11258285000000.0,7.7472284e+31,4.3327602294132594,1.7032953234443077e-14,0.0006910992002902676,3.0637140489465007,1.2044150651925271e-14,2.805925105914141,1.1030723999265039e-14,300000000000000.0,50,52000000000000.0
620000.0,11234075000000.0,7.7174215e+31,4.333303740897676,1.6958349113495837e-14,0.0006910124484358763,3.0640983706856804,1.1991397415922735e-14,2.8062770898069287,1.098240955992133e-14,300000000000000.0,50,52000000000000.0
621000.0,11209933000000.0,7.688559e+31,4.333847252382092,1.68837449925486e-14,0.0006909256965814849,3.06448269242486,1.1938644179920199e-14,2.806629073699716,1.093409512057762e-14,300000000000000.0,50,52000000000000.0
622000.0,11185860000000.0,7.6597451e+31,4.334390763866508,1.680914087160136e-14,0.0006908389447270936,3.0648670141640397,1.1885890943917663e-14,2.8069810575925036,1.088578068123391e-14,300000000000000.0,50,52000000000000.0
623000.0,11161854000000.0,7.6308574e+31,4.334934275350923,1.6734536750654124e-14,0.0006907521928727022,3.0652513359032194,1.1833137707915127e-14,2.807333041485291,1.08374662418902e-14,300000000000000.0,50,52000000000000.0
624000.0,11137915000000.0,7.602158e+31,4.335477786835339,1.6659932629706884e-14,0.0006906654410183108,3.065635657642399,1.1780384471912592e-14,2.8076850253780785,1.0789151802546492e-14,300000000000000.0,50,52000000000000.0
625000.0,11114044000000.0,7.5731681e+31,4.336021298319755,1.6585328508759644e-14,0.0006905786891639195,3.0660199793815788,1.1727631235910056e-14,2.808037009270866,1.0740837363202782e-14,300000000000000.0,50,52000000000000.0
626000.0,11090237000000.0,7.5446856e+31,4.336564809804171,1.6510724387812408e-14,0.0006904919373095281,3.0664043011207585,1.167487799990752e-14,2.8083889931636534,1.0692522923859073e-14,300000000000000.0,50,52000000000000.0
627000.0,11066493000000.0,7.5164505e+31,4.337092301810154,1.6438616322132758e-14,0.0006904078840163843,3.0667772953445716,1.1623889747157772e-14,2.8087306026681462,1.0645824957412575e-14,300000000000000.0,50,52000000000000.0
628000.0,11042811000000.0,7.488294e+31,4.337612229392179,1.636768689783927e-14,0.0006903251049882819,3.0671449406970734,1.1573734922391222e-14,2.8090673133694923,1.0599890292116095e-14,300000000000000.0,50,52000000000000.0
629000.0,11019190000000.0,7.4602294e+31,4.338132156974204,1.6296757473545784e-14,0.0006902423259601797,3.0675125860495753,1.152358009762467e-14,2.8094040240708384,1.0553955626819615e-14,300000000000000.0,50,52000000000000.0
630000.0,10995627000000.0,7.4324188e+31,4.338652084556229,1.6225828049252295e-14,0.0006901595469320775,3.0678802314020768,1.147342527285812e-14,2.809740734772184,1.0508020961523136e-14,300000000000000.0,50,52000000000000.0
631000.0,10972123000000.0,7.4047797e+31,4.339172012138254,1.6154898624958806e-14,0.0006900767679039752,3.0682478767545787,1.142327044809157e-14,2.8100774454735302,1.0462086296226656e-14,300000000000000.0,50,52000000000000.0
632000.0,10948677000000.0,7.3773271e+31,4.339691939720279,1.6083969200665317e-14,0.000689993988875873,3.06861552210708,1.137311562332502e-14,2.8104141561748763,1.0416151630930176e-14,300000000000000.0,50,52000000000000.0
633000.0,10925289000000.0,7.3502337e+31,4.340211867302304,1.6013039776371828e-14,0.0006899112098477708,3.068983167459582,1.1322960798558468e-14,2.810750866876222,1.0370216965633697e-14,300000000000000.0,50,52000000000000.0
634000.0,10901955000000.0,7.3233189e+31,4.340731794884329,1.594211035207834e-14,0.0006898284308196685,3.069350812812084,1.1272805973791917e-14,2.811087577577568,1.0324282300337217e-14,300000000000000.0,50,52000000000000.0
635000.0,10878671000000.0,7.2964998e+31,4.341251722466354,1.5871180927784853e-14,0.0006897456517915662,3.0697184581645853,1.1222651149025366e-14,2.811424288278914,1.0278347635040737e-14,300000000000000.0,50,52000000000000.0
636000.0,10855434000000.0,7.2699546e+31,4.341771650048379,1.5800251503491364e-14,0.000689662872763464,3.070086103517087,1.1172496324258815e-14,2.8117609989802603,1.0232412969744258e-14,300000000000000.0,50,52000000000000.0
637000.0,10832245000000.0,7.2435694e+31,4.342280364355137,1.5730905840964815e-14,0.0006895819740545936,3.0704458198632323,1.1123461391775845e-14,2.812090447842794,1.0187503966034797e-14,300000000000000.0,50,52000000000000.0
638000.0,10809107000000.0,7.2173031e+31,4.342777504982245,1.566319484368073e-14,0.0006895030161000444,3.0707973523578866,1.1075582345884836e-14,2.8124124014647234,1.0143653589564498e-14,300000000000000.0,50,52000000000000.0
639000.0,10786015000000.0,7.1918361e+31,4.343274645609353,1.559548384639664e-14,0.0006894240581454952,3.071148884852541,1.1027703299993826e-14,2.8127343550866533,1.00998032130942e-14,300000000000000.0,50,52000000000000.0
640000.0,10762970000000.0,7.1664143e+31,4.343771786236461,1.552777284911255e-14,0.000689345100190946,3.0715004173471954,1.0979824254102816e-14,2.813056308708583,1.0055952836623901e-14,300000000000000.0,50,52000000000000.0
641000.0,10739971000000.0,7.1413579e+31,4.344268926863569,1.546006185182846e-14,0.0006892661422363968,3.0718519498418497,1.0931945208211807e-14,2.8133782623305126,1.0012102460153602e-14,300000000000000.0,50,52000000000000.0
642000.0,10717019000000.0,7.1164434e+31,4.344766067490677,1.539235085454437e-14,0.0006891871842818477,3.072203482336504,1.0884066162320797e-14,2.8137002159524425,9.968252083683303e-15,300000000000000.0,50,52000000000000.0
643000.0,10694113000000.0,7.091553e+31,4.345263208117784,1.5324639857260282e-14,0.0006891082263272984,3.0725550148311584,1.0836187116429789e-14,2.8140221695743723,9.924401707213005e-15,300000000000000.0,50,52000000000000.0
644000.0,10671252000000.0,7.0672997e+31,4.345760348744892,1.5256928859976192e-14,0.0006890292683727492,3.072906547325813,1.0788308070538779e-14,2.814344123196302,9.880551330742706e-15,300000000000000.0,50,52000000000000.0
645000.0,10648434000000.0,7.0430612e+31,4.346257489372,1.5189217862692103e-14,0.0006889503104182001,3.073258079820467,1.0740429024647768e-14,2.8146660768182317,9.836700954272407e-15,300000000000000.0,50,52000000000000.0
646000.0,10625661000000.0,7.0189781e+31,4.346754629999108,1.5121506865408013e-14,0.0006888713524636509,3.0736096123151215,1.069254997875676e-14,2.8149880304401615,9.792850577802109e-15,300000000000000.0,50,52000000000000.0
647000.0,10602933000000.0,6.9950135e+31,4.347248692610072,1.5054216015856254e-14,0.0006887929082465886,3.073958968317299,1.0644968023127334e-14,2.8153079907054415,9.749272293633602e-15,300000000000000.0,50,52000000000000.0
648000.0,10580252000000.0,6.9711176e+31,4.347723726427335,1.498952258754916e-14,0.0006887176400377734,3.0742948688909135,1.0599222727552556e-14,2.815615627717468,9.707376128088613e-15,300000000000000.0,50,52000000000000.0
649000.0,10557616000000.0,6.9477704e+31,4.348198760244598,1.4924829159242065e-14,0.000688642371828958,3.0746307694645276,1.0553477431977779e-14,2.8159232647294945,9.665479962543626e-15,300000000000000.0,50,52000000000000.0
650000.0,10535022000000.0,6.9242506e+31,4.3486737940618605,1.486013573093497e-14,0.0006885671036201427,3.074966670038142,1.0507732136403001e-14,2.816230901741521,9.62358379699864e-15,300000000000000.0,50,52000000000000.0
651000.0,10512469000000.0,6.9008094e+31,4.349148827879123,1.4795442302627873e-14,0.0006884918354113274,3.0753025706117563,1.0461986840828223e-14,2.816538538753548,9.581687631453652e-15,300000000000000.0,50,52000000000000.0
652000.0,10489961000000.0,6.8776201e+31,4.349623861696386,1.473074887432078e-14,0.0006884165672025121,3.075638471185371,1.0416241545253446e-14,2.8168461757655745,9.539791465908665e-15,300000000000000.0,50,52000000000000.0
653000.0,10467503000000.0,6.8545121e+31,4.350098895513648,1.4666055446013685e-14,0.0006883412989936969,3.075974371758985,1.0370496249678668e-14,2.817153812777601,9.497895300363677e-15,300000000000000.0,50,52000000000000.0
654000.0,10445090000000.0,6.8318395e+31,4.350573929330911,1.460136201770659e-14,0.0006882660307848815,3.0763102723325995,1.032475095410389e-14,2.8174614497896275,9.45599913481869e-15,300000000000000.0,50,52000000000000.0
655000.0,10422726000000.0,6.8089392e+31,4.351048963148173,1.4536668589399493e-14,0.0006881907625760662,3.0766461729062136,1.0279005658529113e-14,2.817769086801654,9.414102969273703e-15,300000000000000.0,50,52000000000000.0
656000.0,10400410000000.0,6.786311e+31,4.351523996965436,1.44719751610924e-14,0.0006881154943672509,3.076982073479828,1.0233260362954335e-14,2.8180767238136806,9.372206803728716e-15,300000000000000.0,50,52000000000000.0
657000.0,10378144000000.0,6.7637394e+31,4.351999030782698,1.4407281732785304e-14,0.0006880402261584356,3.077317974053442,1.0187515067379558e-14,2.818384360825707,9.330310638183729e-15,300000000000000.0,50,52000000000000.0
658000.0,10355927000000.0,6.7424544e+31,4.352460799441704,1.4344628218810532e-14,0.0006879671617941572,3.0776444947162807,1.0143212213579356e-14,2.8186834071774323,9.289735543550478e-15,300000000000000.0,50,52000000000000.0
659000.0,10333755000000.0,6.7217225e+31,4.352914368103484,1.4283235699355414e-14,0.0006878954597595804,3.077965217088526,1.0099801020347363e-14,2.818977143122054,9.249977082808846e-15,300000000000000.0,50,52000000000000.0
660000.0,10311640000000.0,6.6859715e+31,4.353367936765264,1.4221843179900295e-14,0.0006878237577250036,3.078285939460771,1.005638982711537e-14,2.819270879066676,9.210218622067213e-15,300000000000000.0,50,52000000000000.0
661000.0,10289638000000.0,6.6285286e+31,4.353821505427044,1.4160450660445175e-14,0.0006877520556904267,3.0786066618330166,1.0012978633883376e-14,2.8195646150112976,9.170460161325581e-15,300000000000000.0,50,52000000000000.0
662000.0,10267761000000.0,6.5835879e+31,4.354275074088824,1.4099058140990057e-14,0.0006876803536558498,3.078927384205262,9.969567440651383e-15,2.8198583509559194,9.130701700583948e-15,300000000000000.0,50,52000000000000.0
663000.0,10245947000000.0,6.5545601e+31,4.3547286427506045,1.4037665621534939e-14,0.0006876086516212729,3.0792481065775075,9.92615624741939e-15,2.8201520869005416,9.090943239842316e-15,300000000000000.0,50,52000000000000.0
664000.0,10224174000000.0,6.5285266e+31,4.355182211412385,1.3976273102079819e-14,0.000687536949586696,3.0795688289497525,9.882745054187396e-15,2.8204458228451634,9.051184779100682e-15,300000000000000.0,50,52000000000000.0
665000.0,10202442000000.0,6.5057939e+31,4.355635780074165,1.39148805826247e-14,0.0006874652475521193,3.079889551321998,9.839333860955403e-15,2.820739558789785,9.01142631835905e-15,300000000000000.0,50,52000000000000.0
666000.0,10180749000000.0,6.4847081e+31,4.356089348735945,1.385348806316958e-14,0.0006873935455175424,3.0802102736942434,9.79592266772341e-15,2.821033294734407,8.971667857617417e-15,300000000000000.0,50,52000000000000.0
667000.0,10159101000000.0,6.4619215e+31,4.356542917397726,1.3792095543714462e-14,0.0006873218434829655,3.080530996066489,9.752511474491416e-15,2.821327030679029,8.931909396875786e-15,300000000000000.0,50,52000000000000.0
668000.0,10137500000000.0,6.4403283e+31,4.356996486059506,1.3730703024259344e-14,0.0006872501414483886,3.080851718438734,9.709100281259423e-15,2.821620766623651,8.892150936134152e-15,300000000000000.0,50,52000000000000.0
669000.0,10115940000000.0,6.4218793e+31,4.357430893480107,1.367200655129948e-14,0.0006871816095056229,3.0811588917279513,9.667595486771814e-15,2.821902093540887,8.854138464708483e-15,300000000000000.0,50,52000000000000.0
670000.0,10094419000000.0,6.4065646e+31,4.35786376090306,1.3613526760819807e-14,0.0006871133323445744,3.0814649760712176,9.626243910416345e-15,2.822182423138962,8.816266319236404e-15,300000000000000.0,50,52000000000000.0
671000.0,10072933000000.0,6.392888e+31,4.358296628326012,1.3555046970340135e-14,0.000687045055183526,3.0817710604144835,9.584892334060876e-15,2.822462752737036,8.778394173764325e-15,300000000000000.0,50,52000000000000.0
672000.0,10051488000000.0,6.380043e+31,4.358729495748965,1.3496567179860462e-14,0.0006869767780224776,3.0820771447577497,9.543540757705407e-15,2.8227430823351107,8.740522028292245e-15,300000000000000.0,50,52000000000000.0
673000.0,10030082000000.0,6.3678022e+31,4.359162363171917,1.3438087389380788e-14,0.0006869085008614291,3.082383229101016,9.502189181349936e-15,2.8230234119331854,8.702649882820166e-15,300000000000000.0,50,52000000000000.0
674000.0,10008715000000.0,6.3565737e+31,4.35959523059487,1.3379607598901115e-14,0.0006868402237003807,3.0826893134442823,9.460837604994467e-15,2.8233037415312596,8.664777737348087e-15,300000000000000.0,50,52000000000000.0
675000.0,9987389500000.0,6.3445658e+31,4.360028098017823,1.3321127808421443e-14,0.0006867719465393322,3.0829953977875486,9.419486028638997e-15,2.8235840711293343,8.626905591876008e-15,300000000000000.0,50,52000000000000.0
676000.0,9966109200000.0,6.331885e+31,4.360460965440775,1.326264801794177e-14,0.0006867036693782838,3.083301482130815,9.378134452283528e-15,2.823864400727409,8.589033446403929e-15,300000000000000.0,50,52000000000000.0
677000.0,9944880500000.0,6.3183786e+31,4.360893832863728,1.3204168227462098e-14,0.0006866353922172353,3.0836075664740807,9.336782875928059e-15,2.824144730325483,8.55116130093185e-15,300000000000000.0,50,52000000000000.0
678000.0,9923703500000.0,6.3038806e+31,4.36132670028668,1.3145688436982425e-14,0.0006865671150561868,3.083913650817347,9.29543129957259e-15,2.824425059923558,8.51328915545977e-15,300000000000000.0,50,52000000000000.0
679000.0,9902581300000.0,6.2884386e+31,4.361758378973287,1.3087389842138312e-14,0.0006864990337280379,3.084218894594644,9.254207848275682e-15,2.824704619683105,8.475534354265246e-15,300000000000000.0,50,52000000000000.0
680000.0,9881516600000.0,6.2723742e+31,4.362171206581874,1.303196466247673e-14,0.0006864340579339969,3.084510808608176,9.215016214618265e-15,2.8249719712804255,8.439640408204833e-15,300000000000000.0,50,52000000000000.0
681000.0,9860510800000.0,6.2559173e+31,4.36258403419046,1.2976539482815147e-14,0.0006863690821399559,3.084802722621707,9.175824580960848e-15,2.8252393228777466,8.403746462144419e-15,300000000000000.0,50,52000000000000.0
682000.0,9839566100000.0,6.2389902e+31,4.362996861799047,1.2921114303153564e-14,0.0006863041063459149,3.0850946366352385,9.136632947303429e-15,2.8255066744750676,8.367852516084006e-15,300000000000000.0,50,52000000000000.0
683000.0,9818680900000.0,6.2216309e+31,4.363409689407633,1.286568912349198e-14,0.0006862391305518739,3.08538655064877,9.097441313646011e-15,2.8257740260723883,8.331958570023593e-15,300000000000000.0,50,52000000000000.0
684000.0,9797856900000.0,6.204158e+31,4.363822517016219,1.2810263943830399e-14,0.000686174154757833,3.0856784646623012,9.058249679988594e-15,2.8260413776697093,8.29606462396318e-15,300000000000000.0,50,52000000000000.0
685000.0,9777093000000.0,6.1866022e+31,4.364235344624806,1.2754838764168815e-14,0.000686109178963792,3.0859703786758326,9.019058046331177e-15,2.8263087292670304,8.260170677902768e-15,300000000000000.0,50,52000000000000.0
686000.0,9756388800000.0,6.1689754e+31,4.364648172233392,1.2699413584507233e-14,0.000686044203169751,3.086262292689364,8.979866412673759e-15,2.8265760808643514,8.224276731842353e-15,300000000000000.0,50,52000000000000.0
687000.0,9735742900000.0,6.150167e+31,4.365060999841978,1.2643988404845649e-14,0.00068597922737571,3.0865542067028953,8.940674779016342e-15,2.826843432461672,8.18838278578194e-15,300000000000000.0,50,52000000000000.0
688000.0,9715156500000.0,6.1333964e+31,4.365473827450565,1.2588563225184067e-14,0.000685914251581669,3.0868461207164266,8.901483145358924e-15,2.827110784058993,8.152488839721528e-15,300000000000000.0,50,52000000000000.0
689000.0,9694632800000.0,6.1007189e+31,4.365886655059151,1.2533138045522483e-14,0.0006858492757876281,3.0871380347299584,8.862291511701507e-15,2.827378135656314,8.116594893661115e-15,300000000000000.0,50,52000000000000.0
690000.0,9674253100000.0,6.0080126e+31,4.3662991682797445,1.2477765572246424e-14,0.000685784351582421,3.0874297264369654,8.823137147200089e-15,2.8276452836525694,8.080735080831433e-15,300000000000000.0,50,52000000000000.0
691000.0,9654022800000.0,5.9688875e+31,4.366692693902039,1.242557632383886e-14,0.000685722543107068,3.0877079918456536,8.786233669437035e-15,2.827900135074717,8.046936759182201e-15,300000000000000.0,50,52000000000000.0
692000.0,9633807200000.0,5.9596924e+31,4.367086219524335,1.2373387075431296e-14,0.0006856607346317151,3.0879862572543413,8.749330191673981e-15,2.8281549864968643,8.013138437532969e-15,300000000000000.0,50,52000000000000.0
693000.0,9613608800000.0,5.9427634e+31,4.36747974514663,1.232119782702373e-14,0.0006855989261563623,3.0882645226630294,8.712426713910928e-15,2.8284098379190117,7.979340115883736e-15,300000000000000.0,50,52000000000000.0
694000.0,9593443700000.0,5.9298132e+31,4.367873270768925,1.2269008578616167e-14,0.0006855371176810093,3.088542788071717,8.675523236147874e-15,2.828664689341159,7.945541794234504e-15,300000000000000.0,50,52000000000000.0
695000.0,9573310400000.0,5.9182417e+31,4.368266796391221,1.2216819330208602e-14,0.0006854753092056564,3.088821053480405,8.638619758384822e-15,2.828919540763306,7.911743472585272e-15,300000000000000.0,50,52000000000000.0
696000.0,9553217000000.0,5.9058526e+31,4.368660322013516,1.2164630081801037e-14,0.0006854135007303034,3.089099318889093,8.601716280621769e-15,2.8291743921854535,7.87794515093604e-15,300000000000000.0,50,52000000000000.0
697000.0,9533165700000.0,5.8959806e+31,4.369053847635811,1.2112440833393474e-14,0.0006853516922549506,3.0893775842977806,8.564812802858715e-15,2.829429243607601,7.844146829286807e-15,300000000000000.0,50,52000000000000.0
698000.0,9513167000000.0,5.8837519e+31,4.369447373258106,1.2060251584985909e-14,0.0006852898837795976,3.0896558497064683,8.527909325095662e-15,2.8296840950297484,7.810348507637575e-15,300000000000000.0,50,52000000000000.0
699000.0,9493278200000.0,5.8627772e+31,4.369840898880401,1.2008062336578344e-14,0.0006852280753042447,3.0899341151151565,8.491005847332608e-15,2.829938946451896,7.776550185988343e-15,300000000000000.0,50,52000000000000.0
700000.0,9473407500000.0,5.7815942e+31,4.370234424502697,1.195587308817078e-14,0.0006851662668288917,3.090212380523844,8.454102369569554e-15,2.8301937978740432,7.74275186433911e-15,300000000000000.0,50,52000000000000.0
701000.0,9453646100000.0,5.8075224e+31,4.370627950124992,1.1903683839763215e-14,0.0006851044583535388,3.090490645932532,8.4171988918065e-15,2.8304486492961907,7.708953542689879e-15,300000000000000.0,50,52000000000000.0
702000.0,9433974400000.0,5.7194167e+31,4.371006816654535,1.1853748530722955e-14,0.0006850450467652635,3.090758545767468,8.381889194710608e-15,2.8306940073313465,7.676614896791038e-15,300000000000000.0,50,52000000000000.0
703000.0,9414339200000.0,5.748295e+31,4.371381871594344,1.1804399280608501e-14,0.0006849862584045188,3.0910237503936924,8.346993905118002e-15,2.8309368969397717,7.644655789053118e-15,300000000000000.0,50,52000000000000.0
704000.0,9394731500000.0,5.7536464e+31,4.371756926534153,1.1755050030494046e-14,0.0006849274700437741,3.0912889550199165,8.312098615525398e-15,2.8311797865481974,7.612696681315199e-15,300000000000000.0,50,52000000000000.0
705000.0,9375158900000.0,5.6855169e+31,4.372131981473962,1.1705700780379593e-14,0.0006848686816830293,3.0915541596461407,8.277203325932793e-15,2.8314226761566226,7.580737573577281e-15,300000000000000.0,50,52000000000000.0
706000.0,9355634800000.0,5.7079466e+31,4.372507036413771,1.1656351530265138e-14,0.0006848098933222845,3.091819364272365,8.242308036340188e-15,2.8316655657650482,7.548778465839362e-15,300000000000000.0,50,52000000000000.0
707000.0,9336152300000.0,5.7134692e+31,4.37288209135358,1.1607002280150684e-14,0.0006847511049615398,3.092084568898589,8.207412746747583e-15,2.8319084553734735,7.516819358101443e-15,300000000000000.0,50,52000000000000.0
708000.0,9316711700000.0,5.6492196e+31,4.37325714629339,1.155765303003623e-14,0.000684692316600795,3.0923497735248135,8.172517457154977e-15,2.832151344981899,7.484860250363525e-15,300000000000000.0,50,52000000000000.0
709000.0,9297329900000.0,5.6686361e+31,4.373632201233199,1.1508303779921776e-14,0.0006846335282400504,3.0926149781510377,8.137622167562374e-15,2.8323942345903244,7.452901142625606e-15,300000000000000.0,50,52000000000000.0
710000.0,9278000000000.0,5.6716049e+31,4.374007256173008,1.1458954529807322e-14,0.0006845747398793056,3.092880182777262,8.102726877969768e-15,2.8326371241987496,7.420942034887688e-15,300000000000000.0,50,52000000000000.0
711000.0,9258719300000.0,5.6096213e+31,4.374382311112817,1.1409605279692867e-14,0.0006845159515185608,3.093145387403486,8.067831588377163e-15,2.8328800138071752,7.388982927149769e-15,300000000000000.0,50,52000000000000.0
712000.0,9239503300000.0,5.6252342e+31,4.374757366052626,1.1360256029578413e-14,0.0006844571631578161,3.09341059202971,8.032936298784558e-15,2.8331229034156005,7.35702381941185e-15,300000000000000.0,50,52000000000000.0
713000.0,9220343100000.0,5.6258468e+31,4.375125526022062,1.1311986916129392e-14,0.0006843994980991491,3.0936709211616296,7.99880478346161e-15,2.833361327766692,7.325764219958385e-15,300000000000000.0,50,52000000000000.0
714000.0,9201233700000.0,5.5654974e+31,4.375482831325306,1.1265418248412744e-14,0.0006843436014409868,3.093923574863439,7.965875668481966e-15,2.833592722518641,7.295605847706188e-15,300000000000000.0,50,52000000000000.0
715000.0,9182187500000.0,5.5782548e+31,4.37584013662855,1.1218849580696096e-14,0.0006842877047828246,3.0941762285652485,7.932946553502323e-15,2.8338241172705896,7.265447475453991e-15,300000000000000.0,50,52000000000000.0
716000.0,9163196800000.0,5.5767846e+31,4.376197441931795,1.1172280912979448e-14,0.0006842318081246622,3.0944288822670583,7.90001743852268e-15,2.834055512022539,7.235289103201794e-15,300000000000000.0,50,52000000000000.0
717000.0,9144257700000.0,5.5184242e+31,4.376554747235038,1.11257122452628e-14,0.0006841759114664999,3.094681535968868,7.867088323543036e-15,2.8342869067744876,7.205130730949597e-15,300000000000000.0,50,52000000000000.0
718000.0,9125379600000.0,5.5302879e+31,4.376912052538282,1.1079143577546152e-14,0.0006841200148083376,3.0949341896706777,7.834159208563393e-15,2.8345183015264364,7.174972358697398e-15,300000000000000.0,50,52000000000000.0
719000.0,9106557100000.0,5.5292983e+31,4.377269357841526,1.1032574909829504e-14,0.0006840641181501753,3.095186843372487,7.80123009358375e-15,2.834749696278385,7.144813986445201e-15,300000000000000.0,50,52000000000000.0
720000.0,9087787300000.0,5.4736827e+31,4.3776266631447704,1.0986006242112855e-14,0.0006840082214920129,3.0954394970742967,7.768300978604107e-15,2.834981091030334,7.114655614193004e-15,300000000000000.0,50,52000000000000.0
721000.0,9069078200000.0,5.4827275e+31,4.377983968448015,1.0939437574396206e-14,0.0006839523248338507,3.0956921507761064,7.735371863624463e-15,2.8352124857822827,7.0844972419408064e-15,300000000000000.0,50,52000000000000.0
722000.0,9050427300000.0,5.4808089e+31,4.378341273751258,1.0892868906679557e-14,0.0006838964281756884,3.095944804477916,7.70244274864482e-15,2.8354438805342315,7.054338869688609e-15,300000000000000.0,50,52000000000000.0
723000.0,9031831200000.0,5.4261376e+31,4.378698579054502,1.084630023896291e-14,0.0006838405315175261,3.0961974581797254,7.669513633665177e-15,2.8356752752861802,7.024180497436412e-15,300000000000000.0,50,52000000000000.0
724000.0,9013296600000.0,5.4324601e+31,4.379055884357746,1.0799731571246261e-14,0.0006837846348593638,3.096450111881535,7.636584518685533e-15,2.835906670038129,6.9940221251842144e-15,300000000000000.0,50,52000000000000.0
725000.0,8994820000000.0,5.4297195e+31,4.379399610105803,1.0755437345453608e-14,0.0006837309429053506,3.0966931633603036,7.605263681821055e-15,2.836129270523451,6.965336706277125e-15,300000000000000.0,50,52000000000000.0
726000.0,8976397000000.0,5.3756877e+31,4.379739893442696,1.0711719689670951e-14,0.0006836778098428527,3.096933780679828,7.57435054273912e-15,2.836349641666118,6.9370246803839244e-15,300000000000000.0,50,52000000000000.0
727000.0,8958033300000.0,5.3790553e+31,4.380080176779589,1.0668002033888294e-14,0.0006836246767803547,3.097174397999352,7.543437403657186e-15,2.8365700128087847,6.908712654490724e-15,300000000000000.0,50,52000000000000.0
728000.0,8939726600000.0,5.3758367e+31,4.380420460116481,1.0624284378105639e-14,0.0006835715437178568,3.097415015318876,7.512524264575252e-15,2.8367903839514517,6.880400628597523e-15,300000000000000.0,50,52000000000000.0
729000.0,8921469600000.0,5.3247719e+31,4.380760743453374,1.0580566722322982e-14,0.0006835184106553589,3.097655632638401,7.481611125493317e-15,2.8370107550941186,6.8520886027043224e-15,300000000000000.0,50,52000000000000.0
730000.0,8903277900000.0,5.3203294e+31,4.381101026790267,1.0536849066540325e-14,0.000683465277592861,3.097896249957925,7.450697986411383e-15,2.8372311262367855,6.823776576811122e-15,300000000000000.0,50,52000000000000.0
731000.0,8885188600000.0,5.249544e+31,4.381441310127159,1.0493131410757668e-14,0.000683412144530363,3.098136867277449,7.41978484732945e-15,2.8374514973794525,6.795464550917922e-15,300000000000000.0,50,52000000000000.0
732000.0,8867139800000.0,5.232071e+31,4.381781593464052,1.0449413754975013e-14,0.0006833590114678651,3.0983774845969734,7.388871708247514e-15,2.8376718685221194,6.767152525024721e-15,300000000000000.0,50,52000000000000.0
733000.0,8849186500000.0,5.1575697e+31,4.382121876800945,1.0405696099192356e-14,0.0006833058784053672,3.0986181019164976,7.35795856916558e-15,2.8378922396647868,6.7388404991315205e-15,300000000000000.0,50,52000000000000.0
734000.0,8831291300000.0,5.1982226e+31,4.382462160137838,1.03619784434097e-14,0.0006832527453428693,3.0988587192360217,7.327045430083647e-15,2.8381126108074537,6.71052847323832e-15,300000000000000.0,50,52000000000000.0
735000.0,8813431100000.0,5.1023302e+31,4.382802443474731,1.0318260787627043e-14,0.0006831996122803714,3.099099336555546,7.296132291001711e-15,2.8383329819501206,6.682216447345119e-15,300000000000000.0,50,52000000000000.0
736000.0,8795637300000.0,5.1465415e+31,4.383142425523783,1.0274591542503207e-14,0.0006831465279788834,3.0993397408317866,7.265253383526995e-15,2.8385531579755283,6.653935772721258e-15,300000000000000.0,50,52000000000000.0
737000.0,8777880100000.0,5.0580479e+31,4.3834664690939125,1.023348327780903e-14,0.00068309602319181,3.0995688748693366,7.236185368081012e-15,2.838763012069903,6.6273136168860735e-15,300000000000000.0,50,52000000000000.0
738000.0,8760182100000.0,5.105892e+31,4.383790512664042,1.0192375013114854e-14,0.0006830455184047366,3.0997980089068866,7.20711735263503e-15,2.8389728661642777,6.600691461050889e-15,300000000000000.0,50,52000000000000.0
739000.0,8742514200000.0,5.0233042e+31,4.384114556234172,1.0151266748420677e-14,0.0006829950136176632,3.1000271429444366,7.178049337189047e-15,2.8391827202586524,6.5740693052157054e-15,300000000000000.0,50,52000000000000.0
740000.0,8724904800000.0,5.0708547e+31,4.384438599804302,1.01101584837265e-14,0.0006829445088305899,3.1002562769819866,7.148981321743064e-15,2.839392574353027,6.547447149380521e-15,300000000000000.0,50,52000000000000.0
741000.0,8707327000000.0,4.9930625e+31,4.384762643374431,1.0069050219032324e-14,0.0006828940040435165,3.1004854110195366,7.119913306297081e-15,2.8396024284474013,6.5208249935453366e-15,300000000000000.0,50,52000000000000.0
742000.0,8689809300000.0,5.0386751e+31,4.385086686944561,1.0027941954338147e-14,0.0006828434992564432,3.1007145450570865,7.0908452908510986e-15,2.839812282541776,6.494202837710152e-15,300000000000000.0,50,52000000000000.0
743000.0,8672327300000.0,4.9643916e+31,4.385410730514691,9.98683368964397e-15,0.0006827929944693698,3.100943679094637,7.061777275405116e-15,2.8400221366361507,6.467580681874968e-15,300000000000000.0,50,52000000000000.0
744000.0,8654906900000.0,5.0044744e+31,4.3857347740848205,9.945725424949794e-15,0.0006827424896822964,3.101172813132187,7.032709259959133e-15,2.8402319907305253,6.440958526039783e-15,300000000000000.0,50,52000000000000.0
745000.0,8637528000000.0,4.9324272e+31,4.38605881765495,9.904617160255617e-15,0.000682691984895223,3.101401947169737,7.003641244513151e-15,2.8404418448249,6.414336370204599e-15,300000000000000.0,50,52000000000000.0
746000.0,8620214600000.0,4.9673415e+31,4.386382861225081,9.86350889556144e-15,0.0006826414801081496,3.101631081207287,6.9745732290671675e-15,2.8406516989192743,6.3877142143694144e-15,300000000000000.0,50,52000000000000.0
747000.0,8602943500000.0,4.8985809e+31,4.3867069047952105,9.822400630867264e-15,0.0006825909753210762,3.101860215244837,6.945505213621185e-15,2.840861553013649,6.36109205853423e-15,300000000000000.0,50,52000000000000.0
748000.0,8585734000000.0,4.9278667e+31,4.387030207365285,9.78141811410436e-15,0.0006825405900851667,3.1020888253147323,6.916526115652844e-15,2.8410709272283916,6.334551338425188e-15,300000000000000.0,50,52000000000000.0
749000.0,8568567500000.0,4.8642109e+31,4.387338732101954,9.742943400098294e-15,0.000682492589069303,3.1023069858486787,6.889320307259155e-15,2.8412707311587453,6.3096346986207365e-15,300000000000000.0,50,52000000000000.0
750000.0,8551472500000.0,4.8139348e+31,4.387647256838622,9.704468686092227e-15,0.0006824445880534393,3.102525146382625,6.862114498865466e-15,2.841470535089099,6.284718058816285e-15,300000000000000.0,50,52000000000000.0
751000.0,8534497700000.0,4.8333382e+31,4.38795578157529,9.665993972086162e-15,0.0006823965870375756,3.102743306916571,6.834908690471777e-15,2.8416703390194527,6.2598014190118336e-15,300000000000000.0,50,52000000000000.0
752000.0,8517534200000.0,4.8143427e+31,4.388264306311958,9.627519258080095e-15,0.0006823485860217118,3.1029614674505175,6.8077028820780884e-15,2.8418701429498063,6.2348847792073825e-15,300000000000000.0,50,52000000000000.0
753000.0,8500615100000.0,4.7946206e+31,4.388572831048626,9.589044544074028e-15,0.0006823005850058481,3.103179627984464,6.7804970736844e-15,2.84206994688016,6.2099681394029314e-15,300000000000000.0,50,52000000000000.0
754000.0,8483742700000.0,4.7770402e+31,4.388881355785294,9.550569830067961e-15,0.0006822525839899844,3.1033977885184103,6.753291265290711e-15,2.8422697508105137,6.18505149959848e-15,300000000000000.0,50,52000000000000.0
755000.0,8466946200000.0,4.7488361e+31,4.389189880521963,9.512095116061896e-15,0.0006822045829741206,3.1036159490523563,6.726085456897022e-15,2.842469554740867,6.160134859794029e-15,300000000000000.0,50,52000000000000.0
756000.0,8450228300000.0,4.6541171e+31,4.389498405258631,9.47362040205583e-15,0.0006821565819582569,3.1038341095863027,6.6988796485033334e-15,2.8426693586712206,6.135218219989578e-15,300000000000000.0,50,52000000000000.0
757000.0,8433665000000.0,4.6114935e+31,4.3898069299952995,9.435145688049763e-15,0.0006821085809423931,3.104052270120249,6.671673840109645e-15,2.8428691626015743,6.110301580185126e-15,300000000000000.0,50,52000000000000.0
758000.0,8417133500000.0,4.592595e+31,4.390115454731967,9.396670974043696e-15,0.0006820605799265294,3.104270430654195,6.644468031715956e-15,2.843068966531928,6.085384940380675e-15,300000000000000.0,50,52000000000000.0
759000.0,8400627500000.0,4.5756557e+31,4.390423979468635,9.35819626003763e-15,0.0006820125789106657,3.1044885911881415,6.617262223322267e-15,2.8432687704622817,6.060468300576224e-15,300000000000000.0,50,52000000000000.0
760000.0,8384153900000.0,4.5623931e+31,4.390732504205304,9.319721546031564e-15,0.000681964577894802,3.104706751722088,6.5900564149285784e-15,2.8434685743926353,6.035551660771773e-15,300000000000000.0,50,52000000000000.0
761000.0,8367703000000.0,4.5591226e+31,4.391028006327126,9.28325593137339e-15,0.0006819186719057181,3.1049157038506325,6.564271258512435e-15,2.843659944737144,6.011936135533916e-15,300000000000000.0,50,52000000000000.0
762000.0,8351268900000.0,4.5553692e+31,4.3913217701808716,9.247058492753629e-15,0.0006818730455623288,3.105123426834544,6.538675731752834e-15,2.8438501893604964,5.9884942840122724e-15,300000000000000.0,50,52000000000000.0
763000.0,8334867500000.0,4.5443143e+31,4.391615534034618,9.210861054133868e-15,0.0006818274192189394,3.1053311498184555,6.513080204993234e-15,2.8440404339838485,5.965052432490629e-15,300000000000000.0,50,52000000000000.0
764000.0,8318512000000.0,4.5299017e+31,4.391909297888364,9.174663615514108e-15,0.0006817817928755501,3.105538872802367,6.4874846782336326e-15,2.8442306786072007,5.941610580968986e-15,300000000000000.0,50,52000000000000.0
765000.0,8302204800000.0,4.5136868e+31,4.3922030617421095,9.138466176894347e-15,0.0006817361665321606,3.105746595786279,6.4618891514740315e-15,2.844420923230553,5.918168729447342e-15,300000000000000.0,50,52000000000000.0
766000.0,8285947100000.0,4.4960533e+31,4.392496825595855,9.102268738274587e-15,0.0006816905401887713,3.1059543187701903,6.436293624714431e-15,2.844611167853905,5.894726877925699e-15,300000000000000.0,50,52000000000000.0
767000.0,8269739800000.0,4.4781161e+31,4.392790589449601,9.066071299654824e-15,0.0006816449138453819,3.106162041754102,6.41069809795483e-15,2.8448014124772576,5.871285026404056e-15,300000000000000.0,50,52000000000000.0
768000.0,8253582700000.0,4.4595216e+31,4.393084353303347,9.029873861035064e-15,0.0006815992875019926,3.1063697647380133,6.385102571195229e-15,2.8449916571006097,5.847843174882412e-15,300000000000000.0,50,52000000000000.0
769000.0,8237472900000.0,4.440507e+31,4.393378117157092,8.993676422415303e-15,0.0006815536611586031,3.106577487721925,6.359507044435629e-15,2.845181901723962,5.824401323360769e-15,300000000000000.0,50,52000000000000.0
770000.0,8221411700000.0,4.4214234e+31,4.393671881010838,8.957478983795543e-15,0.0006815080348152138,3.1067852107058367,6.333911517676028e-15,2.845372146347314,5.8009594718391255e-15,300000000000000.0,50,52000000000000.0
771000.0,8205400200000.0,4.4020974e+31,4.393965644864584,8.921281545175782e-15,0.0006814624084718244,3.106992933689748,6.308315990916427e-15,2.845562390970666,5.7775176203174815e-15,300000000000000.0,50,52000000000000.0
772000.0,8189431400000.0,4.3826295e+31,4.39425940871833,8.885084106556021e-15,0.000681416782128435,3.1072006566736596,6.282720464156826e-15,2.845752635594019,5.754075768795838e-15,300000000000000.0,50,52000000000000.0
773000.0,8173507800000.0,4.3629232e+31,4.394545849932281,8.850024962321127e-15,0.0006813723303626606,3.1074032017546602,6.257929835444656e-15,2.8459381379968893,5.731371089073304e-15,300000000000000.0,50,52000000000000.0
774000.0,8157633100000.0,4.3433295e+31,4.394825500706698,8.816021382665339e-15,0.0006813289678076757,3.107600945256227,6.233885605801088e-15,2.8461192428379047,5.70935000442969e-15,300000000000000.0,50,52000000000000.0
775000.0,8141806100000.0,4.3234143e+31,4.395105151481116,8.782017803009551e-15,0.0006812856052526909,3.1077986887577946,6.209841376157521e-15,2.84630034767892,5.687328919786076e-15,300000000000000.0,50,52000000000000.0
776000.0,8126027600000.0,4.3038191e+31,4.395384802255533,8.748014223353765e-15,0.000681242242697706,3.107996432259362,6.185797146513954e-15,2.846481452519936,5.665307835142462e-15,300000000000000.0,50,52000000000000.0
777000.0,8110298300000.0,4.2841557e+31,4.3956644530299505,8.714010643697977e-15,0.0006811988801427212,3.1081941757609295,6.161752916870386e-15,2.8466625573609514,5.643286750498848e-15,300000000000000.0,50,52000000000000.0
778000.0,8094618900000.0,4.2643716e+31,4.395944103804368,8.680007064042189e-15,0.0006811555175877364,3.108391919262497,6.137708687226819e-15,2.846843662201967,5.621265665855234e-15,300000000000000.0,50,52000000000000.0
779000.0,8078986000000.0,4.2447304e+31,4.396223754578785,8.646003484386401e-15,0.0006811121550327515,3.1085896627640643,6.113664457583251e-15,2.8470247670429822,5.59924458121162e-15,300000000000000.0,50,52000000000000.0
780000.0,8063398600000.0,4.2249443e+31,4.396503405353203,8.611999904730615e-15,0.0006810687924777666,3.1087874062656313,6.0896202279396836e-15,2.847205871883998,5.577223496568006e-15,300000000000000.0,50,52000000000000.0
781000.0,8047856000000.0,4.2053176e+31,4.39678305612762,8.577996325074827e-15,0.0006810254299227819,3.1089851497671988,6.065575998296117e-15,2.8473869767250135,5.555202411924392e-15,300000000000000.0,50,52000000000000.0
782000.0,8032358300000.0,4.185918e+31,4.397062706902037,8.543992745419039e-15,0.000680982067367797,3.109182893268766,6.041531768652549e-15,2.847568081566029,5.533181327280778e-15,300000000000000.0,50,52000000000000.0
783000.0,8016904300000.0,4.1662923e+31,4.397342357676455,8.509989165763252e-15,0.0006809387048128121,3.1093806367703336,6.017487539008981e-15,2.8477491864070448,5.511160242637164e-15,300000000000000.0,50,52000000000000.0
784000.0,8001494200000.0,4.1469131e+31,4.397622008450872,8.475985586107464e-15,0.0006808953422578273,3.109578380271901,5.993443309365414e-15,2.84793029124806,5.48913915799355e-15,300000000000000.0,50,52000000000000.0
785000.0,7986130900000.0,4.127759e+31,4.3979016592252895,8.441982006451676e-15,0.0006808519797028424,3.1097761237734685,5.9693990797218466e-15,2.8481113960890756,5.467118073349936e-15,300000000000000.0,50,52000000000000.0
786000.0,7970809000000.0,4.1084416e+31,4.398168451304311,8.40993748424252e-15,0.0006808106739539584,3.109964774778654,5.94674011694629e-15,2.8482841735003745,5.446365695560109e-15,300000000000000.0,50,52000000000000.0
787000.0,7955528500000.0,4.0891542e+31,4.398434628728836,8.377986606328816e-15,0.0006807694665218227,3.1101529911562484,5.924147370881271e-15,2.8484565528547967,5.425673962831847e-15,300000000000000.0,50,52000000000000.0
788000.0,7940291200000.0,4.0701174e+31,4.398700806153361,8.346035728415112e-15,0.0006807282590896871,3.1103412075338435,5.901554624816252e-15,2.8486289322092184,5.404982230103585e-15,300000000000000.0,50,52000000000000.0
789000.0,7925096700000.0,4.0509367e+31,4.3989669835778855,8.314084850501407e-15,0.0006806870516575515,3.1105294239114385,5.878961878751233e-15,2.8488013115636406,5.384290497375323e-15,300000000000000.0,50,52000000000000.0
790000.0,7909945700000.0,4.0321138e+31,4.39923316100241,8.282133972587703e-15,0.0006806458442254158,3.1107176402890335,5.856369132686214e-15,2.8489736909180627,5.363598764647061e-15,300000000000000.0,50,52000000000000.0
791000.0,7894840100000.0,4.0132038e+31,4.399499338426935,8.250183094673999e-15,0.0006806046367932802,3.1109058566666286,5.833776386621195e-15,2.849146070272485,5.342907031918799e-15,300000000000000.0,50,52000000000000.0
792000.0,7879777700000.0,3.9944671e+31,4.39976551585146,8.218232216760295e-15,0.0006805634293611446,3.111094073044223,5.811183640556176e-15,2.8493184496269066,5.322215299190537e-15,300000000000000.0,50,52000000000000.0
793000.0,7864757800000.0,3.9759919e+31,4.400031693275984,8.18628133884659e-15,0.0006805222219290089,3.111282289421818,5.7885908944911566e-15,2.8494908289813288,5.3015235664622755e-15,300000000000000.0,50,52000000000000.0
794000.0,7849781600000.0,3.9573258e+31,4.400297870700509,8.154330460932886e-15,0.0006804810144968734,3.111470505799413,5.765998148426138e-15,2.849663208335751,5.280831833734013e-15,300000000000000.0,50,52000000000000.0
795000.0,7834848200000.0,3.9388179e+31,4.400564048125034,8.122379583019182e-15,0.0006804398070647378,3.1116587221770082,5.743405402361119e-15,2.849835587690173,5.2601401010057514e-15,300000000000000.0,50,52000000000000.0
796000.0,7819958500000.0,3.9203217e+31,4.400830225549559,8.09042870510548e-15,0.0006803985996326021,3.1118469385546033,5.7208126562961e-15,2.850007967044595,5.23944836827749e-15,300000000000000.0,50,52000000000000.0
797000.0,7805115200000.0,3.901917e+31,4.401096402974083,8.058477827191775e-15,0.0006803573922004665,3.112035154932198,5.698219910231081e-15,2.850180346399017,5.218756635549227e-15,300000000000000.0,50,52000000000000.0
798000.0,7790313500000.0,3.88384e+31,4.401360193220405,8.026891644411755e-15,0.0006803165655695065,3.112221683315144,5.675885043320798e-15,2.8503511797911187,5.198301083342303e-15,300000000000000.0,50,52000000000000.0
799000.0,7775555100000.0,3.8655887e+31,4.401613504727731,7.996906324572772e-15,0.0006802774105004448,3.1124008020898195,5.65468216075566e-15,2.850515227038964,5.1788822673270125e-15,300000000000000.0,50,52000000000000.0
800000.0,7760840800000.0,3.8475001e+31,4.4018668162350565,7.966921004733787e-15,0.0006802382554313832,3.1125799208644955,5.633479278190524e-15,2.8506792742868097,5.1594634513117224e-15,300000000000000.0,50,52000000000000.0
801000.0,7746170500000.0,3.8296116e+31,4.402120127742382,7.936935684894805e-15,0.0006801991003623216,3.1127590396391716,5.612276395625387e-15,2.850843321534655,5.1400446352964316e-15,300000000000000.0,50,52000000000000.0
802000.0,7731546500000.0,3.811689e+31,4.402373439249708,7.90695036505582e-15,0.0006801599452932599,3.112938158413847,5.59107351306025e-15,2.8510073687825006,5.1206258192811415e-15,300000000000000.0,50,52000000000000.0
803000.0,7716965000000.0,3.7940945e+31,4.402626750757032,7.876965045216837e-15,0.0006801207902241982,3.113117277188523,5.569870630495113e-15,2.851171416030346,5.101207003265851e-15,300000000000000.0,50,52000000000000.0
804000.0,7702424800000.0,3.7762569e+31,4.402880062264358,7.846979725377853e-15,0.0006800816351551366,3.1132963959631987,5.548667747929976e-15,2.8513354632781915,5.081788187250561e-15,300000000000000.0,50,52000000000000.0
805000.0,7687927500000.0,3.7586051e+31,4.403133373771683,7.816994405538869e-15,0.000680042480086075,3.1134755147378748,5.5274648653648395e-15,2.8514995105260375,5.0623693712352706e-15,300000000000000.0,50,52000000000000.0
806000.0,7673471600000.0,3.7410661e+31,4.403386685279009,7.787009085699886e-15,0.0006800033250170133,3.113654633512551,5.506261982799702e-15,2.851663557773883,5.04295055521998e-15,300000000000000.0,50,52000000000000.0
807000.0,7659060500000.0,3.723467e+31,4.403639996786334,7.757023765860901e-15,0.0006799641699479517,3.1138337522872264,5.485059100234566e-15,2.8518276050217284,5.02353173920469e-15,300000000000000.0,50,52000000000000.0
808000.0,7644689500000.0,3.7063026e+31,4.40389330829366,7.727038446021919e-15,0.0006799250148788901,3.1140128710619024,5.463856217669428e-15,2.851991652269574,5.004112923189399e-15,300000000000000.0,50,52000000000000.0
809000.0,7630359200000.0,3.6888665e+31,4.4041466198009855,7.697053126182934e-15,0.0006798858598098285,3.114191989836578,5.442653335104292e-15,2.8521556995174193,4.984694107174109e-15,300000000000000.0,50,52000000000000.0
810000.0,7616070400000.0,3.6716917e+31,4.404399931308311,7.667067806343951e-15,0.0006798467047407667,3.114371108611254,5.4214504525391544e-15,2.852319746765265,4.965275291158819e-15,300000000000000.0,50,52000000000000.0
811000.0,7601822800000.0,3.6545156e+31,4.404650677976726,7.6374623992359e-15,0.0006798079577497849,3.114548413765848,5.4005162096243424e-15,2.8524821329958128,4.946102510743932e-15,300000000000000.0,50,52000000000000.0
812000.0,7587619200000.0,3.6375021e+31,4.404891718662259,7.609294675581395e-15,0.0006797707550268816,3.1147188557348455,5.380598565388099e-15,2.852638233527331,4.927860789708964e-15,300000000000000.0,50,52000000000000.0
813000.0,7573452400000.0,3.620727e+31,4.405132759347792,7.581126951926892e-15,0.0006797335523039783,3.114889297703843,5.360680921151857e-15,2.8527943340588493,4.9096190686739955e-15,300000000000000.0,50,52000000000000.0
814000.0,7559325000000.0,3.6037476e+31,4.405373800033324,7.552959228272387e-15,0.0006796963495810751,3.1150597396728403,5.340763276915614e-15,2.852950434590367,4.891377347639027e-15,300000000000000.0,50,52000000000000.0
815000.0,7545235200000.0,3.5870554e+31,4.405614840718857,7.524791504617882e-15,0.0006796591468581718,3.115230181641838,5.320845632679371e-15,2.8531065351218854,4.873135626604058e-15,300000000000000.0,50,52000000000000.0
816000.0,7531185600000.0,3.5702025e+31,4.40585588140439,7.496623780963379e-15,0.0006796219441352685,3.1154006236108356,5.300927988443128e-15,2.8532626356534037,4.854893905569089e-15,300000000000000.0,50,52000000000000.0
817000.0,7517171700000.0,3.5534557e+31,4.406096922089923,7.468456057308874e-15,0.0006795847414123652,3.115571065579833,5.281010344206886e-15,2.8534187361849215,4.8366521845341214e-15,300000000000000.0,50,52000000000000.0
818000.0,7503193700000.0,3.5369997e+31,4.4063379627754555,7.440288333654371e-15,0.0006795475386894619,3.1157415075488304,5.2610926999706425e-15,2.8535748367164397,4.818410463499153e-15,300000000000000.0,50,52000000000000.0
819000.0,7489252000000.0,3.5204047e+31,4.406579003460989,7.412120609999866e-15,0.0006795103359665586,3.115911949517828,5.2411750557344e-15,2.853730937247958,4.800168742464184e-15,300000000000000.0,50,52000000000000.0
820000.0,7475348300000.0,3.504123e+31,4.406820044146522,7.383952886345363e-15,0.0006794731332436554,3.1160823914868256,5.221257411498157e-15,2.853887037779476,4.781927021429215e-15,300000000000000.0,50,52000000000000.0
821000.0,7461479700000.0,3.4877636e+31,4.407061084832055,7.355785162690858e-15,0.0006794359305207521,3.116252833455823,5.2013397672619146e-15,2.854043138310994,4.763685300394247e-15,300000000000000.0,50,52000000000000.0
822000.0,7447645200000.0,3.4715749e+31,4.407302125517587,7.327617439036355e-15,0.0006793987277978488,3.1164232754248204,5.181422123025671e-15,2.8541992388425124,4.745443579359279e-15,300000000000000.0,50,52000000000000.0
823000.0,7433846400000.0,3.4552865e+31,4.40754316620312,7.29944971538185e-15,0.0006793615250749455,3.116593717393818,5.161504478789429e-15,2.85435533937403,4.72720185832431e-15,300000000000000.0,50,52000000000000.0
824000.0,7420085100000.0,3.4394854e+31,4.4077839558288145,7.2713170778866e-15,0.000679324362195242,3.1167639818362036,5.141611644286483e-15,2.8545112773164942,4.708982859466132e-15,300000000000000.0,50,52000000000000.0
825000.0,7406357100000.0,3.4232613e+31,4.4080132820152915,7.244786480987812e-15,0.0006792890185634946,3.116926140380262,5.122851626847989e-15,2.8546597914123297,4.6918013594517275e-15,300000000000000.0,50,52000000000000.0
826000.0,7392663200000.0,3.4074247e+31,4.408242608201769,7.218255884089026e-15,0.0006792536749317473,3.1170882989243203,5.104091609409496e-15,2.854808305508165,4.674619859437323e-15,300000000000000.0,50,52000000000000.0
827000.0,7379003200000.0,3.3915689e+31,4.408471934388246,7.191725287190239e-15,0.0006792183313,3.117250457468379,5.085331591971002e-15,2.8549568196040003,4.657438359422919e-15,300000000000000.0,50,52000000000000.0
828000.0,7365379900000.0,3.3755471e+31,4.408701260574723,7.165194690291452e-15,0.0006791829876682527,3.1174126160124374,5.066571574532509e-15,2.8551053336998358,4.6402568594085144e-15,300000000000000.0,50,52000000000000.0
829000.0,7351789400000.0,3.3599526e+31,4.408930586761201,7.138664093392664e-15,0.0006791476440365054,3.1175747745564957,5.047811557094015e-15,2.855253847795671,4.62307535939411e-15,300000000000000.0,50,52000000000000.0
830000.0,7338231800000.0,3.3443178e+31,4.409159912947678,7.112133496493878e-15,0.0006791123004047581,3.1177369331005544,5.0290515396555215e-15,2.8554023618915063,4.6058938593797065e-15,300000000000000.0,50,52000000000000.0
831000.0,7324708500000.0,3.3287628e+31,4.409389239134155,7.085602899595091e-15,0.0006790769567730108,3.1178990916446128,5.0102915222170274e-15,2.8555508759873414,4.588712359365302e-15,300000000000000.0,50,52000000000000.0
832000.0,7311220600000.0,3.3132144e+31,4.409618565320633,7.059072302696304e-15,0.0006790416131412635,3.118061250188671,4.991531504778534e-15,2.855699390083177,4.571530859350898e-15,300000000000000.0,50,52000000000000.0
833000.0,7297764400000.0,3.297845e+31,4.40984789150711,7.0325417057975165e-15,0.0006790062695095162,3.11822340873273,4.972771487340041e-15,2.855847904179012,4.5543493593364935e-15,300000000000000.0,50,52000000000000.0
834000.0,7284341300000.0,3.2823939e+31,4.410077217693587,7.00601110889873e-15,0.0006789709258777689,3.118385567276788,4.954011469901547e-15,2.8559964182748474,4.537167859322089e-15,300000000000000.0,50,52000000000000.0
835000.0,7270953800000.0,3.2672931e+31,4.410306543880065,6.9794805119999425e-15,0.0006789355822460214,3.1185477258208465,4.935251452463054e-15,2.8561449323706825,4.519986359307685e-15,300000000000000.0,50,52000000000000.0
836000.0,7257598400000.0,3.252038e+31,4.410535870066542,6.952949915101156e-15,0.0006789002386142741,3.1187098843649053,4.91649143502456e-15,2.856293446466518,4.5028048592932805e-15,300000000000000.0,50,52000000000000.0
837000.0,7244275100000.0,3.2369419e+31,4.41076519625302,6.9264193182023686e-15,0.0006788648949825268,3.1188720429089636,4.8977314175860665e-15,2.856441960562353,4.485623359278876e-15,300000000000000.0,50,52000000000000.0
838000.0,7230984600000.0,3.2217355e+31,4.410987577640708,6.900836997886617e-15,0.0006788306506934161,3.1190292907249724,4.879641934894421e-15,2.8565859771317688,4.469055973446202e-15,300000000000000.0,50,52000000000000.0
839000.0,7217729000000.0,3.2066619e+31,4.411205690719358,6.875837493233992e-15,0.0006787970820659416,3.1191835203822746,4.86196456630548e-15,2.856727229498325,4.452866025346847e-15,300000000000000.0,50,52000000000000.0
840000.0,7204504100000.0,3.1917981e+31,4.411423803798009,6.850837988581367e-15,0.0006787635134384671,3.1193377500395774,4.844287197716539e-15,2.856868481864881,4.4366760772474916e-15,300000000000000.0,50,52000000000000.0
841000.0,7191311500000.0,3.1767746e+31,4.4116419168766585,6.825838483928742e-15,0.0006787299448109926,3.1194919796968796,4.8266098291275985e-15,2.8570097342314367,4.420486129148136e-15,300000000000000.0,50,52000000000000.0
842000.0,7178153700000.0,3.1621455e+31,4.411860029955308,6.800838979276117e-15,0.0006786963761835182,3.119646209354182,4.808932460538658e-15,2.857150986597993,4.404296181048781e-15,300000000000000.0,50,52000000000000.0
843000.0,7165026300000.0,3.147286e+31,4.412078143033958,6.775839474623492e-15,0.0006786628075560436,3.1198004390114846,4.791255091949717e-15,2.8572922389645488,4.388106232949426e-15,300000000000000.0,50,52000000000000.0
844000.0,7151930900000.0,3.1327279e+31,4.412296256112608,6.750839969970867e-15,0.0006786292389285691,3.119954668668787,4.7735777233607764e-15,2.8574334913311046,4.37191628485007e-15,300000000000000.0,50,52000000000000.0
845000.0,7138869000000.0,3.1180054e+31,4.412514369191258,6.725840465318242e-15,0.0006785956703010946,3.1201088983260896,4.755900354771835e-15,2.857574743697661,4.355726336750715e-15,300000000000000.0,50,52000000000000.0
846000.0,7125839300000.0,3.1035826e+31,4.412732482269908,6.7008409606656164e-15,0.0006785621016736201,3.120263127983392,4.738222986182895e-15,2.8577159960642167,4.33953638865136e-15,300000000000000.0,50,52000000000000.0
847000.0,7112839400000.0,3.0891921e+31,4.412950595348558,6.675841456012992e-15,0.0006785285330461456,3.1204173576406946,4.7205456175939535e-15,2.857857248430773,4.323346440552004e-15,300000000000000.0,50,52000000000000.0
848000.0,7099872900000.0,3.0747567e+31,4.413168708427208,6.6508419513603664e-15,0.0006784949644186711,3.120571587297997,4.702868249005013e-15,2.8579985007973288,4.307156492452649e-15,300000000000000.0,50,52000000000000.0
849000.0,7086936900000.0,3.0603277e+31,4.413386821505858,6.625842446707742e-15,0.0006784613957911966,3.1207258169552996,4.685190880416072e-15,2.8581397531638846,4.290966544353294e-15,300000000000000.0,50,52000000000000.0
850000.0,7074031700000.0,3.0461053e+31,4.413604934584508,6.6008429420551164e-15,0.0006784278271637222,3.120880046612602,4.667513511827131e-15,2.858281005530441,4.274776596253939e-15,300000000000000.0,50,52000000000000.0
851000.0,7061157400000.0,3.0316792e+31,4.413823047663158,6.575843437402492e-15,0.0006783942585362477,3.121034276269904,4.649836143238191e-15,2.8584222578969967,4.258586648154583e-15,300000000000000.0,50,52000000000000.0
852000.0,7048315300000.0,3.0176872e+31,4.4140304306723,6.552274213593092e-15,0.0006783623842477348,3.1211809186011252,4.633170138857071e-15,2.8585565613551305,4.243322965406658e-15,300000000000000.0,50,52000000000000.0
853000.0,7035501600000.0,3.0035457e+31,4.414237805899591,6.528706027077444e-15,0.0006783305111880207,3.1213275554297306,4.6165048679555185e-15,2.8586908597736533,4.2280599544213906e-15,300000000000000.0,50,52000000000000.0
854000.0,7022718500000.0,2.9896281e+31,4.41444518112688,6.505137840561796e-15,0.0006782986381283066,3.121474192258336,4.599839597053966e-15,2.8588251581921758,4.212796943436123e-15,300000000000000.0,50,52000000000000.0
855000.0,7009966800000.0,2.9756282e+31,4.41465255635417,6.481569654046148e-15,0.0006782667650685925,3.1216208290869414,4.583174326152413e-15,2.858959456610698,4.197533932450856e-15,300000000000000.0,50,52000000000000.0
856000.0,6997243000000.0,2.9618184e+31,4.414859931581461,6.458001467530501e-15,0.0006782348920088784,3.1217674659155468,4.5665090552508604e-15,2.859093755029221,4.182270921465588e-15,300000000000000.0,50,52000000000000.0
857000.0,6984549900000.0,2.9478853e+31,4.4150673068087505,6.434433281014853e-15,0.0006782030189491643,3.1219141027441517,4.549843784349308e-15,2.8592280534477434,4.167007910480321e-15,300000000000000.0,50,52000000000000.0
858000.0,6971886600000.0,2.9343723e+31,4.415274682036041,6.410865094499205e-15,0.0006781711458894502,3.122060739572757,4.533178513447755e-15,2.8593623518662663,4.151744899495054e-15,300000000000000.0,50,52000000000000.0
859000.0,6959251000000.0,2.9204126e+31,4.415482057263331,6.387296907983557e-15,0.0006781392728297361,3.1222073764013625,4.516513242546202e-15,2.8594966502847887,4.136481888509787e-15,300000000000000.0,50,52000000000000.0
860000.0,6946645000000.0,2.9069869e+31,4.415689432490621,6.363728721467909e-15,0.000678107399770022,3.122354013229968,4.49984797164465e-15,2.8596309487033116,4.1212188775245195e-15,300000000000000.0,50,52000000000000.0
861000.0,6934068300000.0,2.8930566e+31,4.415896807717911,6.340160534952261e-15,0.000678075526710308,3.122500650058573,4.483182700743097e-15,2.859765247121834,4.105955866539252e-15,300000000000000.0,50,52000000000000.0
862000.0,6921519300000.0,2.8797915e+31,4.416104182945201,6.316592348436613e-15,0.0006780436536505939,3.122647286887178,4.466517429841544e-15,2.859899545540357,4.090692855553984e-15,300000000000000.0,50,52000000000000.0
863000.0,6908999700000.0,2.8661722e+31,4.416311558172492,6.293024161920965e-15,0.0006780117805908798,3.1227939237157836,4.449852158939992e-15,2.8600338439588793,4.075429844568717e-15,300000000000000.0,50,52000000000000.0
864000.0,6896508500000.0,2.8529633e+31,4.416518933399781,6.269455975405317e-15,0.0006779799075311657,3.122940560544389,4.433186888038439e-15,2.860168142377402,4.06016683358345e-15,300000000000000.0,50,52000000000000.0
865000.0,6884043900000.0,2.8395112e+31,4.41672468653721,6.2460972680211716e-15,0.0006779482899907316,3.12308605037906,4.4166697416786164e-15,2.86030139031309,4.0450394835496414e-15,300000000000000.0,50,52000000000000.0
866000.0,6871610100000.0,2.8265222e+31,4.416921774043972,6.223857653252131e-15,0.0006779180375014945,3.123225412670465,4.40094391557861e-15,2.860429026293189,4.030636869998399e-15,300000000000000.0,50,52000000000000.0
867000.0,6859202800000.0,2.8130131e+31,4.417118861550735,6.20161803848309e-15,0.0006778877850122575,3.1233647749618707,4.385218089478603e-15,2.8605566622732876,4.016234256447155e-15,300000000000000.0,50,52000000000000.0
868000.0,6846822900000.0,2.8001459e+31,4.417315949057499,6.1793784237140496e-15,0.0006778575325230205,3.123504137253276,4.369492263378596e-15,2.8606842982533864,4.001831642895913e-15,300000000000000.0,50,52000000000000.0
869000.0,6834472400000.0,2.7868538e+31,4.417513036564261,6.157138808945009e-15,0.0006778272800337835,3.123643499544681,4.35376643727859e-15,2.8608119342334857,3.98742902934467e-15,300000000000000.0,50,52000000000000.0
870000.0,6822148200000.0,2.7740501e+31,4.417710124071024,6.134899194175968e-15,0.0006777970275445465,3.1237828618360863,4.338040611178582e-15,2.8609395702135845,3.973026415793427e-15,300000000000000.0,50,52000000000000.0
871000.0,6809850800000.0,2.7608594e+31,4.417907211577788,6.1126595794069276e-15,0.0006777667750553094,3.123922224127492,4.322314785078576e-15,2.8610672061936833,3.958623802242184e-15,300000000000000.0,50,52000000000000.0
872000.0,6797583400000.0,2.7481413e+31,4.4181042990845505,6.090419964637887e-15,0.0006777365225660723,3.124061586418897,4.306588958978569e-15,2.861194842173782,3.944221188690941e-15,300000000000000.0,50,52000000000000.0
873000.0,6785340700000.0,2.7351776e+31,4.418301386591313,6.068180349868847e-15,0.0006777062700768353,3.1242009487103024,4.290863132878562e-15,2.8613224781538813,3.9298185751396985e-15,300000000000000.0,50,52000000000000.0
874000.0,6773126100000.0,2.7226831e+31,4.418498474098077,6.045940735099806e-15,0.0006776760175875983,3.124340311001708,4.2751373067785555e-15,2.86145011413398,3.915415961588455e-15,300000000000000.0,50,52000000000000.0
875000.0,6760939200000.0,2.7099078e+31,4.41869556160484,6.023701120330766e-15,0.0006776457650983612,3.1244796732931133,4.259411480678549e-15,2.861577750114079,3.901013348037212e-15,300000000000000.0,50,52000000000000.0
876000.0,6748777800000.0,2.6972182e+31,4.418892649111602,6.001461505561725e-15,0.0006776155126091242,3.1246190355845185,4.2436856545785425e-15,2.861705386094178,3.88661073448597e-15,300000000000000.0,50,52000000000000.0
877000.0,6736644900000.0,2.6845797e+31,4.419089736618366,5.979221890792684e-15,0.0006775852601198872,3.1247583978759237,4.227959828478535e-15,2.861833022074277,3.872208120934727e-15,300000000000000.0,50,52000000000000.0
878000.0,6724537900000.0,2.672264e+31,4.419286824125129,5.956982276023644e-15,0.0006775550076306502,3.1248977601673293,4.212234002378529e-15,2.8619606580543757,3.8578055073834836e-15,300000000000000.0,50,52000000000000.0
879000.0,6712456300000.0,2.6596937e+31,4.419483014499172,5.934856419801952e-15,0.0006775248961279571,3.1250364880883423,4.19658861595012e-15,2.8620877130416833,3.843476565097359e-15,300000000000000.0,50,52000000000000.0
880000.0,6700404000000.0,2.6473574e+31,4.419670236320623,5.9138677972271614e-15,0.0006774961940546671,3.125168874267383,4.181747377458006e-15,2.862208959897939,3.829884107615713e-15,300000000000000.0,50,52000000000000.0
881000.0,6688376100000.0,2.6349478e+31,4.419857458142073,5.89287917465237e-15,0.0006774674919813769,3.1253012604464234,4.1669061389658905e-15,2.8623302067541956,3.816291650134067e-15,300000000000000.0,50,52000000000000.0
882000.0,6676375000000.0,2.6228293e+31,4.420044679963524,5.8718905520775795e-15,0.0006774387899080869,3.1254336466254635,4.152064900473776e-15,2.862451453610452,3.802699192652421e-15,300000000000000.0,50,52000000000000.0
883000.0,6664401200000.0,2.6106808e+31,4.420231901784974,5.850901929502788e-15,0.0006774100878347969,3.125566032804504,4.137223661981662e-15,2.862572700466708,3.7891067351707745e-15,300000000000000.0,50,52000000000000.0
884000.0,6652451700000.0,2.598561e+31,4.4204191236064245,5.829913306927998e-15,0.0006773813857615068,3.1256984189835446,4.122382423489548e-15,2.8626939473229642,3.775514277689129e-15,300000000000000.0,50,52000000000000.0
885000.0,6640530300000.0,2.5862794e+31,4.420606345427875,5.808924684353206e-15,0.0006773526836882168,3.1258308051625847,4.1075411849974325e-15,2.8628151941792206,3.761921820207483e-15,300000000000000.0,50,52000000000000.0
886000.0,6628633600000.0,2.5743715e+31,4.4207935672493255,5.787936061778416e-15,0.0006773239816149268,3.1259631913416253,4.092699946505318e-15,2.8629364410354765,3.748329362725836e-15,300000000000000.0,50,52000000000000.0
887000.0,6616762000000.0,2.5624735e+31,4.420980789070776,5.7669474392036244e-15,0.0006772952795416368,3.126095577520666,4.077858708013204e-15,2.863057687891733,3.7347369052441905e-15,300000000000000.0,50,52000000000000.0
888000.0,6604918400000.0,2.5504853e+31,4.421168010892226,5.745958816628834e-15,0.0006772665774683467,3.126227963699706,4.06301746952109e-15,2.8631789347479892,3.721144447762544e-15,300000000000000.0,50,52000000000000.0
889000.0,6593098300000.0,2.5386414e+31,4.421355232713677,5.7249701940540426e-15,0.0006772378753950567,3.1263603498787464,4.0481762310289745e-15,2.8633001816042456,3.707551990280898e-15,300000000000000.0,50,52000000000000.0
890000.0,6581305200000.0,2.5270077e+31,4.421542454535127,5.703981571479251e-15,0.0006772091733217667,3.126492736057787,4.03333499253686e-15,2.8634214284605015,3.693959532799252e-15,300000000000000.0,50,52000000000000.0
891000.0,6569537600000.0,2.5152735e+31,4.421729676356578,5.682992948904461e-15,0.0006771804712484766,3.1266251222368275,4.018493754044746e-15,2.863542675316758,3.680367075317606e-15,300000000000000.0,50,52000000000000.0
892000.0,6557793400000.0,2.5036154e+31,4.421916898178028,5.662004326329669e-15,0.0006771517691751866,3.1267575084158676,4.0036525155526316e-15,2.8636639221730142,3.66677461783596e-15,300000000000000.0,50,52000000000000.0
893000.0,6546077100000.0,2.4919449e+31,4.422104119999479,5.641015703754879e-15,0.0006771230671018966,3.126889894594908,3.9888112770605165e-15,2.86378516902927,3.653182160354314e-15,300000000000000.0,50,52000000000000.0
894000.0,6534384300000.0,2.4804829e+31,4.422283815606156,5.620965457989849e-15,0.0006770955450741596,3.127016958921693,3.974633573076392e-15,2.8639015418279774,3.6401974058342e-15,300000000000000.0,50,52000000000000.0
895000.0,6522716000000.0,2.4690327e+31,4.422461575253316,5.60115658980574e-15,0.0006770683265881747,3.12714265431458,3.96062654930594e-15,2.8640166608785016,3.627368970043671e-15,300000000000000.0,50,52000000000000.0
896000.0,6511074900000.0,2.4577219e+31,4.4226393349004764,5.581347721621632e-15,0.0006770411081021897,3.1272683497074674,3.9466195255354886e-15,2.8641317799290253,3.6145405342531424e-15,300000000000000.0,50,52000000000000.0
897000.0,6499456500000.0,2.4462626e+31,4.422817094547637,5.561538853437523e-15,0.0006770138896162048,3.1273940451003543,3.932612501765037e-15,2.864246898979549,3.601712098462614e-15,300000000000000.0,50,52000000000000.0
898000.0,6487864400000.0,2.4350195e+31,4.422994854194797,5.541729985253415e-15,0.0006769866711302198,3.1275197404932418,3.918605477994586e-15,2.8643620180300733,3.588883662672085e-15,300000000000000.0,50,52000000000000.0
899000.0,6476296200000.0,2.4237068e+31,4.423172613841957,5.521921117069306e-15,0.0006769594526442349,3.127645435886129,3.904598454224135e-15,2.864477137080597,3.576055226881556e-15,300000000000000.0,50,52000000000000.0
900000.0,6464751500000.0,2.4125669e+31,4.423350373489117,5.5021122488851985e-15,0.00067693223415825,3.127771131279016,3.890591430453683e-15,2.8645922561311212,3.563226791091028e-15,300000000000000.0,50,52000000000000.0
901000.0,6453233900000.0,2.4013903e+31,4.423528133136277,5.48230338070109e-15,0.000676905015672265,3.1278968266719036,3.8765844066832315e-15,2.864707375181645,3.5503983553004986e-15,300000000000000.0,50,52000000000000.0
902000.0,6441738600000.0,2.3905307e+31,4.423705892783437,5.4624945125169815e-15,0.0006768777971862801,3.1280225220647906,3.86257738291278e-15,2.8648224942321687,3.53756991950997e-15,300000000000000.0,50,52000000000000.0
903000.0,6430268200000.0,2.3794099e+31,4.423883652430598,5.442685644332873e-15,0.0006768505787002951,3.128148217457678,3.848570359142329e-15,2.864937613282693,3.524741483719441e-15,300000000000000.0,50,52000000000000.0
904000.0,6418822600000.0,2.3684428e+31,4.424061412077758,5.4228767761487646e-15,0.0006768233602143102,3.128273912850565,3.834563335371878e-15,2.8650527323332167,3.511913047928912e-15,300000000000000.0,50,52000000000000.0
905000.0,6407399800000.0,2.3575247e+31,4.424239171724918,5.403067907964656e-15,0.0006767961417283254,3.1283996082434524,3.820556311601426e-15,2.865167851383741,3.4990846121383834e-15,300000000000000.0,50,52000000000000.0
906000.0,6396002600000.0,2.3466942e+31,4.424416931372078,5.3832590397805476e-15,0.0006767689232423404,3.1285253036363394,3.8065492878309745e-15,2.8652829704342646,3.4862561763478547e-15,300000000000000.0,50,52000000000000.0
907000.0,6384628800000.0,2.336008e+31,4.424594691019238,5.36345017159644e-15,0.0006767417047563555,3.128650999029227,3.792542264060523e-15,2.8653980894847884,3.473427740557326e-15,300000000000000.0,50,52000000000000.0
908000.0,6373278100000.0,2.3252473e+31,4.424770024336959,5.3439394044575184e-15,0.0006767148658495146,3.128774978743368,3.778746030163105e-15,2.865511637218308,3.460792358223045e-15,300000000000000.0,50,52000000000000.0
909000.0,6361952800000.0,2.3145359e+31,4.4249387084190595,5.325245568464204e-15,0.0006766890671605126,3.128894256724905,3.765527455469633e-15,2.8656208788354247,3.4486860293212222e-15,300000000000000.0,50,52000000000000.0
910000.0,6350649600000.0,2.3038946e+31,4.42510739250116,5.30655173247089e-15,0.0006766632684715106,3.1290135347064423,3.752308880776162e-15,2.8657301204525414,3.436579700419399e-15,300000000000000.0,50,52000000000000.0
911000.0,6339371500000.0,2.2934245e+31,4.425276076583261,5.287857896477575e-15,0.0006766374697825086,3.129132812687979,3.739090306082691e-15,2.8658393620696576,3.4244733715175763e-15,300000000000000.0,50,52000000000000.0
912000.0,6328116000000.0,2.2828444e+31,4.4254447606653615,5.26916406048426e-15,0.0006766116710935066,3.129252090669516,3.725871731389219e-15,2.8659486036867743,3.4123670426157535e-15,300000000000000.0,50,52000000000000.0
913000.0,6316883500000.0,2.272593e+31,4.425613444747462,5.250470224490945e-15,0.0006765858724045047,3.129371368651053,3.7126531566957475e-15,2.8660578453038905,3.4002607137139307e-15,300000000000000.0,50,52000000000000.0
914000.0,6305675900000.0,2.2619725e+31,4.425782128829563,5.231776388497631e-15,0.0006765600737155027,3.1294906466325902,3.699434582002277e-15,2.866167086921007,3.3881543848121076e-15,300000000000000.0,50,52000000000000.0
915000.0,6294490200000.0,2.2517995e+31,4.425950812911664,5.2130825525043165e-15,0.0006765342750265007,3.1296099246141273,3.686216007308805e-15,2.866276328538124,3.3760480559102848e-15,300000000000000.0,50,52000000000000.0
916000.0,6283328400000.0,2.2413438e+31,4.426119496993764,5.194388716511001e-15,0.0006765084763374987,3.1297292025956645,3.6729974326153334e-15,2.86638557015524,3.363941727008462e-15,300000000000000.0,50,52000000000000.0
917000.0,6272190200000.0,2.2313762e+31,4.426288181075865,5.175694880517687e-15,0.0006764826776484967,3.1298484805772016,3.6597788579218626e-15,2.8664948117723568,3.3518353981066393e-15,300000000000000.0,50,52000000000000.0
918000.0,6261073700000.0,2.2210189e+31,4.426456865157966,5.157001044524372e-15,0.0006764568789594947,3.129967758558738,3.646560283228391e-15,2.8666040533894734,3.339729069204816e-15,300000000000000.0,50,52000000000000.0
919000.0,6249982300000.0,2.2110334e+31,4.426625549240066,5.1383072085310575e-15,0.0006764310802704927,3.1300870365402753,3.633341708534919e-15,2.8667132950065897,3.3276227403029933e-15,300000000000000.0,50,52000000000000.0
920000.0,6238912300000.0,2.2008095e+31,4.426794233322167,5.119613372537743e-15,0.0006764052815814907,3.1302063145218124,3.6201231338414485e-15,2.8668225366237063,3.3155164114011705e-15,300000000000000.0,50,52000000000000.0
921000.0,6227865100000.0,2.1909451e+31,4.426962917404268,5.100919536544428e-15,0.0006763794828924888,3.1303255925033495,3.606904559147977e-15,2.866931778240823,3.3034100824993478e-15,300000000000000.0,50,52000000000000.0
922000.0,6216842200000.0,2.1809443e+31,4.427131601486368,5.082225700551114e-15,0.0006763536842034868,3.1304448704848866,3.593685984454505e-15,2.8670410198579392,3.2913037535975246e-15,300000000000000.0,50,52000000000000.0
923000.0,6205840100000.0,2.1710598e+31,4.427295907496547,5.064062145737503e-15,0.0006763285689470872,3.130561052693532,3.5808423762476415e-15,2.867147426188673,3.2795408405115442e-15,300000000000000.0,50,52000000000000.0
924000.0,6194862200000.0,2.1610987e+31,4.427455887567319,5.04642255770487e-15,0.0006763041289852188,3.1306741759926426,3.568369269560504e-15,2.8672510309945998,3.2681172539686342e-15,300000000000000.0,50,52000000000000.0
925000.0,6183906100000.0,2.1513738e+31,4.427615867638092,5.028782969672238e-15,0.0006762796890233505,3.130787299291753,3.555896162873367e-15,2.8673546358005266,3.2566936674257242e-15,300000000000000.0,50,52000000000000.0
926000.0,6172971300000.0,2.1415791e+31,4.4277758477088645,5.0111433816396046e-15,0.0006762552490614822,3.1309004225908637,3.543423056186229e-15,2.8674582406064535,3.245270080882814e-15,300000000000000.0,50,52000000000000.0
927000.0,6162061200000.0,2.132014e+31,4.4279358277796375,4.993503793606972e-15,0.0006762308090996139,3.131013545889974,3.530949949499091e-15,2.867561845412381,3.2338464943399038e-15,300000000000000.0,50,52000000000000.0
928000.0,6151171400000.0,2.1221596e+31,4.4280958078504105,4.975864205574339e-15,0.0006762063691377456,3.1311266691890847,3.5184768428119536e-15,2.8676654502183077,3.2224229077969934e-15,300000000000000.0,50,52000000000000.0
929000.0,6140304000000.0,2.112688e+31,4.428255787921183,4.958224617541707e-15,0.0006761819291758773,3.1312397924881954,3.506003736124816e-15,2.8677690550242345,3.2109993212540834e-15,300000000000000.0,50,52000000000000.0
930000.0,6129459900000.0,2.1030405e+31,4.428415767991956,4.940585029509074e-15,0.000676157489214009,3.1313529157873057,3.4935306294376783e-15,2.867872659830162,3.1995757347111734e-15,300000000000000.0,50,52000000000000.0
931000.0,6118636500000.0,2.0936948e+31,4.428575748062728,4.922945441476442e-15,0.0006761330492521407,3.1314660390864164,3.481057522750541e-15,2.8679762646360887,3.188152148168263e-15,300000000000000.0,50,52000000000000.0
932000.0,6107835900000.0,2.0840247e+31,4.428735728133501,4.9053058534438086e-15,0.0006761086092902724,3.1315791623855267,3.468584416063403e-15,2.8680798694420155,3.176728561625353e-15,300000000000000.0,50,52000000000000.0
933000.0,6097056900000.0,2.0747701e+31,4.428895708204273,4.887666265411176e-15,0.0006760841693284041,3.1316922856846374,3.4561113093762657e-15,2.868183474247943,3.1653049750824425e-15,300000000000000.0,50,52000000000000.0
934000.0,6086298900000.0,2.0652974e+31,4.429055688275046,4.870026677378543e-15,0.0006760597293665358,3.131805408983748,3.443638202689128e-15,2.8682870790538697,3.1538813885395325e-15,300000000000000.0,50,52000000000000.0
935000.0,6075564700000.0,2.0561659e+31,4.429215668345819,4.852387089345911e-15,0.0006760352894046675,3.1319185322828584,3.4311650960019904e-15,2.8683906838597966,3.1424578019966225e-15,300000000000000.0,50,52000000000000.0
936000.0,6064850400000.0,2.0466699e+31,4.429375648416591,4.834747501313278e-15,0.0006760108494427992,3.132031655581969,3.4186919893148526e-15,2.868494288665724,3.131034215453712e-15,300000000000000.0,50,52000000000000.0
937000.0,6054158400000.0,2.0376408e+31,4.429535628487364,4.8171079132806456e-15,0.0006759864094809309,3.1321447788810794,3.406218882627715e-15,2.8685978934716507,3.119610628910802e-15,300000000000000.0,50,52000000000000.0
938000.0,6043489600000.0,2.0283517e+31,4.429691447724921,4.79996908168761e-15,0.0006759626176798955,3.1322549600187006,3.3940998652203767e-15,2.8686988036773275,3.1085113376402708e-15,300000000000000.0,50,52000000000000.0
939000.0,6032841600000.0,2.0193974e+31,4.429843081063784,4.7833340231654815e-15,0.0006759394779443106,3.132362181270813,3.3823370701793505e-15,2.8687970030500813,3.097738295245097e-15,300000000000000.0,50,52000000000000.0
940000.0,6022215700000.0,2.0101377e+31,4.429994714402648,4.766698964643354e-15,0.0006759163382087256,3.132469402522926,3.3705742751383243e-15,2.868895202422835,3.0869652528499235e-15,300000000000000.0,50,52000000000000.0
941000.0,6011612200000.0,2.0011669e+31,4.430146347741512,4.750063906121225e-15,0.0006758931984731407,3.132576623775039,3.358811480097298e-15,2.868993401795589,3.07619221045475e-15,300000000000000.0,50,52000000000000.0
942000.0,6001028800000.0,1.9921663e+31,4.4302979810803755,4.733428847599097e-15,0.0006758700587375557,3.1326838450271515,3.347048685056272e-15,2.8690916011683427,3.0654191680595763e-15,300000000000000.0,50,52000000000000.0
943000.0,5990469400000.0,1.9833699e+31,4.4304496144192385,4.716793789076969e-15,0.0006758469190019707,3.1327910662792644,3.3352858900152457e-15,2.8691898005410965,3.0546461256644027e-15,300000000000000.0,50,52000000000000.0
944000.0,5979930400000.0,1.9744046e+31,4.430601247758102,4.70015873055484e-15,0.0006758237792663858,3.132898287531377,3.3235230949742195e-15,2.8692879999138503,3.043873083269229e-15,300000000000000.0,50,52000000000000.0
945000.0,5969412600000.0,1.9655494e+31,4.430752881096966,4.6835236720327125e-15,0.0006758006395308008,3.13300550878349,3.3117602999331937e-15,2.869386199286604,3.0331000408740554e-15,300000000000000.0,50,52000000000000.0
946000.0,5958917900000.0,1.9568419e+31,4.430904514435829,4.666888613510584e-15,0.0006757774997952159,3.1331127300356023,3.2999975048921675e-15,2.869484398659358,3.022326998478882e-15,300000000000000.0,50,52000000000000.0
947000.0,5948443500000.0,1.9480015e+31,4.431056147774693,4.650253554988456e-15,0.0006757543600596309,3.1332199512877152,3.2882347098511413e-15,2.8695825980321117,3.011553956083708e-15,300000000000000.0,50,52000000000000.0
948000.0,5937989700000.0,1.9393157e+31,4.431207781113557,4.6336184964663276e-15,0.000675731220324046,3.133327172539828,3.276471914810115e-15,2.8696807974048655,3.000780913688535e-15,300000000000000.0,50,52000000000000.0
949000.0,5927559100000.0,1.9305486e+31,4.4313594144524195,4.616983437944199e-15,0.0006757080805884609,3.1334343937919407,3.264709119769089e-15,2.8697789967776193,2.9900078712933614e-15,300000000000000.0,50,52000000000000.0
950000.0,5917148100000.0,1.9220732e+31,4.431511047791283,4.600348379422071e-15,0.0006756849408528759,3.1335416150440536,3.2529463247280627e-15,2.869877196150373,2.9792348288981877e-15,300000000000000.0,50,52000000000000.0
951000.0,5906758200000.0,1.9133276e+31,4.431662681130147,4.583713320899943e-15,0.000675661801117291,3.133648836296166,3.2411835296870365e-15,2.869975395523127,2.968461786503014e-15,300000000000000.0,50,52000000000000.0
952000.0,5896391000000.0,1.9048598e+31,4.43181431446901,4.567078262377815e-15,0.000675638661381706,3.133756057548279,3.2294207346460107e-15,2.8700735948958807,2.9576887441078405e-15,300000000000000.0,50,52000000000000.0
953000.0,5886043300000.0,1.8962789e+31,4.431963948326797,4.550682420796525e-15,0.0006756158324899786,3.1338618649498744,3.217827092004868e-15,2.870170499383234,2.9470706211827698e-15,300000000000000.0,50,52000000000000.0
954000.0,5875717300000.0,1.8879511e+31,4.432107582229691,4.535004410892109e-15,0.00067559393636483,3.133963429731009,3.2067410344470826e-15,2.8702635182354195,2.9369173737912407e-15,300000000000000.0,50,52000000000000.0
955000.0,5865412900000.0,1.8793817e+31,4.4322512161325855,4.519326400987693e-15,0.0006755720402396814,3.1340649945121437,3.195654976889297e-15,2.8703565370876047,2.9267641263997117e-15,300000000000000.0,50,52000000000000.0
956000.0,5855128400000.0,1.8711182e+31,4.432394850035481,4.503648391083277e-15,0.0006755501441145328,3.1341665592932784,3.1845689193315116e-15,2.87044955593979,2.9166108790081823e-15,300000000000000.0,50,52000000000000.0
957000.0,5844865100000.0,1.8628446e+31,4.432538483938375,4.487970381178861e-15,0.0006755282479893842,3.134268124074413,3.1734828617737257e-15,2.8705425747919753,2.9064576316166532e-15,300000000000000.0,50,52000000000000.0
958000.0,5834623500000.0,1.8545223e+31,4.432682117841269,4.472292371274445e-15,0.0006755063518642356,3.134369688855548,3.16239680421594e-15,2.8706355936441605,2.896304384225124e-15,300000000000000.0,50,52000000000000.0
959000.0,5824401100000.0,1.8463277e+31,4.432825751744164,4.456614361370029e-15,0.000675484455739087,3.1344712536366828,3.1513107466581546e-15,2.870728612496346,2.8861511368335947e-15,300000000000000.0,50,52000000000000.0
960000.0,5814200300000.0,1.8381316e+31,4.432969385647058,4.440936351465614e-15,0.0006754625596139385,3.1345728184178174,3.1402246891003687e-15,2.870821631348531,2.8759978894420657e-15,300000000000000.0,50,52000000000000.0
961000.0,5804020300000.0,1.830028e+31,4.433113019549952,4.425258341561198e-15,0.0006754406634887899,3.134674383198952,3.1291386315425832e-15,2.8709146502007163,2.8658446420505366e-15,300000000000000.0,50,52000000000000.0
962000.0,5793859700000.0,1.8217821e+31,4.4332566534528475,4.409580331656782e-15,0.0006754187673636413,3.1347759479800867,3.1180525739847977e-15,2.8710076690529016,2.855691394659007e-15,300000000000000.0,50,52000000000000.0
963000.0,5783720400000.0,1.8138602e+31,4.433400287355742,4.393902321752366e-15,0.0006753968712384927,3.1348775127612214,3.1069665164270122e-15,2.871100687905087,2.845538147267478e-15,300000000000000.0,50,52000000000000.0
964000.0,5773601700000.0,1.8057315e+31,4.433543921258636,4.3782243118479504e-15,0.0006753749751133441,3.134979077542356,3.0958804588692263e-15,2.871193706757272,2.835384899875949e-15,300000000000000.0,50,52000000000000.0
965000.0,5763502500000.0,1.7978152e+31,4.433687555161531,4.3625463019435345e-15,0.0006753530789881955,3.135080642323491,3.0847944013114408e-15,2.8712867256094574,2.8252316524844197e-15,300000000000000.0,50,52000000000000.0
966000.0,5753424000000.0,1.789881e+31,4.433831189064425,4.3468682920391185e-15,0.0006753311828630469,3.135182207104626,3.0737083437536553e-15,2.8713797444616427,2.8150784050928906e-15,300000000000000.0,50,52000000000000.0
967000.0,5743366800000.0,1.7819872e+31,4.433974822967319,4.3311902821347026e-15,0.0006753092867378983,3.1352837718857605,3.0626222861958694e-15,2.871472763313828,2.8049251577013616e-15,300000000000000.0,50,52000000000000.0
968000.0,5733328300000.0,1.7740888e+31,4.434118456870214,4.315512272230287e-15,0.0006752873906127497,3.135385336666895,3.051536228638084e-15,2.871565782166013,2.794771910309832e-15,300000000000000.0,50,52000000000000.0
969000.0,5723311100000.0,1.7660899e+31,4.434256318435637,4.300521266359509e-15,0.000675266390123724,3.135482819777854,3.0409359576620135e-15,2.8716550627905324,2.7850635741337306e-15,300000000000000.0,50,52000000000000.0
970000.0,5713315100000.0,1.7584779e+31,4.43439229050036,4.285755142455521e-15,0.000675245682809706,3.1355789668063854,3.030494702698349e-15,2.871743119754129,2.7755008739426788e-15,300000000000000.0,50,52000000000000.0
971000.0,5703337600000.0,1.7505818e+31,4.434528262565082,4.270989018551533e-15,0.0006752249754956879,3.1356751138349166,3.0200534477346845e-15,2.8718311767177256,2.7659381737516265e-15,300000000000000.0,50,52000000000000.0
972000.0,5693380700000.0,1.7429768e+31,4.434664234629804,4.256222894647545e-15,0.0006752042681816699,3.135771260863448,3.00961219277102e-15,2.8719192336813224,2.7563754735605746e-15,300000000000000.0,50,52000000000000.0
973000.0,5683445000000.0,1.7354033e+31,4.4348002066945265,4.2414567707435565e-15,0.0006751835608676519,3.135867407891979,2.9991709378073556e-15,2.872007290644919,2.7468127733695228e-15,300000000000000.0,50,52000000000000.0
974000.0,5673528200000.0,1.7276787e+31,4.434936178759249,4.2266906468395676e-15,0.0006751628535536338,3.1359635549205103,2.988729682843691e-15,2.8720953476085156,2.737250073178471e-15,300000000000000.0,50,52000000000000.0
975000.0,5663631400000.0,1.7200193e+31,4.435072150823971,4.2119245229355794e-15,0.0006751421462396158,3.1360597019490415,2.9782884278800267e-15,2.8721834045721124,2.7276873729874186e-15,300000000000000.0,50,52000000000000.0
976000.0,5653756900000.0,1.71244e+31,4.435208122888693,4.197158399031591e-15,0.0006751214389255977,3.1361558489775727,2.967847172916362e-15,2.8722714615357092,2.7181246727963668e-15,300000000000000.0,50,52000000000000.0
977000.0,5643900800000.0,1.7050031e+31,4.4353440949534155,4.182392275127603e-15,0.0006751007316115797,3.1362519960061044,2.9574059179526977e-15,2.8723595184993056,2.708561972605315e-15,300000000000000.0,50,52000000000000.0
978000.0,5634063900000.0,1.6974551e+31,4.435480067018138,4.167626151223615e-15,0.0006750800242975617,3.1363481430346356,2.9469646629890334e-15,2.8724475754629024,2.698999272414263e-15,300000000000000.0,50,52000000000000.0
979000.0,5624249300000.0,1.6901315e+31,4.43561603908286,4.152860027319627e-15,0.0006750593169835436,3.136444290063167,2.9365234080253688e-15,2.872535632426499,2.6894365722232108e-15,300000000000000.0,50,52000000000000.0
980000.0,5614453200000.0,1.6826153e+31,4.435752011147582,4.1380939034156386e-15,0.0006750386096695256,3.136540437091698,2.9260821530617045e-15,2.8726236893900956,2.679873872032159e-15,300000000000000.0,50,52000000000000.0
981000.0,5604677200000.0,1.6751754e+31,4.435887983212305,4.1233277795116504e-15,0.0006750179023555075,3.1366365841202293,2.91564089809804e-15,2.8727117463536924,2.670311171841107e-15,300000000000000.0,50,52000000000000.0
982000.0,5594922600000.0,1.6680215e+31,4.436023955277027,4.1085616556076615e-15,0.0006749971950414895,3.1367327311487605,2.9051996431343755e-15,2.872799803317289,2.6607484716500552e-15,300000000000000.0,50,52000000000000.0
983000.0,5585186500000.0,1.6605912e+31,4.436159927341749,4.093795531703673e-15,0.0006749764877274713,3.1368288781772917,2.894758388170711e-15,2.8728878602808856,2.651185771459003e-15,300000000000000.0,50,52000000000000.0
984000.0,5575470200000.0,1.6534073e+31,4.436295864422604,4.0790335929210025e-15,0.0006749557858313986,3.1369250004684255,2.884320092543032e-15,2.8729758945885546,2.641625781597589e-15,300000000000000.0,50,52000000000000.0
985000.0,5565775300000.0,1.6461847e+31,4.4364245029154015,4.0651447844887585e-15,0.0006749362142663489,3.1370159618643045,2.874499195043149e-15,2.873059202252328,2.6326312403545375e-15,300000000000000.0,50,52000000000000.0
986000.0,5556100200000.0,1.6389249e+31,4.436553141408198,4.051255976056515e-15,0.0006749166427012993,3.1371069232601836,2.864678297543266e-15,2.873142509916101,2.6236366991114862e-15,300000000000000.0,50,52000000000000.0
987000.0,5546443600000.0,1.6318883e+31,4.436681779900995,4.037367167624271e-15,0.0006748970711362496,3.1371978846560626,2.8548574000433835e-15,2.8732258175798746,2.614642157868435e-15,300000000000000.0,50,52000000000000.0
988000.0,5536807400000.0,1.6246241e+31,4.436810418393793,4.023478359192027e-15,0.0006748774995711999,3.1372888460519417,2.8450365025435006e-15,2.873309125243648,2.6056476166253837e-15,300000000000000.0,50,52000000000000.0
989000.0,5527193100000.0,1.6175816e+31,4.43693905688659,4.009589550759784e-15,0.0006748579280061503,3.137379807447821,2.8352156050436176e-15,2.8733924329074214,2.5966530753823324e-15,300000000000000.0,50,52000000000000.0
990000.0,5517596500000.0,1.6106385e+31,4.437067695379388,3.99570074232754e-15,0.0006748383564411006,3.1374707688437002,2.825394707543735e-15,2.8734757405711946,2.5876585341392808e-15,300000000000000.0,50,52000000000000.0
991000.0,5508019700000.0,1.6035892e+31,4.437196333872185,3.981811933895297e-15,0.0006748187848760509,3.1375617302395793,2.8155738100438522e-15,2.8735590482349678,2.5786639928962295e-15,300000000000000.0,50,52000000000000.0
992000.0,5498464700000.0,1.5965432e+31,4.437324972364982,3.967923125463053e-15,0.0006747992133110013,3.1376526916354583,2.8057529125439693e-15,2.8736423558987414,2.5696694516531782e-15,300000000000000.0,50,52000000000000.0
993000.0,5488928500000.0,1.5895908e+31,4.437453610857779,3.954034317030809e-15,0.0006747796417459515,3.1377436530313374,2.7959320150440868e-15,2.8737256635625146,2.560674910410127e-15,300000000000000.0,50,52000000000000.0
994000.0,5479411300000.0,1.5827923e+31,4.4375822493505765,3.940145508598566e-15,0.0006747600701809018,3.1378346144272165,2.786111117544204e-15,2.873808971226288,2.5516803691670753e-15,300000000000000.0,50,52000000000000.0
995000.0,5469915200000.0,1.5759182e+31,4.437710887843374,3.926256700166322e-15,0.0006747404986158521,3.1379255758230955,2.776290220044321e-15,2.8738922788900614,2.542685827924024e-15,300000000000000.0,50,52000000000000.0
996000.0,5460439200000.0,1.5690103e+31,4.437839526336171,3.912367891734078e-15,0.0006747209270508025,3.1380165372189746,2.7664693225444384e-15,2.8739755865538346,2.5336912866809728e-15,300000000000000.0,50,52000000000000.0
997000.0,5450981500000.0,1.5622833e+31,4.437968164828969,3.8984790833018345e-15,0.0006747013554857528,3.138107498614854,2.7566484250445555e-15,2.874058894217608,2.5246967454379215e-15,300000000000000.0,50,52000000000000.0
998000.0,5441544000000.0,1.5553811e+31,4.438096803321765,3.8845902748695905e-15,0.0006746817839207031,3.138198460010733,2.7468275275446726e-15,2.8741422018813814,2.51570220419487e-15,300000000000000.0,50,52000000000000.0
999000.0,5432128100000.0,1.5487172e+31,4.438225441814563,3.870701466437347e-15,0.0006746622123556535,3.138289421406612,2.73700663004479e-15,2.874225509545155,2.5067076629518186e-15,300000000000000.0,50,52000000000000.0
1000000.0,5422729800000.0,1.5420706e+31,4.43835408030736,3.856812658005103e-15,0.0006746426407906038,3.138380382802491,2.727185732544907e-15,2.874308817208928,2.4977131217087673e-15,300000000000000.0,50,52000000000000.0
