t[yr],B[G],L[erg/s],P_fill[s],Pdot_fill[s/s],chi[rad],P_vac[s],Pdot_vac[s/s],P_vacObs[s],Pdot_vacObs[s/s],bpol,etor,btorAvg
0.0,10000000000000.0,2.0460939e+36,0.001,1.0185887701153188e-10,1.0471975511965976,0.001,2.9102536289009108e-11,0.001,2.4411053657162943e-11,300000000000000.0,50,52000000000000.0
1.0,9993837700000.0,9.2490331e+34,0.002503918423463418,3.464420341493726e-11,0.777384147619661,0.001629274716318581,1.7842631775062573e-11,0.0015451675198956065,1.578094416087087e-11,300000000000000.0,50,52000000000000.0
2.0,9992923800000.0,8.2037855e+34,0.0033986569899552843,2.373162581035757e-11,0.6719140230832572,0.002119800140641332,1.3711304188543229e-11,0.0019823856671416827,1.2298181106462247e-11,300000000000000.0,50,52000000000000.0
3.0,9992014000000.0,7.7705668e+34,0.004066953540082083,1.895866699686392e-11,0.6083590054678731,0.0025165178076825717,1.1547654750883298e-11,0.0023393316854006183,1.0419754474275234e-11,300000000000000.0,50,52000000000000.0
4.0,9991100300000.0,7.5492876e+34,0.004619919815362919,1.6163661229752002e-11,0.5632284844886417,0.0028586856758949833,1.0163654778887853e-11,0.0026485957832963467,9.201445794972584e-12,300000000000000.0,50,52000000000000.0
5.0,9990180300000.0,7.407638e+34,0.005100469393762456,1.4287243570247066e-11,0.5285134929839901,0.003164041016382893,9.181102713275414e-12,0.002925328319791274,8.32947828203241e-12,300000000000000.0,50,52000000000000.0
6.0,9989253300000.0,7.3005511e+34,0.005530383768543938,1.2921950970235168e-11,0.5004914723019412,0.003442391261552765,8.437126755452622e-12,0.003178035047544496,7.66569734851186e-12,300000000000000.0,50,52000000000000.0
7.0,9988319400000.0,7.2100257e+34,0.00592241979107539,1.1874405478690858e-11,0.4771286763500073,0.0036998147604757553,7.84864466963811e-12,0.003412038224372188,7.138653421150552e-12,300000000000000.0,50,52000000000000.0
8.0,9987378800000.0,7.1281092e+34,0.006284842417618378,1.103939150785047e-11,0.4571849323805759,0.003940421908664245,7.36801990500145e-12,0.003630961492150972,6.706986159578693e-12,300000000000000.0,50,52000000000000.0
9.0,9986432100000.0,7.0510265e+34,0.006623351262260425,1.0354359357744937e-11,0.43984954924459074,0.004167144399964602,6.965765995846235e-12,0.003837402374412571,6.344913785189217e-12,300000000000000.0,50,52000000000000.0
10.0,9985479600000.0,6.9767868e+34,0.006941934350212695,9.780245051208307e-12,0.42457724563509075,0.0043820814757789634,6.622897430928851e-12,0.004033227024917226,6.03575176705621e-12,300000000000000.0,50,52000000000000.0
20.0,9975653600000.0,6.4223983e+34,0.009474871278317828,6.758462932468574e-12,0.33063788430278235,0.006128710158075185,4.726115431172486e-12,0.0056272082609702696,4.317536724385313e-12,300000000000000.0,50,52000000000000.0
30.0,9965630200000.0,5.7004622e+34,0.01138957175344592,5.468929948998829e-12,0.281936944050469,0.0074755682451981,3.8668443149004335e-12,0.0068581691878049945,3.5354796533790865e-12,300000000000000.0,50,52000000000000.0
40.0,9955701300000.0,4.8152595e+34,0.012993005593511731,4.7136276019836e-12,0.25050595067222703,0.008612271509688789,3.3497858438536813e-12,0.007897684949239628,3.0640130068720737e-12,300000000000000.0,50,52000000000000.0
50.0,9946035900000.0,4.0750428e+34,0.014400262261879185,4.203205730167294e-12,0.22795919480212182,0.009613696104310992,2.995011261547412e-12,0.00881379096813208,2.740196909213957e-12,300000000000000.0,50,52000000000000.0
60.0,9936650700000.0,3.534296e+34,0.01566916649443551,3.8287228175391846e-12,0.21072966071646704,0.010518524625260083,2.7322293144169733e-12,0.009641704022875234,2.5001947631162807e-12,300000000000000.0,50,52000000000000.0
70.0,9927517900000.0,3.1456274e+34,0.016833957353391292,3.5386262394195616e-12,0.1969832987109403,0.011350079678261021,2.5273644054325034e-12,0.0104026821612016,2.3130079669491118e-12,300000000000000.0,50,52000000000000.0
80.0,9918602200000.0,2.8637231e+34,0.017916240220167755,3.3054497700702177e-12,0.18568322513408234,0.012123249863839154,2.3619612752664302e-12,0.011110305919279377,2.1618297168327572e-12,300000000000000.0,50,52000000000000.0
90.0,9909871700000.0,2.6549119e+34,0.018931465561934188,3.1125204455553514e-12,0.17616914255502308,0.012848785032243895,2.2246700231117454e-12,0.011774386683200893,2.0363153836417785e-12,300000000000000.0,50,52000000000000.0
100.0,9901300700000.0,2.4959833e+34,0.019890628067981635,2.949387754587829e-12,0.16801138304595217,0.013534384011943701,2.108309610772525e-12,0.012401954000418405,1.929916173846354e-12,300000000000000.0,50,52000000000000.0
200.0,9818780600000.0,2.0290365e+34,0.027590952858688737,2.0642982870120965e-12,0.12219042863175598,0.01903687716149616,1.4740389067321506e-12,0.017439594464072776,1.3496586912875673e-12,300000000000000.0,50,52000000000000.0
300.0,9745641200000.0,1.4572852e+34,0.03344237979097812,1.6701275126031797e-12,0.1010647424624924,0.02321243439403185,1.1909615841349698e-12,0.02126298871247318,1.0905606319373202e-12,300000000000000.0,50,52000000000000.0
400.0,9682857900000.0,7.7378422e+33,0.03833328421010883,1.4348672982830893e-12,0.08825744339853799,0.026698382806185358,1.0221432932041464e-12,0.024455132359776085,9.360141332986858e-13,300000000000000.0,50,52000000000000.0
500.0,9629936700000.0,4.1454216e+33,0.042610615284177325,1.2749024047368786e-12,0.07943273754442562,0.029744248142248433,9.074776356895798e-13,0.027244378232886314,8.310319292975459e-13,300000000000000.0,50,52000000000000.0
600.0,9584281500000.0,2.5877754e+33,0.04645372466866708,1.1572314715194687e-12,0.07287458376432594,0.03247899377603472,8.232126733403285e-13,0.02974877008129173,7.538783700941362e-13,300000000000000.0,50,52000000000000.0
700.0,9543361500000.0,1.9064473e+33,0.049968772913243566,1.0658986199568807e-12,0.06775155551370177,0.034978904629003986,7.578662011247819e-13,0.032038141456803136,6.940441758268945e-13,300000000000000.0,50,52000000000000.0
800.0,9505611900000.0,1.5572873e+33,0.05322460531189931,9.922350915423236e-13,0.0636048846432249,0.037293415578889724,7.052024561526907e-13,0.03415774989881347,6.458213652258874e-13,300000000000000.0,50,52000000000000.0
900.0,9470138800000.0,1.3533815e+33,0.05626759351577075,9.312094155879744e-13,0.06016173744811736,0.0394558040236149,6.616033940329734e-13,0.03613806228433581,6.058978963246592e-13,300000000000000.0,50,52000000000000.0
1000.0,9436406000000.0,1.2210911e+33,0.059133254491269174,8.794824734984763e-13,0.05724068907466444,0.041491535333167254,6.246696827285922e-13,0.03800239434653864,5.720772259944796e-13,300000000000000.0,50,52000000000000.0
2000.0,9146833200000.0,9.4392089e+32,0.08178398734502311,5.965688862186527e-13,0.041340147282305735,0.057565754824516605,4.230518153927638e-13,0.05272350604877687,3.8744420497675963e-13,300000000000000.0,50,52000000000000.0
3000.0,8916991500000.0,7.7903597e+32,0.09850070650441127,4.704698032667895e-13,0.03429189192633343,0.06941614187181014,3.334037190392634e-13,0.06357651500567044,3.0534434394805137e-13,300000000000000.0,50,52000000000000.0
4000.0,8723535900000.0,6.9859222e+32,0.11214141945061994,3.9542070779154215e-13,0.0300991077403192,0.07908093247872756,2.8011125211155266e-13,0.07242793331523503,2.565381325616165e-13,300000000000000.0,50,52000000000000.0
5000.0,8554795400000.0,6.5664186e+32,0.12382236618832392,3.443499075787471e-13,0.027244026119400504,0.08735456260445464,2.438716769405772e-13,0.08000529554236714,2.233489472816605e-13,300000000000000.0,50,52000000000000.0
6000.0,8404314200000.0,6.3223465e+32,0.13411761423146354,3.067765159010743e-13,0.025140533141455885,0.09464513059271831,2.1722275644622672e-13,0.0866823402459803,1.989429956109198e-13,300000000000000.0,50,52000000000000.0
7000.0,8268461700000.0,6.1674693e+32,0.1433657129790382,2.7778083644422454e-13,0.02350952983947853,0.10119312775046234,1.966648158884941e-13,0.09267931304014887,1.8011528477584774e-13,300000000000000.0,50,52000000000000.0
8000.0,8144694400000.0,6.056769e+32,0.15179246702561275,2.5454279737818384e-13,0.022196645245410956,0.10715886197019184,1.8019348239411241e-13,0.09814302750255813,1.65030192414228e-13,300000000000000.0,50,52000000000000.0
9000.0,8031048700000.0,5.9669435e+32,0.15955240428258194,2.3542666041895694e-13,0.02111053957457669,0.11265199434622503,1.6664667187488353e-13,0.10317391425350367,1.5262346461357802e-13,300000000000000.0,50,52000000000000.0
10000.0,7926030900000.0,5.8902286e+32,0.16675568160240464,2.1941349813183455e-13,0.020193397639566138,0.1177506742755813,1.5530075642719266e-13,0.10784354490693042,1.4223238891073602e-13,300000000000000.0,50,52000000000000.0
11000.0,7828589800000.0,5.8152336e+32,0.1734908748411013,2.057352522579138e-13,0.019404782430849647,0.12251771963339679,1.456105995194409e-13,0.11220945021829551,1.3335771517397863e-13,300000000000000.0,50,52000000000000.0
12000.0,7737666200000.0,5.7423862e+32,0.17982382926781282,1.938908797411684e-13,0.018717198936217438,0.12699981884600392,1.3722063692537696e-13,0.11631438913594966,1.2567380777842498e-13,300000000000000.0,50,52000000000000.0
13000.0,7652638100000.0,5.6638389e+32,0.18580495828527774,1.8354545590666215e-13,0.018111111390149134,0.13123271279291351,1.2989320395156285e-13,0.12019109450406329,1.1896300653607792e-13,300000000000000.0,50,52000000000000.0
14000.0,7572742700000.0,5.5823044e+32,0.19147726822690098,1.7441147378632342e-13,0.017571467904326375,0.13524688491908043,1.2342438395326128e-13,0.123867484268449,1.1303855774439686e-13,300000000000000.0,50,52000000000000.0
15000.0,7497453400000.0,5.4968899e+32,0.19687710828559296,1.6626667625734857e-13,0.017086630761096337,0.1390680957952275,1.1765657027136048e-13,0.12736715101886487,1.0775611962654153e-13,300000000000000.0,50,52000000000000.0
16000.0,7426358000000.0,5.4067884e+32,0.2020322410582543,1.5896311797371916e-13,0.01664804825381488,0.14271601948180543,1.1248484315694663e-13,0.13070811308092173,1.0301960299870079e-13,300000000000000.0,50,52000000000000.0
17000.0,7358971600000.0,5.3165118e+32,0.20696706555377656,1.5236934485553096e-13,0.016248768794665115,0.14620794414335778,1.0781600930067717e-13,0.13390620369753523,9.874365788384555e-14,300000000000000.0,50,52000000000000.0
18000.0,7294961000000.0,5.2233809e+32,0.2117048174659371,1.4636574595512713e-13,0.015882821683775243,0.1495603309382277,1.0356529447803547e-13,0.1369764987272573,9.48506446202999e-14,300000000000000.0,50,52000000000000.0
19000.0,7234068000000.0,5.1265154e+32,0.2162574752076302,1.4091089804567328e-13,0.015546621816582326,0.15278166823057182,9.970330012124208e-14,0.1399267721720589,9.131363912722099e-14,300000000000000.0,50,52000000000000.0
20000.0,7175966800000.0,5.0278309e+32,0.22064578669516502,1.3589817051540316e-13,0.015235610745482284,0.15588665142326644,9.615448540827513e-14,0.14277048276119783,8.806345778068807e-14,300000000000000.0,50,52000000000000.0
21000.0,7120411900000.0,4.9277968e+32,0.2248817448540855,1.3128042577745604e-13,0.014946935164259238,0.15888377595824588,9.288543843804295e-14,0.14551541100526402,8.506950062298019e-14,300000000000000.0,50,52000000000000.0
22000.0,7067223600000.0,4.827092e+32,0.22897694525412993,1.2701227754000613e-13,0.01467804068004587,0.16178125490091158,8.986399629592335e-14,0.14816907880898092,8.23023115050346e-14,300000000000000.0,50,52000000000000.0
23000.0,7016221300000.0,4.7258292e+32,0.23294257792814774,1.2305012750533758e-13,0.014426644183832337,0.16458701326293015,8.705926972766555e-14,0.15073874427069955,7.973360069587625e-14,300000000000000.0,50,52000000000000.0
24000.0,6967208000000.0,4.6247922e+32,0.23678655203773083,1.1936567391335365e-13,0.014191063916286613,0.16730665282259838,8.445120327997759e-14,0.1532295377599632,7.734500056084986e-14,300000000000000.0,50,52000000000000.0
25000.0,6920029600000.0,4.5241914e+32,0.24051673901637605,1.1593043630996838e-13,0.013969737523529386,0.1699457481321965,8.201961914306582e-14,0.1556465647154665,7.511803137206235e-14,300000000000000.0,50,52000000000000.0
26000.0,6874551500000.0,4.4242172e+32,0.24414285107379102,1.127095831799397e-13,0.013761009213411802,0.1725111760983901,7.97398480775235e-14,0.1579961233434306,7.303009988929853e-14,300000000000000.0,50,52000000000000.0
27000.0,6830675000000.0,4.3250751e+32,0.24766995632620253,1.096886286441863e-13,0.013563871600973098,0.17500652600159158,7.760162420694042e-14,0.1602815008766099,7.107180419058208e-14,300000000000000.0,50,52000000000000.0
28000.0,6788290300000.0,4.2266369e+32,0.25110271962532016,1.0685342564851391e-13,0.01337742887258166,0.17743510138525068,7.55949238326189e-14,0.16250572285746434,6.923396413469019e-14,300000000000000.0,50,52000000000000.0
29000.0,6747283400000.0,4.129183e+32,0.25444911150153054,1.0417763431005652e-13,0.013200481212198922,0.17980254519070613,7.370109548702287e-14,0.164673957372358,6.74994978087311e-14,300000000000000.0,50,52000000000000.0
30000.0,6707562100000.0,4.032733e+32,0.2577133433591944,1.0164947652072751e-13,0.013032304951287934,0.1821118394426951,7.191179565197739e-14,0.16678893550465484,6.586076384076914e-14,300000000000000.0,50,52000000000000.0
31000.0,6669044700000.0,3.9373258e+32,0.2608995269902657,9.925746033298668e-14,0.01287222714555735,0.18436589547240087,7.021888450275576e-14,0.1688533235943296,6.431030740309355e-14,300000000000000.0,50,52000000000000.0
32000.0,6631657400000.0,3.8429983e+32,0.2640116704667964,9.699054487890179e-14,0.012719622608005967,0.18656755102528635,6.861454246802555e-14,0.17086972058904873,6.28409669651338e-14,300000000000000.0,50,52000000000000.0
33000.0,6595333100000.0,3.7497822e+32,0.267053676105943,9.483831552951985e-14,0.01257391099709227,0.1887195688346085,6.709139403537922e-14,0.17284065673760812,6.144598768224422e-14,300000000000000.0,50,52000000000000.0
34000.0,6560026300000.0,3.6577746e+32,0.2700293447076479,9.279124519840951e-14,0.012434553777050683,0.19082463963182728,6.564269249814164e-14,0.17476859634692882,6.011919059783333e-14,300000000000000.0,50,52000000000000.0
35000.0,6525676700000.0,3.566846e+32,0.27294237984578107,9.084007855945265e-14,0.01230105136841348,0.1928853851940831,6.426188423586112e-14,0.17665594057300923,5.885457358823969e-14,300000000000000.0,50,52000000000000.0
36000.0,6492224800000.0,3.4771556e+32,0.27579567295814184,8.89778443611168e-14,0.012173003862837227,0.19490385243790834,6.294403266797634e-14,0.17850456408509804,5.76476154953772e-14,300000000000000.0,50,52000000000000.0
37000.0,6459620900000.0,3.388723e+32,0.27858818939616325,8.720691996750991e-14,0.012050369831375566,0.1968793098660846,6.16908175534926e-14,0.1803137969345839,5.649985474971408e-14,300000000000000.0,50,52000000000000.0
38000.0,6427820100000.0,3.3015783e+32,0.2813276071328902,8.550908885531477e-14,0.011932358285030625,0.19881719150454588,6.048934474889318e-14,0.18208861588580896,5.539948223420764e-14,300000000000000.0,50,52000000000000.0
39000.0,6396781200000.0,3.2157516e+32,0.2840157534739692,8.388075123033614e-14,0.011818719937985629,0.2007187909353146,5.93370647792812e-14,0.1838302056664623,5.434416301914857e-14,300000000000000.0,50,52000000000000.0
40000.0,6366466300000.0,3.1312724e+32,0.2866501687721743,8.232701914555423e-14,0.011709560046555507,0.20258236813916614,5.823759350359141e-14,0.18553697267088048,5.333720871141698e-14,300000000000000.0,50,52000000000000.0
41000.0,6336840500000.0,3.0481686e+32,0.2892403449749234,8.082798900994638e-14,0.011604015441156447,0.20441464037541066,5.717684401048337e-14,0.1872150689195687,5.236571778604421e-14,300000000000000.0,50,52000000000000.0
42000.0,6307882800000.0,2.9665341e+32,0.2917794701948804,7.9397689221573e-14,0.011502555029688472,0.2062107878065296,5.6164742298119796e-14,0.18886008014561503,5.1438781006254264e-14,300000000000000.0,50,52000000000000.0
43000.0,6279564700000.0,2.8862266e+32,0.2942786622423095,7.801413258719182e-14,0.01140422906623147,0.20797867796086145,5.5185727529953786e-14,0.19047921184879138,5.05421469444006e-14,300000000000000.0,50,52000000000000.0
44000.0,6251849800000.0,2.8073899e+32,0.2967303520839706,7.669144819384624e-14,0.011309557435876113,0.20971295528212394,5.424979719909435e-14,0.19206755912203466,4.9684971840971754e-14,300000000000000.0,50,52000000000000.0
45000.0,6224709800000.0,2.7300305e+32,0.29914384231292496,7.541226303376253e-14,0.011217770857026505,0.2114202026252694,5.334465622163592e-14,0.1936311508939976,4.8855995213896455e-14,300000000000000.0,50,52000000000000.0
46000.0,6198119200000.0,2.6541634e+32,0.3015170814218808,7.418017273775418e-14,0.011128968504816681,0.2130989686491995,5.24728481617713e-14,0.19516865794679084,4.805754660004584e-14,300000000000000.0,50,52000000000000.0
47000.0,6172054600000.0,2.5798028e+32,0.3038503901817366,7.299433916264068e-14,0.011043073839264169,0.2147494806136768,5.163377910297114e-14,0.19668028841519797,4.728908206463297e-14,300000000000000.0,50,52000000000000.0
48000.0,6146494300000.0,2.506962e+32,0.3061488845912571,7.184610437894521e-14,0.01095967046925275,0.21637535875344663,5.082132161763259e-14,0.19816935790296877,4.654498978899932e-14,300000000000000.0,50,52000000000000.0
49000.0,6121419600000.0,2.4358306e+32,0.3084117517798934,7.073674525235511e-14,0.010878773783918839,0.21797602813412809,5.00363786064147e-14,0.19963533985276324,4.582609670193579e-14,300000000000000.0,50,52000000000000.0
50000.0,6096826700000.0,2.3659233e+32,0.31063739542310803,6.966875767216362e-14,0.010800450932483196,0.21955035949112167,4.9280715534161205e-14,0.20107720002167997,4.513401971474236e-14,300000000000000.0,50,52000000000000.0
51000.0,6072689000000.0,2.2976698e+32,0.31283101266419927,6.863377293167699e-14,0.010724306130633986,0.2211020303329747,4.854840999548793e-14,0.2024983064688419,4.4463334776537434e-14,300000000000000.0,50,52000000000000.0
52000.0,6048985400000.0,2.2309655e+32,0.3149933300177381,6.763058075871861e-14,0.010650257483221643,0.2226315548896691,4.7838605120772295e-14,0.20389913015263234,4.3813257123481255e-14,300000000000000.0,50,52000000000000.0
53000.0,6025698600000.0,2.165808e+32,0.3171250684334607,6.665799927991933e-14,0.01057822578451567,0.2241394434414673,4.715046417199702e-14,0.20528013841415158,4.3183020429081816e-14,300000000000000.0,50,52000000000000.0
54000.0,6002812700000.0,2.1021943e+32,0.31922483669826623,6.571770112354238e-14,0.010508269249308515,0.2256247118272852,4.64851703100182e-14,0.20664042990430237,4.2573708297941736e-14,300000000000000.0,50,52000000000000.0
55000.0,5980313000000.0,2.0401193e+32,0.32129448657878945,6.480687263325365e-14,0.010440237159008423,0.2270886704159175,4.5840732184249254e-14,0.20798120472860163,4.198349694735271e-14,300000000000000.0,50,52000000000000.0
56000.0,5958188100000.0,1.9796894e+32,0.3233361381630901,6.392260923847996e-14,0.010373967441683346,0.22853281939132414,4.521509414090859e-14,0.20930383683577755,4.1410503702084263e-14,300000000000000.0,50,52000000000000.0
57000.0,5936440200000.0,1.9205945e+32,0.32535047480608226,6.306403906767865e-14,0.010309392748160829,0.22995764238337937,4.4607638897050895e-14,0.21060876915940116,4.085416322364037e-14,300000000000000.0,50,52000000000000.0
58000.0,5915048500000.0,1.8630628e+32,0.32733817701105306,6.223008223961909e-14,0.010246447895127455,0.23136362099349891,4.401760206840954e-14,0.2118964427753424,4.0313775449718277e-14,300000000000000.0,50,52000000000000.0
59000.0,5893997400000.0,1.8070304e+32,0.32929991535907316,6.141966442425587e-14,0.010185070025529434,0.2327512297936421,4.344422322995859e-14,0.21316729232157525,3.978864394389307e-14,300000000000000.0,50,52000000000000.0
60000.0,5873274300000.0,1.7524824e+32,0.3312363496894007,6.063178912784126e-14,0.0101251985615293,0.23412093574694437,4.288679704421918e-14,0.21442174546755796,3.9278122721784114e-14,300000000000000.0,50,52000000000000.0
61000.0,5852867900000.0,1.6994025e+32,0.3331481303287274,5.9865507052871e-14,0.010066775094870783,0.23547319907756606,4.234465158641204e-14,0.21566022371088656,3.878159640003427e-14,300000000000000.0,50,52000000000000.0
62000.0,5832767000000.0,1.6491865e+32,0.33503589845134785,5.911993364233706e-14,0.010009743308258452,0.23680847352579118,4.1817160752227024e-14,0.21688314261092612,3.829849156005029e-14,300000000000000.0,50,52000000000000.0
63000.0,5812968700000.0,1.6013886e+32,0.33690028706376407,5.839430342933714e-14,0.00995404888095956,0.23812720704479332,4.130378269880603e-14,0.21809091242694556,3.782831195441537e-14,300000000000000.0,50,52000000000000.0
64000.0,5793471300000.0,1.554759e+32,0.33874192370181727,5.768784344377641e-14,0.009899639347685216,0.23942984370869466,4.080397030001956e-14,0.2192839398656225,3.737055649684173e-14,300000000000000.0,50,52000000000000.0
65000.0,5774257400000.0,1.5093484e+32,0.3405614292014663,5.699966993532117e-14,0.009846464078401564,0.24071682284338855,4.031709809549926e-14,0.22046262728500005,3.692465235801716e-14,300000000000000.0,50,52000000000000.0
66000.0,5755316200000.0,1.4651338e+32,0.34235941337344566,5.632893286869373e-14,0.0097944743470209,0.24198857596741574,3.9842564495200084e-14,0.22162736989276807,3.649004857025872e-14,300000000000000.0,50,52000000000000.0
67000.0,5736638800000.0,1.4220981e+32,0.3441364751114571,5.5674862889401884e-14,0.009743623267778395,0.24324552686880424,3.937982499792497e-14,0.2227785558166354,3.6066246450903767e-14,300000000000000.0,50,52000000000000.0
68000.0,5718217600000.0,1.3802237e+32,0.3458932040667791,5.5036748788258193e-14,0.009693865688627215,0.24448809278985914,3.892837624979557e-14,0.22391656718942435,3.5652785002177163e-14,300000000000000.0,50,52000000000000.0
69000.0,5700047800000.0,1.3395807e+32,0.3476301815937266,5.441398675441801e-14,0.009645158110054545,0.24571668509618522,3.8487790880130486e-14,0.22504178076179726,3.52492728158479e-14,300000000000000.0,50,52000000000000.0
70000.0,5682137500000.0,1.2999223e+32,0.3493479827742566,5.380603687733097e-14,0.009597458577323768,0.24693171070898637,3.805768673318266e-14,0.2261545692140345,3.485535989394167e-14,300000000000000.0,50,52000000000000.0
71000.0,5664471800000.0,1.261405e+32,0.3510471786109859,5.321225629936545e-14,0.009550726571217095,0.24813357365646865,3.763760885337952e-14,0.22725530257689452,3.4470629564227263e-14,300000000000000.0,50,52000000000000.0
72000.0,5647039200000.0,1.2239772e+32,0.35272649558271263,5.2633539747439617e-14,0.009505016248790693,0.24932137303462693,3.7228190236131395e-14,0.22834315575274472,3.409566155853263e-14,300000000000000.0,50,52000000000000.0
73000.0,5629831200000.0,1.1876191e+32,0.3543865914173897,5.206904712167689e-14,0.009460281480669398,0.25049557423363067,3.682883638563951e-14,0.22941855497094898,3.3729911406043295e-14,300000000000000.0,50,52000000000000.0
74000.0,5612840300000.0,1.1523116e+32,0.35602943633832895,5.151692024115668e-14,0.00941641244295936,0.2516575711643618,3.6438232468303316e-14,0.230482776851127,3.3372174911640915e-14,300000000000000.0,50,52000000000000.0
75000.0,5596060100000.0,1.1182459e+32,0.35765556856489783,5.0976653368326254e-14,0.009373373742426364,0.25280774464263034,3.6056020569604145e-14,0.2315361701649769,3.302212427838105e-14,300000000000000.0,50,52000000000000.0
76000.0,5579498600000.0,1.0848065e+32,0.35926551937882834,5.044779896239744e-14,0.009331131300574141,0.2539464705705847,3.5681883950774544e-14,0.23257907918403076,3.2679469420299146e-14,300000000000000.0,50,52000000000000.0
77000.0,5563149800000.0,1.0525117e+32,0.3608598141885825,4.992994238263098e-14,0.009289652283649672,0.2550741206897662,3.531552915529519e-14,0.23361184436934246,3.234394157454408e-14,300000000000000.0,50,52000000000000.0
78000.0,5547001600000.0,1.0211914e+32,0.36243611213333543,4.9424752580297816e-14,0.009249041302820032,0.256189039018973,3.495813698703407e-14,0.23463294908207177,3.201662218547755e-14,300000000000000.0,50,52000000000000.0
79000.0,5531046200000.0,9.9096156e+31,0.36399534423265456,4.8931214603448075e-14,0.009209243298222682,0.2572918842630253,3.460898928425976e-14,0.23564299659991028,3.169685352201865e-14,300000000000000.0,50,52000000000000.0
80000.0,5515276900000.0,9.6141783e+31,0.36554018056458293,4.844717237991412e-14,0.009170124202748901,0.25838454538621203,3.426656049623936e-14,0.23664371693992042,3.138323840254562e-14,300000000000000.0,50,52000000000000.0
81000.0,5499688600000.0,9.3305178e+31,0.36707112025277955,4.797218595828558e-14,0.009131655376287897,0.25946737551809573,3.393053930436646e-14,0.23763543351738853,3.1075491704857294e-14,300000000000000.0,50,52000000000000.0
82000.0,5484283000000.0,9.0481685e+31,0.3685882892310992,4.7506129435865006e-14,0.009093826041676429,0.2605404637778658,3.360083658640703e-14,0.23861822795239496,3.077353180624406e-14,300000000000000.0,50,52000000000000.0
83000.0,5469066000000.0,8.775787e+31,0.3700865293672012,4.7052994188485233e-14,0.009056864547419531,0.2616001611924771,3.3280276207978494e-14,0.23958875831426446,3.0479944956791776e-14,300000000000000.0,50,52000000000000.0
84000.0,5454024000000.0,8.5183002e+31,0.3715720764321085,4.6607808023136085e-14,0.00902047829678453,0.2626508791778754,3.296534024360856e-14,0.24055106482032024,3.019150924942525e-14,300000000000000.0,50,52000000000000.0
85000.0,5439148400000.0,8.2683867e+31,0.3730454063285221,4.6170201789370265e-14,0.008984642356533833,0.2636929544208923,3.265576748491465e-14,0.24150545582678515,2.990798545549556e-14,300000000000000.0,50,52000000000000.0
86000.0,5424430000000.0,8.0108948e+31,0.3745053745574446,4.5740817616559264e-14,0.008949404028412832,0.2647255772986225,3.235201224920217e-14,0.24245118983624914,2.962978966347842e-14,300000000000000.0,50,52000000000000.0
87000.0,5409867500000.0,7.7769986e+31,0.37594829937501506,4.532212228446336e-14,0.008914918271169964,0.265746143315014,3.2055819761532157e-14,0.24338588150735976,2.935852024566328e-14,300000000000000.0,50,52000000000000.0
88000.0,5395462300000.0,7.5532448e+31,0.3773801433716025,4.491009060164739e-14,0.008880916659749417,0.26675887056049064,3.1764342072080104e-14,0.24431339399970198,2.909156889527026e-14,300000000000000.0,50,52000000000000.0
89000.0,5381221600000.0,7.3365994e+31,0.3788013625626936,4.450443356949657e-14,0.008847377517153733,0.26776408163909104,3.14773746897037e-14,0.24523402277178558,2.882874832832229e-14,300000000000000.0,50,52000000000000.0
90000.0,5367132300000.0,7.1272359e+31,0.3802059809329105,4.4109008229080855e-14,0.008814553198464243,0.2687575490633479,3.119764647585416e-14,0.24614389605709844,2.857255778473205e-14,300000000000000.0,50,52000000000000.0
91000.0,5353187000000.0,6.9248871e+31,0.3815989819182483,4.372024191992482e-14,0.008782223072561914,0.26974279822238584,3.092262974945841e-14,0.24704624260134772,2.8320682276674427e-14,300000000000000.0,50,52000000000000.0
92000.0,5339380300000.0,6.7293479e+31,0.38298245124980784,4.333695239453482e-14,0.008750296721796483,0.2707213045954609,3.065148801224155e-14,0.24794241372984502,2.807235569380913e-14,300000000000000.0,50,52000000000000.0
93000.0,5325708000000.0,6.540419e+31,0.3843511886671001,4.296216994470678e-14,0.008718989049964408,0.2716893894995869,3.038636522766925e-14,0.24882904030136507,2.782954159447616e-14,300000000000000.0,50,52000000000000.0
94000.0,5312168100000.0,6.3585535e+31,0.3857079043549605,4.2594165019920605e-14,0.008688179939765549,0.2726489701784381,3.012603768149678e-14,0.2497078782333537,2.7591119234864622e-14,300000000000000.0,50,52000000000000.0
95000.0,5298772700000.0,6.181872e+31,0.3870561396405262,4.2230971516803134e-14,0.008657721041104984,0.273602551791726,2.9869114294571206e-14,0.25058122188948045,2.7355814589267632e-14,300000000000000.0,50,52000000000000.0
96000.0,5285513300000.0,6.011418e+31,0.3883897613840816,4.1876172632448975e-14,0.00862786057455644,0.27454579576618404,2.9618130167644876e-14,0.2514450977643373,2.7125949441116204e-14,300000000000000.0,50,52000000000000.0
97000.0,5272382600000.0,5.8467983e+31,0.389712671130551,4.1527152371183627e-14,0.00859843344995379,0.2754814620921352,2.9371234501190026e-14,0.252302033609488,2.6899828727303255e-14,300000000000000.0,50,52000000000000.0
98000.0,5259375500000.0,5.687831e+31,0.3910281278165308,4.118216208596029e-14,0.008569307365788242,0.2764118561386211,2.9127190095588654e-14,0.2531541408094195,2.6676319353203865e-14,300000000000000.0,50,52000000000000.0
99000.0,5246488200000.0,5.5343352e+31,0.39232741058885756,4.0846064672712294e-14,0.008540827278974605,0.27733080883682976,2.888943741607631e-14,0.2539957693893538,2.6458572284509403e-14,300000000000000.0,50,52000000000000.0
100000.0,5233717000000.0,5.3861354e+31,0.393618927335866,4.0513980787652e-14,0.008512653572017706,0.27824426790951257,2.865452434183644e-14,0.2548323666028396,2.6243425880837167e-14,300000000000000.0,50,52000000000000.0
101000.0,5221059400000.0,5.2441587e+31,0.3949013244022327,4.018661000792151e-14,0.008484839648390642,0.2791512757914887,2.842294582963736e-14,0.255663055458662,2.6031333450528034e-14,300000000000000.0,50,52000000000000.0
102000.0,5208525400000.0,5.1052385e+31,0.3961696661877264,3.986678892470407e-14,0.008457573129538433,0.280048341121366,2.819670866600016e-14,0.2564846383744813,2.5824132918601026e-14,300000000000000.0,50,52000000000000.0
103000.0,5196112400000.0,4.9717569e+31,0.39743211820412155,3.955008722847874e-14,0.008430534470932819,0.2809412401023037,2.797267843990376e-14,0.25730240551708233,2.5618953620483854e-14,300000000000000.0,50,52000000000000.0
104000.0,5183813500000.0,4.8429153e+31,0.39868127968307987,3.924034234280918e-14,0.00840400715453858,0.2818247375408015,2.775357008701257e-14,0.25811156220607157,2.5418282042425877e-14,300000000000000.0,50,52000000000000.0
105000.0,5171624700000.0,4.7185587e+31,0.3999218921624571,3.893489311725737e-14,0.008377804729569612,0.2827021875599431,2.7537500876228617e-14,0.2589151803331147,2.5220393876526728e-14,300000000000000.0,50,52000000000000.0
106000.0,5159543100000.0,4.5985395e+31,0.4011547201428868,3.863335540922862e-14,0.008351898142369044,0.28357413095469347,2.7324199030013017e-14,0.25971375518822515,2.5025040214087978e-14,300000000000000.0,50,52000000000000.0
107000.0,5147566300000.0,4.4827157e+31,0.4023742315049248,3.833847778707519e-14,0.008326491295164376,0.2844366544354077,2.711560909263802e-14,0.2605037027635466,2.4834001975109973e-14,300000000000000.0,50,52000000000000.0
108000.0,5135691900000.0,4.3709472e+31,0.4035893479537858,3.804579120664712e-14,0.008301248657198845,0.28529606904540866,2.690856927951694e-14,0.26129080306259655,2.4644383424610276e-14,300000000000000.0,50,52000000000000.0
109000.0,5123917900000.0,4.2630989e+31,0.4047900345622079,3.77602563851044e-14,0.008276540832394451,0.286145276311456,2.6706589186966263e-14,0.26206855490962105,2.4459398842785075e-14,300000000000000.0,50,52000000000000.0
110000.0,5112244500000.0,4.1595231e+31,0.40598531523002684,3.7477376095731635e-14,0.008252030906656478,0.28699065955219716,2.6506487106452636e-14,0.2628428045019767,2.4276134247124837e-14,300000000000000.0,50,52000000000000.0
111000.0,5100680100000.0,4.0588939e+31,0.40717019826957934,3.7199601456004395e-14,0.008227901614202872,0.2878286877743518,2.63099971394405e-14,0.2636103179599918,2.4096177822619132e-14,300000000000000.0,50,52000000000000.0
112000.0,5089219100000.0,3.9619074e+31,0.40834635562842264,3.6926053751363056e-14,0.008204087854861677,0.28866054369540506,2.6116497599840956e-14,0.2643721784818592,2.3918960195248645e-14,300000000000000.0,50,52000000000000.0
113000.0,5077857000000.0,3.8683363e+31,0.4095156145433483,3.6655847823209425e-14,0.008180523553133319,0.28948751985126764,2.5925362264993204e-14,0.26512956984375113,2.374390783601809e-14,300000000000000.0,50,52000000000000.0
114000.0,5066590400000.0,3.7780629e+31,0.41067335306675773,3.6391081638090084e-14,0.008157370784863772,0.29030634683769824,2.573807537194545e-14,0.2658794977435053,2.3572380090538334e-14,300000000000000.0,50,52000000000000.0
115000.0,5055416900000.0,3.6909736e+31,0.4118271663746464,3.612816887642055e-14,0.008134358233835761,0.29112239724780414,2.5552099715886715e-14,0.2666268827003933,2.3402053247699755e-14,300000000000000.0,50,52000000000000.0
116000.0,5044334300000.0,3.6069573e+31,0.4129671761111187,3.587167011161088e-14,0.008111832736455157,0.2919286834751682,2.537066173017056e-14,0.26736532507600713,2.323588225200354e-14,300000000000000.0,50,52000000000000.0
117000.0,5033340900000.0,3.5259045e+31,0.4141052370637459,3.561607381070315e-14,0.00808937579422798,0.2927335911995963,2.5189862204036053e-14,0.268102504942004,2.307029599258227e-14,300000000000000.0,50,52000000000000.0
118000.0,5022434900000.0,3.4477063e+31,0.41522867461774626,3.536717900393317e-14,0.008067428518301877,0.293528154862547,2.5013803713930165e-14,0.26883021114132344,2.290905183391135e-14,300000000000000.0,50,52000000000000.0
119000.0,5011614900000.0,3.3722597e+31,0.41635018237718646,3.511914755807957e-14,0.008045547680511772,0.2943213534640049,2.4838356014906348e-14,0.26955666714139487,2.2748367071215483e-14,300000000000000.0,50,52000000000000.0
120000.0,5000879600000.0,3.2994656e+31,0.41745868693464266,3.487693354824336e-14,0.008024114511359386,0.2951053541069455,2.466702390412898e-14,0.2702746991394104,2.2591451589977123e-14,300000000000000.0,50,52000000000000.0
121000.0,4990227700000.0,3.2306623e+31,0.41856430001198175,3.463602109366364e-14,0.008002779665939012,0.2958873094371807,2.4496612577829074e-14,0.270990857926234,2.243537941372848e-14,300000000000000.0,50,52000000000000.0
122000.0,4979665200000.0,3.1617358e+31,0.4196580360351388,3.440045491216075e-14,0.007981848695435709,0.2966608634335534,2.4329983469177518e-14,0.2716993223039938,2.228277120010425e-14,300000000000000.0,50,52000000000000.0
123000.0,4969192100000.0,3.0962141e+31,0.4207484017239009,3.416639229044029e-14,0.007961030955644228,0.2974320334042883,2.416441804557664e-14,0.2724056032583604,2.2131137167705562e-14,300000000000000.0,50,52000000000000.0
124000.0,4958804300000.0,3.03297e+31,0.4218275409326678,3.393733798001506e-14,0.007940590383864033,0.2981952622591001,2.4002395724096564e-14,0.27310461129669794,2.198274810294468e-14,300000000000000.0,50,52000000000000.0
125000.0,4948499200000.0,2.9719192e+31,0.4229033042420161,3.370975273122436e-14,0.007920261879251997,0.29895610316033056,2.3841412679399633e-14,0.2738014323141647,2.183531086499424e-14,300000000000000.0,50,52000000000000.0
126000.0,4938275100000.0,2.9129763e+31,0.4239680192878511,3.348697526194457e-14,0.007900300135449897,0.299709129035948,2.3683830862742927e-14,0.2744910958959695,2.169098865865964e-14,300000000000000.0,50,52000000000000.0
127000.0,4928130300000.0,2.8560623e+31,0.425029815692067,3.3265444698727684e-14,0.007880434117165264,0.3004600904081397,2.352713115672812e-14,0.2751788686905266,2.1547474337766543e-14,300000000000000.0,50,52000000000000.0
128000.0,4918063600000.0,2.801099e+31,0.4260802736632493,3.304875815637331e-14,0.007860939976456245,0.30120303153088135,2.3373858302566536e-14,0.27585929609384163,2.140709851627581e-14,300000000000000.0,50,52000000000000.0
129000.0,4908073700000.0,2.7480108e+31,0.42712872511638167,3.283291498960482e-14,0.007841510854985943,0.30194455334652115,2.3221182082740117e-14,0.27653842361661707,2.1267269125341106e-14,300000000000000.0,50,52000000000000.0
130000.0,4898159500000.0,2.6967245e+31,0.4281650902610989,3.262215191540811e-14,0.007822473378421142,0.30267752593262903,2.3072099703789445e-14,0.2772097212785524,2.113073117164403e-14,300000000000000.0,50,52000000000000.0
131000.0,4888320000000.0,2.6471689e+31,0.42920080766462065,3.2411658862427734e-14,0.007803456639381001,0.30341004034171165,2.2923208346284683e-14,0.2778805993164255,2.0994368165906337e-14,300000000000000.0,50,52000000000000.0
132000.0,4878554400000.0,2.5992735e+31,0.43022324227753334,3.220670295190753e-14,0.00778486515073367,0.3041331592244164,2.2778234136377807e-14,0.27854287240745934,2.0861592699649363e-14,300000000000000.0,50,52000000000000.0
133000.0,4868861700000.0,2.5529746e+31,0.431245676890446,3.200174704138734e-14,0.007766273662086339,0.3048562781071211,2.2633259926470935e-14,0.2792051454984932,2.072881723339239e-14,300000000000000.0,50,52000000000000.0
134000.0,4859241000000.0,2.5082113e+31,0.43225549363063764,3.180197127949271e-14,0.0077480813318339965,0.3055704718208771,2.2491950297397816e-14,0.2798592444220709,2.0599397992172603e-14,300000000000000.0,50,52000000000000.0
135000.0,4849691600000.0,2.4649203e+31,0.4332641612019233,3.160266729805273e-14,0.007729925354810619,0.30628385267759584,2.2350974418905375e-14,0.280512598885843,2.047028441812346e-14,300000000000000.0,50,52000000000000.0
136000.0,4840212700000.0,2.4230432e+31,0.434262598888729,3.140751733513576e-14,0.007712089152705722,0.30698999751754746,2.2212937190793768e-14,0.28115932620178913,2.0343862222107742e-14,300000000000000.0,50,52000000000000.0
137000.0,4830805700000.0,2.382859e+31,0.435257661315472,3.1213737953953895e-14,0.007694358457511829,0.30769375489765494,2.207586954442944e-14,0.2818038669488223,2.0218328022511493e-14,300000000000000.0,50,52000000000000.0
138000.0,4821474800000.0,2.3435182e+31,0.4362453018915081,3.102298905661135e-14,0.007676857025454626,0.3083922625158845,2.1940945712460168e-14,0.2824435996709649,2.0094757246450955e-14,300000000000000.0,50,52000000000000.0
139000.0,4812217100000.0,2.30547e+31,0.43722692114619005,3.083469878014057e-14,0.007659541593773232,0.30908651102078116,2.1807761149563544e-14,0.2830794316594376,1.9972779388993835e-14,300000000000000.0,50,52000000000000.0
140000.0,4803030500000.0,2.2686224e+31,0.4382043390726,3.064808403334404e-14,0.007642354448313897,0.3097777877733389,2.167576188088422e-14,0.2837125419512263,1.9851887089414682e-14,300000000000000.0,50,52000000000000.0
141000.0,4793913600000.0,2.2329282e+31,0.43917268349347416,3.046508788685437e-14,0.007625444359459196,0.31046264650532035,2.154632246302961e-14,0.28433977426149826,1.9733339242536494e-14,300000000000000.0,50,52000000000000.0
142000.0,4784865000000.0,2.198347e+31,0.44014044414885,3.028232385011319e-14,0.0076085518892560315,0.31114709232004795,2.141704724177548e-14,0.28496662839909154,1.961494177597644e-14,300000000000000.0,50,52000000000000.0
143000.0,4775883600000.0,2.1648383e+31,0.44109567713699405,3.0104540912287214e-14,0.007592037517114756,0.3118226768883249,2.129129569634199e-14,0.2855853669123658,1.9499771486406487e-14,300000000000000.0,50,52000000000000.0
144000.0,4766968400000.0,2.132363e+31,0.44205091012513803,2.9926757974461236e-14,0.00757552314497348,0.3124982614566018,2.1165544150908498e-14,0.28620410542564,1.9384601196836535e-14,300000000000000.0,50,52000000000000.0
145000.0,4758118500000.0,2.1008837e+31,0.44299662063715056,2.975264225940288e-14,0.007559292894401598,0.31316711047362433,2.1042386831336812e-14,0.28681667514483933,1.9271806842649467e-14,300000000000000.0,50,52000000000000.0
146000.0,4749332900000.0,2.0703643e+31,0.4439389085287979,2.957984463757519e-14,0.007543164764355528,0.313833538562038,2.0920161942589187e-14,0.28742702764238975,1.915986646013063e-14,300000000000000.0,50,52000000000000.0
147000.0,4740611000000.0,2.0407701e+31,0.44487622069422406,2.9408926974940485e-14,0.007527183376840222,0.3144964471715527,2.0799266948759527e-14,0.28803415680451105,1.9049144068887198e-14,300000000000000.0,50,52000000000000.0
148000.0,4731952100000.0,2.0120647e+31,0.44580572184153794,2.924096051875365e-14,0.007511432349379847,0.3151538308160262,2.0680459656871222e-14,0.2886362258949363,1.894033371047874e-14,300000000000000.0,50,52000000000000.0
149000.0,4723355700000.0,1.9842134e+31,0.44673516623953613,2.907301576731893e-14,0.0074956829761560735,0.31581117432014877,2.0561667718896234e-14,0.28923825822258453,1.883153741403369e-14,300000000000000.0,50,52000000000000.0
150000.0,4714821100000.0,1.957189e+31,0.4476520359781589,2.8909880410699115e-14,0.007480300152934588,0.31645962342201545,2.0446277940536295e-14,0.289832144559512,1.8725857003619616e-14,300000000000000.0,50,52000000000000.0
151000.0,4706347700000.0,1.9309589e+31,0.44856890571678165,2.87467450540793e-14,0.007464917329713104,0.3171080725238821,2.0330888162176355e-14,0.2904260308964394,1.862017659320554e-14,300000000000000.0,50,52000000000000.0
152000.0,4697934900000.0,1.9054949e+31,0.44947853091408296,2.858626981943021e-14,0.00744974331351539,0.31775139737779473,2.0217380153172304e-14,0.291015224160596,1.851621961128372e-14,300000000000000.0,50,52000000000000.0
153000.0,4689582000000.0,1.8807692e+31,0.4503829330104767,2.8427712454369127e-14,0.007434719841031484,0.31839102779986517,2.010522884444705e-14,0.2916010338575175,1.8413505170541877e-14,300000000000000.0,50,52000000000000.0
154000.0,4681288200000.0,1.8567559e+31,0.4512858791819819,2.8269693100863567e-14,0.0074197378495427,0.31902962841243043,1.9993458121427142e-14,0.2921859003973007,1.8311139291265703e-14,300000000000000.0,50,52000000000000.0
155000.0,4673052900000.0,1.8334042e+31,0.4521779664131964,2.8115686478648474e-14,0.007405065241905204,0.3196605482441975,1.9884525977156887e-14,0.292763732448471,1.8211373139607997e-14,300000000000000.0,50,52000000000000.0
156000.0,4664875400000.0,1.8107308e+31,0.4530700536444109,2.7961679856433385e-14,0.007390392634267708,0.3202914680759646,1.9775593832886633e-14,0.2933415644996413,1.811160698795029e-14,300000000000000.0,50,52000000000000.0
157000.0,4656755000000.0,1.7895384e+31,0.4539546610130514,2.781038329011103e-14,0.007375930747734443,0.3209170972425816,1.966857875740356e-14,0.29391455106369424,1.801359659409154e-14,300000000000000.0,50,52000000000000.0
158000.0,4648694900000.0,1.7675089e+31,0.45483459227357365,2.76607809413275e-14,0.007361600595528705,0.3215394188989316,1.9562762155933904e-14,0.2944845084248143,1.7916683829128514e-14,300000000000000.0,50,52000000000000.0
159000.0,4640695100000.0,1.746603e+31,0.45571366294426624,2.7511494988649888e-14,0.00734729441542012,0.3221611318436419,1.9457169367832074e-14,0.2950539082937521,1.781997604485968e-14,300000000000000.0,50,52000000000000.0
160000.0,4632753300000.0,1.7262635e+31,0.4565815938062963,2.7366304589928418e-14,0.007333298539438215,0.32277496538870865,1.935447370680253e-14,0.295616091767577,1.7725921610228544e-14,300000000000000.0,50,52000000000000.0
161000.0,4624868200000.0,1.7064588e+31,0.4574495246683264,2.7221114191206944e-14,0.0073193026634563105,0.3233887989337753,1.9251778045772984e-14,0.29617827524140194,1.7631867175597403e-14,300000000000000.0,50,52000000000000.0
162000.0,4617038600000.0,1.6871729e+31,0.45831169462347493,2.707794620407513e-14,0.00730546552297488,0.3239985576905258,1.9150513008675244e-14,0.29673672679600577,1.7539122985684778e-14,300000000000000.0,50,52000000000000.0
163000.0,4609263300000.0,1.6683871e+31,0.45916778956170357,2.6936910899327995e-14,0.007291795772953144,0.32460401948353873,1.9050756599432517e-14,0.29729124295070153,1.7447760480808516e-14,300000000000000.0,50,52000000000000.0
164000.0,4601541400000.0,1.6500811e+31,0.4600238844999322,2.6795875594580858e-14,0.00727812602293141,0.3252094812765517,1.8951000190189786e-14,0.29784575910539735,1.7356397975932254e-14,300000000000000.0,50,52000000000000.0
165000.0,4593872100000.0,1.6322338e+31,0.4608699344947287,2.66583401768706e-14,0.0072647299598997805,0.32580783812878655,1.8853719534962346e-14,0.29839376815752794,1.7267302903932025e-14,300000000000000.0,50,52000000000000.0
166000.0,4586254300000.0,1.6148241e+31,0.4617143452294948,2.652137591468444e-14,0.007251378560548614,0.32640503550754957,1.8756842904369766e-14,0.2989407152989349,1.717857786010671e-14,300000000000000.0,50,52000000000000.0
167000.0,4578687300000.0,1.5978317e+31,0.46255656560006625,2.6385157315542443e-14,0.007238086181667176,0.32700068361280465,1.86604937404838e-14,0.29948624352889697,1.709033589956144e-14,300000000000000.0,50,52000000000000.0
168000.0,4571170400000.0,1.5812367e+31,0.46338944484185113,2.625211870562065e-14,0.007225045504219749,0.3275897246143647,1.8566394035591652e-14,0.3000257206032675,1.7004154118389443e-14,300000000000000.0,50,52000000000000.0
169000.0,4563702600000.0,1.5650198e+31,0.46422232408363595,2.6119080095698857e-14,0.007212004826772321,0.32817876561592474,1.8472294330699503e-14,0.300565197677638,1.6917972337217446e-14,300000000000000.0,50,52000000000000.0
170000.0,4556283300000.0,1.5491624e+31,0.465049776221757,2.5987843371033764e-14,0.007199108762211949,0.3287639679660325,1.837946923985405e-14,0.30110115909996865,1.6832957918335765e-14,300000000000000.0,50,52000000000000.0
171000.0,4548911700000.0,1.5336469e+31,0.4658712722998245,2.5858584153610734e-14,0.007186371405333092,0.3293449575278851,1.828804299418966e-14,0.30163326221481634,1.6749224639512606e-14,300000000000000.0,50,52000000000000.0
172000.0,4541587000000.0,1.5184562e+31,0.46669276837789203,2.5729324936187703e-14,0.0071736340484542345,0.32992594708973777,1.819661674852527e-14,0.3021653653296641,1.6665491360689443e-14,300000000000000.0,50,52000000000000.0
173000.0,4534308500000.0,1.5035741e+31,0.46750617801125394,2.560270270174632e-14,0.0071611097563613856,0.3305012170341044,1.810705584030627e-14,0.3026922300983209,1.65834664614696e-14,300000000000000.0,50,52000000000000.0
174000.0,4527075500000.0,1.4889852e+31,0.46831643441278664,2.5477108733616473e-14,0.007148668546845539,0.3310742566682958,1.8018222302596706e-14,0.3032170522239445,1.650210772854875e-14,300000000000000.0,50,52000000000000.0
175000.0,4519887200000.0,1.4746746e+31,0.46912669081431935,2.5351514765486625e-14,0.007136227337329692,0.3316472963024872,1.7929388764887143e-14,0.3037418743495681,1.6420748995627904e-14,300000000000000.0,50,52000000000000.0
176000.0,4512742900000.0,1.4606279e+31,0.4699267665080984,2.5229188011601457e-14,0.007124051372198261,0.3322131350471804,1.7842866366089963e-14,0.3042601014969821,1.6341506932096497e-14,300000000000000.0,50,52000000000000.0
177000.0,4505641900000.0,1.4468322e+31,0.4707259243126881,2.5107155828654496e-14,0.0071118993214113815,0.33277832456209666,1.7756552338800364e-14,0.3047777340433773,1.6262455706765837e-14,300000000000000.0,50,52000000000000.0
178000.0,4498583500000.0,1.4332754e+31,0.4715243197810613,2.4985362849993424e-14,0.007099766910470873,0.3333429748724571,1.7670407517733755e-14,0.3052948727560102,1.61835594498953e-14,300000000000000.0,50,52000000000000.0
179000.0,4491566900000.0,1.4199461e+31,0.4723125183394175,2.4866769436729026e-14,0.007087897199559372,0.333900412852855,1.7586525977084476e-14,0.3058054060125088,1.610673603097894e-14,300000000000000.0,50,52000000000000.0
180000.0,4484591500000.0,1.4068332e+31,0.4731007168977738,2.474817602346463e-14,0.007076027488647872,0.33445785083325286,1.7502644436435196e-14,0.30631593926900735,1.6029912612062578e-14,300000000000000.0,50,52000000000000.0
181000.0,4477656500000.0,1.3939265e+31,0.4738870158344557,2.4630172564178652e-14,0.0070642061678825654,0.33501394520452177,1.7419180210214845e-14,0.3068252419729175,1.595347139289755e-14,300000000000000.0,50,52000000000000.0
182000.0,4470762400000.0,1.3814691e+31,0.4746643907393164,2.4514940587313458e-14,0.007052612174068888,0.3355637275765206,1.7337676441328477e-14,0.30732876379392565,1.5878825669535228e-14,300000000000000.0,50,52000000000000.0
183000.0,4463911900000.0,1.3688425e+31,0.4754417656441771,2.4399708610448265e-14,0.007041018180255211,0.3361135099485194,1.7256172672442108e-14,0.30783228561493386,1.5804179946172904e-14,300000000000000.0,50,52000000000000.0
184000.0,4457103100000.0,1.3564363e+31,0.47621663551397414,2.4285247150095565e-14,0.007029487287980499,0.3366615205050514,1.7175213939431272e-14,0.3083341847079505,1.5730033396977243e-14,300000000000000.0,50,52000000000000.0
185000.0,4450334600000.0,1.3442003e+31,0.47698332249546854,2.4173302640762177e-14,0.007018162521700806,0.33720374329107744,1.7096035607722994e-14,0.3088307830360826,1.5657517438310413e-14,300000000000000.0,50,52000000000000.0
186000.0,4443605300000.0,1.3321313e+31,0.47775000947696294,2.406135813142879e-14,0.007006837755421114,0.3377459660771035,1.7016857276014713e-14,0.3093273813642147,1.5585001479643587e-14,300000000000000.0,50,52000000000000.0
187000.0,4436914100000.0,1.3202272e+31,0.47851410685952384,2.3950182894464494e-14,0.006995577500659511,0.33828635724026057,1.6938223100140123e-14,0.30982230218935586,1.5512983889152905e-14,300000000000000.0,50,52000000000000.0
188000.0,4430260200000.0,1.3084832e+31,0.4792702419542342,2.384137295351528e-14,0.006984515600658583,0.3388211166786253,1.686126205029569e-14,0.31031206516495086,1.544249864053285e-14,300000000000000.0,50,52000000000000.0
189000.0,4423642600000.0,1.2968938e+31,0.4800263770489445,2.3732563012566068e-14,0.006973453700657654,0.33935587611699,1.6784301000451254e-14,0.31080182814054585,1.53720133919128e-14,300000000000000.0,50,52000000000000.0
190000.0,4417060700000.0,1.2854536e+31,0.48078034582125945,2.362437733945811e-14,0.006962445160944613,0.33988910331993205,1.6707781535044597e-14,0.31129018780894946,1.530193257088254e-14,300000000000000.0,50,52000000000000.0
191000.0,4410513500000.0,1.2741581e+31,0.4815260576718991,2.351857105857754e-14,0.006951640003571421,0.3404164904189731,1.6632945165433605e-14,0.3117731987824448,1.5233393222598583e-14,300000000000000.0,50,52000000000000.0
192000.0,4404000300000.0,1.2630028e+31,0.48227176952253875,2.3412764777696973e-14,0.00694083484619823,0.34094387751801414,1.6558108795822613e-14,0.31225620975594015,1.5164853874314628e-14,300000000000000.0,50,52000000000000.0
193000.0,4397520400000.0,1.2519835e+31,0.48301623658183024,2.330730651939553e-14,0.0069300600009091174,0.3414703841809918,1.6483518604554962e-14,0.31273841437666466,1.5096539989851858e-14,300000000000000.0,50,52000000000000.0
194000.0,4391073000000.0,1.2415599e+31,0.4837516480633352,2.3204380047277537e-14,0.006919505669231091,0.3419904858691359,1.641071930550443e-14,0.3132147529618888,1.5029866304104852e-14,300000000000000.0,50,52000000000000.0
195000.0,4384657100000.0,1.2312873e+31,0.4844870595448402,2.3101453575159544e-14,0.006908951337553064,0.34251058755728,1.6337920006453897e-14,0.3136910915471129,1.496319261835785e-14,300000000000000.0,50,52000000000000.0
196000.0,4378272100000.0,1.2211044e+31,0.48522247102634525,2.299852710304155e-14,0.006898397005875037,0.3430306892454241,1.6265120707403366e-14,0.314167430132337,1.4896518932610847e-14,300000000000000.0,50,52000000000000.0
197000.0,4371917200000.0,1.2110086e+31,0.4859478659808941,2.2898325969312592e-14,0.00688808377279975,0.34354370630192466,1.6194249209442517e-14,0.31463728021410026,1.483161083435881e-14,300000000000000.0,50,52000000000000.0
198000.0,4365591900000.0,1.2009983e+31,0.48667309446966256,2.2798170128286788e-14,0.006877774546569077,0.3440566056181405,1.6123409749823344e-14,0.3151070224626996,1.4766732078602594e-14,300000000000000.0,50,52000000000000.0
199000.0,4359295300000.0,1.1910722e+31,0.48739832295843094,2.269801428726098e-14,0.006867465320338404,0.3445695049343563,1.6052570290204168e-14,0.315576764711299,1.4701853322846378e-14,300000000000000.0,50,52000000000000.0
200000.0,4353026900000.0,1.1812295e+31,0.4881155414356757,2.2599960225384626e-14,0.006857346647954667,0.3450767388307417,1.5983217549973426e-14,0.3160413182502243,1.4638336187422617e-14,300000000000000.0,50,52000000000000.0
201000.0,4346785900000.0,1.1714694e+31,0.48883069987423633,2.250244670534651e-14,0.006847276982778339,0.34558251567753634,1.5914247168674817e-14,0.31650453734130046,1.4575169237582184e-14,300000000000000.0,50,52000000000000.0
202000.0,4340571800000.0,1.1617914e+31,0.489545858312797,2.2404933185308393e-14,0.006837207317602011,0.34608829252433104,1.5845276787376208e-14,0.3169677564323766,1.4512002287741753e-14,300000000000000.0,50,52000000000000.0
203000.0,4334383900000.0,1.1521955e+31,0.49025548333702573,2.2308828435991445e-14,0.006827267726134765,0.3465901556400225,1.5777302916521843e-14,0.31742739110864127,1.4449747997615194e-14,300000000000000.0,50,52000000000000.0
204000.0,4328221500000.0,1.1426814e+31,0.4909606779252711,2.2213851646397225e-14,0.006817432280716713,0.34708888515066133,1.5710126921168075e-14,0.31788415585335766,1.4388224446268428e-14,300000000000000.0,50,52000000000000.0
205000.0,4322084200000.0,1.1332496e+31,0.49166587251351646,2.2118874856803004e-14,0.006807596835298661,0.3475876146613001,1.5642950925814308e-14,0.31834092059807406,1.4326700894921662e-14,300000000000000.0,50,52000000000000.0
206000.0,4315973600000.0,1.1240611e+31,0.49236847751935686,2.2024561372047635e-14,0.006797821530975181,0.34808451258996675,1.5576244123156806e-14,0.3187960078770988,1.4265607056373604e-14,300000000000000.0,50,52000000000000.0
207000.0,4309891500000.0,1.1147164e+31,0.49306380961130375,2.1932110797300098e-14,0.0067882151345812075,0.3485762664699451,1.5510855061179425e-14,0.3192463839472767,1.4205720078120115e-14,300000000000000.0,50,52000000000000.0
208000.0,4303836200000.0,1.1054585e+31,0.49375914170325064,2.1839660222552558e-14,0.006778608738187234,0.3490680203499235,1.544546599920204e-14,0.3196967600174547,1.4145833099866625e-14,300000000000000.0,50,52000000000000.0
209000.0,4297806600000.0,1.0962759e+31,0.4944544737951975,2.174720964780502e-14,0.00676900234179326,0.34955977422990187,1.538007693722466e-14,0.3201471360876326,1.4085946121613133e-14,300000000000000.0,50,52000000000000.0
210000.0,4291801600000.0,1.0871751e+31,0.4951408668458081,2.165698555888187e-14,0.006759601100153226,0.3500452056448274,1.5316262791432458e-14,0.3205917216889511,1.402750153931586e-14,300000000000000.0,50,52000000000000.0
211000.0,4285820400000.0,1.0781582e+31,0.49582644261879333,2.1566965032844142e-14,0.0067502186153780295,0.3505300590101579,1.5252592636892947e-14,0.3210357778799603,1.396918883222729e-14,300000000000000.0,50,52000000000000.0
212000.0,4279862400000.0,1.0692263e+31,0.4965120183917786,2.1476944506806413e-14,0.006740836130602833,0.3510149123754884,1.5188922482353435e-14,0.3214798340709694,1.3910876125138723e-14,300000000000000.0,50,52000000000000.0
213000.0,4273926800000.0,1.0603797e+31,0.4971926176660091,2.13881014038018e-14,0.006731566497546097,0.3514962459386278,1.5126085186728973e-14,0.3219206666292474,1.3853326196617516e-14,300000000000000.0,50,52000000000000.0
214000.0,4268013000000.0,1.0516185e+31,0.49786853904700396,2.130036507475884e-14,0.0067224029447510904,0.3519742708987372,1.506403077587488e-14,0.32235846898285936,1.379649327755945e-14,300000000000000.0,50,52000000000000.0
215000.0,4262120400000.0,1.042942e+31,0.4985444604279989,2.1212628745715877e-14,0.006713239391956083,0.35245229585884646,1.5001976365020784e-14,0.3227962713364713,1.3739660358501383e-14,300000000000000.0,50,52000000000000.0
216000.0,4256248500000.0,1.0343496e+31,0.49921981394403514,2.1125023259875742e-14,0.006704088558368183,0.35292991917774463,1.4940014506924827e-14,0.3232337058444761,1.3682912204413419e-14,300000000000000.0,50,52000000000000.0
217000.0,4250396600000.0,1.0258415e+31,0.49988617286026316,2.1039490242549713e-14,0.006695139188484028,0.35340118076943067,1.487951862239867e-14,0.32366531392495146,1.3627506670559716e-14,300000000000000.0,50,52000000000000.0
218000.0,4244564300000.0,1.0174169e+31,0.5005525317764912,2.0953957225223685e-14,0.006686189818599873,0.3538724423611167,1.4819022737872514e-14,0.32409692200542684,1.3572101136706011e-14,300000000000000.0,50,52000000000000.0
219000.0,4238751100000.0,1.0090754e+31,0.5012188906927192,2.0868424207897656e-14,0.006677240448715718,0.35434370395280274,1.4758526853346358e-14,0.3245285300859022,1.3516695602852307e-14,300000000000000.0,50,52000000000000.0
220000.0,4232956400000.0,1.0008165e+31,0.5018800664913747,2.0784034384195718e-14,0.006668405732181224,0.35481129962351515,1.4698839615388506e-14,0.3249567807097473,1.346203067255291e-14,300000000000000.0,50,52000000000000.0
221000.0,4227180000000.0,9.9264043e+30,0.5025369514554165,2.0700590951291187e-14,0.006659665931217218,0.35527586046810516,1.4639821814046178e-14,0.32538225186912495,1.3407978849581573e-14,300000000000000.0,50,52000000000000.0
222000.0,4221421200000.0,9.8454613e+30,0.5031938364194584,2.0617147518386657e-14,0.0066509261302532124,0.3557404213126951,1.458080401270385e-14,0.3258077230285026,1.3353927026610236e-14,300000000000000.0,50,52000000000000.0
223000.0,4215679800000.0,9.7653337e+30,0.5038507213835001,2.0533704085482127e-14,0.0066421863292892075,0.3562049821572851,1.4521786211361523e-14,0.3262331941878802,1.3299875203638898e-14,300000000000000.0,50,52000000000000.0
224000.0,4209955200000.0,9.6860182e+30,0.5044984232553364,2.0452241778327187e-14,0.006633647086507745,0.3566630479921107,1.4464169770577826e-14,0.32665271685188874,1.3247106824718304e-14,300000000000000.0,50,52000000000000.0
225000.0,4204247200000.0,9.6075144e+30,0.5051459153871395,2.037082471969763e-14,0.00662511242443602,0.35712096548218114,1.4406585336595726e-14,0.3270721036534242,1.3194367759409285e-14,300000000000000.0,50,52000000000000.0
226000.0,4198555300000.0,9.5298121e+30,0.5057934075189425,2.028940766106807e-14,0.006616577762364296,0.3575788829722516,1.4349000902613626e-14,0.32749149045495973,1.3141628694100265e-14,300000000000000.0,50,52000000000000.0
227000.0,4192879300000.0,9.4529076e+30,0.5064376380324923,2.0208680821678318e-14,0.0066081134250416205,0.3580344935939073,1.4291904697617882e-14,0.32790876449657774,1.3089336776098236e-14,300000000000000.0,50,52000000000000.0
228000.0,4187218800000.0,9.3808232e+30,0.5070758163662168,2.0129234736390968e-14,0.006599779580619822,0.3584858236464112,1.423571443850298e-14,0.32832211815206974,1.3037874573807932e-14,300000000000000.0,50,52000000000000.0
229000.0,4181576600000.0,9.3026282e+30,0.5077139946999412,2.004978865110362e-14,0.006591445736198024,0.35893715369891505,1.4179524179388082e-14,0.32873547180756174,1.2986412371517629e-14,300000000000000.0,50,52000000000000.0
230000.0,4175952900000.0,9.2274417e+30,0.5083521730336656,1.997034256581627e-14,0.006583111891776226,0.3593884837514189,1.4123333920273182e-14,0.3291488254630538,1.2934950169227327e-14,300000000000000.0,50,52000000000000.0
231000.0,4170346500000.0,9.1530325e+30,0.508984221218293,1.9892194524013352e-14,0.006574908529042457,0.35983547810047145,1.406806183040911e-14,0.329558208237265,1.2884328877525799e-14,300000000000000.0,50,52000000000000.0
232000.0,4164756500000.0,9.0793709e+30,0.5096131634032617,1.9814704169740682e-14,0.006566771278253453,0.36028027565247595,1.401325495490355e-14,0.3299655790610802,1.2834133655069968e-14,300000000000000.0,50,52000000000000.0
233000.0,4159182300000.0,9.0065062e+30,0.5102421055882304,1.9737213815468016e-14,0.006558634027464449,0.36072507320448044,1.3958448079397987e-14,0.3303729498848954,1.2783938432614136e-14,300000000000000.0,50,52000000000000.0
234000.0,4153623300000.0,8.9344398e+30,0.510871047773199,1.965972346119535e-14,0.006550496776675445,0.36116987075648493,1.3903641203892426e-14,0.33078032070871066,1.2733743210158307e-14,300000000000000.0,50,52000000000000.0
235000.0,4148079100000.0,8.863183e+30,0.5114915920448437,1.9583934898292443e-14,0.006542536014774275,0.3616087286867859,1.3850038090153369e-14,0.331182251692543,1.2684650459830802e-14,300000000000000.0,50,52000000000000.0
236000.0,4142549200000.0,8.7927308e+30,0.5121113789194736,1.9508299817767076e-14,0.006534591170179183,0.3620470509302354,1.3796543542141694e-14,0.33158369206419525,1.2635657140048327e-14,300000000000000.0,50,52000000000000.0
237000.0,4137033200000.0,8.7230832e+30,0.5127311657941035,1.9432664737241706e-14,0.006526646325584092,0.36248537317368495,1.3743048994130017e-14,0.3319851324358475,1.2586663820265852e-14,300000000000000.0,50,52000000000000.0
238000.0,4131530700000.0,8.6542268e+30,0.513349954653516,1.9357224530235423e-14,0.006518722183760827,0.36292298954926744,1.3689692289909702e-14,0.332385926333954,1.2537796745511448e-14,300000000000000.0,50,52000000000000.0
239000.0,4126041600000.0,8.5861564e+30,0.5139606600675181,1.9283362705428188e-14,0.006510965724476862,0.36335488873309707,1.3637452054399732e-14,0.33278148410587155,1.2489952195038235e-14,300000000000000.0,50,52000000000000.0
240000.0,4120565400000.0,8.5188672e+30,0.5145713654815202,1.9209500880620956e-14,0.006503209265192896,0.36378678791692665,1.3585211818889761e-14,0.3331770418777892,1.2442107644565022e-14,300000000000000.0,50,52000000000000.0
241000.0,4115101800000.0,8.4523542e+30,0.5151820708955223,1.913563905581372e-14,0.00649545280590893,0.3642186871007563,1.3532971583379791e-14,0.33357259964970676,1.239426309409181e-14,300000000000000.0,50,52000000000000.0
242000.0,4109650600000.0,8.3866089e+30,0.5157906079025115,1.9062187378591606e-14,0.006487740736589139,0.3646490526358664,1.348102146557867e-14,0.33396675281973365,1.2346684249590125e-14,300000000000000.0,50,52000000000000.0
243000.0,4104211500000.0,8.3216157e+30,0.5163923005219732,1.899003029643365e-14,0.006480168780317929,0.36507457734261506,1.3429987079010721e-14,0.3343564724864539,1.2299944082802855e-14,300000000000000.0,50,52000000000000.0
244000.0,4098784300000.0,8.2573707e+30,0.5169939931414349,1.8917873214275692e-14,0.006472596824046719,0.3655001020493637,1.3378952692442772e-14,0.3347461921531742,1.2253203916015587e-14,300000000000000.0,50,52000000000000.0
245000.0,4093368700000.0,8.1938677e+30,0.5175956857608967,1.8845716132117735e-14,0.006465024867775508,0.36592562675611234,1.3327918305874823e-14,0.33513591181989444,1.2206463749228317e-14,300000000000000.0,50,52000000000000.0
246000.0,4087964500000.0,8.131099e+30,0.5181946192350404,1.8774066511434294e-14,0.0064575086429648305,0.36634920000799964,1.327724287142982e-14,0.3355238442342966,1.2160052330809675e-14,300000000000000.0,50,52000000000000.0
247000.0,4082571400000.0,8.0690573e+30,0.5187873638661932,1.8703555141559612e-14,0.006450117425436891,0.36676839609002143,1.322737257700976e-14,0.33590776778990117,1.211437830451883e-14,300000000000000.0,50,52000000000000.0
248000.0,4077189300000.0,8.0077269e+30,0.519380108497346,1.863304377168493e-14,0.0064427262079089515,0.3671875921720432,1.3177502282589698e-14,0.33629169134550574,1.2068704278227982e-14,300000000000000.0,50,52000000000000.0
249000.0,4071817900000.0,7.9471e+30,0.5199728531284987,1.8562532401810247e-14,0.0064353349903810125,0.367606788254065,1.3127631988169638e-14,0.33667561490111036,1.2023030251937136e-14,300000000000000.0,50,52000000000000.0
250000.0,4066457100000.0,7.8871744e+30,0.5205628238913517,1.849251825353465e-14,0.006427999049024872,0.368024022473354,1.3078113402036225e-14,0.3370577416722547,1.1977678339709716e-14,300000000000000.0,50,52000000000000.0
251000.0,4061106700000.0,7.8279434e+30,0.5211466823937022,1.8423599740528058e-14,0.006420784909544335,0.36843693369861563,1.3029369810400164e-14,0.33743590920182753,1.1933036210663846e-14,300000000000000.0,50,52000000000000.0
252000.0,4055766500000.0,7.7694001e+30,0.5217305408960528,1.8354681227521465e-14,0.006413570770063798,0.3688498449238773,1.2980626218764104e-14,0.3378140767314003,1.1888394081617977e-14,300000000000000.0,50,52000000000000.0
253000.0,4050436300000.0,7.7115347e+30,0.5223143993984033,1.8285762714514873e-14,0.006406356630583261,0.36926275614913895,1.2931882627128043e-14,0.33819224426097305,1.1843751952572107e-14,300000000000000.0,50,52000000000000.0
254000.0,4045116000000.0,7.6543339e+30,0.5228960427444793,1.8217231746218083e-14,0.00639918603591019,0.3696741006738416,1.2883413163536662e-14,0.3385689769178542,1.1799360885280973e-14,300000000000000.0,50,52000000000000.0
255000.0,4039805400000.0,7.5977928e+30,0.523471074587657,1.814985746966426e-14,0.006392145407968621,0.3700807691197474,1.2835761880758431e-14,0.3389414269581683,1.1755719153618302e-14,300000000000000.0,50,52000000000000.0
256000.0,4034504400000.0,7.5419063e+30,0.5240461064308347,1.808248319311044e-14,0.0063851047800270525,0.3704874375656533,1.2788110597980201e-14,0.3393138769984824,1.1712077421955632e-14,300000000000000.0,50,52000000000000.0
257000.0,4029212800000.0,7.4866702e+30,0.5246211382740125,1.8015108916556618e-14,0.006378064152085484,0.3708941060115591,1.274045931520197e-14,0.33968632703879653,1.1668435690292959e-14,300000000000000.0,50,52000000000000.0
258000.0,4023930600000.0,7.4320769e+30,0.5251950852645683,1.7947921003029757e-14,0.006371044559114836,0.371300007182153,1.2692939855046245e-14,0.3400580743651159,1.1624914689143761e-14,300000000000000.0,50,52000000000000.0
259000.0,4018657500000.0,7.3781185e+30,0.525761347875327,1.7882053162156542e-14,0.006364173963991752,0.37170047348096175,1.2646354139324375e-14,0.3404248441294005,1.1582248863250582e-14,300000000000000.0,50,52000000000000.0
260000.0,4013393500000.0,7.3247868e+30,0.5263276104860857,1.7816185321283327e-14,0.006357303368868668,0.3721009397797705,1.2599768423602506e-14,0.340791613893685,1.1539583037357404e-14,300000000000000.0,50,52000000000000.0
261000.0,4008138700000.0,7.2737796e+30,0.5268938730968443,1.7750317480410113e-14,0.006350432773745584,0.37250140607857923,1.2553182707880636e-14,0.3411583836579696,1.1496917211464225e-14,300000000000000.0,50,52000000000000.0
262000.0,4002894300000.0,7.2208803e+30,0.527460135707603,1.7684449639536895e-14,0.0063435621786225,0.372901872377388,1.2506596992158766e-14,0.3415251534222541,1.1454251385571047e-14,300000000000000.0,50,52000000000000.0
263000.0,3997660000000.0,7.1690537e+30,0.5280183014324156,1.7619973095528973e-14,0.006336846433133339,0.3732966120693743,1.2460995394137866e-14,0.34188667843702997,1.1412486869617992e-14,300000000000000.0,50,52000000000000.0
264000.0,3992435200000.0,7.1178387e+30,0.5285758514406728,1.7555602350777578e-14,0.006330142462971609,0.37369091628942125,1.2415468631993978e-14,0.34224780462204313,1.1370790892539671e-14,300000000000000.0,50,52000000000000.0
265000.0,3987219600000.0,7.0672166e+30,0.52913340144893,1.7491231606026183e-14,0.0063234384928098795,0.3740852205094682,1.236994186985009e-14,0.34260893080705623,1.1329094915461348e-14,300000000000000.0,50,52000000000000.0
266000.0,3982013000000.0,7.0172026e+30,0.5296909514571871,1.7426860861274788e-14,0.0063167345226481505,0.3744795247295151,1.23244151077062e-14,0.3429700569920694,1.1287398938383026e-14,300000000000000.0,50,52000000000000.0
267000.0,3976815200000.0,6.9677897e+30,0.5302427322285683,1.7363448225258246e-14,0.006310139390822812,0.37486974860722605,1.2279566052409524e-14,0.3433274461693864,1.1246323643078375e-14,300000000000000.0,50,52000000000000.0
268000.0,3971626000000.0,6.9189775e+30,0.5307916291708765,1.7300514512517678e-14,0.006303598663274065,0.3752579328720543,1.223505575781047e-14,0.34368296735416437,1.1205558603736927e-14,300000000000000.0,50,52000000000000.0
269000.0,3966445100000.0,6.8707594e+30,0.5313405261131848,1.723758079977711e-14,0.0062970579357253175,0.37564611713688245,1.2190545463211416e-14,0.34403848853894237,1.1164793564395479e-14,300000000000000.0,50,52000000000000.0
270000.0,3961272400000.0,6.8231278e+30,0.531889423055493,1.7174647087036542e-14,0.00629051720817657,0.3760343014017107,1.214603516861236e-14,0.3443940097237204,1.1124028525054031e-14,300000000000000.0,50,52000000000000.0
271000.0,3956107800000.0,6.7760759e+30,0.5324354416172933,1.7112177859777754e-14,0.00628403003668391,0.37642044991242873,1.2101853421850628e-14,0.3447476664500144,1.108356438817083e-14,300000000000000.0,50,52000000000000.0
272000.0,3950951100000.0,6.7295922e+30,0.5329757410664145,1.7050631528154452e-14,0.006277649276806585,0.3768025535419678,1.2058324473458287e-14,0.3450976186458874,1.1043698120491976e-14,300000000000000.0,50,52000000000000.0
273000.0,3945802100000.0,6.6836716e+30,0.5335160405155357,1.698908519653115e-14,0.006271268516929261,0.37718465717150684,1.2014795525065945e-14,0.34544757084176037,1.100383185281312e-14,300000000000000.0,50,52000000000000.0
274000.0,3940660800000.0,6.6383083e+30,0.534056339964657,1.692753886490785e-14,0.006264887757051936,0.3775667608010459,1.1971266576673603e-14,0.34579752303763334,1.0963965585134267e-14,300000000000000.0,50,52000000000000.0
275000.0,3935526900000.0,6.5934908e+30,0.5345966394137782,1.6865992533284548e-14,0.006258506997174612,0.37794886443058495,1.1927737628281261e-14,0.34614747523350625,1.0924099317455412e-14,300000000000000.0,50,52000000000000.0
276000.0,3930400500000.0,6.5492131e+30,0.535128971775839,1.680570436258144e-14,0.006252272422178177,0.37832533329827317,1.1885098621427484e-14,0.3464922667964545,1.088504810795273e-14,300000000000000.0,50,52000000000000.0
277000.0,3925281400000.0,6.5054673e+30,0.535660726508296,1.6745507411038893e-14,0.006246048445875364,0.3787013936345583,1.1842524137099235e-14,0.3468366842032866,1.0846055991783374e-14,300000000000000.0,50,52000000000000.0
278000.0,3920169400000.0,6.4622434e+30,0.536192481240753,1.6685310459496342e-14,0.006239824469572552,0.37907745397084347,1.1799949652770985e-14,0.3471811016101187,1.0807063875614019e-14,300000000000000.0,50,52000000000000.0
279000.0,3915064500000.0,6.4195363e+30,0.5367242359732101,1.6625113507953794e-14,0.006233600493269739,0.37945351430712865,1.1757375168442736e-14,0.34752551901695083,1.0768071759444662e-14,300000000000000.0,50,52000000000000.0
280000.0,3909966600000.0,6.3773407e+30,0.5372520973713599,1.656551550223918e-14,0.0062274469600329015,0.3798268210704139,1.171522433879514e-14,0.3478674145461844,1.0729467649903275e-14,300000000000000.0,50,52000000000000.0
281000.0,3904875500000.0,6.3356504e+30,0.5377753587933556,1.650662515127722e-14,0.006221376655308734,0.3801968744860183,1.1673574057334486e-14,0.3482063304759535,1.0691321970359285e-14,300000000000000.0,50,52000000000000.0
282000.0,3899791200000.0,6.2944601e+30,0.5382986202153511,1.644773480031526e-14,0.006215306350584567,0.3805669279016228,1.1631923775873829e-14,0.3485452464057226,1.0653176290815296e-14,300000000000000.0,50,52000000000000.0
283000.0,3894713600000.0,6.2537631e+30,0.5388218816373467,1.63888444493533e-14,0.0062092360458604,0.38093698131722725,1.1590273494413174e-14,0.3488841623354917,1.0615030611271306e-14,300000000000000.0,50,52000000000000.0
284000.0,3889642700000.0,6.2135519e+30,0.5393451430593423,1.632995409839134e-14,0.006203165741136233,0.38130703473283173,1.1548623212952518e-14,0.3492230782652608,1.0576884931727317e-14,300000000000000.0,50,52000000000000.0
285000.0,3884578300000.0,6.1738199e+30,0.5398607065731565,1.627223002365795e-14,0.006197232764346084,0.38167164379232055,1.1507797874990795e-14,0.3495570079462837,1.0539494781549998e-14,300000000000000.0,50,52000000000000.0
286000.0,3879520500000.0,6.1345619e+30,0.5403755238896576,1.621461900199921e-14,0.006191313099449633,0.38203572510273653,1.1467052502989691e-14,0.34989045428490634,1.0502177868669124e-14,300000000000000.0,50,52000000000000.0
287000.0,3874469300000.0,6.0957727e+30,0.5408903412061586,1.6157007980340466e-14,0.006185393434553181,0.38239980641315247,1.1426307130988587e-14,0.35022390062352904,1.046486095578825e-14,300000000000000.0,50,52000000000000.0
288000.0,3869424500000.0,6.0574449e+30,0.5414051585226597,1.6099396958681725e-14,0.006179473769656729,0.38276388772356845,1.1385561758987483e-14,0.3505573469621517,1.0427544042907375e-14,300000000000000.0,50,52000000000000.0
289000.0,3864386100000.0,6.0195721e+30,0.5419175336564596,1.6042149304611177e-14,0.006173597061111616,0.3831262418012469,1.1345073407337617e-14,0.3508892114034833,1.0390462523635015e-14,300000000000000.0,50,52000000000000.0
290000.0,3859354000000.0,5.9821482e+30,0.5424239559460649,1.598578736258704e-14,0.006167825059092582,0.38348438573225213,1.130521154530504e-14,0.35121721995471245,1.0353954778583254e-14,300000000000000.0,50,52000000000000.0
291000.0,3854328300000.0,5.9451672e+30,0.5429303782356701,1.59294254205629e-14,0.006162053057073549,0.3838425296632574,1.1265349683272462e-14,0.3515452285059416,1.0317447033531493e-14,300000000000000.0,50,52000000000000.0
292000.0,3849308800000.0,5.9086216e+30,0.5434368005252754,1.587306347853876e-14,0.006156281055054516,0.38420067359426263,1.1225487821239884e-14,0.35187323705717083,1.028093928847973e-14,300000000000000.0,50,52000000000000.0
293000.0,3844295500000.0,5.8725042e+30,0.5439432228148807,1.5816701536514623e-14,0.0061505090530354824,0.3845588175252679,1.1185625959207306e-14,0.3522012456084,1.024443154342797e-14,300000000000000.0,50,52000000000000.0
294000.0,3839288300000.0,5.836809e+30,0.5444446786362691,1.5761065354753398e-14,0.006144823179046811,0.38491344893232987,1.1146277446573556e-14,0.35252603719177894,1.0208393952467975e-14,300000000000000.0,50,52000000000000.0
295000.0,3834287100000.0,5.8015296e+30,0.544942754328377,1.5705923118268427e-14,0.0061391959229460625,0.3852656897502426,1.1107278314477116e-14,0.3528486393385703,1.0172676343745374e-14,300000000000000.0,50,52000000000000.0
296000.0,3829291900000.0,5.7666578e+30,0.5454408300204849,1.5650780881783456e-14,0.006133568666845314,0.38561793056815535,1.1068279182380676e-14,0.35317124148536166,1.0136958735022774e-14,300000000000000.0,50,52000000000000.0
297000.0,3824302700000.0,5.7321925e+30,0.5459389057125928,1.5595638645298486e-14,0.006127941410744565,0.3859701713860681,1.1029280050284238e-14,0.353493843632153,1.0101241126300173e-14,300000000000000.0,50,52000000000000.0
298000.0,3819319300000.0,5.6981235e+30,0.5464369814047008,1.5540496408813512e-14,0.006122314154643816,0.38632241220398084,1.0990280918187798e-14,0.35381644577894433,1.0065523517577572e-14,300000000000000.0,50,52000000000000.0
299000.0,3814341800000.0,5.6644397e+30,0.5469282290910276,1.5486334569850528e-14,0.006116803639631589,0.38666982394138494,1.0951975244784523e-14,0.3541346251809508,1.003044101712494e-14,300000000000000.0,50,52000000000000.0
300000.0,3809370000000.0,5.6311394e+30,0.5474180059906435,1.54323839134338e-14,0.0061113182712356825,0.3870161954706133,1.0913818945863806e-14,0.3544518519015354,9.995495322180885e-15,300000000000000.0,50,52000000000000.0
301000.0,3804403900000.0,5.5982181e+30,0.5479077828902594,1.5378433257017072e-14,0.0061058329028397754,0.3873625669998416,1.087566264694309e-14,0.35476907862212004,9.96054962723683e-15,300000000000000.0,50,52000000000000.0
302000.0,3799443500000.0,5.5656708e+30,0.5483975597898755,1.5324482600600344e-14,0.006100347534443868,0.38770893852906996,1.0837506348022373e-14,0.3550863053427047,9.925603932292776e-15,300000000000000.0,50,52000000000000.0
303000.0,3794488600000.0,5.5334909e+30,0.5488873366894914,1.5270531944183616e-14,0.006094862166047962,0.3880553100582983,1.0799350049101657e-14,0.35540353206328934,9.890658237348721e-15,300000000000000.0,50,52000000000000.0
304000.0,3789539400000.0,5.5016723e+30,0.5493690857479026,1.521771481099216e-14,0.006089512113602871,0.38839600394189555,1.0761995515527102e-14,0.3557155588751345,9.856446843982294e-15,300000000000000.0,50,52000000000000.0
305000.0,3784595600000.0,5.47021e+30,0.5498506111215834,1.5164929261863022e-14,0.006084165831550241,0.38873653962572285,1.072466332203883e-14,0.35602744079868975,9.822255910917226e-15,300000000000000.0,50,52000000000000.0
306000.0,3779657300000.0,5.4390993e+30,0.5503321364952642,1.5112143712733888e-14,0.0060788195494976115,0.38907707530955016,1.068733112855056e-14,0.356339322722245,9.78806497785216e-15,300000000000000.0,50,52000000000000.0
307000.0,3774724500000.0,5.4083351e+30,0.5508136618689452,1.505935816360475e-14,0.006073473267444981,0.3894176109933775,1.064999893506229e-14,0.3566512046458003,9.753874044787093e-15,300000000000000.0,50,52000000000000.0
308000.0,3769797000000.0,5.3779146e+30,0.5512948251824111,1.500662286309103e-14,0.0060681330018662796,0.38975789061276633,1.0612702283378145e-14,0.35696285205106826,9.719715662896118e-15,300000000000000.0,50,52000000000000.0
309000.0,3764874900000.0,5.3478333e+30,0.5517681459150188,1.495497599707854e-14,0.006062923059038661,0.39009262362421265,1.0576175502177521e-14,0.3572694195592506,9.686262371496537e-15,300000000000000.0,50,52000000000000.0
310000.0,3759958000000.0,5.3180874e+30,0.5522414666476263,1.4903329131066054e-14,0.006057713116211042,0.3904273566356589,1.0539648720976897e-14,0.357575987067433,9.652809080096955e-15,300000000000000.0,50,52000000000000.0
311000.0,3755046400000.0,5.288672e+30,0.5527147873802339,1.4851682265053564e-14,0.006052503173383423,0.39076208964710524,1.0503121939776273e-14,0.3578825545756153,9.619355788697375e-15,300000000000000.0,50,52000000000000.0
312000.0,3750140100000.0,5.2595824e+30,0.5531881081128415,1.4800035399041077e-14,0.006047293230555804,0.3910968226585515,1.0466595158575648e-14,0.35818912208379766,9.585902497297793e-15,300000000000000.0,50,52000000000000.0
313000.0,3745239000000.0,5.2308141e+30,0.5536611416847375,1.474842788918956e-14,0.006042087991941413,0.39143135257816875,1.043009621462202e-14,0.3584955035890004,9.552474700808141e-15,300000000000000.0,50,52000000000000.0
314000.0,3740343200000.0,5.202364e+30,0.554126304195269,1.469789912982693e-14,0.006037011695586482,0.3917603157604702,1.0394360288276443e-14,0.3587967867614334,9.519745718579601e-15,300000000000000.0,50,52000000000000.0
315000.0,3735452500000.0,5.174228e+30,0.5545914667058006,1.46473703704643e-14,0.006031935399231551,0.3920892789427717,1.0358624361930866e-14,0.35909806993386634,9.48701673635106e-15,300000000000000.0,50,52000000000000.0
316000.0,3730567100000.0,5.1464023e+30,0.5550566292163321,1.459684161110167e-14,0.006026859102876619,0.39241824212507315,1.0322888435585288e-14,0.35939935310629934,9.45428775412252e-15,300000000000000.0,50,52000000000000.0
317000.0,3725686800000.0,5.1188898e+30,0.5555217917268637,1.454631285173904e-14,0.006021782806521689,0.3927472053073746,1.028715250923971e-14,0.35970063627873233,9.42155877189398e-15,300000000000000.0,50,52000000000000.0
318000.0,3720812000000.0,5.0900716e+30,0.5559869542373953,1.449578409237641e-14,0.006016706510166757,0.3930761684896761,1.0251416582894133e-14,0.3600019194511653,9.388829789665442e-15,300000000000000.0,50,52000000000000.0
319000.0,3715943400000.0,5.0637444e+30,0.556444453085405,1.4446315965180255e-14,0.006011753980651268,0.3933997116283653,1.0216430853006556e-14,0.3602982386411525,9.356787879400084e-15,300000000000000.0,50,52000000000000.0
320000.0,3711081000000.0,5.037062e+30,0.5569015041702814,1.4396909807307627e-14,0.006006808682433827,0.39372293809135234,1.0181488954683286e-14,0.3605942678016235,9.324786112537986e-15,300000000000000.0,50,52000000000000.0
321000.0,3706224600000.0,5.0105853e+30,0.5573585552551578,1.4347503649435e-14,0.006001863384216386,0.39404616455433933,1.0146547056360017e-14,0.3608902969620945,9.29278434567589e-15,300000000000000.0,50,52000000000000.0
322000.0,3701374000000.0,4.9843731e+30,0.5578156063400341,1.4298097491562367e-14,0.0059969180859989445,0.3943693910173264,1.0111605158036748e-14,0.36118632612256546,9.260782578813792e-15,300000000000000.0,50,52000000000000.0
323000.0,3696529100000.0,4.9584304e+30,0.5582726574249106,1.424869133368974e-14,0.005991972787781503,0.39469261748031337,1.0076663259713479e-14,0.36148235528303646,9.228780811951696e-15,300000000000000.0,50,52000000000000.0
324000.0,3691689900000.0,4.932758e+30,0.5587234892300302,1.4200134893460594e-14,0.005987126525080104,0.3950114454340809,1.0042322373380651e-14,0.3617743560399765,9.197329485568317e-15,300000000000000.0,50,52000000000000.0
325000.0,3686856300000.0,4.9073568e+30,0.5591724800995483,1.4151829973587883e-14,0.005982309577349961,0.3953289714087555,1.0008159389379517e-14,0.362065164370821,9.166041092115028e-15,300000000000000.0,50,52000000000000.0
326000.0,3682028200000.0,4.8822296e+30,0.5596214709690664,1.4103525053715171e-14,0.005977492629619817,0.39564649738343016,9.97399640537838e-15,0.3623559727016654,9.134752698661738e-15,300000000000000.0,50,52000000000000.0
327000.0,3677205500000.0,4.8573659e+30,0.5600704618385847,1.4055220133842459e-14,0.005972675681889674,0.3959640233581048,9.939833421377245e-15,0.36264678103250986,9.103464305208448e-15,300000000000000.0,50,52000000000000.0
328000.0,3672388300000.0,4.8327607e+30,0.5605194527081028,1.4006915213969747e-14,0.005967858734159531,0.3962815493327794,9.905670437376109e-15,0.36293758936335435,9.072175911755158e-15,300000000000000.0,50,52000000000000.0
329000.0,3667576500000.0,4.8084155e+30,0.5609643249782269,1.3959162264405874e-14,0.005963106454531568,0.39659616248520796,9.871897865183664e-15,0.3632257299667985,9.04124507933217e-15,300000000000000.0,50,52000000000000.0
330000.0,3662770000000.0,4.7843277e+30,0.5614053071124977,1.3911930666710209e-14,0.0059584152557902855,0.39690802439305783,9.838494048198832e-15,0.3635113508248112,9.010651973609624e-15,300000000000000.0,50,52000000000000.0
331000.0,3657968900000.0,4.7604935e+30,0.5618462892467684,1.3864699069014542e-14,0.005953724057049003,0.39721988630090765,9.805090231214e-15,0.3637969716828238,8.98005886788708e-15,300000000000000.0,50,52000000000000.0
332000.0,3653173100000.0,4.7369083e+30,0.5622872713810392,1.3817467471318877e-14,0.005949032858307721,0.39753174820875753,9.771686414229168e-15,0.36408259254083647,8.949465762164536e-15,300000000000000.0,50,52000000000000.0
333000.0,3648382600000.0,4.7135673e+30,0.56272825351531,1.3770235873623212e-14,0.0059443416595664385,0.39784361011660735,9.738282597244337e-15,0.3643682133988491,8.91887265644199e-15,300000000000000.0,50,52000000000000.0
334000.0,3643597400000.0,4.6904673e+30,0.5631678715147274,1.37231849745432e-14,0.005939671579897821,0.39815450726117996,9.705006588922178e-15,0.36465295067206216,8.888396605063451e-15,300000000000000.0,50,52000000000000.0
335000.0,3638817500000.0,4.6676058e+30,0.5636008954972781,1.3677007544619474e-14,0.005935103586559615,0.3984607408893069,9.672348387905005e-15,0.3649334168330329,8.858486376277008e-15,300000000000000.0,50,52000000000000.0
336000.0,3634042800000.0,4.6449792e+30,0.564033919479829,1.3630830114695746e-14,0.005930535593221409,0.3987669745174338,9.639690186887831e-15,0.36521388299400365,8.828576147490567e-15,300000000000000.0,50,52000000000000.0
337000.0,3629273400000.0,4.622583e+30,0.5644669434623797,1.358465268477202e-14,0.005925967599883204,0.39907320814556074,9.607031985870658e-15,0.3654943491549744,8.798665918704125e-15,300000000000000.0,50,52000000000000.0
338000.0,3624509200000.0,4.600413e+30,0.5648999674449304,1.3538475254848295e-14,0.005921399606544998,0.39937944177368767,9.574373784853484e-15,0.3657748153159452,8.768755689917682e-15,300000000000000.0,50,52000000000000.0
339000.0,3619750200000.0,4.5784653e+30,0.5653329914274812,1.3492297824924569e-14,0.005916831613206793,0.3996856754018146,9.541715583836311e-15,0.3660552814769159,8.738845461131241e-15,300000000000000.0,50,52000000000000.0
340000.0,3614996400000.0,4.5567385e+30,0.5657601510285954,1.3446887713890413e-14,0.00591235314157554,0.39998776154602755,9.50960010760484e-15,0.3663319491373909,8.709432290164221e-15,300000000000000.0,50,52000000000000.0
341000.0,3610247900000.0,4.5352329e+30,0.5661852679273212,1.3401744878125687e-14,0.0059079058524665355,0.40028840302375884,9.477673675218495e-15,0.3666072936905409,8.680192256160742e-15,300000000000000.0,50,52000000000000.0
342000.0,3605504400000.0,4.5139466e+30,0.566610384826047,1.3356602042360959e-14,0.005903458563357531,0.40058904450149013,9.445747242832152e-15,0.3668826382436909,8.650952222157263e-15,300000000000000.0,50,52000000000000.0
343000.0,3600766200000.0,4.4928749e+30,0.5670355017247727,1.3311459206596232e-14,0.005899011274248527,0.4008896859792214,9.413820810445807e-15,0.3671579827968409,8.621712188153786e-15,300000000000000.0,50,52000000000000.0
344000.0,3596033100000.0,4.4720134e+30,0.5674606186234984,1.3266316370831506e-14,0.005894563985139522,0.40119032745695266,9.381894378059464e-15,0.3674333273499909,8.592472154150307e-15,300000000000000.0,50,52000000000000.0
345000.0,3591305200000.0,4.4513582e+30,0.5678839790406552,1.3221401600225674e-14,0.005890143135259524,0.40148972669570854,9.35012925547042e-15,0.36770753419036917,8.563379856716525e-15,300000000000000.0,50,52000000000000.0
346000.0,3586582500000.0,4.4309062e+30,0.5683012402838962,1.3177278758833846e-14,0.005885814092466355,0.40178481240696134,9.318924262019936e-15,0.36797779045808904,8.53480055699834e-15,300000000000000.0,50,52000000000000.0
347000.0,3581865100000.0,4.4106547e+30,0.5687185015271371,1.3133155917442016e-14,0.005881485049673187,0.4020798981182141,9.287719268569452e-15,0.3682480467258089,8.506221257280153e-15,300000000000000.0,50,52000000000000.0
348000.0,3577153000000.0,4.390601e+30,0.569135762770378,1.3089033076050188e-14,0.005877156006880019,0.4023749838294669,9.256514275118968e-15,0.36851830299352883,8.477641957561968e-15,300000000000000.0,50,52000000000000.0
349000.0,3572446000000.0,4.3707423e+30,0.569553024013619,1.3044910234658358e-14,0.0058728269640868505,0.40267006954071966,9.225309281668484e-15,0.3687885592612487,8.449062657843781e-15,300000000000000.0,50,52000000000000.0
350000.0,3567744300000.0,4.351076e+30,0.5699702852568599,1.300078739326653e-14,0.005868497921293682,0.40296515525197246,9.194104288218e-15,0.3690588155289686,8.420483358125596e-15,300000000000000.0,50,52000000000000.0
351000.0,3563047800000.0,4.3316012e+30,0.5703827415768388,1.2957282731240235e-14,0.0058642401992814435,0.4032568427777459,9.163336529312556e-15,0.3693259595460333,8.392304502363384e-15,300000000000000.0,50,52000000000000.0
352000.0,3558356600000.0,4.3123143e+30,0.5707921997758064,1.2914163793697644e-14,0.005860026979193621,0.4035464099426459,9.132841591013143e-15,0.3695911616165627,8.364375511036613e-15,300000000000000.0,50,52000000000000.0
353000.0,3553670500000.0,4.2932094e+30,0.5712016579747741,1.2871044856155052e-14,0.005855813759105799,0.4038359771075458,9.102346652713731e-15,0.36985636368709207,8.336446519709841e-15,300000000000000.0,50,52000000000000.0
354000.0,3548989600000.0,4.2742823e+30,0.5716111161737417,1.2827925918612462e-14,0.005851600539017977,0.40412554427244574,9.071851714414318e-15,0.37012156575762145,8.30851752838307e-15,300000000000000.0,50,52000000000000.0
355000.0,3544313900000.0,4.2555298e+30,0.5720205743727094,1.278480698106987e-14,0.005847387318930155,0.40441511143734565,9.041356776114905e-15,0.37038676782815083,8.2805885370563e-15,300000000000000.0,50,52000000000000.0
356000.0,3539643300000.0,4.2369489e+30,0.572430032571677,1.2741688043527278e-14,0.005843174098842333,0.40470467860224557,9.010861837815493e-15,0.3706519698986802,8.252659545729527e-15,300000000000000.0,50,52000000000000.0
357000.0,3534977800000.0,4.2185365e+30,0.5728323864250034,1.2699473280761722e-14,0.005839064870750328,0.40498922137196475,8.981006414375013e-15,0.3709125703435874,8.225316258045286e-15,300000000000000.0,50,52000000000000.0
358000.0,3530317400000.0,4.2002886e+30,0.5732340950887364,1.2657340631703232e-14,0.0058349650868150275,0.40527330784526366,8.951209069236568e-15,0.3711727528863943,8.198026161733498e-15,300000000000000.0,50,52000000000000.0
359000.0,3525662100000.0,4.1822033e+30,0.5736358037524691,1.2615207982644743e-14,0.005830865302879727,0.4055573943185626,8.921411724098123e-15,0.3714329354292012,8.170736065421711e-15,300000000000000.0,50,52000000000000.0
360000.0,3521011800000.0,4.1642808e+30,0.574037512416202,1.2573075333586254e-14,0.005826765518944426,0.40584148079186144,8.891614378959677e-15,0.3716931179720081,8.143445969109925e-15,300000000000000.0,50,52000000000000.0
361000.0,3516366700000.0,4.1465181e+30,0.574439221079935,1.2530942684527764e-14,0.005822665735009125,0.40612556726516036,8.861817033821232e-15,0.37195330051481496,8.116155872798139e-15,300000000000000.0,50,52000000000000.0
362000.0,3511726600000.0,4.128911e+30,0.5748399676694816,1.2488931169828225e-14,0.005818579839346202,0.40640897333366127,8.832105365614986e-15,0.3722128599043717,8.088944244236804e-15,300000000000000.0,50,52000000000000.0
363000.0,3507091600000.0,4.1114565e+30,0.5752339808945877,1.2447767450233132e-14,0.005814591144918617,0.4066876173853256,8.802993333088599e-15,0.3724680579692029,8.062281795736909e-15,300000000000000.0,50,52000000000000.0
364000.0,3502461600000.0,4.0941527e+30,0.5756279941196936,1.240660373063804e-14,0.005810602450491032,0.40696626143698994,8.773881300562214e-15,0.3727232560340341,8.035619347237014e-15,300000000000000.0,50,52000000000000.0
365000.0,3497836700000.0,4.0769974e+30,0.5760220073447996,1.2365440011042948e-14,0.0058066137560634475,0.4072449054886543,8.744769268035827e-15,0.3729784540988653,8.00895689873712e-15,300000000000000.0,50,52000000000000.0
366000.0,3493216900000.0,4.0599875e+30,0.5764160205699056,1.2324276291447856e-14,0.005802625061635863,0.4075235495403186,8.71565723550944e-15,0.3732336521636965,7.982294450237226e-15,300000000000000.0,50,52000000000000.0
367000.0,3488602000000.0,4.0431204e+30,0.5768100337950115,1.2283112571852765e-14,0.005798636367208278,0.407802193591983,8.686545202983053e-15,0.37348885022852774,7.955632001737331e-15,300000000000000.0,50,52000000000000.0
368000.0,3483992300000.0,4.0263974e+30,0.5772022201934094,1.2242178761580884e-14,0.005794673681532989,0.40807954566519955,8.657595781823583e-15,0.3737428650263096,7.92911848187196e-15,300000000000000.0,50,52000000000000.0
369000.0,3479387600000.0,4.0098178e+30,0.5775885926642745,1.2201976644215782e-14,0.005790793769445581,0.4083527859805598,8.629163875926527e-15,0.3739931140433276,7.903078931587187e-15,300000000000000.0,50,52000000000000.0
370000.0,3474788000000.0,3.9933776e+30,0.5779749651351396,1.2161774526850678e-14,0.005786913857358173,0.4086260262959201,8.60073197002947e-15,0.3742433630603455,7.877039381302414e-15,300000000000000.0,50,52000000000000.0
371000.0,3470193400000.0,3.9770735e+30,0.5783613376060047,1.2121572409485573e-14,0.005783033945270764,0.40889926661128034,8.572300064132414e-15,0.3744936120773635,7.850999831017641e-15,300000000000000.0,50,52000000000000.0
372000.0,3465604600000.0,3.9593964e+30,0.5787477100768698,1.208137029212047e-14,0.005779154033183356,0.4091725069266406,8.543868158235358e-15,0.3747438610943814,7.824960280732868e-15,300000000000000.0,50,52000000000000.0
373000.0,3461022900000.0,3.9439022e+30,0.5791340825477349,1.2041168174755365e-14,0.005775274121095948,0.4094457472420009,8.515436252338301e-15,0.3749941101113993,7.798920730448093e-15,300000000000000.0,50,52000000000000.0
374000.0,3456448000000.0,3.9278609e+30,0.5795185027949971,1.2001221542775943e-14,0.0057714216237807125,0.40971760689779874,8.487185045583303e-15,0.37524309464216615,7.77304667460833e-15,300000000000000.0,50,52000000000000.0
375000.0,3451879700000.0,3.9118495e+30,0.5798972916285596,1.196201188779998e-14,0.005767648207531473,0.4099854838821637,8.45945508630352e-15,0.37548843161678874,7.747650006544958e-15,300000000000000.0,50,52000000000000.0
376000.0,3447317900000.0,3.895941e+30,0.5802760804621222,1.1922802232824015e-14,0.005763874791282234,0.41025336086652864,8.431725127023739e-15,0.37573376859141133,7.722253338481588e-15,300000000000000.0,50,52000000000000.0
377000.0,3442762400000.0,3.8801535e+30,0.5806548692956848,1.1883592577848051e-14,0.005760101375032995,0.41052123785089356,8.403995167743957e-15,0.3759791055660339,7.696856670418219e-15,300000000000000.0,50,52000000000000.0
378000.0,3438213100000.0,3.8644893e+30,0.5810336581292473,1.1844382922872086e-14,0.005756327958783756,0.4107891148352585,8.376265208464176e-15,0.3762244425406565,7.671460002354849e-15,300000000000000.0,50,52000000000000.0
379000.0,3433669900000.0,3.8489506e+30,0.58141244696281,1.1805173267896122e-14,0.0057525545425345164,0.41105699181962346,8.348535249184394e-15,0.37646977951527916,7.646063334291477e-15,300000000000000.0,50,52000000000000.0
380000.0,3429132900000.0,3.8335387e+30,0.581789894291137,1.1766135585485218e-14,0.005748799715213066,0.41132392006099183,8.320926921996454e-15,0.37671424757730376,7.620778063745406e-15,300000000000000.0,50,52000000000000.0
381000.0,3424601800000.0,3.818254e+30,0.5821611663998218,1.1727889527537317e-14,0.0057451304564820034,0.4115864810466594,8.293878491902295e-15,0.37695471585908114,7.596005578478658e-15,300000000000000.0,50,52000000000000.0
382000.0,3420076600000.0,3.8030948e+30,0.5825324385085068,1.1689643469589417e-14,0.005741461197750942,0.411849042032327,8.266830061808136e-15,0.37719518414085856,7.57123309321191e-15,300000000000000.0,50,52000000000000.0
383000.0,3415557200000.0,3.7880595e+30,0.5829037106171916,1.1651397411641516e-14,0.005737791939019881,0.41211160301799454,8.239781631713977e-15,0.37743565242263594,7.546460607945162e-15,300000000000000.0,50,52000000000000.0
384000.0,3411043700000.0,3.7731496e+30,0.5832749827258764,1.1613151353693615e-14,0.005734122680288819,0.41237416400366206,8.21273320161982e-15,0.37767612070441337,7.521688122678414e-15,300000000000000.0,50,52000000000000.0
385000.0,3406536100000.0,3.7583634e+30,0.5836462548345613,1.1574905295745713e-14,0.005730453421557757,0.41263672498932963,8.18568477152566e-15,0.3779165889861908,7.496915637411666e-15,300000000000000.0,50,52000000000000.0
386000.0,3402034200000.0,3.7436969e+30,0.5840175221876177,1.1536659837368659e-14,0.0057267842278501836,0.4128992826117151,8.158636765492464e-15,0.3781570541876838,7.472143540523828e-15,300000000000000.0,50,52000000000000.0
387000.0,3397538100000.0,3.7291476e+30,0.5843813430431303,1.1499353203995929e-14,0.005723216849760119,0.41315657391178995,8.132252766119248e-15,0.37839269619273275,7.447979578326706e-15,300000000000000.0,50,52000000000000.0
388000.0,3393047700000.0,3.714714e+30,0.5847451638986427,1.1462046570623199e-14,0.005719649471670055,0.4134138652118648,8.105868766746033e-15,0.37862833819778163,7.423815616129586e-15,300000000000000.0,50,52000000000000.0
389000.0,3388563100000.0,3.7003947e+30,0.5851089847541553,1.1424739937250468e-14,0.005716082093579991,0.41367115651193964,8.079484767372816e-15,0.3788639802028306,7.399651653932464e-15,300000000000000.0,50,52000000000000.0
390000.0,3384084100000.0,3.6861862e+30,0.5854728056096677,1.1387433303877736e-14,0.005712514715489926,0.4139284478120145,8.0531007679996e-15,0.37909962220787946,7.375487691735343e-15,300000000000000.0,50,52000000000000.0
391000.0,3379610800000.0,3.6720889e+30,0.5858366264651802,1.1350126670505006e-14,0.005708947337399862,0.41418573911208934,8.026716768626384e-15,0.3793352642129284,7.351323729538221e-15,300000000000000.0,50,52000000000000.0
392000.0,3375143200000.0,3.6581026e+30,0.5862004473206928,1.1312820037132276e-14,0.005705379959309797,0.4144430304121642,8.000332769253169e-15,0.3795709062179773,7.3271597673411e-15,300000000000000.0,50,52000000000000.0
393000.0,3370681300000.0,3.644223e+30,0.586558932765981,1.1276177373387153e-14,0.005701884565379051,0.4146965484031171,7.974418376934096e-15,0.3798030924126432,7.303425897736275e-15,300000000000000.0,50,52000000000000.0
394000.0,3366225100000.0,3.6304491e+30,0.5869153671724315,1.1239789952900941e-14,0.005698416843604756,0.41494861585826676,7.948684510997442e-15,0.3800339501243971,7.279857364361191e-15,300000000000000.0,50,52000000000000.0
395000.0,3361774500000.0,3.616778e+30,0.5872718015788821,1.1203402532414729e-14,0.00569494912183046,0.4152006833134164,7.922950645060789e-15,0.3802648078361511,7.256288830986106e-15,300000000000000.0,50,52000000000000.0
396000.0,3357329600000.0,3.6032079e+30,0.5876282359853328,1.1167015111928516e-14,0.005691481400056165,0.4154527507685661,7.897216779124135e-15,0.380495665547905,7.232720297611022e-15,300000000000000.0,50,52000000000000.0
397000.0,3352890300000.0,3.5897356e+30,0.5879846703917833,1.1130627691442304e-14,0.0056880136782818695,0.4157048182237157,7.87148291318748e-15,0.38072652325965894,7.209151764235937e-15,300000000000000.0,50,52000000000000.0
398000.0,3348456500000.0,3.5763607e+30,0.5883411047982339,1.1094240270956092e-14,0.005684545956507575,0.41595688567886535,7.845749047250826e-15,0.38095738097141285,7.185583230860853e-15,300000000000000.0,50,52000000000000.0
399000.0,3344028400000.0,3.5630847e+30,0.5886950359924158,1.1058161238655018e-14,0.005681111561380128,0.41620718281536995,7.820233294849521e-15,0.38118661732498554,7.162214458151208e-15,300000000000000.0,50,52000000000000.0
400000.0,3339605900000.0,3.5499046e+30,0.5890441487663962,1.1022675821158317e-14,0.005677741316540869,0.41645407227477527,7.795137388051451e-15,0.3814127327346767,7.139230203701512e-15,300000000000000.0,50,52000000000000.0
401000.0,3335189000000.0,3.5368174e+30,0.5893932615403766,1.0987190403661618e-14,0.00567437107170161,0.4167009617341806,7.77004148125338e-15,0.38163884814436777,7.116245949251815e-15,300000000000000.0,50,52000000000000.0
402000.0,3330777600000.0,3.5238217e+30,0.589742374314357,1.0951704986164919e-14,0.005671000826862351,0.4169478511935859,7.74494557445531e-15,0.38186496355405886,7.093261694802119e-15,300000000000000.0,50,52000000000000.0
403000.0,3326371800000.0,3.5109156e+30,0.5900914870883375,1.091621956866822e-14,0.005667630582023092,0.4171947406529913,7.719849667657237e-15,0.38209107896374994,7.070277440352423e-15,300000000000000.0,50,52000000000000.0
404000.0,3321971500000.0,3.4980962e+30,0.5904405998623179,1.088073415117152e-14,0.005664260337183834,0.4174416301123966,7.694753760859167e-15,0.382317194373441,7.047293185902726e-15,300000000000000.0,50,52000000000000.0
405000.0,3317576800000.0,3.4853635e+30,0.5907897126362983,1.0845248733674821e-14,0.005660890092344575,0.4176885195718019,7.669657854061096e-15,0.3825433097831321,7.02430893145303e-15,300000000000000.0,50,52000000000000.0
406000.0,3313187500000.0,3.4727184e+30,0.5911326018295565,1.0810522898239558e-14,0.005657601616112652,0.41793100760626223,7.645099174551533e-15,0.3827653941182862,7.001816700034068e-15,300000000000000.0,50,52000000000000.0
407000.0,3308803800000.0,3.4601588e+30,0.5914744583310784,1.0775923101840807e-14,0.005654326707916376,0.4181727653030967,7.620629638287014e-15,0.38298680956883047,6.979406111023326e-15,300000000000000.0,50,52000000000000.0
408000.0,3304425600000.0,3.4476824e+30,0.5918163148326003,1.0741323305442053e-14,0.0056510517997201,0.4184145229999312,7.596160102022493e-15,0.38320822501937474,6.956995522012584e-15,300000000000000.0,50,52000000000000.0
409000.0,3300052900000.0,3.4352878e+30,0.5921581713341222,1.0706723509043302e-14,0.005647776891523824,0.41865628069676575,7.571690565757973e-15,0.38342964046991906,6.934584933001841e-15,300000000000000.0,50,52000000000000.0
410000.0,3295685700000.0,3.4229726e+30,0.5925000278356441,1.067212371264455e-14,0.0056445019833275475,0.41889803839360024,7.547221029493454e-15,0.38365105592046334,6.912174343991099e-15,300000000000000.0,50,52000000000000.0
411000.0,3291323900000.0,3.4107352e+30,0.5928418843371661,1.0637523916245799e-14,0.005641227075131271,0.4191397960904347,7.522751493228933e-15,0.3838724713710076,6.889763754980357e-15,300000000000000.0,50,52000000000000.0
412000.0,3286967500000.0,3.3985776e+30,0.5931818138012087,1.0603164071314637e-14,0.005637977154228406,0.41938019095516066,7.498451665601866e-15,0.38409263866261883,6.867508594710569e-15,300000000000000.0,50,52000000000000.0
413000.0,3282616700000.0,3.3865003e+30,0.5935164800490634,1.0569459593215773e-14,0.005634795479806775,0.41961686358817474,7.4746153542569e-15,0.3843093969233357,6.845677948792079e-15,300000000000000.0,50,52000000000000.0
414000.0,3278271900000.0,3.3730983e+30,0.5938511462969182,1.0535755115116909e-14,0.005631613805385144,0.41985353622118887,7.450779042911933e-15,0.38452615518405264,6.8238473028735895e-15,300000000000000.0,50,52000000000000.0
415000.0,3273934800000.0,3.3616889e+30,0.594185812544773,1.0502050637018044e-14,0.0056284321309635135,0.420090208854203,7.426942731566964e-15,0.3847429134447695,6.802016656955099e-15,300000000000000.0,50,52000000000000.0
416000.0,3269605200000.0,3.3496948e+30,0.5945204787926277,1.046834615891918e-14,0.0056252504565418825,0.42032688148721714,7.403106420221998e-15,0.3849596717054864,6.780186011036609e-15,300000000000000.0,50,52000000000000.0
417000.0,3265282900000.0,3.3376742e+30,0.5948551450404824,1.0434641680820316e-14,0.005622068782120251,0.4205635541202312,7.379270108877031e-15,0.38517642996620327,6.75835536511812e-15,300000000000000.0,50,52000000000000.0
418000.0,3260967500000.0,3.3256988e+30,0.5951898112883371,1.0400937202721452e-14,0.00561888710769862,0.42080022675324535,7.355433797532063e-15,0.3853931882269202,6.73652471919963e-15,300000000000000.0,50,52000000000000.0
419000.0,3256659000000.0,3.31379e+30,0.5955204120277893,1.0367753498435829e-14,0.005615757474289908,0.4210340241978713,7.33196580731387e-15,0.3856073132270313,6.7150314025532504e-15,300000000000000.0,50,52000000000000.0
420000.0,3252357200000.0,3.301954e+30,0.5958479601560134,1.0334960820273421e-14,0.005612666916186083,0.4212656627901502,7.308774373210134e-15,0.3858194610277136,6.693791371602439e-15,300000000000000.0,50,52000000000000.0
421000.0,3248062100000.0,3.2901926e+30,0.5961755082842375,1.0302168142111014e-14,0.005609576358082258,0.42149730138242913,7.285582939106397e-15,0.3860316088283958,6.672551340651628e-15,300000000000000.0,50,52000000000000.0
422000.0,3243773500000.0,3.2785093e+30,0.5965030564124616,1.0269375463948606e-14,0.005606485799978433,0.4217289399747081,7.262391505002661e-15,0.3862437566290781,6.651311309700817e-15,300000000000000.0,50,52000000000000.0
423000.0,3239491200000.0,3.2669037e+30,0.5968306045406856,1.0236582785786199e-14,0.005603395241874608,0.42196057856698704,7.239200070898926e-15,0.38645590442976036,6.630071278750006e-15,300000000000000.0,50,52000000000000.0
424000.0,3235215200000.0,3.2553743e+30,0.5971581526689097,1.0203790107623791e-14,0.005600304683770783,0.42219221715926597,7.216008636795188e-15,0.38666805223044265,6.608831247799195e-15,300000000000000.0,50,52000000000000.0
425000.0,3230945500000.0,3.2439232e+30,0.5974857007971338,1.0170997429461384e-14,0.005597214125666957,0.42242385575154495,7.192817202691453e-15,0.3868802000311249,6.587591216848384e-15,300000000000000.0,50,52000000000000.0
426000.0,3226682000000.0,3.2325512e+30,0.5978078621229468,1.0138872409714556e-14,0.005594191662228068,0.4226516847228918,7.170097974522884e-15,0.3870888587648462,6.566783658741654e-15,300000000000000.0,50,52000000000000.0
427000.0,3222424700000.0,3.2212555e+30,0.5981283720517208,1.0106952069673122e-14,0.005591190074128472,0.42287834580348516,7.147523507461849e-15,0.38729644787796363,6.5461086810267084e-15,300000000000000.0,50,52000000000000.0
428000.0,3218173500000.0,3.210034e+30,0.5984488819804948,1.0075031729631685e-14,0.005588188486028876,0.4231050068840785,7.124949040400815e-15,0.38750403699108105,6.525433703311763e-15,300000000000000.0,50,52000000000000.0
429000.0,3213928400000.0,3.1988864e+30,0.5987693919092688,1.004311138959025e-14,0.005585186897929279,0.42333166796467186,7.10237457333978e-15,0.38771162610419846,6.504758725596818e-15,300000000000000.0,50,52000000000000.0
430000.0,3209689300000.0,3.1878116e+30,0.5990899018380428,1.0011191049548814e-14,0.0055821853098296835,0.4235583290452652,7.0798001062787455e-15,0.38791921521731587,6.4840837478818725e-15,300000000000000.0,50,52000000000000.0
431000.0,3205456200000.0,3.1768084e+30,0.5994104117668169,9.97927070950738e-15,0.005579183721730088,0.4237849901258586,7.057225639217711e-15,0.3881268043304333,6.463408770166927e-15,300000000000000.0,50,52000000000000.0
432000.0,3201229100000.0,3.1658756e+30,0.5997309216955908,9.947350369465943e-15,0.005576182133630491,0.4240116512064519,7.034651172156677e-15,0.3883343934435507,6.442733792451982e-15,300000000000000.0,50,52000000000000.0
433000.0,3197007900000.0,3.1550122e+30,0.6000455213288646,9.916148673825505e-15,0.005573254320114896,0.424234132451526,7.012584970094396e-15,0.38853815442615325,6.422524312512189e-15,300000000000000.0,50,52000000000000.0
434000.0,3192792600000.0,3.1442169e+30,0.6003590688539719,9.88507490607683e-15,0.005570339639418514,0.4244558696324355,6.9906092457004276e-15,0.38874123395257876,6.402397697128097e-15,300000000000000.0,50,52000000000000.0
435000.0,3188583200000.0,3.1334886e+30,0.6006726163790792,9.854001138328155e-15,0.005567424958722133,0.42467760681334493,6.9686335213064585e-15,0.38894431347900427,6.382271081744005e-15,300000000000000.0,50,52000000000000.0
436000.0,3184379700000.0,3.1228259e+30,0.6009861639041865,9.82292737057948e-15,0.005564510278025751,0.4248993439942544,6.94665779691249e-15,0.3891473930054298,6.362144466359914e-15,300000000000000.0,50,52000000000000.0
437000.0,3180182000000.0,3.1122278e+30,0.6012997114292938,9.791853602830805e-15,0.005561595597329369,0.42512108117516384,6.924682072518521e-15,0.38935047253185523,6.342017850975822e-15,300000000000000.0,50,52000000000000.0
438000.0,3175990100000.0,3.1016935e+30,0.6016132589544011,9.76077983508213e-15,0.005558680916632987,0.4253428183560733,6.902706348124552e-15,0.38955355205828074,6.32189123559173e-15,300000000000000.0,50,52000000000000.0
439000.0,3171804100000.0,3.0912219e+30,0.6019268064795084,9.729706067333455e-15,0.0055557662359366055,0.42556455553698275,6.880730623730584e-15,0.38975663158470625,6.3017646202076385e-15,300000000000000.0,50,52000000000000.0
440000.0,3167623700000.0,3.080812e+30,0.6022347064662753,9.699309136129363e-15,0.005552921166409557,0.42578229871410495,6.859233594254639e-15,0.3899560531758288,6.2820764206559524e-15,300000000000000.0,50,52000000000000.0
441000.0,3163449100000.0,3.0704619e+30,0.6025413659997243,9.669060868659243e-15,0.005550091386624828,0.4259991646284356,6.837841707703548e-15,0.3901546713199078,6.262484516931079e-15,300000000000000.0,50,52000000000000.0
442000.0,3159280300000.0,3.0601718e+30,0.6028480255331733,9.63881260118912e-15,0.005547261606840099,0.4262160305427663,6.8164498211524585e-15,0.39035328946398673,6.242892613206206e-15,300000000000000.0,50,52000000000000.0
443000.0,3155117100000.0,3.0499405e+30,0.6031546850666224,9.608564333719e-15,0.00554443182705537,0.42643289645709703,6.795057934601369e-15,0.3905519076080657,6.223300709481334e-15,300000000000000.0,50,52000000000000.0
444000.0,3150959700000.0,3.0397669e+30,0.6034613446000714,9.578316066248879e-15,0.005541602047270642,0.4266497623714277,6.7736660480502784e-15,0.3907505257521446,6.203708805756461e-15,300000000000000.0,50,52000000000000.0
445000.0,3146807900000.0,3.0296501e+30,0.6037680041335204,9.548067798778758e-15,0.005538772267485913,0.4268666282857584,6.752274161499189e-15,0.39094914389622354,6.184116902031588e-15,300000000000000.0,50,52000000000000.0
446000.0,3142661800000.0,3.0195893e+30,0.6040746636669694,9.517819531308636e-15,0.005535942487701184,0.42708349420008906,6.730882274948099e-15,0.3911477620403025,6.164524998306715e-15,300000000000000.0,50,52000000000000.0
447000.0,3138521300000.0,3.0095836e+30,0.6043767127547716,9.488120050416075e-15,0.0055331688263899025,0.42729709955973433,6.709878518270945e-15,0.3913433939833592,6.145288565839996e-15,300000000000000.0,50,52000000000000.0
448000.0,3134386300000.0,2.9996321e+30,0.6046765582242142,9.458682868717672e-15,0.005530421987582968,0.42750914649776095,6.6890602729698434e-15,0.3915375986354548,6.126222035168205e-15,300000000000000.0,50,52000000000000.0
449000.0,3130257000000.0,2.9897343e+30,0.6049764036936567,9.429245687019268e-15,0.005527675148776035,0.42772119343578757,6.668242027668742e-15,0.39173180328755036,6.107155504496414e-15,300000000000000.0,50,52000000000000.0
450000.0,3126133200000.0,2.9798893e+30,0.6052762491630992,9.399808505320865e-15,0.005524928309969101,0.42793324037381414,6.64742378236764e-15,0.391926007939646,6.088088973824623e-15,300000000000000.0,50,52000000000000.0
451000.0,3122015000000.0,2.9700963e+30,0.6055760946325418,9.370371323622462e-15,0.005522181471162167,0.42814528731184076,6.6266055370665385e-15,0.39212021259174157,6.069022443152832e-15,300000000000000.0,50,52000000000000.0
452000.0,3117902900000.0,2.9588646e+30,0.6058759401019843,9.340934141924057e-15,0.0055194346323552326,0.4283573342498673,6.605787291765437e-15,0.39231441724383714,6.049955912481041e-15,300000000000000.0,50,52000000000000.0
453000.0,3113798600000.0,2.9498238e+30,0.6061757855714268,9.311496960225654e-15,0.005516687793548298,0.42856938118789395,6.584969046464335e-15,0.3925086218959327,6.030889381809251e-15,300000000000000.0,50,52000000000000.0
454000.0,3109702000000.0,2.9400512e+30,0.6064728199991096,9.282413267318613e-15,0.005513974747003951,0.4287794401313664,6.5644008043527094e-15,0.39270100582977885,6.012051818187536e-15,300000000000000.0,50,52000000000000.0
455000.0,3105612900000.0,2.9302186e+30,0.606765926259328,9.25382354187558e-15,0.005511308921980232,0.42898672103872465,6.544181918273062e-15,0.39289084548047265,5.993534214564077e-15,300000000000000.0,50,52000000000000.0
456000.0,3101530900000.0,2.9204067e+30,0.6070590325195463,9.225233816432547e-15,0.005508643096956513,0.42919400194608287,6.523963032193416e-15,0.3930806851311665,5.975016610940619e-15,300000000000000.0,50,52000000000000.0
457000.0,3097456000000.0,2.9106344e+30,0.6073521387797647,9.196644090989514e-15,0.0055059772719327936,0.4294012828534411,6.5037441461137685e-15,0.39327052478186036,5.9564990073171604e-15,300000000000000.0,50,52000000000000.0
458000.0,3093387900000.0,2.90091e+30,0.607645245039983,9.16805436554648e-15,0.005503311446909075,0.4296085637607993,6.483525260034121e-15,0.3934603644325542,5.937981403693702e-15,300000000000000.0,50,52000000000000.0
459000.0,3089326600000.0,2.8912369e+30,0.6079383513002012,9.139464640103446e-15,0.005500645621885356,0.4298158446681576,6.463306373954474e-15,0.393650204083248,5.919463800070243e-15,300000000000000.0,50,52000000000000.0
460000.0,3085271800000.0,2.8816182e+30,0.6082314575604196,9.110874914660414e-15,0.005497979796861637,0.4300231255755158,6.443087487874827e-15,0.3938400437339419,5.900946196446784e-15,300000000000000.0,50,52000000000000.0
461000.0,3081223600000.0,2.8720558e+30,0.6085243007389293,9.082317510319542e-15,0.00549531709688677,0.4302302204293525,6.422891460696396e-15,0.3940297129862591,5.88244952829714e-15,300000000000000.0,50,52000000000000.0
462000.0,3077181800000.0,2.8625496e+30,0.6088107553443447,9.054544978954632e-15,0.005492730284373302,0.43043279723239997,6.403250530115043e-15,0.3942152443511905,5.8644612489874895e-15,300000000000000.0,50,52000000000000.0
463000.0,3073146400000.0,2.8530996e+30,0.6090972099497601,9.02677244758972e-15,0.0054901434718598345,0.43063537403544744,6.38360959953369e-15,0.39440077571612187,5.8464729696778394e-15,300000000000000.0,50,52000000000000.0
464000.0,3069117300000.0,2.8437057e+30,0.6093836645551757,8.99899991622481e-15,0.005487556659346367,0.43083795083849485,6.363968668952338e-15,0.3945863070810532,5.82848469036819e-15,300000000000000.0,50,52000000000000.0
465000.0,3065094400000.0,2.8343673e+30,0.6096701191605911,8.971227384859898e-15,0.005484969846832899,0.4310405276415423,6.344327738370985e-15,0.39477183844598457,5.81049641105854e-15,300000000000000.0,50,52000000000000.0
466000.0,3061077600000.0,2.825084e+30,0.6099565737660065,8.943454853494987e-15,0.005482383034319431,0.4312431044445898,6.324686807789632e-15,0.3949573698109159,5.79250813174889e-15,300000000000000.0,50,52000000000000.0
467000.0,3057067000000.0,2.8158548e+30,0.6102430283714221,8.915682322130075e-15,0.005479796221805963,0.43144568124763727,6.305045877208279e-15,0.39514290117584727,5.7745198524392406e-15,300000000000000.0,50,52000000000000.0
468000.0,3053062500000.0,2.806679e+30,0.6105294829768375,8.887909790765165e-15,0.005477209409292495,0.43164825805068474,6.285404946626926e-15,0.39532843254077865,5.7565315731295905e-15,300000000000000.0,50,52000000000000.0
469000.0,3049064000000.0,2.7975555e+30,0.6108123785477952,8.86056102363777e-15,0.0054746643715535915,0.4318483178793951,6.266063720409198e-15,0.39551165871771476,5.738817780018238e-15,300000000000000.0,50,52000000000000.0
470000.0,3045071500000.0,2.7884836e+30,0.6110922665285847,8.833570361825031e-15,0.005472154635917758,0.4320462507190696,6.2469757617302035e-15,0.39569293687733537,5.721335943635903e-15,300000000000000.0,50,52000000000000.0
471000.0,3041085000000.0,2.7794623e+30,0.6113721545093742,8.806579700012293e-15,0.005469644900281924,0.43224418355874417,6.22788780305121e-15,0.395874215036956,5.7038541072535695e-15,300000000000000.0,50,52000000000000.0
472000.0,3037104400000.0,2.7704908e+30,0.6116520424901637,8.779589038199554e-15,0.005467135164646089,0.4324421163984187,6.208799844372215e-15,0.3960554931965767,5.686372270871236e-15,300000000000000.0,50,52000000000000.0
473000.0,3033129600000.0,2.7615681e+30,0.6119319304709533,8.752598376386815e-15,0.005464625429010255,0.43264004923809324,6.189711885693221e-15,0.3962367713561973,5.668890434488902e-15,300000000000000.0,50,52000000000000.0
474000.0,3029160700000.0,2.7526935e+30,0.6122118184517428,8.725607714574076e-15,0.00546211569337442,0.43283798207776775,6.170623927014226e-15,0.39641804951581794,5.6514085981065685e-15,300000000000000.0,50,52000000000000.0
475000.0,3025197600000.0,2.7438661e+30,0.6124917064325323,8.698617052761336e-15,0.0054596059577385865,0.4330359149174423,6.151535968335233e-15,0.39659932767543854,5.633926761724234e-15,300000000000000.0,50,52000000000000.0
476000.0,3021240300000.0,2.735085e+30,0.6127715944133217,8.671626390948599e-15,0.005457096222102753,0.4332338477571168,6.132448009656238e-15,0.3967806058350592,5.6164449253419e-15,300000000000000.0,50,52000000000000.0
477000.0,3017288700000.0,2.7263494e+30,0.6130454996172983,8.645335395391541e-15,0.0054546558733050525,0.43342754954097706,6.113854884138674e-15,0.3969580089535236,5.599416285146474e-15,300000000000000.0,50,52000000000000.0
478000.0,3013342900000.0,2.7176582e+30,0.6133189020413097,8.619103198313263e-15,0.005452221355631116,0.4336208957558164,6.0953033433579825e-15,0.39713508642168927,5.58242573060426e-15,300000000000000.0,50,52000000000000.0
479000.0,3009402700000.0,2.7090108e+30,0.6135923044653212,8.592871001234986e-15,0.005449786837957179,0.43381424197065577,6.076751802577292e-15,0.3973121638898549,5.565435176062046e-15,300000000000000.0,50,52000000000000.0
480000.0,3005468200000.0,2.7004062e+30,0.6138657068893327,8.566638804156708e-15,0.0054473523202832426,0.43400758818549506,6.0582002617966004e-15,0.39748924135802055,5.548444621519832e-15,300000000000000.0,50,52000000000000.0
481000.0,3001539300000.0,2.6918438e+30,0.6141391093133443,8.54040660707843e-15,0.005444917802609305,0.4342009344003344,6.03964872101591e-15,0.3976663188261862,5.531454066977617e-15,300000000000000.0,50,52000000000000.0
482000.0,2997616100000.0,2.6833229e+30,0.6144125117373558,8.514174410000152e-15,0.005442483284935368,0.4343942806151737,6.021097180235218e-15,0.39784339629435184,5.514463512435403e-15,300000000000000.0,50,52000000000000.0
483000.0,2993698400000.0,2.674843e+30,0.6146859141613673,8.487942212921875e-15,0.005440048767261432,0.43458762683001306,6.002545639454527e-15,0.3980204737625175,5.497472957893189e-15,300000000000000.0,50,52000000000000.0
484000.0,2989786200000.0,2.6664034e+30,0.6149581697271752,8.4618450776197e-15,0.00543762739252214,0.4347801619810032,5.9840896196151525e-15,0.3981968084123518,5.480569886831595e-15,300000000000000.0,50,52000000000000.0
485000.0,2985879600000.0,2.6580038e+30,0.6152251663212376,8.436367274386812e-15,0.00543526628532223,0.43496897796091105,5.966071615504226e-15,0.39836973683410654,5.464067975347815e-15,300000000000000.0,50,52000000000000.0
486000.0,2981978500000.0,2.6496436e+30,0.6154921629153001,8.410889471153925e-15,0.005432905178122318,0.4351577939408189,5.948053611393298e-15,0.39854266525586124,5.447566063864034e-15,300000000000000.0,50,52000000000000.0
487000.0,2978082800000.0,2.6413222e+30,0.6157591595093624,8.385411667921036e-15,0.0054305440709224075,0.4353466099207267,5.930035607282371e-15,0.398715593677616,5.431064152380254e-15,300000000000000.0,50,52000000000000.0
488000.0,2974193800000.0,2.6320385e+30,0.6160261561034249,8.359933864688148e-15,0.005428182963722497,0.4355354259006345,5.912017603171444e-15,0.3988885220993707,5.414562240896473e-15,300000000000000.0,50,52000000000000.0
489000.0,2970312800000.0,2.6239861e+30,0.6162931526974874,8.334456061455259e-15,0.005425821856522586,0.4357242418805423,5.893999599060516e-15,0.39906145052112546,5.398060329412693e-15,300000000000000.0,50,52000000000000.0
490000.0,2966439500000.0,2.6155942e+30,0.6165601492915498,8.308978258222372e-15,0.005423460749322676,0.43591305786045015,5.87598159494959e-15,0.39923437894288016,5.381558417928913e-15,300000000000000.0,50,52000000000000.0
491000.0,2962573500000.0,2.6071747e+30,0.6168271458856123,8.283500454989483e-15,0.005421099642122764,0.436101873840358,5.857963590838662e-15,0.3994073073646349,5.365056506445132e-15,300000000000000.0,50,52000000000000.0
492000.0,2958714700000.0,2.598772e+30,0.6170921846724718,8.258265387263436e-15,0.0054187607091527,0.4362893052511997,5.840117257509835e-15,0.3995789677194034,5.348711820778907e-15,300000000000000.0,50,52000000000000.0
493000.0,2954862900000.0,2.5903998e+30,0.6173528584624476,8.233571506498741e-15,0.005416471214372486,0.43647364971882735,5.822653669952843e-15,0.3997478008762558,5.332717675351135e-15,300000000000000.0,50,52000000000000.0
494000.0,2951018000000.0,2.582065e+30,0.6176135322524232,8.208877625734046e-15,0.005414181719592272,0.436657994186455,5.805190082395851e-15,0.3999166340331081,5.316723529923363e-15,300000000000000.0,50,52000000000000.0
495000.0,2947179700000.0,2.5737703e+30,0.617874206042399,8.184183744969351e-15,0.005411892224812058,0.4368423386540826,5.787726494838859e-15,0.4000854671899605,5.300729384495591e-15,300000000000000.0,50,52000000000000.0
496000.0,2943348000000.0,2.5655186e+30,0.6181348798323746,8.159489864204656e-15,0.0054096027300318435,0.4370266831217103,5.770262907281867e-15,0.4002543003468129,5.284735239067819e-15,300000000000000.0,50,52000000000000.0
497000.0,2939522800000.0,2.5573117e+30,0.6183955536223503,8.134795983439961e-15,0.005407313235251629,0.43721102758933794,5.752799319724875e-15,0.40042313350366526,5.2687410936400475e-15,300000000000000.0,50,52000000000000.0
498000.0,2935704000000.0,2.5491498e+30,0.618656227412326,8.110102102675266e-15,0.005405023740471415,0.4373953720569656,5.7353357321678835e-15,0.40059196666051766,5.252746948212275e-15,300000000000000.0,50,52000000000000.0
499000.0,2931891400000.0,2.541033e+30,0.6189169012023017,8.08540822191057e-15,0.005402734245691201,0.4375797165245932,5.7178721446108916e-15,0.40076079981737006,5.236752802784503e-15,300000000000000.0,50,52000000000000.0
500000.0,2928085000000.0,2.5329611e+30,0.6191756302907063,8.060944816189426e-15,0.005400466530490486,0.4377626856933571,5.700571556829633e-15,0.40092837339740506,5.2209079417759636e-15,300000000000000.0,50,52000000000000.0
501000.0,2924284800000.0,2.5249339e+30,0.6194300761452706,8.03698903514476e-15,0.005398246785134256,0.43794262574612614,5.683629978454116e-15,0.40109317274095635,5.205391881898552e-15,300000000000000.0,50,52000000000000.0
502000.0,2920490500000.0,2.516951e+30,0.6196845219998348,8.013033254100095e-15,0.005396027039778026,0.4381225657988952,5.6666884000786e-15,0.4012579720845076,5.18987582202114e-15,300000000000000.0,50,52000000000000.0
503000.0,2916702300000.0,2.5090118e+30,0.6199389678543992,7.98907747305543e-15,0.0053938072944217956,0.43830250585166425,5.649746821703083e-15,0.4014227714280589,5.174359762143729e-15,300000000000000.0,50,52000000000000.0
504000.0,2912920000000.0,2.5011157e+30,0.6201934137089634,7.965121692010765e-15,0.005391587549065565,0.4384824459044333,5.632805243327567e-15,0.40158757077161017,5.158843702266317e-15,300000000000000.0,50,52000000000000.0
505000.0,2909143600000.0,2.4932619e+30,0.6204478595635278,7.9411659109661e-15,0.005389367803709335,0.43866238595720236,5.6158636649520505e-15,0.4017523701151614,5.1433276423889054e-15,300000000000000.0,50,52000000000000.0
506000.0,2905373000000.0,2.4854498e+30,0.620702305418092,7.917210129921434e-15,0.005387148058353105,0.4388423260099714,5.598922086576534e-15,0.4019171694587127,5.127811582511494e-15,300000000000000.0,50,52000000000000.0
507000.0,2901608200000.0,2.4776786e+30,0.6209567512726563,7.893254348876769e-15,0.005384928312996875,0.4390222660627405,5.581980508201018e-15,0.402081968802264,5.112295522634083e-15,300000000000000.0,50,52000000000000.0
508000.0,2897849100000.0,2.4699476e+30,0.6212100625144608,7.869428848102656e-15,0.005382721130918219,0.43920140371499666,5.565131068372565e-15,0.40224603326184355,5.096863848452881e-15,300000000000000.0,50,52000000000000.0
509000.0,2894095700000.0,2.462256e+30,0.6214583683163756,7.846178089730657e-15,0.005380569372798241,0.43937700150971126,5.548688105515966e-15,0.40240685571879764,5.081804448888074e-15,300000000000000.0,50,52000000000000.0
510000.0,2890347900000.0,2.4546032e+30,0.6217066741182903,7.822927331358657e-15,0.005378417614678262,0.4395525993044259,5.532245142659366e-15,0.4025676781757518,5.066745049323268e-15,300000000000000.0,50,52000000000000.0
511000.0,2886605700000.0,2.4469883e+30,0.6219549799202051,7.799676572986658e-15,0.005376265856558284,0.4397281970991405,5.5158021798027664e-15,0.40272850063270593,5.05168564975846e-15,300000000000000.0,50,52000000000000.0
512000.0,2882869200000.0,2.4394106e+30,0.6222032857221199,7.776425814614659e-15,0.005374114098438306,0.4399037948938551,5.499359216946167e-15,0.4028893230896601,5.036626250193653e-15,300000000000000.0,50,52000000000000.0
513000.0,2879138100000.0,2.4318694e+30,0.6224515915240346,7.75317505624266e-15,0.005371962340318328,0.44007939268856977,5.482916254089567e-15,0.4030501455466142,5.021566850628846e-15,300000000000000.0,50,52000000000000.0
514000.0,2875412500000.0,2.4243641e+30,0.6226998973259494,7.72992429787066e-15,0.0053698105821983495,0.44025499048328437,5.4664732912329676e-15,0.40321096800356837,5.006507451064039e-15,300000000000000.0,50,52000000000000.0
515000.0,2871692400000.0,2.4168941e+30,0.6229482031278643,7.70667353949866e-15,0.0053676588240783715,0.440430588277999,5.450030328376368e-15,0.4033717904605225,4.9914480514992316e-15,300000000000000.0,50,52000000000000.0
516000.0,2867977700000.0,2.4094586e+30,0.623196508929779,7.683422781126661e-15,0.0053655070659583935,0.4406061860727136,5.433587365519768e-15,0.40353261291747666,4.976388651934425e-15,300000000000000.0,50,52000000000000.0
517000.0,2864268400000.0,2.4020572e+30,0.6234392118923855,7.660809207835823e-15,0.005363416642181025,0.440777821533075,5.4175950400750306e-15,0.4036898064435163,4.961741971621709e-15,300000000000000.0,50,52000000000000.0
518000.0,2860564500000.0,2.3946892e+30,0.6236814614150765,7.638247202175867e-15,0.005361331182215323,0.4409491363202106,5.401639184887371e-15,0.4038467062787974,4.947128692834986e-15,300000000000000.0,50,52000000000000.0
519000.0,2856865900000.0,2.3873541e+30,0.6239237109377676,7.615685196515911e-15,0.005359245722249622,0.4411204511073462,5.385683329699712e-15,0.40400360611407843,4.932515414048263e-15,300000000000000.0,50,52000000000000.0
520000.0,2853172600000.0,2.3800514e+30,0.6241659604604587,7.593123190855955e-15,0.005357160262283921,0.4412917658944818,5.369727474512053e-15,0.4041605059493594,4.91790213526154e-15,300000000000000.0,50,52000000000000.0
521000.0,2849484600000.0,2.3727805e+30,0.6244082099831497,7.570561185195999e-15,0.005355074802318219,0.44146308068161744,5.3537716193243934e-15,0.4043174057846405,4.903288856474817e-15,300000000000000.0,50,52000000000000.0
522000.0,2845802600000.0,2.3645306e+30,0.6246504595058407,7.547999179536043e-15,0.005352989342352519,0.44163439546875305,5.337815764136734e-15,0.4044743056199215,4.888675577688094e-15,300000000000000.0,50,52000000000000.0
523000.0,2842128400000.0,2.3576011e+30,0.6248927090285318,7.525437173876087e-15,0.005350903882386817,0.44180571025588866,5.321859908949075e-15,0.40463120545520254,4.87406229890137e-15,300000000000000.0,50,52000000000000.0
524000.0,2838461700000.0,2.3502626e+30,0.6251349585512228,7.502875168216131e-15,0.005348818422421115,0.4419770250430243,5.3059040537614156e-15,0.4047881052904836,4.859449020114647e-15,300000000000000.0,50,52000000000000.0
525000.0,2834802200000.0,2.3428825e+30,0.625374035949128,7.480697185852874e-15,0.005346767296854079,0.44214609650283854,5.290219790054371e-15,0.4049429505591387,4.845084480189639e-15,300000000000000.0,50,52000000000000.0
526000.0,2831149800000.0,2.3355111e+30,0.6256103130086806,7.458858217632681e-15,0.0053447464815490515,0.4423131875627761,5.274775286158399e-15,0.4050959820650611,4.830939525880338e-15,300000000000000.0,50,52000000000000.0
527000.0,2827504200000.0,2.3281614e+30,0.6258465900682334,7.437019249412489e-15,0.005342725666244025,0.4424802786227136,5.259330782262427e-15,0.4052490135709835,4.816794571571036e-15,300000000000000.0,50,52000000000000.0
528000.0,2823865200000.0,2.3208416e+30,0.626082867127786,7.415180281192297e-15,0.005340704850938998,0.4426473696826511,5.243886278366455e-15,0.40540204507690586,4.802649617261735e-15,300000000000000.0,50,52000000000000.0
529000.0,2820232700000.0,2.3135546e+30,0.6263191441873387,7.393341312972105e-15,0.005338684035633971,0.4428144607425887,5.228441774470483e-15,0.40555507658282824,4.788504662952434e-15,300000000000000.0,50,52000000000000.0
530000.0,2816606500000.0,2.3063028e+30,0.6265554212468915,7.371502344751912e-15,0.005336663220328944,0.4429815518025262,5.2129972705745114e-15,0.4057081080887507,4.774359708643132e-15,300000000000000.0,50,52000000000000.0
531000.0,2812986600000.0,2.2990885e+30,0.6267916983064441,7.349663376531718e-15,0.005334642405023917,0.44314864286246375,5.1975527666785395e-15,0.40586113959467307,4.760214754333831e-15,300000000000000.0,50,52000000000000.0
532000.0,2809372900000.0,2.2919124e+30,0.6270279753659969,7.327824408311526e-15,0.00533262158971889,0.44331573392240126,5.182108262782568e-15,0.40601417110059546,4.74606980002453e-15,300000000000000.0,50,52000000000000.0
533000.0,2805765200000.0,2.2847746e+30,0.6272642489479892,7.305985844968236e-15,0.005330600811651962,0.4434828225230104,5.166664045226189e-15,0.4061672003541251,4.731925107961247e-15,300000000000000.0,50,52000000000000.0
534000.0,2802163500000.0,2.277675e+30,0.6274946509124882,7.28483088796275e-15,0.005328642907512025,0.44364575871960776,5.151703292049504e-15,0.40631642660009853,4.718223199962831e-15,300000000000000.0,50,52000000000000.0
535000.0,2798567700000.0,2.2706135e+30,0.6277250528769873,7.263675930957265e-15,0.005326685003372088,0.44380869491620517,5.13674253887282e-15,0.40646565284607195,4.704521291964415e-15,300000000000000.0,50,52000000000000.0
536000.0,2794977700000.0,2.2635899e+30,0.6279554548414864,7.24252097395178e-15,0.00532472709923215,0.4439716311128026,5.121781785696136e-15,0.4066148790920453,4.690819383966e-15,300000000000000.0,50,52000000000000.0
537000.0,2791393500000.0,2.2566036e+30,0.6281858568059855,7.221366016946293e-15,0.005322769195092213,0.4441345673094,5.1068210325194516e-15,0.4067641053380187,4.677117475967584e-15,300000000000000.0,50,52000000000000.0
538000.0,2787815000000.0,2.2496542e+30,0.6284162587704846,7.200211059940807e-15,0.005320811290952275,0.4442975035059974,5.0918602793427675e-15,0.40691333158399207,4.663415567969168e-15,300000000000000.0,50,52000000000000.0
539000.0,2784242100000.0,2.2427411e+30,0.6286466607349838,7.179056102935322e-15,0.0053188533868123375,0.44446043970259475,5.0768995261660826e-15,0.4070625578299655,4.649713659970752e-15,300000000000000.0,50,52000000000000.0
540000.0,2780674900000.0,2.2358634e+30,0.6288770626994828,7.157901145929836e-15,0.005316895482672401,0.44462337589919215,5.0619387729893985e-15,0.4072117840759389,4.636011751972336e-15,300000000000000.0,50,52000000000000.0
541000.0,2777113300000.0,2.2290207e+30,0.6291074646639819,7.136746188924351e-15,0.005314937578532463,0.44478631209578956,5.046978019812714e-15,0.40736101032191224,4.62230984397392e-15,300000000000000.0,50,52000000000000.0
542000.0,2773557100000.0,2.2222122e+30,0.6293359504540824,7.115805739851789e-15,0.00531299997201478,0.44494789317678857,5.032168972229577e-15,0.4075089954760076,4.6087468765517915e-15,300000000000000.0,50,52000000000000.0
543000.0,2770006400000.0,2.2154371e+30,0.6295605687694921,7.095298238846039e-15,0.005311103332822623,0.4451067391856127,5.0176661167884045e-15,0.40765447569556756,4.595464337238241e-15,300000000000000.0,50,52000000000000.0
544000.0,2766461100000.0,2.208695e+30,0.6297851870849017,7.074790737840289e-15,0.005309206693630466,0.4452655851944368,5.003163261347232e-15,0.40779995591512747,4.58218179792469e-15,300000000000000.0,50,52000000000000.0
545000.0,2762921200000.0,2.2019851e+30,0.6300098054003114,7.054283236834538e-15,0.005307310054438309,0.445424431203261,4.988660405906059e-15,0.40794543613468737,4.56889925861114e-15,300000000000000.0,50,52000000000000.0
546000.0,2759386700000.0,2.1953069e+30,0.630234423715721,7.033775735828787e-15,0.005305413415246152,0.4455832772120851,4.974157550464886e-15,0.40809091635424727,4.55561671929759e-15,300000000000000.0,50,52000000000000.0
547000.0,2755857400000.0,2.1886596e+30,0.6304590420311307,7.013268234823037e-15,0.005303516776053995,0.4457421232209092,4.959654695023713e-15,0.40823639657380717,4.542334179984039e-15,300000000000000.0,50,52000000000000.0
548000.0,2752333400000.0,2.1820427e+30,0.6306836603465402,6.9927607338172864e-15,0.005301620136861838,0.4459009692297334,4.94515183958254e-15,0.40838187679336707,4.5290516406704886e-15,300000000000000.0,50,52000000000000.0
549000.0,2748814600000.0,2.1754556e+30,0.6309082786619499,6.9722532328115364e-15,0.005299723497669681,0.44605981523855753,4.9306489841413675e-15,0.408527357012927,4.515769101356938e-15,300000000000000.0,50,52000000000000.0
550000.0,2745301000000.0,2.1688978e+30,0.6311328969773595,6.951745731805786e-15,0.005297826858477524,0.44621866124738163,4.916146128700195e-15,0.4086728372324869,4.502486562043387e-15,300000000000000.0,50,52000000000000.0
551000.0,2741792600000.0,2.1623688e+30,0.6313545466135221,6.9315705007947535e-15,0.005295961324681419,0.4463754078133746,4.901878262589185e-15,0.4088163946629757,4.489419239273082e-15,300000000000000.0,50,52000000000000.0
552000.0,2738289300000.0,2.155868e+30,0.6315734670982865,6.911700730577942e-15,0.005294124386542863,0.4465302243300557,4.887826425697083e-15,0.4089581844446063,4.476549768301837e-15,300000000000000.0,50,52000000000000.0
553000.0,2734791100000.0,2.149395e+30,0.631792387583051,6.8918309603611315e-15,0.005292287448404306,0.4466850408467368,4.873774588804979e-15,0.4090999742262369,4.4636802973305924e-15,300000000000000.0,50,52000000000000.0
554000.0,2731297900000.0,2.1429494e+30,0.6320113080678155,6.871961190144321e-15,0.00529045051026575,0.4468398573634179,4.859722751912877e-15,0.4092417640078675,4.450810826359348e-15,300000000000000.0,50,52000000000000.0
555000.0,2727810000000.0,2.1351286e+30,0.6322302285525799,6.85209141992751e-15,0.005288613572127194,0.446994673880099,4.845670915020774e-15,0.4093835537894981,4.437941355388104e-15,300000000000000.0,50,52000000000000.0
556000.0,2724329400000.0,2.1294555e+30,0.6324491490373444,6.832221649710699e-15,0.005286776633988638,0.44714949039678015,4.831619078128672e-15,0.4095253435711287,4.4250718844168594e-15,300000000000000.0,50,52000000000000.0
557000.0,2720856300000.0,2.1229844e+30,0.6326680695221087,6.812351879493888e-15,0.005284939695850081,0.44730430691346124,4.817567241236569e-15,0.4096671333527593,4.412202413445615e-15,300000000000000.0,50,52000000000000.0
558000.0,2717390300000.0,2.1164342e+30,0.6328869900068732,6.7924821092770775e-15,0.005283102757711525,0.4474591234301424,4.803515404344466e-15,0.4098089231343898,4.39933294247437e-15,300000000000000.0,50,52000000000000.0
559000.0,2713931200000.0,2.109882e+30,0.6331059104916377,6.772612339060267e-15,0.005281265819572969,0.44761393994682347,4.789463567452363e-15,0.4099507129160204,4.3864634715031256e-15,300000000000000.0,50,52000000000000.0
560000.0,2710478700000.0,2.1033443e+30,0.6333216474499123,6.753120840125849e-15,0.005279461881491323,0.4477665050839219,4.775679251467462e-15,0.41009044075625456,4.373839011344397e-15,300000000000000.0,50,52000000000000.0
561000.0,2707032700000.0,2.0968296e+30,0.633534957498233,6.733917710188311e-15,0.0052776831004695745,0.44791735391819204,4.76209887572134e-15,0.4102285967087991,4.361401331217669e-15,300000000000000.0,50,52000000000000.0
562000.0,2703593100000.0,2.0903427e+30,0.6337482675465538,6.714714580250775e-15,0.0052759043194478255,0.4480682027524622,4.7485184999752175e-15,0.4103667526613436,4.348963651090941e-15,300000000000000.0,50,52000000000000.0
563000.0,2700159600000.0,2.0838853e+30,0.6339615775948746,6.695511450313237e-15,0.0052741255384260765,0.4482190515867323,4.734938124229095e-15,0.4105049086138881,4.336525970964212e-15,300000000000000.0,50,52000000000000.0
564000.0,2696732200000.0,2.0774597e+30,0.6341748876431954,6.676308320375701e-15,0.005272346757404328,0.4483699004210024,4.721357748482973e-15,0.4106430645664326,4.324088290837484e-15,300000000000000.0,50,52000000000000.0
565000.0,2693310700000.0,2.0710672e+30,0.6343881976915162,6.657105190438164e-15,0.005270567976382579,0.4485207492552725,4.707777372736851e-15,0.41078122051897714,4.3116506107107554e-15,300000000000000.0,50,52000000000000.0
566000.0,2689895100000.0,2.0647084e+30,0.6346015077398369,6.6379020605006266e-15,0.00526878919536083,0.44867159808954266,4.6941969969907285e-15,0.41091937647152166,4.299212930584027e-15,300000000000000.0,50,52000000000000.0
567000.0,2686485300000.0,2.0583832e+30,0.6348148177881577,6.61869893056309e-15,0.005267010414339082,0.44882244692381273,4.680616621244606e-15,0.4110575324240662,4.286775250457299e-15,300000000000000.0,50,52000000000000.0
568000.0,2683081200000.0,2.0520914e+30,0.6350281278364786,6.5994958006255525e-15,0.005265231633317333,0.44897329575808287,4.667036245498484e-15,0.4111956883766107,4.274337570330571e-15,300000000000000.0,50,52000000000000.0
569000.0,2679682600000.0,2.0458329e+30,0.6352388578698168,6.580582610934348e-15,0.005263479325286086,0.44912232001620284,4.653660921319174e-15,0.4113321732785932,4.262087688052602e-15,300000000000000.0,50,52000000000000.0
570000.0,2676289600000.0,2.0396075e+30,0.6354466575218892,6.561998735402889e-15,0.005261757085280004,0.44926927192055544,4.640518494729225e-15,0.4114667602011863,4.250051106589366e-15,300000000000000.0,50,52000000000000.0
571000.0,2672902100000.0,2.0334147e+30,0.6356544571739616,6.543414859871431e-15,0.005260034845273923,0.44941622382490803,4.6273760681392765e-15,0.41160134712377927,4.2380145251261306e-15,300000000000000.0,50,52000000000000.0
572000.0,2669520100000.0,2.0272539e+30,0.635862256826034,6.5248309843399725e-15,0.005258312605267841,0.44956317572926063,4.614233641549328e-15,0.4117359340463723,4.225977943662895e-15,300000000000000.0,50,52000000000000.0
573000.0,2666143300000.0,2.0211245e+30,0.6360700564781064,6.506247108808514e-15,0.005256590365261759,0.4497101276336133,4.601091214959379e-15,0.41187052096896537,4.213941362199659e-15,300000000000000.0,50,52000000000000.0
574000.0,2662771900000.0,2.015026e+30,0.6362778561301788,6.487663233277056e-15,0.005254868125255678,0.4498570795379659,4.58794878836943e-15,0.4120051078915584,4.201904780736423e-15,300000000000000.0,50,52000000000000.0
575000.0,2659405800000.0,2.0089578e+30,0.6364856557822512,6.469079357745598e-15,0.005253145885249597,0.4500040314423185,4.5748063617794814e-15,0.4121396948141514,4.189868199273187e-15,300000000000000.0,50,52000000000000.0
576000.0,2656044800000.0,2.0029192e+30,0.6366934554343237,6.4504954822141395e-15,0.005251423645243515,0.4501509833466711,4.561663935189533e-15,0.41227428173674446,4.177831617809951e-15,300000000000000.0,50,52000000000000.0
577000.0,2652689100000.0,1.9969096e+30,0.6369012550863961,6.431911606682681e-15,0.005249701405237433,0.45029793525102374,4.548521508599584e-15,0.4124088686593375,4.165795036346715e-15,300000000000000.0,50,52000000000000.0
578000.0,2649338400000.0,1.9909285e+30,0.6371078571070118,6.413457184945646e-15,0.005247991327117583,0.4504440401962222,4.535470634296365e-15,0.4125426798885847,4.153842303657742e-15,300000000000000.0,50,52000000000000.0
579000.0,2645992800000.0,1.9849752e+30,0.6373102373229305,6.395459104459786e-15,0.005246324121208658,0.4505871595016269,4.5227424935619856e-15,0.4126737566991648,4.142185148666794e-15,300000000000000.0,50,52000000000000.0
580000.0,2642652300000.0,1.9790491e+30,0.637512617538849,6.377461023973925e-15,0.005244656915299732,0.45073027880703165,4.5100143528276065e-15,0.4128048335097449,4.1305279936758465e-15,300000000000000.0,50,52000000000000.0
581000.0,2639316700000.0,1.9731498e+30,0.6377149977547677,6.359462943488065e-15,0.0052429897093908065,0.4508733981124363,4.4972862120932275e-15,0.412935910320325,4.118870838684899e-15,300000000000000.0,50,52000000000000.0
582000.0,2635986100000.0,1.9672766e+30,0.6379173779706863,6.3414648630022044e-15,0.005241322503481882,0.45101651741784105,4.4845580713588484e-15,0.4130669871309051,4.107213683693951e-15,300000000000000.0,50,52000000000000.0
583000.0,2632660500000.0,1.9614291e+30,0.6381197581866049,6.323466782516344e-15,0.005239655297572956,0.4511596367232457,4.471829930624469e-15,0.4131980639414852,4.0955565287030035e-15,300000000000000.0,50,52000000000000.0
584000.0,2629339700000.0,1.9556067e+30,0.6383221384025235,6.3054687020304835e-15,0.005237988091664031,0.45130275602865044,4.45910178989009e-15,0.41332914075206534,4.083899373712056e-15,300000000000000.0,50,52000000000000.0
585000.0,2626023800000.0,1.949809e+30,0.6385245186184422,6.287470621544623e-15,0.005236320885755106,0.45144587533405517,4.446373649155711e-15,0.41346021756264545,4.072242218721109e-15,300000000000000.0,50,52000000000000.0
586000.0,2622712600000.0,1.9440355e+30,0.6387268988343607,6.2694725410587626e-15,0.00523465367984618,0.45158899463945984,4.433645508421332e-15,0.41359129437322556,4.0605850637301604e-15,300000000000000.0,50,52000000000000.0
587000.0,2619406300000.0,1.9382858e+30,0.6389292790502794,6.251474460572902e-15,0.005232986473937255,0.45173211394486457,4.420917367686953e-15,0.41372237118380567,4.048927908739213e-15,300000000000000.0,50,52000000000000.0
588000.0,2616105600000.0,1.9316754e+30,0.6391272674792253,6.2339765464592335e-15,0.005231363403412658,0.4518721274033592,4.408542952629432e-15,0.4138506034831909,4.037594715784636e-15,300000000000000.0,50,52000000000000.0
589000.0,2612812100000.0,1.9261949e+30,0.6393243137196899,6.2165859351354224e-15,0.005229749801437194,0.4520114745514882,4.396244423825129e-15,0.4139782255376578,4.026331023764634e-15,300000000000000.0,50,52000000000000.0
590000.0,2609525800000.0,1.9203638e+30,0.6395213599601545,6.199195323811612e-15,0.00522813619946173,0.45215082169961723,4.383945895020825e-15,0.4141058475921246,4.015067331744633e-15,300000000000000.0,50,52000000000000.0
591000.0,2606246200000.0,1.9144949e+30,0.639718406200619,6.181804712487802e-15,0.005226522597486265,0.4522901688477463,4.371647366216522e-15,0.4142334696465914,4.003803639724631e-15,300000000000000.0,50,52000000000000.0
592000.0,2602973200000.0,1.9086313e+30,0.6399154524410836,6.164414101163991e-15,0.005224908995510802,0.45242951599587533,4.359348837412218e-15,0.4143610917010583,3.992539947704629e-15,300000000000000.0,50,52000000000000.0
593000.0,2599706500000.0,1.9027825e+30,0.6401124986815482,6.14702348984018e-15,0.005223295393535337,0.45256886314400435,4.347050308607915e-15,0.4144887137555251,3.9812762556846285e-15,300000000000000.0,50,52000000000000.0
594000.0,2596446100000.0,1.8969554e+30,0.6403095449220126,6.129632878516369e-15,0.005221681791559874,0.4527082102921334,4.334751779803611e-15,0.41461633580999196,3.970012563664627e-15,300000000000000.0,50,52000000000000.0
595000.0,2593191600000.0,1.8911537e+30,0.6405065911624772,6.112242267192559e-15,0.005220068189584409,0.4528475574402624,4.322453250999308e-15,0.4147439578644588,3.958748871644625e-15,300000000000000.0,50,52000000000000.0
596000.0,2589943000000.0,1.8853787e+30,0.6407036374029418,6.0948516558687486e-15,0.005218454587608946,0.45298690458839147,4.310154722195004e-15,0.4148715799189256,3.9474851796246236e-15,300000000000000.0,50,52000000000000.0
597000.0,2586700200000.0,1.8796323e+30,0.6408992543577798,6.077623461149096e-15,0.005216855207125813,0.45312524095489126,4.297971056756384e-15,0.4149982762420995,3.936326685990617e-15,300000000000000.0,50,52000000000000.0
598000.0,2583463100000.0,1.8739156e+30,0.6410910628251668,6.060828043186809e-15,0.005215293721360208,0.453260883983489,4.286093457284345e-15,0.4151225058532693,3.925448504930605e-15,300000000000000.0,50,52000000000000.0
599000.0,2580231500000.0,1.868229e+30,0.6412828712925538,6.044032625224521e-15,0.0052137322355946016,0.45339652701208677,4.274215857812307e-15,0.41524673546443913,3.914570323870592e-15,300000000000000.0,50,52000000000000.0
600000.0,2577005400000.0,1.8625723e+30,0.6414746797599408,6.027237207262234e-15,0.005212170749828996,0.4535321700406846,4.262338258340268e-15,0.41537096507560894,3.9036921428105794e-15,300000000000000.0,50,52000000000000.0
601000.0,2573784700000.0,1.8569453e+30,0.6416664882273277,6.010441789299946e-15,0.00521060926406339,0.45366781306928233,4.250460658868229e-15,0.41549519468677876,3.892813961750567e-15,300000000000000.0,50,52000000000000.0
602000.0,2570569400000.0,1.8513479e+30,0.6418582966947147,5.9936463713376586e-15,0.005209047778297784,0.4538034560978801,4.238583059396191e-15,0.41561942429794857,3.881935780690554e-15,300000000000000.0,50,52000000000000.0
603000.0,2567359300000.0,1.8457798e+30,0.6420501051621017,5.976850953375371e-15,0.005207486292532178,0.4539390991264779,4.2267054599241515e-15,0.4157436539091184,3.8710575996305416e-15,300000000000000.0,50,52000000000000.0
604000.0,2564154400000.0,1.8402407e+30,0.6422419136294887,5.960055535413084e-15,0.005205924806766573,0.45407474215507565,4.214827860452113e-15,0.4158678835202882,3.860179418570529e-15,300000000000000.0,50,52000000000000.0
605000.0,2560954600000.0,1.8347302e+30,0.6424337220968757,5.943260117450796e-15,0.005204363321000966,0.4542103851836734,4.202950260980075e-15,0.41599211313145795,3.849301237510517e-15,300000000000000.0,50,52000000000000.0
606000.0,2557760000000.0,1.8292477e+30,0.6426255305642626,5.9264646994885085e-15,0.005202801835235361,0.4543460282122712,4.1910726615080354e-15,0.41611634274262777,3.838423056450504e-15,300000000000000.0,50,52000000000000.0
607000.0,2554570300000.0,1.8237928e+30,0.6428144238943228,5.909981249060776e-15,0.005201269072970051,0.4544796096765988,4.179415690122819e-15,0.4162386842560005,3.827746939107055e-15,300000000000000.0,50,52000000000000.0
608000.0,2551385600000.0,1.8183647e+30,0.6430010915741984,5.893735979728141e-15,0.005199758240533963,0.4546116171770324,4.167927163955478e-15,0.4163595842437299,3.817225093448828e-15,300000000000000.0,50,52000000000000.0
609000.0,2548205800000.0,1.8129628e+30,0.643187759254074,5.8774907103955055e-15,0.005198247408097875,0.45474362467746604,4.156438637788138e-15,0.4164804842314592,3.806703247790601e-15,300000000000000.0,50,52000000000000.0
610000.0,2545030900000.0,1.8075861e+30,0.6433744269339496,5.8612454410628705e-15,0.005196736575661787,0.4548756321778996,4.144950111620797e-15,0.4166013842191886,3.7961814021323745e-15,300000000000000.0,50,52000000000000.0
611000.0,2541860800000.0,1.8022349e+30,0.6435610946138253,5.845000171730235e-15,0.005195225743225699,0.45500763967833324,4.133461585453457e-15,0.4167222842069179,3.785659556474148e-15,300000000000000.0,50,52000000000000.0
612000.0,2538695500000.0,1.7969085e+30,0.6437477622937009,5.828754902397599e-15,0.005193714910789612,0.45513964717876687,4.121973059286117e-15,0.4168431841946473,3.775137710815921e-15,300000000000000.0,50,52000000000000.0
613000.0,2535535000000.0,1.7916061e+30,0.6439344299735765,5.812509633064964e-15,0.005192204078353524,0.4552716546792005,4.110484533118776e-15,0.4169640841823767,3.764615865157694e-15,300000000000000.0,50,52000000000000.0
614000.0,2532379100000.0,1.7863272e+30,0.6441210976534522,5.796264363732328e-15,0.005190693245917436,0.45540366217963413,4.098996006951436e-15,0.41708498417010603,3.754094019499467e-15,300000000000000.0,50,52000000000000.0
615000.0,2529227900000.0,1.7810713e+30,0.6443077653333278,5.780019094399693e-15,0.005189182413481348,0.4555356696800677,4.087507480784095e-15,0.4172058841578354,3.7435721738412405e-15,300000000000000.0,50,52000000000000.0
616000.0,2526081300000.0,1.7758379e+30,0.6444944330132035,5.7637738250670574e-15,0.00518767158104526,0.45566767718050133,4.0760189546167545e-15,0.41732678414556473,3.733050328183014e-15,300000000000000.0,50,52000000000000.0
617000.0,2522939300000.0,1.7706266e+30,0.6446775463497861,5.7479113808163256e-15,0.005186195422989756,0.4557971710774303,4.064801167326024e-15,0.41744538203224674,3.7227764405484894e-15,300000000000000.0,50,52000000000000.0
618000.0,2519801800000.0,1.7654369e+30,0.6448591607566754,5.73221038070178e-15,0.005184733887736377,0.4559256049431185,4.053697555428007e-15,0.4175630090820307,3.712607121216408e-15,300000000000000.0,50,52000000000000.0
619000.0,2516668900000.0,1.7602684e+30,0.6450407751635646,5.716509380587235e-15,0.005183272352482998,0.4560540388088068,4.042593943529989e-15,0.4176806361318147,3.702437801884326e-15,300000000000000.0,50,52000000000000.0
620000.0,2513540600000.0,1.7536532e+30,0.6452223895704539,5.7008083804726885e-15,0.005181810817229618,0.456182472674495,4.0314903316319705e-15,0.4177982631815987,3.692268482552244e-15,300000000000000.0,50,52000000000000.0
621000.0,2510419000000.0,1.7493766e+30,0.6454040039773431,5.685107380358143e-15,0.005180349281976239,0.4563109065401833,4.020386719733952e-15,0.41791589023138265,3.682099163220162e-15,300000000000000.0,50,52000000000000.0
622000.0,2507304200000.0,1.7441905e+30,0.6455856183842323,5.669406380243598e-15,0.00517888774672286,0.45643934040587153,4.009283107835934e-15,0.4180335172811666,3.6719298438880806e-15,300000000000000.0,50,52000000000000.0
623000.0,2504196000000.0,1.7389229e+30,0.6457672327911216,5.653705380129052e-15,0.0051774262114694805,0.4565677742715598,3.998179495937917e-15,0.41815114433095063,3.661760524555998e-15,300000000000000.0,50,52000000000000.0
624000.0,2501094200000.0,1.733649e+30,0.6459488471980108,5.638004380014506e-15,0.005175964676216101,0.45669620813724804,3.987075884039899e-15,0.4182687713807346,3.651591205223916e-15,300000000000000.0,50,52000000000000.0
625000.0,2497998500000.0,1.7283849e+30,0.6461304616049001,5.622303379899961e-15,0.005174503140962722,0.4568246420029363,3.9759722721418806e-15,0.41838639843051856,3.6414218858918344e-15,300000000000000.0,50,52000000000000.0
626000.0,2494908800000.0,1.7231368e+30,0.6463120760117893,5.606602379785415e-15,0.005173041605709343,0.45695307586862455,3.9648686602438625e-15,0.4185040254803025,3.631252566559753e-15,300000000000000.0,50,52000000000000.0
627000.0,2491824900000.0,1.7179102e+30,0.6464903189985811,5.5912837622306025e-15,0.005171612640894308,0.4570791254950902,3.954035473010178e-15,0.41861946890819474,3.621330917483827e-15,300000000000000.0,50,52000000000000.0
628000.0,2488746600000.0,1.7127068e+30,0.6466669699952802,5.576145706346879e-15,0.005170199055893614,0.45720404927988934,3.9433299807459754e-15,0.41873388122625255,3.611526218708569e-15,300000000000000.0,50,52000000000000.0
629000.0,2485673900000.0,1.7075279e+30,0.6468436209919792,5.561007650463156e-15,0.0051687854708929205,0.45732897306468845,3.932624488481772e-15,0.4188482935443104,3.601721519933311e-15,300000000000000.0,50,52000000000000.0
630000.0,2482606600000.0,1.702375e+30,0.6470202719886783,5.545869594579432e-15,0.005167371885892226,0.4574538968494875,3.9219189962175696e-15,0.4189627058623683,3.591916821158052e-15,300000000000000.0,50,52000000000000.0
631000.0,2479544600000.0,1.6972489e+30,0.6471969229853773,5.530731538695708e-15,0.005165958300891532,0.4575788206342866,3.911213503953367e-15,0.4190771181804261,3.5821121223827936e-15,300000000000000.0,50,52000000000000.0
632000.0,2476487900000.0,1.6921497e+30,0.6473735739820764,5.515593482811985e-15,0.005164544715890839,0.45770374441908573,3.9005080116891645e-15,0.41919153049848396,3.572307423607535e-15,300000000000000.0,50,52000000000000.0
633000.0,2473436300000.0,1.6870773e+30,0.6475502249787755,5.500455426928261e-15,0.005163131130890145,0.45782866820388485,3.889802519424962e-15,0.4193059428165418,3.5625027248322764e-15,300000000000000.0,50,52000000000000.0
634000.0,2470389800000.0,1.6820315e+30,0.6477268759754745,5.485317371044537e-15,0.0051617175458894505,0.45795359198868396,3.8790970271607594e-15,0.41942035513459963,3.552698026057018e-15,300000000000000.0,50,52000000000000.0
635000.0,2467348300000.0,1.677012e+30,0.6479035269721736,5.470179315160814e-15,0.005160303960888756,0.4580785157734831,3.868391534896556e-15,0.4195347674526575,3.5428933272817593e-15,300000000000000.0,50,52000000000000.0
636000.0,2464311800000.0,1.6720187e+30,0.6480801779688726,5.45504125927709e-15,0.005158890375888063,0.4582034395582822,3.8576860426323536e-15,0.41964917977071536,3.533088628506501e-15,300000000000000.0,50,52000000000000.0
637000.0,2461280200000.0,1.667051e+30,0.6482544357812293,5.440156313127894e-15,0.00515749969747026,0.45832667090538254,3.847159552213885e-15,0.41976204205805784,3.523447869780418e-15,300000000000000.0,50,52000000000000.0
638000.0,2458253300000.0,1.6621085e+30,0.6484262234902252,5.425532611879411e-15,0.005156132661872771,0.45844815541837,3.836817816915578e-15,0.41987330449535476,3.513976320278744e-15,300000000000000.0,50,52000000000000.0
639000.0,2455231300000.0,1.6571906e+30,0.6485980111992211,5.410908910630929e-15,0.005154765626275282,0.45856963993135735,3.826476081617271e-15,0.4199845669326516,3.50450477077707e-15,300000000000000.0,50,52000000000000.0
640000.0,2452214000000.0,1.6522968e+30,0.6487697989082171,5.3962852093824466e-15,0.005153398590677793,0.4586911244443448,3.8161343463189636e-15,0.4200958293699485,3.4950332212753965e-15,300000000000000.0,50,52000000000000.0
641000.0,2449201300000.0,1.6474267e+30,0.6489415866172129,5.381661508133964e-15,0.005152031555080304,0.4588126089573322,3.805792611020656e-15,0.42020709180724536,3.485561671773723e-15,300000000000000.0,50,52000000000000.0
642000.0,2446193300000.0,1.6425796e+30,0.6491133743262089,5.367037806885482e-15,0.005150664519482815,0.45893409347031966,3.795450875722349e-15,0.4203183542445422,3.4760901222720492e-15,300000000000000.0,50,52000000000000.0
643000.0,2443189800000.0,1.6377551e+30,0.6492851620352048,5.352414105636999e-15,0.0051492974838853265,0.4590555779833071,3.785109140424042e-15,0.42042961668183915,3.4666185727703755e-15,300000000000000.0,50,52000000000000.0
644000.0,2440190900000.0,1.6329526e+30,0.6494569497442007,5.337790404388516e-15,0.005147930448287838,0.45917706249629453,3.774767405125734e-15,0.420540879119136,3.4571470232687015e-15,300000000000000.0,50,52000000000000.0
645000.0,2437196500000.0,1.6281717e+30,0.6496287374531966,5.323166703140034e-15,0.005146563412690349,0.45929854700928197,3.7644256698274275e-15,0.4206521415564329,3.447675473767028e-15,300000000000000.0,50,52000000000000.0
646000.0,2434206500000.0,1.623412e+30,0.6498005251621926,5.3085430018915515e-15,0.00514519637709286,0.4594200315222694,3.75408393452912e-15,0.42076340399372975,3.438203924265354e-15,300000000000000.0,50,52000000000000.0
647000.0,2431220900000.0,1.6186728e+30,0.6499716481048975,5.2939884969337846e-15,0.0051438356441553335,0.459541045919183,3.743791135498718e-15,0.42087423587198247,3.4287771933754362e-15,300000000000000.0,50,52000000000000.0
648000.0,2428239700000.0,1.6139536e+30,0.6501386613548586,5.27986177463846e-15,0.005142513875281218,0.4596591539824816,3.733800868392472e-15,0.42098240596457653,3.4196275383932828e-15,300000000000000.0,50,52000000000000.0
649000.0,2425262900000.0,1.6092542e+30,0.6503056746048198,5.265735052343135e-15,0.005141192106407101,0.4597772620457802,3.723810601286226e-15,0.4210905760571706,3.410477883411129e-15,300000000000000.0,50,52000000000000.0
650000.0,2422290400000.0,1.6045744e+30,0.650472687854781,5.251608330047811e-15,0.0051398703375329854,0.4598953701090788,3.71382033417998e-15,0.42119874614976466,3.4013282284289755e-15,300000000000000.0,50,52000000000000.0
651000.0,2419322100000.0,1.5999137e+30,0.6506397011047421,5.237481607752486e-15,0.005138548568658869,0.4600134781723774,3.703830067073733e-15,0.4213069162423587,3.392178573446822e-15,300000000000000.0,50,52000000000000.0
652000.0,2416358100000.0,1.5952718e+30,0.6508067143547034,5.223354885457162e-15,0.005137226799784753,0.460131586235676,3.693839799967487e-15,0.4214150863349528,3.3830289184646687e-15,300000000000000.0,50,52000000000000.0
653000.0,2413399400000.0,1.5899408e+30,0.6509737276046645,5.209228163161837e-15,0.0051359050309106365,0.4602496942989746,3.683849532861241e-15,0.4215232564275469,3.373879263482515e-15,300000000000000.0,50,52000000000000.0
654000.0,2410447300000.0,1.5854447e+30,0.6511407408546257,5.1951014408665125e-15,0.00513458326203652,0.4603678023622732,3.673859265754995e-15,0.42163142652014096,3.3647296085003614e-15,300000000000000.0,50,52000000000000.0
655000.0,2407501700000.0,1.580717e+30,0.6513077541045869,5.1809747185711885e-15,0.005133261493162404,0.46048591042557185,3.663868998648749e-15,0.421739596612735,3.355579953518208e-15,300000000000000.0,50,52000000000000.0
656000.0,2404562300000.0,1.5759646e+30,0.651474767354548,5.166847996275864e-15,0.005131939724288288,0.46060401848887045,3.653878731542503e-15,0.4218477667053291,3.3464302985360546e-15,300000000000000.0,50,52000000000000.0
657000.0,2401628900000.0,1.5712152e+30,0.6516417806045093,5.152721273980539e-15,0.005130617955414172,0.46072212655216904,3.643888464436257e-15,0.42195593679792315,3.3372806435539008e-15,300000000000000.0,50,52000000000000.0
658000.0,2398701200000.0,1.566477e+30,0.6518058972201166,5.1389180295684385e-15,0.0051293233918966365,0.46083818614659433,3.6341269627705855e-15,0.42206223078618155,3.3283405049523065e-15,300000000000000.0,50,52000000000000.0
659000.0,2395779200000.0,1.5617552e+30,0.6519682232507038,5.1253147464152555e-15,0.005128045645656675,0.4609529794584204,3.624506874870325e-15,0.4221673650407942,3.319529881107031e-15,300000000000000.0,50,52000000000000.0
660000.0,2392862600000.0,1.557053e+30,0.6521305492812911,5.111711463262072e-15,0.005126767899416714,0.46106777277024646,3.6148867869700646e-15,0.4222724992954069,3.3107192572617557e-15,300000000000000.0,50,52000000000000.0
661000.0,2389951400000.0,1.5523719e+30,0.6522928753118784,5.098108180108888e-15,0.0051254901531767524,0.46118256608207253,3.6052666990698045e-15,0.42237763355001956,3.3019086334164804e-15,300000000000000.0,50,52000000000000.0
662000.0,2387045400000.0,1.5477138e+30,0.6524552013424657,5.084504896955705e-15,0.00512421240693679,0.4612973593938986,3.595646611169544e-15,0.42248276780463223,3.2930980095712046e-15,300000000000000.0,50,52000000000000.0
663000.0,2384144500000.0,1.543079e+30,0.652617527373053,5.070901613802521e-15,0.005122934660696829,0.4614121527057246,3.5860265232692836e-15,0.4225879020592449,3.284287385725929e-15,300000000000000.0,50,52000000000000.0
664000.0,2381248600000.0,1.538468e+30,0.6527798534036403,5.057298330649337e-15,0.0051216569144568675,0.4615269460175507,3.5764064353690235e-15,0.4226930363138576,3.2754767618806538e-15,300000000000000.0,50,52000000000000.0
665000.0,2378357700000.0,1.5338808e+30,0.6529421794342275,5.043695047496154e-15,0.005120379168216906,0.46164173932937674,3.5667863474687635e-15,0.42279817056847024,3.2666661380353784e-15,300000000000000.0,50,52000000000000.0
666000.0,2375471700000.0,1.5293174e+30,0.6531045054648148,5.0300917643429705e-15,0.005119101421976945,0.4617565326412028,3.557166259568503e-15,0.4229033048230829,3.257855514190103e-15,300000000000000.0,50,52000000000000.0
667000.0,2372590400000.0,1.5247775e+30,0.6532668314954021,5.016488481189787e-15,0.005117823675736983,0.4618713259530289,3.5475461716682425e-15,0.4230084390776956,3.2490448903448276e-15,300000000000000.0,50,52000000000000.0
668000.0,2369713800000.0,1.5202611e+30,0.6534291575259894,5.002885198036604e-15,0.005116545929497022,0.46198611926485494,3.537926083767982e-15,0.42311357333230826,3.2402342664995522e-15,300000000000000.0,50,52000000000000.0
669000.0,2366842000000.0,1.515768e+30,0.653587237831012,4.9897247655278995e-15,0.0051153077083309385,0.4620979100476097,3.5286191826750217e-15,0.423215957699965,3.2317104769150878e-15,300000000000000.0,50,52000000000000.0
670000.0,2363974700000.0,1.5112977e+30,0.6537449769051444,4.9765999251264414e-15,0.005114072663812978,0.46220945951574055,3.5193374525478765e-15,0.42331812105795935,3.2232097403303195e-15,300000000000000.0,50,52000000000000.0
671000.0,2361112000000.0,1.5068499e+30,0.653902715979277,4.9634750847249834e-15,0.005112837619295018,0.46232100898387146,3.510055722420731e-15,0.4234202844159537,3.2147090037455513e-15,300000000000000.0,50,52000000000000.0
672000.0,2358253800000.0,1.5024242e+30,0.6540604550534094,4.950350244323525e-15,0.005111602574777057,0.4624325584520023,3.500773992293586e-15,0.423522447773948,3.206208267160783e-15,300000000000000.0,50,52000000000000.0
673000.0,2355400100000.0,1.4980201e+30,0.6542181941275418,4.937225403922067e-15,0.005110367530259097,0.46254410792013323,3.4914922621664407e-15,0.42362461113194233,3.197707530576015e-15,300000000000000.0,50,52000000000000.0
674000.0,2352550800000.0,1.4936372e+30,0.6543759332016743,4.924100563520609e-15,0.005109132485741136,0.4626556573882641,3.482210532039295e-15,0.4237267744899367,3.1892067939912467e-15,300000000000000.0,50,52000000000000.0
675000.0,2349705800000.0,1.4892749e+30,0.6545336722758067,4.910975723119151e-15,0.005107897441223176,0.46276720685639494,3.47292880191215e-15,0.42382893784793096,3.180706057406479e-15,300000000000000.0,50,52000000000000.0
676000.0,2346865200000.0,1.4849329e+30,0.6546914113499391,4.897850882717693e-15,0.005106662396705215,0.46287875632452585,3.4636470717850048e-15,0.4239311012059253,3.1722053208217106e-15,300000000000000.0,50,52000000000000.0
677000.0,2344028800000.0,1.4806106e+30,0.6548491504240717,4.884726042316235e-15,0.005105427352187255,0.4629903057926567,3.4543653416578596e-15,0.4240332645639196,3.1637045842369424e-15,300000000000000.0,50,52000000000000.0
678000.0,2341196600000.0,1.4763077e+30,0.6550068894982041,4.871601201914777e-15,0.005104192307669295,0.4631018552607876,3.445083611530714e-15,0.42413542792191394,3.1552038476521742e-15,300000000000000.0,50,52000000000000.0
679000.0,2338368600000.0,1.4720236e+30,0.6551643617797457,4.858503429776472e-15,0.005102959724431287,0.4632132160563897,3.4358210242358455e-15,0.4242374184828709,3.146720643160211e-15,300000000000000.0,50,52000000000000.0
680000.0,2335544800000.0,1.4677578e+30,0.6553176032425996,4.845834908365249e-15,0.005101766172371722,0.46332158486762665,3.4268620055381446e-15,0.42433666881430104,3.138515464027361e-15,300000000000000.0,50,52000000000000.0
681000.0,2332725000000.0,1.4635101e+30,0.6554708447054534,4.833166386954026e-15,0.005100572620312156,0.4634299536788636,3.4179029868404437e-15,0.42443591914573114,3.1303102848945113e-15,300000000000000.0,50,52000000000000.0
682000.0,2329909400000.0,1.45928e+30,0.6556240861683071,4.820497865542803e-15,0.005099379068252591,0.4635383224901005,3.4089439681427428e-15,0.42453516947716124,3.1221051057616612e-15,300000000000000.0,50,52000000000000.0
683000.0,2327097700000.0,1.4550671e+30,0.655777327631161,4.80782934413158e-15,0.005098185516193026,0.4636466913013374,3.399984949445042e-15,0.4246344198085914,3.1138999266288116e-15,300000000000000.0,50,52000000000000.0
684000.0,2324290100000.0,1.450871e+30,0.6559305690940148,4.795160822720357e-15,0.00509699196413346,0.46375506011257434,3.391025930747341e-15,0.4247336701400215,3.105694747495962e-15,300000000000000.0,50,52000000000000.0
685000.0,2321486400000.0,1.4446623e+30,0.6560838105568686,4.782492301309134e-15,0.005095798412073895,0.46386342892381127,3.38206691204964e-15,0.42483292047145166,3.097489568363112e-15,300000000000000.0,50,52000000000000.0
686000.0,2318688300000.0,1.441963e+30,0.6562370520197225,4.769823779897911e-15,0.00509460486001433,0.46397179773504815,3.373107893351939e-15,0.42493217080288176,3.0892843892302622e-15,300000000000000.0,50,52000000000000.0
687000.0,2315896500000.0,1.4377927e+30,0.6563902934825763,4.757155258486688e-15,0.005093411307954764,0.4640801665462851,3.364148874654238e-15,0.4250314211343119,3.0810792100974126e-15,300000000000000.0,50,52000000000000.0
688000.0,2313110700000.0,1.4335175e+30,0.6565435349454302,4.744486737075465e-15,0.005092217755895199,0.464188535357522,3.3551898559565373e-15,0.425130671465742,3.0728740309645626e-15,300000000000000.0,50,52000000000000.0
689000.0,2310330800000.0,1.4292303e+30,0.6566967764082839,4.731818215664242e-15,0.005091024203835634,0.46429690416875896,3.346230837258836e-15,0.4252299217971722,3.064668851831713e-15,300000000000000.0,50,52000000000000.0
690000.0,2307556500000.0,1.4249484e+30,0.6568499460115419,4.7191575502093254e-15,0.0050898313087482765,0.4644052221617952,3.3372773743119742e-15,0.4253291255864023,3.056468760971084e-15,300000000000000.0,50,52000000000000.0
691000.0,2304787600000.0,1.4206774e+30,0.6569987756235347,4.706971348621157e-15,0.005088678091780527,0.4645104709676998,3.3286594533313943e-15,0.42542551843940646,3.04857597850413e-15,300000000000000.0,50,52000000000000.0
692000.0,2302023900000.0,1.4164217e+30,0.6571476052355276,4.694785147032989e-15,0.005087524874812777,0.4646157197736045,3.320041532350814e-15,0.4255219112924106,3.0406831960371755e-15,300000000000000.0,50,52000000000000.0
693000.0,2299265400000.0,1.4121846e+30,0.6572964348475204,4.6825989454448215e-15,0.005086371657845028,0.4647209685795092,3.311423611370234e-15,0.42561830414541474,3.0327904135702212e-15,300000000000000.0,50,52000000000000.0
694000.0,2296512000000.0,1.4079667e+30,0.6574452644595133,4.670412743856654e-15,0.005085218440877279,0.46482621738541385,3.3028056903896536e-15,0.4257146969984189,3.024897631103267e-15,300000000000000.0,50,52000000000000.0
695000.0,2293763400000.0,1.4037691e+30,0.6575940940715062,4.658226542268486e-15,0.005084065223909529,0.4649314661913185,3.2941877694090738e-15,0.4258110898514231,3.0170048486363126e-15,300000000000000.0,50,52000000000000.0
696000.0,2291019600000.0,1.3995927e+30,0.657742923683499,4.6460403406803176e-15,0.00508291200694178,0.46503671499722316,3.2855698484284935e-15,0.42590748270442724,3.0091120661693582e-15,300000000000000.0,50,52000000000000.0
697000.0,2288280600000.0,1.3954379e+30,0.6578917532954919,4.63385413909215e-15,0.00508175878997403,0.46514196380312783,3.2769519274479133e-15,0.42600387555743136,3.001219283702404e-15,300000000000000.0,50,52000000000000.0
698000.0,2285546200000.0,1.391306e+30,0.6580405829074847,4.621667937503982e-15,0.0050806055730062815,0.4652472126090325,3.2683340064673334e-15,0.4261002684104355,2.9933265012354496e-15,300000000000000.0,50,52000000000000.0
699000.0,2282816400000.0,1.3871947e+30,0.6581894125194776,4.6094817359158145e-15,0.005079452356038532,0.46535246141493714,3.259716085486753e-15,0.4261966612634397,2.9854337187684952e-15,300000000000000.0,50,52000000000000.0
700000.0,2280091000000.0,1.3831044e+30,0.6583382421314704,4.597295534327647e-15,0.005078299139070782,0.4654577102208418,3.251098164506173e-15,0.4262930541164438,2.977540936301541e-15,300000000000000.0,50,52000000000000.0
701000.0,2277370100000.0,1.3790351e+30,0.6584870717434633,4.585109332739478e-15,0.005077145922103033,0.4655629590267465,3.2424802435255927e-15,0.42638944696944797,2.9696481538345866e-15,300000000000000.0,50,52000000000000.0
702000.0,2274653500000.0,1.3749867e+30,0.6586324784539039,4.573270438012224e-15,0.005076023735724502,0.4656657872018346,3.2341079390125994e-15,0.42648362287099584,2.9619803208802015e-15,300000000000000.0,50,52000000000000.0
703000.0,2271941300000.0,1.3709587e+30,0.6587769951572593,4.561521848414195e-15,0.005074909617776758,0.4657679859756545,3.225799498561454e-15,0.42657722233104406,2.9543709782612754e-15,300000000000000.0,50,52000000000000.0
704000.0,2269233300000.0,1.3669701e+30,0.6589215118606145,4.549773258816167e-15,0.005073795499829015,0.46587018474947445,3.217491058110308e-15,0.4266708217910922,2.946761635642349e-15,300000000000000.0,50,52000000000000.0
705000.0,2266529400000.0,1.3632612e+30,0.6590660285639699,4.538024669218137e-15,0.005072681381881271,0.46597238352329434,3.2091826176591627e-15,0.42676442125114045,2.9391522930234223e-15,300000000000000.0,50,52000000000000.0
706000.0,2263829700000.0,1.3596507e+30,0.6592105452673251,4.526276079620109e-15,0.005071567263933528,0.4660745822971143,3.200874177208017e-15,0.4268580207111886,2.931542950404496e-15,300000000000000.0,50,52000000000000.0
707000.0,2261134100000.0,1.3560902e+30,0.6593550619706805,4.51452749002208e-15,0.005070453145985784,0.4661767810709342,3.192565736756871e-15,0.42695162017123683,2.9239336077855695e-15,300000000000000.0,50,52000000000000.0
708000.0,2258442500000.0,1.3525735e+30,0.6594995786740357,4.502778900424052e-15,0.005069339028038041,0.46627897984475414,3.1842572963057256e-15,0.42704521963128506,2.9163242651666434e-15,300000000000000.0,50,52000000000000.0
709000.0,2255754900000.0,1.3490969e+30,0.659644095377391,4.491030310826023e-15,0.005068224910090296,0.46638117861857403,3.1759488558545798e-15,0.4271388190913332,2.908714922547717e-15,300000000000000.0,50,52000000000000.0
710000.0,2253071200000.0,1.3456576e+30,0.6597886120807464,4.479281721227994e-15,0.005067110792142553,0.466483377392394,3.167640415403434e-15,0.42723241855138144,2.9011055799287906e-15,300000000000000.0,50,52000000000000.0
711000.0,2250391400000.0,1.3422525e+30,0.6599331287841016,4.467533131629965e-15,0.005065996674194809,0.4665855761662139,3.1593319749522886e-15,0.4273260180114296,2.893496237309864e-15,300000000000000.0,50,52000000000000.0
712000.0,2247715500000.0,1.3388791e+30,0.660077645487457,4.455784542031937e-15,0.0050648825562470655,0.46668777494003383,3.1510235345011427e-15,0.42741961747147783,2.885886894690938e-15,300000000000000.0,50,52000000000000.0
713000.0,2245043500000.0,1.3355348e+30,0.6602205207033122,4.444198302008552e-15,0.005063783190723239,0.4667888128765437,3.1428299080599156e-15,0.4275121537706514,2.8783827052644723e-15,300000000000000.0,50,52000000000000.0
714000.0,2242375200000.0,1.3322177e+30,0.6603608117457904,4.432867646903438e-15,0.005062707049757096,0.4668880233212991,3.1348170318880112e-15,0.4276030163488691,2.8710440572024356e-15,300000000000000.0,50,52000000000000.0
715000.0,2239710700000.0,1.3289255e+30,0.6605011027882688,4.421536991798324e-15,0.005061630908790952,0.46698723376605444,3.126804155716107e-15,0.4276938789270868,2.8637054091403994e-15,300000000000000.0,50,52000000000000.0
716000.0,2237049900000.0,1.3256566e+30,0.660641393830747,4.41020633669321e-15,0.005060554767824808,0.4670864442108098,3.1187912795442026e-15,0.42778474150530454,2.8563667610783627e-15,300000000000000.0,50,52000000000000.0
717000.0,2234392800000.0,1.3224092e+30,0.6607816848732253,4.398875681588096e-15,0.005059478626858665,0.46718565465556516,3.1107784033722983e-15,0.42787560408352227,2.8490281130163264e-15,300000000000000.0,50,52000000000000.0
718000.0,2231739400000.0,1.319182e+30,0.6609219759157036,4.387545026482982e-15,0.005058402485892522,0.4672848651003206,3.102765527200394e-15,0.42796646666174004,2.8416894649542898e-15,300000000000000.0,50,52000000000000.0
719000.0,2229090500000.0,1.315422e+30,0.6610622669581819,4.376214371377868e-15,0.005057326344926377,0.46738407554507594,3.0947526510284896e-15,0.42805732923995776,2.834350816892253e-15,300000000000000.0,50,52000000000000.0
720000.0,2226447600000.0,1.3123428e+30,0.6612025580006602,4.364883716272754e-15,0.005056250203960234,0.4674832859898313,3.0867397748565853e-15,0.4281481918181755,2.827012168830217e-15,300000000000000.0,50,52000000000000.0
721000.0,2223810400000.0,1.3090871e+30,0.6613428490431384,4.35355306116764e-15,0.005055174062994091,0.46758249643458666,3.0787268986846813e-15,0.4282390543963932,2.8196735207681802e-15,300000000000000.0,50,52000000000000.0
722000.0,2221178800000.0,1.3058239e+30,0.6614831400856168,4.342222406062526e-15,0.005054097922027947,0.467681706879342,3.070714022512777e-15,0.4283299169746109,2.812334872706144e-15,300000000000000.0,50,52000000000000.0
723000.0,2218552600000.0,1.3025696e+30,0.6616234311280951,4.330891750957412e-15,0.005053021781061803,0.46778091732409743,3.0627011463408727e-15,0.42842077955282865,2.8049962246441073e-15,300000000000000.0,50,52000000000000.0
724000.0,2215931600000.0,1.299329e+30,0.6617637221705733,4.319561095852298e-15,0.00505194564009566,0.4678801277688528,3.0546882701689683e-15,0.42851164213104637,2.797657576582071e-15,300000000000000.0,50,52000000000000.0
725000.0,2213315600000.0,1.2961048e+30,0.6619007091619835,4.308582718136044e-15,0.005050898937787679,0.46797700163625855,3.046924524300384e-15,0.42860036473873786,2.7905470962091858e-15,300000000000000.0,50,52000000000000.0
726000.0,2210704500000.0,1.2928992e+30,0.6620368585779263,4.297693642580233e-15,0.0050498596981663705,0.46807328318235175,3.0392239328522136e-15,0.42868854486485847,2.7834944562434035e-15,300000000000000.0,50,52000000000000.0
727000.0,2208098100000.0,1.2897129e+30,0.6621730079938691,4.286804567024422e-15,0.005048820458545062,0.46816956472844495,3.0315233414040432e-15,0.42877672499097913,2.7764418162776213e-15,300000000000000.0,50,52000000000000.0
728000.0,2205496400000.0,1.2865458e+30,0.662309157409812,4.275915491468612e-15,0.005047781218923753,0.4682658462745381,3.0238227499558733e-15,0.42886490511709974,2.769389176311839e-15,300000000000000.0,50,52000000000000.0
729000.0,2202899300000.0,1.2833978e+30,0.6624453068257548,4.265026415912802e-15,0.005046741979302444,0.4683621278206313,3.016122158507703e-15,0.4289530852432204,2.7623365363460567e-15,300000000000000.0,50,52000000000000.0
730000.0,2200306600000.0,1.2802689e+30,0.6625814562416976,4.254137340356991e-15,0.005045702739681136,0.4684584093667245,3.008421567059533e-15,0.429041265369341,2.7552838963802744e-15,300000000000000.0,50,52000000000000.0
731000.0,2197718300000.0,1.2771587e+30,0.6627176056576405,4.24324826480118e-15,0.0050446635000598265,0.4685546909128177,3.0007209756113627e-15,0.4291294454954616,2.748231256414492e-15,300000000000000.0,50,52000000000000.0
732000.0,2195134300000.0,1.2740667e+30,0.6628537550735832,4.23235918924537e-15,0.005043624260438518,0.4686509724589109,2.9930203841631927e-15,0.4292176256215823,2.74117861644871e-15,300000000000000.0,50,52000000000000.0
733000.0,2192554500000.0,1.2709922e+30,0.6629899044895261,4.2214701136895596e-15,0.0050425850208172095,0.46874725400500405,2.9853197927150224e-15,0.4293058057477029,2.7341259764829276e-15,300000000000000.0,50,52000000000000.0
734000.0,2189979000000.0,1.2679346e+30,0.6631260539054689,4.210581038133749e-15,0.0050415457811959,0.46884353555109726,2.9776192012668524e-15,0.42939398587382355,2.7270733365171453e-15,300000000000000.0,50,52000000000000.0
735000.0,2187407500000.0,1.2648933e+30,0.6632622033214117,4.199691962577938e-15,0.005040506541574592,0.46893981709719046,2.969918609818682e-15,0.42948216599994415,2.720020696551363e-15,300000000000000.0,50,52000000000000.0
736000.0,2184840000000.0,1.2618679e+30,0.6633982776933933,4.188810265860744e-15,0.0050394679652142164,0.4690360455733161,2.9622232366852416e-15,0.4295702975215678,2.712972835814727e-15,300000000000000.0,50,52000000000000.0
737000.0,2182276600000.0,1.2588575e+30,0.6635303821521186,4.178318918330077e-15,0.005038464476132362,0.46912946658613464,2.954803918499692e-15,0.42965585780849397,2.7061778018854585e-15,300000000000000.0,50,52000000000000.0
738000.0,2179717100000.0,1.2558603e+30,0.6636624866108439,4.16782757079941e-15,0.005037460987050508,0.4692228875989532,2.947384600314143e-15,0.42974141809542016,2.69938276795619e-15,300000000000000.0,50,52000000000000.0
739000.0,2177161500000.0,1.2528751e+30,0.6637945910695692,4.157336223268743e-15,0.0050364574979686536,0.4693163086117717,2.9399652821285936e-15,0.4298269783823464,2.6925877340269218e-15,300000000000000.0,50,52000000000000.0
740000.0,2174609700000.0,1.2499026e+30,0.6639266955282944,4.1468448757380765e-15,0.005035454008886799,0.46940972962459027,2.9325459639430446e-15,0.4299125386692726,2.6857927000976532e-15,300000000000000.0,50,52000000000000.0
741000.0,2172061800000.0,1.2469425e+30,0.6640587999870198,4.1363535282074094e-15,0.005034450519804946,0.46950315063740883,2.925126645757495e-15,0.4299980989561988,2.6789976661683846e-15,300000000000000.0,50,52000000000000.0
742000.0,2169517500000.0,1.2439943e+30,0.664190904445745,4.1258621806767424e-15,0.0050334470307230915,0.46959657165022733,2.917707327571946e-15,0.43008365924312497,2.6722026322391164e-15,300000000000000.0,50,52000000000000.0
743000.0,2166977100000.0,1.2410577e+30,0.6643230089044704,4.1153708331460754e-15,0.005032443541641237,0.4696899926630459,2.9102880093863965e-15,0.4301692195300512,2.665407598309848e-15,300000000000000.0,50,52000000000000.0
744000.0,2164440200000.0,1.2381323e+30,0.6644551133631956,4.104879485615408e-15,0.005031440052559383,0.46978341367586446,2.9028686912008475e-15,0.4302547798169774,2.6586125643805793e-15,300000000000000.0,50,52000000000000.0
745000.0,2161907100000.0,1.2352175e+30,0.664587217821921,4.094388138084741e-15,0.005030436563477529,0.46987683468868296,2.895449373015298e-15,0.4303403401039036,2.651817530451311e-15,300000000000000.0,50,52000000000000.0
746000.0,2159377500000.0,1.2323131e+30,0.6647193222806462,4.083896790554074e-15,0.005029433074395675,0.4699702557015015,2.888030054829749e-15,0.4304259003908298,2.6450224965220425e-15,300000000000000.0,50,52000000000000.0
747000.0,2156851500000.0,1.2294188e+30,0.6648514267393716,4.073405443023407e-15,0.005028429585313821,0.4700636767143201,2.8806107366442e-15,0.43051146067775603,2.638227462592774e-15,300000000000000.0,50,52000000000000.0
748000.0,2154329000000.0,1.2265343e+30,0.6649833420855388,4.06293268107613e-15,0.005027427753813809,0.47015696398967194,2.873204562160931e-15,0.4305968984802974,2.6314444664130148e-15,300000000000000.0,50,52000000000000.0
749000.0,2151810100000.0,1.2236594e+30,0.6651114859422701,4.0528305731570394e-15,0.005026458979623543,0.4702475841262147,2.8660605137618076e-15,0.430679893565294,2.624901540197824e-15,300000000000000.0,50,52000000000000.0
750000.0,2149294600000.0,1.2207936e+30,0.6652396297990015,4.0427284652379485e-15,0.005025490205433277,0.47033820426275746,2.8589164653626845e-15,0.43076288865029067,2.6183586139826338e-15,300000000000000.0,50,52000000000000.0
751000.0,2146782500000.0,1.2179367e+30,0.6653677736557329,4.032626357318857e-15,0.005024521431243011,0.4704288243993002,2.8517724169635613e-15,0.4308458837352873,2.611815687767443e-15,300000000000000.0,50,52000000000000.0
752000.0,2144274000000.0,1.2141503e+30,0.6654959175124642,4.022524249399766e-15,0.005023552657052744,0.47051944453584305,2.8446283685644378e-15,0.43092887882028397,2.6052727615522524e-15,300000000000000.0,50,52000000000000.0
753000.0,2141770900000.0,1.2118409e+30,0.6656240613691955,4.012422141480675e-15,0.005022583882862478,0.4706100646723858,2.8374843201653146e-15,0.4310118739052806,2.598729835337062e-15,300000000000000.0,50,52000000000000.0
754000.0,2139273300000.0,1.2089618e+30,0.6657522052259268,4.002320033561583e-15,0.005021615108672212,0.47070068480892857,2.8303402717661914e-15,0.43109486899027727,2.5921869091218714e-15,300000000000000.0,50,52000000000000.0
755000.0,2136781100000.0,1.2060489e+30,0.6658803490826581,3.992217925642492e-15,0.005020646334481946,0.47079130494547133,2.823196223367068e-15,0.4311778640752739,2.5856439829066807e-15,300000000000000.0,50,52000000000000.0
756000.0,2134294100000.0,1.2031357e+30,0.6660084929393895,3.982115817723401e-15,0.0050196775602916795,0.47088192508201415,2.8160521749679447e-15,0.43126085916027057,2.5791010566914904e-15,300000000000000.0,50,52000000000000.0
757000.0,2131812100000.0,1.200227e+30,0.6661366367961208,3.97201370980431e-15,0.005018708786101413,0.4709725452185569,2.8089081265688216e-15,0.4313438542452672,2.5725581304762997e-15,300000000000000.0,50,52000000000000.0
758000.0,2129334900000.0,1.1973269e+30,0.6662647806528521,3.9619116018852184e-15,0.005017740011911147,0.4710631653550997,2.8017640781696984e-15,0.4314268493302639,2.566015204261109e-15,300000000000000.0,50,52000000000000.0
759000.0,2126862400000.0,1.1944383e+30,0.6663929245095834,3.9518094939661275e-15,0.005016771237720881,0.47115378549164244,2.794620029770575e-15,0.43150984441526047,2.5594722780459187e-15,300000000000000.0,50,52000000000000.0
760000.0,2124394500000.0,1.191563e+30,0.6665210683663149,3.9417073860470365e-15,0.0050158024635306156,0.4712444056281852,2.7874759813714517e-15,0.4315928395002571,2.552929351830728e-15,300000000000000.0,50,52000000000000.0
761000.0,2121931000000.0,1.1887018e+30,0.6666457929419947,3.931959775709112e-15,0.005014863416119145,0.4713326077041096,2.780582632390675e-15,0.43167361998768583,2.546616030394098e-15,300000000000000.0,50,52000000000000.0
762000.0,2119471900000.0,1.1858547e+30,0.6667700611095594,3.922259483965485e-15,0.005013928336659672,0.47142048701554856,2.773722746950124e-15,0.43175410486902466,2.540333356769871e-15,300000000000000.0,50,52000000000000.0
763000.0,2117017000000.0,1.1830217e+30,0.6668943292771241,3.912559192221857e-15,0.0050129932572002,0.47150836632698745,2.766862861509573e-15,0.4318345897503635,2.534050683145645e-15,300000000000000.0,50,52000000000000.0
764000.0,2114566400000.0,1.1802031e+30,0.6670185974446887,3.902858900478229e-15,0.005012058177740727,0.4715962456384264,2.7600029760690214e-15,0.43191507463170226,2.5277680095214186e-15,300000000000000.0,50,52000000000000.0
765000.0,2112119800000.0,1.1773987e+30,0.6671428656122534,3.8931586087346014e-15,0.005011123098281255,0.4716841249498653,2.7531430906284703e-15,0.4319955595130411,2.521485335897192e-15,300000000000000.0,50,52000000000000.0
766000.0,2109677200000.0,1.1746134e+30,0.6672671337798182,3.8834583169909734e-15,0.005010188018821782,0.4717720042613042,2.7462832051879192e-15,0.4320760443943799,2.5152026622729657e-15,300000000000000.0,50,52000000000000.0
767000.0,2107238600000.0,1.1718374e+30,0.6673914019473828,3.873758025247345e-15,0.00500925293936231,0.4718598835727431,2.7394233197473677e-15,0.4321565292757187,2.5089199886487394e-15,300000000000000.0,50,52000000000000.0
768000.0,2104804000000.0,1.1690742e+30,0.6675156701149475,3.864057733503718e-15,0.005008317859902837,0.47194776288418205,2.7325634343068166e-15,0.4322370141570575,2.5026373150245127e-15,300000000000000.0,50,52000000000000.0
769000.0,2102373100000.0,1.1663242e+30,0.6676399382825122,3.85435744176009e-15,0.005007382780443365,0.47203564219562094,2.7257035488662655e-15,0.43231749903839634,2.4963546414002865e-15,300000000000000.0,50,52000000000000.0
770000.0,2099946100000.0,1.1635882e+30,0.667764206450077,3.844657150016462e-15,0.005006447700983893,0.4721235215070599,2.718843663425714e-15,0.4323979839197351,2.49007196777606e-15,300000000000000.0,50,52000000000000.0
771000.0,2097522700000.0,1.1608635e+30,0.6678884746176416,3.834956858272834e-15,0.005005512621524421,0.4722114008184988,2.711983777985163e-15,0.43247846880107393,2.4837892941518335e-15,300000000000000.0,50,52000000000000.0
772000.0,2095103100000.0,1.1581507e+30,0.6680127427852063,3.825256566529207e-15,0.005004577542064948,0.4722992801299377,2.705123892544612e-15,0.43255895368241276,2.4775066205276072e-15,300000000000000.0,50,52000000000000.0
773000.0,2092687100000.0,1.1554494e+30,0.6681350486110957,3.8157418663007634e-15,0.005003659392073433,0.47238577170588963,2.698395256931769e-15,0.43263816759658785,2.4713441529558323e-15,300000000000000.0,50,52000000000000.0
774000.0,2090274700000.0,1.1527586e+30,0.6682555347158375,3.8063992690293546e-15,0.005002756941137416,0.4724709764052262,2.6917883320740575e-15,0.4327162029158959,2.4652931550116417e-15,300000000000000.0,50,52000000000000.0
775000.0,2087865900000.0,1.1500775e+30,0.6683760208205795,3.797056671757946e-15,0.0050018544902013995,0.47255618110456277,2.685181407216346e-15,0.43279423823520397,2.4592421570674507e-15,300000000000000.0,50,52000000000000.0
776000.0,2085460600000.0,1.1474062e+30,0.6684965069253213,3.787714074486537e-15,0.005000952039265382,0.4726413858038993,2.678574482358634e-15,0.432872273554512,2.45319115912326e-15,300000000000000.0,50,52000000000000.0
777000.0,2083058700000.0,1.1447443e+30,0.6686169930300631,3.778371477215128e-15,0.005000049588329365,0.4727265905032359,2.671967557500922e-15,0.4329503088738201,2.447140161179069e-15,300000000000000.0,50,52000000000000.0
778000.0,2080660400000.0,1.1420916e+30,0.6687374791348049,3.769028879943719e-15,0.004999147137393347,0.47281179520257244,2.6653606326432105e-15,0.43302834419312813,2.4410891632348785e-15,300000000000000.0,50,52000000000000.0
779000.0,2078265400000.0,1.139448e+30,0.6688579652395467,3.7596862826723105e-15,0.00499824468645733,0.47289699990190903,2.658753707785499e-15,0.4331063795124362,2.4350381652906875e-15,300000000000000.0,50,52000000000000.0
780000.0,2075873700000.0,1.1368135e+30,0.6689784513442885,3.750343685400902e-15,0.004997342235521313,0.47298220460124557,2.652146782927787e-15,0.4331844148317442,2.428987167346497e-15,300000000000000.0,50,52000000000000.0
781000.0,2073485500000.0,1.1341871e+30,0.6690989374490303,3.741001088129493e-15,0.004996439784585295,0.47306740930058216,2.6455398580700755e-15,0.43326245015105225,2.422936169402306e-15,300000000000000.0,50,52000000000000.0
782000.0,2071100500000.0,1.131569e+30,0.6692194235537721,3.731658490858084e-15,0.004995537333649278,0.4731526139999187,2.6389329332123634e-15,0.4333404854703603,2.4168851714581153e-15,300000000000000.0,50,52000000000000.0
783000.0,2068718800000.0,1.1289589e+30,0.6693399096585139,3.722315893586675e-15,0.0049946348827132605,0.4732378186992553,2.6323260083546518e-15,0.43341852078966836,2.4108341735139247e-15,300000000000000.0,50,52000000000000.0
784000.0,2066340300000.0,1.1263568e+30,0.6694603957632557,3.7129732963152665e-15,0.004993732431777243,0.47332302339859184,2.62571908349694e-15,0.4334965561089764,2.4047831755697337e-15,300000000000000.0,50,52000000000000.0
785000.0,2063965000000.0,1.1237624e+30,0.6695808818679975,3.703630699043858e-15,0.004992829980841226,0.4734082280979284,2.6191121586392284e-15,0.4335745914282845,2.398732177625543e-15,300000000000000.0,50,52000000000000.0
786000.0,2061593000000.0,1.1190958e+30,0.66969783500316,3.694637177145985e-15,0.004991957766731253,0.4734909343416581,2.612752098229644e-15,0.4336503385197004,2.3929072721780905e-15,300000000000000.0,50,52000000000000.0
787000.0,2059225300000.0,1.1181903e+30,0.669814619259943,3.685660341291429e-15,0.004991086997962394,0.4735735211574888,2.606403838110734e-15,0.43372597623224685,2.3870931741077267e-15,300000000000000.0,50,52000000000000.0
788000.0,2056863000000.0,1.1156144e+30,0.6699314035167259,3.6766835054368725e-15,0.004990216229193534,0.4736561079733195,2.600055577991824e-15,0.43380161394479333,2.381279076037363e-15,300000000000000.0,50,52000000000000.0
789000.0,2054505800000.0,1.112972e+30,0.6700481877735088,3.667706669582317e-15,0.004989345460424675,0.47373869478915015,2.5937073178729137e-15,0.43387725165733976,2.375464977966999e-15,300000000000000.0,50,52000000000000.0
790000.0,2052153600000.0,1.1103261e+30,0.6701649720302918,3.658729833727761e-15,0.004988474691655816,0.4738212816049808,2.5873590577540034e-15,0.4339528893698862,2.369650879896635e-15,300000000000000.0,50,52000000000000.0
791000.0,2049806100000.0,1.1076847e+30,0.6702817562870746,3.649752997873205e-15,0.004987603922886956,0.4739038684208115,2.581010797635093e-15,0.43402852708243267,2.3638367818262713e-15,300000000000000.0,50,52000000000000.0
792000.0,2047463300000.0,1.1050513e+30,0.6703985405438576,3.640776162018649e-15,0.004986733154118097,0.4739864552366422,2.574662537516183e-15,0.4341041647949791,2.3580226837559075e-15,300000000000000.0,50,52000000000000.0
793000.0,2045124900000.0,1.1024279e+30,0.6705153248006406,3.631799326164093e-15,0.0049858623853492375,0.47406904205247286,2.5683142773972727e-15,0.4341798025075255,2.3522085856855437e-15,300000000000000.0,50,52000000000000.0
794000.0,2042790800000.0,1.0998164e+30,0.6706321090574234,3.6228224903095375e-15,0.004984991616580378,0.47415162886830353,2.561966017278363e-15,0.434255440220072,2.34639448761518e-15,300000000000000.0,50,52000000000000.0
795000.0,2040461000000.0,1.097217e+30,0.6707488933142064,3.613845654454982e-15,0.004984120847811519,0.4742342156841342,2.5556177571594526e-15,0.43433107793261844,2.340580389544816e-15,300000000000000.0,50,52000000000000.0
796000.0,2038135300000.0,1.0946299e+30,0.6708656775709894,3.604868818600426e-15,0.004983250079042659,0.4743168024999649,2.5492694970405424e-15,0.43440671564516486,2.334766291474452e-15,300000000000000.0,50,52000000000000.0
797000.0,2035813700000.0,1.0920551e+30,0.6709824618277723,3.59589198274587e-15,0.0049823793102738,0.47439938931579556,2.542921236921632e-15,0.43448235335771135,2.3289521934040883e-15,300000000000000.0,50,52000000000000.0
798000.0,2033496000000.0,1.0894928e+30,0.6710985753891539,3.58698177036829e-15,0.004981514238112903,0.47448150182765797,2.536620092531235e-15,0.434557556675678,2.323181246596961e-15,300000000000000.0,50,52000000000000.0
799000.0,2031182200000.0,1.0869432e+30,0.6712117448711838,3.578364007890483e-15,0.004980674171738302,0.474561532338486,2.530525766978685e-15,0.43463085317855366,2.3175997162415326e-15,300000000000000.0,50,52000000000000.0
800000.0,2028872200000.0,1.0844062e+30,0.671324914353214,3.569746245412676e-15,0.004979834105363701,0.474641562849314,2.5244314414261343e-15,0.43470414968142934,2.3120181858861038e-15,300000000000000.0,50,52000000000000.0
801000.0,2026566000000.0,1.0818815e+30,0.671438083835244,3.5611284829348685e-15,0.0049789940389891,0.4747215933601421,2.5183371158735837e-15,0.43477744618430497,2.3064366555306753e-15,300000000000000.0,50,52000000000000.0
802000.0,2024263500000.0,1.079369e+30,0.6715512533172739,3.5525107204570618e-15,0.004978153972614499,0.47480162387097014,2.512242790321033e-15,0.43485074268718066,2.3008551251752464e-15,300000000000000.0,50,52000000000000.0
803000.0,2021964700000.0,1.0768682e+30,0.6716644227993039,3.5438929579792546e-15,0.004977313906239898,0.4748816543817982,2.5061484647684825e-15,0.4349240391900563,2.295273594819818e-15,300000000000000.0,50,52000000000000.0
804000.0,2019669400000.0,1.074379e+30,0.6717775922813339,3.535275195501448e-15,0.0049764738398652975,0.4749616848926262,2.500054139215932e-15,0.434997335692932,2.2896920644643894e-15,300000000000000.0,50,52000000000000.0
805000.0,2017377700000.0,1.0719011e+30,0.6718907617633639,3.526657433023641e-15,0.004975633773490696,0.47504171540345425,2.4939598136633817e-15,0.4350706321958076,2.2841105341089606e-15,300000000000000.0,50,52000000000000.0
806000.0,2015089400000.0,1.0694341e+30,0.672003931245394,3.5180396705458337e-15,0.004974793707116096,0.4751217459142823,2.487865488110831e-15,0.4351439286986833,2.278529003753532e-15,300000000000000.0,50,52000000000000.0
807000.0,2012804600000.0,1.0669779e+30,0.672117100727424,3.5094219080680266e-15,0.004973953640741494,0.47520177642511036,2.4817711625582805e-15,0.4352172252015589,2.2729474733981036e-15,300000000000000.0,50,52000000000000.0
808000.0,2010523200000.0,1.064532e+30,0.672230270209454,3.50080414559022e-15,0.004973113574366893,0.47528180693593836,2.47567683700573e-15,0.4352905217044346,2.2673659430426747e-15,300000000000000.0,50,52000000000000.0
809000.0,2008245100000.0,1.0620962e+30,0.672343439691484,3.4921863831124128e-15,0.0049722735079922925,0.4753618374467664,2.4695825114531793e-15,0.4353638182073103,2.2617844126872462e-15,300000000000000.0,50,52000000000000.0
810000.0,2005970400000.0,1.0596702e+30,0.672456609173514,3.4835686206346056e-15,0.004971433441617691,0.47544186795759447,2.463488185900629e-15,0.4354371147101859,2.2562028823318177e-15,300000000000000.0,50,52000000000000.0
811000.0,2003698900000.0,1.0572537e+30,0.6725690415224187,3.475018156885385e-15,0.004970599589924816,0.4755213771812261,2.4574414536575016e-15,0.43550993378856473,2.2506649406351688e-15,300000000000000.0,50,52000000000000.0
812000.0,2001430700000.0,1.0548465e+30,0.6726786843778133,3.4667223681197994e-15,0.004969789256120018,0.47559891372556645,2.4515748262328922e-15,0.4355809461749231,2.2452919491715275e-15,300000000000000.0,50,52000000000000.0
813000.0,1999165700000.0,1.0524482e+30,0.6727883272332079,3.458426579354214e-15,0.004968978922315221,0.4756764502699068,2.445708198808283e-15,0.4356519585612814,2.2399189577078867e-15,300000000000000.0,50,52000000000000.0
814000.0,1996903900000.0,1.0500588e+30,0.6728979700886025,3.4501307905886285e-15,0.004968168588510424,0.4757539868142472,2.4398415713836734e-15,0.4357229709476398,2.2345459662442454e-15,300000000000000.0,50,52000000000000.0
815000.0,1994645300000.0,1.0476777e+30,0.6730076129439971,3.4418350018230426e-15,0.004967358254705626,0.4758315233585875,2.4339749439590644e-15,0.43579398333399816,2.2291729747806045e-15,300000000000000.0,50,52000000000000.0
816000.0,1992389700000.0,1.0453047e+30,0.6731172557993917,3.433539213057457e-15,0.004966547920900829,0.47590905990292787,2.428108316534455e-15,0.4358649957203565,2.2237999833169633e-15,300000000000000.0,50,52000000000000.0
817000.0,1990137300000.0,1.04294e+30,0.6732268986547864,3.4252434242918717e-15,0.004965737587096031,0.4759865964472682,2.4222416891098456e-15,0.43593600810671485,2.218426991853322e-15,300000000000000.0,50,52000000000000.0
818000.0,1987887900000.0,1.040583e+30,0.673336541510181,3.4169476355262863e-15,0.004964927253291234,0.4760641329916086,2.416375061685236e-15,0.43600702049307316,2.213054000389681e-15,300000000000000.0,50,52000000000000.0
819000.0,1985641500000.0,1.0382335e+30,0.6734461843655756,3.408651846760701e-15,0.004964116919486437,0.47614166953594894,2.4105084342606268e-15,0.43607803287943153,2.20768100892604e-15,300000000000000.0,50,52000000000000.0
820000.0,1983398200000.0,1.0358913e+30,0.6735558272209702,3.400356057995115e-15,0.004963306585681639,0.4762192060802893,2.4046418068360174e-15,0.4361490452657899,2.202308017462399e-15,300000000000000.0,50,52000000000000.0
821000.0,1981157900000.0,1.0335564e+30,0.6736654700763648,3.3920602692295295e-15,0.004962496251876842,0.4762967426246296,2.398775179411408e-15,0.4362200576521482,2.1969350259987577e-15,300000000000000.0,50,52000000000000.0
822000.0,1978920700000.0,1.0305653e+30,0.6737751129317594,3.383764480463944e-15,0.004961685918072044,0.47637427916897,2.392908551986799e-15,0.4362910700385066,2.1915620345351165e-15,300000000000000.0,50,52000000000000.0
823000.0,1976688300000.0,1.0285396e+30,0.673884755787154,3.3754686916983586e-15,0.004960875584267247,0.47645181571331036,2.3870419245621896e-15,0.4363620824248649,2.1861890430714756e-15,300000000000000.0,50,52000000000000.0
824000.0,1974460900000.0,1.0261753e+30,0.673994324701913,3.3671802697778e-15,0.004960065869097986,0.4765292999682093,2.381180506911436e-15,0.43643304692157525,2.180820823015038e-15,300000000000000.0,50,52000000000000.0
825000.0,1972238300000.0,1.0237894e+30,0.6741005174734154,3.3592282193795777e-15,0.004959284400943058,0.47660439667742954,2.3755569685097503e-15,0.4365018247679971,2.1756704663042766e-15,300000000000000.0,50,52000000000000.0
826000.0,1970020200000.0,1.0214037e+30,0.6742067102449177,3.3512761689813555e-15,0.00495850293278813,0.47667949338664983,2.369933430108064e-15,0.43657060261441893,2.1705201095935157e-15,300000000000000.0,50,52000000000000.0
827000.0,1967806500000.0,1.0190232e+30,0.6743129030164202,3.3433241185831333e-15,0.004957721464633203,0.47675459009587007,2.364309891706378e-15,0.4366393804608408,2.1653697528827545e-15,300000000000000.0,50,52000000000000.0
828000.0,1965597100000.0,1.0166498e+30,0.6744190957879226,3.335372068184911e-15,0.0049569399964782745,0.47682968680509036,2.358686353304692e-15,0.4367081583072626,2.1602193961719936e-15,300000000000000.0,50,52000000000000.0
829000.0,1963391900000.0,1.014285e+30,0.6745252885594251,3.327420017786689e-15,0.0049561585283233464,0.4769047835143106,2.353062814903006e-15,0.43677693615368446,2.1550690394612324e-15,300000000000000.0,50,52000000000000.0
830000.0,1961190700000.0,1.0119307e+30,0.6746314813309274,3.3194679673884668e-15,0.004955377060168419,0.4769798802235309,2.3474392765013197e-15,0.4368457140001063,2.1499186827504715e-15,300000000000000.0,50,52000000000000.0
831000.0,1958993500000.0,1.0095875e+30,0.6747376741024298,3.3115159169902446e-15,0.004954595592013491,0.4770549769327511,2.341815738099634e-15,0.43691449184652814,2.1447683260397106e-15,300000000000000.0,50,52000000000000.0
832000.0,1956800100000.0,1.0072557e+30,0.6748438668739323,3.3035638665920224e-15,0.004953814123858563,0.4771300736419714,2.3361921996979477e-15,0.43698326969295,2.1396179693289494e-15,300000000000000.0,50,52000000000000.0
833000.0,1954610600000.0,1.0049353e+30,0.6749500596454346,3.2956118161937998e-15,0.004953032655703636,0.47720517035119164,2.3305686612962615e-15,0.4370520475393718,2.1344676126181885e-15,300000000000000.0,50,52000000000000.0
834000.0,1952424700000.0,1.0026265e+30,0.6750562524169371,3.2876597657955776e-15,0.004952251187548708,0.47728026706041193,2.3249451228945757e-15,0.4371208253857936,2.1293172559074272e-15,300000000000000.0,50,52000000000000.0
835000.0,1950242500000.0,1.0003293e+30,0.6751624451884395,3.2797077153973554e-15,0.00495146971939378,0.47735536376963217,2.3193215844928895e-15,0.43718960323221545,2.1241668991966664e-15,300000000000000.0,50,52000000000000.0
836000.0,1948063800000.0,9.9804363e+29,0.6752686379599419,3.271755664999133e-15,0.004950688251238852,0.47743046047885246,2.3136980460912033e-15,0.4372583810786373,2.119016542485905e-15,300000000000000.0,50,52000000000000.0
837000.0,1945888700000.0,9.9576958e+29,0.6753748307314443,3.263803614600911e-15,0.0049499067830839245,0.4775055571880727,2.3080745076895176e-15,0.43732715892505913,2.1138661857751443e-15,300000000000000.0,50,52000000000000.0
838000.0,1943717000000.0,9.9350621e+29,0.6754789419293515,3.25604780955129e-15,0.0049491426081889524,0.4775791818481406,2.3025897524410743e-15,0.4373945885850387,2.1088429345693668e-15,300000000000000.0,50,52000000000000.0
839000.0,1941548700000.0,9.912536e+29,0.6755817737814256,3.248412617901838e-15,0.004948389061820457,0.47765190177923145,2.297190294032114e-15,0.43746118964269975,2.103897803060416e-15,300000000000000.0,50,52000000000000.0
840000.0,1939383800000.0,9.8901151e+29,0.6756846056334996,3.2407774262523863e-15,0.004947635515451961,0.47772462171032226,2.291790835623153e-15,0.4375277907003608,2.098952671551465e-15,300000000000000.0,50,52000000000000.0
841000.0,1937222200000.0,9.8677968e+29,0.6757874374855736,3.2331422346029343e-15,0.004946881969083466,0.47779734164141313,2.2863913772141927e-15,0.4375943917580218,2.094007540042514e-15,300000000000000.0,50,52000000000000.0
842000.0,1935063900000.0,9.8455783e+29,0.6758902693376476,3.2255070429534826e-15,0.004946128422714969,0.477870061572504,2.2809919188052324e-15,0.4376609928156828,2.0890624085335632e-15,300000000000000.0,50,52000000000000.0
843000.0,1932908800000.0,9.8234569e+29,0.6759931011897217,3.2178718513040305e-15,0.0049453748763464735,0.47794278150359487,2.2755924603962716e-15,0.43772759387334387,2.084117277024612e-15,300000000000000.0,50,52000000000000.0
844000.0,1930756900000.0,9.8014299e+29,0.6760959330417957,3.2102366596545788e-15,0.004944621329977978,0.4780155014346857,2.270193001987311e-15,0.43779419493100485,2.0791721455156612e-15,300000000000000.0,50,52000000000000.0
845000.0,1928608100000.0,9.7794945e+29,0.6761987648938698,3.2026014680051267e-15,0.004943867783609482,0.47808822136577656,2.2647935435783508e-15,0.4378607959886659,2.07422701400671e-15,300000000000000.0,50,52000000000000.0
846000.0,1926462500000.0,9.7576472e+29,0.6763015967459438,3.194966276355675e-15,0.004943114237240986,0.4781609412968674,2.25939408516939e-15,0.43792739704632694,2.0692818824977593e-15,300000000000000.0,50,52000000000000.0
847000.0,1924319900000.0,9.735885e+29,0.6764044285980177,3.187331084706223e-15,0.00494236069087249,0.47823366122795824,2.2539946267604296e-15,0.4379939981039879,2.064336750988808e-15,300000000000000.0,50,52000000000000.0
848000.0,1922180400000.0,9.7142096e+29,0.6765072604500918,3.1796958930567713e-15,0.0049416071445039945,0.4783063811590491,2.2485951683514692e-15,0.43806059916164897,2.0593916194798573e-15,300000000000000.0,50,52000000000000.0
849000.0,1920043900000.0,9.6926119e+29,0.6766100923021658,3.172060701407319e-15,0.004940853598135499,0.47837910109014,2.2431957099425084e-15,0.43812720021931,2.054446487970906e-15,300000000000000.0,50,52000000000000.0
850000.0,1917910400000.0,9.6710924e+29,0.6767129241542399,3.1644255097578675e-15,0.004940100051767002,0.4784518210212308,2.237796251533548e-15,0.438193801276971,2.0495013564619553e-15,300000000000000.0,50,52000000000000.0
851000.0,1915779900000.0,9.6496503e+29,0.6768157560063139,3.1567903181084154e-15,0.004939346505398507,0.47852454095232166,2.2323967931245877e-15,0.43826040233463204,2.044556224953004e-15,300000000000000.0,50,52000000000000.0
852000.0,1913652200000.0,9.6282846e+29,0.6769153107479715,3.149449730291443e-15,0.004938619990408583,0.47859494337493236,2.227205676185803e-15,0.4383248808860453,2.0398019044119095e-15,300000000000000.0,50,52000000000000.0
853000.0,1911527500000.0,9.6069932e+29,0.6770148631129447,3.1421093561323102e-15,0.0049378934950228374,0.4786653441167983,2.222014710344131e-15,0.4383893578981368,2.0350477222541442e-15,300000000000000.0,50,52000000000000.0
854000.0,1909405700000.0,9.5857738e+29,0.6771144154779178,3.134768981973177e-15,0.0049371669996370925,0.4787357448586642,2.216823744502459e-15,0.43845383491022827,2.030293540096379e-15,300000000000000.0,50,52000000000000.0
855000.0,1907286700000.0,9.5646237e+29,0.6772139678428911,3.1274286078140442e-15,0.004936440504251347,0.47880614560053014,2.2116327786607866e-15,0.43851831192231977,2.0255393579386133e-15,300000000000000.0,50,52000000000000.0
856000.0,1905170500000.0,9.5435406e+29,0.6773135202078643,3.120088233654911e-15,0.004935714008865601,0.47887654634239607,2.2064418128191144e-15,0.43858278893441127,2.020785175780848e-15,300000000000000.0,50,52000000000000.0
857000.0,1903057100000.0,9.5225254e+29,0.6774130725728374,3.112747859495778e-15,0.004934987513479856,0.478946947084262,2.2012508469774422e-15,0.4386472659465027,2.0160309936230823e-15,300000000000000.0,50,52000000000000.0
858000.0,1900946500000.0,9.5015697e+29,0.6775126249378106,3.105407485336645e-15,0.00493426101809411,0.4790173478261279,2.19605988113577e-15,0.4387117429585942,2.011276811465317e-15,300000000000000.0,50,52000000000000.0
859000.0,1898838800000.0,9.4732037e+29,0.6776121773027839,3.0980671111775118e-15,0.004933534522708365,0.4790877485679938,2.190868915294098e-15,0.4387762199706857,2.0065226293075513e-15,300000000000000.0,50,52000000000000.0
860000.0,1896735500000.0,9.456349e+29,0.6777117296677571,3.090726737018379e-15,0.004932808027322619,0.4791581493098597,2.1856779494524256e-15,0.4388406969827772,2.001768447149786e-15,300000000000000.0,50,52000000000000.0
861000.0,1894636900000.0,9.4351924e+29,0.6778112820327302,3.0833863628592457e-15,0.0049320815319368735,0.47922855005172565,2.1804869836107534e-15,0.43890517399486867,1.9970142649920208e-15,300000000000000.0,50,52000000000000.0
862000.0,1892542700000.0,9.4138076e+29,0.6779108343977034,3.076045988700113e-15,0.0049313550365511286,0.4792989507935916,2.1752960177690812e-15,0.43896965100696017,1.992260082834255e-15,300000000000000.0,50,52000000000000.0
863000.0,1890452900000.0,9.3924322e+29,0.6780103867626766,3.0687056145409797e-15,0.004930628541165383,0.4793693515354575,2.170105051927409e-15,0.4390341280190517,1.98750590067649e-15,300000000000000.0,50,52000000000000.0
864000.0,1888367200000.0,9.371113e+29,0.6781099391276498,3.061365240381847e-15,0.004929902045779637,0.47943975227732344,2.164914086085737e-15,0.4390986050311431,1.982751718518724e-15,300000000000000.0,50,52000000000000.0
865000.0,1886285600000.0,9.3498657e+29,0.6782089862884361,3.0540745099672997e-15,0.004929179687655052,0.4795097957488894,2.159758227775872e-15,0.43916275483474637,1.978029689835917e-15,300000000000000.0,50,52000000000000.0
866000.0,1884207900000.0,9.3286996e+29,0.6783053345155828,3.0470489894930163e-15,0.004928479431867722,0.47957793058854814,2.1547899231344726e-15,0.4392251566045471,1.973479433472948e-15,300000000000000.0,50,52000000000000.0
867000.0,1882134000000.0,9.3076284e+29,0.6784016827427297,3.0400234690187334e-15,0.00492777917608039,0.47964606542820687,2.1498216184930737e-15,0.4392875583743478,1.968929177109979e-15,300000000000000.0,50,52000000000000.0
868000.0,1880063900000.0,9.28666e+29,0.6784980309698765,3.03299794854445e-15,0.0049270789202930584,0.4797142002678656,2.1448533138516744e-15,0.4393499601441485,1.9643789207470102e-15,300000000000000.0,50,52000000000000.0
869000.0,1877997400000.0,9.2658079e+29,0.6785943791970233,3.0259724280701667e-15,0.004926378664505727,0.4797823351075244,2.139885009210275e-15,0.4394123619139492,1.9598286643840412e-15,300000000000000.0,50,52000000000000.0
870000.0,1875934400000.0,9.2450463e+29,0.6786907274241701,3.0189469075958837e-15,0.004925678408718396,0.4798504699471831,2.1349167045688763e-15,0.43947476368374994,1.955278408021072e-15,300000000000000.0,50,52000000000000.0
871000.0,1873875000000.0,9.2243704e+29,0.6787870756513169,3.0119213871216004e-15,0.0049249781529310645,0.47991860478684184,2.129948399927477e-15,0.43953716545355065,1.950728151658103e-15,300000000000000.0,50,52000000000000.0
872000.0,1871819000000.0,9.2037821e+29,0.6788834238784638,3.004895866647317e-15,0.004924277897143733,0.47998673962650057,2.1249800952860777e-15,0.43959956722335136,1.946177895295134e-15,300000000000000.0,50,52000000000000.0
873000.0,1869766400000.0,9.1832826e+29,0.6789797721056106,2.997870346173034e-15,0.004923577641356401,0.48005487446615935,2.1200117906446784e-15,0.4396619689931521,1.941627638932165e-15,300000000000000.0,50,52000000000000.0
874000.0,1867717100000.0,9.1628722e+29,0.6790761203327574,2.9908448256987507e-15,0.004922877385569071,0.4801230093058181,2.1150434860032795e-15,0.4397243707629528,1.937077382569196e-15,300000000000000.0,50,52000000000000.0
875000.0,1865671000000.0,9.1425501e+29,0.6791724685599042,2.9838193052244678e-15,0.004922177129781739,0.4801911441454768,2.1100751813618802e-15,0.4397867725327535,1.932527126206227e-15,300000000000000.0,50,52000000000000.0
876000.0,1863628200000.0,9.1223156e+29,0.6792688167870511,2.9767937847501844e-15,0.004921476873994407,0.48025927898513554,2.105106876720481e-15,0.4398491743025542,1.927976869843258e-15,300000000000000.0,50,52000000000000.0
877000.0,1861588500000.0,9.1021674e+29,0.6793651650141979,2.969768264275901e-15,0.004920776618207076,0.4803274138247943,2.1001385720790817e-15,0.439911576072355,1.9234266134802894e-15,300000000000000.0,50,52000000000000.0
878000.0,1859551900000.0,9.0821046e+29,0.6794615132413447,2.962742743801618e-15,0.004920076362419745,0.48039554866445305,2.0951702674376828e-15,0.4399739778421557,1.9188763571173204e-15,300000000000000.0,50,52000000000000.0
879000.0,1857518400000.0,9.062127e+29,0.6795575780632097,2.9557426656070483e-15,0.004919378412181015,0.4804634830856827,2.090219955324572e-15,0.44003619605734406,1.914342579335309e-15,300000000000000.0,50,52000000000000.0
880000.0,1855487900000.0,9.0422317e+29,0.6796508097087577,2.9489969315230385e-15,0.004918703510297821,0.480529413942465,2.085449512847978e-15,0.44009657929409757,1.9099735363987674e-15,300000000000000.0,50,52000000000000.0
881000.0,1853460500000.0,9.0225907e+29,0.6797440413543056,2.9422511974390288e-15,0.0049180286084146265,0.48059534479924737,2.0806790703713838e-15,0.4401569625308511,1.9056044934622253e-15,300000000000000.0,50,52000000000000.0
882000.0,1851436000000.0,9.0036786e+29,0.6798372729998535,2.9355054633550186e-15,0.0049173537065314325,0.48066127565602973,2.07590862789479e-15,0.44021734576760463,1.9012354505256836e-15,300000000000000.0,50,52000000000000.0
883000.0,1849414400000.0,8.9850002e+29,0.6799305046454014,2.928759729271009e-15,0.0049166788046482385,0.4807272065128121,2.071138185418196e-15,0.44027772900435813,1.896866407589142e-15,300000000000000.0,50,52000000000000.0
884000.0,1847395700000.0,8.9665138e+29,0.6800237362909494,2.922013995186999e-15,0.0049160039027650445,0.48079313736959445,2.0663677429416017e-15,0.4403381122411117,1.8924973646526002e-15,300000000000000.0,50,52000000000000.0
885000.0,1845379800000.0,8.9482001e+29,0.6801169679364972,2.915268261102989e-15,0.00491532900088185,0.4808590682263768,2.0615973004650078e-15,0.4403984954778652,1.888128321716058e-15,300000000000000.0,50,52000000000000.0
886000.0,1843366800000.0,8.930042e+29,0.6802101995820452,2.908522527018979e-15,0.004914654098998656,0.48092499908315917,2.056826857988414e-15,0.4404588787146187,1.8837592787795164e-15,300000000000000.0,50,52000000000000.0
887000.0,1841356500000.0,8.9120276e+29,0.6803034312275932,2.9017767929349694e-15,0.004913979197115462,0.4809909299399415,2.0520564155118196e-15,0.44051926195137225,1.8793902358429747e-15,300000000000000.0,50,52000000000000.0
888000.0,1839349000000.0,8.8941386e+29,0.680396662873141,2.8950310588509592e-15,0.004913304295232268,0.48105686079672383,2.0472859730352257e-15,0.44057964518812576,1.875021192906433e-15,300000000000000.0,50,52000000000000.0
889000.0,1837344300000.0,8.8763664e+29,0.680489894518689,2.8882853247669495e-15,0.004912629393349073,0.4811227916535062,2.0425155305586318e-15,0.44064002842487926,1.8706521499698913e-15,300000000000000.0,50,52000000000000.0
890000.0,1835342200000.0,8.8587005e+29,0.6805831261642369,2.8815395906829397e-15,0.004911954491465879,0.48118872251028855,2.0377450880820375e-15,0.4407004116616328,1.866283107033349e-15,300000000000000.0,50,52000000000000.0
891000.0,1833342900000.0,8.8411315e+29,0.6806763578097849,2.8747938565989296e-15,0.004911279589582685,0.4812546533670709,2.0329746456054436e-15,0.4407607948983863,1.8619140640968075e-15,300000000000000.0,50,52000000000000.0
892000.0,1831346200000.0,8.8236523e+29,0.6807695894553327,2.8680481225149198e-15,0.004910604687699491,0.48132058422385327,2.0282042031288497e-15,0.4408211781351398,1.8575450211602658e-15,300000000000000.0,50,52000000000000.0
893000.0,1829352200000.0,8.8062546e+29,0.6808628211008807,2.86130238843091e-15,0.004909929785816296,0.4813865150806356,2.0234337606522554e-15,0.4408815613718934,1.853175978223724e-15,300000000000000.0,50,52000000000000.0
894000.0,1827360800000.0,8.7889316e+29,0.6809536338243036,2.8547731130921066e-15,0.004909274427374883,0.48145073532613253,2.01881639547127e-15,0.4409403779333981,1.848947132183553e-15,300000000000000.0,50,52000000000000.0
895000.0,1825371900000.0,8.7716784e+29,0.6810438243311874,2.8482995171858553e-15,0.004908624096070383,0.4815145155530679,2.0142384061858994e-15,0.4409987915008415,1.8447543488288057e-15,300000000000000.0,50,52000000000000.0
896000.0,1823385700000.0,8.7544898e+29,0.6811340148380711,2.841825921279604e-15,0.004907973764765884,0.4815782957800033,2.0096604169005284e-15,0.44105720506828483,1.840561565474058e-15,300000000000000.0,50,52000000000000.0
897000.0,1821402000000.0,8.7373611e+29,0.6812242053449549,2.8353523253733527e-15,0.004907323433461384,0.4816420760069387,2.0050824276151573e-15,0.4411156186357282,1.8363687821193104e-15,300000000000000.0,50,52000000000000.0
898000.0,1819421100000.0,8.7160367e+29,0.6813143958518387,2.828878729467101e-15,0.004906673102156885,0.4817058562338741,2.0005044383297863e-15,0.4411740322031716,1.8321759987645626e-15,300000000000000.0,50,52000000000000.0
899000.0,1817444400000.0,8.7004157e+29,0.6814045863587225,2.8224051335608496e-15,0.004906022770852385,0.48176963646080945,1.9959264490444156e-15,0.44123244577061493,1.8279832154098152e-15,300000000000000.0,50,52000000000000.0
900000.0,1815472100000.0,8.6832067e+29,0.6814947768656062,2.8159315376545983e-15,0.004905372439547886,0.4818334166877449,1.9913484597590446e-15,0.4412908593380583,1.8237904320550674e-15,300000000000000.0,50,52000000000000.0
901000.0,1813503900000.0,8.6659459e+29,0.68158496737249,2.809457941748347e-15,0.004904722108243386,0.48189719691468025,1.9867704704736736e-15,0.4413492729055017,1.81959764870032e-15,300000000000000.0,50,52000000000000.0
902000.0,1811539700000.0,8.6487675e+29,0.6816751578793737,2.8029843458420957e-15,0.004904071776938887,0.4819609771416156,1.9821924811883025e-15,0.44140768647294504,1.815404865345572e-15,300000000000000.0,50,52000000000000.0
903000.0,1809579300000.0,8.6317004e+29,0.6817653483862575,2.7965107499358443e-15,0.004903421445634387,0.48202475736855105,1.977614491902932e-15,0.4414661000403884,1.8112120819908247e-15,300000000000000.0,50,52000000000000.0
904000.0,1807622600000.0,8.6147412e+29,0.6818555388931413,2.790037154029593e-15,0.004902771114329888,0.4820885375954864,1.973036502617561e-15,0.4415245136078318,1.8070192986360773e-15,300000000000000.0,50,52000000000000.0
905000.0,1805669600000.0,8.5978906e+29,0.6819457294000251,2.7835635581233417e-15,0.004902120783025388,0.4821523178224218,1.9684585133321898e-15,0.44158292717527514,1.8028265152813295e-15,300000000000000.0,50,52000000000000.0
906000.0,1803720100000.0,8.5811506e+29,0.6820359199069088,2.7770899622170904e-15,0.004901470451720889,0.4822160980493572,1.9638805240468188e-15,0.44164134074271855,1.798633731926582e-15,300000000000000.0,50,52000000000000.0
907000.0,1801774100000.0,8.564518e+29,0.6821261104137926,2.7706163663108386e-15,0.004900820120416389,0.4822798782762926,1.959302534761448e-15,0.4416997543101619,1.7944409485718342e-15,300000000000000.0,50,52000000000000.0
908000.0,1799831400000.0,8.5479903e+29,0.682215507989138,2.7642178264321898e-15,0.004900176152539526,0.4823430977589153,1.9547776241571146e-15,0.44175765431602315,1.790296777693609e-15,300000000000000.0,50,52000000000000.0
909000.0,1797892000000.0,8.5315636e+29,0.6823027325748863,2.7580249738787065e-15,0.00489954962332084,0.48240478054953,1.950398173048504e-15,0.44181414693181176,1.7862858268988995e-15,300000000000000.0,50,52000000000000.0
910000.0,1795955900000.0,8.5152342e+29,0.6823899571606347,2.7518321213252232e-15,0.004898923094102154,0.48246646334014476,1.9460187219398932e-15,0.4418706395476004,1.78227487610419e-15,300000000000000.0,50,52000000000000.0
911000.0,1794022900000.0,8.4989686e+29,0.6824771817463829,2.74563926877174e-15,0.004898296564883468,0.48252814613075945,1.941639270831282e-15,0.4419271321633891,1.7782639253094807e-15,300000000000000.0,50,52000000000000.0
912000.0,1792093100000.0,8.4826714e+29,0.6825644063321313,2.7394464162182567e-15,0.004897670035664782,0.48258982892137414,1.9372598197226715e-15,0.44198362477917774,1.7742529745147711e-15,300000000000000.0,50,52000000000000.0
913000.0,1790166300000.0,8.466453e+29,0.6826516309178796,2.7332535636647738e-15,0.004897043506446095,0.48265151171198883,1.932880368614061e-15,0.4420401173949664,1.7702420237200617e-15,300000000000000.0,50,52000000000000.0
914000.0,1788242600000.0,8.4503195e+29,0.682738855503628,2.7270607111112905e-15,0.00489641697722741,0.4827131945026035,1.92850091750545e-15,0.44209661001075506,1.7662310729253521e-15,300000000000000.0,50,52000000000000.0
915000.0,1786321800000.0,8.4342663e+29,0.6828260800893763,2.7208678585578072e-15,0.0048957904480087236,0.4827748772932183,1.924121466396839e-15,0.44215310262654367,1.7622201221306427e-15,300000000000000.0,50,52000000000000.0
916000.0,1784404000000.0,8.4182896e+29,0.6829133046751247,2.714675006004324e-15,0.004895163918790037,0.48283656008383297,1.9197420152882284e-15,0.44220959524233233,1.7582091713359334e-15,300000000000000.0,50,52000000000000.0
917000.0,1782489100000.0,8.4023843e+29,0.6830005292608731,2.7084821534508407e-15,0.004894537389571351,0.48289824287444766,1.9153625641796177e-15,0.442266087858121,1.754198220541224e-15,300000000000000.0,50,52000000000000.0
918000.0,1780577000000.0,8.3865455e+29,0.6830877538466213,2.7022893008973574e-15,0.0048939108603526646,0.48295992566506235,1.910983113071007e-15,0.44232258047390965,1.7501872697465144e-15,300000000000000.0,50,52000000000000.0
919000.0,1778667800000.0,8.3707705e+29,0.6831749784323697,2.696096448343874e-15,0.004893284331133979,0.4830216084556771,1.906603661962396e-15,0.4423790730896983,1.746176318951805e-15,300000000000000.0,50,52000000000000.0
920000.0,1776761400000.0,8.3550557e+29,0.683262203018118,2.6899035957903912e-15,0.004892657801915293,0.4830832912462918,1.9022242108537853e-15,0.4424355657054869,1.7421653681570956e-15,300000000000000.0,50,52000000000000.0
921000.0,1774857700000.0,8.3393977e+29,0.6833494276038664,2.683710743236908e-15,0.004892031272696606,0.4831449740369065,1.8978447597451747e-15,0.4424920583212756,1.738154417362386e-15,300000000000000.0,50,52000000000000.0
922000.0,1772956700000.0,8.3237936e+29,0.6834366521896147,2.6775178906834247e-15,0.00489140474347792,0.4832066568275212,1.8934653086365636e-15,0.44254855093706424,1.7341434665676766e-15,300000000000000.0,50,52000000000000.0
923000.0,1771058400000.0,8.3082408e+29,0.6835224264174007,2.6714492053387584e-15,0.004890789780348611,0.4832673139564184,1.889173667115225e-15,0.4426041041934266,1.7302129367893452e-15,300000000000000.0,50,52000000000000.0
924000.0,1769162900000.0,8.2927361e+29,0.6836067675575686,2.665503208664174e-15,0.00489018624558382,0.48332695763681127,1.884968789575982e-15,0.442658729275919,1.7263618704026772e-15,300000000000000.0,50,52000000000000.0
925000.0,1767269900000.0,8.2772774e+29,0.6836911086977363,2.659557211989589e-15,0.0048895827108190295,0.48338660131720407,1.880763912036739e-15,0.4427133543584113,1.7225108040160093e-15,300000000000000.0,50,52000000000000.0
926000.0,1765379600000.0,8.2618622e+29,0.6837754498379042,2.6536112153150043e-15,0.004888979176054239,0.4834462449975969,1.8765590344974964e-15,0.4427679794409037,1.7186597376293415e-15,300000000000000.0,50,52000000000000.0
927000.0,1763491800000.0,8.2464885e+29,0.6838597909780719,2.6476652186404195e-15,0.004888375641289448,0.48350588867798977,1.8723541569582535e-15,0.442822604523396,1.7148086712426734e-15,300000000000000.0,50,52000000000000.0
928000.0,1761606600000.0,8.2311546e+29,0.6839441321182398,2.6417192219658347e-15,0.0048877721065246574,0.4835655323583826,1.8681492794190106e-15,0.4428772296058884,1.7109576048560056e-15,300000000000000.0,50,52000000000000.0
929000.0,1759724000000.0,8.2158609e+29,0.6840284732584075,2.63577322529125e-15,0.004887168571759868,0.4836251760387755,1.863944401879768e-15,0.4429318546883807,1.7071065384693378e-15,300000000000000.0,50,52000000000000.0
930000.0,1757843800000.0,8.2006011e+29,0.6841128143985754,2.629827228616665e-15,0.004886565036995077,0.48368481971916827,1.859739524340525e-15,0.442986479770873,1.7032554720826697e-15,300000000000000.0,50,52000000000000.0
931000.0,1755966200000.0,8.1853763e+29,0.6841971555387432,2.6238812319420802e-15,0.004885961502230286,0.4837444633995611,1.8555346468012826e-15,0.4430411048533654,1.6994044056960019e-15,300000000000000.0,50,52000000000000.0
932000.0,1754091000000.0,8.1701852e+29,0.684281496678911,2.6179352352674954e-15,0.004885357967465496,0.48380410707995397,1.8513297692620396e-15,0.4430957299358577,1.695553339309334e-15,300000000000000.0,50,52000000000000.0
933000.0,1752218300000.0,8.1550265e+29,0.6843658378190788,2.6119892385929106e-15,0.004884754432700705,0.4838637507603468,1.8471248917227967e-15,0.4431503550183501,1.691702272922666e-15,300000000000000.0,50,52000000000000.0
934000.0,1750348100000.0,8.1398994e+29,0.6844501789592466,2.6060432419183258e-15,0.004884150897935914,0.4839233944407396,1.842920014183554e-15,0.4432049801008424,1.6878512065359982e-15,300000000000000.0,50,52000000000000.0
935000.0,1748480200000.0,8.1248025e+29,0.6845345200994144,2.6000972452437413e-15,0.004883547363171124,0.48398303812113247,1.8387151366443113e-15,0.4432596051833348,1.6840001401493303e-15,300000000000000.0,50,52000000000000.0
936000.0,1746614700000.0,8.1097333e+29,0.6846188612395823,2.5941512485691565e-15,0.004882943828406333,0.4840426818015253,1.8345102591050683e-15,0.4433142302658271,1.6801490737626623e-15,300000000000000.0,50,52000000000000.0
937000.0,1744751600000.0,8.094692e+29,0.68470320237975,2.5882052518945717e-15,0.004882340293641542,0.48410232548191817,1.8303053815658258e-15,0.4433688553483195,1.6762980073759944e-15,300000000000000.0,50,52000000000000.0
938000.0,1742890900000.0,8.0796776e+29,0.6847861409757986,2.5823858221144968e-15,0.0048817478702065965,0.4841609773140831,1.8261900104314503e-15,0.44342257203970276,1.6725289160487754e-15,300000000000000.0,50,52000000000000.0
939000.0,1741032900000.0,8.0612024e+29,0.6848676685785934,2.5766937216867394e-15,0.0048811666250378,0.4842186313229787,1.822164684901845e-15,0.44347537486769384,1.6688422936109618e-15,300000000000000.0,50,52000000000000.0
940000.0,1739178900000.0,8.0470108e+29,0.6849491961813882,2.5710016212589816e-15,0.004880585379869004,0.4842762853318744,1.8181393593722396e-15,0.44352817769568487,1.6651556711731484e-15,300000000000000.0,50,52000000000000.0
941000.0,1737329000000.0,8.0318402e+29,0.6850307237841828,2.5653095208312243e-15,0.004880004134700209,0.48433393934077007,1.8141140338426344e-15,0.4435809805236759,1.661469048735335e-15,300000000000000.0,50,52000000000000.0
942000.0,1735482800000.0,8.0166244e+29,0.6851122513869776,2.5596174204034665e-15,0.0048794228895314125,0.4843915933496657,1.8100887083130293e-15,0.443633783351667,1.6577824262975214e-15,300000000000000.0,50,52000000000000.0
943000.0,1733640300000.0,8.0014757e+29,0.6851937789897724,2.5539253199757087e-15,0.004878841644362616,0.4844492473585614,1.8060633827834237e-15,0.443686586179658,1.654095803859708e-15,300000000000000.0,50,52000000000000.0
944000.0,1731801500000.0,7.9864279e+29,0.6852753065925672,2.5482332195479513e-15,0.00487826039919382,0.484506901367457,1.8020380572538185e-15,0.44373938900764903,1.6504091814218946e-15,300000000000000.0,50,52000000000000.0
945000.0,1729966100000.0,7.9714773e+29,0.685356834195362,2.5425411191201936e-15,0.004877679154025024,0.4845645553763527,1.798012731724213e-15,0.4437921918356401,1.6467225589840813e-15,300000000000000.0,50,52000000000000.0
946000.0,1728134000000.0,7.9566206e+29,0.6854383617981566,2.536849018692436e-15,0.004877097908856228,0.48462220938524836,1.793987406194608e-15,0.44384499466363114,1.6430359365462677e-15,300000000000000.0,50,52000000000000.0
947000.0,1726305300000.0,7.9418569e+29,0.6855198894009514,2.5311569182646784e-15,0.004876516663687431,0.484679863394144,1.7899620806650027e-15,0.44389779749162217,1.6393493141084543e-15,300000000000000.0,50,52000000000000.0
948000.0,1724479800000.0,7.9271842e+29,0.6856014170037462,2.5254648178369207e-15,0.004875935418518635,0.48473751740303966,1.785936755135397e-15,0.44395060031961325,1.6356626916706409e-15,300000000000000.0,50,52000000000000.0
949000.0,1722657400000.0,7.9126004e+29,0.685682944606541,2.5197727174091633e-15,0.004875354173349839,0.48479517141193534,1.781911429605792e-15,0.4440034031476043,1.6319760692328273e-15,300000000000000.0,50,52000000000000.0
950000.0,1720838100000.0,7.8980988e+29,0.6857644722093358,2.5140806169814055e-15,0.004874772928181043,0.48485282542083097,1.7778861040761864e-15,0.4440562059755953,1.628289446795014e-15,300000000000000.0,50,52000000000000.0
951000.0,1719021800000.0,7.8836774e+29,0.6858459998121306,2.5083885165536477e-15,0.004874191683012247,0.48491047942972665,1.7738607785465812e-15,0.4441090088035864,1.6246028243572005e-15,300000000000000.0,50,52000000000000.0
952000.0,1717208500000.0,7.8693336e+29,0.6859275274149252,2.5026964161258904e-15,0.004873610437843451,0.48496813343862233,1.7698354530169759e-15,0.4441618116315774,1.6209162019193871e-15,300000000000000.0,50,52000000000000.0
953000.0,1715398100000.0,7.8550643e+29,0.6860083708453693,2.4970661180054832e-15,0.004873034579301385,0.48502530361620383,1.7658538331975806e-15,0.4442141713392877,1.6172696076585356e-15,300000000000000.0,50,52000000000000.0
954000.0,1713590500000.0,7.8408656e+29,0.6860871612415086,2.4916212735313136e-15,0.004872474884711939,0.4850810219340536,1.7620033635514928e-15,0.44426520135114506,1.6137431281909344e-15,300000000000000.0,50,52000000000000.0
955000.0,1711785800000.0,7.8267348e+29,0.6861659516376478,2.4861764290571435e-15,0.004871915190122494,0.4851367402519034,1.758152893905405e-15,0.44431623136300236,1.6102166487233331e-15,300000000000000.0,50,52000000000000.0
956000.0,1709983800000.0,7.8126688e+29,0.6862447420337872,2.480731584582974e-15,0.0048713554955330494,0.48519245856975324,1.7543024242593175e-15,0.4443672613748597,1.6066901692557319e-15,300000000000000.0,50,52000000000000.0
957000.0,1708184600000.0,7.7986645e+29,0.6863235324299264,2.475286740108804e-15,0.004870795800943604,0.485248176887603,1.7504519546132297e-15,0.444418291386717,1.6031636897881306e-15,300000000000000.0,50,52000000000000.0
958000.0,1706388100000.0,7.7847191e+29,0.6864023228260656,2.4698418956346342e-15,0.004870236106354159,0.4853038952054528,1.746601484967142e-15,0.44446932139857437,1.5996372103205294e-15,300000000000000.0,50,52000000000000.0
959000.0,1704594200000.0,7.7708297e+29,0.686481113222205,2.4643970511604642e-15,0.004869676411764714,0.4853596135233026,1.7427510153210541e-15,0.44452035141043167,1.5961107308529281e-15,300000000000000.0,50,52000000000000.0
960000.0,1702803000000.0,7.756994e+29,0.6865599036183442,2.4589522066862946e-15,0.004869116717175269,0.48541533184115243,1.7389005456749664e-15,0.444571381422289,1.5925842513853269e-15,300000000000000.0,50,52000000000000.0
961000.0,1701014400000.0,7.743207e+29,0.6866386940144835,2.4535073622121245e-15,0.004868557022585824,0.4854710501590022,1.7350500760288786e-15,0.4446224114341463,1.5890577719177256e-15,300000000000000.0,50,52000000000000.0
962000.0,1699228400000.0,7.7294677e+29,0.6867174844106227,2.448062517737955e-15,0.004867997327996379,0.485526768476852,1.731199606382791e-15,0.4446734414460036,1.5855312924501244e-15,300000000000000.0,50,52000000000000.0
963000.0,1697444900000.0,7.7157744e+29,0.686796274806762,2.442617673263785e-15,0.004867437633406934,0.4855824867947018,1.7273491367367032e-15,0.444724471457861,1.5820048129825231e-15,300000000000000.0,50,52000000000000.0
964000.0,1695663900000.0,7.7021251e+29,0.6868750652029013,2.4371728287896152e-15,0.0048668779388174885,0.4856382051125516,1.7234986670906155e-15,0.4447755014697183,1.5784783335149219e-15,300000000000000.0,50,52000000000000.0
965000.0,1693885500000.0,7.6885179e+29,0.6869538555990405,2.4317279843154456e-15,0.004866318244228044,0.4856939234304014,1.7196481974445277e-15,0.44482653148157564,1.5749518540473206e-15,300000000000000.0,50,52000000000000.0
966000.0,1692109400000.0,7.6749517e+29,0.6870326459951799,2.4262831398412755e-15,0.004865758549638599,0.4857496417482512,1.7157977277984399e-15,0.44487756149343294,1.5714253745797194e-15,300000000000000.0,50,52000000000000.0
967000.0,1690335900000.0,7.6614248e+29,0.6871114363913191,2.420838295367106e-15,0.004865198855049154,0.485805360066101,1.7119472581523521e-15,0.4449285915052903,1.5678988951121181e-15,300000000000000.0,50,52000000000000.0
968000.0,1688564700000.0,7.6479372e+29,0.6871902267874584,2.415393450892936e-15,0.0048646391604597085,0.4858610783839508,1.7080967885062643e-15,0.4449796215171476,1.5643724156445169e-15,300000000000000.0,50,52000000000000.0
969000.0,1686795900000.0,7.6344842e+29,0.6872670124980558,2.4101138445536023e-15,0.00486409515401472,0.4859153790339745,1.7043631730061024e-15,0.44502935314804365,1.5609529578541987e-15,300000000000000.0,50,52000000000000.0
970000.0,1685029500000.0,7.6210663e+29,0.68734314200053,2.404888326800261e-15,0.004863556282882782,0.48596921562860207,1.7006678082131802e-15,0.4450786597705701,1.5575685322385082e-15,300000000000000.0,50,52000000000000.0
971000.0,1683265500000.0,7.6076821e+29,0.6874192715030043,2.3996628090469195e-15,0.004863017411750844,0.4860230522232296,1.6969724434202581e-15,0.44512796639309654,1.554184106622818e-15,300000000000000.0,50,52000000000000.0
972000.0,1681503800000.0,7.5943305e+29,0.6874954010054786,2.394437291293578e-15,0.004862478540618907,0.4860768888178572,1.693277078627336e-15,0.445177273015623,1.5507996810071276e-15,300000000000000.0,50,52000000000000.0
973000.0,1679744400000.0,7.5810107e+29,0.6875715305079529,2.3892117735402367e-15,0.004861939669486969,0.48613072541248475,1.6895817138344139e-15,0.44522657963814943,1.5474152553914374e-15,300000000000000.0,50,52000000000000.0
974000.0,1677987300000.0,7.5677216e+29,0.6876476600104272,2.3839862557868953e-15,0.004861400798355032,0.48618456200711235,1.6858863490414915e-15,0.4452758862606759,1.544030829775747e-15,300000000000000.0,50,52000000000000.0
975000.0,1676232500000.0,7.554463e+29,0.6877237895129015,2.378760738033554e-15,0.0048608619272230945,0.4862383986017399,1.6821909842485694e-15,0.4453251928832023,1.5406464041600566e-15,300000000000000.0,50,52000000000000.0
976000.0,1674479900000.0,7.5412339e+29,0.6877999190153757,2.3735352202802124e-15,0.0048603230560911575,0.48629223519636744,1.6784956194556473e-15,0.4453744995057288,1.5372619785443663e-15,300000000000000.0,50,52000000000000.0
977000.0,1672729600000.0,7.5280336e+29,0.68787604851785,2.3683097025268714e-15,0.00485978418495922,0.48634607179099504,1.6748002546627252e-15,0.4454238061282553,1.533877552928676e-15,300000000000000.0,50,52000000000000.0
978000.0,1670981500000.0,7.5148616e+29,0.6879521780203243,2.36308418477353e-15,0.004859245313827283,0.4863999083856226,1.671104889869803e-15,0.4454731127507817,1.5304931273129855e-15,300000000000000.0,50,52000000000000.0
979000.0,1669235600000.0,7.5017176e+29,0.6880283075227985,2.3578586670201886e-15,0.004858706442695345,0.4864537449802501,1.667409525076881e-15,0.44552241937330817,1.5271087016972953e-15,300000000000000.0,50,52000000000000.0
980000.0,1667491900000.0,7.4886013e+29,0.6881044370252729,2.3526331492668472e-15,0.004858167571563408,0.4865075815748777,1.6637141602839586e-15,0.4455717259958346,1.5237242760816049e-15,300000000000000.0,50,52000000000000.0
981000.0,1665750400000.0,7.4755118e+29,0.6881805665277472,2.347407631513506e-15,0.00485762870043147,0.48656141816950527,1.6600187954910365e-15,0.44562103261836106,1.5203398504659147e-15,300000000000000.0,50,52000000000000.0
982000.0,1664011200000.0,7.4573037e+29,0.6882566960302214,2.3421821137601644e-15,0.004857089829299533,0.4866152547641328,1.6563234306981143e-15,0.4456703392408875,1.5169554248502242e-15,300000000000000.0,50,52000000000000.0
983000.0,1662275400000.0,7.4468445e+29,0.6883328255326957,2.336956596006823e-15,0.004856550958167595,0.4866690913587604,1.6526280659051922e-15,0.445719645863414,1.5135709992345338e-15,300000000000000.0,50,52000000000000.0
984000.0,1660543400000.0,7.4336856e+29,0.6884089426548852,2.331732198862606e-15,0.004856012183315859,0.48672291919833804,1.6489334935893338e-15,0.4457689444675669,1.5101872994144511e-15,300000000000000.0,50,52000000000000.0
985000.0,1658815100000.0,7.42044e+29,0.6884824769122877,2.3267415913180124e-15,0.0048554934951377535,0.4867749204959253,1.6454042535838159e-15,0.4458165702205003,1.50695502033587e-15,300000000000000.0,50,52000000000000.0
986000.0,1657090100000.0,7.4072297e+29,0.6885560111696903,2.321750983773419e-15,0.004854974806959648,0.48682692179351256,1.641875013578298e-15,0.4458641959734337,1.503722741257289e-15,300000000000000.0,50,52000000000000.0
987000.0,1655368500000.0,7.3941147e+29,0.688629545427093,2.3167603762288253e-15,0.004854456118781543,0.4868789230910998,1.63834577357278e-15,0.4459118217263671,1.500490462178708e-15,300000000000000.0,50,52000000000000.0
988000.0,1653650200000.0,7.3811039e+29,0.6887030796844956,2.3117697686842322e-15,0.0048539374306034375,0.486930924388687,1.6348165335672622e-15,0.44595944747930055,1.497258183100127e-15,300000000000000.0,50,52000000000000.0
989000.0,1651935000000.0,7.3681843e+29,0.6887766139418983,2.3067791611396387e-15,0.004853418742425332,0.48698292568627427,1.6312872935617443e-15,0.44600707323223393,1.494025904021546e-15,300000000000000.0,50,52000000000000.0
990000.0,1650222900000.0,7.3553519e+29,0.6888501481993009,2.301788553595045e-15,0.004852900054247227,0.4870349269838615,1.6277580535562264e-15,0.44605469898516736,1.490793624942965e-15,300000000000000.0,50,52000000000000.0
991000.0,1648513800000.0,7.3426064e+29,0.6889236824567035,2.2967979460504517e-15,0.004852381366069121,0.4870869282814488,1.6242288135507085e-15,0.4461023247381008,1.4875613458643839e-15,300000000000000.0,50,52000000000000.0
992000.0,1646807600000.0,7.3299436e+29,0.6889972167141062,2.291807338505858e-15,0.004851862677891016,0.48713892957903604,1.6206995735451908e-15,0.4461499504910342,1.484329066785803e-15,300000000000000.0,50,52000000000000.0
993000.0,1645104300000.0,7.3173588e+29,0.6890707509715088,2.286816730961265e-15,0.004851343989712911,0.4871909308766233,1.6171703335396729e-15,0.4461975762439676,1.4810967877072219e-15,300000000000000.0,50,52000000000000.0
994000.0,1643403800000.0,7.3048488e+29,0.6891442852289115,2.2818261234166715e-15,0.004850825301534805,0.48724293217421055,1.613641093534155e-15,0.446245201996901,1.477864508628641e-15,300000000000000.0,50,52000000000000.0
995000.0,1641706100000.0,7.2924107e+29,0.689217819486314,2.276835515872078e-15,0.0048503066133567,0.4872949334717978,1.610111853528637e-15,0.4462928277498344,1.4746322295500598e-15,300000000000000.0,50,52000000000000.0
996000.0,1640011100000.0,7.2800424e+29,0.6892913537437166,2.2718449083274845e-15,0.004849787925178595,0.48734693476938507,1.6065826135231192e-15,0.44634045350276785,1.471399950471479e-15,300000000000000.0,50,52000000000000.0
997000.0,1638318700000.0,7.2677397e+29,0.6893648880011193,2.266854300782891e-15,0.004849269237000489,0.4873989360669723,1.6030533735176013e-15,0.44638807925570123,1.4681676713928978e-15,300000000000000.0,50,52000000000000.0
998000.0,1636629000000.0,7.2555001e+29,0.6894384222585219,2.261863693238298e-15,0.004848750548822384,0.4874509373645596,1.5995241335120833e-15,0.44643570500863466,1.4649353923143169e-15,300000000000000.0,50,52000000000000.0
999000.0,1634941900000.0,7.2433209e+29,0.6895119565159246,2.2568730856937043e-15,0.004848231860644279,0.48750293866214683,1.5959948935065654e-15,0.44648333076156804,1.4617031132357358e-15,300000000000000.0,50,52000000000000.0
1000000.0,1633257400000.0,7.2311999e+29,0.6895854907733272,2.251882478149111e-15,0.004847713172466173,0.4875549399597341,1.5924656535010475e-15,0.4465309565145015,1.4584708341571548e-15,300000000000000.0,50,52000000000000.0
