t[yr],B[G],L[erg/s],P_fill[s],Pdot_fill[s/s],chi[rad],P_vac[s],Pdot_vac[s/s],P_vacObs[s],Pdot_vacObs[s/s],bpol,etor,btorAvg
0.0,10000000000000.0,9.8600808e+35,0.001,1.0167406885141609e-10,1.0471975511965976,0.001,2.9049733957547447e-11,0.001,6.488478140984005e-11,300000000000000.0,50,52000000000000.0
0.99999997765,9994139900000.0,5.7127347e+34,0.0025021500367462418,3.4613174937160564e-11,0.7776219320290465,0.0016283658660713085,1.78211656843217e-11,0.0021661990859974034,2.9922098391416116e-11,300000000000000.0,50,52000000000000.0
2.0119999776,9993432000000.0,5.1547633e+34,0.003405153504022262,2.3634194826577182e-11,0.6712403745607858,0.002123548018915589,1.3663478555354097e-11,0.002973978343872525,2.1791470752371127e-11,300000000000000.0,50,52000000000000.0
3.0299999776,9992668000000.0,4.9559311e+34,0.004081858943691622,1.8840347918343205e-11,0.6070624228750429,0.002525594054212699,1.148676319220717e-11,0.003608475829913574,1.795722167637318e-11,300000000000000.0,50,52000000000000.0
4.0669999776,9991845400000.0,4.8440601e+34,0.004650597111189753,1.6003938118277804e-11,0.5608954854986293,0.0028779741428541722,1.0078655171029085e-11,0.004156359211151139,1.5587548964302832e-11,300000000000000.0,50,52000000000000.0
5.1019999776,9990995100000.0,4.7688081e+34,0.005142554619433149,1.4118708624772508e-11,0.5256506229740636,0.003191087449754104,9.088172378215313e-12,0.0046390507573812545,1.3963277872605539e-11,300000000000000.0,50,52000000000000.0
6.1549999776,9990116100000.0,4.7107089e+34,0.005589227939935462,1.2733218469408083e-11,0.496858948354446,0.0034808254964635017,8.330240654963116e-12,0.005083244304251732,1.274089841381578e-11,300000000000000.0,50,52000000000000.0
7.2079999776,9989236100000.0,4.6612525e+34,0.005995613704495884,1.1677517454626232e-11,0.4729779315774801,0.003748213303969811,7.734575980655346e-12,0.005491584963736497,1.1791364086707268e-11,300000000000000.0,50,52000000000000.0
8.2779999776,9988350300000.0,4.6147822e+34,0.006376461793824039,1.0828539071901733e-11,0.45237527186302484,0.00400160555094807,7.24354897929074e-12,0.00587744065154653,1.1015354502394062e-11,300000000000000.0,50,52000000000000.0
9.3209999776,9987499000000.0,4.5711609e+34,0.006722707378129327,1.0152722317312801e-11,0.43498249070810036,0.004234021694367712,6.844716456901706e-12,0.006230581034854227,1.0389168844365067e-11,300000000000000.0,50,52000000000000.0
19.407999978,9979329000000.0,4.1410866e+34,0.00934079531536625,6.863328432390818e-12,0.33463573262733404,0.006035027611555398,4.7942759923703536e-12,0.00895168869416772,7.219351958976535e-12,300000000000000.0,50,52000000000000.0
29.451999978,9970925100000.0,3.7303266e+34,0.011287257803927113,5.520506691742764e-12,0.2841957072841272,0.007403253372689521,3.901645656931021e-12,0.011009205486310415,5.860238330680001e-12,300000000000000.0,50,52000000000000.0
39.678999978,9962252800000.0,3.359964e+34,0.012937948722605074,4.7333258854269194e-12,0.2514732568164433,0.008573150076198988,3.3633407260145315e-12,0.01276523567823845,5.045255785292597e-12,300000000000000.0,50,52000000000000.0
49.868999978,9953521200000.0,3.0444711e+34,0.014375920751003489,4.209581234187792e-12,0.22831496064168955,0.009596351547779242,2.9994485525289505e-12,0.014299541796724017,4.495998351678284e-12,300000000000000.0,50,52000000000000.0
60.234999978,9944656200000.0,2.7747722e+34,0.015691016241410297,3.822152098747277e-12,0.21045423936455446,0.010534115108983546,2.7275954641865793e-12,0.015704852314074393,4.086437885869201e-12,300000000000000.0,50,52000000000000.0
70.621999978,9935786900000.0,2.5410148e+34,0.016897130470585928,3.523987816993834e-12,0.19628906399274135,0.01139519837438857,2.5169971753287096e-12,0.016994695736917538,3.769571346323899e-12,300000000000000.0,50,52000000000000.0
81.170999978,9926890900000.0,2.341479e+34,0.018032534782691307,3.2823154584452668e-12,0.1845426558635351,0.012206348938829763,2.3455194611289824e-12,0.018209361494393953,3.5118085088631006e-12,300000000000000.0,50,52000000000000.0
91.458999978,9918322900000.0,2.1801738e+34,0.019069267842249077,3.0884213318819624e-12,0.17495001006554628,0.012947278363510204,2.207496430725904e-12,0.019318610397964998,3.304481619099369e-12,300000000000000.0,50,52000000000000.0
192.84099998,9841681400000.0,1.5003292e+34,0.027120826025831456,2.107109716359938e-12,0.12427064968103849,0.018701151109106258,1.5047699559044978e-12,0.027927562459530632,2.2506404281486683e-12,300000000000000.0,50,52000000000000.0
292.85899998,9777005000000.0,7.4756688e+33,0.03307830485515428,1.6966661074425873e-12,0.10216570378424909,0.022952796687990846,1.2099854194965505e-12,0.03428574215501772,1.8092679459449258e-12,300000000000000.0,50,52000000000000.0
394.71099998,9718937800000.0,3.8868182e+33,0.03812586880614518,1.4509425033020336e-12,0.0887347815421981,0.02655062154119834,1.033637120625147e-12,0.039665144469836655,1.545376999504536e-12,300000000000000.0,50,52000000000000.0
496.20499998,9666979400000.0,2.7465937e+33,0.042508950206859755,1.2855182909471772e-12,0.07962188205595838,0.029671881125811126,9.150501537710868e-13,0.04433152192401297,1.367974596663554e-12,300000000000000.0,50,52000000000000.0
599.45999998,9618802900000.0,2.2408689e+33,0.04650220791231732,1.1622279064947885e-12,0.07279759746165795,0.03251348634815223,8.26761009658068e-13,0.04857953826651584,1.2359213515802082e-12,300000000000000.0,50,52000000000000.0
702.90499998,9574252300000.0,1.9505928e+33,0.05014824456431253,1.0669660884370185e-12,0.0675074566046364,0.035106516543686524,7.586071447016909e-13,0.052455781620394326,1.1339972251424716e-12,300000000000000.0,50,52000000000000.0
807.96599998,9531859200000.0,1.7563377e+33,0.05356527912426587,9.895474782582066e-13,0.06319971544443195,0.03753554218577168,7.032642036300147e-13,0.05608674346622317,1.0512395033667923e-12,300000000000000.0,50,52000000000000.0
910.42999998,9492961100000.0,1.6213523e+33,0.05667313290167068,9.272634313116217e-13,0.059729046608002254,0.039743935153990904,6.587714053886066e-13,0.05938781939000688,9.84711282771212e-13,300000000000000.0,50,52000000000000.0
1920.154,9195537400000.0,1.1328165e+33,0.08040997105678545,6.122002450324432e-13,0.042049232564078366,0.056591337083538695,4.341669388321056e-13,0.0845695433964598,6.489233586688431e-13,300000000000000.0,50,52000000000000.0
2945.446,8978193200000.0,9.5350856e+32,0.09791593380097231,4.789550184432921e-13,0.03449721443020969,0.06900173056089652,3.3942343434952007e-13,0.10311834597919982,5.073019776715115e-13,300000000000000.0,50,52000000000000.0
3969.996,8805875200000.0,8.412401e+32,0.11213197631162006,4.022335085102825e-13,0.030100891805793513,0.07907424728395712,2.849374263437486e-13,0.11817261831137058,4.2586151341711023e-13,300000000000000.0,50,52000000000000.0
4990.917,8662440700000.0,7.6343793e+32,0.12427352721864324,3.5114884629167905e-13,0.027143550291122264,0.08767408554961008,2.486845964858238e-13,0.13102570613413425,3.7167582084983297e-13,300000000000000.0,50,52000000000000.0
6029.562,8536542700000.0,7.0572901e+32,0.13518346638920392,3.1344820160218964e-13,0.024940080880076983,0.09539984587885658,2.2194313721842616e-13,0.1425723435743284,3.317071189344098e-13,300000000000000.0,50,52000000000000.0
7070.126,8425373200000.0,6.6301015e+32,0.14502665885275665,2.8458003829618295e-13,0.02323714352912661,0.10236905626639774,2.0147408540218145e-13,0.15298822105814466,3.011137479715029e-13,300000000000000.0,50,52000000000000.0
8126.921,8324181500000.0,6.3035402e+32,0.15415537771992158,2.613262126079187e-13,0.021852836156775874,0.10883158654556811,1.8499049044492702e-13,0.16264680364077921,2.764773245538114e-13,300000000000000.0,50,52000000000000.0
9157.61,8234456800000.0,6.0553642e+32,0.16238034024920456,2.427523743259993e-13,0.020739075091554048,0.11465373896433675,1.7182723452392407e-13,0.17134828618058445,2.568036216387672e-13,300000000000000.0,50,52000000000000.0
10215.537,8149353400000.0,5.8500381e+32,0.170245626506695,2.267626489542016e-13,0.019774952162950513,0.12022083975736395,1.6049738602542977e-13,0.17966856497123904,2.398702061374964e-13,300000000000000.0,50,52000000000000.0
11215.537,8074187600000.0,5.6871913e+32,0.17722299042603964,2.1383590565436206e-13,0.018991680708586166,0.12515913441003582,1.5133924559457554e-13,0.1870490529945985,2.261826503718766e-13,300000000000000.0,50,52000000000000.0
12215.537,8003284100000.0,5.5486845e+32,0.18381982816713688,2.025413758085542e-13,0.018305688722367694,0.129827853501437,1.4333846493252027e-13,0.19402663987381918,2.1422490046262138e-13,300000000000000.0,50,52000000000000.0
13215.537,7935869300000.0,5.42625e+32,0.1900790981362021,1.925856495471801e-13,0.017699189041438,0.1342574578595421,1.3628682221170358e-13,0.2006468527777612,2.0368573731647922e-13,300000000000000.0,50,52000000000000.0
14215.537,7871434000000.0,5.3158047e+32,0.1960401268145691,1.8371226131478867e-13,0.0171577471920468,0.13847582590580293,1.3000239539824655e-13,0.2069513588627924,1.942932545744642e-13,300000000000000.0,50,52000000000000.0
15215.537,7809727200000.0,5.2146766e+32,0.2017356291844993,1.7573395225756704e-13,0.016670298881022498,0.1425061455713816,1.2435236451511499e-13,0.2129748147076312,1.8584893598819518e-13,300000000000000.0,50,52000000000000.0
16215.537,7750375400000.0,5.1198507e+32,0.20719066981951303,1.6851395986708966e-13,0.016228649103221013,0.1463661813191911,1.1923973476380248e-13,0.21874377095168962,1.782078110290708e-13,300000000000000.0,50,52000000000000.0
17215.537,7693119000000.0,5.0302462e+32,0.21242793678335004,1.619361559048177e-13,0.015826002736611406,0.1500720107379237,1.1458216390251604e-13,0.22428225693911574,1.7124681000143518e-13,300000000000000.0,50,52000000000000.0
18215.537,7637794700000.0,4.9440628e+32,0.21746582955270233,1.5591496861788332e-13,0.015457060228766303,0.15363667156997102,1.1031897568243635e-13,0.22960975866566183,1.6487524550065212e-13,300000000000000.0,50,52000000000000.0
19215.537,7584235500000.0,4.8619294e+32,0.22232140831633038,1.5037368211905385e-13,0.015117300367530371,0.15707225088680668,1.0639578639525913e-13,0.23474434120376247,1.5901183556409328e-13,300000000000000.0,50,52000000000000.0
20215.537,7532232600000.0,4.7818018e+32,0.2270068469389841,1.452588706759173e-13,0.014803396675768323,0.16038737436212644,1.0277471989437744e-13,0.23969889631327443,1.5359997037109124e-13,300000000000000.0,50,52000000000000.0
21215.537,7481702400000.0,4.7036656e+32,0.23153701576275304,1.4051129863135906e-13,0.014511953601323081,0.16359257521335835,9.941379630623002e-14,0.24448916661852915,1.4857690725205875e-13,300000000000000.0,50,52000000000000.0
22215.537,7432662800000.0,4.6292454e+32,0.23592302063893886,1.3609320528439915e-13,0.014240426971188923,0.16669572021615084,9.628624836627272e-14,0.24912690956293285,1.4390263991996904e-13,300000000000000.0,50,52000000000000.0
23215.537,7384979600000.0,4.5562911e+32,0.24017239698999004,1.3197667458871204e-13,0.013986958528813851,0.16970214771335415,9.337228728573636e-14,0.2536201036933544,1.3954759210363254e-13,300000000000000.0,50,52000000000000.0
24215.537,7338526500000.0,4.4850847e+32,0.24429541965929744,1.2812361184691647e-13,0.013749491402730536,0.17261913450101224,9.064492391295844e-14,0.25797962463767415,1.354714264362504e-13,300000000000000.0,50,52000000000000.0
25215.537,7293237500000.0,4.4157774e+32,0.24830262611253368,1.2449952794925427e-13,0.013526125067258988,0.1754541423869589,8.807972580128567e-14,0.2622166245003636,1.316376268336672e-13,300000000000000.0,50,52000000000000.0
26215.537,7249129100000.0,4.3487446e+32,0.2521955006807129,1.2110304250368014e-13,0.01331614357521836,0.178208224666879,8.567570000305274e-14,0.2663326775681871,1.2804470873797649e-13,300000000000000.0,50,52000000000000.0
27215.537,7206140600000.0,4.284124e+32,0.2559853304687935,1.1789809944176703e-13,0.013117790239178438,0.1808893726557955,8.340731154358087e-14,0.27033972727790423,1.246545085298892e-13,300000000000000.0,50,52000000000000.0
28215.537,7164061800000.0,4.2204311e+32,0.25967774972116153,1.148646976903678e-13,0.012930053351799248,0.18350157610689946,8.126039412905977e-14,0.2742437365462119,1.2144585374372323e-13,300000000000000.0,50,52000000000000.0
29215.537,7122750800000.0,4.1572415e+32,0.2632758015925322,1.1199072370451961e-13,0.012752249650738772,0.18604699065719432,7.922636611129191e-14,0.2780479271201398,1.1840591847204322e-13,300000000000000.0,50,52000000000000.0
30215.537,7082018000000.0,4.0938608e+32,0.26678412921637873,1.0925803203464627e-13,0.012583567676848467,0.18852890414705886,7.729237820195954e-14,0.2817572128633636,1.1551549869639301e-13,300000000000000.0,50,52000000000000.0
31215.537,7041694300000.0,4.0299432e+32,0.27020849340687664,1.0664821227898352e-13,0.012423135435335774,0.19095139518382687,7.544539415260318e-14,0.28537768946292835,1.1275511100177717e-13,300000000000000.0,50,52000000000000.0
32215.537,7001747200000.0,3.9658814e+32,0.2735525810960289,1.0415200662705388e-13,0.012270333505025472,0.19331707441168997,7.367885585660296e-14,0.28891325867025036,1.1011495383554878e-13,300000000000000.0,50,52000000000000.0
33215.537,6962300500000.0,3.9027171e+32,0.27682007439139417,1.0176440279559841e-13,0.012124583226049788,0.1956285488589342,7.198920952501569e-14,0.29236781682586693,1.0758971570875351e-13,300000000000000.0,50,52000000000000.0
34215.537,6923559900000.0,3.8414104e+32,0.2800115464101168,9.949008341304775e-14,0.011985616961862703,0.19788622523990299,7.037976280486616e-14,0.2957419718154908,1.0518433982368362e-13,300000000000000.0,50,52000000000000.0
35215.537,6885572300000.0,3.7817011e+32,0.2831326017175741,9.731893337900782e-14,0.011852753956740866,0.20009407069343557,6.884335191094743e-14,0.299041652702666,1.028881194586833e-13,300000000000000.0,50,52000000000000.0
36215.537,6848450800000.0,3.7223553e+32,0.2861874482484896,9.524388171716405e-14,0.011725480528819526,0.20225506378310784,6.737496854148003e-14,0.3022713110821384,1.0069356938232895e-13,300000000000000.0,50,52000000000000.0
37215.537,6811991000000.0,3.6641672e+32,0.28917996947534375,9.325350744623569e-14,0.011603342674586134,0.20437195330053734,6.596652818301202e-14,0.3054350551409498,9.858860691925263e-14,300000000000000.0,50,52000000000000.0
38215.537,6775895300000.0,3.6075766e+32,0.29210716456461316,9.134491401201986e-14,0.011486444518558675,0.2064426165167925,6.46159811868636e-14,0.3085297124109977,9.657016879316763e-14,300000000000000.0,50,52000000000000.0
39215.537,6740094100000.0,3.5534953e+32,0.29497663768293314,8.950373336483402e-14,0.011374048305296853,0.20847243500858534,6.331315652854219e-14,0.31156332586425967,9.462305393476533e-14,300000000000000.0,50,52000000000000.0
40215.537,6704840400000.0,3.5020589e+32,0.29779008270083795,8.773166018643016e-14,0.011265917971486796,0.21046260794277397,6.205925011903464e-14,0.3145376877134446,9.274904957243547e-14,300000000000000.0,50,52000000000000.0
41215.537,6670302100000.0,3.4527028e+32,0.3005460178164527,8.603693565315206e-14,0.01116205673506262,0.21241208739024406,6.086009044492732e-14,0.3174512318120339,9.095686648293239e-14,300000000000000.0,50,52000000000000.0
42215.537,6636667200000.0,3.4055912e+32,0.30325215867618466,8.440646658272794e-14,0.011061816939906613,0.21432633327806264,5.970640996693111e-14,0.32031211821267447,8.923265393188853e-14,300000000000000.0,50,52000000000000.0
43215.537,6602935100000.0,3.358605e+32,0.3059048140403498,8.282497178591762e-14,0.010965379557501459,0.2162027342272137,5.858739975070912e-14,0.3231164441393833,8.756025772030976e-14,300000000000000.0,50,52000000000000.0
44215.537,6568682800000.0,3.3123031e+32,0.3085097775391677,8.127729252413273e-14,0.010872243940156836,0.21804539015504756,5.749233279016244e-14,0.3258703370649456,8.592364595543484e-14,300000000000000.0,50,52000000000000.0
45215.537,6534396800000.0,3.2667812e+32,0.31106712926471264,7.976908759212074e-14,0.010782314031421682,0.2198543582421905,5.642521064477521e-14,0.32857388246279146,8.432879902311463e-14,300000000000000.0,50,52000000000000.0
46215.537,6500068600000.0,3.221938e+32,0.31357480305707053,7.830618682410168e-14,0.01069564377883626,0.22162817705194873,5.5390156861978644e-14,0.3312248961845197,8.278187965256766e-14,300000000000000.0,50,52000000000000.0
47215.537,6466471200000.0,3.1805801e+32,0.31603982494131017,7.689487323359287e-14,0.010611707102988322,0.22337181816643856,5.439161161782748e-14,0.33383080842342044,8.128952366852999e-14,300000000000000.0,50,52000000000000.0
48215.537,6434551200000.0,3.1420153e+32,0.31846044947869473,7.555646807913521e-14,0.010530567187812092,0.2250840468979871,5.3444656330140843e-14,0.3363897739094026,7.987427059263124e-14,300000000000000.0,50,52000000000000.0
49215.537,6404122200000.0,3.1071475e+32,0.32083710442119506,7.429247122258732e-14,0.010452166808657012,0.22676516605255068,5.255035089245092e-14,0.33890224520017415,7.853770442929541e-14,300000000000000.0,50,52000000000000.0
50215.537,6374886000000.0,3.0658298e+32,0.32317608490971944,7.30668738542481e-14,0.010376090174352497,0.2284196297214681,5.1683221544877405e-14,0.34137487907269337,7.724175396916082e-14,300000000000000.0,50,52000000000000.0
51215.537,6343147200000.0,3.0240556e+32,0.3254781115622637,7.183881516839669e-14,0.01030225092378804,0.23004794799583253,5.081436494940005e-14,0.3438084378803386,7.594322248988387e-14,300000000000000.0,50,52000000000000.0
52215.537,6311184700000.0,2.9853166e+32,0.32774139450807616,7.062222472996341e-14,0.010230679956128634,0.23164885497104087,4.99536339914364e-14,0.3462010297042496,7.465683535000599e-14,300000000000000.0,50,52000000000000.0
53215.537,6275702200000.0,2.9644228e+32,0.32996368235885387,6.939118446521794e-14,0.010161434105005814,0.233220758223489,4.908269598816036e-14,0.3485502746336055,7.3355193941885e-14,300000000000000.0,50,52000000000000.0
54215.537,6248400600000.0,2.920482e+32,0.3321488090888539,6.826243424281836e-14,0.010094232337618329,0.2347663706365417,4.828412303438195e-14,0.35086022716096776,7.216170406465984e-14,300000000000000.0,50,52000000000000.0
55215.537,6210580700000.0,2.9007264e+32,0.33429902564067143,6.714003135313528e-14,0.010028950354845727,0.23628728470251847,4.749005060124196e-14,0.35313326731116923,7.097494062214739e-14,300000000000000.0,50,52000000000000.0
56215.537,6191244500000.0,2.8580752e+32,0.33641477854238316,6.618642929095237e-14,0.00996552362198654,0.23778381656688122,4.681538586890364e-14,0.3553698675792305,6.996663493704853e-14,300000000000000.0,50,52000000000000.0
57215.537,6165660300000.0,2.8344336e+32,0.3385011404143399,6.524326910510133e-14,0.009903752311495685,0.2392595545214528,4.614811602310195e-14,0.35757539075536177,6.896938132905564e-14,300000000000000.0,50,52000000000000.0
58215.537,6134846500000.0,2.8049016e+32,0.3405580116510145,6.422922465385007e-14,0.009843595776891763,0.24071442837218307,4.543071679393205e-14,0.3597497319403012,6.789720849214311e-14,300000000000000.0,50,52000000000000.0
59215.537,6106037900000.0,2.7673284e+32,0.3425831340081838,6.324615755706349e-14,0.009785077280846183,0.24214684106506112,4.47352371724144e-14,0.36189050430863595,6.685779523356489e-14,300000000000000.0,50,52000000000000.0
60215.537,6077849900000.0,2.7321277e+32,0.34457744356570047,6.229715970666715e-14,0.009728126893778473,0.24355745496709175,4.406386356986474e-14,0.3639986977896522,6.58544091773943e-14,300000000000000.0,50,52000000000000.0
61215.537,6048693500000.0,2.7000418e+32,0.3465419337810531,6.13534956949121e-14,0.009672675266252484,0.24494697301693752,4.339627040700316e-14,0.3660753629474983,6.485667328512512e-14,300000000000000.0,50,52000000000000.0
62215.537,6019907800000.0,2.6680181e+32,0.3484767266401305,6.043406419091334e-14,0.009618679785810698,0.24631548173402076,4.274582462689766e-14,0.3681206290939092,6.388456473392189e-14,300000000000000.0,50,52000000000000.0
63215.537,5991895500000.0,2.6365084e+32,0.3503825679229077,5.95503909586846e-14,0.0095660819037652,0.2476635088487492,4.212067807477538e-14,0.3701352849398202,6.295026662005986e-14,300000000000000.0,50,52000000000000.0
64215.537,5966286400000.0,2.6081653e+32,0.3522605865308566,5.872139233189077e-14,0.009514814578601734,0.24899185306645374,4.1534209925483574e-14,0.3721205241737348,6.207377439456259e-14,300000000000000.0,50,52000000000000.0
65215.537,5939780600000.0,2.5814027e+32,0.35411252580850616,5.78808116280936e-14,0.009464796553370049,0.25030174767997343,4.0939555690285034e-14,0.37407818998418135,6.118504805226485e-14,300000000000000.0,50,52000000000000.0
66215.537,5907090600000.0,2.5564394e+32,0.35593807502384234,5.702629703093843e-14,0.009416004304815545,0.2515929731005457,4.033505175512739e-14,0.3760079541963555,6.028160128130181e-14,300000000000000.0,50,52000000000000.0
67215.537,5890158400000.0,2.5319555e+32,0.3577368708110961,5.6317322604703065e-14,0.009368416359327768,0.25286527250792445,3.983349462639995e-14,0.3779094329920905,5.953201087003597e-14,300000000000000.0,50,52000000000000.0
68215.537,5863725400000.0,2.5118614e+32,0.35951343768612504,5.556835516354453e-14,0.009321884226097475,0.2541218462970871,3.9303655206746085e-14,0.37978740943525446,5.87401521042495e-14,300000000000000.0,50,52000000000000.0
69215.537,5835297400000.0,2.4838519e+32,0.36126687333307483,5.479607848479583e-14,0.009276404565853793,0.2553620564220173,3.8757333818649e-14,0.38164092995692783,5.792366081314589e-14,300000000000000.0,50,52000000000000.0
70215.537,5811195300000.0,2.4566871e+32,0.36299641758783563,5.406038539607222e-14,0.009231971382345312,0.2565853653751879,3.823689267188676e-14,0.3834691912449381,5.714584821933994e-14,300000000000000.0,50,52000000000000.0
71215.537,5786598200000.0,2.4313529e+32,0.3647032829860609,5.335661488943395e-14,0.009188528190724528,0.25779263094166827,3.773903467702144e-14,0.3852734752815868,5.640178674272616e-14,300000000000000.0,50,52000000000000.0
72215.537,5762352400000.0,2.4081389e+32,0.36638869667104945,5.266694595662174e-14,0.009146019933839438,0.25898472122765315,3.725115471731478e-14,0.38705507947401496,5.5672637759718266e-14,300000000000000.0,50,52000000000000.0
73215.537,5738796200000.0,2.3852805e+32,0.3680532065466002,5.199855229653461e-14,0.00910441053672981,0.2601620239031204,3.677832649458149e-14,0.38881458320694706,5.496598401843651e-14,300000000000000.0,50,52000000000000.0
74215.537,5716683600000.0,2.3628573e+32,0.36969311218293716,5.1375566340398265e-14,0.009063848878057444,0.26132192129887677,3.633761923956448e-14,0.3905480743090061,5.430733585668104e-14,300000000000000.0,50,52000000000000.0
75215.537,5696462100000.0,2.3411126e+32,0.3713139916418245,5.0773336354854096e-14,0.009024100978906411,0.2624683593632394,3.5911595843952185e-14,0.39226145009918856,5.3670633120061644e-14,300000000000000.0,50,52000000000000.0
76215.537,5673758900000.0,2.3229897e+32,0.3729167503477713,5.015155710140393e-14,0.0089851238736313,0.2636019786278055,3.5471748559551504e-14,0.39395566786891056,5.301327037660087e-14,300000000000000.0,50,52000000000000.0
77215.537,5648603000000.0,2.2990504e+32,0.3745012256096754,4.9513564561539393e-14,0.008946903296751458,0.26472266413692275,3.502043681337535e-14,0.39563055581759055,5.233877383689919e-14,300000000000000.0,50,52000000000000.0
78215.537,5624120700000.0,2.2722594e+32,0.3760670921204439,4.888323511670873e-14,0.008909429782142118,0.2658301859128426,3.457454806594844e-14,0.39728577024156947,5.167238216142229e-14,300000000000000.0,50,52000000000000.0
79215.537,5601229300000.0,2.2569221e+32,0.3776109095901743,4.8309828989499596e-14,0.008872822787724595,0.26692211042940706,3.416892387556409e-14,0.39891767417896634,5.106616679443986e-14,300000000000000.0,50,52000000000000.0
80215.537,5590683400000.0,2.2465967e+32,0.3791351237695838,4.7888823702974585e-14,0.008837000037699182,0.268000167691354,3.387109359444944e-14,0.40052885316196873,5.0621051738300194e-14,300000000000000.0,50,52000000000000.0
81215.537,5576472200000.0,2.2357452e+32,0.38064692879370426,4.745945789277317e-14,0.008801729501289176,0.2690694464242235,3.3567352091342153e-14,0.40212691240719517,5.016710229341356e-14,300000000000000.0,50,52000000000000.0
82215.537,5559481900000.0,2.2176395e+32,0.3821469695212217,4.699959254596506e-14,0.00876698299561048,0.27013040281115586,3.3242040637506326e-14,0.4037125336920111,4.9680916161841146e-14,300000000000000.0,50,52000000000000.0
83215.537,5542387600000.0,2.1997134e+32,0.38363287583317135,4.6528732150443385e-14,0.008732831955888573,0.27118136039283935,3.290895473268698e-14,0.4052832115105004,4.9183111010475846e-14,300000000000000.0,50,52000000000000.0
84215.537,5524063200000.0,2.1818774e+32,0.38510061196795564,4.603266132949477e-14,0.008699417771941439,0.2722194644197126,3.2558040628922937e-14,0.4068346793723228,4.865866131986217e-14,300000000000000.0,50,52000000000000.0
85215.537,5502683400000.0,2.1660539e+32,0.38655473368714727,4.5503828899886016e-14,0.00866653275268848,0.27324793777757495,3.2183956815885875e-14,0.408371753964133,4.809958407414273e-14,300000000000000.0,50,52000000000000.0
86215.537,5478289600000.0,2.1535278e+32,0.3879950845833837,4.494913267377444e-14,0.008634168886638977,0.27426666991672033,3.179158195359493e-14,0.4098942700690546,4.751317053006446e-14,300000000000000.0,50,52000000000000.0
87215.537,5453516000000.0,2.1404866e+32,0.38941591608384524,4.438484201617965e-14,0.008602511441185307,0.27527159461454176,3.139242371292373e-14,0.4113961506244967,4.6916619155443647e-14,300000000000000.0,50,52000000000000.0
88215.537,5429939200000.0,2.1292066e+32,0.3908171487967363,4.3849645096904536e-14,0.008571540397802302,0.2762626558583779,3.101384523664155e-14,0.41287731192203747,4.635082472256262e-14,300000000000000.0,50,52000000000000.0
89215.537,5407814200000.0,2.1203747e+32,0.39220444600488774,4.332926899243943e-14,0.008541057409784723,0.27724385964269077,3.064575087856575e-14,0.41434374101457944,4.5800699062810246e-14,300000000000000.0,50,52000000000000.0
90215.537,5385302700000.0,2.1070915e+32,0.3935767310452257,4.2820979561415117e-14,0.008511100182276533,0.27821444437503645,3.0286206952804103e-14,0.41579429968431136,4.5263352245999063e-14,300000000000000.0,50,52000000000000.0
91215.537,5363590800000.0,2.0955766e+32,0.39492770374623654,4.234180837331848e-14,0.008481881146541937,0.2791699535978768,2.9947260108983806e-14,0.4172223276520509,4.4756788251845826e-14,300000000000000.0,50,52000000000000.0
92215.537,5343849300000.0,2.0889072e+32,0.3962668585973269,4.188153050139016e-14,0.008453071261856107,0.2801171033387291,2.96216773528527e-14,0.41863786217822874,4.427019719299454e-14,300000000000000.0,50,52000000000000.0
93215.537,5324850000000.0,2.0767816e+32,0.3975939047751419,4.1441133805545076e-14,0.008424680562345837,0.28105568788052543,2.931015739482494e-14,0.42004059581387615,4.380462330693629e-14,300000000000000.0,50,52000000000000.0
94215.537,5305843900000.0,2.0593884e+32,0.3989010728204935,4.100806104928422e-14,0.008396982067399047,0.28198021138360585,2.900381969334383e-14,0.42142231489726667,4.33467944665354e-14,300000000000000.0,50,52000000000000.0
95215.537,5286157700000.0,2.0410488e+32,0.40019823652644065,4.056777050726119e-14,0.008369626459379047,0.28289765823038154,2.869237817218832e-14,0.42279345775269855,4.288133789345751e-14,300000000000000.0,50,52000000000000.0
96215.537,5264864100000.0,2.023803e+32,0.4014838547780505,4.0117982040527193e-14,0.008342665970140228,0.28380693830356096,2.837422032421462e-14,0.42415239517454345,4.2405843667599905e-14,300000000000000.0,50,52000000000000.0
97215.537,5242518100000.0,2.0043829e+32,0.4027497771042048,3.964597705289093e-14,0.00831635408001491,0.2847022864649191,2.8040351502734456e-14,0.42549051103354346,4.190686912965853e-14,300000000000000.0,50,52000000000000.0
98215.537,5218384600000.0,1.9842722e+32,0.4040056948128338,3.916895197730081e-14,0.008290360762361728,0.2855905579317678,2.7702933144019044e-14,0.426818050611559,4.140258976313089e-14,300000000000000.0,50,52000000000000.0
99215.537,5193856000000.0,1.9676768e+32,0.40524601046733805,3.8686801645205616e-14,0.00826485955621438,0.2864677934281515,2.7361891415250133e-14,0.42812909668136184,4.089289523755691e-14,300000000000000.0,50,52000000000000.0
100215.537,5170536700000.0,1.957343e+32,0.40646835639076806,3.822927328957505e-14,0.008239908521607294,0.2873323183076526,2.7038265668955064e-14,0.4294211464486738,4.040922929009231e-14,300000000000000.0,50,52000000000000.0
101215.537,5148457100000.0,1.9579218e+32,0.4076816139091662,3.7788275263287525e-14,0.008215235690611073,0.28819041464162587,2.672633209976302e-14,0.4307035886102779,3.9943037556921045e-14,300000000000000.0,50,52000000000000.0
102215.537,5128786700000.0,2.0048413e+32,0.4088748160193583,3.7403428883472974e-14,0.008191176520493199,0.2890343250866522,2.6454114429894687e-14,0.4319648296422091,3.953620207535172e-14,300000000000000.0,50,52000000000000.0
103215.537,5112326600000.0,2.0042785e+32,0.41005843333573494,3.705053272066951e-14,0.008167419473500775,0.28987145581287266,2.6204494839566956e-14,0.4332159382306195,3.9163139896084057e-14,300000000000000.0,50,52000000000000.0
104215.537,5098486600000.0,2.0442199e+32,0.41123168090326423,3.6732203365707553e-14,0.008143989292270119,0.29070125158931465,2.5979324018172347e-14,0.43445608457022783,3.8826616913105104e-14,300000000000000.0,50,52000000000000.0
105215.537,5083625100000.0,2.0615425e+32,0.4123913512904933,3.639168879174846e-14,0.008121008355880173,0.29152144352372084,2.5738463700949127e-14,0.43568187774653594,3.8466645699403666e-14,300000000000000.0,50,52000000000000.0
106215.537,5064635900000.0,2.0581397e+32,0.4135457636816467,3.604326015339168e-14,0.008098197769272055,0.2923379162294734,2.549200655026515e-14,0.4369021124504966,3.809830991929045e-14,300000000000000.0,50,52000000000000.0
107215.537,5044587800000.0,2.0490505e+32,0.4146837225718387,3.56733550108604e-14,0.008075902638535682,0.29314275071429435,2.523036136379213e-14,0.4381049535698504,3.770727535575629e-14,300000000000000.0,50,52000000000000.0
108215.537,5026781300000.0,2.0434978e+32,0.41581391866131767,3.531525484050499e-14,0.008053839437570784,0.2939420943334673,2.4977065996740978e-14,0.43929958846809614,3.732871977895104e-14,300000000000000.0,50,52000000000000.0
109215.537,5008904600000.0,2.0215685e+32,0.4169317465797472,3.4975963077128194e-14,0.008032145761367767,0.29473268956812626,2.473707407501309e-14,0.44048114871067484,3.697004649052238e-14,300000000000000.0,50,52000000000000.0
110215.537,4992823700000.0,2.0094661e+32,0.4180377179083736,3.4664671498891993e-14,0.008010808776596578,0.29551489825740124,2.4516886469865054e-14,0.4416501750738222,3.664097116862076e-14,300000000000000.0,50,52000000000000.0
111215.537,4978944800000.0,1.9983756e+32,0.41913678057686116,3.436969521587746e-14,0.007989679630665885,0.29629222023027973,2.4308238548117007e-14,0.44281189813014604,3.632914214560698e-14,300000000000000.0,50,52000000000000.0
112215.537,4964326500000.0,1.981955e+32,0.4202217582475672,3.4067750250907436e-14,0.007968986422476563,0.297059579349586,2.4094663120993616e-14,0.443958731477194,3.600994889796036e-14,300000000000000.0,50,52000000000000.0
113215.537,4947668400000.0,1.9652487e+32,0.42130357892605663,3.376330938330228e-14,0.007948390260448489,0.29782470541285583,2.387932270530132e-14,0.4451022274717624,3.5688117846663926e-14,300000000000000.0,50,52000000000000.0
114215.537,4930194500000.0,1.9464802e+32,0.42236874412353026,3.342714327293608e-14,0.007928292888913223,0.29857805053263325,2.3641545734229653e-14,0.4462281165834767,3.5332754955576386e-14,300000000000000.0,50,52000000000000.0
115215.537,4910221300000.0,1.9247556e+32,0.4234300552495857,3.308992705151156e-14,0.007908304332893273,0.299328669591098,2.3403026350552947e-14,0.44734993153685276,3.497628252147033e-14,300000000000000.0,50,52000000000000.0
116215.537,4889710100000.0,1.9012504e+32,0.4244757060578272,3.2748443894908835e-14,0.007888757928916733,0.30006821179552845,2.3161490308365604e-14,0.44845519188926775,3.4615301661231714e-14,300000000000000.0,50,52000000000000.0
117215.537,4872066400000.0,1.8786134e+32,0.4255147730889555,3.242914799625647e-14,0.00786939223183474,0.3008030971979005,2.2935646737052537e-14,0.4495534925498796,3.4277773517441096e-14,300000000000000.0,50,52000000000000.0
118215.537,4856977600000.0,1.8586873e+32,0.42654027844653697,3.2155554791369197e-14,0.007850398766052407,0.30152839022978345,2.2742127493170517e-14,0.4506374572044877,3.398855473752863e-14,300000000000000.0,50,52000000000000.0
119215.537,4844387800000.0,1.8451456e+32,0.4275588011073876,3.1908240865334944e-14,0.007831607247046478,0.30224874422748177,2.2567194815148334e-14,0.45171404036352897,3.3727113955692984e-14,300000000000000.0,50,52000000000000.0
120215.537,4834015300000.0,1.8399383e+32,0.4285679036014068,3.169637960186763e-14,0.00781308816896103,0.30296243510807813,2.241733676917342e-14,0.45278066534704214,3.3503147717892994e-14,300000000000000.0,50,52000000000000.0
121215.537,4825324000000.0,1.8485693e+32,0.4295706336369261,3.1498147883368774e-14,0.007794768043099641,0.30367161849087515,2.227711869146339e-14,0.4538405537731857,3.3293588612214325e-14,300000000000000.0,50,52000000000000.0
122215.537,4817131800000.0,1.8561678e+32,0.4305668277257501,3.131389538174477e-14,0.0077766519736681815,0.30437617873405554,2.2146787899598448e-14,0.45489353281264927,3.3098806259900114e-14,300000000000000.0,50,52000000000000.0
123215.537,4807939400000.0,1.8520826e+32,0.43155697271911714,3.11234365982574e-14,0.007758732073118239,0.30507646015662826,2.201206815543958e-14,0.45594011705675264,3.289746454419947e-14,300000000000000.0,50,52000000000000.0
124215.537,4798344500000.0,1.8426775e+32,0.4325417579784258,3.0927478807436484e-14,0.0077409859858339255,0.3057729503775735,2.1873459628692002e-14,0.45698103526322575,3.2690310977190824e-14,300000000000000.0,50,52000000000000.0
125215.537,4787881100000.0,1.821482e+32,0.4335199483700089,3.072139035013104e-14,0.007723443792032513,0.3064647757934314,2.172768665855325e-14,0.4580149818133663,3.2472450022058836e-14,300000000000000.0,50,52000000000000.0
126215.537,4777245300000.0,1.7961573e+32,0.4344924026690638,3.050649042870751e-14,0.007706078940966769,0.30715254384912366,2.1575682189631688e-14,0.45904286454729964,3.224527598112037e-14,300000000000000.0,50,52000000000000.0
127215.537,4763183400000.0,1.7581453e+32,0.4354578896313453,3.0258588116096354e-14,0.007688917187860665,0.30783538372094765,2.140033731754039e-14,0.4600633820014371,3.19832192670647e-14,300000000000000.0,50,52000000000000.0
128215.537,4747842000000.0,1.7315932e+32,0.43641660106522834,2.997859195672868e-14,0.007671952941497521,0.30851343108010326,2.1202294595517368e-14,0.4610767369393876,3.168724018783505e-14,300000000000000.0,50,52000000000000.0
129215.537,4725636200000.0,1.7150529e+32,0.4373671938426195,2.966221083821578e-14,0.007655199490502562,0.30918573607181193,2.097851922707733e-14,0.4620815097865035,3.1352803183249214e-14,300000000000000.0,50,52000000000000.0
130215.537,4700636100000.0,1.7014764e+32,0.4383077082775877,2.930066213838228e-14,0.0076387077167819,0.3098509126001465,2.072279985136231e-14,0.4630756289928078,3.0970625257366363e-14,300000000000000.0,50,52000000000000.0
131215.537,4677388200000.0,1.6872339e+32,0.43923982172364445,2.895693620198455e-14,0.007622413999424168,0.3105101472024258,2.0479686008391266e-14,0.4640608678670324,3.0607286554978886e-14,300000000000000.0,50,52000000000000.0
132215.537,4657078100000.0,1.673812e+32,0.4401564568820823,2.8646047573376306e-14,0.00760648518831527,0.31115843418395894,2.025979705756762e-14,0.465029745294345,3.0278657923376015e-14,300000000000000.0,50,52000000000000.0
133215.537,4637933500000.0,1.6619756e+32,0.44106843018283726,2.83466208138829e-14,0.007590668162603596,0.31180342387218357,2.004801470166307e-14,0.46599369484791087,2.9962144760297064e-14,300000000000000.0,50,52000000000000.0
134215.537,4620995400000.0,1.6519265e+32,0.4419641980603045,2.8087037493058015e-14,0.007575239722259082,0.31243695159880375,1.986441227123436e-14,0.46694051426036026,2.968774706043241e-14,300000000000000.0,50,52000000000000.0
135215.537,4605237600000.0,1.6392548e+32,0.44285889674801826,2.782963397078279e-14,0.0075598376877922015,0.31306972309102216,1.9682351546038033e-14,0.46788620346456616,2.9415653470100966e-14,300000000000000.0,50,52000000000000.0
136215.537,4590326300000.0,1.6234996e+32,0.44373695764631316,2.7606150554012714e-14,0.007544846558340131,0.3136907267294179,1.9524281480046635e-14,0.468814305363344,2.917941440333256e-14,300000000000000.0,50,52000000000000.0
137215.537,4576999200000.0,1.6098381e+32,0.4446150185446081,2.7382667137242636e-14,0.007529855428888061,0.3143117303678136,1.936621141405524e-14,0.4697424072621219,2.894317533656416e-14,300000000000000.0,50,52000000000000.0
138215.537,4564764500000.0,1.5949501e+32,0.4454797221818705,2.7190836437979225e-14,0.007515202542236591,0.3149232864008193,1.923052819648965e-14,0.470656389514232,2.874039386197283e-14,300000000000000.0,50,52000000000000.0
139215.537,4554180400000.0,1.5806594e+32,0.4463422906459462,2.700406546118004e-14,0.007500603724076909,0.31553333222348634,1.909842354180289e-14,0.47156811472495486,2.8542960621090084e-14,300000000000000.0,50,52000000000000.0
140215.537,4543227600000.0,1.5741271e+32,0.44719659292012526,2.6822338672476916e-14,0.007486222723348962,0.3161375313017577,1.8969886781929953e-14,0.4724711018507299,2.8350859678231567e-14,300000000000000.0,50,52000000000000.0
141215.537,4533465800000.0,1.566251e+32,0.4480460033680772,2.6643596970244214e-14,0.007471970624211542,0.31673827035093033,1.8843461456907148e-14,0.47336891788877816,2.8161914321640912e-14,300000000000000.0,50,52000000000000.0
142215.537,4520967500000.0,1.5542908e+32,0.4488908332524936,2.6457407560636426e-14,0.007457838573994528,0.31733576953371184,1.871176904834319e-14,0.47426189187709883,2.796509721384188e-14,300000000000000.0,50,52000000000000.0
143215.537,4507545300000.0,1.542085e+32,0.4497274465410442,2.625785848443873e-14,0.007443921867032871,0.31792745705760256,1.8570628567175514e-14,0.4751461802167071,2.77541597913841e-14,300000000000000.0,50,52000000000000.0
144215.537,4495006300000.0,1.5308552e+32,0.4505633233749724,2.606153340777862e-14,0.007430023353627428,0.3185186236892811,1.8431768261396575e-14,0.47602969007193086,2.754663013546272e-14,300000000000000.0,50,52000000000000.0
145215.537,4485277100000.0,1.5190528e+32,0.45138541741706095,2.5925545673261954e-14,0.007416465333703241,0.3191000417923813,1.8335581572959436e-14,0.4768986305458257,2.7402877031943053e-14,300000000000000.0,50,52000000000000.0
146215.537,4478676800000.0,1.5090164e+32,0.4522075114591495,2.5789557938745292e-14,0.007402907313779054,0.3196814598954814,1.8239394884522298e-14,0.47776757101972056,2.7259123928423383e-14,300000000000000.0,50,52000000000000.0
147215.537,4475058200000.0,1.5023336e+32,0.4530225065252199,2.5692690693388507e-14,0.007389546920041383,0.32025785675900514,1.817087607200661e-14,0.47862900714156453,2.7156721001766987e-14,300000000000000.0,50,52000000000000.0
148215.537,4472664500000.0,1.4987878e+32,0.4538345451346845,2.561211566092372e-14,0.007376268830180091,0.3208321624650326,1.8113879889561824e-14,0.47948731798292626,2.7071538869099775e-14,300000000000000.0,50,52000000000000.0
149215.537,4469345500000.0,1.4933831e+32,0.4546446273391743,2.5522098414966492e-14,0.007363058993353515,0.3214050842732015,1.8050205932402544e-14,0.48034356055645094,2.6976376677915954e-14,300000000000000.0,50,52000000000000.0
150215.537,4464322600000.0,1.4849424e+32,0.4554506110318843,2.5412300487746985e-14,0.0073499921411698905,0.32197510692616066,1.7972542571882035e-14,0.4811954702744559,2.6860307063207575e-14,300000000000000.0,50,52000000000000.0
151215.537,4457415100000.0,1.4753877e+32,0.4562565947245943,2.5302502560527477e-14,0.007336925288986265,0.32254512957911974,1.7894879211361527e-14,0.4820473799924609,2.6744237448499196e-14,300000000000000.0,50,52000000000000.0
152215.537,4449598000000.0,1.4653359e+32,0.4570550194099391,2.516976068273336e-14,0.007324080688204408,0.32310980551990454,1.780098943667555e-14,0.48289129893054256,2.6603917159267442e-14,300000000000000.0,50,52000000000000.0
153215.537,4441283700000.0,1.4541257e+32,0.4578526179978506,2.5034511340960902e-14,0.007311260376499632,0.32367389713724704,1.7705326334031724e-14,0.4837343445842806,2.6460946598774863e-14,300000000000000.0,50,52000000000000.0
154215.537,4433153500000.0,1.4450416e+32,0.4586455931258027,2.4900775786125842e-14,0.0072985621091260855,0.32423471853886154,1.7610734052887817e-14,0.4845725028304117,2.6319576406703455e-14,300000000000000.0,50,52000000000000.0
155215.537,4425095100000.0,1.4340981e+32,0.4594326949316754,2.4768963240967764e-14,0.00728601887838562,0.3247913856857818,1.751750206892695e-14,0.4854044524537233,2.6180239211406313e-14,300000000000000.0,50,52000000000000.0
156215.537,4417254900000.0,1.4230831e+32,0.460219796737548,2.463715069580969e-14,0.007273475647645155,0.3253480528327021,1.742427008496609e-14,0.4862364020770349,2.604090201610917e-14,300000000000000.0,50,52000000000000.0
157215.537,4409619300000.0,1.4126373e+32,0.46099713190419966,2.4507622139729124e-14,0.007261187508863769,0.3258978119637722,1.7332653864994003e-14,0.4870580275228193,2.5903979621748092e-14,300000000000000.0,50,52000000000000.0
158215.537,4401643900000.0,1.4020105e+32,0.4617738372753533,2.4378240865226804e-14,0.00724891581952459,0.3264471256358483,1.7241141836531713e-14,0.4878789872206037,2.5767212944284487e-14,300000000000000.0,50,52000000000000.0
159215.537,4393279800000.0,1.391443e+32,0.46254641822273707,2.4247437509664967e-14,0.007236750420286871,0.32699352208217536,1.7148624248391656e-14,0.4886955870623145,2.562894344342195e-14,300000000000000.0,50,52000000000000.0
160215.537,4384780400000.0,1.3805989e+32,0.46331275294870566,2.4114480487636365e-14,0.007224745991779851,0.3275355005445698,1.7054583793363075e-14,0.4895055841328519,2.5488397996094837e-14,300000000000000.0,50,52000000000000.0
161215.537,4376329400000.0,1.3703099e+32,0.4640790876746743,2.398152346560776e-14,0.007212741563272831,0.3280774790069643,1.6960543338334495e-14,0.49031558120338936,2.534785254876772e-14,300000000000000.0,50,52000000000000.0
162215.537,4367890900000.0,1.3607571e+32,0.46483659934071797,2.3845589165310434e-14,0.007200957556288085,0.32861321692216977,1.686439763341472e-14,0.49111625164427586,2.520416077508868e-14,300000000000000.0,50,52000000000000.0
163215.537,4359037000000.0,1.351902e+32,0.4655921034721893,2.3708977436875198e-14,0.007189223702405572,0.3291475349088766,1.6767772915320857e-14,0.49191479997201504,2.5059753109306353e-14,300000000000000.0,50,52000000000000.0
164215.537,4349322700000.0,1.3448963e+32,0.4663454636872059,2.3573966354976003e-14,0.007177541785689515,0.3296803365153617,1.667228031405965e-14,0.49271108203773983,2.4917037415627375e-14,300000000000000.0,50,52000000000000.0
165215.537,4340477200000.0,1.3376082e+32,0.467089658520135,2.344579814097731e-14,0.007166081903733273,0.3302066554979127,1.6581627585786864e-14,0.4934976756861638,2.4781555012580565e-14,300000000000000.0,50,52000000000000.0
166215.537,4332266300000.0,1.3300238e+32,0.4678338533530641,2.3317629926978616e-14,0.00715462202177703,0.3307329744804638,1.649097485751408e-14,0.49428426933458786,2.464607260953375e-14,300000000000000.0,50,52000000000000.0
167215.537,4324840000000.0,1.3229407e+32,0.46857242162566354,2.3191720953083084e-14,0.0071432987565488455,0.3312553138254061,1.6401920161693858e-14,0.49506491533116775,2.4512978501624805e-14,300000000000000.0,50,52000000000000.0
168215.537,4316911400000.0,1.3154531e+32,0.4693058335808553,2.3067882402037324e-14,0.007132100690229373,0.33177400613317537,1.631432994187149e-14,0.49584011075422807,2.4382073085753735e-14,300000000000000.0,50,52000000000000.0
169215.537,4308195800000.0,1.3079537e+32,0.47003924553604703,2.2944043850991567e-14,0.0071209026239099004,0.33229269844094467,1.622673972204912e-14,0.49661530617728844,2.4251167669882665e-14,300000000000000.0,50,52000000000000.0
170215.537,4299091500000.0,1.299859e+32,0.47076407427402417,2.2817160235352402e-14,0.00710991127163817,0.3328053198937479,1.6136996279849623e-14,0.49738142858060247,2.4117044231043678e-14,300000000000000.0,50,52000000000000.0
171215.537,4290059700000.0,1.2912289e+32,0.4714868981574515,2.2689565358253584e-14,0.0070989682033127475,0.33331652332567435,1.6046749891310587e-14,0.49814543172205195,2.3982169131396478e-14,300000000000000.0,50,52000000000000.0
172215.537,4281908100000.0,1.2830032e+32,0.4722091078473254,2.2562688646981197e-14,0.007088039468486675,0.333827292345567,1.5957011433918044e-14,0.4989087856257059,2.3848053144937513e-14,300000000000000.0,50,52000000000000.0
173215.537,4274170100000.0,1.2748749e+32,0.4729208450659277,2.2448057213998685e-14,0.007077355130820643,0.33433065430701947,1.5875933592238484e-14,0.4996610695268768,2.3726880620700468e-14,300000000000000.0,50,52000000000000.0
174215.537,4266551700000.0,1.2666706e+32,0.47363258228453,2.2333425781016176e-14,0.00706667079315461,0.334834016268472,1.5794855750558923e-14,0.5004133534280476,2.3605708096463422e-14,300000000000000.0,50,52000000000000.0
175215.537,4258778500000.0,1.2575226e+32,0.4743417349150277,2.222054320511572e-14,0.0070560478578832785,0.33533555017264816,1.57150148471278e-14,0.5011629052595182,2.3486384201955867e-14,300000000000000.0,50,52000000000000.0
176215.537,4251099400000.0,1.2478811e+32,0.4750433498601347,2.2112760991030874e-14,0.007045603996381055,0.33583175273578786,1.5638781346883182e-14,0.5019044892906925,2.3372451645928854e-14,300000000000000.0,50,52000000000000.0
177215.537,4243951000000.0,1.2382522e+32,0.47574496480524164,2.2004978776946024e-14,0.0070351601348788316,0.3363279552989275,1.5562547846638565e-14,0.5026460733218667,2.325851908990184e-14,300000000000000.0,50,52000000000000.0
178215.537,4237583100000.0,1.2291072e+32,0.47644261670392424,2.1904599479139415e-14,0.0070248106510852875,0.3368213548309444,1.5491550037816986e-14,0.5033834681645684,2.3152411376094904e-14,300000000000000.0,50,52000000000000.0
179215.537,4231887000000.0,1.2201195e+32,0.4771345593856855,2.18148849201111e-14,0.007014597129062987,0.33731071627937514,1.5428094835078167e-14,0.5041148280071331,2.3057576233140046e-14,300000000000000.0,50,52000000000000.0
180215.537,4226527800000.0,1.2113404e+32,0.47782650206744676,2.1725170361082788e-14,0.007004383607040686,0.3378000777278059,1.5364639632339348e-14,0.504846187849698,2.296274109018519e-14,300000000000000.0,50,52000000000000.0
181215.537,4221071500000.0,1.2023172e+32,0.47851420780545134,2.1635683281623265e-14,0.006994276363779827,0.3382864423814245,1.5301345466912563e-14,0.5055730689190157,2.2868146624352288e-14,300000000000000.0,50,52000000000000.0
182215.537,4215331500000.0,1.1933229e+32,0.4791979686543334,2.154640800145306e-14,0.0069842680734326845,0.3387700168107834,1.5238201238416042e-14,0.506295779939147,2.277377624564798e-14,300000000000000.0,50,52000000000000.0
183215.537,4209504100000.0,1.1843209e+32,0.4798817295032154,2.1457132721282855e-14,0.006974259783085542,0.3392535912401422,1.517505700991952e-14,0.5070184909592782,2.2679405866943677e-14,300000000000000.0,50,52000000000000.0
184215.537,4203737600000.0,1.1755409e+32,0.48056070019149355,2.1366890912802082e-14,0.006964369510840505,0.3397337775984121,1.511122940101557e-14,0.5077361384358465,2.2584014167717543e-14,300000000000000.0,50,52000000000000.0
185215.537,4197794300000.0,1.1670441e+32,0.4812361868489294,2.1275946118613198e-14,0.0069545650767837254,0.3402114997085813,1.5046904748564762e-14,0.5084501030417548,2.2487879630726183e-14,300000000000000.0,50,52000000000000.0
186215.537,4191640300000.0,1.1584405e+32,0.48191167350636516,2.1185001324424317e-14,0.006944760642726946,0.3406892218187504,1.4982580096113953e-14,0.509164067647663,2.2391745093734827e-14,300000000000000.0,50,52000000000000.0
187215.537,4185384100000.0,1.1501211e+32,0.4825820872950904,2.1092943472199332e-14,0.006935077804807166,0.3411633559223751,1.491746843859549e-14,0.509872669902828,2.229443436734545e-14,300000000000000.0,50,52000000000000.0
188215.537,4179190200000.0,1.1417247e+32,0.483249007937068,2.1000119174934945e-14,0.006925478697252732,0.3416350193463693,1.485181485414193e-14,0.5105775796756666,2.219631372404224e-14,300000000000000.0,50,52000000000000.0
189215.537,4172769100000.0,1.1357014e+32,0.4839159285790456,2.0907294877670554e-14,0.006915879589698298,0.34210668277036355,1.4786161269688376e-14,0.5112824894485052,2.2098193080739035e-14,300000000000000.0,50,52000000000000.0
190215.537,4166105400000.0,1.128931e+32,0.4845779009172818,2.0814630256162808e-14,0.006906395801165442,0.3425748463146155,1.4720620778618633e-14,0.5119821685784983,2.2000241461647822e-14,300000000000000.0,50,52000000000000.0
191215.537,4159573200000.0,1.1206726e+32,0.4852359363155331,2.0722092674930642e-14,0.006897003762066496,0.3430402253053679,1.4655170266234127e-14,0.5126776861355483,2.1902424320594614e-14,300000000000000.0,50,52000000000000.0
192215.537,4153176000000.0,1.1122175e+32,0.4858939717137844,2.062955509369848e-14,0.0068876117229675505,0.34350560429612026,1.458971975384962e-14,0.5133732036925982,2.1804607179541406e-14,300000000000000.0,50,52000000000000.0
193215.537,4146909100000.0,1.1039933e+32,0.4865477559860776,2.053804065899013e-14,0.006878316879713228,0.3439679765260684,1.452499297339409e-14,0.5140642275835945,2.1707871672642472e-14,300000000000000.0,50,52000000000000.0
194215.537,4140715200000.0,1.0966617e+32,0.48719678951955586,2.0447669615927216e-14,0.00686913065522868,0.344426988626159,1.4461074981339692e-14,0.5147502296911965,2.161234491876827e-14,300000000000000.0,50,52000000000000.0
195215.537,4134177900000.0,1.0899106e+32,0.4878458230530341,2.03572985728643e-14,0.006859944430744131,0.34488600072624964,1.4397156989285292e-14,0.5154362317987986,2.1516818164894066e-14,300000000000000.0,50,52000000000000.0
196215.537,4127603600000.0,1.0831943e+32,0.4884918420768179,2.0265678985405335e-14,0.006850826345643478,0.3453428807118911,1.433235609470482e-14,0.5161190474175003,2.1419971899168642e-14,300000000000000.0,50,52000000000000.0
197215.537,4120940600000.0,1.0765751e+32,0.48913194152073547,2.0171607636625914e-14,0.006841842065561183,0.3457955738734567,1.4265821448188887e-14,0.5167956057415005,2.1320534513632857e-14,300000000000000.0,50,52000000000000.0
198215.537,4114002700000.0,1.0701207e+32,0.489772040964653,2.007753628784649e-14,0.006832857785478888,0.3462482670350223,1.4199286801672954e-14,0.5174721640655007,2.1221097128097072e-14,300000000000000.0,50,52000000000000.0
199215.537,4106658300000.0,1.0639857e+32,0.4904107076338504,1.9982338964650643e-14,0.006823904776095301,0.3466999468257712,1.4131955885615873e-14,0.5181472078861576,2.1120469704067162e-14,300000000000000.0,50,52000000000000.0
200215.537,4099193400000.0,1.0577276e+32,0.4910413559193316,1.9880840235658775e-14,0.006815126770121395,0.347145955385767,1.4060168724879876e-14,0.5188137759368453,2.101318234589044e-14,300000000000000.0,50,52000000000000.0
201215.537,4091241300000.0,1.055141e+32,0.49167200420481283,1.977934150666691e-14,0.0068063487641474895,0.34759196394576275,1.398838156414388e-14,0.519480343987533,2.090589498771372e-14,300000000000000.0,50,52000000000000.0
202215.537,4083033800000.0,1.0520918e+32,0.49230265249029403,1.9677842777675045e-14,0.006797570758173583,0.3480379725057585,1.3916594403407884e-14,0.5201469120382205,2.0798607629536996e-14,300000000000000.0,50,52000000000000.0
203215.537,4075149400000.0,1.0480945e+32,0.4929238291614757,1.9579014279114924e-14,0.006788990027830098,0.34847728206267414,1.3846695960867426e-14,0.520803468293825,2.069414300220013e-14,300000000000000.0,50,52000000000000.0
204215.537,4067542000000.0,1.0445453e+32,0.49354411422159855,1.9480437142878834e-14,0.006780427868041554,0.3489159610084774,1.3776975312943274e-14,0.5214590820884157,2.0589944092823617e-14,300000000000000.0,50,52000000000000.0
205215.537,4059854700000.0,1.0406826e+32,0.4941643992817214,1.938186000664274e-14,0.006771865708253009,0.3493546399542806,1.3707254665019124e-14,0.5221146958830064,2.0485745183447107e-14,300000000000000.0,50,52000000000000.0
206215.537,4052107600000.0,1.0363575e+32,0.4947783050328221,1.9283806186338728e-14,0.006763434961668337,0.3497888070064002,1.3637904297055833e-14,0.5227635665618193,2.038209966862827e-14,300000000000000.0,50,52000000000000.0
207215.537,4044303300000.0,1.0312528e+32,0.4953883614692445,1.9186068138117834e-14,0.0067550835106269325,0.35022025155385306,1.3568777358320299e-14,0.5234083684026983,2.0278788075522016e-14,300000000000000.0,50,52000000000000.0
208215.537,4036474000000.0,1.0261211e+32,0.4959984179056669,1.9088330089896937e-14,0.0067467320595855276,0.3506516961013059,1.3499650419584765e-14,0.5240531702435774,2.0175476482415763e-14,300000000000000.0,50,52000000000000.0
209215.537,4028614900000.0,1.0213093e+32,0.49660558989874015,1.899103085989485e-14,0.006738438977159409,0.35108110057590786,1.343083390044818e-14,0.5246949231547607,2.007262881900492e-14,300000000000000.0,50,52000000000000.0
210215.537,4020730000000.0,1.0162474e+32,0.49720533983220155,1.8894860768026055e-14,0.0067302960850090824,0.35150525566944046,1.3362816132574571e-14,0.5253288307609008,1.9970974908924715e-14,300000000000000.0,50,52000000000000.0
211215.537,4012885100000.0,1.0109855e+32,0.49780508976566296,1.8798690676157258e-14,0.006722153192858755,0.35192941076297307,1.3294798364700961e-14,0.5259627383670408,1.986932099884451e-14,300000000000000.0,50,52000000000000.0
212215.537,4005135400000.0,1.0055114e+32,0.49840483969912436,1.8702520584288462e-14,0.006714010300708428,0.3523535658565057,1.3226780596827351e-14,0.5265966459731809,1.9767667088764302e-14,300000000000000.0,50,52000000000000.0
213215.537,3997454200000.0,9.9975724e+31,0.49899550299343326,1.8610642369644225e-14,0.006706048471040318,0.3527712942855669,1.316179836412529e-14,0.5272209488011472,1.9670549847554415e-14,300000000000000.0,50,52000000000000.0
214215.537,3989883400000.0,9.9395173e+31,0.4995849468265414,1.8519340141089687e-14,0.006698110940639327,0.35318816023204885,1.3097223511677164e-14,0.5278439626317045,1.957404144439514e-14,300000000000000.0,50,52000000000000.0
215215.537,3982503600000.0,9.8817149e+31,0.5001743906596495,1.8428037912535148e-14,0.006690173410238337,0.35360502617853073,1.3032648659229039e-14,0.5284669764622618,1.9477533041235863e-14,300000000000000.0,50,52000000000000.0
216215.537,3975340100000.0,9.8214775e+31,0.500759576495876,1.8340577737579015e-14,0.006682320396985583,0.35401888059369835,1.2970791084579855e-14,0.5290854894992874,1.9385085662252827e-14,300000000000000.0,50,52000000000000.0
217215.537,3968450500000.0,9.7628178e+31,0.5013390767579612,1.825824774030866e-14,0.00667458023691846,0.3544287138024062,1.2912561808592609e-14,0.5296979927631661,1.929806084572935e-14,300000000000000.0,50,52000000000000.0
218215.537,3961838900000.0,9.7054209e+31,0.5019185770200464,1.8175917743038302e-14,0.006666840076851337,0.354838547011114,1.2854332532605363e-14,0.5303104960270448,1.9211036029205875e-14,300000000000000.0,50,52000000000000.0
219215.537,3955512700000.0,9.6485371e+31,0.5024980772821316,1.8093587745767945e-14,0.006659099916784215,0.35524838021982186,1.2796103256618116e-14,0.5309229992909236,1.91240112126824e-14,300000000000000.0,50,52000000000000.0
220215.537,3949420400000.0,9.5874356e+31,0.5030692071354815,1.8019140078596666e-14,0.006651528195130389,0.35565229331609766,1.274344870989773e-14,0.5315266548284745,1.9045317936323573e-14,300000000000000.0,50,52000000000000.0
221215.537,3943475300000.0,9.5291205e+31,0.5036395951445787,1.7945390998730646e-14,0.006643971401668579,0.3560556817305422,1.2691288234733239e-14,0.5321295262185444,1.896736305941252e-14,300000000000000.0,50,52000000000000.0
222215.537,3937704100000.0,9.4767806e+31,0.5042099831536758,1.7871641918864626e-14,0.006636414608206768,0.35645907014498673,1.2639127759568747e-14,0.5327323976086141,1.8889408182501467e-14,300000000000000.0,50,52000000000000.0
223215.537,3932130400000.0,9.4297074e+31,0.5047774522297568,1.780063861291583e-14,0.006628917614287182,0.35686039408712367,1.2588909213192895e-14,0.5333321836033895,1.881435555546705e-14,300000000000000.0,50,52000000000000.0
224215.537,3926809800000.0,9.3895132e+31,0.505339544960956,1.7734692712349316e-14,0.006621530764369186,0.3572579155044807,1.2542267480277933e-14,0.5339262866485708,1.8744648544856026e-14,300000000000000.0,50,52000000000000.0
225215.537,3921660200000.0,9.3581431e+31,0.5059016376921552,1.7668746811782802e-14,0.00661414391445119,0.35765543692183777,1.2495625747362971e-14,0.534520389693752,1.8674941534245002e-14,300000000000000.0,50,52000000000000.0
226215.537,3916759700000.0,9.3226932e+31,0.5064637304233544,1.7602800911216286e-14,0.006606757064533194,0.35805295833919476,1.2448984014448011e-14,0.5351144927389332,1.8605234523633978e-14,300000000000000.0,50,52000000000000.0
227215.537,3912159500000.0,9.2857912e+31,0.5070203416665744,1.7542468922311606e-14,0.006599484870324921,0.3584466028499343,1.2406312662406203e-14,0.5357028016689769,1.8541461323086104e-14,300000000000000.0,50,52000000000000.0
228215.537,3907802700000.0,9.2472944e+31,0.5075748961778629,1.748424335257976e-14,0.006592255696562957,0.35883879269039715,1.2365131053505805e-14,0.5362889365649511,1.8479914572122394e-14,300000000000000.0,50,52000000000000.0
229215.537,3903523900000.0,9.2075106e+31,0.5081294506891514,1.742601778284792e-14,0.0065850265228009925,0.35923098253085994,1.2323949444605407e-14,0.5368750714609254,1.8418367821158684e-14,300000000000000.0,50,52000000000000.0
230215.537,3899203100000.0,9.1669855e+31,0.508683711058734,1.736773984645858e-14,0.006577803677461344,0.35962296433164626,1.2282730808562722e-14,0.5374608954373774,1.8356765732629637e-14,300000000000000.0,50,52000000000000.0
231215.537,3894731800000.0,9.1277757e+31,0.5092315016040823,1.7308310073852434e-14,0.006570720029587545,0.36001037017426674,1.2240697738192378e-14,0.5380398805514058,1.8293946460973934e-14,300000000000000.0,50,52000000000000.0
232215.537,3890060000000.0,9.0893903e+31,0.5097792921494305,1.7248880301246285e-14,0.006563636381713744,0.3603977760168872,1.2198664667822032e-14,0.5386188656654344,1.823112718931823e-14,300000000000000.0,50,52000000000000.0
233215.537,3885422000000.0,9.0464653e+31,0.5103270826947788,1.718945052864014e-14,0.006556552733839944,0.36078518185950775,1.2156631597451688e-14,0.5391978507794628,1.8168307917662528e-14,300000000000000.0,50,52000000000000.0
234215.537,3880736000000.0,9.0349401e+31,0.5108727690895115,1.7130104068490714e-14,0.00654951313559735,0.3611710994933229,1.2114657497385534e-14,0.5397746117354082,1.81055767794069e-14,300000000000000.0,50,52000000000000.0
235215.537,3875963500000.0,9.0259127e+31,0.5114135434923829,1.7070952095421416e-14,0.006542576368125698,0.3615535430081819,1.2072821059353695e-14,0.5403461805504858,1.804305138238513e-14,300000000000000.0,50,52000000000000.0
236215.537,3871207300000.0,9.0164796e+31,0.5119543178952543,1.7011800122352114e-14,0.006535639600654047,0.36193598652304093,1.2030984621321858e-14,0.5409177493655634,1.7980525985363367e-14,300000000000000.0,50,52000000000000.0
237215.537,3866563000000.0,9.0087114e+31,0.5124950922981256,1.6952648149282816e-14,0.006528702833182395,0.3623184300379,1.1989148183290018e-14,0.5414893181806408,1.79180005883416e-14,300000000000000.0,50,52000000000000.0
238215.537,3862165500000.0,9.0028832e+31,0.5130323506757754,1.6897549729968578e-14,0.006521838380321162,0.36269838677229044,1.1950178553463533e-14,0.5420571704523554,1.7859759690334228e-14,300000000000000.0,50,52000000000000.0
239215.537,3858018600000.0,9.0065464e+31,0.5135660281533715,1.6846579657279493e-14,0.0065150475763605985,0.3630758108421659,1.1914128627850846e-14,0.5426212376060776,1.780588234542503e-14,300000000000000.0,50,52000000000000.0
240215.537,3854047600000.0,9.0072163e+31,0.5140997056309677,1.6795609584590407e-14,0.006508256772400036,0.36345323491204135,1.1878078702238159e-14,0.5431853047597999,1.7752005000515832e-14,300000000000000.0,50,52000000000000.0
241215.537,3850618000000.0,9.0096783e+31,0.514633383108564,1.674463951190132e-14,0.006501465968439472,0.36383065898191685,1.1842028776625471e-14,0.5437493719135221,1.7698127655606634e-14,300000000000000.0,50,52000000000000.0
242215.537,3847605100000.0,8.9989576e+31,0.5151631510157864,1.6698623075872184e-14,0.006494758752673788,0.36420531790523236,1.1809482215501695e-14,0.5443093064996344,1.7649486154813372e-14,300000000000000.0,50,52000000000000.0
243215.537,3844628700000.0,8.9802329e+31,0.5156906137540757,1.6655527413289213e-14,0.006488100822351662,0.36457834643714027,1.177900131536072e-14,0.5448668044327241,1.760393182320749e-14,300000000000000.0,50,52000000000000.0
244215.537,3841682600000.0,8.9549748e+31,0.516218076492365,1.661243175070624e-14,0.006481442892029535,0.3649513749690482,1.1748520415219746e-14,0.5454243023658136,1.7558377491601612e-14,300000000000000.0,50,52000000000000.0
245215.537,3838622600000.0,8.9291637e+31,0.5167455392306544,1.6569336088123265e-14,0.006474784961707408,0.36532440350095613,1.1718039515078772e-14,0.5459818002989033,1.751282315999573e-14,300000000000000.0,50,52000000000000.0
246215.537,3835437100000.0,8.895118e+31,0.5172692647240595,1.652488230436811e-14,0.006468211187608921,0.36569478873696626,1.1686598224685292e-14,0.5465353477719572,1.74658335098338e-14,300000000000000.0,50,52000000000000.0
247215.537,3832153600000.0,8.8590782e+31,0.5177913873807792,1.6479846047024654e-14,0.006461673506591498,0.36606404031121037,1.1654745040295899e-14,0.5470872009642066,1.741822827752293e-14,300000000000000.0,50,52000000000000.0
248215.537,3828847200000.0,8.8215651e+31,0.518313510037499,1.64348097896812e-14,0.006455135825574074,0.36643329188545454,1.1622891855906506e-14,0.5476390541564559,1.737062304521206e-14,300000000000000.0,50,52000000000000.0
249215.537,3825460800000.0,8.7823411e+31,0.5188356326942187,1.6389773532337743e-14,0.00644859814455665,0.3668025434596987,1.1591038671517112e-14,0.5481909073487051,1.7323017812901187e-14,300000000000000.0,50,52000000000000.0
250215.537,3822039700000.0,8.7425188e+31,0.5193537473844861,1.63447263992887e-14,0.006442147362977034,0.3671689602847438,1.1559177887289837e-14,0.5487385239505868,1.7275401224672544e-14,300000000000000.0,50,52000000000000.0
251215.537,3818627100000.0,8.7008997e+31,0.5198701987325163,1.6299674752723717e-14,0.006435732645448109,0.36753420066329634,1.1527313949061274e-14,0.5492843823292435,1.7227779923635578e-14,300000000000000.0,50,52000000000000.0
252215.537,3815241800000.0,8.6567476e+31,0.5203866500805464,1.6254623106158736e-14,0.006429317927919182,0.36789944104184896,1.1495450010832712e-14,0.5498302407079003,1.7180158622598608e-14,300000000000000.0,50,52000000000000.0
253215.537,3811885400000.0,8.6131711e+31,0.5209031014285765,1.6209571459593752e-14,0.006422903210390256,0.36826468142040153,1.146358607260415e-14,0.5503760990865572,1.713253732156164e-14,300000000000000.0,50,52000000000000.0
254215.537,3808573400000.0,8.570086e+31,0.5214158131170702,1.616585586203472e-14,0.006416568034266873,0.3686272768283581,1.1432667084846944e-14,0.5509180045030885,1.7086328268091663e-14,300000000000000.0,50,52000000000000.0
255215.537,3805317200000.0,8.5257901e+31,0.5219264989471484,1.612286403253418e-14,0.0064102759475274905,0.3689884393957344,1.1402259998198893e-14,0.5514577685103527,1.704088426116948e-14,300000000000000.0,50,52000000000000.0
256215.537,3802111700000.0,8.4828275e+31,0.5224371847772266,1.6079872203033644e-14,0.006403983860788108,0.3693496019631106,1.1371852911550843e-14,0.5519975325176167,1.6995440254247296e-14,300000000000000.0,50,52000000000000.0
257215.537,3798949600000.0,8.4392838e+31,0.5229478706073047,1.6036880373533108e-14,0.006397691774048725,0.36971076453048685,1.1341445824902792e-14,0.5525372965248808,1.6949996247325113e-14,300000000000000.0,50,52000000000000.0
258215.537,3795805100000.0,8.3958972e+31,0.5234556235319928,1.5994626724254863e-14,0.006391462101573095,0.3700698527244446,1.1311560850322366e-14,0.5530739603390523,1.6905332547851884e-14,300000000000000.0,50,52000000000000.0
259215.537,3792650300000.0,8.3529333e+31,0.5239607179660516,1.5953042188003703e-14,0.0063852890036245145,0.3704270606319419,1.1282149136844712e-14,0.5536078140270216,1.6861376147034808e-14,300000000000000.0,50,52000000000000.0
260215.537,3789516200000.0,8.3114468e+31,0.5244658124001104,1.591145765175254e-14,0.006379115905675934,0.3707842685394392,1.1252737423367059e-14,0.554141667714991,1.6817419746217734e-14,300000000000000.0,50,52000000000000.0
261215.537,3786407000000.0,8.2694038e+31,0.524970906834169,1.586987311550138e-14,0.006372942807727353,0.37114147644693646,1.1223325709889407e-14,0.5546755214029603,1.677346334540066e-14,300000000000000.0,50,52000000000000.0
262215.537,3783351400000.0,8.2242933e+31,0.5254741689145515,1.5825608966859318e-14,0.006366808508848497,0.37149738837602025,1.1192018990403738e-14,0.5552074382249718,1.6726674824796862e-14,300000000000000.0,50,52000000000000.0
263215.537,3780370400000.0,8.1799212e+31,0.5259737670179172,1.5775986661470235e-14,0.006360751792644631,0.3718507088648255,1.1156923014209901e-14,0.55573548208706,1.66742231934405e-14,300000000000000.0,50,52000000000000.0
264215.537,3777435600000.0,8.1361435e+31,0.526473365121283,1.572636435608115e-14,0.006354695076440764,0.37220402935363084,1.1121827038016064e-14,0.5562635259491482,1.6621771562084132e-14,300000000000000.0,50,52000000000000.0
265215.537,3773489500000.0,8.0626957e+31,0.5269729632246486,1.5676742050692068e-14,0.006348638360236898,0.37255734984243616,1.1086731061822228e-14,0.5567915698112365,1.6569319930727768e-14,300000000000000.0,50,52000000000000.0
266215.537,3766100200000.0,7.9383148e+31,0.5274720677572394,1.5625500399496294e-14,0.006342591198001762,0.3729103212473359,1.105048988115493e-14,0.5573190919605157,1.6515156770853785e-14,300000000000000.0,50,52000000000000.0
267215.537,3758832700000.0,7.8486308e+31,0.5279650004855004,1.5554009807379224e-14,0.006336663502373204,0.37325892756891005,1.0999928610467265e-14,0.5578400904063318,1.6439591980954173e-14,300000000000000.0,50,52000000000000.0
268215.537,3752526200000.0,7.7752995e+31,0.5284579332137613,1.5482519215262153e-14,0.006330735806744646,0.3736075338904842,1.0949367339779599e-14,0.5583610888521479,1.636402719105456e-14,300000000000000.0,50,52000000000000.0
269215.537,3745607300000.0,7.7011716e+31,0.5289508659420222,1.5411028623145083e-14,0.006324808111116087,0.37395614021205825,1.0898806069091934e-14,0.558882087297964,1.6288462401154948e-14,300000000000000.0,50,52000000000000.0
270215.537,3738419000000.0,7.6326917e+31,0.5294437986702832,1.5339538031028012e-14,0.006318880415487529,0.3743047465336324,1.084824479840427e-14,0.5594030857437801,1.6212897611255335e-14,300000000000000.0,50,52000000000000.0
271215.537,3731711200000.0,7.5675594e+31,0.5299294566129961,1.527625890487938e-14,0.006313075101180703,0.3746482078089788,1.0803490867742329e-14,0.5599163948192157,1.6146011998745542e-14,300000000000000.0,50,52000000000000.0
272215.537,3725630400000.0,7.5114381e+31,0.5304126303884495,1.5215783800206807e-14,0.006307311577201662,0.37498991217268807,1.0760720006390237e-14,0.5604270781564743,1.608209012010362e-14,300000000000000.0,50,52000000000000.0
273215.537,3720184900000.0,7.4606002e+31,0.5308958041639031,1.5155308695534234e-14,0.00630154805322262,0.3753316165363973,1.0717949145038146e-14,0.5609377614937328,1.6018168241461702e-14,300000000000000.0,50,52000000000000.0
274215.537,3714938100000.0,7.4091218e+31,0.5313789779393566,1.509483359086166e-14,0.006295784529243578,0.3756733209001066,1.0675178283686055e-14,0.5614484448309912,1.595424636281978e-14,300000000000000.0,50,52000000000000.0
275215.537,3709761800000.0,7.3600192e+31,0.5318592452201752,1.503636272868016e-14,0.00629007136068312,0.3760129696530034,1.0633824887870257e-14,0.5619560560181753,1.5892442913149454e-14,300000000000000.0,50,52000000000000.0
276215.537,3704694300000.0,7.3096019e+31,0.5323340294658812,1.4981672823745668e-14,0.00628445318645876,0.3763487405434995,1.0595145508105767e-14,0.5624578716650793,1.5834635830888804e-14,300000000000000.0,50,52000000000000.0
277215.537,3699678800000.0,7.2580687e+31,0.5328088137115871,1.4926982918811177e-14,0.0062788350122344,0.3766845114339955,1.0556466128341276e-14,0.5629596873119834,1.5776828748628153e-14,300000000000000.0,50,52000000000000.0
278215.537,3694602700000.0,7.2070792e+31,0.533283597957293,1.4872293013876683e-14,0.00627321683801004,0.37702028232449153,1.0517786748576784e-14,0.5634615029588875,1.5719021666367503e-14,300000000000000.0,50,52000000000000.0
279215.537,3689319600000.0,7.1579881e+31,0.533758382202999,1.481760310894219e-14,0.006267598663785679,0.37735605321498755,1.0479107368812294e-14,0.5639633186057916,1.5661214584106853e-14,300000000000000.0,50,52000000000000.0
280215.537,3683808500000.0,7.1065347e+31,0.5342264130023231,1.475662424405147e-14,0.006262098897300175,0.3776870477373836,1.0435980517953032e-14,0.5644579958780541,1.559676067911694e-14,300000000000000.0,50,52000000000000.0
281215.537,3677838200000.0,7.0557992e+31,0.5346934868850471,1.469475427707157e-14,0.006256615908371564,0.37801736548148535,1.0392223491228175e-14,0.5649516616920468,1.5531364965360286e-14,300000000000000.0,50,52000000000000.0
282215.537,3671391300000.0,7.0076642e+31,0.5351605607677711,1.463288431009167e-14,0.006251132919442953,0.37834768322558704,1.0348466464503316e-14,0.5654453275060396,1.5465969251603632e-14,300000000000000.0,50,52000000000000.0
283215.537,3664789200000.0,6.9638043e+31,0.5356276346504951,1.4571014343111768e-14,0.006245649930514342,0.37867800096968873,1.0304709437778459e-14,0.5659389933200323,1.540057353784698e-14,300000000000000.0,50,52000000000000.0
284215.537,3658691900000.0,6.9172279e+31,0.5360917599272423,1.4513937941147497e-14,0.0062402157225079835,0.37900623333639616,1.0264342494548994e-14,0.5664295424976044,1.5340244365885885e-14,300000000000000.0,50,52000000000000.0
285215.537,3653557100000.0,6.8745529e+31,0.5365499693107593,1.4466479039469438e-14,0.006234879385404014,0.37933028173613514,1.0230777196625463e-14,0.5669138386564794,1.5290080377250777e-14,300000000000000.0,50,52000000000000.0
286215.537,3649143400000.0,6.8277281e+31,0.5370081786942762,1.441902013779138e-14,0.006229543048300044,0.37965433013587413,1.0197211898701931e-14,0.5673981348153544,1.523991638861567e-14,300000000000000.0,50,52000000000000.0
287215.537,3644965000000.0,6.7742158e+31,0.5374663880777931,1.437156123611332e-14,0.006224206711196074,0.3799783785356131,1.01636466007784e-14,0.5678824309742295,1.518975239998056e-14,300000000000000.0,50,52000000000000.0
288215.537,3641130000000.0,6.7290702e+31,0.53792459746131,1.432410233443526e-14,0.006218870374092104,0.3803024269353521,1.013008130285487e-14,0.5683667271331045,1.5139588411345452e-14,300000000000000.0,50,52000000000000.0
289215.537,3637774900000.0,6.6904608e+31,0.5383778626664308,1.4279245229705132e-14,0.006213621186363216,0.38062297856599225,1.0098356090912054e-14,0.5688457973027531,1.5092174466149223e-14,300000000000000.0,50,52000000000000.0
290215.537,3634388900000.0,6.6565838e+31,0.5388291617218097,1.4235422780682758e-14,0.00620840665529669,0.3809421396376536,1.0067362625335622e-14,0.5693227892550425,1.504585412979241e-14,300000000000000.0,50,52000000000000.0
291215.537,3630340300000.0,6.6132674e+31,0.5392804607771886,1.4191600331660386e-14,0.006203192124230163,0.38126130070931497,1.0036369159759189e-14,0.569799781207332,1.4999533793435596e-14,300000000000000.0,50,52000000000000.0
292215.537,3625685100000.0,6.5639137e+31,0.5397317598325674,1.4147777882638015e-14,0.006197977593163637,0.3815804617809764,1.0005375694182756e-14,0.5702767731596214,1.4953213457078783e-14,300000000000000.0,50,52000000000000.0
293215.537,3620922900000.0,6.5083377e+31,0.5401829082652634,1.4103702584495171e-14,0.00619276573838172,0.3818995163246129,9.974203415202843e-15,0.5707536059037084,1.4906625880945533e-14,300000000000000.0,50,52000000000000.0
294215.537,3615727900000.0,6.4515695e+31,0.5406277227041357,1.404899446042971e-14,0.00618766642687589,0.38221409114555227,9.935511664577932e-15,0.5712237436152052,1.4848800322187987e-14,300000000000000.0,50,52000000000000.0
295215.537,3610475400000.0,6.4043301e+31,0.5410725371430081,1.399428633636425e-14,0.006182567115370061,0.3825286659664916,9.896819913953022e-15,0.571693881326702,1.4790974763430438e-14,300000000000000.0,50,52000000000000.0
296215.537,3605153000000.0,6.3577845e+31,0.5415173515818805,1.3939578212298788e-14,0.006177467803864231,0.382843240787431,9.858128163328112e-15,0.5721640190381987,1.473314920467289e-14,300000000000000.0,50,52000000000000.0
297215.537,3599114600000.0,6.3121498e+31,0.5419621660207529,1.3884870088233327e-14,0.006172368492358402,0.3831578156083703,9.8194364127032e-15,0.5726341567496954,1.467532364591534e-14,300000000000000.0,50,52000000000000.0
298215.537,3592826400000.0,6.2633571e+31,0.5424048853276944,1.3827491753286156e-14,0.006167303169123188,0.3834709086690852,9.778856312371153e-15,0.573102079942295,1.4614675915481557e-14,300000000000000.0,50,52000000000000.0
299215.537,3585960300000.0,6.2147967e+31,0.5428414726785815,1.3762298342094191e-14,0.006162337321524192,0.3837796649677825,9.732749458688202e-15,0.5735635217614024,1.454576835546775e-14,300000000000000.0,50,52000000000000.0
300215.537,3579111000000.0,6.1818695e+31,0.5432780600294685,1.3697104930902226e-14,0.006157371473925197,0.3840884212664798,9.686642605005251e-15,0.5740249635805098,1.4476860795453942e-14,300000000000000.0,50,52000000000000.0
301215.537,3571850300000.0,6.1709792e+31,0.5437146473803556,1.3631911519710263e-14,0.006152405626326201,0.38439717756517705,9.640535751322298e-15,0.5744864053996172,1.4407953235440133e-14,300000000000000.0,50,52000000000000.0
302215.537,3564489000000.0,6.2090584e+31,0.5441512347312427,1.3566718108518298e-14,0.006147439778727205,0.38470593386387436,9.594428897639347e-15,0.5749478472187245,1.4339045675426327e-14,300000000000000.0,50,52000000000000.0
303215.537,3557071900000.0,6.2531919e+31,0.5445837516591259,1.350180179739942e-14,0.006142535636542261,0.38501181142997526,9.54851806863678e-15,0.575404986717823,1.4270431079156948e-14,300000000000000.0,50,52000000000000.0
304215.537,3549992200000.0,6.2606269e+31,0.54501037567599,1.3437286654923833e-14,0.006137720827705241,0.3853135213419964,9.502891032251823e-15,0.5758558975795134,1.4202240617990016e-14,300000000000000.0,50,52000000000000.0
305215.537,3542742400000.0,6.2343333e+31,0.5454369996928541,1.3372771512448246e-14,0.006132906018868222,0.38561523125401764,9.457263995866866e-15,0.5763068084412039,1.4134050156823084e-14,300000000000000.0,50,52000000000000.0
306215.537,3535639400000.0,6.1913861e+31,0.5458636237097181,1.330825636997266e-14,0.006128091210031202,0.3859169411660388,9.411636959481909e-15,0.5767577193028943,1.4065859695656153e-14,300000000000000.0,50,52000000000000.0
307215.537,3528486800000.0,6.1377751e+31,0.5462902477265822,1.3243741227497073e-14,0.0061232764011941825,0.38621865107805997,9.366009923096952e-15,0.5772086301645848,1.3997669234489222e-14,300000000000000.0,50,52000000000000.0
308215.537,3521403000000.0,6.0882131e+31,0.5467120260624958,1.3181387277616944e-14,0.006118533761456612,0.3865169339797305,9.321911353797273e-15,0.577654419295066,1.3931763096216486e-14,300000000000000.0,50,52000000000000.0
309215.537,3514404800000.0,6.0457627e+31,0.5471286300426832,1.3121341110563641e-14,0.006113868185932885,0.3868115574224287,9.279444925056554e-15,0.5780947392955157,1.3868296222800211e-14,300000000000000.0,50,52000000000000.0
310215.537,3507605200000.0,6.0043219e+31,0.5475452340228706,1.3061294943510338e-14,0.006109202610409159,0.38710618086512677,9.236978496315836e-15,0.5785350592959653,1.3804829349383936e-14,300000000000000.0,50,52000000000000.0
311215.537,3500928500000.0,5.9548828e+31,0.547961838003058,1.3001248776457035e-14,0.006104537034885432,0.3874008043078249,9.194512067575119e-15,0.5789753792964148,1.3741362475967663e-14,300000000000000.0,50,52000000000000.0
312215.537,3494460800000.0,5.90858e+31,0.5483784419832454,1.2941202609403732e-14,0.0060998714593617056,0.38769542775052307,9.152045638834401e-15,0.5794156992968644,1.3677895602551388e-14,300000000000000.0,50,52000000000000.0
313215.537,3488102000000.0,5.8710626e+31,0.5487905103757477,1.2882824031508819e-14,0.006095273263097653,0.3879868434912032,9.110758592580778e-15,0.5798512253265478,1.3616191338697817e-14,300000000000000.0,50,52000000000000.0
314215.537,3481772600000.0,5.8341537e+31,0.54919763672907,1.2826262481864498e-14,0.006090748484208447,0.3882747640753235,9.070756617824849e-15,0.5802815277792661,1.3556407638643843e-14,300000000000000.0,50,52000000000000.0
315215.537,3475409200000.0,5.8011165e+31,0.5496047630823923,1.2769700932220177e-14,0.0060862237053192405,0.3885626846594438,9.030754643068922e-15,0.5807118302319845,1.349662393858987e-14,300000000000000.0,50,52000000000000.0
316215.537,3469000700000.0,5.7718745e+31,0.5500118894357146,1.2713139382575856e-14,0.006081698926430034,0.38885060524356413,8.990752668312992e-15,0.5811421326847028,1.3436840238535896e-14,300000000000000.0,50,52000000000000.0
317215.537,3462513800000.0,5.7484751e+31,0.5504190157890367,1.2656577832931536e-14,0.006077174147540828,0.38913852582768443,8.950750693557065e-15,0.5815724351374212,1.3377056538481923e-14,300000000000000.0,50,52000000000000.0
318215.537,3455969200000.0,5.7337928e+31,0.5508225845803768,1.2594589983869275e-14,0.006072701952805406,0.38942393040038886,8.906911281897992e-15,0.5819989773639822,1.3311537721690608e-14,300000000000000.0,50,52000000000000.0
319215.537,3449296000000.0,5.7198808e+31,0.5512206381139725,1.252418978948781e-14,0.006068311278831354,0.38970543442223404,8.857122724811525e-15,0.5824196901442712,1.3237127802745776e-14,300000000000000.0,50,52000000000000.0
320215.537,3443355300000.0,5.7022472e+31,0.551618691647568,1.2453789595106343e-14,0.006063920604857301,0.38998693844407917,8.807334167725057e-15,0.5828404029245602,1.3162717883800944e-14,300000000000000.0,50,52000000000000.0
321215.537,3435835900000.0,5.6452039e+31,0.5520167451811636,1.2383389400724878e-14,0.006059529930883247,0.3902684424659243,8.75754561063859e-15,0.5832611157048492,1.3088307964856114e-14,300000000000000.0,50,52000000000000.0
322215.537,3424261600000.0,5.6127605e+31,0.5524147987147592,1.2312989206343413e-14,0.006055139256909195,0.3905499464877695,8.707757053552122e-15,0.5836818284851383,1.3013898045911282e-14,300000000000000.0,50,52000000000000.0
323215.537,3411926500000.0,5.6579395e+31,0.5528102937315902,1.224006137528034e-14,0.006050783881423797,0.39082964107060514,8.656180982446178e-15,0.5840998370253787,1.2936816656172431e-14,300000000000000.0,50,52000000000000.0
324215.537,3404758100000.0,5.4704703e+31,0.5531968709753925,1.2158323404475905e-14,0.006046551539687664,0.3911030288093273,8.598374487317736e-15,0.5845084198705048,1.2850423789360339e-14,300000000000000.0,50,52000000000000.0
325215.537,3391284100000.0,5.3868563e+31,0.5535834482191947,1.207658543367147e-14,0.006042319197951531,0.3913764165480494,8.540567992189294e-15,0.5849170027156309,1.2764030922548247e-14,300000000000000.0,50,52000000000000.0
326215.537,3378331100000.0,5.3787247e+31,0.553970025462997,1.1994847462867035e-14,0.006038086856215398,0.39164980428677154,8.482761497060851e-15,0.5853255855607569,1.2677638055736155e-14,300000000000000.0,50,52000000000000.0
327215.537,3367952300000.0,5.2374431e+31,0.5543566027067992,1.1913109492062602e-14,0.006033854514479264,0.39192319202549364,8.424955001932409e-15,0.5857341684058829,1.2591245188924064e-14,300000000000000.0,50,52000000000000.0
328215.537,3360667400000.0,5.2057048e+31,0.5547431799506015,1.1831371521258166e-14,0.006029622172743131,0.3921965797642158,8.367148506803967e-15,0.5861427512510089,1.2504852322111972e-14,300000000000000.0,50,52000000000000.0
329215.537,3354971700000.0,5.1749432e+31,0.5551166263467977,1.1785278077835786e-14,0.006025562583045604,0.3924606811422576,8.334549958723346e-15,0.586537455459839,1.2456133183653613e-14,300000000000000.0,50,52000000000000.0
330215.537,3349756000000.0,5.1449089e+31,0.5554896623590089,1.1740298648042556e-14,0.006021508392441278,0.39272449228970513,8.30273924537183e-15,0.586931725913725,1.2408591478308534e-14,300000000000000.0,50,52000000000000.0
331215.537,3345002600000.0,5.1327078e+31,0.5558626983712199,1.1695319218249324e-14,0.006017454201836953,0.3929883034371527,8.270928532020315e-15,0.587325996367611,1.2361049772963456e-14,300000000000000.0,50,52000000000000.0
332215.537,3340600500000.0,5.113129e+31,0.5562357343834311,1.1650339788456092e-14,0.006013400011232628,0.39325211458460024,8.239117818668798e-15,0.5877202668214968,1.2313508067618376e-14,300000000000000.0,50,52000000000000.0
333215.537,3334948700000.0,5.0879667e+31,0.5566087703956422,1.160536035866286e-14,0.006009345820628302,0.3935159257320478,8.207307105317282e-15,0.5881145372753828,1.2265966362273298e-14,300000000000000.0,50,52000000000000.0
334215.537,3327433700000.0,5.0827674e+31,0.5569770279290676,1.1561172158482076e-14,0.006005361491740717,0.39377635740537553,8.176056004695882e-15,0.5885037570420663,1.221926100937092e-14,300000000000000.0,50,52000000000000.0
335215.537,3320997800000.0,5.0675673e+31,0.5573424911685126,1.1517446642817029e-14,0.006001418015639819,0.39403481287568715,8.145132146812826e-15,0.5888900233364255,1.2173044727300634e-14,300000000000000.0,50,52000000000000.0
336215.537,3316545600000.0,5.0583028e+31,0.5577079544079578,1.147372112715198e-14,0.0059974745395389205,0.3942932683459987,8.11420828892977e-15,0.5892762896307848,1.2126828445230348e-14,300000000000000.0,50,52000000000000.0
337215.537,3312217500000.0,5.0457687e+31,0.558073417647403,1.1429995611486933e-14,0.005993531063438023,0.39455172381631026,8.083284431046713e-15,0.589662555925144,1.2080612163160062e-14,300000000000000.0,50,52000000000000.0
338215.537,3306649100000.0,5.0485043e+31,0.5584388808868482,1.1386270095821885e-14,0.005989587587337125,0.3948101792866219,8.052360573163658e-15,0.5900488222195034,1.2034395881089777e-14,300000000000000.0,50,52000000000000.0
339215.537,3303013700000.0,5.0292116e+31,0.5588028067599355,1.134001821820728e-14,0.005985666333291699,0.39506754749019585,8.019650093285864e-15,0.5904334635734552,1.198550946115422e-14,300000000000000.0,50,52000000000000.0
340215.537,3298019700000.0,5.0021453e+31,0.5591607886043739,1.128399848810339e-14,0.005981830997956336,0.3953207119172244,7.980031870001889e-15,0.5908118223049954,1.192629929770338e-14,300000000000000.0,50,52000000000000.0
341215.537,3292404000000.0,4.9731122e+31,0.5595187704488123,1.1227978757999502e-14,0.0059779956626209736,0.3955738763442529,7.940413646717913e-15,0.5911901810365358,1.1867089134252539e-14,300000000000000.0,50,52000000000000.0
342215.537,3286029300000.0,4.9756398e+31,0.5598767522932506,1.1171959027895613e-14,0.005974160327285611,0.3958270407712814,7.900795423433935e-15,0.591568539768076,1.1807878970801696e-14,300000000000000.0,50,52000000000000.0
343215.537,3277902300000.0,4.9605719e+31,0.5602347341376891,1.1115939297791724e-14,0.0059703249919502484,0.39608020519830994,7.86117720014996e-15,0.5919468984996162,1.1748668807350855e-14,300000000000000.0,50,52000000000000.0
344215.537,3267517100000.0,4.939188e+31,0.5605927159821275,1.1059919567687835e-14,0.005966489656614886,0.39633336962533844,7.821558976865984e-15,0.5923252572311566,1.1689458643900015e-14,300000000000000.0,50,52000000000000.0
345215.537,3256930100000.0,4.907073e+31,0.5609439597742475,1.099570749202711e-14,0.005962744680113091,0.3965817687730493,7.776147214694272e-15,0.5926964941651022,1.1621589935533278e-14,300000000000000.0,50,52000000000000.0
346215.537,3246235800000.0,4.8818314e+31,0.5612922008030506,1.0927844557994399e-14,0.005959039971359003,0.3968280443091802,7.72815360464945e-15,0.593064557322479,1.1549862610488803e-14,300000000000000.0,50,52000000000000.0
347215.537,3236066000000.0,4.8842662e+31,0.5616404418318539,1.0859981623961687e-14,0.005955335262604915,0.39707431984531105,7.680159994604628e-15,0.5934326204798558,1.1478135285444328e-14,300000000000000.0,50,52000000000000.0
348215.537,3227073500000.0,4.9752236e+31,0.5619886828606571,1.0792118689928977e-14,0.0059516305538508275,0.3973205953814419,7.632166384559806e-15,0.5938006836372326,1.1406407960399853e-14,300000000000000.0,50,52000000000000.0
349215.537,3219215100000.0,4.7871433e+31,0.5623369238894603,1.0724255755896265e-14,0.005947925845096739,0.39756687091757276,7.584172774514984e-15,0.5941687467946093,1.1334680635355378e-14,300000000000000.0,50,52000000000000.0
350215.537,3212545100000.0,4.7613037e+31,0.5626841060380157,1.065958750679646e-14,0.005944234591724753,0.397812397598877,7.538438447911324e-15,0.5945356907747975,1.126632984965077e-14,300000000000000.0,50,52000000000000.0
351215.537,3207334600000.0,4.730666e+31,0.5630203550118779,1.062790509205385e-14,0.005940682268173559,0.398050192187099,7.516031726665074e-15,0.594891079000933,1.1232842585609345e-14,300000000000000.0,50,52000000000000.0
352215.537,3203921500000.0,4.7052329e+31,0.5633566039857402,1.0596222677311239e-14,0.005937129944622366,0.398287986775321,7.493625005418823e-15,0.5952464672270684,1.1199355321567921e-14,300000000000000.0,50,52000000000000.0
353215.537,3201593800000.0,4.6757053e+31,0.5636928529596024,1.056454026256863e-14,0.0059335776210711726,0.39852578136354305,7.471218284172573e-15,0.5956018554532038,1.1165868057526497e-14,300000000000000.0,50,52000000000000.0
354215.537,3198160600000.0,4.6414445e+31,0.5640291019334646,1.053285784782602e-14,0.0059300252975199785,0.39876357595176504,7.448811562926322e-15,0.5959572436793392,1.1132380793485072e-14,300000000000000.0,50,52000000000000.0
355215.537,3194327500000.0,4.6223734e+31,0.5643653509073269,1.0501175433083409e-14,0.005926472973968785,0.3990013705399871,7.426404841680072e-15,0.5963126319054747,1.1098893529443648e-14,300000000000000.0,50,52000000000000.0
356215.537,3189251600000.0,4.6139476e+31,0.5646993597095241,1.0470630769586452e-14,0.005922953642799106,0.399237580813931,7.404802757818642e-15,0.5966656523442854,1.1066608810736926e-14,300000000000000.0,50,52000000000000.0
357215.537,3183738500000.0,4.6098815e+31,0.5650299190285857,1.0441838049387356e-14,0.005919485114282377,0.3994713515135024,7.384439678598104e-15,0.5970150267935619,1.1036175807198659e-14,300000000000000.0,50,52000000000000.0
358215.537,3179140700000.0,4.6071303e+31,0.5653604783476471,1.041304532918826e-14,0.005916016585765647,0.3997051222130738,7.364076599377568e-15,0.5973644012428383,1.1005742803660392e-14,300000000000000.0,50,52000000000000.0
359215.537,3177208100000.0,4.5908774e+31,0.5656910376667087,1.0384252608989163e-14,0.005912548057248918,0.3999388929126452,7.34371352015703e-15,0.5977137756921148,1.0975309800122125e-14,300000000000000.0,50,52000000000000.0
360215.537,3174822200000.0,4.5672679e+31,0.5660215969857703,1.0355459888790068e-14,0.005909079528732189,0.4001726636122166,7.323350440936493e-15,0.5980631501413912,1.094487679658386e-14,300000000000000.0,50,52000000000000.0
361215.537,3172153200000.0,4.5518853e+31,0.5663521563048317,1.0326667168590972e-14,0.0059056110002154594,0.400406434311788,7.302987361715955e-15,0.5984125245906676,1.0914443793045592e-14,300000000000000.0,50,52000000000000.0
362215.537,3169584900000.0,4.5301455e+31,0.5666795283836812,1.0298470766492854e-14,0.005902189897029537,0.4006379508990531,7.283046029014934e-15,0.5987585302268559,1.088464109787648e-14,300000000000000.0,50,52000000000000.0
363215.537,3167006900000.0,4.5123235e+31,0.5670048328928866,1.0270661197241247e-14,0.005898799558758654,0.4008680052387721,7.263378284196593e-15,0.5991023505066813,1.0855247285114625e-14,300000000000000.0,50,52000000000000.0
364215.537,3164093500000.0,4.4934301e+31,0.5673301374020919,1.024285162798964e-14,0.005895409220487769,0.40109805957849104,7.243710539378253e-15,0.5994461707865065,1.082585347235277e-14,300000000000000.0,50,52000000000000.0
365215.537,3160963500000.0,4.472583e+31,0.5676554419112974,1.0215042058738033e-14,0.005892018882216886,0.40132811391821005,7.224042794559912e-15,0.5997899910663319,1.0796459659590914e-14,300000000000000.0,50,52000000000000.0
366215.537,3157502100000.0,4.4497198e+31,0.5679807464205028,1.0187232489486425e-14,0.005888628543946003,0.40155816825792906,7.20437504974157e-15,0.6001338113461572,1.076706584682906e-14,300000000000000.0,50,52000000000000.0
367215.537,3152723600000.0,4.4248233e+31,0.5683060509297082,1.0159422920234818e-14,0.0058852382056751185,0.40178822259764807,7.18470730492323e-15,0.6004776316259826,1.0737672034067206e-14,300000000000000.0,50,52000000000000.0
368215.537,3147215900000.0,4.3958247e+31,0.5686276147877645,1.0121790333928789e-14,0.005881903141095795,0.4020156314389205,7.158092800378474e-15,0.6008174981588624,1.0697896167101392e-14,300000000000000.0,50,52000000000000.0
369215.537,3141501300000.0,4.3629002e+31,0.5689477613694293,1.0080435954381346e-14,0.00587858901888586,0.40224203794066893,7.128846273181588e-15,0.6011558666765623,1.0654186696136501e-14,300000000000000.0,50,52000000000000.0
370215.537,3135061000000.0,4.3371047e+31,0.569267907951094,1.0039081574833905e-14,0.005875274896675926,0.40246844444241736,7.099599745984703e-15,0.6014942351942623,1.0610477225171612e-14,300000000000000.0,50,52000000000000.0
371215.537,3129073000000.0,4.3087853e+31,0.5695880545327587,9.997727195286462e-15,0.005871960774465991,0.40269485094416585,7.0703532187878186e-15,0.6018326037119622,1.0566767754206721e-14,300000000000000.0,50,52000000000000.0
372215.537,3124305800000.0,4.2750205e+31,0.5699082011144235,9.956372815739019e-15,0.005868646652256056,0.4029212574459143,7.041106691590933e-15,0.6021709722296621,1.0523058283241832e-14,300000000000000.0,50,52000000000000.0
373215.537,3119278300000.0,4.231215e+31,0.5702283476960883,9.915018436191578e-15,0.0058653325300461225,0.4031476639476627,7.011860164394049e-15,0.6025093407473621,1.0479348812276942e-14,300000000000000.0,50,52000000000000.0
374215.537,3113590900000.0,4.2044547e+31,0.5705426617294442,9.877241085792419e-15,0.0058620950197138776,0.4033699455711128,6.985143348674008e-15,0.6028415445588388,1.0439420040938291e-14,300000000000000.0,50,52000000000000.0
375215.537,3107719800000.0,4.1816569e+31,0.570855013436202,9.840667205826543e-15,0.0058588832849976015,0.4035908394035029,6.9592776395122065e-15,0.6031716742911393,1.0400763263768177e-14,300000000000000.0,50,52000000000000.0
376215.537,3102694600000.0,4.1589713e+31,0.5711673651429598,9.804093325860665e-15,0.0058556715502813255,0.40381173323589303,6.933411930350404e-15,0.6035018040234397,1.0362106486598062e-14,300000000000000.0,50,52000000000000.0
377215.537,3098276200000.0,4.13149e+31,0.5714797168497177,9.767519445894789e-15,0.00585245981556505,0.4040326270682832,6.907546221188602e-15,0.6038319337557401,1.0323449709427947e-14,300000000000000.0,50,52000000000000.0
378215.537,3093819300000.0,4.1044615e+31,0.5717920685564755,9.730945565928911e-15,0.005849248080848774,0.4042535209006733,6.8816805120268e-15,0.6041620634880406,1.0284792932257832e-14,300000000000000.0,50,52000000000000.0
379215.537,3089225900000.0,4.079693e+31,0.5721044202632332,9.694371685963035e-15,0.005846036346132498,0.40447441473306345,6.855814802864998e-15,0.604492193220341,1.0246136155087718e-14,300000000000000.0,50,52000000000000.0
380215.537,3084869300000.0,4.0561892e+31,0.5724120494619866,9.66179085946595e-15,0.0058428872038042935,0.40469196872241076,6.832773002500082e-15,0.604817331495903,1.0211699760330343e-14,300000000000000.0,50,52000000000000.0
381215.537,3080560400000.0,4.0307924e+31,0.5727173952460369,9.631140743725413e-15,0.005839768325983658,0.4049079078395961,6.811096611121613e-15,0.605140056315374,1.0179303993825183e-14,300000000000000.0,50,52000000000000.0
382215.537,3076367700000.0,4.0055049e+31,0.5730227410300871,9.600490627984877e-15,0.005836649448163022,0.4051238469567815,6.789420219743145e-15,0.6054627811348452,1.0146908227320024e-14,300000000000000.0,50,52000000000000.0
383215.537,3072301500000.0,3.980722e+31,0.5733280868141373,9.56984051224434e-15,0.005833530570342385,0.40533978607396687,6.767743828364676e-15,0.6057855059543162,1.0114512460814864e-14,300000000000000.0,50,52000000000000.0
384215.537,3068341400000.0,3.9584823e+31,0.5736334325981874,9.539190396503803e-15,0.00583041169252175,0.4055557251911522,6.746067436986208e-15,0.6061082307737874,1.0082116694309705e-14,300000000000000.0,50,52000000000000.0
385215.537,3064476400000.0,3.938361e+31,0.5739387783822376,9.508540280763267e-15,0.005827292814701113,0.40577166430833755,6.7243910456077394e-15,0.6064309555932584,1.0049720927804547e-14,300000000000000.0,50,52000000000000.0
386215.537,3060555200000.0,3.9176946e+31,0.5742411342555733,9.478507470657703e-15,0.005824214537813097,0.4059854888992554,6.703151235500785e-15,0.6067505202142429,1.0017977640290895e-14,300000000000000.0,50,52000000000000.0
387215.537,3056549800000.0,3.896659e+31,0.574540513354892,9.449089253946444e-15,0.0058211766834703775,0.4061972082544481,6.6823460884688945e-15,0.6070669385216274,9.986883964987771e-15,300000000000000.0,50,52000000000000.0
388215.537,3052489100000.0,3.8733128e+31,0.5748398924542106,9.419671037235186e-15,0.005818138829127658,0.4064089276096408,6.661540941437004e-15,0.6073833568290119,9.955790289684646e-15,300000000000000.0,50,52000000000000.0
389215.537,3048400900000.0,3.8503266e+31,0.5751392715535293,9.390252820523927e-15,0.005815100974784938,0.4066206469648335,6.640735794405112e-15,0.6076997751363965,9.924696614381522e-15,300000000000000.0,50,52000000000000.0
390215.537,3044397300000.0,3.8266006e+31,0.575438650652848,9.360834603812669e-15,0.005812063120442217,0.40683236632002623,6.619930647373221e-15,0.608016193443781,9.893602939078398e-15,300000000000000.0,50,52000000000000.0
391215.537,3040511700000.0,3.8024371e+31,0.5757380297521667,9.33141638710141e-15,0.005809025266099497,0.40704408567521894,6.5991255003413295e-15,0.6083326117511655,9.862509263775273e-15,300000000000000.0,50,52000000000000.0
392215.537,3036693100000.0,3.7781679e+31,0.576036083465772,9.30172007054393e-15,0.005806005284286853,0.4072548676913162,6.5781236940996295e-15,0.6086476291880136,9.83112167807931e-15,300000000000000.0,50,52000000000000.0
393215.537,3032886100000.0,3.7531577e+31,0.5763296425517378,9.271080666066693e-15,0.005803045911523222,0.4074624710174946,6.556454980171356e-15,0.608957896014252,9.798737387981157e-15,300000000000000.0,50,52000000000000.0
394215.537,3028934600000.0,3.7246213e+31,0.5766232016377036,9.240441261589455e-15,0.005800086538759591,0.407670074343673,6.534786266243081e-15,0.6092681628404903,9.766353097883003e-15,300000000000000.0,50,52000000000000.0
395215.537,3024806900000.0,3.6962576e+31,0.5769167607236695,9.209801857112217e-15,0.00579712716599596,0.40787767766985134,6.513117552314807e-15,0.6095784296667287,9.733968807784849e-15,300000000000000.0,50,52000000000000.0
396215.537,3020439300000.0,3.6670923e+31,0.5772103198096353,9.17916245263498e-15,0.005794167793232329,0.4080852809960297,6.491448838386532e-15,0.6098886964929671,9.701584517686693e-15,300000000000000.0,50,52000000000000.0
397215.537,3015866900000.0,3.6371281e+31,0.5775038788956012,9.148523048157742e-15,0.005791208420468698,0.40829288432220806,6.469780124458258e-15,0.6101989633192055,9.669200227588539e-15,300000000000000.0,50,52000000000000.0
398215.537,3011059800000.0,3.6067603e+31,0.577797437981567,9.117883643680504e-15,0.005788249047705067,0.4085004876483864,6.448111410529983e-15,0.6105092301454439,9.636815937490385e-15,300000000000000.0,50,52000000000000.0
399215.537,3006607300000.0,3.5814944e+31,0.5780857465762379,9.083007677981651e-15,0.00578535860016619,0.4087043777367982,6.42344667156528e-15,0.6108139474697858,9.599954036287736e-15,300000000000000.0,50,52000000000000.0
400215.537,3002045200000.0,3.5578842e+31,0.5783731454648781,9.047397680917518e-15,0.005782480094689325,0.4089076244654555,6.3982628379308985e-15,0.6111177032811835,9.56231633914581e-15,300000000000000.0,50,52000000000000.0
401215.537,2997066900000.0,3.5326665e+31,0.5786605443535181,9.011787683853384e-15,0.0057796015892124615,0.4091108711941127,6.3730790042965175e-15,0.6114214590925813,9.524678642003884e-15,300000000000000.0,50,52000000000000.0
402215.537,2991937300000.0,3.5098146e+31,0.5789479432421581,8.976177686789251e-15,0.005776723083735597,0.40931411792276995,6.3478951706621365e-15,0.6117252149039789,9.487040944861958e-15,300000000000000.0,50,52000000000000.0
403215.537,2986291700000.0,3.4801015e+31,0.5792353421307982,8.94056768972512e-15,0.005773844578258733,0.40951736465142724,6.3227113370277554e-15,0.6120289707153767,9.449403247720031e-15,300000000000000.0,50,52000000000000.0
404215.537,2980166900000.0,3.4556369e+31,0.5795227410194382,8.904957692660986e-15,0.005770966072781868,0.4097206113800845,6.297527503393374e-15,0.6123327265267744,9.411765550578106e-15,300000000000000.0,50,52000000000000.0
405215.537,2974853100000.0,3.4361737e+31,0.5798074242855631,8.866574839464045e-15,0.005768121492794771,0.40992193758666157,6.270382746641145e-15,0.6126336120830133,9.371197219874206e-15,300000000000000.0,50,52000000000000.0
406215.537,2969577800000.0,3.4124185e+31,0.5800875471705623,8.823535491963785e-15,0.005765333884335323,0.41012003863488294,6.2399449855316134e-15,0.6129296775814647,9.32570743712489e-15,300000000000000.0,50,52000000000000.0
407215.537,2963789500000.0,3.3842569e+31,0.5803676700555616,8.780496144463527e-15,0.005762546275875875,0.4103181396831043,6.209507224422083e-15,0.6132257430799162,9.280217654375576e-15,300000000000000.0,50,52000000000000.0
408215.537,2957674100000.0,3.3521329e+31,0.5806477929405607,8.737456796963267e-15,0.005759758667416428,0.41051624073132575,6.179069463312552e-15,0.6135218085783677,9.234727871626262e-15,300000000000000.0,50,52000000000000.0
409215.537,2950731500000.0,3.319067e+31,0.5809279158255599,8.694417449463008e-15,0.0057569710589569795,0.41071434177954713,6.1486317022030215e-15,0.6138178740768192,9.189238088876946e-15,300000000000000.0,50,52000000000000.0
410215.537,2943174700000.0,3.2938615e+31,0.5812080387105591,8.651378101962748e-15,0.005754183450497532,0.4109124428277685,6.11819394109349e-15,0.6141139395752706,9.143748306127632e-15,300000000000000.0,50,52000000000000.0
411215.537,2935344300000.0,3.277292e+31,0.5814881615955584,8.60833875446249e-15,0.0057513958420380845,0.41111054387598994,6.087756179983959e-15,0.6144100050737221,9.098258523378317e-15,300000000000000.0,50,52000000000000.0
412215.537,2927187400000.0,3.2702073e+31,0.5817612353354136,8.556563560344674e-15,0.005748691883464711,0.4113036597139704,6.051140545626236e-15,0.6146986200855888,9.043535801811502e-15,300000000000000.0,50,52000000000000.0
413215.537,2919107300000.0,3.2475487e+31,0.5820324211883865,8.502448750585817e-15,0.0057460103278238065,0.4114954404236727,6.012870366550339e-15,0.6149852397241723,8.986340334440426e-15,300000000000000.0,50,52000000000000.0
414215.537,2912165700000.0,3.2246281e+31,0.5823036070413594,8.448333940826958e-15,0.005743328772182902,0.41168722113337497,5.974600187474442e-15,0.6152718593627557,8.92914486706935e-15,300000000000000.0,50,52000000000000.0
415215.537,2903543000000.0,3.3585589e+31,0.5825747928943323,8.394219131068099e-15,0.005740647216541998,0.41187900184307724,5.936330008398545e-15,0.6155584790013392,8.871949399698275e-15,300000000000000.0,50,52000000000000.0
416215.537,2893830300000.0,3.1864289e+31,0.5828459787473054,8.340104321309242e-15,0.005737965660901093,0.41207078255277946,5.898059829322648e-15,0.6158450986399227,8.8147539323272e-15,300000000000000.0,50,52000000000000.0
417215.537,2884139500000.0,3.1657466e+31,0.5831171646002783,8.285989511550383e-15,0.005735284105260189,0.41226256326248173,5.859789650246751e-15,0.6161317182785061,8.757558464956124e-15,300000000000000.0,50,52000000000000.0
418215.537,2874754000000.0,3.1494502e+31,0.5833872405613555,8.233177994906876e-15,0.005732615077559862,0.41245355905282843,5.8224411571767084e-15,0.6164171648410686,8.70174047364955e-15,300000000000000.0,50,52000000000000.0
419215.537,2865845700000.0,3.1358548e+31,0.5836470068262761,8.192472662725425e-15,0.005730062420887491,0.4126372637906908,5.793654130956706e-15,0.6166917147952395,8.658717746226826e-15,300000000000000.0,50,52000000000000.0
420215.537,2857658600000.0,3.1206346e+31,0.5839067730911969,8.151767330543976e-15,0.0057275097642151196,0.4128209685285532,5.764867104736703e-15,0.6169662647494105,8.615695018804102e-15,300000000000000.0,50,52000000000000.0
421215.537,2850011800000.0,3.1063411e+31,0.5841665393561176,8.111061998362524e-15,0.005724957107542748,0.41300467326641566,5.7360800785167016e-15,0.6172408147035814,8.572672291381378e-15,300000000000000.0,50,52000000000000.0
422215.537,2843157500000.0,3.0952852e+31,0.5844263056210383,8.070356666181075e-15,0.005722404450870376,0.41318837800427805,5.707293052296699e-15,0.6175153646577524,8.529649563958652e-15,300000000000000.0,50,52000000000000.0
423215.537,2838471000000.0,3.0865868e+31,0.584686071885959,8.029651333999624e-15,0.005719851794198005,0.41337208274214043,5.6785060260766965e-15,0.6177899146119232,8.486626836535927e-15,300000000000000.0,50,52000000000000.0
424215.537,2834142000000.0,3.0783423e+31,0.5849458381508796,7.988946001818174e-15,0.005717299137525634,0.4135557874800028,5.649718999856694e-15,0.6180644645660942,8.443604109113203e-15,300000000000000.0,50,52000000000000.0
425215.537,2829974700000.0,3.0708924e+31,0.585203013539838,7.950734282550636e-15,0.005714776361128346,0.41373765993668077,5.622695452710499e-15,0.6183362761431449,8.403216932443262e-15,300000000000000.0,50,52000000000000.0
426215.537,2825230500000.0,3.0607918e+31,0.5854540502464416,7.918430795794219e-15,0.005712324381450032,0.4139151910847284,5.5998501981687506e-15,0.6186015995565197,8.369074288176664e-15,300000000000000.0,50,52000000000000.0
427215.537,2819891900000.0,3.0535594e+31,0.5857050869530454,7.886127309037803e-15,0.005709872401771716,0.4140927222327761,5.5770049436270014e-15,0.6188669229698944,8.334931643910066e-15,300000000000000.0,50,52000000000000.0
428215.537,2813936900000.0,3.1605114e+31,0.585956123659649,7.853823822281388e-15,0.0057074204220934005,0.4142702533808238,5.554159689085253e-15,0.6191322463832692,8.300788999643468e-15,300000000000000.0,50,52000000000000.0
429215.537,2807694000000.0,3.0476609e+31,0.5862071603662528,7.821520335524971e-15,0.005704968442415086,0.41444778452887143,5.531314434543505e-15,0.6193975697966441,8.26664635537687e-15,300000000000000.0,50,52000000000000.0
430215.537,2801839600000.0,3.0623671e+31,0.5864581970728564,7.789216848768555e-15,0.00570251646273677,0.4146253156769191,5.5084691800017555e-15,0.6196628932100189,8.232503711110272e-15,300000000000000.0,50,52000000000000.0
431215.537,2797813500000.0,3.1144116e+31,0.5867092337794602,7.756913362012138e-15,0.0057000644830584556,0.4148028468249668,5.485623925460007e-15,0.6199282166233936,8.198361066843674e-15,300000000000000.0,50,52000000000000.0
432215.537,2793824400000.0,3.1026092e+31,0.5869575543624798,7.725892977097964e-15,0.005697644468533114,0.4149784571111858,5.4636860866145736e-15,0.6201906692741782,8.165574571611154e-15,300000000000000.0,50,52000000000000.0
433215.537,2788747200000.0,3.116638e+31,0.5872015506739394,7.696915386126488e-15,0.005695275344918162,0.4151510092419418,5.443192921314852e-15,0.620448551456558,8.134947166905202e-15,300000000000000.0,50,52000000000000.0
434215.537,2784336200000.0,3.1329913e+31,0.587445546985399,7.667937795155011e-15,0.00569290622130321,0.4153235613726978,5.422699756015131e-15,0.6207064336389376,8.104319762199251e-15,300000000000000.0,50,52000000000000.0
435215.537,2779759800000.0,3.1450403e+31,0.5876895432968586,7.638960204183535e-15,0.005690537097688258,0.41549611350345383,5.40220659071541e-15,0.6209643158213174,8.0736923574933e-15,300000000000000.0,50,52000000000000.0
436215.537,2774606300000.0,3.1536656e+31,0.5879335396083183,7.60998261321206e-15,0.0056881679740733064,0.41566866563420984,5.381713425415689e-15,0.621222198003697,8.043064952787349e-15,300000000000000.0,50,52000000000000.0
437215.537,2769883400000.0,3.1574714e+31,0.5881775359197778,7.581005022240584e-15,0.0056857988504583545,0.41584121776496585,5.361220260115968e-15,0.6214800801860768,8.012437548081397e-15,300000000000000.0,50,52000000000000.0
438215.537,2765398200000.0,3.1685242e+31,0.5884215322312375,7.552027431269108e-15,0.0056834297268434026,0.41601376989572186,5.340727094816247e-15,0.6217379623684565,7.981810143375448e-15,300000000000000.0,50,52000000000000.0
439215.537,2760660500000.0,3.1769742e+31,0.5886632026546449,7.523341065415328e-15,0.005681088054327759,0.41618467714135376,5.320439895710927e-15,0.6219933862403871,7.951490559074393e-15,300000000000000.0,50,52000000000000.0
440215.537,2755643900000.0,3.1880522e+31,0.5889007807168805,7.495167105290984e-15,0.005678794681562756,0.41635269023908894,5.3005150906838214e-15,0.6222444847561507,7.921712579633364e-15,300000000000000.0,50,52000000000000.0
441215.537,2750623800000.0,3.1964277e+31,0.5891383587791159,7.466993145166637e-15,0.0056765013087977535,0.4165207033368241,5.280590285656716e-15,0.6224955832719142,7.891934600192336e-15,300000000000000.0,50,52000000000000.0
442215.537,2745488300000.0,3.2081259e+31,0.5893759368413515,7.43881918504229e-15,0.00567420793603275,0.4166887164345593,5.260665480629611e-15,0.6227466817876778,7.862156620751307e-15,300000000000000.0,50,52000000000000.0
443215.537,2740367900000.0,3.2201152e+31,0.589613514903587,7.410645224917944e-15,0.005671914563267748,0.41685672953229447,5.240740675602505e-15,0.6229977803034413,7.832378641310278e-15,300000000000000.0,50,52000000000000.0
444215.537,2735695700000.0,3.2321919e+31,0.5898510929658225,7.382471264793598e-15,0.005669621190502744,0.41702474263002964,5.220815870575399e-15,0.6232488788192049,7.80260066186925e-15,300000000000000.0,50,52000000000000.0
445215.537,2731710800000.0,3.2451444e+31,0.5900886710280581,7.354297304669253e-15,0.005667327817737742,0.4171927557277648,5.200891065548294e-15,0.6234999773349685,7.77282268242822e-15,300000000000000.0,50,52000000000000.0
446215.537,2728449900000.0,3.2647574e+31,0.5903248237744881,7.329902644713321e-15,0.005665051085972489,0.41735976083303455,5.183638953491517e-15,0.6237495693878647,7.747039089540818e-15,300000000000000.0,50,52000000000000.0
447215.537,2725657300000.0,3.2894221e+31,0.5905560600904777,7.318544159842388e-15,0.005662831755042487,0.41752328900721175,5.1756059274975025e-15,0.6239939651047139,7.735033582581968e-15,300000000000000.0,50,52000000000000.0
448215.537,2723370500000.0,3.3221188e+31,0.5907872964064671,7.307185674971455e-15,0.005660612424112486,0.41768681718138895,5.167572901503489e-15,0.6242383608215631,7.72302807562312e-15,300000000000000.0,50,52000000000000.0
449215.537,2721548000000.0,3.3476904e+31,0.5910185327224566,7.295827190100521e-15,0.005658393093182485,0.41785034535556614,5.159539875509475e-15,0.6244827565384123,7.71102256866427e-15,300000000000000.0,50,52000000000000.0
450215.537,2720533200000.0,3.397388e+31,0.5912497690384462,7.284468705229588e-15,0.005656173762252484,0.41801387352974334,5.151506849515462e-15,0.6247271522552617,7.699017061705423e-15,300000000000000.0,50,52000000000000.0
451215.537,2719551100000.0,3.4536946e+31,0.5914810053544357,7.273110220358654e-15,0.005653954431322482,0.41817740170392054,5.1434738235214475e-15,0.6249715479721109,7.687011554746574e-15,300000000000000.0,50,52000000000000.0
452215.537,2718781200000.0,3.4977049e+31,0.5917122416704252,7.261751735487721e-15,0.0056517351003924805,0.41834092987809773,5.135440797527433e-15,0.62521594368896,7.675006047787725e-15,300000000000000.0,50,52000000000000.0
453215.537,2717701900000.0,3.5321832e+31,0.5919434779864148,7.250393250616788e-15,0.00564951576946248,0.41850445805227493,5.12740777153342e-15,0.6254603394058093,7.663000540828877e-15,300000000000000.0,50,52000000000000.0
454215.537,2716238800000.0,3.5616436e+31,0.5921721912893109,7.231060355959596e-15,0.005647332728201145,0.4186662018837345,5.113735340125983e-15,0.6257020683892346,7.642566844349959e-15,300000000000000.0,50,52000000000000.0
455215.537,2714307700000.0,3.5762281e+31,0.5924008293128307,7.211489528096406e-15,0.005645150769718028,0.4188278924755945,5.099894645255054e-15,0.6259437178050867,7.621881675196947e-15,300000000000000.0,50,52000000000000.0
456215.537,2711565000000.0,3.5800652e+31,0.5926294673363506,7.191918700233216e-15,0.005642968811234911,0.4189895830674545,5.0860539503841255e-15,0.626185367220939,7.601196506043933e-15,300000000000000.0,50,52000000000000.0
457215.537,2707526900000.0,3.5763214e+31,0.5928581053598705,7.172347872370026e-15,0.005640786852751794,0.41915127365931454,5.0722132555131965e-15,0.6264270166367912,7.580511336890921e-15,300000000000000.0,50,52000000000000.0
458215.537,2703347500000.0,3.5855762e+31,0.5930867433833904,7.152777044506836e-15,0.005638604894268677,0.41931296425117454,5.0583725606422674e-15,0.6266686660526435,7.55982616773791e-15,300000000000000.0,50,52000000000000.0
459215.537,2699291800000.0,3.5900124e+31,0.5933153814069102,7.133206216643647e-15,0.00563642293578556,0.4194746548430346,5.044531865771338e-15,0.6269103154684957,7.539140998584897e-15,300000000000000.0,50,52000000000000.0
460215.537,2695514400000.0,3.5966254e+31,0.5935440194304301,7.113635388780457e-15,0.0056342409773024425,0.4196363454348946,5.030691170900409e-15,0.627151964884348,7.518455829431886e-15,300000000000000.0,50,52000000000000.0
461215.537,2692513100000.0,3.6090201e+31,0.593769930692479,7.0919511327815474e-15,0.005632092318426708,0.4197961076324235,5.015355897923044e-15,0.6273907322799472,7.49553698757098e-15,300000000000000.0,50,52000000000000.0
462215.537,2689139400000.0,3.6167259e+31,0.5939940190083223,7.068853967791027e-15,0.005629965921634974,0.41995458062326313,4.999021441292561e-15,0.6276275729328006,7.471124848540441e-15,300000000000000.0,50,52000000000000.0
463215.537,2684716700000.0,3.6129775e+31,0.5942181073241657,7.045756802800506e-15,0.00562783952484324,0.4201130536141028,4.982686984662077e-15,0.6278644135856539,7.446712709509902e-15,300000000000000.0,50,52000000000000.0
464215.537,2680462900000.0,3.6110163e+31,0.594442195640009,7.0226596378099845e-15,0.005625713128051506,0.4202715266049424,4.9663525280315935e-15,0.6281012542385074,7.422300570479365e-15,300000000000000.0,50,52000000000000.0
465215.537,2676433400000.0,3.6144404e+31,0.5946662839558524,6.999562472819464e-15,0.005623586731259772,0.42042999959578203,4.95001807140111e-15,0.6283380948913607,7.397888431448825e-15,300000000000000.0,50,52000000000000.0
466215.537,2673416600000.0,3.6127861e+31,0.5948903722716958,6.976465307828943e-15,0.005621460334468038,0.4205884725866217,4.933683614770627e-15,0.6285749355442142,7.373476292418286e-15,300000000000000.0,50,52000000000000.0
467215.537,2669301300000.0,3.6133374e+31,0.5951144605875391,6.9533681428384225e-15,0.0056193339376763045,0.4207469455774613,4.917349158140144e-15,0.6288117761970675,7.349064153387747e-15,300000000000000.0,50,52000000000000.0
468215.537,2664554000000.0,3.6134213e+31,0.5953379610367127,6.930366182017188e-15,0.005617214379644315,0.4209050028253893,4.9010820321409724e-15,0.6290479955146668,7.3247526412333e-15,300000000000000.0,50,52000000000000.0
469215.537,2660550300000.0,3.6175058e+31,0.59555659253242,6.908152741269883e-15,0.005615151463032332,0.42105961671958697,4.885372566113814e-15,0.6292790686782254,7.301274562240127e-15,300000000000000.0,50,52000000000000.0
470215.537,2656609600000.0,3.6267847e+31,0.5957752240281273,6.8859393005225795e-15,0.0056130885464203495,0.4212142306137847,4.869663100086656e-15,0.6295101418417838,7.277796483246955e-15,300000000000000.0,50,52000000000000.0
471215.537,2652541800000.0,3.6438406e+31,0.5959938555238347,6.8637258597752756e-15,0.0056110256298083664,0.42136884450798245,4.853953634059498e-15,0.6297412150053423,7.254318404253782e-15,300000000000000.0,50,52000000000000.0
472215.537,2648515700000.0,3.6680594e+31,0.596212487019542,6.841512419027971e-15,0.005608962713196384,0.4215234584021802,4.83824416803234e-15,0.6299722881689007,7.230840325260609e-15,300000000000000.0,50,52000000000000.0
473215.537,2644764600000.0,3.6706723e+31,0.5964311185152493,6.819298978280667e-15,0.005606899796584402,0.42167807229637794,4.822534702005182e-15,0.6302033613324592,7.207362246267437e-15,300000000000000.0,50,52000000000000.0
474215.537,2641261300000.0,3.6672857e+31,0.5966497500109567,6.797085537533363e-15,0.005604836879972419,0.4218326861905757,4.806825235978023e-15,0.6304344344960177,7.183884167274263e-15,300000000000000.0,50,52000000000000.0
475215.537,2637719800000.0,3.65511e+31,0.596868381506664,6.7748720967860584e-15,0.005602773963360437,0.42198730008477336,4.791115769950865e-15,0.6306655076595762,7.160406088281092e-15,300000000000000.0,50,52000000000000.0
476215.537,2634390500000.0,3.6267535e+31,0.5970843767655301,6.752398856529422e-15,0.0056007414683107186,0.422140049617949,4.7752225908840605e-15,0.6308937945021181,7.136653447265373e-15,300000000000000.0,50,52000000000000.0
477215.537,2631428900000.0,3.6009932e+31,0.5972976748697671,6.729659813353163e-15,0.005598740097800419,0.4222908917087118,4.759141453562691e-15,0.6311192306377319,7.112619899686747e-15,300000000000000.0,50,52000000000000.0
478215.537,2628225200000.0,3.5997452e+31,0.5975109729740041,6.706920770176903e-15,0.00559673872729012,0.42244173379947464,4.74306031624132e-15,0.6313446667733457,7.0885863521081244e-15,300000000000000.0,50,52000000000000.0
479215.537,2624266300000.0,3.601388e+31,0.5977242710782412,6.684181727000644e-15,0.005594737356779822,0.42259257589023747,4.72697917891995e-15,0.6315701029089594,7.0645528045295e-15,300000000000000.0,50,52000000000000.0
480215.537,2619436400000.0,3.6184556e+31,0.5979375691824783,6.661442683824384e-15,0.005592735986269522,0.4227434179810003,4.7108980415985805e-15,0.6317955390445733,7.040519256950876e-15,300000000000000.0,50,52000000000000.0
481215.537,2613996200000.0,3.6290362e+31,0.5981508672867154,6.638703640648125e-15,0.005590734615759224,0.4228942600717631,4.694816904277211e-15,0.6320209751801871,7.016485709372253e-15,300000000000000.0,50,52000000000000.0
482215.537,2609258200000.0,3.6375446e+31,0.5983641653909524,6.615964597471865e-15,0.005588733245248925,0.42304510216252594,4.678735766955841e-15,0.6322464113158008,6.992452161793628e-15,300000000000000.0,50,52000000000000.0
483215.537,2605933000000.0,3.6403624e+31,0.5985774634951895,6.593225554295606e-15,0.0055867318747386254,0.42319594425328877,4.662654629634471e-15,0.6324718474514146,6.9684186142150045e-15,300000000000000.0,50,52000000000000.0
484215.537,2602583700000.0,3.652221e+31,0.5987865613610693,6.573278429908056e-15,0.0055847780507710535,0.42334381591960224,4.6485479264197995e-15,0.6326928442345183,6.947335893283683e-15,300000000000000.0,50,52000000000000.0
485215.537,2599174100000.0,3.6618097e+31,0.5989943110816929,6.554227424204881e-15,0.0055828394877578775,0.42349073417249256,4.6350749548527785e-15,0.632912416124195,6.927200295493511e-15,300000000000000.0,50,52000000000000.0
486215.537,2595564000000.0,3.6689227e+31,0.5992020608023164,6.535176418501704e-15,0.0055809009247447024,0.42363765242538287,4.6216019832857576e-15,0.6331319880138717,6.907064697703338e-15,300000000000000.0,50,52000000000000.0
487215.537,2592324800000.0,3.6752221e+31,0.5994098105229401,6.516125412798529e-15,0.0055789623617315265,0.42378457067827313,4.6081290117187366e-15,0.6333515599035485,6.886929099913165e-15,300000000000000.0,50,52000000000000.0
488215.537,2589113300000.0,3.6780235e+31,0.5996175602435636,6.497074407095352e-15,0.005577023798718351,0.42393148893116345,4.594656040151716e-15,0.6335711317932252,6.866793502122992e-15,300000000000000.0,50,52000000000000.0
489215.537,2585791700000.0,3.6832731e+31,0.5998253099641873,6.478023401392177e-15,0.0055750852357051755,0.42407840718405376,4.581183068584695e-15,0.6337907036829019,6.846657904332819e-15,300000000000000.0,50,52000000000000.0
490215.537,2582454600000.0,3.6857689e+31,0.6000330596848108,6.458972395689e-15,0.005573146672692,0.424225325436944,4.567710097017674e-15,0.6340102755725786,6.826522306542646e-15,300000000000000.0,50,52000000000000.0
491215.537,2579184200000.0,3.6893222e+31,0.6002408094054345,6.439921389985824e-15,0.005571208109678824,0.42437224368983434,4.554237125450653e-15,0.6342298474622553,6.806386708752473e-15,300000000000000.0,50,52000000000000.0
492215.537,2575950400000.0,3.6898915e+31,0.6004443362072285,6.423116714711828e-15,0.0055693181684087,0.42451617547228804,4.542352753107758e-15,0.6344449560182699,6.788625300631463e-15,300000000000000.0,50,52000000000000.0
493215.537,2572796200000.0,3.6929152e+31,0.600647361830193,6.406578635434755e-15,0.005567433997599544,0.42465975281843393,4.530656916782702e-15,0.634659534862862,6.771145662927446e-15,300000000000000.0,50,52000000000000.0
494215.537,2569675100000.0,3.6963288e+31,0.6008503874531574,6.390040556157681e-15,0.005565549826790387,0.4248033301645799,4.5189610804576444e-15,0.634874113707454,6.753666025223429e-15,300000000000000.0,50,52000000000000.0
495215.537,2566643900000.0,3.70035e+31,0.6010534130761219,6.3735024768806076e-15,0.005563665655981231,0.4249469075107258,4.507265244132588e-15,0.6350886925520459,6.736186387519412e-15,300000000000000.0,50,52000000000000.0
496215.537,2563731800000.0,3.7067816e+31,0.6012564386990864,6.3569643976035335e-15,0.005561781485172074,0.42509048485687173,4.4955694078075314e-15,0.6353032713966379,6.718706749815394e-15,300000000000000.0,50,52000000000000.0
497215.537,2560942300000.0,3.714034e+31,0.6014594643220509,6.34042631832646e-15,0.005559897314362918,0.4252340622030176,4.483873571482474e-15,0.6355178502412299,6.7012271121113775e-15,300000000000000.0,50,52000000000000.0
498215.537,2558283800000.0,3.7244972e+31,0.6016624899450154,6.323888239049387e-15,0.005558013143553761,0.4253776395491636,4.472177735157418e-15,0.635732429085822,6.6837474744073606e-15,300000000000000.0,50,52000000000000.0
499215.537,2555880700000.0,3.7379071e+31,0.6018655155679798,6.307350159772313e-15,0.005556128972744604,0.4255212168953095,4.460481898832361e-15,0.6359470079304139,6.666267836703344e-15,300000000000000.0,50,52000000000000.0
500215.537,2553833000000.0,3.7563495e+31,0.6020647781562887,6.292645761965416e-15,0.005554288707023502,0.42566213299907774,4.45008283797716e-15,0.6361576095004177,6.650726252913009e-15,300000000000000.0,50,52000000000000.0
501215.537,2551897100000.0,3.7768932e+31,0.6022636361152851,6.278138535149629e-15,0.005552453162302131,0.42580276294638664,4.43982321600968e-15,0.6363677834044471,6.6353930630107075e-15,300000000000000.0,50,52000000000000.0
502215.537,2549984700000.0,3.8022246e+31,0.6024624940742815,6.263631308333841e-15,0.005550617617580759,0.4259433928936955,4.429563594042201e-15,0.6365779573084765,6.620059873108405e-15,300000000000000.0,50,52000000000000.0
503215.537,2547978000000.0,3.8285836e+31,0.602661352033278,6.249124081518053e-15,0.005548782072859387,0.42608402284100433,4.4193039720747215e-15,0.636788131212506,6.604726683206104e-15,300000000000000.0,50,52000000000000.0
504215.537,2545314700000.0,3.8653272e+31,0.6028602099922743,6.234616854702265e-15,0.005546946528138016,0.4262246527883132,4.409044350107242e-15,0.6369983051165354,6.589393493303801e-15,300000000000000.0,50,52000000000000.0
505215.537,2542291700000.0,3.8766753e+31,0.6030590679512707,6.220109627886478e-15,0.005545110983416645,0.4263652827356221,4.398784728139763e-15,0.6372084790205649,6.574060303401499e-15,300000000000000.0,50,52000000000000.0
506215.537,2539117600000.0,3.8956458e+31,0.6032579259102672,6.2056024010706894e-15,0.005543275438695273,0.4265059126829309,4.388525106172283e-15,0.6374186529245943,6.558727113499197e-15,300000000000000.0,50,52000000000000.0
507215.537,2535851700000.0,3.9092042e+31,0.6034567838692635,6.191095174254902e-15,0.005541439893973901,0.42664654263023977,4.378265484204804e-15,0.6376288268286238,6.543393923596895e-15,300000000000000.0,50,52000000000000.0
508215.537,2532355100000.0,3.9200363e+31,0.6036527366308649,6.176773217959609e-15,0.005539638702866345,0.42678511799968943,4.368136897415424e-15,0.6378359301290205,6.528256568363044e-15,300000000000000.0,50,52000000000000.0
509215.537,2528836200000.0,3.9278299e+31,0.6038478792487532,6.162502926225097e-15,0.005537847091611883,0.42692312042929736,4.358044851112385e-15,0.6380421771604997,6.51317382360961e-15,300000000000000.0,50,52000000000000.0
510215.537,2525684000000.0,3.9527968e+31,0.6040430218666415,6.148232634490585e-15,0.005536055480357421,0.42706112285890535,4.347952804809345e-15,0.638248424191979,6.498091078856175e-15,300000000000000.0,50,52000000000000.0
511215.537,2523314100000.0,4.0014478e+31,0.6042381644845297,6.133962342756074e-15,0.005534263869102959,0.4271991252885133,4.337860758506306e-15,0.6384546712234582,6.483008334102741e-15,300000000000000.0,50,52000000000000.0
512215.537,2521242300000.0,4.0556823e+31,0.604433307102418,6.119692051021562e-15,0.005532472257848498,0.42733712771812127,4.327768712203266e-15,0.6386609182549375,6.467925589349306e-15,300000000000000.0,50,52000000000000.0
513215.537,2519364800000.0,4.1217014e+31,0.6046284497203063,6.10542175928705e-15,0.005530680646594036,0.4274751301477292,4.317676665900227e-15,0.6388671652864167,6.452842844595872e-15,300000000000000.0,50,52000000000000.0
514215.537,2517602400000.0,4.1890899e+31,0.6048235923381946,6.091151467552538e-15,0.005528889035339574,0.42761313257733713,4.3075846195971875e-15,0.6390734123178959,6.437760099842437e-15,300000000000000.0,50,52000000000000.0
515215.537,2515496500000.0,4.2431087e+31,0.6050187349560828,6.076881175818026e-15,0.0055270974240851116,0.4277511350069451,4.297492573294148e-15,0.6392796593493753,6.4226773550890026e-15,300000000000000.0,50,52000000000000.0
516215.537,2512737500000.0,4.2670676e+31,0.6052119131902123,6.057044839579543e-15,0.0055253287955601815,0.42788774821114545,4.283464303097893e-15,0.639483830158491,6.4017118555585365e-15,300000000000000.0,50,52000000000000.0
517215.537,2508343400000.0,4.1940854e+31,0.6054033417062489,6.032250709972523e-15,0.005523580638237732,0.4280231240029412,4.265929955165295e-15,0.6396861516325073,6.375506462131878e-15,300000000000000.0,50,52000000000000.0
518215.537,2502547100000.0,4.0744481e+31,0.6055947702222856,6.0074565803655035e-15,0.005521832480915282,0.42815849979473697,4.2483956072326974e-15,0.6398884731065236,6.349301068705218e-15,300000000000000.0,50,52000000000000.0
519215.537,2497413100000.0,4.0955072e+31,0.6057861987383223,5.982662450758483e-15,0.005520084323592833,0.42829387558653276,4.2308612593001e-15,0.64009079458054,6.323095675278559e-15,300000000000000.0,50,52000000000000.0
520215.537,2491864900000.0,4.0697902e+31,0.6059776272543589,5.9578683211514634e-15,0.005518336166270384,0.42842925137832855,4.213326911367502e-15,0.6402931160545563,6.2968902818519e-15,300000000000000.0,50,52000000000000.0
521215.537,2486699700000.0,4.0547281e+31,0.6061690557703956,5.933074191544444e-15,0.005516588008947935,0.42856462717012433,4.1957925634349045e-15,0.6404954375285726,6.2706848884252414e-15,300000000000000.0,50,52000000000000.0
522215.537,2482049100000.0,4.0573296e+31,0.6063604842864323,5.908280061937423e-15,0.005514839851625485,0.4287000029619201,4.178258215502308e-15,0.640697759002589,6.2444794949985826e-15,300000000000000.0,50,52000000000000.0
523215.537,2477599500000.0,4.0677131e+31,0.606551912802469,5.8834859323304036e-15,0.0055130916943030355,0.4288353787537159,4.16072386756971e-15,0.6409000804766053,6.218274101571924e-15,300000000000000.0,50,52000000000000.0
524215.537,2473442100000.0,4.0818502e+31,0.6067424125561355,5.859144460402201e-15,0.005511353283937857,0.4289700977270307,4.143509637064157e-15,0.6411014203237732,6.192547129286734e-15,300000000000000.0,50,52000000000000.0
525215.537,2469524200000.0,4.0996526e+31,0.6069272829954908,5.837546588377836e-15,0.0055096739507788746,0.4291008356630065,4.1282356677828285e-15,0.6412968104401544,6.169719911626628e-15,300000000000000.0,50,52000000000000.0
526215.537,2466020200000.0,4.1269527e+31,0.6071121534348461,5.815948716353473e-15,0.005507994617619893,0.42923157359898234,4.1129616985015005e-15,0.6414922005565357,6.1468926939665215e-15,300000000000000.0,50,52000000000000.0
527215.537,2462766000000.0,4.1491023e+31,0.6072970238742015,5.794350844329108e-15,0.005506315284460911,0.42936231153495813,4.0976877292201725e-15,0.6416875906729169,6.124065476306415e-15,300000000000000.0,50,52000000000000.0
528215.537,2459218600000.0,4.1554369e+31,0.6074818943135568,5.772752972304745e-15,0.0055046359513019295,0.4294930494709339,4.082413759938844e-15,0.6418829807892982,6.1012382586463084e-15,300000000000000.0,50,52000000000000.0
529215.537,2455223200000.0,4.1470327e+31,0.6076667647529121,5.75115510028038e-15,0.005502956618142947,0.4296237874069097,4.067139790657516e-15,0.6420783709056794,6.078411040986202e-15,300000000000000.0,50,52000000000000.0
530215.537,2450349600000.0,4.121159e+31,0.6078516351922675,5.729557228256017e-15,0.005501277284983966,0.4297545253428855,4.051865821376188e-15,0.6422737610220607,6.055583823326096e-15,300000000000000.0,50,52000000000000.0
531215.537,2444090000000.0,4.041383e+31,0.6080365056316228,5.707959356231652e-15,0.0054995979518249844,0.4298852632788613,4.03659185209486e-15,0.6424691511384419,6.03275660566599e-15,300000000000000.0,50,52000000000000.0
532215.537,2439756700000.0,4.055837e+31,0.6082213760709781,5.686361484207289e-15,0.005497918618666002,0.4300160012148371,4.021317882813531e-15,0.6426645412548232,6.009929388005884e-15,300000000000000.0,50,52000000000000.0
533215.537,2435249200000.0,4.0412633e+31,0.6084026590686724,5.665699257048135e-15,0.005496277080389642,0.43014420211968,4.0067056036742806e-15,0.6428561397332344,5.988091078076455e-15,300000000000000.0,50,52000000000000.0
534215.537,2429379300000.0,3.9697801e+31,0.6085817239328571,5.645615543889922e-15,0.005494658910882322,0.4302708343652102,3.9925024509308555e-15,0.6430453938225149,5.966864214849836e-15,300000000000000.0,50,52000000000000.0
535215.537,2425439000000.0,3.9587414e+31,0.608760788797042,5.625531830731709e-15,0.005493040741375003,0.4303974666107404,3.9782992981874305e-15,0.6432346479117954,5.945637351623216e-15,300000000000000.0,50,52000000000000.0
536215.537,2422420500000.0,3.9537514e+31,0.6089398536612267,5.605448117573495e-15,0.005491422571867684,0.43052409885627063,3.9640961454440054e-15,0.6434239020010759,5.924410488396597e-15,300000000000000.0,50,52000000000000.0
537215.537,2416932000000.0,3.8641881e+31,0.6091189185254116,5.585364404415282e-15,0.0054898044023603655,0.43065073110180085,3.94989299270058e-15,0.6436131560903564,5.903183625169977e-15,300000000000000.0,50,52000000000000.0
538215.537,2415391700000.0,3.8752501e+31,0.6092979833895963,5.565280691257068e-15,0.005488186232853046,0.430777363347331,3.935689839957155e-15,0.6438024101796369,5.8819567619433585e-15,300000000000000.0,50,52000000000000.0
539215.537,2412271300000.0,3.8189948e+31,0.6094770482537811,5.545196978098855e-15,0.005486568063345727,0.43090399559286124,3.92148668721373e-15,0.6439916642689174,5.8607298987167396e-15,300000000000000.0,50,52000000000000.0
540215.537,2407012800000.0,3.7751124e+31,0.6096561131179659,5.525113264940641e-15,0.005484949893838408,0.43103062783839147,3.907283534470304e-15,0.6441809183581979,5.83950303549012e-15,300000000000000.0,50,52000000000000.0
541215.537,2403629600000.0,3.7844879e+31,0.6098351779821507,5.505029551782428e-15,0.005483331724331089,0.4311572600839217,3.893080381726879e-15,0.6443701724474784,5.818276172263501e-15,300000000000000.0,50,52000000000000.0
542215.537,2399655500000.0,3.7294623e+31,0.6100090000290561,5.4845011089977274e-15,0.005481768557533718,0.4312801846219161,3.878562743776858e-15,0.6445538853022058,5.796579305912022e-15,300000000000000.0,50,52000000000000.0
543215.537,2394489900000.0,3.6980982e+31,0.6101825785248575,5.463952006635199e-15,0.0054802079458455616,0.43140293692116627,3.864030496654847e-15,0.6447373407430804,5.774860605921498e-15,300000000000000.0,50,52000000000000.0
544215.537,2390312400000.0,3.6678182e+31,0.6103561570206587,5.44340290427267e-15,0.005478647334157405,0.43152568922041645,3.849498249532837e-15,0.6449207961839551,5.7531419059309725e-15,300000000000000.0,50,52000000000000.0
545215.537,2385743200000.0,3.6200644e+31,0.61052973551646,5.42285380191014e-15,0.005477086722469249,0.4316484415196666,3.834966002410826e-15,0.6451042516248299,5.7314232059404474e-15,300000000000000.0,50,52000000000000.0
546215.537,2381040300000.0,3.5757793e+31,0.6107033140122613,5.402304699547611e-15,0.005475526110781093,0.43177119381891677,3.820433755288815e-15,0.6452877070657046,5.709704505949923e-15,300000000000000.0,50,52000000000000.0
547215.537,2377106600000.0,3.5419164e+31,0.6108768925080625,5.381755597185082e-15,0.005473965499092937,0.43189394611816695,3.805901508166805e-15,0.6454711625065793,5.687985805959398e-15,300000000000000.0,50,52000000000000.0
548215.537,2373712300000.0,3.5070769e+31,0.6110504710038638,5.361206494822553e-15,0.005472404887404781,0.4320166984174171,3.791369261044794e-15,0.645654617947454,5.666267105968873e-15,300000000000000.0,50,52000000000000.0
549215.537,2369860700000.0,3.4758279e+31,0.6112240494996651,5.340657392460023e-15,0.005470844275716625,0.43213945071666726,3.776837013922784e-15,0.6458380733883287,5.644548405978348e-15,300000000000000.0,50,52000000000000.0
550215.537,2365998400000.0,3.4566632e+31,0.6113967585899359,5.320606158741353e-15,0.00546929263041267,0.43226158817562926,3.762656855615063e-15,0.6460206099395336,5.623355908896068e-15,300000000000000.0,50,52000000000000.0
551215.537,2362889800000.0,3.4329213e+31,0.6115646322850414,5.30332393390198e-15,0.00546779085367902,0.4323803060615007,3.750434918748068e-15,0.6461980358783584,5.6050900081022165e-15,300000000000000.0,50,52000000000000.0
552215.537,2359058000000.0,3.3967533e+31,0.611732505980147,5.286041709062607e-15,0.005466289076945371,0.4324990239473721,3.738212981881073e-15,0.6463754618171832,5.586824107308365e-15,300000000000000.0,50,52000000000000.0
553215.537,2355139800000.0,3.3793435e+31,0.6119003796752523,5.268759484223234e-15,0.005464787300211721,0.4326177418332435,3.7259910450140775e-15,0.646552887756008,5.568558206514514e-15,300000000000000.0,50,52000000000000.0
554215.537,2352139300000.0,3.3464403e+31,0.6120682533703579,5.2514772593838606e-15,0.005463285523478072,0.4327364597191149,3.713769108147082e-15,0.6467303136948329,5.550292305720662e-15,300000000000000.0,50,52000000000000.0
555215.537,2349202900000.0,3.3239286e+31,0.6122361270654634,5.234195034544488e-15,0.005461783746744422,0.4328551776049863,3.701547171280087e-15,0.6469077396336578,5.532026404926811e-15,300000000000000.0,50,52000000000000.0
556215.537,2346056900000.0,3.3001058e+31,0.6124040007605689,5.2169128097051144e-15,0.005460281970010773,0.4329738954908577,3.689325234413092e-15,0.6470851655724826,5.5137605041329604e-15,300000000000000.0,50,52000000000000.0
557215.537,2342945500000.0,3.2737328e+31,0.6125718744556743,5.199630584865742e-15,0.005458780193277123,0.4330926133767291,3.677103297546097e-15,0.6472625915113075,5.495494603339109e-15,300000000000000.0,50,52000000000000.0
558215.537,2338551200000.0,3.2423032e+31,0.6127397481507798,5.182348360026368e-15,0.005457278416543474,0.4332113312626005,3.6648813606791014e-15,0.6474400174501324,5.477228702545258e-15,300000000000000.0,50,52000000000000.0
559215.537,2333861600000.0,3.2153877e+31,0.6129066173541766,5.164662027113938e-15,0.0054557870980225425,0.43332933877498925,3.652373648382535e-15,0.6476163817232243,5.4585357055060745e-15,300000000000000.0,50,52000000000000.0
560215.537,2330179800000.0,3.1878209e+31,0.6130696151588523,5.1454182264157594e-15,0.005454336086366262,0.43344460844597177,3.638764532636773e-15,0.6477886542439157,5.438196642258699e-15,300000000000000.0,50,52000000000000.0
561215.537,2325975700000.0,3.1602552e+31,0.6132326129635278,5.126174425717581e-15,0.005452885074709982,0.43355987811695423,3.62515541689101e-15,0.6479609267646071,5.417857579011324e-15,300000000000000.0,50,52000000000000.0
562215.537,2321395200000.0,3.1349116e+31,0.6133956107682034,5.106930625019403e-15,0.005451434063053702,0.43367514778793675,3.611546301145248e-15,0.6481331992852984,5.397518515763949e-15,300000000000000.0,50,52000000000000.0
563215.537,2317594700000.0,3.1114132e+31,0.613558608572879,5.087686824321225e-15,0.005449983051397421,0.4337904174589193,3.5979371853994854e-15,0.6483054718059899,5.377179452516574e-15,300000000000000.0,50,52000000000000.0
564215.537,2313563700000.0,3.0822153e+31,0.6137216063775546,5.068443023623046e-15,0.005448532039741142,0.43390568712990174,3.584328069653722e-15,0.6484777443266811,5.356840389269199e-15,300000000000000.0,50,52000000000000.0
565215.537,2309148600000.0,3.0515091e+31,0.6138846041822302,5.049199222924868e-15,0.005447081028084861,0.43402095680088426,3.57071895390796e-15,0.6486500168473726,5.336501326021824e-15,300000000000000.0,50,52000000000000.0
566215.537,2305146600000.0,3.0300621e+31,0.6140476019869058,5.0299554222266895e-15,0.005445630016428581,0.4341362264718667,3.557109838162197e-15,0.648822289368064,5.316162262774449e-15,300000000000000.0,50,52000000000000.0
567215.537,2301387900000.0,3.0067121e+31,0.6142105997915813,5.010711621528511e-15,0.005444179004772301,0.43425149614284925,3.5435007224164347e-15,0.6489945618887553,5.295823199527073e-15,300000000000000.0,50,52000000000000.0
568215.537,2297273100000.0,2.9766521e+31,0.6143729679346421,4.9915779898582544e-15,0.005442734370148545,0.4343663205204133,3.5299695187798867e-15,0.6491661689105876,5.275600577324937e-15,300000000000000.0,50,52000000000000.0
569215.537,2292976600000.0,2.9552862e+31,0.6145304481191173,4.9732995820626234e-15,0.005441339239369632,0.43447768815909316,3.5170431339130056e-15,0.6493326097752568,5.256281867626649e-15,300000000000000.0,50,52000000000000.0
570215.537,2288963900000.0,2.9383025e+31,0.6146879283035923,4.955021174266992e-15,0.0054399441085907175,0.43458905579777307,3.5041167490461244e-15,0.6494990506399259,5.236963157928361e-15,300000000000000.0,50,52000000000000.0
571215.537,2285468200000.0,2.9174332e+31,0.6148454084880675,4.93674276647136e-15,0.005438548977811804,0.43470042343645293,3.4911903641792432e-15,0.649665491504595,5.217644448230073e-15,300000000000000.0,50,52000000000000.0
572215.537,2281426200000.0,2.8920972e+31,0.6150028886725426,4.918464358675729e-15,0.00543715384703289,0.4348117910751328,3.4782639793123625e-15,0.6498319323692641,5.198325738531785e-15,300000000000000.0,50,52000000000000.0
573215.537,2276866700000.0,2.8692181e+31,0.6151603688570176,4.900185950880097e-15,0.005435758716253976,0.43492315871381265,3.4653375944454813e-15,0.6499983732339332,5.179007028833497e-15,300000000000000.0,50,52000000000000.0
574215.537,2272851900000.0,2.8558829e+31,0.6153178490414928,4.881907543084466e-15,0.005434363585475063,0.43503452635249257,3.4524112095786e-15,0.6501648140986023,5.159688319135209e-15,300000000000000.0,50,52000000000000.0
575215.537,2269613100000.0,2.8335122e+31,0.6154753292259679,4.863629135288834e-15,0.005432968454696149,0.4351458939911724,3.439484824711719e-15,0.6503312549632714,5.140369609436921e-15,300000000000000.0,50,52000000000000.0
576215.537,2265995900000.0,2.8116839e+31,0.615632809410443,4.845350727493202e-15,0.0054315733239172345,0.4352572616298523,3.426558439844838e-15,0.6504976958279405,5.121050899738633e-15,300000000000000.0,50,52000000000000.0
577215.537,2261687200000.0,2.7866048e+31,0.6157902895949181,4.827072319697571e-15,0.005430178193138321,0.43536862926853215,3.4136320549779567e-15,0.6506641366926096,5.1017321900403445e-15,300000000000000.0,50,52000000000000.0
578215.537,2258019000000.0,2.7673258e+31,0.6159431129315955,4.810509682767723e-15,0.0054288298870345175,0.43547670361123286,3.4019190525617497e-15,0.6508256556684732,5.0842269017550096e-15,300000000000000.0,50,52000000000000.0
579215.537,2254590400000.0,2.7465705e+31,0.6160952670569768,4.794193610315582e-15,0.0054274883098604275,0.43558430469155385,3.3903804190057308e-15,0.6509864673453805,5.066982210797945e-15,300000000000000.0,50,52000000000000.0
580215.537,2250521500000.0,2.7246808e+31,0.6162474211823581,4.777877537863442e-15,0.005426146732686338,0.4356919057718748,3.378841785449712e-15,0.6511472790222876,5.0497375198408816e-15,300000000000000.0,50,52000000000000.0
581215.537,2246520600000.0,2.7032222e+31,0.6163995753077395,4.7615614654113016e-15,0.005424805155512249,0.43579950685219576,3.367303151893693e-15,0.6513080906991949,5.032492828883817e-15,300000000000000.0,50,52000000000000.0
582215.537,2243020200000.0,2.6785559e+31,0.6165517294331208,4.745245392959161e-15,0.00542346357833816,0.4359071079325167,3.355764518337674e-15,0.6514689023761022,5.015248137926753e-15,300000000000000.0,50,52000000000000.0
583215.537,2239645000000.0,2.6591703e+31,0.616703883558502,4.728929320507021e-15,0.00542212200116407,0.4360147090128377,3.344225884781655e-15,0.6516297140530094,4.998003446969689e-15,300000000000000.0,50,52000000000000.0
584215.537,2236117800000.0,2.6421433e+31,0.6168560376838833,4.71261324805488e-15,0.005420780423989981,0.4361223100931586,3.3326872512256357e-15,0.6517905257299167,4.980758756012625e-15,300000000000000.0,50,52000000000000.0
585215.537,2232525800000.0,2.6215119e+31,0.6170081918092646,4.696297175602739e-15,0.005419438846815892,0.4362299111734796,3.3211486176696167e-15,0.651951337406824,4.963514065055561e-15,300000000000000.0,50,52000000000000.0
586215.537,2229248100000.0,2.5963791e+31,0.6171603459346459,4.679981103150599e-15,0.005418097269641803,0.4363375122538005,3.3096099841135978e-15,0.6521121490837312,4.946269374098497e-15,300000000000000.0,50,52000000000000.0
587215.537,2226080000000.0,2.581008e+31,0.6173101600908285,4.664622846985244e-15,0.0054167792366786914,0.43644345852122485,3.2987487107878784e-15,0.6522704876136357,4.9300370098863485e-15,300000000000000.0,50,52000000000000.0
588215.537,2222473100000.0,2.5701809e+31,0.6174574826280379,4.6502844816946226e-15,0.005415486273790355,0.4365476427298953,3.2886086963583797e-15,0.6524261927157162,4.9148825797453086e-15,300000000000000.0,50,52000000000000.0
589215.537,2218732000000.0,2.5519075e+31,0.6176048051652474,4.635946116404e-15,0.005414193310902018,0.4366518269385658,3.2784686819288813e-15,0.6525818978177967,4.899728149604268e-15,300000000000000.0,50,52000000000000.0
590215.537,2215558200000.0,2.5254889e+31,0.6177521277024568,4.621607751113378e-15,0.005412900348013681,0.4367560111472363,3.268328667499383e-15,0.6527376029198773,4.884573719463227e-15,300000000000000.0,50,52000000000000.0
591215.537,2212886500000.0,2.5080874e+31,0.6178994502396662,4.6072693858227564e-15,0.005411607385125344,0.43686019535590676,3.2581886530698842e-15,0.6528933080219578,4.8694192893221865e-15,300000000000000.0,50,52000000000000.0
592215.537,2209665600000.0,2.5042e+31,0.6180467727768757,4.592931020532134e-15,0.005410314422237007,0.4369643795645773,3.248048638640386e-15,0.6530490131240383,4.854264859181146e-15,300000000000000.0,50,52000000000000.0
593215.537,2205915100000.0,2.4910743e+31,0.6181940953140851,4.578592655241512e-15,0.00540902145934867,0.43706856377324776,3.237908624210887e-15,0.6532047182261188,4.839110429040105e-15,300000000000000.0,50,52000000000000.0
594215.537,2202560900000.0,2.462664e+31,0.6183414178512945,4.56425428995089e-15,0.0054077284964603334,0.43717274798191824,3.2277686097813887e-15,0.6533604233281993,4.8239559988990645e-15,300000000000000.0,50,52000000000000.0
595215.537,2200208300000.0,2.43391e+31,0.618488740388504,4.549915924660268e-15,0.005406435533571997,0.4372769321905887,3.21762859535189e-15,0.6535161284302798,4.808801568758024e-15,300000000000000.0,50,52000000000000.0
596215.537,2197483300000.0,2.4405144e+31,0.6186360629257134,4.535577559369646e-15,0.005405142570683659,0.4373811163992592,3.2074885809223916e-15,0.6536718335323604,4.793647138616983e-15,300000000000000.0,50,52000000000000.0
597215.537,2193445700000.0,2.4405747e+31,0.6187793227244516,4.522236539401905e-15,0.005403890634548833,0.4374824274612434,3.1980538859919875e-15,0.653823244666119,4.7795468209404176e-15,300000000000000.0,50,52000000000000.0
598215.537,2190125200000.0,2.4116482e+31,0.6189223302637423,4.508957445591055e-15,0.0054026412458056845,0.43758356012670985,3.1886629850464326e-15,0.6539743891831403,4.765511954148675e-15,300000000000000.0,50,52000000000000.0
599215.537,2187860000000.0,2.3759902e+31,0.6190653378030331,4.495678351780206e-15,0.005401391857062536,0.43768469279217637,3.1792720841008777e-15,0.6541255337001617,4.751477087356932e-15,300000000000000.0,50,52000000000000.0
600215.537,2185720100000.0,2.376606e+31,0.6192083453423238,4.482399257969357e-15,0.005400142468319387,0.4377858254576429,3.169881183155323e-15,0.6542766782171829,4.73744222056519e-15,300000000000000.0,50,52000000000000.0
601215.537,2182070800000.0,2.387013e+31,0.6193513528816146,4.4691201641585066e-15,0.005398893079576238,0.4378869581231094,3.1604902822097684e-15,0.6544278227342043,4.723407353773447e-15,300000000000000.0,50,52000000000000.0
602215.537,2178512500000.0,2.3662613e+31,0.6194943604209053,4.455841070347657e-15,0.00539764369083309,0.4379880907885759,3.1510993812642135e-15,0.6545789672512257,4.709372486981704e-15,300000000000000.0,50,52000000000000.0
603215.537,2176524700000.0,2.3277814e+31,0.6196373679601961,4.442561976536808e-15,0.005396394302089941,0.43808922345404244,3.1417084803186586e-15,0.654730111768247,4.6953376201899616e-15,300000000000000.0,50,52000000000000.0
604215.537,2174476000000.0,2.3178428e+31,0.6197803754994868,4.429282882725958e-15,0.0053951449133467924,0.43819035611950896,3.1323175793731037e-15,0.6548812562852684,4.6813027533982196e-15,300000000000000.0,50,52000000000000.0
605215.537,2171167500000.0,2.3293178e+31,0.6199233830387776,4.416003788915109e-15,0.005393895524603644,0.4382914887849755,3.122926678427549e-15,0.6550324008022896,4.667267886606477e-15,300000000000000.0,50,52000000000000.0
606215.537,2167310100000.0,2.3174669e+31,0.6200654014078189,4.402776610095419e-15,0.005392656100359631,0.43839192191476856,3.113572493967093e-15,0.6551824998509316,4.653287893302934e-15,300000000000000.0,50,52000000000000.0
607215.537,2164610300000.0,2.2778409e+31,0.6202043477314234,4.389710662582238e-15,0.005391447622653001,0.438490182511194,3.1043323391295003e-15,0.6553293520102077,4.6394783194485205e-15,300000000000000.0,50,52000000000000.0
608215.537,2162742500000.0,2.2544282e+31,0.6203432940550279,4.376644715069057e-15,0.00539023914494637,0.4385884431076194,3.0950921842919074e-15,0.6554762041694838,4.6256687455941064e-15,300000000000000.0,50,52000000000000.0
609215.537,2159872700000.0,2.2723417e+31,0.6204822403786324,4.3635787675558754e-15,0.005389030667239739,0.43868670370404483,3.085852029454315e-15,0.65562305632876,4.611859171739693e-15,300000000000000.0,50,52000000000000.0
610215.537,2155518800000.0,2.2653226e+31,0.620621186702237,4.350512820042694e-15,0.0053878221895331075,0.43878496430047026,3.076611874616722e-15,0.6557699084880361,4.59804959788528e-15,300000000000000.0,50,52000000000000.0
611215.537,2152680500000.0,2.2409663e+31,0.6207601330258415,4.337446872529513e-15,0.005386613711826476,0.43888322489689574,3.067371719779129e-15,0.6559167606473122,4.584240024030867e-15,300000000000000.0,50,52000000000000.0
612215.537,2150351700000.0,2.2239205e+31,0.6208990793494461,4.324380925016332e-15,0.005385405234119846,0.43898148549332117,3.0581315649415363e-15,0.6560636128065883,4.5704304501764535e-15,300000000000000.0,50,52000000000000.0
613215.537,2146383100000.0,2.2286526e+31,0.6210380256730506,4.3113149775031504e-15,0.005384196756413215,0.4390797460897466,3.0488914101039433e-15,0.6562104649658644,4.55662087632204e-15,300000000000000.0,50,52000000000000.0
614215.537,2142581900000.0,2.2101875e+31,0.6211769719966551,4.29824902998997e-15,0.005382988278706584,0.439178006686172,3.0396512552663508e-15,0.6563573171251404,4.542811302467627e-15,300000000000000.0,50,52000000000000.0
615215.537,2139820100000.0,2.1765651e+31,0.6213159183202597,4.285183082476788e-15,0.005381779800999953,0.43927626728259744,3.030411100428758e-15,0.6565041692844166,4.529001728613214e-15,300000000000000.0,50,52000000000000.0
616215.537,2137968500000.0,2.1747472e+31,0.6214532895342424,4.271261420411973e-15,0.005380587028082704,0.4393734139715334,3.020565803262409e-15,0.6566493566893662,4.514287759205378e-15,300000000000000.0,50,52000000000000.0
617215.537,2133713200000.0,2.189828e+31,0.6215881748372605,4.255989230004923e-15,0.005379419041191505,0.43946880264007304,3.0097654424425213e-15,0.6567919167019262,4.498146430843376e-15,300000000000000.0,50,52000000000000.0
618215.537,2129075800000.0,2.1657321e+31,0.6217230601402786,4.240717039597875e-15,0.005378251054300306,0.4395641913086127,2.9989650816226332e-15,0.6569344767144861,4.482005102481373e-15,300000000000000.0,50,52000000000000.0
619215.537,2126975500000.0,2.14766e+31,0.6218579454432966,4.225444849190826e-15,0.005377083067409107,0.4396595799771523,2.9881647208027456e-15,0.657077036727046,4.4658637741193706e-15,300000000000000.0,50,52000000000000.0
620215.537,2123090900000.0,2.1647475e+31,0.6219928307463147,4.2101726587837775e-15,0.0053759150805179085,0.43975496864569197,2.977364359982858e-15,0.657219596739606,4.449722445757368e-15,300000000000000.0,50,52000000000000.0
621215.537,2117594700000.0,2.1725819e+31,0.6221277160493328,4.194900468376729e-15,0.00537474709362671,0.4398503573142316,2.96656399916297e-15,0.6573621567521658,4.433581117395365e-15,300000000000000.0,50,52000000000000.0
622215.537,2113095700000.0,2.1497363e+31,0.622262601352351,4.1796282779696795e-15,0.005373579106735511,0.43994574598277125,2.9557636383430823e-15,0.6575047167647258,4.4174397890333625e-15,300000000000000.0,50,52000000000000.0
623215.537,2110588400000.0,2.1121247e+31,0.6223974866553691,4.164356087562631e-15,0.005372411119844312,0.4400411346513109,2.9449632775231947e-15,0.6576472767772856,4.4012984606713595e-15,300000000000000.0,50,52000000000000.0
624215.537,2108386800000.0,2.1205829e+31,0.6225323719583872,4.149083897155582e-15,0.005371243132953114,0.44013652331985054,2.934162916703307e-15,0.6577898367898456,4.385157132309357e-15,300000000000000.0,50,52000000000000.0
625215.537,2103978200000.0,2.1168993e+31,0.6226672572614053,4.1338117067485336e-15,0.005370075146061915,0.4402319119883902,2.923362555883419e-15,0.6579323968024055,4.369015803947354e-15,300000000000000.0,50,52000000000000.0
626215.537,2101429200000.0,2.0821259e+31,0.6228003487327007,4.1198417024950834e-15,0.0053689245091120795,0.44032603207466764,2.9134830840226144e-15,0.6580730608965615,4.354250760133748e-15,300000000000000.0,50,52000000000000.0
627215.537,2098863800000.0,2.0873775e+31,0.6229304100914955,4.1080713307336165e-15,0.005367803179411942,0.4404180092916212,2.905159163394104e-15,0.6582105224349907,4.3418105146621444e-15,300000000000000.0,50,52000000000000.0
628215.537,2095091300000.0,2.0765828e+31,0.6230604714502903,4.0963009589721495e-15,0.005366681849711804,0.4405099865085748,2.8968352427655933e-15,0.65834798397342,4.329370269190541e-15,300000000000000.0,50,52000000000000.0
629215.537,2093294400000.0,2.0463112e+31,0.6231905328090851,4.0845305872106825e-15,0.005365560520011666,0.4406019637255284,2.8885113221370824e-15,0.6584854455118492,4.316930023718938e-15,300000000000000.0,50,52000000000000.0
630215.537,2090509600000.0,2.052673e+31,0.6233205941678799,4.0727602154492156e-15,0.005364439190311528,0.44069394094248193,2.880187401508572e-15,0.6586229070502785,4.304489778247334e-15,300000000000000.0,50,52000000000000.0
631215.537,2086374800000.0,2.0474525e+31,0.6234506555266747,4.0609898436877486e-15,0.005363317860611391,0.4407859181594355,2.8718634808800614e-15,0.6587603685887078,4.292049532775731e-15,300000000000000.0,50,52000000000000.0
632215.537,2084788600000.0,2.0208362e+31,0.6235807168854695,4.049219471926282e-15,0.005362196530911253,0.4408778953763891,2.8635395602515505e-15,0.658897830127137,4.279609287304127e-15,300000000000000.0,50,52000000000000.0
633215.537,2081284700000.0,2.0249362e+31,0.6237107782442642,4.037449100164815e-15,0.0053610752012111145,0.4409698725933427,2.85521563962304e-15,0.6590352916655663,4.267169041832524e-15,300000000000000.0,50,52000000000000.0
634215.537,2077952300000.0,2.0126803e+31,0.623840839603059,4.025678728403348e-15,0.005359953871510977,0.4410618498102963,2.8468917189945294e-15,0.6591727532039955,4.2547287963609206e-15,300000000000000.0,50,52000000000000.0
635215.537,2076672700000.0,2.0006889e+31,0.6239709009618538,4.013908356641881e-15,0.005358832541810839,0.4411538270272498,2.838567798366019e-15,0.6593102147424248,4.242288550889317e-15,300000000000000.0,50,52000000000000.0
636215.537,2073132600000.0,2.0038495e+31,0.6241002332718035,4.002308195817108e-15,0.00535771838888734,0.4412452886662044,2.8303642499725162e-15,0.6594469057404857,4.2300282038425684e-15,300000000000000.0,50,52000000000000.0
637215.537,2070827400000.0,1.982617e+31,0.6242265163188079,3.991419946005804e-15,0.005356634252991123,0.44133459388875623,2.8226641611185827e-15,0.6595803739363857,4.2185202859431255e-15,300000000000000.0,50,52000000000000.0
638215.537,2067995600000.0,1.9831669e+31,0.6243527993658122,3.9805316961944984e-15,0.005355550117094905,0.4414238991113081,2.8149640722646496e-15,0.6597138421322856,4.207012368043683e-15,300000000000000.0,50,52000000000000.0
639215.537,2065011400000.0,1.9666896e+31,0.6244790824128167,3.969643446383194e-15,0.0053544659811986875,0.4415132043338599,2.807263983410716e-15,0.6598473103281856,4.19550445014424e-15,300000000000000.0,50,52000000000000.0
640215.537,2063600100000.0,1.9600729e+31,0.624605365459821,3.958755196571889e-15,0.0053533818453024695,0.4416025095564117,2.7995638945567826e-15,0.6599807785240855,4.183996532244797e-15,300000000000000.0,50,52000000000000.0
641215.537,2060463200000.0,1.9565614e+31,0.6247316485068255,3.947866946760584e-15,0.005352297709406252,0.4416918147789636,2.7918638057028495e-15,0.6601142467199855,4.172488614345354e-15,300000000000000.0,50,52000000000000.0
642215.537,2058477600000.0,1.9441458e+31,0.6248579315538298,3.93697869694928e-15,0.005351213573510034,0.4417811200015154,2.784163716848916e-15,0.6602477149158855,4.160980696445911e-15,300000000000000.0,50,52000000000000.0
643215.537,2054875500000.0,1.9356852e+31,0.6249842146008342,3.9260904471379746e-15,0.005350129437613817,0.4418704252240673,2.776463627994983e-15,0.6603811831117855,4.149472778546468e-15,300000000000000.0,50,52000000000000.0
644215.537,2052847800000.0,1.9286188e+31,0.6251104976478387,3.91520219732667e-15,0.005349045301717599,0.44195973044661907,2.7687635391410494e-15,0.6605146513076854,4.137964860647025e-15,300000000000000.0,50,52000000000000.0
645215.537,2049863100000.0,1.92006e+31,0.625236780694843,3.904313947515365e-15,0.005347961165821382,0.4420490356691709,2.761063450287116e-15,0.6606481195035854,4.126456942747582e-15,300000000000000.0,50,52000000000000.0
646215.537,2046905200000.0,1.9179941e+31,0.6253630637418474,3.8934256977040604e-15,0.005346877029925164,0.44213834089172277,2.7533633614331828e-15,0.6607815876994854,4.114949024848139e-15,300000000000000.0,50,52000000000000.0
647215.537,2044765500000.0,1.9069656e+31,0.6254863329214932,3.8823101203351836e-15,0.005345822502642773,0.44222551472981364,2.7455025185309032e-15,0.6609118705039108,4.103200857427876e-15,300000000000000.0,50,52000000000000.0
648215.537,2041069700000.0,1.894187e+31,0.6256090639734161,3.8711539535022165e-15,0.0053447732619951414,0.4423123080080025,2.7376129729022916e-15,0.6610415845548852,4.091409793319671e-15,300000000000000.0,50,52000000000000.0
649215.537,2036760800000.0,1.897802e+31,0.6257317950253389,3.8599977866692494e-15,0.00534372402134751,0.4423991012861913,2.7297234272736804e-15,0.6611712986058595,4.079618729211466e-15,300000000000000.0,50,52000000000000.0
650215.537,2033390600000.0,1.8928268e+31,0.6258545260772619,3.848841619836282e-15,0.005342674780699879,0.44248589456438014,2.721833881645069e-15,0.6613010126568339,4.06782766510326e-15,300000000000000.0,50,52000000000000.0
651215.537,2030817100000.0,1.8816587e+31,0.6259772571291847,3.837685453003316e-15,0.005341625540052248,0.442572687842569,2.7139443360164576e-15,0.6614307267078084,4.056036600995054e-15,300000000000000.0,50,52000000000000.0
652215.537,2027311700000.0,1.8685852e+31,0.6260999881811076,3.826529286170349e-15,0.005340576299404616,0.4426594811207578,2.706054790387846e-15,0.6615604407587828,4.044245536886849e-15,300000000000000.0,50,52000000000000.0
653215.537,2025172400000.0,1.8629744e+31,0.6262227192330304,3.815373119337382e-15,0.005339527058756985,0.44274627439894665,2.698165244759235e-15,0.6616901548097572,4.032454472778643e-15,300000000000000.0,50,52000000000000.0
654215.537,2023788900000.0,1.8584737e+31,0.6263454502849534,3.804216952504415e-15,0.005338477818109353,0.4428330676771355,2.6902756991306232e-15,0.6618198688607316,4.0206634086704376e-15,300000000000000.0,50,52000000000000.0
655215.537,2021943600000.0,1.8533819e+31,0.6264681813368762,3.7930607856714484e-15,0.0053374285774617225,0.4429198609553243,2.682386153502012e-15,0.661949582911706,4.008872344562232e-15,300000000000000.0,50,52000000000000.0
656215.537,2019303200000.0,1.8480206e+31,0.626590912388799,3.781904618838481e-15,0.005336379336814091,0.44300665423351315,2.6744966078734004e-15,0.6620792969626804,3.997081280454026e-15,300000000000000.0,50,52000000000000.0
657215.537,2016717400000.0,1.8406164e+31,0.6267124014613942,3.771851383029623e-15,0.00533534212097043,0.4430925691945593,2.667387038575523e-15,0.6622076983533035,3.986455904478953e-15,300000000000000.0,50,52000000000000.0
658215.537,2016141800000.0,1.8359681e+31,0.6268314339254096,3.763979721225969e-15,0.005334328689932152,0.4431767468630595,2.6618202457982147e-15,0.6623335033297921,3.978136234730132e-15,300000000000000.0,50,52000000000000.0
659215.537,2013072200000.0,1.8323638e+31,0.6269504663894252,3.756108059422314e-15,0.005333315258893875,0.4432609245315597,2.6562534530209064e-15,0.6624593083062809,3.96981656498131e-15,300000000000000.0,50,52000000000000.0
660215.537,2010786400000.0,1.8237195e+31,0.6270694988534408,3.7482363976186595e-15,0.005332301827855598,0.4433451022000599,2.650686660243598e-15,0.6625851132827695,3.961496895232488e-15,300000000000000.0,50,52000000000000.0
661215.537,2009831900000.0,1.817834e+31,0.6271885313174563,3.740364735815004e-15,0.00533128839681732,0.4434292798685601,2.64511986746629e-15,0.6627109182592582,3.953177225483667e-15,300000000000000.0,50,52000000000000.0
662215.537,2008302600000.0,1.8133205e+31,0.6273075637814718,3.73249307401135e-15,0.005330274965779043,0.4435134575370603,2.6395530746889816e-15,0.6628367232357468,3.944857555734846e-15,300000000000000.0,50,52000000000000.0
663215.537,2005870000000.0,1.8063073e+31,0.6274265962454874,3.724621412207695e-15,0.005329261534740766,0.4435976352055605,2.6339862819116734e-15,0.6629625282122356,3.936537885986024e-15,300000000000000.0,50,52000000000000.0
664215.537,2004504300000.0,1.7992362e+31,0.6275456287095029,3.716749750404041e-15,0.005328248103702488,0.4436818128740607,2.628419489134365e-15,0.6630883331887242,3.928218216237203e-15,300000000000000.0,50,52000000000000.0
665215.537,2002104000000.0,1.7945822e+31,0.6276646611735184,3.708878088600386e-15,0.00532723467266421,0.4437659905425609,2.622852696357057e-15,0.6632141381652129,3.919898546488382e-15,300000000000000.0,50,52000000000000.0
666215.537,1999923800000.0,1.7872824e+31,0.627783693637534,3.701006426796731e-15,0.005326221241625933,0.4438501682110611,2.6172859035797486e-15,0.6633399431417015,3.91157887673956e-15,300000000000000.0,50,52000000000000.0
667215.537,1998292200000.0,1.7785095e+31,0.6279027261015495,3.693134764993077e-15,0.005325207810587655,0.4439343458795613,2.6117191108024403e-15,0.6634657481181903,3.903259206990739e-15,300000000000000.0,50,52000000000000.0
668215.537,1994594400000.0,1.7723939e+31,0.6280200290749238,3.681930198842188e-15,0.005324211721227972,0.4440173004624857,2.6037953527147625e-15,0.6635897251717667,3.891417012093779e-15,300000000000000.0,50,52000000000000.0
669215.537,1989827800000.0,1.7659619e+31,0.6281364094136431,3.668947621882968e-15,0.005323224883166484,0.44409960256362646,2.594614219869187e-15,0.6637127270798376,3.877695649019908e-15,300000000000000.0,50,52000000000000.0
670215.537,1985525500000.0,1.7606662e+31,0.6282527897523624,3.655965044923747e-15,0.005322238045104996,0.4441819046647672,2.5854330870236118e-15,0.6638357289879085,3.863974285946038e-15,300000000000000.0,50,52000000000000.0
671215.537,1981014400000.0,1.7585282e+31,0.6283691700910817,3.642982467964527e-15,0.005321251207043508,0.44426420676590794,2.576251954178036e-15,0.6639587308959795,3.850252922872167e-15,300000000000000.0,50,52000000000000.0
672215.537,1977157400000.0,1.7611698e+31,0.628485550429801,3.629999891005307e-15,0.00532026436898202,0.4443465088670487,2.567070821332461e-15,0.6640817328040504,3.836531559798297e-15,300000000000000.0,50,52000000000000.0
673215.537,1974061400000.0,1.7426214e+31,0.6286019307685203,3.617017314046087e-15,0.005319277530920532,0.4444288109681894,2.5578896884868854e-15,0.6642047347121213,3.8228101967244265e-15,300000000000000.0,50,52000000000000.0
674215.537,1971654300000.0,1.7352418e+31,0.6287183111072396,3.604034737086866e-15,0.005318290692859044,0.44451111306933017,2.54870855564131e-15,0.6643277366201922,3.8090888336505556e-15,300000000000000.0,50,52000000000000.0
675215.537,1968718300000.0,1.7297041e+31,0.6288346914459589,3.591052160127646e-15,0.005317303854797557,0.4445934151704709,2.5395274227957346e-15,0.6644507385282631,3.795367470576685e-15,300000000000000.0,50,52000000000000.0
676215.537,1965131900000.0,1.725584e+31,0.6289510717846782,3.578069583168426e-15,0.005316317016736069,0.44467571727161165,2.530346289950159e-15,0.664573740436334,3.7816461075028144e-15,300000000000000.0,50,52000000000000.0
677215.537,1962619000000.0,1.7209751e+31,0.6290674521233975,3.565087006209206e-15,0.005315330178674581,0.4447580193727524,2.521165157104584e-15,0.6646967423444049,3.767924744428944e-15,300000000000000.0,50,52000000000000.0
678215.537,1960976200000.0,1.7134683e+31,0.6291838324621168,3.5521044292499856e-15,0.005314343340613093,0.44484032147389313,2.5119840242590083e-15,0.6648197442524757,3.754203381355073e-15,300000000000000.0,50,52000000000000.0
679215.537,1958489000000.0,1.7089432e+31,0.6292966803058366,3.5397669488308222e-15,0.0053133894852935536,0.4449201254341818,2.503259100151652e-15,0.6649390126454983,3.741163830273735e-15,300000000000000.0,50,52000000000000.0
680215.537,1955362400000.0,1.7006213e+31,0.6294086154048739,3.5275961518568483e-15,0.005312444152228774,0.4449992839116661,2.4946520536633648e-15,0.6650573163532181,3.728300449369772e-15,300000000000000.0,50,52000000000000.0
681215.537,1952856600000.0,1.6955862e+31,0.6295205505039112,3.5154253548828743e-15,0.005311498819163996,0.4450784423891504,2.4860450071750776e-15,0.665175620060938,3.715437068465809e-15,300000000000000.0,50,52000000000000.0
682215.537,1950110700000.0,1.690862e+31,0.6296324856029485,3.5032545579089004e-15,0.005310553486099217,0.4451576008666347,2.4774379606867904e-15,0.6652939237686578,3.702573687561846e-15,300000000000000.0,50,52000000000000.0
683215.537,1948206500000.0,1.6839321e+31,0.6297444207019858,3.4910837609349264e-15,0.005309608153034438,0.44523675934411894,2.4688309141985033e-15,0.6654122274763777,3.689710306657883e-15,300000000000000.0,50,52000000000000.0
684215.537,1945554700000.0,1.6746426e+31,0.6298563558010231,3.4789129639609525e-15,0.0053086628199696595,0.44531591782160324,2.460223867710216e-15,0.6655305311840976,3.67684692575392e-15,300000000000000.0,50,52000000000000.0
685215.537,1942947400000.0,1.6681359e+31,0.6299682909000603,3.4667421669869785e-15,0.00530771748690488,0.44539507629908753,2.4516168212219286e-15,0.6656488348918175,3.663983544849957e-15,300000000000000.0,50,52000000000000.0
686215.537,1940952300000.0,1.6606821e+31,0.6300802259990976,3.4545713700130046e-15,0.005306772153840102,0.4454742347765718,2.4430097747336414e-15,0.6657671385995373,3.651120163945994e-15,300000000000000.0,50,52000000000000.0
687215.537,1937353800000.0,1.6578371e+31,0.6301921610981349,3.4424005730390302e-15,0.005305826820775322,0.4455533932540561,2.4344027282453542e-15,0.6658854423072572,3.638256783042031e-15,300000000000000.0,50,52000000000000.0
688215.537,1931834900000.0,1.6584002e+31,0.6303040961971722,3.4302297760650563e-15,0.005304881487710544,0.44563255173154037,2.425795681757067e-15,0.6660037460149771,3.625393402138068e-15,300000000000000.0,50,52000000000000.0
689215.537,1925839700000.0,1.6491275e+31,0.6304160312962095,3.4180589790910823e-15,0.0053039361546457645,0.4457117102090246,2.41718863526878e-15,0.666122049722697,3.612530021234105e-15,300000000000000.0,50,52000000000000.0
690215.537,1921944700000.0,1.652021e+31,0.6305247450586088,3.403237550377106e-15,0.005303020737549713,0.4457885905945929,2.4067071185266296e-15,0.666236948782366,3.59686521244366e-15,300000000000000.0,50,52000000000000.0
691215.537,1916169700000.0,1.6617556e+31,0.6306324450938139,3.3875819904379588e-15,0.005302114734754134,0.4458647540840445,2.3956357219660934e-15,0.666350776428301,3.58031881816553e-15,300000000000000.0,50,52000000000000.0
692215.537,1911723600000.0,1.6909425e+31,0.6307401451290189,3.3719264304988115e-15,0.005301208731958555,0.4459409175734962,2.3845643254055568e-15,0.666464604074236,3.5637724238874e-15,300000000000000.0,50,52000000000000.0
693215.537,1906656200000.0,1.6757917e+31,0.630847845164224,3.3562708705596643e-15,0.005300302729162977,0.44601708106294785,2.3734929288450206e-15,0.6665784317201711,3.547226029609271e-15,300000000000000.0,50,52000000000000.0
694215.537,1903327900000.0,1.6684204e+31,0.6309555451994291,3.340615310620517e-15,0.005299396726367398,0.44609324455239946,2.362421532284484e-15,0.6666922593661061,3.5306796353311414e-15,300000000000000.0,50,52000000000000.0
695215.537,1899193000000.0,1.665388e+31,0.6310632452346342,3.32495975068137e-15,0.00529849072357182,0.4461694080418511,2.3513501357239477e-15,0.6668060870120411,3.5141332410530117e-15,300000000000000.0,50,52000000000000.0
696215.537,1894100800000.0,1.6625453e+31,0.6311709452698392,3.3093041907422223e-15,0.005297584720776242,0.4462455715313028,2.340278739163411e-15,0.6669199146579762,3.4975868467748825e-15,300000000000000.0,50,52000000000000.0
697215.537,1889071500000.0,1.6522686e+31,0.6312786453050443,3.293648630803075e-15,0.005296678717980663,0.4463217350207544,2.329207342602875e-15,0.6670337423039112,3.481040452496753e-15,300000000000000.0,50,52000000000000.0
698215.537,1884838400000.0,1.6401172e+31,0.6313863453402494,3.277993070863928e-15,0.005295772715185085,0.44639789851020606,2.3181359460423383e-15,0.6671475699498463,3.464494058218623e-15,300000000000000.0,50,52000000000000.0
699215.537,1881820300000.0,1.6302454e+31,0.6314940453754545,3.2623375109247806e-15,0.005294866712389506,0.44647406199965767,2.307064549481802e-15,0.6672613975957813,3.4479476639404935e-15,300000000000000.0,50,52000000000000.0
700215.537,1877968300000.0,1.6146727e+31,0.6316017454106596,3.2466819509856334e-15,0.005293960709593927,0.44655022548910933,2.2959931529212654e-15,0.6673752252417163,3.431401269662364e-15,300000000000000.0,50,52000000000000.0
701215.537,1874892200000.0,1.5951042e+31,0.6317064163410236,3.23287303957887e-15,0.005293081986468815,0.44662424683729945,2.2862276778054317e-15,0.6674858514203641,3.4168065975803327e-15,300000000000000.0,50,52000000000000.0
702215.537,1873258800000.0,1.6097453e+31,0.6318085801195933,3.220592575824051e-15,0.005292225842382181,0.4466964951622402,2.277543097364884e-15,0.667593827784999,3.40382734129376e-15,300000000000000.0,50,52000000000000.0
703215.537,1870789000000.0,1.6562984e+31,0.6319107438981629,3.208312112069232e-15,0.005291369698295547,0.44676874348718093,2.268858516924337e-15,0.6677018041496339,3.390848085007187e-15,300000000000000.0,50,52000000000000.0
704215.537,1868421400000.0,1.6746416e+31,0.6320129076767325,3.196031648314413e-15,0.005290513554208912,0.44684099181212167,2.2601739364837893e-15,0.6678097805142688,3.3778688287206144e-15,300000000000000.0,50,52000000000000.0
705215.537,1865536900000.0,1.6543086e+31,0.6321150714553021,3.183751184559594e-15,0.005289657410122279,0.4469132401370624,2.2514893560432417e-15,0.6679177568789036,3.3648895724340416e-15,300000000000000.0,50,52000000000000.0
706215.537,1858440200000.0,1.6833339e+31,0.6322172352338717,3.171470720804775e-15,0.005288801266035645,0.44698548846200314,2.2428047756026945e-15,0.6680257332435385,3.3519103161474688e-15,300000000000000.0,50,52000000000000.0
707215.537,1850709300000.0,1.5477007e+31,0.6323193990124414,3.159190257049956e-15,0.00528794512194901,0.4470577367869439,2.234120195162147e-15,0.6681337096081734,3.338931059860896e-15,300000000000000.0,50,52000000000000.0
708215.537,1847670500000.0,1.6231885e+31,0.632421562791011,3.146909793295137e-15,0.005287088977862377,0.4471299851118846,2.2254356147215993e-15,0.6682416859728083,3.3259518035743232e-15,300000000000000.0,50,52000000000000.0
709215.537,1843626200000.0,1.5984671e+31,0.6325237265695806,3.1346293295403177e-15,0.005286232833775742,0.44720223343682536,2.2167510342810517e-15,0.6683496623374432,3.3129725472877505e-15,300000000000000.0,50,52000000000000.0
710215.537,1842090900000.0,1.5638215e+31,0.6326258903481502,3.122348865785499e-15,0.005285376689689108,0.4472744817617661,2.2080664538405045e-15,0.6684576387020781,3.2999932910011777e-15,300000000000000.0,50,52000000000000.0
711215.537,1839562400000.0,1.5580593e+31,0.6327280541267198,3.1100684020306798e-15,0.005284520545602475,0.44734673008670683,2.199381873399957e-15,0.668565615066713,3.287014034714605e-15,300000000000000.0,50,52000000000000.0
712215.537,1836880100000.0,1.5544166e+31,0.6328295503198629,3.0981027683934432e-15,0.005283670451862286,0.4474185063041235,2.190919936157695e-15,0.6686728858584544,3.274367522544302e-15,300000000000000.0,50,52000000000000.0
713215.537,1834055500000.0,1.5408101e+31,0.632927300741608,3.0879036227632516e-15,0.005282854306158953,0.44748763356188626,2.183707233082233e-15,0.6687761977339907,3.26358801247443e-15,300000000000000.0,50,52000000000000.0
714215.537,1832044700000.0,1.5244625e+31,0.6330250511633531,3.0777044771330604e-15,0.00528203816045562,0.447556760819649,2.176494530006771e-15,0.668879509609527,3.252808502404558e-15,300000000000000.0,50,52000000000000.0
715215.537,1830289500000.0,1.5301327e+31,0.6331228015850981,3.067505331502869e-15,0.005281222014752288,0.44762588807741177,2.1692818269313095e-15,0.6689828214850633,3.242028992334686e-15,300000000000000.0,50,52000000000000.0
716215.537,1828533800000.0,1.5299822e+31,0.6332205520068432,3.0573061858726776e-15,0.005280405869048955,0.4476950153351745,2.1620691238558474e-15,0.6690861333605996,3.231249482264814e-15,300000000000000.0,50,52000000000000.0
717215.537,1825876600000.0,1.5374656e+31,0.6333183024285882,3.047107040242486e-15,0.0052795897233456224,0.44776414259293723,2.1548564207803857e-15,0.6691894452361359,3.2204699721949424e-15,300000000000000.0,50,52000000000000.0
718215.537,1823176600000.0,1.5384e+31,0.6334160528503333,3.036907894612295e-15,0.0052787735776422895,0.4478332698507,2.147643717704924e-15,0.6692927571116721,3.2096904621250704e-15,300000000000000.0,50,52000000000000.0
719215.537,1819876100000.0,1.5405121e+31,0.6335138032720784,3.0267087489821036e-15,0.005277957431938957,0.44790239710846275,2.140431014629462e-15,0.6693960689872085,3.1989109520551984e-15,300000000000000.0,50,52000000000000.0
720215.537,1816238900000.0,1.5305222e+31,0.6336115536938235,3.016509603351912e-15,0.0052771412862356246,0.4479715243662255,2.1332183115540003e-15,0.6694993808627447,3.1881314419853264e-15,300000000000000.0,50,52000000000000.0
721215.537,1812208100000.0,1.5248519e+31,0.6337093041155686,3.006310457721721e-15,0.005276325140532292,0.4480406516239882,2.1260056084785386e-15,0.6696026927382811,3.1773519319154544e-15,300000000000000.0,50,52000000000000.0
722215.537,1808301700000.0,1.5202745e+31,0.6338070545373136,2.9961113120915292e-15,0.005275508994828959,0.44810977888175096,2.1187929054030765e-15,0.6697060046138174,3.1665724218455827e-15,300000000000000.0,50,52000000000000.0
723215.537,1804867400000.0,1.5053973e+31,0.6339048049590587,2.985912166461338e-15,0.005274692849125626,0.4481789061395137,2.111580202327615e-15,0.6698093164893536,3.1557929117757107e-15,300000000000000.0,50,52000000000000.0
724215.537,1801803700000.0,1.4936858e+31,0.6340004319737141,2.9771911566678105e-15,0.0052738960305134,0.4482465317514131,2.1054128124990738e-15,0.6699103841290553,3.1465756404043125e-15,300000000000000.0,50,52000000000000.0
725215.537,1799736200000.0,1.4686578e+31,0.6340944574087012,2.9695850307393038e-15,0.005273113789358468,0.4483130247470112,2.1000338501235293e-15,0.6700097590540153,3.138536687476347e-15,300000000000000.0,50,52000000000000.0
726215.537,1796908600000.0,1.4536069e+31,0.6341884828436883,2.961978904810797e-15,0.005272331548203535,0.4483795177426093,2.0946548877479853e-15,0.6701091339789752,3.130497734548381e-15,300000000000000.0,50,52000000000000.0
727215.537,1792978300000.0,1.4732924e+31,0.6342825082786754,2.9543727788822904e-15,0.005271549307048603,0.4484460107382074,2.0892759253724408e-15,0.670208508903935,3.1224587816204154e-15,300000000000000.0,50,52000000000000.0
728215.537,1789362400000.0,1.4463755e+31,0.6343765337136625,2.9467666529537837e-15,0.00527076706589367,0.4485125037338055,2.0838969629968967e-15,0.670307883828895,3.1144198286924495e-15,300000000000000.0,50,52000000000000.0
729215.537,1786419000000.0,1.4467392e+31,0.6344705591486496,2.9391605270252766e-15,0.0052699848247387375,0.4485789967294036,2.0785180006213527e-15,0.6704072587538549,3.106380875764484e-15,300000000000000.0,50,52000000000000.0
730215.537,1783475400000.0,1.4288028e+31,0.6345645845836367,2.93155440109677e-15,0.005269202583583805,0.44864548972500173,2.0731390382458082e-15,0.6705066336788147,3.098341922836518e-15,300000000000000.0,50,52000000000000.0
731215.537,1781477500000.0,1.4113122e+31,0.6346586100186238,2.9239482751682633e-15,0.005268420342428873,0.4487119827205998,2.067760075870264e-15,0.6706060086037746,3.0903029699085525e-15,300000000000000.0,50,52000000000000.0
732215.537,1780048500000.0,1.3968139e+31,0.6347526354536109,2.9163421492397566e-15,0.0052676381012739405,0.44877847571619794,2.0623811134947197e-15,0.6707053835287344,3.0822640169805865e-15,300000000000000.0,50,52000000000000.0
733215.537,1778995200000.0,1.3918603e+31,0.634846660888598,2.90873602331125e-15,0.005266855860119007,0.4488449687117961,2.0570021511191756e-15,0.6708047584536944,3.074225064052621e-15,300000000000000.0,50,52000000000000.0
734215.537,1778248000000.0,1.3906867e+31,0.634940686323585,2.9011298973827432e-15,0.005266073618964075,0.44891146170739415,2.051623188743631e-15,0.6709041333786543,3.066186111124655e-15,300000000000000.0,50,52000000000000.0
735215.537,1777823900000.0,1.3871334e+31,0.6350347117585722,2.893523771454236e-15,0.0052652913778091425,0.4489779547029923,2.046244226368087e-15,0.6710035083036141,3.0581471581966895e-15,300000000000000.0,50,52000000000000.0
736215.537,1777792300000.0,1.3821157e+31,0.6351264773804112,2.8946011174525843e-15,0.005264530053684984,0.44904284958543605,2.0470060502120462e-15,0.6711004948206388,3.0592857158446153e-15,300000000000000.0,50,52000000000000.0
737215.537,1778102300000.0,1.3750529e+31,0.6352176796838356,2.897843049333857e-15,0.005263773943685995,0.4491073460957538,2.0492986280300793e-15,0.6711968859635846,3.0627120116231303e-15,300000000000000.0,50,52000000000000.0
738215.537,1778274700000.0,1.3733676e+31,0.63530888198726,2.90108498121513e-15,0.005263017833687005,0.44917184260607157,2.0515912058481127e-15,0.6712932771065305,3.0661383074016457e-15,300000000000000.0,50,52000000000000.0
739215.537,1778745600000.0,1.3749195e+31,0.6354000842906844,2.9043269130964027e-15,0.005262261723688016,0.44923633911638927,2.053883783666146e-15,0.6713896682494763,3.0695646031801607e-15,300000000000000.0,50,52000000000000.0
740215.537,1779634300000.0,1.4078266e+31,0.6354912865941088,2.9075688449776755e-15,0.005261505613689026,0.44930083562670703,2.056176361484179e-15,0.6714860593924222,3.0729908989586757e-15,300000000000000.0,50,52000000000000.0
741215.537,1781157700000.0,1.3955574e+31,0.6355824888975332,2.9108107768589483e-15,0.005260749503690037,0.4493653321370248,2.0584689393022126e-15,0.671582450535368,3.0764171947371907e-15,300000000000000.0,50,52000000000000.0
742215.537,1782981000000.0,1.3960147e+31,0.6356736912009576,2.914052708740221e-15,0.005259993393691047,0.4494298286473425,2.060761517120246e-15,0.6716788416783139,3.079843490515706e-15,300000000000000.0,50,52000000000000.0
743215.537,1784920000000.0,1.4470725e+31,0.635764893504382,2.9172946406214943e-15,0.005259237283692058,0.44949432515766025,2.0630540949382794e-15,0.6717752328212597,3.083269786294221e-15,300000000000000.0,50,52000000000000.0
744215.537,1786692400000.0,1.3753993e+31,0.6358560958078064,2.920536572502767e-15,0.005258481173693068,0.44955882166797795,2.0653466727563125e-15,0.6718716239642056,3.086696082072736e-15,300000000000000.0,50,52000000000000.0
745215.537,1788164900000.0,1.3644056e+31,0.6359472981112309,2.92377850438404e-15,0.005257725063694079,0.4496233181782957,2.067639250574346e-15,0.6719680151071514,3.0901223778512515e-15,300000000000000.0,50,52000000000000.0
746215.537,1789664800000.0,1.3544248e+31,0.6360385004146552,2.9270204362653127e-15,0.005256968953695089,0.44968781468861346,2.0699318283923793e-15,0.6720644062500973,3.0935486736297665e-15,300000000000000.0,50,52000000000000.0
747215.537,1791257800000.0,1.351853e+31,0.6361297027180796,2.9302623681465855e-15,0.0052562128436961,0.44975231119893117,2.0722244062104128e-15,0.6721607973930431,3.0969749694082816e-15,300000000000000.0,50,52000000000000.0
748215.537,1791104500000.0,1.354213e+31,0.6362219315650406,2.921964529666695e-15,0.00525545042907116,0.44981753364397775,2.0663562844870308e-15,0.6722582734575465,3.0882049595696605e-15,300000000000000.0,50,52000000000000.0
749215.537,1790921500000.0,1.3574748e+31,0.6363143567324573,2.911459777503779e-15,0.005254686808723329,0.4498828949198014,2.058927476639285e-15,0.672355957006961,3.0771024775148324e-15,300000000000000.0,50,52000000000000.0
750215.537,1790132400000.0,1.363547e+31,0.6364067818998741,2.9009550253408627e-15,0.005253923188375499,0.44994825619562495,2.0514986687915394e-15,0.6724536405563757,3.0659999954600042e-15,300000000000000.0,50,52000000000000.0
751215.537,1788904900000.0,1.3767551e+31,0.6364992070672908,2.890450273177947e-15,0.005253159568027669,0.4500136174714486,2.044069860943794e-15,0.6725513241057903,3.0548975134051757e-15,300000000000000.0,50,52000000000000.0
752215.537,1787428200000.0,1.3676404e+31,0.6365916322347076,2.8799455210150307e-15,0.005252395947679838,0.45007897874727215,2.0366410530960484e-15,0.672649007655205,3.0437950313503476e-15,300000000000000.0,50,52000000000000.0
753215.537,1786221900000.0,1.368965e+31,0.6366840574021243,2.8694407688521145e-15,0.005251632327332007,0.4501443400230958,2.0292122452483027e-15,0.6727466912046195,3.0326925492955195e-15,300000000000000.0,50,52000000000000.0
754215.537,1783229100000.0,1.3713737e+31,0.636776482569541,2.8589360166891983e-15,0.005250868706984177,0.4502097012989194,2.021783437400557e-15,0.6728443747540341,3.0215900672406914e-15,300000000000000.0,50,52000000000000.0
755215.537,1775507800000.0,1.3159563e+31,0.6368689077369578,2.848431264526282e-15,0.005250105086636346,0.450275062574743,2.0143546295528114e-15,0.6729420583034488,3.0104875851858633e-15,300000000000000.0,50,52000000000000.0
756215.537,1767677600000.0,1.2960865e+31,0.6369613329043745,2.8379265123633663e-15,0.005249341466288516,0.4503404238505666,2.006925821705066e-15,0.6730397418528634,2.999385103131035e-15,300000000000000.0,50,52000000000000.0
757215.537,1762811900000.0,1.2366775e+31,0.6370537580717913,2.82742176020045e-15,0.0052485778459406855,0.4504057851263902,1.9994970138573204e-15,0.673137425402278,2.988282621076207e-15,300000000000000.0,50,52000000000000.0
758215.537,1757644600000.0,1.232699e+31,0.637146183239208,2.816917008037534e-15,0.005247814225592855,0.4504711464022138,1.9920682060095747e-15,0.6732351089516926,2.977180139021379e-15,300000000000000.0,50,52000000000000.0
759215.537,1754195100000.0,1.2326425e+31,0.6372386084066248,2.8064122558746177e-15,0.005247050605245025,0.45053650767803743,1.984639398161829e-15,0.6733327925011072,2.9660776569665505e-15,300000000000000.0,50,52000000000000.0
760215.537,1751438900000.0,1.2368566e+31,0.6373282795370758,2.7986207795821794e-15,0.005246311499929223,0.45059992133899995,1.979129369784427e-15,0.6734275653063637,2.957842823868763e-15,300000000000000.0,50,52000000000000.0
761215.537,1749074800000.0,1.2439719e+31,0.6374166778424765,2.7920832899062064e-15,0.005245583724652656,0.4506624348766112,1.9745061379918987e-15,0.6735209928616743,2.9509333235364258e-15,300000000000000.0,50,52000000000000.0
762215.537,1747205900000.0,1.252932e+31,0.6375050761478772,2.7855458002302334e-15,0.0052448559493760896,0.45072494841422234,1.9698829061993698e-15,0.6736144204169848,2.9440238232040885e-15,300000000000000.0,50,52000000000000.0
763215.537,1745797600000.0,1.2603477e+31,0.637593474453278,2.77900831055426e-15,0.005244128174099524,0.4507874619518335,1.9652596744068413e-15,0.6737078479722954,2.9371143228717516e-15,300000000000000.0,50,52000000000000.0
764215.537,1744160700000.0,1.2668894e+31,0.6376818727586787,2.772470820878287e-15,0.005243400398822957,0.45084997548944467,1.9606364426143127e-15,0.6738012755276059,2.9302048225394143e-15,300000000000000.0,50,52000000000000.0
765215.537,1742281800000.0,1.2711462e+31,0.6377702710640794,2.765933331202314e-15,0.00524267262354639,0.4509124890270559,1.956013210821784e-15,0.6738947030829164,2.923295322207077e-15,300000000000000.0,50,52000000000000.0
766215.537,1740244200000.0,1.274316e+31,0.6378586693694801,2.7593958415263407e-15,0.005241944848269823,0.45097500256466705,1.9513899790292553e-15,0.673988130638227,2.9163858218747398e-15,300000000000000.0,50,52000000000000.0
767215.537,1738475900000.0,1.272926e+31,0.6379470676748809,2.7528583518503677e-15,0.005241217072993257,0.4510375161022782,1.946766747236727e-15,0.6740815581935375,2.9094763215424025e-15,300000000000000.0,50,52000000000000.0
768215.537,1736497900000.0,1.2684332e+31,0.6380354659802815,2.7463208621743948e-15,0.005240489297716691,0.4511000296398894,1.9421435154441983e-15,0.6741749857488482,2.9025668212100652e-15,300000000000000.0,50,52000000000000.0
769215.537,1734409400000.0,1.2655311e+31,0.6381238642856822,2.7397833724984214e-15,0.005239761522440124,0.45116254317750054,1.9375202836516694e-15,0.6742684133041587,2.895657320877728e-15,300000000000000.0,50,52000000000000.0
770215.537,1732429100000.0,1.2667795e+31,0.638212262591083,2.7332458828224484e-15,0.005239033747163557,0.45122505671511176,1.932897051859141e-15,0.6743618408594692,2.8887478205453907e-15,300000000000000.0,50,52000000000000.0
771215.537,1730661600000.0,1.2698621e+31,0.6383006608964836,2.7267083931464754e-15,0.0052383059718869905,0.4512875702527229,1.9282738200666124e-15,0.6744552684147798,2.8818383202130534e-15,300000000000000.0,50,52000000000000.0
772215.537,1728719800000.0,1.2681101e+31,0.6383882170364297,2.719972531385453e-15,0.005237585929658224,0.45134948822134696,1.923510304998291e-15,0.6745478058818795,2.874719164150019e-15,300000000000000.0,50,52000000000000.0
773215.537,1726641400000.0,1.2653545e+31,0.6384740685196726,2.712835137713344e-15,0.0052368815401633625,0.451410200677847,1.918462837619802e-15,0.6746385416901406,2.8671756365520663e-15,300000000000000.0,50,52000000000000.0
774215.537,1724488100000.0,1.2625359e+31,0.6385599200029156,2.705697744041235e-15,0.005236177150668501,0.451470913134347,1.9134153702413124e-15,0.6747292774984017,2.8596321089541135e-15,300000000000000.0,50,52000000000000.0
775215.537,1722277700000.0,1.2589599e+31,0.6386457714861585,2.698560350369126e-15,0.0052354727611736394,0.45153162559084703,1.9083679028628234e-15,0.674820013306663,2.8520885813561608e-15,300000000000000.0,50,52000000000000.0
776215.537,1720088500000.0,1.2550705e+31,0.6387316229694014,2.6914229566970166e-15,0.005234768371678778,0.45159233804734705,1.903320435484334e-15,0.6749107491149241,2.844545053758208e-15,300000000000000.0,50,52000000000000.0
777215.537,1717892400000.0,1.2505142e+31,0.6388174744526444,2.6842855630249077e-15,0.005234063982183916,0.4516530505038471,1.898272968105845e-15,0.6750014849231852,2.8370015261602553e-15,300000000000000.0,50,52000000000000.0
778215.537,1715722400000.0,1.2461816e+31,0.6389033259358873,2.677148169352799e-15,0.005233359592689056,0.4517137629603471,1.8932255007273556e-15,0.6750922207314465,2.8294579985623026e-15,300000000000000.0,50,52000000000000.0
779215.537,1713573900000.0,1.2400118e+31,0.6389891774191302,2.6700107756806896e-15,0.005232655203194194,0.4517744754168471,1.8881780333488666e-15,0.6751829565397076,2.82191447096435e-15,300000000000000.0,50,52000000000000.0
780215.537,1711193600000.0,1.2309568e+31,0.6390750289023732,2.6628733820085807e-15,0.005231950813699333,0.45183518787334714,1.8831305659703772e-15,0.6752736923479687,2.814370943366397e-15,300000000000000.0,50,52000000000000.0
781215.537,1708825100000.0,1.2231166e+31,0.6391608803856161,2.6557359883364714e-15,0.005231246424204471,0.45189590032984717,1.878083098591888e-15,0.67536442815623,2.8068274157684448e-15,300000000000000.0,50,52000000000000.0
782215.537,1706596900000.0,1.2174486e+31,0.639246731868859,2.6485985946643625e-15,0.00523054203470961,0.4519566127863472,1.8730356312133988e-15,0.6754551639644911,2.799283888170492e-15,300000000000000.0,50,52000000000000.0
783215.537,1704474000000.0,1.212172e+31,0.639332583352102,2.6414612009922536e-15,0.005229837645214748,0.4520173252428472,1.8679881638349098e-15,0.6755458997727523,2.7917403605725393e-15,300000000000000.0,50,52000000000000.0
784215.537,1702509100000.0,1.2074094e+31,0.6394184348353449,2.6343238073201443e-15,0.005229133255719887,0.45207803769934723,1.8629406964564204e-15,0.6756366355810135,2.7841968329745865e-15,300000000000000.0,50,52000000000000.0
785215.537,1700671700000.0,1.203349e+31,0.639502092086159,2.6283927291587532e-15,0.005228448652393817,0.45213719842462513,1.8587463144839855e-15,0.6757250523000323,2.7779282562257972e-15,300000000000000.0,50,52000000000000.0
786215.537,1698903700000.0,1.1991506e+31,0.6395851178182004,2.6228088388707976e-15,0.005227769743695567,0.4521959125484473,1.854797457753791e-15,0.6758128015654246,2.7720266211851468e-15,300000000000000.0,50,52000000000000.0
787215.537,1697180800000.0,1.1949281e+31,0.6396681435502418,2.6172249485828424e-15,0.005227090834997316,0.4522546266722695,1.8508486010235963e-15,0.6759005508308169,2.766124986144496e-15,300000000000000.0,50,52000000000000.0
788215.537,1695513100000.0,1.1909918e+31,0.6397511692822833,2.611641058294887e-15,0.0052264119262990655,0.45231334079609176,1.8468997442934016e-15,0.6759883000962092,2.760223351103845e-15,300000000000000.0,50,52000000000000.0
789215.537,1693906800000.0,1.187438e+31,0.6398341950143246,2.6060571680069316e-15,0.0052257330176008155,0.45237205491991395,1.842950887563207e-15,0.6760760493616015,2.7543217160631946e-15,300000000000000.0,50,52000000000000.0
790215.537,1692314500000.0,1.183941e+31,0.639917220746366,2.6004732777189764e-15,0.005225054108902565,0.45243076904373614,1.8390020308330124e-15,0.6761637986269938,2.7484200810225438e-15,300000000000000.0,50,52000000000000.0
791215.537,1690721300000.0,1.1804473e+31,0.6400002464784075,2.5948893874310208e-15,0.005224375200204315,0.4524894831675583,1.8350531741028178e-15,0.6762515478923862,2.742518445981893e-15,300000000000000.0,50,52000000000000.0
792215.537,1689100000000.0,1.1768081e+31,0.6400832722104489,2.5893054971430656e-15,0.005223696291506064,0.4525481972913805,1.831104317372623e-15,0.6763392971577785,2.7366168109412425e-15,300000000000000.0,50,52000000000000.0
793215.537,1687445600000.0,1.1729294e+31,0.6401662979424902,2.5837216068551104e-15,0.005223017382807813,0.4526069114152027,1.8271554606424285e-15,0.6764270464231708,2.7307151759005916e-15,300000000000000.0,50,52000000000000.0
794215.537,1685744300000.0,1.1689382e+31,0.6402493236745317,2.5781377165671548e-15,0.005222338474109563,0.45266562553902495,1.823206603912234e-15,0.6765147956885631,2.7248135408599408e-15,300000000000000.0,50,52000000000000.0
795215.537,1683998700000.0,1.1648405e+31,0.6403323494065731,2.5725538262791996e-15,0.005221659565411312,0.45272433966284714,1.8192577471820393e-15,0.6766025449539554,2.7189119058192903e-15,300000000000000.0,50,52000000000000.0
796215.537,1682192500000.0,1.1603179e+31,0.6404153751386145,2.5669699359912443e-15,0.0052209806567130625,0.45278305378666933,1.8153088904518446e-15,0.6766902942193477,2.7130102707786395e-15,300000000000000.0,50,52000000000000.0
797215.537,1680266400000.0,1.1549531e+31,0.6404983600524984,2.5613537414496165e-15,0.005220302121480513,0.4528417390444058,1.811337188884378e-15,0.676778000343873,2.70707449373847e-15,300000000000000.0,50,52000000000000.0
798215.537,1678216100000.0,1.1490126e+31,0.6405791391221659,2.553991800516549e-15,0.0052196437686179275,0.4528988643569552,1.806130934968623e-15,0.6768633751031939,2.6992936571262167e-15,300000000000000.0,50,52000000000000.0
799215.537,1676088300000.0,1.1430853e+31,0.6406599181918334,2.5466298595834812e-15,0.005218985415755342,0.45295598966950457,1.8009246810528674e-15,0.676948749862515,2.6915128205139635e-15,300000000000000.0,50,52000000000000.0
800215.537,1673881000000.0,1.1370816e+31,0.640740697261501,2.5392679186504135e-15,0.005218327062892757,0.453013114982054,1.795718427137112e-15,0.677034124621836,2.6837319839017103e-15,300000000000000.0,50,52000000000000.0
801215.537,1671600800000.0,1.1310857e+31,0.6408214763311685,2.531905977717346e-15,0.005217668710030173,0.45307024029460335,1.790512173221357e-15,0.677119499381157,2.675951147289457e-15,300000000000000.0,50,52000000000000.0
802215.537,1669252300000.0,1.1248647e+31,0.640902255400836,2.524544036784278e-15,0.005217010357167587,0.4531273656071528,1.7853059193056014e-15,0.677204874140478,2.668170310677204e-15,300000000000000.0,50,52000000000000.0
803215.537,1666855500000.0,1.1183379e+31,0.6409830344705035,2.51718209585121e-15,0.005216352004305002,0.45318449091970214,1.780099665389846e-15,0.677290248899799,2.6603894740649505e-15,300000000000000.0,50,52000000000000.0
804215.537,1664403300000.0,1.1116165e+31,0.6410638135401711,2.5098201549181425e-15,0.005215693651442417,0.45324161623225157,1.7748934114740908e-15,0.67737562365912,2.6526086374526973e-15,300000000000000.0,50,52000000000000.0
805215.537,1661942300000.0,1.104812e+31,0.6411445926098386,2.5024582139850748e-15,0.0052150352985798325,0.45329874154480093,1.7696871575583354e-15,0.677460998418441,2.644827800840444e-15,300000000000000.0,50,52000000000000.0
806215.537,1659484800000.0,1.0980433e+31,0.6412253716795061,2.495096273052007e-15,0.005214376945717247,0.45335586685735035,1.76448090364258e-15,0.677546373177762,2.637046964228191e-15,300000000000000.0,50,52000000000000.0
807215.537,1657052700000.0,1.0913861e+31,0.6413061507491736,2.4877343321189395e-15,0.005213718592854662,0.4534129921698997,1.7592746497268248e-15,0.677631747937083,2.629266127615938e-15,300000000000000.0,50,52000000000000.0
808215.537,1654645300000.0,1.0846968e+31,0.6413869298188412,2.4803723911858718e-15,0.005213060239992077,0.45347011748244914,1.7540683958110695e-15,0.677717122696404,2.6214852910036847e-15,300000000000000.0,50,52000000000000.0
809215.537,1652267400000.0,1.0780253e+31,0.6414677088885087,2.473010450252804e-15,0.0052124018871294924,0.45352724279499856,1.748862141895314e-15,0.6778024974557251,2.6137044543914315e-15,300000000000000.0,50,52000000000000.0
810215.537,1649920700000.0,1.071434e+31,0.641548330467914,2.4656161652036156e-15,0.005211744926085471,0.45358425673280295,1.7436330151347609e-15,0.6778877057635614,2.605889433925876e-15,300000000000000.0,50,52000000000000.0
811215.537,1647610700000.0,1.0649498e+31,0.6416260993058475,2.457636006461819e-15,0.005211113176114725,0.4536392532547392,1.7379895750569975e-15,0.6779698990084556,2.5974552152022153e-15,300000000000000.0,50,52000000000000.0
812215.537,1645344900000.0,1.0586807e+31,0.641703868143781,2.4496558477200224e-15,0.00521048142614398,0.4536942497766755,1.7323461349792344e-15,0.6780520922533498,2.589020996478555e-15,300000000000000.0,50,52000000000000.0
813215.537,1643126400000.0,1.0526785e+31,0.6417816369817144,2.441675688978226e-15,0.0052098496761732345,0.45374924629861174,1.726702694901471e-15,0.6781342854982441,2.5805867777548945e-15,300000000000000.0,50,52000000000000.0
814215.537,1640968700000.0,1.046971e+31,0.6418594058196478,2.4336955302364296e-15,0.005209217926202488,0.453804242820548,1.7210592548237077e-15,0.6782164787431383,2.572152559031234e-15,300000000000000.0,50,52000000000000.0
815215.537,1638848100000.0,1.0414342e+31,0.6419371746575814,2.4257153714946334e-15,0.005208586176231743,0.45385923934248423,1.7154158147459445e-15,0.6782986719880325,2.5637183403075738e-15,300000000000000.0,50,52000000000000.0
816215.537,1636764900000.0,1.0359273e+31,0.6420149434955148,2.417735212752837e-15,0.005207954426260997,0.4539142358644205,1.7097723746681812e-15,0.6783808652329267,2.5552841215839132e-15,300000000000000.0,50,52000000000000.0
817215.537,1634709500000.0,1.0309448e+31,0.6420927123334482,2.4097550540110402e-15,0.005207322676290252,0.4539692323863568,1.704128934590418e-15,0.678463058477821,2.5468499028602526e-15,300000000000000.0,50,52000000000000.0
818215.537,1632682800000.0,1.0262351e+31,0.6421704811713818,2.401774895269244e-15,0.005206690926319506,0.454024228908293,1.6984854945126547e-15,0.6785452517227152,2.5384156841365925e-15,300000000000000.0,50,52000000000000.0
819215.537,1630673400000.0,1.021785e+31,0.6422482500093152,2.3937947365274474e-15,0.00520605917634876,0.45407922543022927,1.6928420544348913e-15,0.6786274449676094,2.529981465412932e-15,300000000000000.0,50,52000000000000.0
820215.537,1626767900000.0,1.011186e+31,0.6423260188472486,2.3858145777856512e-15,0.005205427426378015,0.4541342219521655,1.6871986143571282e-15,0.6787096382125036,2.5215472466892713e-15,300000000000000.0,50,52000000000000.0
821215.537,1623006300000.0,1.0046664e+31,0.6424037876851821,2.3778344190438547e-15,0.005204795676407269,0.45418921847410176,1.6815551742793648e-15,0.6787918314573977,2.513113027965611e-15,300000000000000.0,50,52000000000000.0
822215.537,1619575500000.0,9.9843596e+30,0.6424815565231156,2.369854260302058e-15,0.005204163926436523,0.45424421499603806,1.6759117342016017e-15,0.678874024702292,2.5046788092419505e-15,300000000000000.0,50,52000000000000.0
823215.537,1616188500000.0,9.9220712e+30,0.642559325361049,2.361874101560262e-15,0.005203532176465778,0.4542992115179743,1.6702682941238384e-15,0.6789562179471862,2.49624459051829e-15,300000000000000.0,50,52000000000000.0
824215.537,1612825000000.0,9.8508219e+30,0.6426341906740441,2.3531116705397266e-15,0.005202925702026191,0.4543521547137132,1.6640716517359337e-15,0.6790353424605938,2.4869836015563474e-15,300000000000000.0,50,52000000000000.0
825215.537,1609479400000.0,9.7861964e+30,0.6427086434258834,2.3442380866404098e-15,0.00520232281898071,0.4544048061528296,1.657796404965652e-15,0.679114030938687,2.4776051370113197e-15,300000000000000.0,50,52000000000000.0
826215.537,1606233400000.0,9.726153e+30,0.6427830961777228,2.3353645027410926e-15,0.00520171993593523,0.454457457591946,1.6515211581953703e-15,0.6791927194167803,2.4682266724662924e-15,300000000000000.0,50,52000000000000.0
827215.537,1602959300000.0,9.6584587e+30,0.642857548929562,2.3264909188417758e-15,0.005201117052889749,0.45451010903106237,1.6452459114250885e-15,0.6792714078948735,2.4588482079212648e-15,300000000000000.0,50,52000000000000.0
828215.537,1599670600000.0,9.5964171e+30,0.6429320016814013,2.317617334942459e-15,0.005200514169844269,0.4545627604701788,1.6389706646548069e-15,0.6793500963729667,2.449469743376237e-15,300000000000000.0,50,52000000000000.0
829215.537,1596440800000.0,9.5403161e+30,0.6430064544332407,2.308743751043142e-15,0.005199911286798788,0.45461541190929516,1.632695417884525e-15,0.6794287848510601,2.4400912788312094e-15,300000000000000.0,50,52000000000000.0
830215.537,1593466700000.0,9.5069917e+30,0.6430809071850799,2.299870167143825e-15,0.0051993084037533065,0.4546680633484116,1.6264201711142434e-15,0.6795074733291533,2.430712814286182e-15,300000000000000.0,50,52000000000000.0
831215.537,1590650200000.0,9.435733e+30,0.6431553599369192,2.290996583244508e-15,0.005198705520707826,0.45472071478752796,1.6201449243439618e-15,0.6795861618072465,2.4213343497411545e-15,300000000000000.0,50,52000000000000.0
832215.537,1587993500000.0,9.3455494e+30,0.6432298126887585,2.2821229993451914e-15,0.005198102637662345,0.4547733662266444,1.61386967757368e-15,0.6796648502853397,2.4119558851961268e-15,300000000000000.0,50,52000000000000.0
833215.537,1585382800000.0,9.2833278e+30,0.6433042654405978,2.273249415445874e-15,0.005197499754616865,0.4548260176657608,1.6075944308033984e-15,0.679743538763433,2.402577420651099e-15,300000000000000.0,50,52000000000000.0
834215.537,1582761400000.0,9.2495332e+30,0.6433787181924371,2.2643758315465574e-15,0.005196896871571384,0.4548786691048772,1.6013191840331166e-15,0.6798222272415262,2.393198956106072e-15,300000000000000.0,50,52000000000000.0
835215.537,1580092600000.0,9.2434239e+30,0.6434531709442763,2.2555022476472406e-15,0.005196293988525904,0.4549313205439936,1.595043937262835e-15,0.6799009157196195,2.383820491561044e-15,300000000000000.0,50,52000000000000.0
836215.537,1577324100000.0,9.260702e+30,0.6435276236961156,2.2466286637479237e-15,0.005195691105480423,0.45498397198310997,1.5887686904925533e-15,0.6799796041977128,2.3744420270160165e-15,300000000000000.0,50,52000000000000.0
837215.537,1574375500000.0,9.3064472e+30,0.6436002606972716,2.2400926635269115e-15,0.005195103785018395,0.4550353393543976,1.5841465359356065e-15,0.680056373614286,2.3675341371490603e-15,300000000000000.0,50,52000000000000.0
838215.537,1571333800000.0,9.3178427e+30,0.6436709661359125,2.236043342259485e-15,0.005194533019749278,0.4550853407577096,1.5812829107752276e-15,0.6801311015681569,2.3632543996397035e-15,300000000000000.0,50,52000000000000.0
839215.537,1568316400000.0,9.2209037e+30,0.6437416715745532,2.2319940209920583e-15,0.005193962254480161,0.4551353421610217,1.5784192856148489e-15,0.6802058295220279,2.358974662130346e-15,300000000000000.0,50,52000000000000.0
840215.537,1566171400000.0,9.0038721e+30,0.6438123770131939,2.227944699724632e-15,0.005193391489211043,0.4551853435643337,1.57555566045447e-15,0.6802805574758989,2.3546949246209893e-15,300000000000000.0,50,52000000000000.0
841215.537,1564838100000.0,8.9135036e+30,0.6438830824518348,2.2238953784572055e-15,0.005192820723941925,0.4552353449676457,1.572692035294091e-15,0.68035528542977,2.350415187111632e-15,300000000000000.0,50,52000000000000.0
842215.537,1563752300000.0,9.1928485e+30,0.6439537878904755,2.2198460571897788e-15,0.005192249958672808,0.4552853463709578,1.5698284101337121e-15,0.680430013383641,2.346135449602275e-15,300000000000000.0,50,52000000000000.0
843215.537,1562962000000.0,9.4344435e+30,0.6440244933291163,2.2157967359223524e-15,0.00519167919340369,0.4553353477742698,1.5669647849733334e-15,0.6805047413375119,2.341855712092918e-15,300000000000000.0,50,52000000000000.0
844215.537,1562030600000.0,9.2255998e+30,0.6440951987677571,2.2117474146549256e-15,0.005191108428134573,0.45538534917758183,1.5641011598129545e-15,0.6805794692913829,2.337575974583561e-15,300000000000000.0,50,52000000000000.0
845215.537,1561015500000.0,9.0504062e+30,0.6441659042063979,2.207698093387499e-15,0.0051905376628654555,0.4554353505808939,1.5612375346525756e-15,0.6806541972452539,2.333296237074204e-15,300000000000000.0,50,52000000000000.0
846215.537,1559991600000.0,8.8765074e+30,0.6442366096450387,2.2036487721200728e-15,0.005189966897596338,0.4554853519842059,1.5583739094921968e-15,0.6807289251991249,2.329016499564847e-15,300000000000000.0,50,52000000000000.0
847215.537,1559061600000.0,8.6648791e+30,0.6443073150836794,2.199599450852646e-15,0.00518939613232722,0.455535353387518,1.555510284331818e-15,0.680803653152996,2.3247367620554897e-15,300000000000000.0,50,52000000000000.0
848215.537,1558380400000.0,8.4791591e+30,0.6443780205223202,2.1955501295852196e-15,0.005188825367058103,0.45558535479083,1.552646659171439e-15,0.6808783811068669,2.320457024546133e-15,300000000000000.0,50,52000000000000.0
849215.537,1557887500000.0,8.3487394e+30,0.644448725960961,2.191500808317793e-15,0.005188254601788986,0.455635356194142,1.54978303401106e-15,0.6809531090607379,2.3161772870367755e-15,300000000000000.0,50,52000000000000.0
850215.537,1557525200000.0,8.2603645e+30,0.6445194313996018,2.1874514870503664e-15,0.0051876838365198675,0.4556853575974541,1.5469194088506813e-15,0.6810278370146089,2.3118975495274187e-15,300000000000000.0,50,52000000000000.0
851215.537,1557172100000.0,8.1958675e+30,0.6445886149924904,2.18341593766158e-15,0.005187126811860197,0.4557342827720606,1.5440655249386916e-15,0.6811009565259981,2.3076323705253616e-15,300000000000000.0,50,52000000000000.0
852215.537,1556788600000.0,8.1459636e+30,0.6446575825909554,2.1793823429051762e-15,0.005186571737394898,0.45578305519833584,1.5412130235947633e-15,0.681173847752355,2.3033692578013022e-15,300000000000000.0,50,52000000000000.0
853215.537,1556259400000.0,8.1054697e+30,0.6447265501894205,2.175348748148773e-15,0.005186016662929597,0.45583182762461116,1.538360522250835e-15,0.6812467389787118,2.2991061450772428e-15,300000000000000.0,50,52000000000000.0
854215.537,1555547600000.0,8.0690766e+30,0.6447955177878855,2.1713151533923694e-15,0.005185461588464298,0.45588060005088643,1.535508020906907e-15,0.6813196302050687,2.2948430323531838e-15,300000000000000.0,50,52000000000000.0
855215.537,1554780200000.0,8.0315483e+30,0.6448644853863504,2.167281558635966e-15,0.005184906513998997,0.45592937247716175,1.5326555195629787e-15,0.6813925214314256,2.2905799196291244e-15,300000000000000.0,50,52000000000000.0
856215.537,1553952700000.0,7.997006e+30,0.6449334529848154,2.1632479638795625e-15,0.005184351439533697,0.455978144903437,1.5298030182190504e-15,0.6814654126577824,2.286316806905065e-15,300000000000000.0,50,52000000000000.0
857215.537,1552957700000.0,7.9566594e+30,0.6450024205832805,2.1592143691231592e-15,0.0051837963650683975,0.45602691732971234,1.5269505168751222e-15,0.6815383038841393,2.2820536941810056e-15,300000000000000.0,50,52000000000000.0
858215.537,1551497700000.0,7.9345819e+30,0.6450713881817455,2.1551807743667556e-15,0.005183241290603097,0.4560756897559876,1.5240980155311941e-15,0.6816111951104961,2.2777905814569466e-15,300000000000000.0,50,52000000000000.0
859215.537,1549448900000.0,7.9361278e+30,0.6451403557802105,2.151147179610352e-15,0.0051826862161377975,0.45612446218226294,1.5212455141872658e-15,0.681684086336853,2.273527468732887e-15,300000000000000.0,50,52000000000000.0
860215.537,1546972100000.0,7.9723367e+30,0.6452093233786755,2.1471135848539488e-15,0.005182131141672497,0.4561732346085382,1.5183930128433376e-15,0.6817569775632099,2.2692643560088278e-15,300000000000000.0,50,52000000000000.0
861215.537,1544243200000.0,7.9868769e+30,0.6452782909771405,2.143079990097545e-15,0.0051815760672071975,0.4562220070348135,1.5155405114994093e-15,0.6818298687895666,2.2650012432847684e-15,300000000000000.0,50,52000000000000.0
862215.537,1541951100000.0,7.9402813e+30,0.6453472585756055,2.139046395341142e-15,0.005181020992741897,0.4562707794610888,1.512688010155481e-15,0.6819027600159235,2.260738130560709e-15,300000000000000.0,50,52000000000000.0
863215.537,1540853000000.0,7.8236466e+30,0.6454162261740705,2.1350128005847383e-15,0.005180465918276597,0.4563195518873641,1.509835508811553e-15,0.6819756512422803,2.25647501783665e-15,300000000000000.0,50,52000000000000.0
864215.537,1538519700000.0,7.8089272e+30,0.6454851136625208,2.130915077177951e-15,0.005179911561354917,0.45636826766096644,1.5069376571721192e-15,0.682048457800235,2.2521441283220672e-15,300000000000000.0,50,52000000000000.0
865215.537,1535498500000.0,7.8009309e+30,0.6455523220151639,2.125473193325037e-15,0.005179372244415317,0.4564157959733993,1.5030892464132649e-15,0.6821194896768801,2.246392611982473e-15,300000000000000.0,50,52000000000000.0
866215.537,1533502900000.0,7.9490685e+30,0.6456195303678071,2.1200313094721227e-15,0.005178832927475716,0.45646332428583214,1.4992408356544105e-15,0.682190521553525,2.2406410956428785e-15,300000000000000.0,50,52000000000000.0
867215.537,1531068600000.0,8.0384832e+30,0.6456867387204501,2.114589425619209e-15,0.005178293610536116,0.456510852598265,1.4953924248955562e-15,0.68226155343017,2.2348895793032844e-15,300000000000000.0,50,52000000000000.0
868215.537,1528912100000.0,8.0565687e+30,0.6457539470730933,2.1091475417662947e-15,0.005177754293596516,0.4565583809106979,1.4915440141367016e-15,0.6823325853068151,2.22913806296369e-15,300000000000000.0,50,52000000000000.0
869215.537,1527384100000.0,7.9833223e+30,0.6458211554257364,2.1037056579133805e-15,0.005177214976656915,0.4566059092231307,1.4876956033778473e-15,0.6824036171834601,2.223386546624096e-15,300000000000000.0,50,52000000000000.0
870215.537,1526031200000.0,7.8549288e+30,0.6458883637783795,2.0982637740604663e-15,0.005176675659717315,0.4566534375355636,1.483847192618993e-15,0.682474649060105,2.217635030284502e-15,300000000000000.0,50,52000000000000.0
871215.537,1524179200000.0,7.7893699e+30,0.6459555721310226,2.0928218902075525e-15,0.005176136342777715,0.45670096584799647,1.4799987818601386e-15,0.68254568093675,2.2118835139449077e-15,300000000000000.0,50,52000000000000.0
872215.537,1522305700000.0,7.7810832e+30,0.6460227804836658,2.0873800063546383e-15,0.005175597025838114,0.4567484941604293,1.476150371101284e-15,0.6826167128133951,2.2061319976053136e-15,300000000000000.0,50,52000000000000.0
873215.537,1520956500000.0,7.7009344e+30,0.6460899888363089,2.081938122501724e-15,0.005175057708898514,0.45679602247286216,1.4723019603424297e-15,0.68268774469004,2.200380481265719e-15,300000000000000.0,50,52000000000000.0
874215.537,1519240500000.0,7.6866634e+30,0.646157197188952,2.07649623864881e-15,0.0051745183919589145,0.45684355078529504,1.4684535495835753e-15,0.682758776566685,2.194628964926125e-15,300000000000000.0,50,52000000000000.0
875215.537,1517541500000.0,7.6252247e+30,0.6462244055415951,2.071054354795896e-15,0.005173979075019314,0.45689107909772786,1.464605138824721e-15,0.6828298084433301,2.1888774485865307e-15,300000000000000.0,50,52000000000000.0
876215.537,1516159200000.0,7.5479328e+30,0.6462916138942383,2.065612470942982e-15,0.005173439758079714,0.45693860741016074,1.4607567280658666e-15,0.6829008403199751,2.1831259322469366e-15,300000000000000.0,50,52000000000000.0
877215.537,1514215200000.0,7.5326715e+30,0.6463588222468813,2.0601705870900676e-15,0.005172900441140113,0.4569861357225936,1.456908317307012e-15,0.68297187219662,2.1773744159073424e-15,300000000000000.0,50,52000000000000.0
878215.537,1511890000000.0,7.514682e+30,0.6464260305995245,2.0547287032371534e-15,0.005172361124200513,0.4570336640350265,1.4530599065481577e-15,0.6830429040732651,2.1716228995677482e-15,300000000000000.0,50,52000000000000.0
879215.537,1509650200000.0,7.4974789e+30,0.6464908499781737,2.0495460241678944e-15,0.0051718424826897,0.45707950290434196,1.449394802774771e-15,0.6831114110479952,2.1661453387187743e-15,300000000000000.0,50,52000000000000.0
880215.537,1507502200000.0,7.4560295e+30,0.6465556462591979,2.0443658512016384e-15,0.005171324041077799,0.45712532543939693,1.4457314712919276e-15,0.6831798936108908,2.1606704265889642e-15,300000000000000.0,50,52000000000000.0
881215.537,1504761500000.0,7.4817808e+30,0.6466204425402221,2.0391856782353827e-15,0.005170805599465898,0.4571711479744519,1.442068139809084e-15,0.6832483761737865,2.1551955144591542e-15,300000000000000.0,50,52000000000000.0
882215.537,1502314500000.0,7.426024e+30,0.6466852388212463,2.0340055052691267e-15,0.005170287157853996,0.4572169705095068,1.4384048083262405e-15,0.6833168587366821,2.149720602329344e-15,300000000000000.0,50,52000000000000.0
883215.537,1500508400000.0,7.4150825e+30,0.6467500351022705,2.0288253323028707e-15,0.005169768716242095,0.4572627930445618,1.4347414768433968e-15,0.6833853412995778,2.1442456901995338e-15,300000000000000.0,50,52000000000000.0
884215.537,1498584000000.0,7.4056894e+30,0.6468148313832947,2.023645159336615e-15,0.005169250274630194,0.4573086155796168,1.4310781453605533e-15,0.6834538238624734,2.1387707780697237e-15,300000000000000.0,50,52000000000000.0
885215.537,1496556600000.0,7.3764133e+30,0.6468796276643188,2.018464986370359e-15,0.005168731833018293,0.4573544381146717,1.4274148138777099e-15,0.683522306425369,2.1332958659399137e-15,300000000000000.0,50,52000000000000.0
886215.537,1493770600000.0,7.3085552e+30,0.646944423945343,2.013284813404103e-15,0.005168213391406392,0.45740026064972666,1.4237514823948662e-15,0.6835907889882648,2.1278209538101037e-15,300000000000000.0,50,52000000000000.0
887215.537,1491518200000.0,7.2404319e+30,0.6470092202263672,2.008104640437847e-15,0.005167694949794491,0.45744608318478164,1.4200881509120227e-15,0.6836592715511604,2.1223460416802936e-15,300000000000000.0,50,52000000000000.0
888215.537,1489958000000.0,7.2442156e+30,0.6470740165073914,2.0029244674715913e-15,0.00516717650818259,0.4574919057198366,1.416424819429179e-15,0.6837277541140561,2.1168711295504836e-15,300000000000000.0,50,52000000000000.0
889215.537,1489970100000.0,7.2863823e+30,0.6471388127884156,1.9977442945053353e-15,0.005166658066570688,0.45753772825489153,1.4127614879463356e-15,0.6837962366769517,2.111396217420673e-15,300000000000000.0,50,52000000000000.0
890215.537,1490069700000.0,7.2081756e+30,0.6472036090694397,1.9925641215390793e-15,0.005166139624958787,0.4575835507899465,1.409098156463492e-15,0.6838647192398474,2.105921305290863e-15,300000000000000.0,50,52000000000000.0
891215.537,1489754600000.0,7.105016e+30,0.6472684053504639,1.9873839485728237e-15,0.005165621183346886,0.4576293733250015,1.4054348249806484e-15,0.683933201802743,2.100446393161053e-15,300000000000000.0,50,52000000000000.0
892215.537,1486511700000.0,7.0404788e+30,0.6473332016314881,1.9822037756065676e-15,0.005165102741734985,0.45767519586005645,1.401771493497805e-15,0.6840016843656387,2.094971481031243e-15,300000000000000.0,50,52000000000000.0
893215.537,1482922100000.0,6.9667223e+30,0.6473963488529091,1.977612992097533e-15,0.00516459850429108,0.45771985220780437,1.398524967323323e-15,0.6840684240414757,2.0901194916066862e-15,300000000000000.0,50,52000000000000.0
894215.537,1478838200000.0,6.9623418e+30,0.6474588117196212,1.973266803416766e-15,0.005164100161533598,0.45776402459137444,1.3954514140813742e-15,0.6841344404244958,2.08552601320612e-15,300000000000000.0,50,52000000000000.0
895215.537,1475583300000.0,6.9253238e+30,0.6475212745863332,1.9689206147359986e-15,0.005163601818776116,0.45780819697494457,1.3923778608394255e-15,0.6842004568075158,2.080932534805554e-15,300000000000000.0,50,52000000000000.0
896215.537,1472881400000.0,6.8913421e+30,0.6475837374530452,1.9645744260552315e-15,0.005163103476018634,0.45785236935851464,1.3893043075974767e-15,0.6842664731905359,2.0763390564049876e-15,300000000000000.0,50,52000000000000.0
897215.537,1471457600000.0,6.834307e+30,0.6476462003197573,1.9602282373744644e-15,0.005162605133261152,0.4578965417420847,1.3862307543555278e-15,0.6843324895735561,2.0717455780044215e-15,300000000000000.0,50,52000000000000.0
898215.537,1470839800000.0,6.853859e+30,0.6477086631864694,1.9558820486936974e-15,0.00516210679050367,0.45794071412565485,1.383157201113579e-15,0.6843985059565761,2.067152099603855e-15,300000000000000.0,50,52000000000000.0
899215.537,1468802200000.0,6.8353356e+30,0.6477711260531814,1.9515358600129303e-15,0.005161608447746188,0.4579848865092249,1.3800836478716303e-15,0.6844645223395962,2.062558621203289e-15,300000000000000.0,50,52000000000000.0
900215.537,1467881400000.0,6.8252496e+30,0.6478335889198935,1.9471896713321633e-15,0.005161110104988706,0.45802905889279505,1.3770100946296815e-15,0.6845305387226163,2.057965142802723e-15,300000000000000.0,50,52000000000000.0
901215.537,1467204600000.0,6.8426324e+30,0.6478960517866056,1.9428434826513962e-15,0.005160611762231225,0.4580732312763651,1.3739365413877328e-15,0.6845965551056364,2.0533716644021564e-15,300000000000000.0,50,52000000000000.0
902215.537,1468073200000.0,6.9519669e+30,0.6479585146533176,1.938497293970629e-15,0.005160113419473743,0.4581174036599352,1.370862988145784e-15,0.6846625714886565,2.0487781860015903e-15,300000000000000.0,50,52000000000000.0
903215.537,1470052500000.0,7.0214757e+30,0.6480209775200296,1.934151105289862e-15,0.005159615076716261,0.4581615760435053,1.3677894349038353e-15,0.6847285878716766,2.044184707601024e-15,300000000000000.0,50,52000000000000.0
904215.537,1467554600000.0,6.9026624e+30,0.6480834403867417,1.929804916609095e-15,0.005159116733958779,0.4582057484270754,1.3647158816618863e-15,0.6847946042546966,2.0395912292004578e-15,300000000000000.0,50,52000000000000.0
905215.537,1465022400000.0,6.8139982e+30,0.6481459032534538,1.925458727928328e-15,0.005158618391201297,0.4582499208106455,1.3616423284199376e-15,0.6848606206377168,2.0349977507998917e-15,300000000000000.0,50,52000000000000.0
906215.537,1463902200000.0,6.7994595e+30,0.6482083661201659,1.921112539247561e-15,0.005158120048443815,0.4582940931942156,1.3585687751779888e-15,0.6849266370207369,2.0304042723993252e-15,300000000000000.0,50,52000000000000.0
907215.537,1462334100000.0,6.789956e+30,0.6482704495885306,1.9164804889648144e-15,0.005157624989961619,0.45833799727350677,1.355293067354315e-15,0.6849922524183785,2.025508670529184e-15,300000000000000.0,50,52000000000000.0
908215.537,1461144500000.0,6.7597628e+30,0.6483309228686832,1.9106352257482893e-15,0.005157143870130951,0.4583807626541441,1.3511594039623743e-15,0.6850561660112165,2.019330839432211e-15,300000000000000.0,50,52000000000000.0
909215.537,1460469900000.0,6.7724134e+30,0.6483913961488357,1.904789962531764e-15,0.005156662750300283,0.4584235280347814,1.3470257405704339e-15,0.6851200796040545,2.013153008335238e-15,300000000000000.0,50,52000000000000.0
910215.537,1458610400000.0,6.7644385e+30,0.6484518694289882,1.8989446993152387e-15,0.005156181630469615,0.4584662934154188,1.3428920771784933e-15,0.6851839931968926,2.006975177238265e-15,300000000000000.0,50,52000000000000.0
911215.537,1456726500000.0,6.7474639e+30,0.6485123427091407,1.8930994360987133e-15,0.005155700510638947,0.4585090587960561,1.3387584137865526e-15,0.6852479067897306,2.0007973461412914e-15,300000000000000.0,50,52000000000000.0
912215.537,1455319700000.0,6.7229441e+30,0.6485728159892933,1.8872541728821882e-15,0.005155219390808279,0.4585518241766934,1.3346247503946122e-15,0.6853118203825687,1.9946195150443183e-15,300000000000000.0,50,52000000000000.0
913215.537,1454473800000.0,6.7075181e+30,0.6486332892694457,1.8814089096656627e-15,0.005154738270977611,0.45859458955733073,1.3304910870026716e-15,0.6853757339754066,1.9884416839473453e-15,300000000000000.0,50,52000000000000.0
914215.537,1453385800000.0,6.6968907e+30,0.6486937625495983,1.8755636464491377e-15,0.005154257151146944,0.45863735493796803,1.3263574236107311e-15,0.6854396475682447,1.9822638528503723e-15,300000000000000.0,50,52000000000000.0
915215.537,1451190300000.0,6.6939075e+30,0.6487542358297508,1.8697183832326122e-15,0.005153776031316276,0.4586801203186054,1.3222237602187905e-15,0.6855035611610827,1.9760860217533992e-15,300000000000000.0,50,52000000000000.0
916215.537,1447577800000.0,6.708088e+30,0.6488147091099034,1.863873120016087e-15,0.005153294911485608,0.4587228856992427,1.3180900968268499e-15,0.6855674747539208,1.9699081906564258e-15,300000000000000.0,50,52000000000000.0
917215.537,1443241700000.0,6.7306488e+30,0.6488751823900559,1.8580278567995617e-15,0.0051528137916549395,0.45876565107988004,1.3139564334349094e-15,0.6856313883467587,1.9637303595594527e-15,300000000000000.0,50,52000000000000.0
918215.537,1439196800000.0,6.7742863e+30,0.6489356556702084,1.8521825935830366e-15,0.0051523326718242715,0.45880841646051734,1.3098227700429688e-15,0.6856953019395968,1.9575525284624797e-15,300000000000000.0,50,52000000000000.0
919215.537,1436105300000.0,6.9042572e+30,0.648996128950361,1.846337330366511e-15,0.005151851551993603,0.4588511818411547,1.3056891066510284e-15,0.6857592155324349,1.9513746973655066e-15,300000000000000.0,50,52000000000000.0
920215.537,1433610200000.0,6.9730374e+30,0.6490566022305134,1.840492067149986e-15,0.005151370432162935,0.458893947221792,1.3015554432590877e-15,0.6858231291252729,1.9451968662685336e-15,300000000000000.0,50,52000000000000.0
921215.537,1431120900000.0,6.8950305e+30,0.649117075510666,1.8346468039334606e-15,0.005150889312332267,0.45893671260242935,1.2974217798671473e-15,0.685887042718111,1.93901903517156e-15,300000000000000.0,50,52000000000000.0
922215.537,1429752100000.0,6.773366e+30,0.6491763561495305,1.8295175809253952e-15,0.00515041823489196,0.45897863456892957,1.2937944855122552e-15,0.6859496958140023,1.9335979812846017e-15,300000000000000.0,50,52000000000000.0
923215.537,1427267100000.0,6.8432929e+30,0.6492341100803567,1.8253049657465833e-15,0.00514996001278229,0.4590194768753881,1.2908153975267355e-15,0.686010735339376,1.9291456829333018e-15,300000000000000.0,50,52000000000000.0
924215.537,1424771500000.0,6.663497e+30,0.6492918640111829,1.8210923505677713e-15,0.00514950179067262,0.4590603191818466,1.2878363095412156e-15,0.6860717748647496,1.924693384582002e-15,300000000000000.0,50,52000000000000.0
925215.537,1422701700000.0,6.6075702e+30,0.6493496179420091,1.8168797353889594e-15,0.00514904356856295,0.4591011614883051,1.2848572215556957e-15,0.6861328143901232,1.9202410862307023e-15,300000000000000.0,50,52000000000000.0
926215.537,1420560400000.0,6.5367459e+30,0.6494073718728354,1.8126671202101475e-15,0.00514858534645328,0.4591420037947636,1.2818781335701758e-15,0.6861938539154968,1.9157887878794024e-15,300000000000000.0,50,52000000000000.0
927215.537,1419630600000.0,6.5583914e+30,0.6494651258036616,1.8084545050313355e-15,0.005148127124343611,0.4591828461012221,1.2788990455846559e-15,0.6862548934408703,1.9113364895281025e-15,300000000000000.0,50,52000000000000.0
928215.537,1417766000000.0,6.5572757e+30,0.6495228797344877,1.8042418898525236e-15,0.0051476689022339405,0.45922368840768063,1.2759199575991362e-15,0.6863159329662439,1.9068841911768026e-15,300000000000000.0,50,52000000000000.0
929215.537,1416130700000.0,6.4987537e+30,0.6495806336653139,1.8000292746737117e-15,0.00514721068012427,0.45926453071413914,1.2729408696136163e-15,0.6863769724916176,1.902431892825503e-15,300000000000000.0,50,52000000000000.0
930215.537,1415175600000.0,6.4770232e+30,0.6496383875961401,1.7958166594948993e-15,0.0051467524580146,0.45930537302059765,1.2699617816280964e-15,0.6864380120169912,1.897979594474203e-15,300000000000000.0,50,52000000000000.0
931215.537,1413482600000.0,6.4452529e+30,0.6496961415269663,1.7916040443160874e-15,0.005146294235904931,0.45934621532705616,1.2669826936425765e-15,0.6864990515423648,1.893527296122903e-15,300000000000000.0,50,52000000000000.0
932215.537,1412425100000.0,6.4009421e+30,0.6497538954577926,1.7873914291372755e-15,0.005145836013795261,0.4593870576335147,1.2640036056570566e-15,0.6865600910677383,1.8890749977716033e-15,300000000000000.0,50,52000000000000.0
933215.537,1411341900000.0,6.4014916e+30,0.6498116493886188,1.7831788139584635e-15,0.005145377791685591,0.4594278999399732,1.2610245176715367e-15,0.6866211305931119,1.8846226994203037e-15,300000000000000.0,50,52000000000000.0
934215.537,1409690900000.0,6.373352e+30,0.649869403319445,1.7789661987796516e-15,0.005144919569575921,0.4594687422464317,1.258045429686017e-15,0.6866821701184855,1.880170401069004e-15,300000000000000.0,50,52000000000000.0
935215.537,1408790700000.0,6.369004e+30,0.6499271572502712,1.7747535836008397e-15,0.0051444613474662506,0.4595095845528902,1.2550663417004971e-15,0.6867432096438592,1.875718102717704e-15,300000000000000.0,50,52000000000000.0
936215.537,1406914200000.0,6.3430315e+30,0.6499849111810974,1.7705409684220277e-15,0.005144003125356581,0.4595504268593487,1.2520872537149772e-15,0.6868042491692328,1.871265804366404e-15,300000000000000.0,50,52000000000000.0
937215.537,1406002900000.0,6.3032263e+30,0.6500417757730172,1.7665552243579654e-15,0.005143552485560887,0.45959064024084295,1.2492686048468083e-15,0.686864348755405,1.8670532850380618e-15,300000000000000.0,50,52000000000000.0
938215.537,1404130700000.0,6.2956893e+30,0.6500975380246703,1.762850688237677e-15,0.005143111244083373,0.45963007406652556,1.246648821111122e-15,0.686923283281978,1.8631379730738227e-15,300000000000000.0,50,52000000000000.0
939215.537,1402673400000.0,6.26769e+30,0.6501533002763235,1.7591461521173888e-15,0.0051426700026058585,0.4596695078922081,1.2440290373754357e-15,0.6869822178085511,1.8592226611095835e-15,300000000000000.0,50,52000000000000.0
940215.537,1401424000000.0,6.2579406e+30,0.6502090625279765,1.7554416159971006e-15,0.005142228761128344,0.45970894171789073,1.2414092536397495e-15,0.687041152335124,1.8553073491453444e-15,300000000000000.0,50,52000000000000.0
941215.537,1399463100000.0,6.2167574e+30,0.6502648247796295,1.7517370798768121e-15,0.005141787519650829,0.45974837554357334,1.2387894699040633e-15,0.687100086861697,1.8513920371811053e-15,300000000000000.0,50,52000000000000.0
942215.537,1398350400000.0,6.205676e+30,0.6503205870312826,1.748032543756524e-15,0.005141346278173316,0.4597878093692559,1.236169686168377e-15,0.68715902138827,1.847476725216866e-15,300000000000000.0,50,52000000000000.0
943215.537,1396627900000.0,6.1775311e+30,0.6503763492829358,1.7443280076362355e-15,0.005140905036695801,0.4598272431949385,1.2335499024326908e-15,0.6872179559148429,1.843561413252627e-15,300000000000000.0,50,52000000000000.0
944215.537,1395529000000.0,6.1611927e+30,0.6504321115345888,1.7406234715159473e-15,0.005140463795218287,0.4598666770206211,1.2309301186970046e-15,0.6872768904414159,1.839646101288388e-15,300000000000000.0,50,52000000000000.0
945215.537,1393839400000.0,6.1609397e+30,0.6504878737862418,1.736918935395659e-15,0.005140022553740772,0.4599061108463037,1.2283103349613182e-15,0.687335824967989,1.8357307893241488e-15,300000000000000.0,50,52000000000000.0
946215.537,1392614200000.0,6.1178301e+30,0.6505436360378949,1.7332143992753707e-15,0.005139581312263258,0.4599455446719863,1.225690551225632e-15,0.6873947594945619,1.8318154773599096e-15,300000000000000.0,50,52000000000000.0
947215.537,1391242200000.0,6.1206368e+30,0.650599398289548,1.7295098631550825e-15,0.005139140070785744,0.4599849784976689,1.2230707674899456e-15,0.6874536940211349,1.8279001653956705e-15,300000000000000.0,50,52000000000000.0
948215.537,1389800200000.0,6.0610687e+30,0.6506551605412011,1.7258053270347941e-15,0.005138698829308229,0.46002441232335145,1.2204509837542594e-15,0.6875126285477079,1.8239848534314314e-15,300000000000000.0,50,52000000000000.0
949215.537,1388649700000.0,6.0869409e+30,0.6507109227928541,1.722100790914506e-15,0.005138257587830715,0.46006384614903406,1.2178312000185732e-15,0.6875715630742808,1.8200695414671922e-15,300000000000000.0,50,52000000000000.0
950215.537,1387009500000.0,6.034804e+30,0.6507666850445072,1.7183962547942175e-15,0.0051378163463532,0.4601032799747167,1.2152114162828868e-15,0.6876304976008538,1.816154229502953e-15,300000000000000.0,50,52000000000000.0
951215.537,1385843200000.0,6.0439027e+30,0.6508224472961603,1.7146917186739293e-15,0.005137375104875687,0.46014271380039923,1.2125916325472007e-15,0.6876894321274268,1.8122389175387144e-15,300000000000000.0,50,52000000000000.0
952215.537,1384376300000.0,6.0284744e+30,0.6508778346129148,1.7108833091472493e-15,0.005136937065106453,0.4601818824786201,1.2098983922622234e-15,0.6877479703865464,1.8082138235148427e-15,300000000000000.0,50,52000000000000.0
953215.537,1383016900000.0,5.9888582e+30,0.6509318169133779,1.7066856485031521e-15,0.005136511023292895,0.46022005755367196,1.2069298837937288e-15,0.687805023688598,1.8037773365188073e-15,300000000000000.0,50,52000000000000.0
954215.537,1381853800000.0,6.0477096e+30,0.6509857992138408,1.702487987859055e-15,0.005136084981479338,0.4602582326287238,1.2039613753252344e-15,0.6878620769906495,1.7993408495227715e-15,300000000000000.0,50,52000000000000.0
955215.537,1380273600000.0,5.9644171e+30,0.6510397815143039,1.6982903272149575e-15,0.005135658939665781,0.46029640770377567,1.20099286685674e-15,0.687919130292701,1.7949043625267357e-15,300000000000000.0,50,52000000000000.0
956215.537,1379028100000.0,5.9327055e+30,0.6510937638147669,1.6940926665708603e-15,0.005135232897852224,0.4603345827788275,1.1980243583882456e-15,0.6879761835947524,1.7904678755307003e-15,300000000000000.0,50,52000000000000.0
957215.537,1377720600000.0,5.9784507e+30,0.65114774611523,1.689895005926763e-15,0.005134806856038667,0.4603727578538794,1.1950558499197512e-15,0.688033236896804,1.7860313885346645e-15,300000000000000.0,50,52000000000000.0
958215.537,1376134800000.0,5.9141355e+30,0.651201728415693,1.6856973452826659e-15,0.005134380814225109,0.46041093292893126,1.1920873414512569e-15,0.6880902901988555,1.781594901538629e-15,300000000000000.0,50,52000000000000.0
959215.537,1374662900000.0,5.8862788e+30,0.651255710716156,1.6814996846385687e-15,0.005133954772411552,0.4604491080039831,1.1891188329827625e-15,0.688147343500907,1.7771584145425934e-15,300000000000000.0,50,52000000000000.0
960215.537,1372845300000.0,5.9124379e+30,0.651309693016619,1.6773020239944714e-15,0.0051335287305979945,0.46048728307903497,1.186150324514268e-15,0.6882043968029585,1.7727219275465578e-15,300000000000000.0,50,52000000000000.0
961215.537,1370948300000.0,5.8624487e+30,0.6513636753170821,1.673104363350374e-15,0.005133102688784438,0.4605254581540868,1.1831818160457735e-15,0.68826145010501,1.7682854405505222e-15,300000000000000.0,50,52000000000000.0
962215.537,1369119100000.0,5.8575403e+30,0.6514176576175451,1.6689067027062768e-15,0.005132676646970881,0.4605636332291387,1.180213307577279e-15,0.6883185034070616,1.7638489535544866e-15,300000000000000.0,50,52000000000000.0
963215.537,1367047400000.0,5.8298421e+30,0.651471639918008,1.6647090420621796e-15,0.005132250605157323,0.4606018083041905,1.1772447991087847e-15,0.6883755567091131,1.759412466558451e-15,300000000000000.0,50,52000000000000.0
964215.537,1365212100000.0,5.8060411e+30,0.6515256222184711,1.6605113814180824e-15,0.005131824563343766,0.4606399833792424,1.1742762906402903e-15,0.6884326100111646,1.7549759795624154e-15,300000000000000.0,50,52000000000000.0
965215.537,1363391200000.0,5.8370752e+30,0.6515796045189342,1.6563137207739852e-15,0.0051313985215302085,0.4606781584542942,1.1713077821717959e-15,0.6884896633132161,1.7505394925663798e-15,300000000000000.0,50,52000000000000.0
966215.537,1361244100000.0,5.7744913e+30,0.6516335868193972,1.6521160601298878e-15,0.005130972479716652,0.4607163335293461,1.1683392737033015e-15,0.6885467166152677,1.746103005570344e-15,300000000000000.0,50,52000000000000.0
967215.537,1359448000000.0,5.7532944e+30,0.6516875691198603,1.6479183994857905e-15,0.005130546437903095,0.4607545086043979,1.1653707652348071e-15,0.6886037699173192,1.7416665185743084e-15,300000000000000.0,50,52000000000000.0
968215.537,1357861100000.0,5.8103166e+30,0.6517400613801526,1.6437306821754053e-15,0.005130132920096998,0.4607916299504231,1.1624092899203868e-15,0.6886592484032049,1.7372405427784528e-15,300000000000000.0,50,52000000000000.0
969215.537,1355968600000.0,5.7475584e+30,0.6517919939902915,1.6395466995215399e-15,0.005129724106233006,0.46082835552214424,1.1594504562164648e-15,0.6887141353975819,1.7328185149263574e-15,300000000000000.0,50,52000000000000.0
970215.537,1354040400000.0,5.6990646e+30,0.6518439266004304,1.6353627168676747e-15,0.005129315292369015,0.46086508109386537,1.1564916225125428e-15,0.6887690223919587,1.728396487074262e-15,300000000000000.0,50,52000000000000.0
971215.537,1352616500000.0,5.7266416e+30,0.6518958592105694,1.6311787342138094e-15,0.005128906478505024,0.4609018066655865,1.1535327888086206e-15,0.6888239093863356,1.7239744592221665e-15,300000000000000.0,50,52000000000000.0
972215.537,1351082300000.0,5.7225356e+30,0.6519477918207083,1.626994751559944e-15,0.005128497664641032,0.4609385322373076,1.1505739551046986e-15,0.6888787963807125,1.719552431370071e-15,300000000000000.0,50,52000000000000.0
973215.537,1349160100000.0,5.6748702e+30,0.6519997244308472,1.6228107689060788e-15,0.005128088850777041,0.4609752578090287,1.1476151214007766e-15,0.6889336833750893,1.7151304035179757e-15,300000000000000.0,50,52000000000000.0
974215.537,1347778600000.0,5.6446054e+30,0.6520516570409861,1.6186267862522136e-15,0.00512768003691305,0.46101198338074983,1.1446562876968543e-15,0.6889885703694663,1.7107083756658803e-15,300000000000000.0,50,52000000000000.0
975215.537,1346503700000.0,5.6851725e+30,0.652103589651125,1.6144428035983481e-15,0.0051272712230490585,0.46104870895247096,1.1416974539929323e-15,0.6890434573638431,1.7062863478137848e-15,300000000000000.0,50,52000000000000.0
976215.537,1344992800000.0,5.6672262e+30,0.6521555222612639,1.610258820944483e-15,0.005126862409185067,0.4610854345241921,1.1387386202890103e-15,0.6890983443582199,1.7018643199616894e-15,300000000000000.0,50,52000000000000.0
977215.537,1342949600000.0,5.6262682e+30,0.6522074548714029,1.6060748382906175e-15,0.005126453595321076,0.46112216009591317,1.1357797865850881e-15,0.6891532313525969,1.697442292109594e-15,300000000000000.0,50,52000000000000.0
978215.537,1341778000000.0,5.6080183e+30,0.6522593874815418,1.6018908556367523e-15,0.005126044781457085,0.4611588856676343,1.1328209528811661e-15,0.6892081183469737,1.6930202642574985e-15,300000000000000.0,50,52000000000000.0
979215.537,1340327500000.0,5.6439066e+30,0.6523113200916807,1.597706872982887e-15,0.005125635967593094,0.46119561123935543,1.1298621191772441e-15,0.6892630053413507,1.6885982364054032e-15,300000000000000.0,50,52000000000000.0
980215.537,1338648700000.0,5.6530329e+30,0.6523632527018196,1.5935228903290216e-15,0.005125227153729103,0.46123233681107656,1.1269032854733219e-15,0.6893178923357275,1.6841762085533078e-15,300000000000000.0,50,52000000000000.0
981215.537,1335815100000.0,5.6185677e+30,0.6524151853119585,1.5893389076751564e-15,0.0051248183398651115,0.4612690623827977,1.1239444517693999e-15,0.6893727793301043,1.6797541807012123e-15,300000000000000.0,50,52000000000000.0
982215.537,1333834700000.0,5.5869521e+30,0.6524671179220974,1.585154925021291e-15,0.00512440952600112,0.46130578795451876,1.1209856180654779e-15,0.6894276663244813,1.6753321528491169e-15,300000000000000.0,50,52000000000000.0
983215.537,1332413600000.0,5.6225095e+30,0.6525190505322364,1.5809709423674258e-15,0.005124000712137129,0.4613425135262399,1.1180267843615557e-15,0.6894825533188581,1.6709101249970214e-15,300000000000000.0,50,52000000000000.0
984215.537,1331512100000.0,5.6747935e+30,0.6525689246694971,1.577538038866033e-15,0.005123609077133044,0.4613777833847245,1.115599098602081e-15,0.6895352647247699,1.6672819068587152e-15,300000000000000.0,50,52000000000000.0
985215.537,1333249600000.0,5.8461321e+30,0.6526187810400526,1.574111617938273e-15,0.005123217590399916,0.46141304067892985,1.1131759971872105e-15,0.6895879573531501,1.6636605401020553e-15,300000000000000.0,50,52000000000000.0
986215.537,1336847100000.0,5.9246911e+30,0.6526686374106079,1.5706851970105132e-15,0.005122826103666788,0.46144829797313514,1.11075289577234e-15,0.6896406499815304,1.6600391733453954e-15,300000000000000.0,50,52000000000000.0
987215.537,1333689600000.0,5.7576944e+30,0.6527184937811633,1.5672587760827532e-15,0.00512243461693366,0.4614835552673405,1.1083297943574693e-15,0.6896933426099107,1.6564178065887355e-15,300000000000000.0,50,52000000000000.0
988215.537,1330440200000.0,5.7005053e+30,0.6527683501517186,1.5638323551549934e-15,0.0051220431302005315,0.46151881256154575,1.1059066929425988e-15,0.6897460352382909,1.6527964398320756e-15,300000000000000.0,50,52000000000000.0
989215.537,1328060400000.0,5.7028667e+30,0.652818206522274,1.5604059342272334e-15,0.005121651643467404,0.4615540698557511,1.1034835915277282e-15,0.6897987278666712,1.6491750730754159e-15,300000000000000.0,50,52000000000000.0
990215.537,1326112000000.0,5.702198e+30,0.6528680628928294,1.5569795132994734e-15,0.005121260156734276,0.4615893271499564,1.1010604901128577e-15,0.6898514204950514,1.645553706318756e-15,300000000000000.0,50,52000000000000.0
991215.537,1324531800000.0,5.7354374e+30,0.6529179192633847,1.5535530923717137e-15,0.005120868670001147,0.4616245844441617,1.0986373886979872e-15,0.6899041131234317,1.641932339562096e-15,300000000000000.0,50,52000000000000.0
992215.537,1322333300000.0,5.7136423e+30,0.6529677756339402,1.5501266714439537e-15,0.005120477183268019,0.46165984173836705,1.0962142872831166e-15,0.6899568057518121,1.6383109728054361e-15,300000000000000.0,50,52000000000000.0
993215.537,1319977600000.0,5.6695087e+30,0.6530176320044955,1.546700250516194e-15,0.005120085696534891,0.46169509903257233,1.0937911858682461e-15,0.6900094983801923,1.6346896060487762e-15,300000000000000.0,50,52000000000000.0
994215.537,1318755600000.0,5.6712264e+30,0.6530674883750509,1.543273829588434e-15,0.005119694209801763,0.46173035632677767,1.0913680844533754e-15,0.6900621910085726,1.6310682392921163e-15,300000000000000.0,50,52000000000000.0
995215.537,1316624800000.0,5.6603863e+30,0.6531173447456062,1.539847408660674e-15,0.0051193027230686345,0.46176561362098295,1.0889449830385048e-15,0.6901148836369528,1.6274468725354564e-15,300000000000000.0,50,52000000000000.0
996215.537,1315153700000.0,5.6553209e+30,0.6531672011161617,1.5364209877329142e-15,0.005118911236335507,0.4618008709151883,1.0865218816236343e-15,0.6901675762653331,1.6238255057787964e-15,300000000000000.0,50,52000000000000.0
997215.537,1313607100000.0,5.6555717e+30,0.653217057486717,1.5329945668051542e-15,0.005118519749602379,0.46183612820939357,1.0840987802087638e-15,0.6902202688937134,1.6202041390221367e-15,300000000000000.0,50,52000000000000.0
998215.537,1311738500000.0,5.6430107e+30,0.6532669138572724,1.5295681458773942e-15,0.00511812826286925,0.4618713855035989,1.0816756787938933e-15,0.6902729615220936,1.6165827722654768e-15,300000000000000.0,50,52000000000000.0
999215.537,1309912000000.0,5.6547173e+30,0.6533167702278277,1.5261417249496376e-15,0.005117736776136123,0.4619066427978042,1.0792525773790249e-15,0.6903256541504739,1.6129614055088202e-15,300000000000000.0,50,52000000000000.0
