t[yr],B[G],L[erg/s],P_fill[s],Pdot_fill[s/s],chi[rad],P_vac[s],Pdot_vac[s/s],P_vacObs[s],Pdot_vacObs[s/s],bpol,etor,btorAvg
0.0,100000000000000.0,1.0645314e+36,0.001,1.0166767897203004e-08,1.0471975511965976,0.001,2.904790827772286e-09,0.001,6.4880703615650405e-09,300000000000000.0,50,52000000000000.0
0.99999997765,99909977000000.0,9.595779e+34,0.018940698879223453,3.140744833103839e-10,0.16070360644015777,0.01291453250341466,2.2456414126388427e-10,0.019273427782940184,3.360940808892931e-10,300000000000000.0,50,52000000000000.0
2.0119999776,99868227000000.0,8.9669855e+34,0.027147429861922565,2.1619250297571662e-10,0.11303070140132251,0.018778192352156046,1.5431051823101108e-10,0.02804542474369815,2.3077458691713823e-10,300000000000000.0,50,52000000000000.0
3.0299999776,99823344000000.0,8.6880342e+34,0.033381245592544705,1.749242748162002e-10,0.09210221878673278,0.02322423047902405,1.246588964079873e-10,0.03469373775720458,1.8638639937232734e-10,300000000000000.0,50,52000000000000.0
4.0669999776,99776908000000.0,8.5412882e+34,0.038693292650887244,1.5044730237481682e-10,0.0795072849550824,0.02700776052077226,1.0709536836319415e-10,0.040350431602379846,1.601075358463736e-10,300000000000000.0,50,52000000000000.0
5.1019999776,99727344000000.0,8.4329561e+34,0.04333930228254861,1.3401551527729586e-10,0.07099533486806286,0.030313716277909828,9.532089035316193e-11,0.045292670591046975,1.4249513446817168e-10,300000000000000.0,50,52000000000000.0
6.1549999776,99676080000000.0,8.3230606e+34,0.047594565963485054,1.2180429082815262e-10,0.06464591659083606,0.03333945276704091,8.65810699931601e-11,0.04981574473792686,1.2942419742133627e-10,300000000000000.0,50,52000000000000.0
7.2079999776,99623286000000.0,8.1967659e+34,0.05149301168063696,1.1239460623252193e-10,0.059743925271137414,0.03610992130423311,7.98530917490367e-11,0.05395707011877569,1.1936324240093184e-10,300000000000000.0,50,52000000000000.0
8.2779999776,99567936000000.0,8.0873198e+34,0.05516695388214476,1.0474547034154803e-10,0.05575600004163943,0.038719672016462564,7.438854347452346e-11,0.0578580451918571,1.1119228598964515e-10,300000000000000.0,50,52000000000000.0
9.3209999776,99513384000000.0,7.9777055e+34,0.05852208401106125,9.859727870791313e-11,0.05254934446630036,0.04110208931549471,6.99994011471435e-11,0.06141913557105332,1.0462975567058969e-10,300000000000000.0,50,52000000000000.0
19.407999978,98980165000000.0,6.9766945e+34,0.08419027360443414,6.770875471290904e-11,0.03646540422386868,0.059309122330612224,4.799306205325416e-11,0.08863247001284215,7.173114990105066e-11,300000000000000.0,50,52000000000000.0
29.451999978,98498239000000.0,6.4884874e+34,0.10341976385784984,5.4559244686415456e-11,0.029647468320265002,0.07293478643888936,3.8647888214522195e-11,0.10899734579362544,5.776240258661545e-11,300000000000000.0,50,52000000000000.0
39.678999978,98043607000000.0,5.9094971e+34,0.11972207136182825,4.66849284116302e-11,0.02558515077953013,0.0844807122817224,3.3058202744020775e-11,0.12625356908030244,4.94076079864362e-11,300000000000000.0,50,52000000000000.0
49.868999978,97619804000000.0,5.5700837e+34,0.13388477896423007,4.13805521535515e-11,0.022860776233396832,0.09450839986431434,2.9295452845767597e-11,0.1412405436028257,4.378364682636646e-11,300000000000000.0,50,52000000000000.0
60.234999978,97214382000000.0,5.2621917e+34,0.14679052235595083,3.7426913212438795e-11,0.020837424081618948,0.10364434705111211,2.6492194123247514e-11,0.15489468423558642,3.959384894670413e-11,300000000000000.0,50,52000000000000.0
70.621999978,96831882000000.0,5.0046675e+34,0.1585804664819878,3.437021198439652e-11,0.019277538688872362,0.1119892539417923,2.4325637612327547e-11,0.16736652766612556,3.635571289321447e-11,300000000000000.0,50,52000000000000.0
81.170999978,96459264000000.0,4.8035578e+34,0.1696347068035582,3.188204900346904e-11,0.018012410295578773,0.11981259735762717,2.2562520086447074e-11,0.1790588386099618,3.372057817944093e-11,300000000000000.0,50,52000000000000.0
91.458999978,96114635000000.0,4.6308484e+34,0.17968819468412003,2.9883690034975376e-11,0.016997509149402942,0.12692709230875684,2.1146768698514647e-11,0.18969172409082383,3.160462555583295e-11,300000000000000.0,50,52000000000000.0
192.84099998,93348371000000.0,3.7874986e+34,0.25649748710967984,1.9744188742795115e-11,0.011876093826435416,0.18126994128859503,1.3967072177371273e-11,0.27090876823694343,2.0874149832419776e-11,300000000000000.0,50,52000000000000.0
292.85899998,91252020000000.0,2.5749372e+34,0.31171941181674623,1.552459355795302e-11,0.00975817764426332,0.22033164881377829,1.0980847527719974e-11,0.32928742726300747,1.6411122351698743e-11,300000000000000.0,50,52000000000000.0
394.71099998,89484130000000.0,1.8867949e+34,0.3574926327070392,1.301712808764016e-11,0.008500218509040787,0.2527069256217093,9.206695118338403e-12,0.377672974647205,1.3759596029235597e-11,300000000000000.0,50,52000000000000.0
496.20499998,87973176000000.0,1.5557456e+34,0.3965214547654457,1.1342883087204949e-11,0.007657824890420622,0.2803105332702726,8.022232997024245e-12,0.4189271226294833,1.1989384735200583e-11,300000000000000.0,50,52000000000000.0
599.45999998,86611684000000.0,1.3439414e+34,0.431521468936559,1.010225208425314e-11,0.007032396728143863,0.3050639106348676,7.1446063515395274e-12,0.4559215229858251,1.0677749555535144e-11,300000000000000.0,50,52000000000000.0
702.90499998,85391763000000.0,1.1816333e+34,0.46302845268740916,9.151066832022683e-12,0.006550552616861227,0.3273463611657682,6.471772739896671e-12,0.48922306236562507,9.6721837957294e-12,300000000000000.0,50,52000000000000.0
807.96599998,84284654000000.0,1.0512974e+34,0.4921859553466704,8.38780268412369e-12,0.006159896283176552,0.3479668433398368,5.931889984380842e-12,0.5200407499983496,8.865316843196732e-12,300000000000000.0,50,52000000000000.0
910.42999998,83320840000000.0,9.5352971e+33,0.5184181048199868,7.78201813653858e-12,0.0058460297615088985,0.3665182344945607,5.50341135801654e-12,0.5477661371959971,8.22494623009446e-12,300000000000000.0,50,52000000000000.0
1920.154,76441732000000.0,5.4775779e+33,0.7115482292262948,4.773971504173017e-12,0.004250081361728149,0.5030949775001635,3.375952629089847e-12,0.7518824165552204,5.045417203029868e-12,300000000000000.0,50,52000000000000.0
2945.446,71921990000000.0,4.0173544e+33,0.8451649740815668,3.55695361451776e-12,0.003574143935609087,0.5975822093528583,2.5152808808461594e-12,0.89309513214036,3.759127996843107e-12,300000000000000.0,50,52000000000000.0
3969.996,68252059000000.0,3.6271065e+33,0.9486252769875443,2.853923691660392e-12,0.0031820433822394097,0.6707432519397244,2.0181170202343934e-12,1.0024354873693782,3.016108155426492e-12,300000000000000.0,50,52000000000000.0
4990.917,64981543000000.0,4.2234514e+33,1.0329769262985258,2.3767014085782876e-12,0.00292070227001019,0.7303913056501511,1.6806448533918953e-12,1.091580453891703,2.5117504038399157e-12,300000000000000.0,50,52000000000000.0
6029.562,62619334000000.0,5.5321063e+33,1.1058738101725207,2.0607669558054154e-12,0.0027270826680244067,0.7819390194819374,1.457230808831034e-12,1.1686193282141604,2.1778544485464637e-12,300000000000000.0,50,52000000000000.0
7070.126,60603541000000.0,5.8469762e+33,1.1698871237883863,1.8242468474785182e-12,0.002577025886469048,0.8272047084003232,1.289976171608491e-12,1.236269613634757,1.9278896752898537e-12,300000000000000.0,50,52000000000000.0
8126.921,58567653000000.0,4.8436651e+33,1.2276317005592294,1.6238160253445865e-12,0.0024551527999381473,0.8680374741818374,1.1482430620662097e-12,1.2972948233917563,1.7160672609248183e-12,300000000000000.0,50,52000000000000.0
9157.61,56740333000000.0,3.4040811e+33,1.2780995443548824,1.4636565575066445e-12,0.0023576832629736365,0.9037245849839963,1.0349880998185388e-12,1.3506297695067442,1.5468059072937622e-12,300000000000000.0,50,52000000000000.0
10215.537,54824658000000.0,3.195456e+33,1.3248159490367994,1.318384678840399e-12,0.002274106946123733,0.9367588983414334,9.322612363183002e-13,1.4000000672123831,1.3932789753768368e-12,300000000000000.0,50,52000000000000.0
11215.537,53112572000000.0,4.1088111e+33,1.3648190982268233,1.2007464936606844e-12,0.0022071212228533723,0.9650460638588655,8.490754102050591e-13,1.4422756775240473,1.2689564400043015e-12,300000000000000.0,50,52000000000000.0
12215.537,51227052000000.0,4.7060689e+33,1.401231267432892,1.0882008768962706e-12,0.0021494740776952263,0.9907939335063569,7.694910099223946e-13,1.4807562699932204,1.150016298214814e-12,300000000000000.0,50,52000000000000.0
13215.537,49178583000000.0,3.6436095e+33,1.4341569412167536,9.799003036685796e-13,0.0020998970291325847,1.0140764003741982,6.929086533858543e-13,1.5155522791730762,1.035562762658038e-12,300000000000000.0,50,52000000000000.0
14215.537,47113114000000.0,3.3551577e+33,1.4638101069533955,8.822605529021135e-13,0.002057172246993066,1.0350447875733468,6.238650084183748e-13,1.5468898599532501,9.32375952705788e-13,300000000000000.0,50,52000000000000.0
15215.537,45591617000000.0,3.0842141e+33,1.490737167869415,8.111672572747095e-13,0.0020198531482922438,1.0540854743874215,5.735930703589772e-13,1.5753464622887334,8.572437532222903e-13,300000000000000.0,50,52000000000000.0
16215.537,44528053000000.0,2.9820232e+33,1.5156956561938093,7.611135265316767e-13,0.0019864537043756438,1.0717341315762403,5.381987382258029e-13,1.6017226545248073,8.043463686209364e-13,300000000000000.0,50,52000000000000.0
17215.537,43911881000000.0,3.0026911e+33,1.5393002666268374,7.284225611877849e-13,0.0019558643094555613,1.088425424904513,5.150820295873514e-13,1.6266680514431322,7.697980840217856e-13,300000000000000.0,50,52000000000000.0
18215.537,43581089000000.0,3.0740426e+33,1.5620170119830943,7.068465366157704e-13,0.0019273005064347599,1.1044888829998556,4.99824955785045e-13,1.6506751387209266,7.469961463347331e-13,300000000000000.0,50,52000000000000.0
19215.537,43434647000000.0,2.9380226e+33,1.584141302134684,6.919411599826564e-13,0.0019002667966054908,1.120133397115844,4.892848543804093e-13,1.6740561075967235,7.312437975254686e-13,300000000000000.0,50,52000000000000.0
20215.537,43218236000000.0,2.7955842e+33,1.6057858703712242,6.756095355815993e-13,0.0018745463112213076,1.1354386838522343,4.777362484378803e-13,1.696930095777442,7.139842234614745e-13,300000000000000.0,50,52000000000000.0
21215.537,42849539000000.0,2.5244423e+33,1.6268842668167,6.552102644625184e-13,0.001850130356049307,1.150357756026412,4.633113554786787e-13,1.7192268802047592,6.924259943028622e-13,300000000000000.0,50,52000000000000.0
22215.537,42163454000000.0,2.5438804e+33,1.647266776973519,6.270972174408424e-13,0.001827134621682659,1.1647706060634466,4.4343193350123546e-13,1.7407671077123232,6.627158875206865e-13,300000000000000.0,50,52000000000000.0
23215.537,41474798000000.0,2.3853782e+33,1.6667610826074584,6.002451558183226e-13,0.0018056753564765346,1.178555385264395,4.244442037567801e-13,1.7613686735458298,6.343384290448711e-13,300000000000000.0,50,52000000000000.0
24215.537,41120319000000.0,2.6587701e+33,1.685510529598923,5.836857143461243e-13,0.001785506399788156,1.1918134569288157,4.12734591875268e-13,1.7811830667393191,6.168382306663253e-13,300000000000000.0,50,52000000000000.0
25215.537,41048255000000.0,2.6529013e+33,1.7038272008606659,5.746333588579736e-13,0.0017662233042616434,1.2047655011382696,4.063333869698958e-13,1.8005400970995147,6.072715288294646e-13,300000000000000.0,50,52000000000000.0
26215.537,40979664000000.0,2.564897e+33,1.7218714596230493,5.666030811742657e-13,0.001747639114632947,1.2175249137470896,4.006549204570185e-13,1.8196092364871868,5.987849708559801e-13,300000000000000.0,50,52000000000000.0
27215.537,40869340000000.0,2.6602537e+33,1.7396618424236887,5.578161447150808e-13,0.0017296882493069634,1.2301048026955412,3.944414154572698e-13,1.8384100749292007,5.89498789738423e-13,300000000000000.0,50,52000000000000.0
28215.537,40726893000000.0,2.7584332e+33,1.7571756265276341,5.483047230486926e-13,0.0017123668679529611,1.2424891005874668,3.8771562255965446e-13,1.8569185994580162,5.794469865846613e-13,300000000000000.0,50,52000000000000.0
29215.537,40410679000000.0,2.7278906e+33,1.7743545777519618,5.347207602447305e-13,0.0016957122763403632,1.2546366292152467,3.781100753073623e-13,1.875073268609445,5.650913462235021e-13,300000000000000.0,50,52000000000000.0
30215.537,40003703000000.0,2.7544979e+33,1.7910851372067151,5.193094935132503e-13,0.0016798037119717766,1.2664670894416283,3.672124206211144e-13,1.8927540740876336,5.488046315237447e-13,300000000000000.0,50,52000000000000.0
31215.537,39683413000000.0,2.7178909e+33,1.8073555674367734,5.063971460138689e-13,0.001664614262965668,1.277972181870012,3.5808180268967465e-13,1.9099486123223637,5.35158780692291e-13,300000000000000.0,50,52000000000000.0
32215.537,39422092000000.0,2.6528957e+33,1.8232394716043592,4.953786501276248e-13,0.001650046351263674,1.2892039527927275,3.502903661688466e-13,1.926734667305604,5.23514357278974e-13,300000000000000.0,50,52000000000000.0
33215.537,39223835000000.0,2.5804556e+33,1.8387955493775583,4.861675604614532e-13,0.001636021550469299,1.3002039099441476,3.437769825440082e-13,1.9431742729909325,5.13780003748572e-13,300000000000000.0,50,52000000000000.0
34215.537,38990320000000.0,2.537443e+33,1.8540516814296868,4.763378158951684e-13,0.0016225028044919833,1.3109917683140035,3.368261438100719e-13,1.9592968937366155,5.033918669096806e-13,300000000000000.0,50,52000000000000.0
35215.537,38689795000000.0,2.4562415e+33,1.8689915404770179,4.655091793395422e-13,0.0016094783821156533,1.3215559828618753,3.291689781289427e-13,1.9750852753058845,4.919481136517896e-13,300000000000000.0,50,52000000000000.0
36215.537,38426875000000.0,2.3402796e+33,1.8836029856321739,4.555482068169439e-13,0.001596937388316716,1.3318879687735885,3.2212535689225476e-13,1.9905265875650233,4.814213121186892e-13,300000000000000.0,50,52000000000000.0
37215.537,38171159000000.0,2.2489363e+33,1.8979164781712639,4.460411136323437e-13,0.0015848341590066828,1.342009265887821,3.154026856772179e-13,2.0056530221382207,4.713741754223556e-13,300000000000000.0,50,52000000000000.0
38215.537,37857612000000.0,2.2048989e+33,1.9119084538959619,4.358571528451854e-13,0.001573188767897801,1.3519032115824368,3.0820139563664856e-13,2.0204396764797905,4.606117355974187e-13,300000000000000.0,50,52000000000000.0
39215.537,37636785000000.0,2.1657379e+33,1.9256010929296123,4.277540672896763e-13,0.0015619522637587825,1.3615854900619264,3.024715290407887e-13,2.0349099908800157,4.5204836085703547e-13,300000000000000.0,50,52000000000000.0
40215.537,37515056000000.0,2.1620138e+33,1.9390579407818995,4.218072682254677e-13,0.0015510612157041126,1.3711010354533546,2.9826640933020416e-13,2.0491311200860913,4.457637438873805e-13,300000000000000.0,50,52000000000000.0
41215.537,37432009000000.0,2.1056411e+33,1.9523294756801959,4.168715793579471e-13,0.0015404739820142923,1.3804855416977477,2.947762639538325e-13,2.063156409242993,4.405476671223918e-13,300000000000000.0,50,52000000000000.0
42215.537,37305520000000.0,2.0328732e+33,1.9654533316012992,4.11388334810141e-13,0.0015301375357725474,1.389765620579157,2.908989358645111e-13,2.0770256300756715,4.3475293986775636e-13,300000000000000.0,50,52000000000000.0
43215.537,37145832000000.0,1.9953934e+33,1.978391536562617,4.0533266500397924e-13,0.0015200889492077599,1.398914421457431,2.866168397981953e-13,2.0906986538876735,4.2835328068202915e-13,300000000000000.0,50,52000000000000.0
44215.537,37006984000000.0,1.9623136e+33,1.9911481190790505,3.9995135056589973e-13,0.0015103052810011587,1.4079347931471615,2.828115928969541e-13,2.104179738279481,4.2266627995582563e-13,300000000000000.0,50,52000000000000.0
45215.537,36966961000000.0,1.9397861e+33,2.003745352475209,3.9622084799151433e-13,0.0015007646113463751,1.4168424854971278,2.801736617866249e-13,2.117492421643399,4.1872385068576404e-13,300000000000000.0,50,52000000000000.0
46215.537,36888962000000.0,1.9566683e+33,2.0162189682033658,3.9224842529882836e-13,0.0014914417611954882,1.4256627647322075,2.773646671398113e-13,2.130674464741216,4.14525764357343e-13,300000000000000.0,50,52000000000000.0
47215.537,36828780000000.0,2.061502e+33,2.0285769416047406,3.8820906668593167e-13,0.001482311130535511,1.4344012705248848,2.745083426721793e-13,2.143734296153448,4.102569429096875e-13,300000000000000.0,50,52000000000000.0
48215.537,36642912000000.0,2.1614839e+33,2.0408019056089515,3.825025739718059e-13,0.0014733888761780567,1.4430457223289366,2.704731649416212e-13,2.1566535624142023,4.0422630714786005e-13,300000000000000.0,50,52000000000000.0
49215.537,36582790000000.0,2.1666121e+33,2.052846416524404,3.7876996428739997e-13,0.0014647085255853796,1.451562572021697,2.6783375065365653e-13,2.16938212533802,4.0028166136125097e-13,300000000000000.0,50,52000000000000.0
50215.537,36511577000000.0,2.2147337e+33,2.064779913769883,3.748433304931199e-13,0.0014562037521887354,1.460000921389165,2.6505714047562125e-13,2.18199336830229,3.9613197422931514e-13,300000000000000.0,50,52000000000000.0
51215.537,36358754000000.0,2.2560905e+33,2.0765932695994302,3.6990584390246357e-13,0.0014478776149436429,1.4683543161021955,2.6156574311255766e-13,2.1944776452133508,3.909140266770646e-13,300000000000000.0,50,52000000000000.0
52215.537,36204744000000.0,2.2937768e+33,2.088249140753833,3.647118598746067e-13,0.001439755844604558,1.4765963502069208,2.5789297434802484e-13,2.2067954919670036,3.8542501680262267e-13,300000000000000.0,50,52000000000000.0
53215.537,36026035000000.0,2.2061647e+33,2.099729328390676,3.593516438501322e-13,0.001431851219738243,1.4847141550380043,2.5410266227703223e-13,2.218927676144931,3.797603366774922e-13,300000000000000.0,50,52000000000000.0
54215.537,35908249000000.0,1.8009378e+33,2.111048644542107,3.544361291968293e-13,0.0014241397882944636,1.492718204529466,2.5062680638675777e-13,2.2308898512048447,3.745656161757971e-13,300000000000000.0,50,52000000000000.0
55215.537,35673283000000.0,1.7500436e+33,2.122214178023193,3.483026562967455e-13,0.0014166124804003844,1.5006135113241794,2.462897164577338e-13,2.242689508619293,3.6808376818428837e-13,300000000000000.0,50,52000000000000.0
56215.537,35405649000000.0,1.7447586e+33,2.1331881775014803,3.41418477973007e-13,0.0014092904587885498,1.5083733809619648,2.4142179378125633e-13,2.254286753107736,3.60808582516839e-13,300000000000000.0,50,52000000000000.0
57215.537,35125235000000.0,1.7383576e+33,2.1439480248530174,3.3446258430038597e-13,0.0014021839933588268,1.5159818198955275,2.3650316185872213e-13,2.265657682068607,3.534576111294205e-13,300000000000000.0,50,52000000000000.0
58215.537,34863741000000.0,1.7408971e+33,2.1544910915298905,3.2811615654647667e-13,0.0013952897902908662,1.5234369694907504,2.3201549338213967e-13,2.276799517745454,3.4675072126339604e-13,300000000000000.0,50,52000000000000.0
59215.537,34704441000000.0,1.6036056e+33,2.164836108263741,3.2276327942555386e-13,0.0013885907982952642,1.5307520745562273,2.282303797620662e-13,2.287732054709106,3.410938104528199e-13,300000000000000.0,50,52000000000000.0
60215.537,34319862000000.0,1.5604693e+33,2.1750135963482613,3.146750972438345e-13,0.0013820629787429854,1.5379487171644766,2.2251109551410387e-13,2.298487547699378,3.325462519341003e-13,300000000000000.0,50,52000000000000.0
61215.537,33934911000000.0,1.6047848e+33,2.1849361639989957,3.063404477632925e-13,0.0013757579802230766,1.5449651014188992,2.1661753248887213e-13,2.308973641799713,3.237382311313649e-13,300000000000000.0,50,52000000000000.0
62215.537,33605427000000.0,1.6201683e+33,2.1945964676456193,2.9911030949733256e-13,0.001369675287153237,1.5517960346306505,2.1150498605080366e-13,2.319182576457664,3.160974516458323e-13,300000000000000.0,50,52000000000000.0
63215.537,33341773000000.0,1.5881999e+33,2.2040291531559704,2.9310485987248034e-13,0.0013637881437510038,1.5584660154166718,2.072584349885005e-13,2.329150965233525,3.097509155777517e-13,300000000000000.0,50,52000000000000.0
64215.537,33092086000000.0,1.5304159e+33,2.2132727590643704,2.874213844039306e-13,0.0013580683127156143,1.565002294942218,2.0323955734657186e-13,2.338919535413188,3.037446409528523e-13,300000000000000.0,50,52000000000000.0
65215.537,32800659000000.0,1.4929469e+33,2.222337577286456,2.814044509093037e-13,0.001352505823924033,1.5714121507963152,1.9898488806772438e-13,2.3484991634658523,2.973859721212396e-13,300000000000000.0,50,52000000000000.0
66215.537,32545344000000.0,1.4758087e+33,2.231213531572711,2.75873841707369e-13,0.0013471034235688908,1.5776884579601846,1.950741062722811e-13,2.3578792009420426,2.9154124843303987e-13,300000000000000.0,50,52000000000000.0
67215.537,32297693000000.0,1.4762583e+33,2.2399161075672818,2.707919009626273e-13,0.001341848381882932,1.5838421665745612,1.9148058489006096e-13,2.3670760129958412,2.861706753208351e-13,300000000000000.0,50,52000000000000.0
68215.537,32097326000000.0,1.4644014e+33,2.2484598892191117,2.6617314427882657e-13,0.0013367288837643379,1.58988358917573,1.8821458797761465e-13,2.3761050118716276,2.812895925728107e-13,300000000000000.0,50,52000000000000.0
69215.537,31879144000000.0,1.4339107e+33,2.256859734672888,2.6135169452270666e-13,0.0013317333242711168,1.595823232183774,1.8480526484778376e-13,2.3849818995760343,2.761943066039907e-13,300000000000000.0,50,52000000000000.0
70215.537,31591789000000.0,1.4290547e+33,2.2651117498050217,2.556220799478839e-13,0.0013268614592654444,1.601658342037165,1.8075376705928233e-13,2.3937025608694777,2.701392807578659e-13,300000000000000.0,50,52000000000000.0
71215.537,31209910000000.0,1.4900647e+33,2.273191465228759,2.493647092314903e-13,0.0013221251594779263,1.6073716161320073,1.7632908670246114e-13,2.4022411367451117,2.635265278454566e-13,300000000000000.0,50,52000000000000.0
72215.537,30926071000000.0,1.5193533e+33,2.281078587562292,2.4398194536194025e-13,0.0013175336914084347,1.6129487047745765,1.7252285322726521e-13,2.4105761813657174,2.578380533077701e-13,300000000000000.0,50,52000000000000.0
73215.537,30789880000000.0,1.450975e+33,2.2887906337639436,2.406703024593857e-13,0.0013130741257822468,1.6184019944652273,1.701811373930131e-13,2.418726206546728,2.5433832288370515e-13,300000000000000.0,50,52000000000000.0
74215.537,30552850000000.0,1.4645727e+33,2.29638098120779,2.36201385891153e-13,0.001308719456182424,1.623769229010896,1.670210987257705e-13,2.4267476209865637,2.496155964305905e-13,300000000000000.0,50,52000000000000.0
75215.537,30313798000000.0,1.5046568e+33,2.3038348466028884,2.3174814213298715e-13,0.0013044703331302535,1.6290399550304278,1.6387214307295695e-13,2.4346248019478467,2.449094337218747e-13,300000000000000.0,50,52000000000000.0
76215.537,30067620000000.0,1.5286754e+33,2.3111549543874355,2.2736433676631552e-13,0.001300323132404652,1.634216099030462,1.607722887489838e-13,2.4423606286246624,2.402766537116136e-13,300000000000000.0,50,52000000000000.0
77215.537,29833746000000.0,1.5374099e+33,2.31834482376789,2.2309175127636784e-13,0.001296274050168063,1.6393001495059845,1.577510799548045e-13,2.4499588201112656,2.3576141066116397e-13,300000000000000.0,50,52000000000000.0
78215.537,29600579000000.0,1.5429959e+33,2.325408953214235,2.189633253352066e-13,0.001292318857938629,1.6442952874007508,1.5483180872715018e-13,2.457424130377206,2.313985148764264e-13,300000000000000.0,50,52000000000000.0
79215.537,29372748000000.0,1.5439999e+33,2.3323294427894243,2.1504904961134495e-13,0.0012884700550513941,1.6491888554111311,1.5206396642080049e-13,2.464737642887503,2.2726193194755323e-13,300000000000000.0,50,52000000000000.0
80215.537,29198237000000.0,1.5335793e+33,2.3391161132793794,2.1206075622704961e-13,0.0012847198642375888,1.6539877979654534,1.4995089864878328e-13,2.4719097361972664,2.241039196178829e-13,300000000000000.0,50,52000000000000.0
81215.537,29089368000000.0,1.4327537e+33,2.3458150051439013,2.0905827663916444e-13,0.0012810377668544834,1.6587246709198786,1.4782779995394795e-13,2.4789890655340714,2.2093091592535633e-13,300000000000000.0,50,52000000000000.0
82215.537,28861158000000.0,1.3780007e+33,2.3524309671797563,2.0579229414765063e-13,0.0012774199222418102,1.6634029029329938,1.4551837526868177e-13,2.485980755080993,2.1747944518531634e-13,300000000000000.0,50,52000000000000.0
83215.537,28646237000000.0,1.3685907e+33,2.3589497328596183,2.0214130808459247e-13,0.0012738751727325946,1.6680124059488721,1.4293670995900987e-13,2.4928697280834444,2.1362110665950086e-13,300000000000000.0,50,52000000000000.0
84215.537,28432949000000.0,1.3572939e+33,2.365327609511172,1.98800239679673e-13,0.0012704304384673522,1.672522284285112,1.4057419184212382e-13,2.499609810469389,2.1009028698368385e-13,300000000000000.0,50,52000000000000.0
85215.537,28266605000000.0,1.3573306e+33,2.371613168843618,1.9648351096418268e-13,0.0012670514556983126,1.676966883700945,1.3893599765988918e-13,2.5062523325043946,2.0764198054768647e-13,300000000000000.0,50,52000000000000.0
86215.537,28256218000000.0,1.4434196e+33,2.3778243976600226,1.9494722585320546e-13,0.001263727666141494,1.6813589229038646,1.378496653293846e-13,2.5128163024921375,2.060184401212729e-13,300000000000000.0,50,52000000000000.0
87215.537,28184367000000.0,1.4027404e+33,2.3839810934756422,1.9344272967084955e-13,0.0012604524536411422,1.6857124009293425,1.3678581154533345e-13,2.519322642205314,2.0442849423055383e-13,300000000000000.0,50,52000000000000.0
88215.537,28052426000000.0,1.4100834e+33,2.3900855355445767,1.910098563847111e-13,0.0012572234586819765,1.6900289294784487,1.3506549073869078e-13,2.5257737603560897,2.0185744830514992e-13,300000000000000.0,50,52000000000000.0
89215.537,27855231000000.0,1.3672182e+33,2.39613189614919,1.8835556652193205e-13,0.001254038504355373,1.6943043877512027,1.3318860364641503e-13,2.5321634983465118,1.9905241166651274e-13,300000000000000.0,50,52000000000000.0
90215.537,27708215000000.0,1.3719722e+33,2.402101848729529,1.8575286568580485e-13,0.0012509083854422983,1.6985258167930097,1.31348196033943e-13,2.538472488819915,1.9630189417379374e-13,300000000000000.0,50,52000000000000.0
91215.537,27582802000000.0,1.3873605e+33,2.4079626712748894,1.8365004511360103e-13,0.0012478557559772176,1.7026700783999982,1.2986126036141865e-13,2.54466615137471,1.9407964592320162e-13,300000000000000.0,50,52000000000000.0
92215.537,27469413000000.0,1.4197838e+33,2.413770952210281,1.8182613029921426e-13,0.0012448419157223003,1.7067771870553612,1.285715426030398e-13,2.5508042882714386,1.9215214287323525e-13,300000000000000.0,50,52000000000000.0
93215.537,27397471000000.0,1.4880498e+33,2.4195269160379995,1.8028831190397865e-13,0.0012418670236819035,1.710847301504691,1.274841273634403e-13,2.5568871367577803,1.9052698404348657e-13,300000000000000.0,50,52000000000000.0
94215.537,27354234000000.0,1.6155542e+33,2.4252134675425703,1.7942046909443924e-13,0.0012389480084831048,1.7148683334237036,1.2687046044696136e-13,2.562896630646332,1.896098493532026e-13,300000000000000.0,50,52000000000000.0
95215.537,27341925000000.0,1.8765124e+33,2.4308792991909005,1.7873868748985765e-13,0.0012360495852640953,1.7188747139711742,1.2638835979899218e-13,2.5688842278337436,1.888893424704429e-13,300000000000000.0,50,52000000000000.0
96215.537,27340903000000.0,2.0664768e+33,2.436522742170291,1.78255436512515e-13,0.0012331741193228906,1.7228652630933592,1.2604664270937946e-13,2.5748481647113497,1.8837864097022835e-13,300000000000000.0,50,52000000000000.0
97215.537,27324017000000.0,2.0813012e+33,2.442145023924061,1.7763507045690986e-13,0.0012303278500411677,1.7268408486608475,1.2560796992953398e-13,2.5807897383239493,1.877230377052532e-13,300000000000000.0,50,52000000000000.0
98215.537,27305907000000.0,2.0907022e+33,2.447754480423367,1.762588139414707e-13,0.0012274969090131085,1.730807365240955,1.2463479768104632e-13,2.586717758194372,1.8626861678733316e-13,300000000000000.0,50,52000000000000.0
99215.537,27054140000000.0,1.8553735e+33,2.453343040121884,1.7340762151233707e-13,0.001224690086946755,1.7347591052946614,1.226186800375024e-13,2.5926236943172425,1.8325549798167607e-13,300000000000000.0,50,52000000000000.0
100215.537,26878561000000.0,1.7787069e+33,2.458825335948363,1.7167806804904544e-13,0.0012219513521166013,1.738635704693147,1.213956874325325e-13,2.598417331575987,1.814277167141517e-13,300000000000000.0,50,52000000000000.0
101215.537,26888085000000.0,2.0867907e+33,2.4642622394357385,1.704637618399787e-13,0.001219242879084087,1.7424802065281464,1.205370326388936e-13,2.6041629985325776,1.8014444389509315e-13,300000000000000.0,50,52000000000000.0
102215.537,26888573000000.0,1.9921419e+33,2.469639273987052,1.7013538027870306e-13,0.001216581044332136,1.7462823741250404,1.2030482624283027e-13,2.6098453963183132,1.7979740781584406e-13,300000000000000.0,50,52000000000000.0
103215.537,26895974000000.0,2.0309321e+33,2.4750081300294267,1.6922199568736597e-13,0.0012139323728800357,1.7500787585041475,1.196589570502741e-13,2.6155191509949,1.7883214634431503e-13,300000000000000.0,50,52000000000000.0
104215.537,26780798000000.0,2.0394424e+33,2.4803681377767535,1.6767569873365529e-13,0.0012112979427476838,1.7538688860438139,1.1856554778646935e-13,2.6211835547273923,1.7719802937392452e-13,300000000000000.0,50,52000000000000.0
105215.537,26543249000000.0,1.9328835e+33,2.48566219385418,1.6571285947931936e-13,0.001208711086295382,1.7576123781900264,1.1717759652209876e-13,2.626778261146731,1.7512371486976602e-13,300000000000000.0,50,52000000000000.0
106215.537,26497160000000.0,1.9561329e+33,2.490928434800315,1.6380594180512412e-13,0.0012061434474336004,1.7613362018574201,1.158291881535956e-13,2.6323435727219495,1.731084978308198e-13,300000000000000.0,50,52000000000000.0
107215.537,26492033000000.0,2.0054215e+33,2.496096597768152,1.6312836608812153e-13,0.0012036397979489511,1.7649906732162228,1.153500627273928e-13,2.6378052362058604,1.7239243748175202e-13,300000000000000.0,50,52000000000000.0
108215.537,26431462000000.0,2.0310138e+33,2.501250541184395,1.6224160633033877e-13,0.001201149878204759,1.7686350896858862,1.1472302075802175e-13,2.6432518725026646,1.714553135916313e-13,300000000000000.0,50,52000000000000.0
109215.537,26358045000000.0,2.0475885e+33,2.5063818291373763,1.610215617063309e-13,0.0011986818335266308,1.772263486088392,1.1386030906395056e-13,2.648674566561688,1.7016597768556368e-13,300000000000000.0,50,52000000000000.0
110215.537,26275276000000.0,2.0631868e+33,2.511470482490259,1.5967413103852613e-13,0.0011962453376421264,1.775861734931248,1.1290752125225225e-13,2.654052204628769,1.6874202164229598e-13,300000000000000.0,50,52000000000000.0
111215.537,26180658000000.0,2.0488289e+33,2.5165342932900026,1.582524744003847e-13,0.0011938272247747081,1.779442417235404,1.1190224741433199e-13,2.65940358923337,1.6723962442907982e-13,300000000000000.0,50,52000000000000.0
112215.537,26083050000000.0,2.0362905e+33,2.5215302205623322,1.5675365609549297e-13,0.0011914560260565777,1.7829750981218446,1.1084241177920021e-13,2.6646832349808705,1.6565568377586845e-13,300000000000000.0,50,52000000000000.0
113215.537,25980745000000.0,2.0245085e+33,2.526510820451497,1.5522974847557183e-13,0.0011890953377030513,1.7864969407962348,1.0976483521991018e-13,2.669946682853768,1.6404522904006478e-13,300000000000000.0,50,52000000000000.0
114215.537,25859630000000.0,2.0115686e+33,2.531408330345796,1.5341860226198248e-13,0.001186790001797314,1.7899600293623499,1.0848414895989547e-13,2.6751223218084674,1.6213122374564382e-13,300000000000000.0,50,52000000000000.0
115215.537,25723088000000.0,1.9866994e+33,2.536285075842255,1.5159585539251813e-13,0.0011844976083992197,1.7934084351387427,1.0719525977820245e-13,2.680276017108313,1.602049590596922e-13,300000000000000.0,50,52000000000000.0
116215.537,25586787000000.0,1.9617547e+33,2.541077448986958,1.49725971369082e-13,0.0011822578045255544,1.7967971800711857,1.0587303951710031e-13,2.685340548360136,1.5822888056731387e-13,300000000000000.0,50,52000000000000.0
117215.537,25453306000000.0,1.9395282e+33,2.545833770867053,1.4789687066304845e-13,0.0011800398895880396,1.8001604326672562,1.0457965769912413e-13,2.690366980923633,1.5629590157134795e-13,300000000000000.0,50,52000000000000.0
118215.537,25324333000000.0,1.9198726e+33,2.550515832110259,1.4615177797053978e-13,0.0011778670628424936,1.8034711745634828,1.0334567909977891e-13,2.695314935439536,1.5445170159847588e-13,300000000000000.0,50,52000000000000.0
119215.537,25202746000000.0,1.908475e+33,2.555153354772749,1.4447818198138146e-13,0.0011757212105702347,1.806750422628073,1.0216225675913871e-13,2.7002158219402554,1.5268305873048785e-13,300000000000000.0,50,52000000000000.0
120215.537,25087741000000.0,1.9017116e+33,2.5597307916436116,1.4290104025615885e-13,0.0011736117488285044,1.8099871832183232,1.0104703849634022e-13,2.705053210257889,1.510163479040513e-13,300000000000000.0,50,52000000000000.0
121215.537,24976188000000.0,1.8999504e+33,2.5642607905353554,1.4136654868925925e-13,0.0011715311866957328,1.813190399771397,9.99619787566364e-14,2.7098404664966376,1.493947094540021e-13,300000000000000.0,50,52000000000000.0
122215.537,24866500000000.0,1.9003814e+33,2.568742134405986,1.3987580148905163e-13,0.0011694802656039619,1.8163592117004257,9.890785127005923e-14,2.714576304496206,1.478192997317676e-13,300000000000000.0,50,52000000000000.0
123215.537,24756072000000.0,1.9014866e+33,2.5731745363516128,1.38382018637016e-13,0.0011674590333804868,1.8194934161330358,9.785157732474066e-14,2.7192604210607345,1.4624068209542145e-13,300000000000000.0,50,52000000000000.0
124215.537,24642830000000.0,1.9004142e+33,2.57756357384644,1.3688554607928675e-13,0.0011654641066500715,1.8225969569765932,9.67934015334183e-14,2.7238987104203694,1.4465922212229244e-13,300000000000000.0,50,52000000000000.0
125215.537,24526578000000.0,1.8993601e+33,2.5819022482578102,1.3537285452316534e-13,0.0011634991602619451,1.825664885409208,9.572375718168764e-14,2.728483776484863,1.430606222112289e-13,300000000000000.0,50,52000000000000.0
126215.537,24408625000000.0,1.8992596e+33,2.5861971178017087,1.3384605598577257e-13,0.0011615602902144751,1.8287018388332523,9.464413769074196e-14,2.733022549923289,1.41447114302915e-13,300000000000000.0,50,52000000000000.0
127215.537,24286970000000.0,1.8984395e+33,2.5904424865383255,1.3228333382007427e-13,0.001159650231422656,1.8317037895800934,9.35391162577189e-14,2.737509011323119,1.3979564280415987e-13,300000000000000.0,50,52000000000000.0
128215.537,24159242000000.0,1.8961745e+33,2.5946397172077886,1.3068567699115053e-13,0.0011577681907225703,1.8346717012613456,9.240939218931055e-14,2.7419446008167077,1.3810725283949658e-13,300000000000000.0,50,52000000000000.0
129215.537,24026520000000.0,1.890686e+33,2.59879062285974,1.2904203218026904e-13,0.0011559123772671863,1.8376068559159917,9.124714954792678e-14,2.7463312344311217,1.3637026337033613e-13,300000000000000.0,50,52000000000000.0
130215.537,23885102000000.0,1.8762535e+33,2.60288402153505,1.273412987821349e-13,0.0011540891218037772,1.84050134663428,9.004453898188943e-14,2.750657095168344,1.3457294342058465e-13,300000000000000.0,50,52000000000000.0
131215.537,23741678000000.0,1.8609222e+33,2.6069379017653334,1.2562885738780929e-13,0.0011522875736054512,1.843367893349355,8.883364961279222e-14,2.754941193163852,1.3276325067372784e-13,300000000000000.0,50,52000000000000.0
132215.537,23595569000000.0,1.843767e+33,2.610918971774721,1.2389484475533523e-13,0.0011505260196620767,1.8461829550162379,8.760750707573459e-14,2.7591483459645962,1.3093076183533187e-13,300000000000000.0,50,52000000000000.0
133215.537,23446564000000.0,1.825614e+33,2.6148740398034342,1.2216604400671522e-13,0.0011487784478690826,1.8489796303496213,8.638504996021303e-14,2.763328020107763,1.2910378091647889e-13,300000000000000.0,50,52000000000000.0
134215.537,23302303000000.0,1.8041673e+33,2.618738720451878,1.204553606674466e-13,0.0011470794804481635,1.8517123916089746,8.517540400711779e-14,2.7674121736864468,1.2729594647821335e-13,300000000000000.0,50,52000000000000.0
135215.537,23150430000000.0,1.7687875e+33,2.6225963550193487,1.1872049105193466e-13,0.00114538424487482,1.854440170494829,8.39486556639054e-14,2.771488881031485,1.2546255225601543e-13,300000000000000.0,50,52000000000000.0
136215.537,22977567000000.0,1.7946549e+33,2.6263443446794708,1.1660925590389304e-13,0.0011437470810271933,1.8570904180717573,8.245577498600775e-14,2.775449716645656,1.2323141918413745e-13,300000000000000.0,50,52000000000000.0
137215.537,22762016000000.0,1.4935703e+33,2.6300923343395928,1.144980207558514e-13,0.0011421099171795668,1.8597406656486855,8.096289430811011e-14,2.779410552259828,1.2100028611225948e-13,300000000000000.0,50,52000000000000.0
138215.537,22591758000000.0,1.3132541e+33,2.6337141387132137,1.1297238794829005e-13,0.0011405363687705286,1.8623016860373363,7.988410006246814e-14,2.7832380364724947,1.1938801156056715e-13,300000000000000.0,50,52000000000000.0
139215.537,22481878000000.0,1.2664875e+33,2.6373157722269824,1.1154036433294434e-13,0.001138972989360839,1.8648484433596688,7.887149799836547e-14,2.7870442043137733,1.1787466223878912e-13,300000000000000.0,50,52000000000000.0
140215.537,22401725000000.0,1.2710277e+33,2.6408540266261595,1.105360923593768e-13,0.0011374429430902901,1.8673503845060886,7.81613641963391e-14,2.7907833936925077,1.1681335637018777e-13,300000000000000.0,50,52000000000000.0
141215.537,22353291000000.0,1.2265284e+33,2.6443547740700306,1.0978495837635553e-13,0.0011359326229482623,1.869825804008623,7.763022727144387e-14,2.794482946067518,1.1601956407769116e-13,300000000000000.0,50,52000000000000.0
142215.537,22289738000000.0,1.2085403e+33,2.64783627241372,1.0899421897348949e-13,0.001134433804332339,1.872287612213961,7.707108491789342e-14,2.7981621561497985,1.1518391724340059e-13,300000000000000.0,50,52000000000000.0
143215.537,22219130000000.0,1.1911135e+33,2.651283241801365,1.0813243553282345e-13,0.001132955617106224,1.8747250045308586,7.646170654261197e-14,2.801804876311778,1.1427319190568882e-13,300000000000000.0,50,52000000000000.0
144215.537,22137673000000.0,1.1727366e+33,2.6547270306962187,1.0727459132844925e-13,0.001131479234875437,1.8771601478795836,7.585511365108834e-14,2.8054442353562954,1.1336662951619e-13,300000000000000.0,50,52000000000000.0
145215.537,22053619000000.0,1.167811e+33,2.658111296480268,1.0649047016440259e-13,0.001130036633239037,1.879553201655868,7.530065125293831e-14,2.809020690888594,1.1253797694886095e-13,300000000000000.0,50,52000000000000.0
146215.537,22003744000000.0,1.1649514e+33,2.6614955622643164,1.0570634900035591e-13,0.001128594031602637,1.8819462554321522,7.474618885478828e-14,2.812597146420893,1.117093243815319e-13,300000000000000.0,50,52000000000000.0
147215.537,21936926000000.0,1.1617369e+33,2.6648388945233044,1.0463379499390666e-13,0.0011271748453085021,1.884310364573971,7.398777229766777e-14,2.8161303437525627,1.1057585919989299e-13,300000000000000.0,50,52000000000000.0
148215.537,21821340000000.0,1.1681829e+33,2.6681651795081134,1.034411195530279e-13,0.0011257654106240557,1.8866624193637884,7.314441650155726e-14,2.8196455256700825,1.0931545102466807e-13,300000000000000.0,50,52000000000000.0
149215.537,21668901000000.0,1.1842002e+33,2.6714625056939685,1.021820605793179e-13,0.0011243708770765385,1.888993997022855,7.225412017353258e-14,2.8231301042015553,1.0798488950591952e-13,300000000000000.0,50,52000000000000.0
150215.537,21552203000000.0,1.1767573e+33,2.6746991655146433,1.0078393341941936e-13,0.001123007560217807,1.89128267673253,7.126548718950887e-14,2.8265505710895638,1.0650736234941722e-13,300000000000000.0,50,52000000000000.0
151215.537,21402555000000.0,1.1895139e+33,2.677935825335318,9.938580625952084e-14,0.0011216442433590753,1.8935713564422045,7.027685420548515e-14,2.8299710379775718,1.0502983519291492e-13,300000000000000.0,50,52000000000000.0
152215.537,21257308000000.0,1.1826958e+33,2.6810762314855756,9.796767071932436e-14,0.0011203284257157592,1.8957919739926299,6.927407316691572e-14,2.8332897849247662,1.0353116355376502e-13,300000000000000.0,50,52000000000000.0
153215.537,21157830000000.0,1.1632016e+33,2.6842061184094,9.654734853334083e-14,0.0011190177990952907,1.8980051532681144,6.826974593703012e-14,2.8365974152559867,1.020301811081824e-13,300000000000000.0,50,52000000000000.0
154215.537,20944420000000.0,1.5793293e+33,2.687287452026641,9.499510058804749e-14,0.0011177306983756424,1.900183999905283,6.717213253116079e-14,2.8398537349327824,1.0038978104439579e-13,300000000000000.0,50,52000000000000.0
155215.537,20715512000000.0,1.4088271e+33,2.6903071068989393,9.327526333046099e-14,0.0011164734833247225,1.9023192327457634,6.595601485318141e-14,2.8430448731216456,9.857227453165947e-14,300000000000000.0,50,52000000000000.0
156215.537,20599944000000.0,1.714845e+33,2.693326761771237,9.155542607287448e-14,0.0011152162682738027,1.9044544655862436,6.473989717520204e-14,2.846236011310509,9.675476801892316e-14,300000000000000.0,50,52000000000000.0
157215.537,20424780000000.0,1.3758986e+33,2.6962189854495353,9.067829455313934e-14,0.0011140184339711637,1.9064995902917448,6.411966653902171e-14,2.8492924815102953,9.582782381956351e-14,300000000000000.0,50,52000000000000.0
158215.537,20428109000000.0,1.6002087e+33,2.6991029918086027,8.985550437517749e-14,0.0011128244287981867,1.90853890443166,6.353786129849518e-14,2.8523402677307375,9.495830696271254e-14,300000000000000.0,50,52000000000000.0
159215.537,20348614000000.0,1.3622733e+33,2.7019607692146734,8.897872032901333e-14,0.0011116438013199273,1.9105596717503857,6.291787639895262e-14,2.8553603354424038,9.403173002105448e-14,300000000000000.0,50,52000000000000.0
160215.537,20283712000000.0,1.516725e+33,2.704778824260228,8.802016542838185e-14,0.0011104834336519815,1.9125523508904565,6.22400704274077e-14,2.8583384249401984,9.301873860223446e-14,300000000000000.0,50,52000000000000.0
161215.537,20139956000000.0,1.375616e+33,2.7075968793057834,8.706161052775038e-14,0.0011093230659840355,1.9145450300305273,6.156226445586278e-14,2.861316514437993,9.200574718341443e-14,300000000000000.0,50,52000000000000.0
162215.537,20048256000000.0,1.4036963e+33,2.710351324417838,8.643981073310413e-14,0.0011081938313381265,1.9164927298034824,6.112258193592509e-14,2.8642273815818617,9.134863491115074e-14,300000000000000.0,50,52000000000000.0
163215.537,20028558000000.0,1.280246e+33,2.713091296190515,8.589463373410894e-14,0.001107071680472517,1.9184301952999743,6.073708028584784e-14,2.8671229534426104,9.077249677896213e-14,300000000000000.0,50,52000000000000.0
164215.537,19972374000000.0,1.2085138e+33,2.7158227122267826,8.532311039205835e-14,0.0011059541420196952,1.9203616109254893,6.033294884327236e-14,2.8700094836783396,9.016851613667455e-14,300000000000000.0,50,52000000000000.0
165215.537,19891121000000.0,1.1949293e+33,2.7185175519342217,8.463895472230157e-14,0.0011048563219311083,1.922267162959651,5.984917382779778e-14,2.8728573603798724,8.944550695539632e-14,300000000000000.0,50,52000000000000.0
166215.537,19826239000000.0,1.1861568e+33,2.721212391641661,8.39547990525448e-14,0.0011037585018425211,1.9241727149938128,5.936539881232319e-14,2.875705237081405,8.872249777411808e-14,300000000000000.0,50,52000000000000.0
167215.537,19760116000000.0,1.1725903e+33,2.7238771970447226,8.321673055976524e-14,0.0011026758778547685,1.926057029396384,5.884350145072697e-14,2.8785213738167603,8.79425141631071e-14,300000000000000.0,50,52000000000000.0
168215.537,19682168000000.0,1.1596009e+33,2.726514478277169,8.242925503825692e-14,0.001101607179945236,1.9279218811142855,5.828666783937726e-14,2.881308423271338,8.711031779214806e-14,300000000000000.0,50,52000000000000.0
169215.537,19587193000000.0,1.1513196e+33,2.7291517595096155,8.16417795167486e-14,0.0011005384820357033,1.9297867328321872,5.772983422802754e-14,2.8840954727259156,8.627812142118903e-14,300000000000000.0,50,52000000000000.0
170215.537,19475032000000.0,1.1433237e+33,2.731734461021973,8.065315915228205e-14,0.001099496324027972,1.9316129905597823,5.703076885245916e-14,2.8868248428701584,8.523335750102277e-14,300000000000000.0,50,52000000000000.0
171215.537,19368196000000.0,1.1452603e+33,2.734304413888058,7.961755568771524e-14,0.0010984603651692949,1.9334302335630469,5.6298481202248095e-14,2.889540740370652,8.413894238276667e-14,300000000000000.0,50,52000000000000.0
172215.537,19238071000000.0,1.1475349e+33,2.73686938175015,7.856852323827958e-14,0.0010974267023699782,1.9352439516101043,5.5556697768047984e-14,2.8922513697700616,8.303033566997523e-14,300000000000000.0,50,52000000000000.0
173215.537,19078221000000.0,1.1859313e+33,2.7393493514698557,7.729051629462824e-14,0.001096432189144211,1.9369975664496213,5.465300393203403e-14,2.8948721740044983,8.167975138311015e-14,300000000000000.0,50,52000000000000.0
174215.537,18921050000000.0,1.2201687e+33,2.7418293211895612,7.60125093509769e-14,0.0010954376759184435,1.9387511812891383,5.374931009602007e-14,2.8974929782389345,8.032916709624506e-14,300000000000000.0,50,52000000000000.0
175215.537,18793597000000.0,1.1763822e+33,2.7442804757626855,7.473331512915674e-14,0.0010944559449885204,1.9404844205974592,5.284477674326482e-14,2.900083330929747,7.897732813908163e-14,300000000000000.0,50,52000000000000.0
176215.537,18627686000000.0,1.177676e+33,2.74664759392435,7.345065833266492e-14,0.0010935114923098098,1.9421582367646035,5.193779502627515e-14,2.9025848748254224,7.762183006503181e-14,300000000000000.0,50,52000000000000.0
177215.537,18472607000000.0,1.1955746e+33,2.7490147120860144,7.216800153617309e-14,0.0010925670396310992,1.9438320529317477,5.1030813309285473e-14,2.9050864187210976,7.6266331990982e-14,300000000000000.0,50,52000000000000.0
178215.537,18324595000000.0,1.2041717e+33,2.75133466821381,7.108913935710489e-14,0.00109164320731382,1.9454725202696714,5.026793710790819e-14,2.9075381222804864,7.512620181731689e-14,300000000000000.0,50,52000000000000.0
179215.537,18221860000000.0,1.1982827e+33,2.753586682093908,7.030386639038973e-14,0.001090749080961043,1.947064944844604,4.971266121197187e-14,2.9099180251944086,7.429633348000162e-14,300000000000000.0,50,52000000000000.0
180215.537,18157815000000.0,1.2106081e+33,2.755838695974006,6.951859342367456e-14,0.0010898549546082663,1.9486573694195364,4.915738531603555e-14,2.9122979281083303,7.346646514268635e-14,300000000000000.0,50,52000000000000.0
181215.537,18062693000000.0,1.232649e+33,2.758053623817795,6.884759430541445e-14,0.0010889776706565762,1.9502235700151507,4.8682913775923725e-14,2.9146386388832206,7.27573601529235e-14,300000000000000.0,50,52000000000000.0
182215.537,18028025000000.0,1.2469247e+33,2.7602340219841466,6.828299208257252e-14,0.001088116068150915,1.9517653542633444,4.828367670732245e-14,2.9169428590526554,7.21606942332856e-14,300000000000000.0,50,52000000000000.0
183215.537,17904228000000.0,1.2336692e+33,2.7624144201504985,6.771838985973061e-14,0.0010872544656452534,1.9533071385115381,4.788443963872117e-14,2.9192470792220906,7.15640283136477e-14,300000000000000.0,50,52000000000000.0
184215.537,17927617000000.0,1.2910551e+33,2.764564523980954,6.729855478499032e-14,0.001086407092077726,1.9548275012679823,4.758756907544468e-14,2.921519284643698,7.11203507040614e-14,300000000000000.0,50,52000000000000.0
185215.537,17885047000000.0,1.3262146e+33,2.76669259381102,6.698401330072881e-14,0.0010855700676536642,1.9563322835159387,4.736515281365683e-14,2.9237682047565094,7.078794618839077e-14,300000000000000.0,50,52000000000000.0
186215.537,17836036000000.0,1.3744201e+33,2.768820663641086,6.666947181646731e-14,0.0010847330432296027,1.957837065763895,4.7142736551868985e-14,2.9260171248693205,7.045554167272013e-14,300000000000000.0,50,52000000000000.0
187215.537,17770690000000.0,1.3581262e+33,2.770931188457521,6.622289096939875e-14,0.0010839051630867238,1.9593294417108071,4.682695378013732e-14,2.9282475035748767,6.998359947845016e-14,300000000000000.0,50,52000000000000.0
188215.537,17671309000000.0,1.2725994e+33,2.7730296318835643,6.568538861478348e-14,0.001083083579640625,1.9608132747537694,4.6446879393708355e-14,2.9304651147794103,6.941557248167805e-14,300000000000000.0,50,52000000000000.0
189215.537,17679226000000.0,1.4842383e+33,2.775128075309607,6.51478862601682e-14,0.0010822619961945261,1.9622971077967315,4.606680500727939e-14,2.932682725983944,6.884754548490596e-14,300000000000000.0,50,52000000000000.0
190215.537,17522808000000.0,1.2480285e+33,2.777197865408981,6.471214824694188e-14,0.0010814536792352893,1.9637606797274225,4.5758689350055337e-14,2.9348700566456007,6.838706191105083e-14,300000000000000.0,50,52000000000000.0
191215.537,17521028000000.0,1.447192e+33,2.779244858519051,6.435737537360902e-14,0.001080655917279407,1.965208131632503,4.5507825068874354e-14,2.937033295681874,6.801214139555444e-14,300000000000000.0,50,52000000000000.0
192215.537,17487177000000.0,1.437021e+33,2.781291851629121,6.400260250027618e-14,0.0010798581553235244,1.9666555835375834,4.5256960787693365e-14,2.939196534718148,6.763722088005803e-14,300000000000000.0,50,52000000000000.0
193215.537,17474878000000.0,1.5214679e+33,2.783322546667089,6.369169009873089e-14,0.0010790684262314849,1.9680915108745534,4.503711074931334e-14,2.9413425501106394,6.730865162546982e-14,300000000000000.0,50,52000000000000.0
194215.537,17462588000000.0,1.4687597e+33,2.785335028204797,6.342979286347807e-14,0.001078287674064248,1.9695145592205014,4.485191989735718e-14,2.943469317653535,6.703188105586345e-14,300000000000000.0,50,52000000000000.0
195215.537,17429530000000.0,1.4648888e+33,2.787347509742505,6.316789562822525e-14,0.0010775069218970114,1.9709376075664493,4.4666729045401024e-14,2.9455960851964305,6.675511048625708e-14,300000000000000.0,50,52000000000000.0
196215.537,17366178000000.0,1.5268022e+33,2.7893512551659905,6.275952205593101e-14,0.001076730735557613,1.9723544784953881,4.43779631379172e-14,2.947713620494827,6.632354541038214e-14,300000000000000.0,50,52000000000000.0
197215.537,17259785000000.0,1.3393223e+33,2.7913378455191316,6.20635135235526e-14,0.0010759635151149226,1.973759218856819,4.388580733439854e-14,2.9498130264739646,6.558801102088887e-14,300000000000000.0,50,52000000000000.0
198215.537,17142469000000.0,1.1964368e+33,2.7933244358722726,6.13675049911742e-14,0.0010751962946722322,1.9751639592182495,4.3393651530879885e-14,2.9519124324531028,6.485247663139559e-14,300000000000000.0,50,52000000000000.0
199215.537,17090251000000.0,1.1606551e+33,2.795300425511774,6.066956652395216e-14,0.0010744336764103358,1.9765612036906262,4.290013105481776e-14,2.954000635711192,6.411490271798456e-14,300000000000000.0,50,52000000000000.0
200215.537,16975165000000.0,1.1727093e+33,2.7972170892932446,5.996082736496299e-14,0.0010736968138035483,1.9779164981523778,4.239897332221619e-14,2.9560261440356173,6.336591480826156e-14,300000000000000.0,50,52000000000000.0
201215.537,16887055000000.0,1.1490784e+33,2.7991337530747153,5.925208820597381e-14,0.0010729599511967607,1.9792717926141297,4.189781558961462e-14,2.958051652360042,6.261692689853856e-14,300000000000000.0,50,52000000000000.0
202215.537,16796062000000.0,1.1784045e+33,2.8010504168561865,5.854334904698462e-14,0.0010722230885899734,1.9806270870758813,4.139665785701305e-14,2.960077160684467,6.186793898881555e-14,300000000000000.0,50,52000000000000.0
203215.537,16736056000000.0,1.152879e+33,2.802900942824705,5.790559413950793e-14,0.0010715145238657114,1.9819356147180525,4.094569391814391e-14,2.962032775280504,6.119396647287138e-14,300000000000000.0,50,52000000000000.0
204215.537,16639841000000.0,1.1633155e+33,2.804745242905686,5.727452133939442e-14,0.0010708086229645531,1.983239739962469,4.0499454975475187e-14,2.963981810425646,6.052705553614292e-14,300000000000000.0,50,52000000000000.0
205215.537,16537485000000.0,1.1585681e+33,2.8065895429866665,5.664344853928091e-14,0.001070102722063395,1.9845438652068854,4.005321603280647e-14,2.9659308455707887,5.986014459941444e-14,300000000000000.0,50,52000000000000.0
206215.537,16459075000000.0,1.2358074e+33,2.8083930038978244,5.5989489942701196e-14,0.0010694142879739982,1.9858191125976565,3.959079430904022e-14,2.9678367223212154,5.916904824890111e-14,300000000000000.0,50,52000000000000.0
207215.537,16353650000000.0,1.2447983e+33,2.8101718222003074,5.5321721914417083e-14,0.0010687363934672842,1.987076934912212,3.911860779466755e-14,2.9697165570282644,5.846335826952292e-14,300000000000000.0,50,52000000000000.0
208215.537,16237826000000.0,1.2057189e+33,2.8119506405027903,5.4653953886132965e-14,0.0010680584989605701,1.9883347572267673,3.864642128029488e-14,2.9715963917353134,5.775766829014473e-14,300000000000000.0,50,52000000000000.0
209215.537,16178447000000.0,1.1653748e+33,2.813709751648408,5.4020862996353054e-14,0.0010673888851959977,1.9895786443822345,3.819875536689142e-14,2.973455400133626,5.708862472447063e-14,300000000000000.0,50,52000000000000.0
210215.537,16118810000000.0,1.1320315e+33,2.815418153636201,5.347700103499859e-14,0.001066740578891607,1.9907866745043212,3.7814184248595273e-14,2.9752608196462407,5.6513877296439356e-14,300000000000000.0,50,52000000000000.0
211215.537,16015551000000.0,1.1415786e+33,2.817126555623993,5.2933139073644127e-14,0.0010660922725872165,1.991994704626408,3.742961313029913e-14,2.9770662391588556,5.593912986840808e-14,300000000000000.0,50,52000000000000.0
212215.537,15934578000000.0,1.1373802e+33,2.8188349576117853,5.238927711228967e-14,0.0010654439662828258,1.9932027347484949,3.7045042012002986e-14,2.97887165867147,5.5364382440376795e-14,300000000000000.0,50,52000000000000.0
213215.537,15919807000000.0,1.1399693e+33,2.8204919727567916,5.221866510720256e-14,0.0010648174342608755,1.9943744286363896,3.692440011786733e-14,2.9806227731254036,5.518408127884685e-14,300000000000000.0,50,52000000000000.0
214215.537,15867496000000.0,1.089718e+33,2.8221420915939377,5.2098144652162676e-14,0.0010641938244296458,1.9955412460647883,3.6839178519753055e-14,2.9823665996359114,5.5056716292037404e-14,300000000000000.0,50,52000000000000.0
215215.537,15840001000000.0,1.2013751e+33,2.823792210431084,5.1977624197122786e-14,0.0010635702145984163,1.9967080634931873,3.675395692163878e-14,2.9841104261464193,5.492935130522796e-14,300000000000000.0,50,52000000000000.0
216215.537,15919343000000.0,1.1724099e+33,2.8254367086417695,5.18656396811578e-14,0.001062949797781792,1.9978709065027271,3.667477118399637e-14,2.985848312826923,5.481100700434501e-14,300000000000000.0,50,52000000000000.0
217215.537,15874165000000.0,1.6539343e+33,2.8270737018003493,5.176505294584517e-14,0.0010623336445007632,1.9990284425912623,3.6603644947845575e-14,2.9875782682325056,5.4704707751888693e-14,300000000000000.0,50,52000000000000.0
218215.537,16004006000000.0,1.623147e+33,2.828710694958929,5.1664466210532544e-14,0.0010617174912197346,2.0001859786797973,3.6532518711694775e-14,2.989308223638089,5.4598408499432375e-14,300000000000000.0,50,52000000000000.0
219215.537,15844346000000.0,1.3344551e+33,2.8303476881175085,5.156387947521991e-14,0.001061101337938706,2.0013435147683323,3.6461392475543976e-14,2.9910381790436715,5.449210924697606e-14,300000000000000.0,50,52000000000000.0
220215.537,15881245000000.0,1.4363233e+33,2.8319744547229995,5.1518706485490747e-14,0.0010604913158997872,2.0024938195233544,3.642944991974991e-14,2.992757327110243,5.444437060475544e-14,300000000000000.0,50,52000000000000.0
221215.537,15970613000000.0,1.6375821e+33,2.8336003149797233,5.147844465004149e-14,0.0010598818372544907,2.0036434833869485,3.6400980096171657e-14,2.994475517354731,5.440182201400246e-14,300000000000000.0,50,52000000000000.0
222215.537,15855084000000.0,1.3817465e+33,2.835226175236447,5.143818281459223e-14,0.0010592723586091942,2.0047931472505427,3.637251027259341e-14,2.9961937075992195,5.435927342324948e-14,300000000000000.0,50,52000000000000.0
223215.537,15834074000000.0,1.3725102e+33,2.8368504419600584,5.128249484880659e-14,0.001058664351846631,2.0059416842999696,3.626242135384849e-14,2.997910213802543,5.419474384532864e-14,300000000000000.0,50,52000000000000.0
224215.537,15866576000000.0,1.4344337e+33,2.838471773575688,5.09142049899235e-14,0.0010580590561257931,2.0070881458849903,3.6001999281815287e-14,2.9996236181922775,5.3805539068488754e-14,300000000000000.0,50,52000000000000.0
225215.537,15797248000000.0,1.2877785e+33,2.840093105191318,5.0545915131040405e-14,0.0010574537604049552,2.0082346074700106,3.5741577209782084e-14,3.0013370225820117,5.341633429164887e-14,300000000000000.0,50,52000000000000.0
226215.537,15699002000000.0,1.1646433e+33,2.8417144368069476,5.0177625272157314e-14,0.0010568484646841176,2.0093810690550313,3.5481155137748876e-14,3.003050426971746,5.3027129514808975e-14,300000000000000.0,50,52000000000000.0
227215.537,15521736000000.0,1.0553595e+33,2.84330515580804,4.951841949711543e-14,0.0010562563706043462,2.0105058841018266,3.501502321485809e-14,3.0047314802784353,5.2330488217053156e-14,300000000000000.0,50,52000000000000.0
228215.537,15405299000000.0,1.0297502e+33,2.844884388522551,4.875005794970055e-14,0.0010556692299672956,2.0116225770608716,3.44717060421825e-14,3.0064003950005342,5.1518492382016096e-14,300000000000000.0,50,52000000000000.0
229215.537,15301455000000.0,1.0025114e+33,2.846463621237062,4.798169640228568e-14,0.001055082089330245,2.0127392700199165,3.3928388869506907e-14,3.008069309722633,5.0706496546979036e-14,300000000000000.0,50,52000000000000.0
230215.537,15213643000000.0,9.8493986e+32,2.848038972372099,4.7220149876272554e-14,0.0010544964902323521,2.0138532182700515,3.338989067539279e-14,3.009734122435234,4.99017027491943e-14,300000000000000.0,50,52000000000000.0
231215.537,15122930000000.0,9.6897632e+32,2.8495289458254227,4.6608503856498314e-14,0.001053944798218023,2.014906794992233,3.29573888213245e-14,3.0113087089747648,4.925532210471205e-14,300000000000000.0,50,52000000000000.0
232215.537,15024039000000.0,9.7443158e+32,2.8510189192787463,4.599685783672408e-14,0.001053393106203694,2.0159603717144146,3.2524886967256214e-14,3.012883295514296,4.8608941460229803e-14,300000000000000.0,50,52000000000000.0
233215.537,14930182000000.0,9.6364136e+32,2.85250889273207,4.538521181694984e-14,0.0010528414141893648,2.017013948436596,3.2092385113187926e-14,3.0144578820538275,4.7962560815747555e-14,300000000000000.0,50,52000000000000.0
234215.537,14828029000000.0,9.5956258e+32,2.8539772104513634,4.4876821286870415e-14,0.0010522983561111194,2.018052212143052,3.1732896364208014e-14,3.0160095830568454,4.742529937459213e-14,300000000000000.0,50,52000000000000.0
235215.537,14729232000000.0,9.5172886e+32,2.855394974380201,4.460947344702022e-14,0.0010517754533503985,2.019054728689557,3.154385158217367e-14,3.017507859381864,4.7142769051397685e-14,300000000000000.0,50,52000000000000.0
236215.537,14675748000000.0,1.0164805e+33,2.856812738309039,4.434212560717002e-14,0.0010512525505896775,2.0200572452360617,3.135480680013934e-14,3.0190061357068823,4.686023872820324e-14,300000000000000.0,50,52000000000000.0
237215.537,14736879000000.0,1.0702871e+33,2.8582305022378764,4.407477776731983e-14,0.0010507296478289563,2.0210597617825665,3.1165762018104996e-14,3.020504412031901,4.65777084050088e-14,300000000000000.0,50,52000000000000.0
238215.537,14670720000000.0,1.0622128e+33,2.859632374866744,4.356524215986114e-14,0.0010502135615323084,2.022051041405142,3.080546360160485e-14,3.0219858946019404,4.6039236903801856e-14,300000000000000.0,50,52000000000000.0
239215.537,14504446000000.0,9.9282734e+32,2.861018062982326,4.2809050133498455e-14,0.001049704417471573,2.0230308767692256,3.027075171815408e-14,3.0234502735523217,4.524010180656769e-14,300000000000000.0,50,52000000000000.0
240215.537,14368265000000.0,9.5693504e+32,2.862403751097908,4.2052858107135765e-14,0.0010491952734108375,2.0240107121333097,2.973603983470331e-14,3.024914652502703,4.444096670933352e-14,300000000000000.0,50,52000000000000.0
241215.537,14255535000000.0,9.3934594e+32,2.8637894392134897,4.129666608077308e-14,0.001048686129350102,2.0249905474973935,2.920132795125254e-14,3.0263790314530836,4.3641831612099355e-14,300000000000000.0,50,52000000000000.0
242215.537,14157592000000.0,9.1694877e+32,2.8651171249408613,4.0682049599842884e-14,0.0010481994155925843,2.0259293687206728,2.8766725715209225e-14,3.0277821141420307,4.2992311915586944e-14,300000000000000.0,50,52000000000000.0
243215.537,14063120000000.0,9.1290686e+32,2.866410611180679,4.015090918349145e-14,0.0010477259272366304,2.026844007101809,2.8391150335579656e-14,3.029149055203112,4.24310087596817e-14,300000000000000.0,50,52000000000000.0
244215.537,13969305000000.0,9.213814e+32,2.867704097420497,3.9619768767140015e-14,0.0010472524388806764,2.0277586454829457,2.8015574955950088e-14,3.0305159962641937,4.186970560377646e-14,300000000000000.0,50,52000000000000.0
245215.537,13886560000000.0,9.2000492e+32,2.868997583660314,3.908862835078858e-14,0.0010467789505247227,2.0286732838640824,2.763999957632052e-14,3.0318829373252747,4.1308402447871216e-14,300000000000000.0,50,52000000000000.0
246215.537,13814794000000.0,9.1904484e+32,2.8702450095384897,3.882534499523481e-14,0.0010463234369864826,2.029555352443944,2.7453828885597736e-14,3.033201202319621,4.103016749889977e-14,300000000000000.0,50,52000000000000.0
247215.537,13749074000000.0,9.406271e+32,2.8714726809612645,3.86769406847541e-14,0.0010458756325222097,2.030423452425563,2.734889043765838e-14,3.034498591029998,4.087333538025229e-14,300000000000000.0,50,52000000000000.0
248215.537,13709272000000.0,1.000585e+33,2.8727003523840398,3.8528536374273384e-14,0.001045427828057937,2.031291552407182,2.724395198971902e-14,3.035795979740375,4.071650326160481e-14,300000000000000.0,50,52000000000000.0
249215.537,13760382000000.0,1.086693e+33,2.8739280238068146,3.8380132063792674e-14,0.0010449800235936642,2.0321596523888013,2.713901354177966e-14,3.0370933684507517,4.055967114295733e-14,300000000000000.0,50,52000000000000.0
250215.537,13796016000000.0,1.0789717e+33,2.8751424881042005,3.8217749498956184e-14,0.0010445380996213563,2.033018413455428,2.702419092114354e-14,3.0383768000095523,4.0388066976994575e-14,300000000000000.0,50,52000000000000.0
251215.537,13842145000000.0,1.0805178e+33,2.876351471325396,3.8049565832451285e-14,0.0010440986161062672,2.033873298788078,2.6905266279664e-14,3.039654439224528,4.021033227812368e-14,300000000000000.0,50,52000000000000.0
252215.537,13845730000000.0,1.1196467e+33,2.877560454546592,3.7881382165946385e-14,0.0010436591325911782,2.0347281841207283,2.6786341638184463e-14,3.040932078439503,4.003259757925279e-14,300000000000000.0,50,52000000000000.0
253215.537,13719287000000.0,1.0369127e+33,2.8787694377677875,3.7713198499441486e-14,0.001043219649076089,2.035583069453378,2.6667416996704924e-14,3.0422097176544787,3.9854862880381894e-14,300000000000000.0,50,52000000000000.0
254215.537,13548694000000.0,9.2025515e+32,2.879964460352685,3.7337704551144164e-14,0.001042786194649881,2.036428083056501,2.640190098487781e-14,3.0434726034184205,3.945804513487456e-14,300000000000000.0,50,52000000000000.0
255215.537,13482243000000.0,1.0002801e+33,2.8811519201441644,3.6849905919790996e-14,0.0010423560063179066,2.0372677489197724,2.6056973101901493e-14,3.0447274969032145,3.894254513249755e-14,300000000000000.0,50,52000000000000.0
256215.537,13507425000000.0,1.0120298e+33,2.882339379935644,3.636210728843783e-14,0.0010419258179859322,2.038107414783043,2.5712045218925176e-14,3.045982390388008,3.8427045130120545e-14,300000000000000.0,50,52000000000000.0
257215.537,13333268000000.0,9.4835068e+32,2.883526839727123,3.587430865708466e-14,0.0010414956296539578,2.038947080646314,2.536711733594886e-14,3.0472372838728017,3.7911545127743533e-14,300000000000000.0,50,52000000000000.0
258215.537,13264873000000.0,9.5952289e+32,2.8846810218644103,3.5437578071672064e-14,0.0010410782223876638,2.039763215507091,2.5058300237860173e-14,3.04845700991408,3.745001324623378e-14,300000000000000.0,50,52000000000000.0
259215.537,13246356000000.0,9.0996837e+32,2.885805039942491,3.5047137394570053e-14,0.0010406724003376741,2.0405580210233074,2.478221525024654e-14,3.0496448589233345,3.70374000049545e-14,300000000000000.0,50,52000000000000.0
260215.537,13140607000000.0,8.6197325e+32,2.8869290580205713,3.4656696717468036e-14,0.0010402665782876846,2.041352826539524,2.450613026263291e-14,3.0508327079325888,3.6624786763675217e-14,300000000000000.0,50,52000000000000.0
261215.537,13030225000000.0,8.8023667e+32,2.8880530760986516,3.4266256040366026e-14,0.001039860756237695,2.042147632055741,2.4230045275019277e-14,3.052020556941843,3.621217352239593e-14,300000000000000.0,50,52000000000000.0
262215.537,12988542000000.0,8.7745641e+32,2.889159890055331,3.3874991222729824e-14,0.0010394615666614972,2.0429302723445044,2.395337753347405e-14,3.0531902248323997,3.579868934652118e-14,300000000000000.0,50,52000000000000.0
263215.537,12928827000000.0,9.0481168e+32,2.8902323026263934,3.3482078452509596e-14,0.0010390756393893242,2.043688587027154,2.3675544516338572e-14,3.0543235377321567,3.538346364859092e-14,300000000000000.0,50,52000000000000.0
264215.537,12825800000000.0,9.1619585e+32,2.891304715197456,3.3089165682289375e-14,0.0010386897121171515,2.044446901709804,2.339771149920309e-14,3.055456850631914,3.4968237950660666e-14,300000000000000.0,50,52000000000000.0
265215.537,12744438000000.0,8.9620143e+32,2.892377127768518,3.269625291206915e-14,0.0010383037848449787,2.0452052163924535,2.3119878482067614e-14,3.0565901635316712,3.4553012252730406e-14,300000000000000.0,50,52000000000000.0
266215.537,12684000000000.0,8.7804595e+32,2.8934456322128024,3.230868153645484e-14,0.0010379193497745834,2.045960767594921,2.2845822424517784e-14,3.0577193463679846,3.414343127872399e-14,300000000000000.0,50,52000000000000.0
267215.537,12640235000000.0,8.4002004e+32,2.89446526789298,3.198790107317416e-14,0.001037553573785845,2.0466817631473693,2.2618994964587974e-14,3.0587968852562732,3.380443416690351e-14,300000000000000.0,50,52000000000000.0
268215.537,12586969000000.0,8.2612341e+32,2.8954849035731574,3.1667120609893483e-14,0.0010371877977971068,2.047402758699818,2.2392167504658164e-14,3.0598744241445623,3.3465437055083036e-14,300000000000000.0,50,52000000000000.0
269215.537,12516018000000.0,8.6158562e+32,2.896504539253335,3.134634014661281e-14,0.0010368220218083682,2.0481237542522663,2.216534004472835e-14,3.060951963032851,3.312643994326256e-14,300000000000000.0,50,52000000000000.0
270215.537,12443673000000.0,8.1545501e+32,2.8975241749335123,3.1025559683332135e-14,0.00103645624581963,2.048844749804715,2.1938512584798542e-14,3.06202950192114,3.278744283144208e-14,300000000000000.0,50,52000000000000.0
271215.537,12360470000000.0,8.2252818e+32,2.898511168429463,3.065699759838535e-14,0.0010361029745501625,2.0495426637029412,2.167789822647339e-14,3.0630725449237906,3.2397950682990473e-14,300000000000000.0,50,52000000000000.0
272215.537,12273966000000.0,8.2550006e+32,2.899487015391293,3.027211921938978e-14,0.001035753973346664,2.0502326957619936,2.1405746441204738e-14,3.064103808397117,3.199121567343559e-14,300000000000000.0,50,52000000000000.0
273215.537,12198417000000.0,8.2356655e+32,2.900462862353123,2.9887240840394213e-14,0.0010354049721431658,2.0509227278210465,2.1133594655936085e-14,3.0651350718704435,3.1584480663880717e-14,300000000000000.0,50,52000000000000.0
274215.537,12123120000000.0,8.2569173e+32,2.9014387093149527,2.9502362461398645e-14,0.0010350559709396674,2.051612759880099,2.0861442870667433e-14,3.06616633534377,3.1177745654325835e-14,300000000000000.0,50,52000000000000.0
275215.537,12067563000000.0,8.1836442e+32,2.902396058633006,2.9158130131168896e-14,0.0010347139233456131,2.0522897120493684,2.0618032354538538e-14,3.0671780507215707,3.081396491144508e-14,300000000000000.0,50,52000000000000.0
276215.537,12004896000000.0,8.0165035e+32,2.903318512572579,2.889057563474816e-14,0.0010343849935754437,2.052941989308149,2.042884157994605e-14,3.068152889067888,3.05312164022361e-14,300000000000000.0,50,52000000000000.0
277215.537,11958698000000.0,7.7588058e+32,2.904240966512152,2.862302113832743e-14,0.001034056063805274,2.053594266566929,2.023965080535356e-14,3.0691277274142057,3.024846789302712e-14,300000000000000.0,50,52000000000000.0
278215.537,11915827000000.0,7.7145055e+32,2.905163420451725,2.83554666419067e-14,0.0010337271340351045,2.0542465438257094,2.0050460030761075e-14,3.070102565760523,2.996571938381814e-14,300000000000000.0,50,52000000000000.0
279215.537,11853852000000.0,7.7137063e+32,2.906085874391298,2.808791214548597e-14,0.001033398204264935,2.0548988210844894,1.9861269256168587e-14,3.071077404106841,2.968297087460916e-14,300000000000000.0,50,52000000000000.0
280215.537,11786662000000.0,7.7580164e+32,2.9069752890533676,2.7817281113568145e-14,0.0010330818398879063,2.055527735900902,1.9669903037336715e-14,3.0720173269253523,2.939697113080615e-14,300000000000000.0,50,52000000000000.0
281215.537,11709051000000.0,7.8588549e+32,2.907860022278536,2.7546214157868334e-14,0.0010327672559400992,2.056153340420962,1.947822857311608e-14,3.0729523024552834,2.91105107095685e-14,300000000000000.0,50,52000000000000.0
282215.537,11662161000000.0,7.8378652e+32,2.908744755503704,2.727514720216852e-14,0.0010324526719922922,2.0567789449410223,1.9286554108895446e-14,3.073887277985214,2.882405028833085e-14,300000000000000.0,50,52000000000000.0
283215.537,11627713000000.0,7.8095846e+32,2.9096294887288727,2.700408024646871e-14,0.001032138088044485,2.0574045494610824,1.909487964467481e-14,3.074822253515145,2.85375898670932e-14,300000000000000.0,50,52000000000000.0
284215.537,11572116000000.0,7.9113539e+32,2.9105013034140015,2.6736941874522815e-14,0.001031828373899858,2.058021019137561,1.8905983127634863e-14,3.075743576881492,2.8255281130474585e-14,300000000000000.0,50,52000000000000.0
285215.537,11518452000000.0,7.9783781e+32,2.91134719917196,2.6477685560138368e-14,0.0010315284302148625,2.0586191612518845,1.8722660105002144e-14,3.0766375094256113,2.79813020666322e-14,300000000000000.0,50,52000000000000.0
286215.537,11464175000000.0,7.9326206e+32,2.9121930949299184,2.6218429245753923e-14,0.0010312284865298669,2.0592173033662085,1.853933708236942e-14,3.077531441969731,2.770732300278981e-14,300000000000000.0,50,52000000000000.0
287215.537,11414082000000.0,7.6639729e+32,2.913038990687877,2.5959172931369475e-14,0.0010309285428448715,2.0598154454805324,1.8356014059736702e-14,3.0784253745138503,2.7433343938947423e-14,300000000000000.0,50,52000000000000.0
288215.537,11356362000000.0,7.5868103e+32,2.9138848864458353,2.569991661698503e-14,0.001030628599159876,2.0604135875948564,1.8172691037103982e-14,3.07931930705797,2.7159364875105038e-14,300000000000000.0,50,52000000000000.0
289215.537,11287020000000.0,7.6084629e+32,2.914703773372503,2.5500870923613188e-14,0.0010303387820231806,2.0609926314642575,1.803194360553727e-14,3.0801846969826747,2.6949015683776004e-14,300000000000000.0,50,52000000000000.0
290215.537,11233474000000.0,7.8714352e+32,2.9155119197064145,2.5325769167429753e-14,0.001030052991907505,2.0615640805410926,1.7908127194795448e-14,3.0810387363736202,2.676397016221725e-14,300000000000000.0,50,52000000000000.0
291215.537,11212952000000.0,7.8955233e+32,2.916320066040326,2.5150667411246315e-14,0.0010297672017918293,2.0621355296179282,1.7784310784053626e-14,3.0818927757645658,2.6578924640658494e-14,300000000000000.0,50,52000000000000.0
292215.537,11172062000000.0,7.5086871e+32,2.917128212374237,2.497556565506288e-14,0.0010294814116761537,2.062706978694764,1.76604943733118e-14,3.0827468151555113,2.6393879119099737e-14,300000000000000.0,50,52000000000000.0
293215.537,11160399000000.0,7.3836474e+32,2.9179357568637307,2.4799359205066473e-14,0.001029195851095122,2.0632780022006783,1.753589682168192e-14,3.0836002185242,2.6207666170531157e-14,300000000000000.0,50,52000000000000.0
294215.537,11107401000000.0,7.4211449e+32,2.9187179925567763,2.4576698106585312e-14,0.0010289199429182872,2.0638311295734835,1.737845068798746e-14,3.0844268758479556,2.597236051343459e-14,300000000000000.0,50,52000000000000.0
295215.537,11052742000000.0,7.6638682e+32,2.919500228249822,2.435403700810415e-14,0.0010286440347414521,2.0643842569462887,1.7221004554292996e-14,3.0852535331717115,2.5737054856338022e-14,300000000000000.0,50,52000000000000.0
296215.537,11017760000000.0,7.3806544e+32,2.920282463942868,2.4131375909622988e-14,0.001028368126564617,2.0649373843190935,1.7063558420598533e-14,3.0860801904954673,2.5501749199241456e-14,300000000000000.0,50,52000000000000.0
297215.537,10980268000000.0,7.326778e+32,2.9210646996359135,2.3908714811141828e-14,0.001028092218387782,2.0654905116918987,1.690611228690407e-14,3.0869068478192228,2.526644354214489e-14,300000000000000.0,50,52000000000000.0
298215.537,10907679000000.0,7.7506113e+32,2.921838408179013,2.3672896208401666e-14,0.001027819489619503,2.0660376094223474,1.6739362340602378e-14,3.0877244937501716,2.5017233194749206e-14,300000000000000.0,50,52000000000000.0
299215.537,10867000000000.0,7.7728993e+32,2.922587159769297,2.3398568699986834e-14,0.0010275560662287321,2.0665670598145036,1.65453823334127e-14,3.088515765463884,2.4727327104709346e-14,300000000000000.0,50,52000000000000.0
300215.537,10808742000000.0,7.4432591e+32,2.923335911359581,2.3124241191572e-14,0.001027292642837961,2.0670965102066594,1.6351402326223025e-14,3.0893070371775964,2.4437421014669485e-14,300000000000000.0,50,52000000000000.0
301215.537,10732053000000.0,7.6116434e+32,2.924084662949865,2.2849913683157168e-14,0.0010270292194471899,2.0676259605988156,1.6157422319033347e-14,3.090098308891309,2.4147514924629625e-14,300000000000000.0,50,52000000000000.0
302215.537,10666245000000.0,7.5190689e+32,2.924833414540149,2.2575586174742336e-14,0.001026765796056419,2.0681554109909714,1.5963442311843668e-14,3.0908895806050216,2.3857608834589765e-14,300000000000000.0,50,52000000000000.0
303215.537,10592208000000.0,7.5671339e+32,2.9255650381878935,2.229576873670958e-14,0.0010265086505973084,2.068672750026027,1.5765580318872897e-14,3.0916627517101563,2.3561901057438914e-14,300000000000000.0,50,52000000000000.0
304215.537,10518897000000.0,7.4946167e+32,2.9262718650414894,2.200800331226145e-14,0.0010262605939460746,2.069172554974416,1.5562098222840678e-14,3.092409717854371,2.3257793950323273e-14,300000000000000.0,50,52000000000000.0
305215.537,10448695000000.0,7.5255883e+32,2.926978691895085,2.172023788781332e-14,0.0010260125372948408,2.069672359922806,1.5358616126808457e-14,3.0931566839985853,2.295368684320763e-14,300000000000000.0,50,52000000000000.0
306215.537,10380577000000.0,7.3276692e+32,2.9276855187486808,2.143247246336519e-14,0.001025764480643607,2.0701721648711957,1.5155134030776238e-14,3.0939036501428,2.264957973609199e-14,300000000000000.0,50,52000000000000.0
307215.537,10317249000000.0,7.1401445e+32,2.9283923456022762,2.1144707038917058e-14,0.0010255164239923733,2.0706719698195855,1.495165193474402e-14,3.094650616287015,2.2345472628976346e-14,300000000000000.0,50,52000000000000.0
308215.537,10259157000000.0,7.0843151e+32,2.929077558624112,2.0903302793130003e-14,0.001025276219719374,2.071156491389862,1.4780952334694065e-14,3.0953747411887043,2.2090359463841278e-14,300000000000000.0,50,52000000000000.0
309215.537,10211082000000.0,7.0516939e+32,2.929739691782606,2.0711404330478743e-14,0.0010250444004388454,2.071624692934972,1.4645258814808993e-14,3.0960744755629808,2.188756342127959e-14,300000000000000.0,50,52000000000000.0
310215.537,10166983000000.0,7.0776739e+32,2.9304018249410997,2.0519505867827483e-14,0.0010248125811583165,2.0720928944800825,1.4509565294923925e-14,3.096774209937257,2.1684767378717904e-14,300000000000000.0,50,52000000000000.0
311215.537,10130984000000.0,7.0483619e+32,2.9310639580995934,2.0327607405176223e-14,0.0010245807618777878,2.0725610960251926,1.4373871775038854e-14,3.0974739443115333,2.1481971336156217e-14,300000000000000.0,50,52000000000000.0
312215.537,10081149000000.0,7.0180948e+32,2.9317260912580876,2.0135708942524963e-14,0.0010243489425972592,2.0730292975703026,1.4238178255153785e-14,3.09817367868581,2.127917529359453e-14,300000000000000.0,50,52000000000000.0
313215.537,10030784000000.0,6.9863328e+32,2.9323737293647456,1.99486897493393e-14,0.001024122437482876,2.0734872495043564,1.4105934921895034e-14,3.098858094859469,2.108153560777954e-14,300000000000000.0,50,52000000000000.0
314215.537,9982281600000.0,6.9638277e+32,2.933005573462101,1.9766987075763196e-14,0.0010239017227575502,2.0739340333201994,1.3977450959784935e-14,3.099525820109509,2.08895143597145e-14,300000000000000.0,50,52000000000000.0
315215.537,9936547900000.0,6.9480591e+32,2.933637417559457,1.9585284402187093e-14,0.0010236810080322244,2.0743808171360425,1.3848966997674834e-14,3.1001935453595495,2.069749311164946e-14,300000000000000.0,50,52000000000000.0
316215.537,9894359900000.0,6.9277623e+32,2.9342692616568127,1.9403581728610988e-14,0.0010234602933068986,2.074827600951885,1.3720483035564734e-14,3.1008612706095895,2.050547186358442e-14,300000000000000.0,50,52000000000000.0
317215.537,9851782800000.0,6.9100498e+32,2.934901105754168,1.9221879055034883e-14,0.001023239578581573,2.075274384767728,1.3591999073454633e-14,3.1015289958596295,2.0313450615519378e-14,300000000000000.0,50,52000000000000.0
318215.537,9808742400000.0,6.8956132e+32,2.935521521265715,1.904956012065442e-14,0.0010230230368439824,2.0757130873046497,1.3470150456698983e-14,3.102184643514622,2.0131345992653164e-14,300000000000000.0,50,52000000000000.0
319215.537,9766798000000.0,6.8766867e+32,2.9361242191389736,1.8891788716444906e-14,0.0010228129644533877,2.0761392615043603,1.3358588558779611e-14,3.1028215673778834,1.9964615028545594e-14,300000000000000.0,50,52000000000000.0
320215.537,9727144000000.0,6.8608187e+32,2.936726917012232,1.8734017312235395e-14,0.001022602892062793,2.0765654357040715,1.324702666086024e-14,3.103458491241145,1.9797884064438025e-14,300000000000000.0,50,52000000000000.0
321215.537,9689403100000.0,6.8486757e+32,2.9373296148854906,1.8576245908025882e-14,0.0010223928196721986,2.0769916099037826,1.3135464762940866e-14,3.104095415104407,1.9631153100330458e-14,300000000000000.0,50,52000000000000.0
322215.537,9652148400000.0,6.8361689e+32,2.937932312758749,1.841847450381637e-14,0.001022182747281604,2.0774177841034933,1.3023902865021494e-14,3.1047323389676684,1.946442213622289e-14,300000000000000.0,50,52000000000000.0
323215.537,9609217100000.0,6.8278996e+32,2.9385292768299043,1.8264368141368533e-14,0.0010219747684996055,2.0778399038685738,1.2914932558628862e-14,3.1053632034163137,1.9301564345323167e-14,300000000000000.0,50,52000000000000.0
324215.537,9577324800000.0,6.8133486e+32,2.939106255592985,1.8123036372007285e-14,0.0010217740870417957,2.0782478918021576,1.2814995308161258e-14,3.105972947626473,1.9152206594778116e-14,300000000000000.0,50,52000000000000.0
325215.537,9549164900000.0,6.8046361e+32,2.9396832343560666,1.798170460264604e-14,0.0010215734055839857,2.078655879735742,1.2715058057693653e-14,3.1065826918366324,1.9002848844233062e-14,300000000000000.0,50,52000000000000.0
326215.537,9519236000000.0,6.7970835e+32,2.9402602131191475,1.7840372833284792e-14,0.0010213727241261757,2.079063867669326,1.2615120807226048e-14,3.1071924360467915,1.885349109368801e-14,300000000000000.0,50,52000000000000.0
327215.537,9473424000000.0,6.7969671e+32,2.9408371918822285,1.7699041063923544e-14,0.001021172042668366,2.0794718556029097,1.2515183556758444e-14,3.107802180256951,1.8704133343142957e-14,300000000000000.0,50,52000000000000.0
328215.537,9427167400000.0,6.7874022e+32,2.9414141706453094,1.75577092945623e-14,0.001020971361210556,2.079879843536494,1.2415246306290839e-14,3.1084119244671107,1.8554775592597903e-14,300000000000000.0,50,52000000000000.0
329215.537,9403785900000.0,6.7623183e+32,2.941968445077624,1.7462660686859e-14,0.0010207789614195472,2.080271776987771,1.2348036383224227e-14,3.1089976750077195,1.845432933371525e-14,300000000000000.0,50,52000000000000.0
330215.537,9383103900000.0,6.7405975e+32,2.942522009921797,1.736905858656298e-14,0.001020586820459006,2.0806632086814605,1.2281849301290547e-14,3.109582675663933,1.8355411726559403e-14,300000000000000.0,50,52000000000000.0
331215.537,9358785600000.0,6.7214305e+32,2.9430755747659703,1.7275456486266958e-14,0.0010203946794984649,2.0810546403751498,1.2215662219356866e-14,3.110167676320146,1.8256494119403554e-14,300000000000000.0,50,52000000000000.0
332215.537,9332558800000.0,6.7013655e+32,2.9436291396101435,1.7181854385970938e-14,0.001020202538537924,2.0814460720688386,1.2149475137423186e-14,3.110752676976359,1.815757651224771e-14,300000000000000.0,50,52000000000000.0
333215.537,9306247300000.0,6.683024e+32,2.9441827044543167,1.7088252285674916e-14,0.0010200103975773827,2.081837503762528,1.2083288055489505e-14,3.111337677632572,1.8058658905091863e-14,300000000000000.0,50,52000000000000.0
334215.537,9278421700000.0,6.6651258e+32,2.9447263252940274,1.6984020895975575e-14,0.0010198219446107641,2.0822219039405137,1.2009584889440043e-14,3.1119121695809264,1.794850839523064e-14,300000000000000.0,50,52000000000000.0
335215.537,9249173600000.0,6.645363e+32,2.94526413121375,1.6873573854659006e-14,0.0010196356482591853,2.0826021923241647,1.193148656971503e-14,3.1124805163897036,1.783178926095648e-14,300000000000000.0,50,52000000000000.0
336215.537,9218988700000.0,6.6301006e+32,2.9458019371334725,1.6763126813342435e-14,0.0010194493519076065,2.0829824807078157,1.1853388249990018e-14,3.1130488631984803,1.771507012668232e-14,300000000000000.0,50,52000000000000.0
337215.537,9188979300000.0,6.6113644e+32,2.9463397430531946,1.6652679772025866e-14,0.0010192630555560277,2.0833627690914667,1.1775289930265006e-14,3.1136172100072574,1.759835099240816e-14,300000000000000.0,50,52000000000000.0
338215.537,9159370900000.0,6.5879239e+32,2.946877548972917,1.6542232730709298e-14,0.001019076759204449,2.0837430574751177,1.1697191610539993e-14,3.114185556816034,1.7481631858133998e-14,300000000000000.0,50,52000000000000.0
339215.537,9129605500000.0,6.564511e+32,2.947411471632189,1.6431764039073496e-14,0.0010188918811536464,2.084120599962522,1.1619077982137471e-14,3.114749799840839,1.736488984481463e-14,300000000000000.0,50,52000000000000.0
340215.537,9098884300000.0,6.5435077e+32,2.9479303801660066,1.6321211639272033e-14,0.0010187124867797855,2.0844875257964044,1.1540905164708711e-14,3.1152981761144476,1.7248059372619173e-14,300000000000000.0,50,52000000000000.0
341215.537,9068248100000.0,6.5176286e+32,2.9484492886998237,1.621065923947057e-14,0.0010185330924059246,2.084854451630287,1.1462732347279949e-14,3.1158465523880556,1.713122890042371e-14,300000000000000.0,50,52000000000000.0
342215.537,9038346400000.0,6.4887437e+32,2.948968197233641,1.6100106839669103e-14,0.0010183536980320636,2.085221377464169,1.1384559529851187e-14,3.1163949286616637,1.701439842822825e-14,300000000000000.0,50,52000000000000.0
343215.537,9008748800000.0,6.4611579e+32,2.9494871057674583,1.598955443986764e-14,0.0010181743036582027,2.0855883032980516,1.1306386712422426e-14,3.116943304935272,1.689756795603279e-14,300000000000000.0,50,52000000000000.0
344215.537,8978607300000.0,6.4351167e+32,2.9500060143012754,1.5879002040066173e-14,0.0010179949092843418,2.0859552291319337,1.1228213894993664e-14,3.11749168120888,1.6780737483837327e-14,300000000000000.0,50,52000000000000.0
345215.537,8948279600000.0,6.40526e+32,2.9505116255940598,1.5772478736871656e-14,0.0010178203437432014,2.0863127523404783,1.1152890096908248e-14,3.118026005115,1.666816491467159e-14,300000000000000.0,50,52000000000000.0
346215.537,8918642000000.0,6.3732109e+32,2.9510113110694567,1.5667750970862052e-14,0.0010176479301357464,2.086666085338393,1.1078835943279284e-14,3.1185540666871967,1.6557489848585443e-14,300000000000000.0,50,52000000000000.0
347215.537,8889139100000.0,6.3428971e+32,2.951510996544853,1.556302320485245e-14,0.0010174755165282912,2.0870194183363076,1.1004781789650321e-14,3.119082128259393,1.6446814782499295e-14,300000000000000.0,50,52000000000000.0
348215.537,8859821300000.0,6.3120969e+32,2.95201068202025,1.5458295438842847e-14,0.0010173031029208361,2.087372751334222,1.0930727636021358e-14,3.1196101898315893,1.6336139716413148e-14,300000000000000.0,50,52000000000000.0
349215.537,8830972500000.0,6.2808217e+32,2.9525103674956465,1.5353567672833246e-14,0.001017130689313381,2.0877260843321372,1.0856673482392396e-14,3.120138251403786,1.6225464650327003e-14,300000000000000.0,50,52000000000000.0
350215.537,8803333000000.0,6.2490926e+32,2.9530084188807346,1.5250069139489362e-14,0.0010169588673401503,2.0880782618468463,1.0783488532636939e-14,3.1206645860886457,1.6116088622733323e-14,300000000000000.0,50,52000000000000.0
351215.537,8777791400000.0,6.2193329e+32,2.953489597918976,1.515926270754183e-14,0.0010167931541222224,2.088418508739782,1.0719278306710666e-14,3.1211730902766526,1.6020125457264117e-14,300000000000000.0,50,52000000000000.0
352215.537,8751236200000.0,6.1903757e+32,2.9539707769572177,1.5068456275594303e-14,0.0010166274409042946,2.088758755632718,1.0655068080784391e-14,3.12168159446466,1.5924162291794914e-14,300000000000000.0,50,52000000000000.0
353215.537,8726017100000.0,6.1615861e+32,2.9544519559954594,1.497764984364677e-14,0.0010164617276863666,2.089099002525654,1.0590857854858119e-14,3.1221900986526667,1.5828199126325708e-14,300000000000000.0,50,52000000000000.0
354215.537,8700712100000.0,6.1327508e+32,2.954933135033701,1.4886843411699243e-14,0.0010162960144684387,2.0894392494185894,1.0526647628931844e-14,3.1226986028406736,1.5732235960856502e-14,300000000000000.0,50,52000000000000.0
355215.537,8675053300000.0,6.1040745e+32,2.955414314071943,1.4796036979751712e-14,0.0010161303012505107,2.0897794963115253,1.0462437403005571e-14,3.123207107028681,1.5636272795387296e-14,300000000000000.0,50,52000000000000.0
356215.537,8649046800000.0,6.0752775e+32,2.955889072450727,1.4704717110272616e-14,0.0010159669161161002,2.0901152030856007,1.0397864120594001e-14,3.1237088259395582,1.5539767036456506e-14,300000000000000.0,50,52000000000000.0
357215.537,8622686800000.0,6.047979e+32,2.9563539441066036,1.4612606634370772e-14,0.0010158071158341171,2.09044391884926,1.0332731792979366e-14,3.124200096678362,1.544242577593244e-14,300000000000000.0,50,52000000000000.0
358215.537,8596113600000.0,6.0199241e+32,2.95681881576248,1.4520496158468928e-14,0.001015647315552134,2.090772634612919,1.0267599465364732e-14,3.124691367417166,1.534508451540838e-14,300000000000000.0,50,52000000000000.0
359215.537,8569319600000.0,5.992281e+32,2.957283687418356,1.4428385682567084e-14,0.001015487515270151,2.091101350376578,1.0202467137750099e-14,3.1251826381559695,1.5247743254884316e-14,300000000000000.0,50,52000000000000.0
360215.537,8542464400000.0,5.9640607e+32,2.9577485590742323,1.433627520666524e-14,0.0010153277149881682,2.091430066140237,1.0137334810135463e-14,3.125673908894773,1.5150401994360254e-14,300000000000000.0,50,52000000000000.0
361215.537,8515723300000.0,5.9355855e+32,2.9582134307301087,1.4244164730763397e-14,0.0010151679147061851,2.0917587819038963,1.007220248252083e-14,3.126165179633577,1.5053060733836192e-14,300000000000000.0,50,52000000000000.0
362215.537,8488838000000.0,5.9075465e+32,2.9586681061207236,1.4153164794655281e-14,0.0010150117893122255,2.0920802877765743,1.0007855430674763e-14,3.1266456750799563,1.495689307998131e-14,300000000000000.0,50,52000000000000.0
363215.537,8462009100000.0,5.8794464e+32,2.9591161671719304,1.4062885268121965e-14,0.0010148580478261035,2.092397116577323,9.944017788924332e-15,3.127119180570751,1.486148674732023e-14,300000000000000.0,50,52000000000000.0
364215.537,8435472900000.0,5.851573e+32,2.9595642282231376,1.397260574158865e-14,0.0010147043063399818,2.092713945378071,9.880180147173901e-15,3.127592686061545,1.4766080414659152e-14,300000000000000.0,50,52000000000000.0
365215.537,8409167500000.0,5.8247064e+32,2.9600122892743443,1.3882326215055332e-14,0.0010145505648538598,2.09303077417882,9.816342505423471e-15,3.128066191552339,1.4670674081998072e-14,300000000000000.0,50,52000000000000.0
366215.537,8382393200000.0,5.7981942e+32,2.960460350325551,1.3792046688522017e-14,0.001014396823367738,2.0933476029795686,9.75250486367304e-15,3.128539697043133,1.4575267749336992e-14,300000000000000.0,50,52000000000000.0
367215.537,8355770600000.0,5.7724227e+32,2.9609084113767583,1.37017671619887e-14,0.001014243081881616,2.093664431780317,9.68866722192261e-15,3.129013202533927,1.4479861416675912e-14,300000000000000.0,50,52000000000000.0
368215.537,8329038300000.0,5.7496967e+32,2.9613443289743357,1.361242079398492e-14,0.0010140936981704663,2.0939726738120363,9.625489427890189e-15,3.1294738749669824,1.4385441236545514e-14,300000000000000.0,50,52000000000000.0
369215.537,8302243200000.0,5.7275455e+32,2.961775645600196,1.3523427985695956e-14,0.0010139459655546315,2.0942776624462747,9.562561640221763e-15,3.129929685147708,1.4291394694758956e-14,300000000000000.0,50,52000000000000.0
370215.537,8275616200000.0,5.7066751e+32,2.962206962226056,1.3434435177406993e-14,0.001013798232938797,2.094582651080513,9.499633852553338e-15,3.1303854953284334,1.4197348152972398e-14,300000000000000.0,50,52000000000000.0
371215.537,8248729300000.0,5.6867142e+32,2.962638278851916,1.3345442369118028e-14,0.0010136505003229622,2.0948876397147513,9.436706064884912e-15,3.1308413055091586,1.410330161118584e-14,300000000000000.0,50,52000000000000.0
372215.537,8221761700000.0,5.6664907e+32,2.963069595477776,1.3256449560829065e-14,0.0010135027677071276,2.0951926283489897,9.373778277216487e-15,3.1312971156898843,1.4009255069399281e-14,300000000000000.0,50,52000000000000.0
373215.537,8194796700000.0,5.6457425e+32,2.963500912103636,1.31674567525401e-14,0.001013355035091293,2.095497616983228,9.310850489548062e-15,3.1317529258706096,1.3915208527612723e-14,300000000000000.0,50,52000000000000.0
374215.537,8167954000000.0,5.6237731e+32,2.963919677341731,1.3088050119116287e-14,0.0010132117863545945,2.095793730393958,9.254701190571852e-15,3.1321954718939655,1.3831292540916715e-14,300000000000000.0,50,52000000000000.0
375215.537,8141622500000.0,5.6018475e+32,2.9643342197391824,1.3011868697883993e-14,0.001013070046192678,2.0960868577879017,9.200832474276195e-15,3.1326335552695332,1.375078491993952e-14,300000000000000.0,50,52000000000000.0
376215.537,8116756300000.0,5.5803303e+32,2.9647487621366335,1.2935687276651699e-14,0.0010129283060307615,2.0963799851818457,9.146963757980538e-15,3.133071638645101,1.3670277298962324e-14,300000000000000.0,50,52000000000000.0
377215.537,8094205500000.0,5.5660537e+32,2.965163304534085,1.2859505855419406e-14,0.0010127865658688447,2.0966731125757896,9.093095041684883e-15,3.1335097220206682,1.3589769677985129e-14,300000000000000.0,50,52000000000000.0
378215.537,8072218600000.0,5.5394438e+32,2.965577846931536,1.2783324434187112e-14,0.0010126448257069282,2.096966239969733,9.039226325389225e-15,3.133947805396236,1.3509262057007932e-14,300000000000000.0,50,52000000000000.0
379215.537,8052370700000.0,5.5175216e+32,2.9659923893289877,1.2707143012954818e-14,0.0010125030855450117,2.097259367363677,8.985357609093568e-15,3.1343858887718037,1.3428754436030737e-14,300000000000000.0,50,52000000000000.0
380215.537,8032959000000.0,5.4943025e+32,2.966397094996732,1.2645633513848055e-14,0.0010123648652599873,2.097545539098442,8.941863567723811e-15,3.1348135768082708,1.336375192549121e-14,300000000000000.0,50,52000000000000.0
381215.537,8014886000000.0,5.47033e+32,2.9667970444346885,1.2591218144105794e-14,0.0010122283468966206,2.0978283476510957,8.903385862005873e-15,3.1352362385175985,1.3306246405346984e-14,300000000000000.0,50,52000000000000.0
382215.537,7997649300000.0,5.4427758e+32,2.967196993872645,1.2536802774363533e-14,0.0010120918285332536,2.0981111562037493,8.864908156287934e-15,3.1356589002269257,1.3248740885202758e-14,300000000000000.0,50,52000000000000.0
383215.537,7983503800000.0,5.4203279e+32,2.9675969433106015,1.2482387404621272e-14,0.0010119553101698869,2.0983939647564034,8.826430450569995e-15,3.1360815619362534,1.3191235365058533e-14,300000000000000.0,50,52000000000000.0
384215.537,7965608500000.0,5.4230927e+32,2.967996892748558,1.2427972034879011e-14,0.0010118187918065201,2.098676773309057,8.787952744852057e-15,3.136504223645581,1.3133729844914306e-14,300000000000000.0,50,52000000000000.0
385215.537,7945683300000.0,5.4722971e+32,2.9683968421865146,1.237355666513675e-14,0.0010116822734431532,2.098959581861711,8.749475039134118e-15,3.1369268853549084,1.307622432477008e-14,300000000000000.0,50,52000000000000.0
386215.537,7938457000000.0,5.5557719e+32,2.9687914834194906,1.2345712545421304e-14,0.0010115476777508793,2.0992386369243103,8.729786150506127e-15,3.1373439374158982,1.304679897926607e-14,300000000000000.0,50,52000000000000.0
387215.537,7935599500000.0,5.6316087e+32,2.9691808397700163,1.2344322930281494e-14,0.0010114149962821054,2.0995139549884727,8.728803527002099e-15,3.137755404475524,1.304533043322594e-14,300000000000000.0,50,52000000000000.0
388215.537,7933050500000.0,5.7081442e+32,2.9695701961205425,1.2342933315141685e-14,0.0010112823148133315,2.0997892730526355,8.727820903498072e-15,3.1381668715351503,1.3043861887185808e-14,300000000000000.0,50,52000000000000.0
389215.537,7936739300000.0,5.7767614e+32,2.9699595524710682,1.2341543700001877e-14,0.0010111496333445576,2.100064591116798,8.726838279994043e-15,3.1385783385947765,1.3042393341145677e-14,300000000000000.0,50,52000000000000.0
390215.537,7947116400000.0,5.8427428e+32,2.970348908821594,1.2340154084862067e-14,0.001011016951875784,2.1003399091809603,8.725855656490016e-15,3.1389898056544028,1.3040924795105545e-14,300000000000000.0,50,52000000000000.0
391215.537,7951774200000.0,6.1327634e+32,2.9707382651721197,1.2338764469722259e-14,0.00101088427040701,2.1006152272451226,8.724873032985988e-15,3.1394012727140286,1.3039456249065413e-14,300000000000000.0,50,52000000000000.0
392215.537,7939816100000.0,6.0943817e+32,2.9711275589159936,1.2320058468982542e-14,0.0010107516599195164,2.1008905010389216,8.711645807153162e-15,3.1398126736109107,1.3019687957489414e-14,300000000000000.0,50,52000000000000.0
393215.537,7922829100000.0,6.1348477e+32,2.9715166403491526,1.2242629407820212e-14,0.0010106192901426488,2.1011656247037442,8.656894874294044e-15,3.1402238501377133,1.2937861850405597e-14,300000000000000.0,50,52000000000000.0
394215.537,7907816300000.0,6.2022344e+32,2.971905721782312,1.2165200346657882e-14,0.0010104869203657813,2.1014407483685664,8.602143941434927e-15,3.140635026664516,1.2856035743321782e-14,300000000000000.0,50,52000000000000.0
395215.537,7889578800000.0,6.1706185e+32,2.9722948032154712,1.2087771285495552e-14,0.0010103545505889136,2.101715872033389,8.547393008575809e-15,3.1410462031913187,1.2774209636237965e-14,300000000000000.0,50,52000000000000.0
396215.537,7865969400000.0,6.1296296e+32,2.9726838846486303,1.2010342224333221e-14,0.001010222180812046,2.1019909956982117,8.492642075716691e-15,3.1414573797181213,1.269238352915415e-14,300000000000000.0,50,52000000000000.0
397215.537,7826993700000.0,6.1347608e+32,2.97307296608179,1.1932913163170891e-14,0.0010100898110351783,2.1022661193630343,8.437891142857574e-15,3.141868556244924,1.2610557422070332e-14,300000000000000.0,50,52000000000000.0
398215.537,7788594500000.0,6.2629856e+32,2.973462047514949,1.1855484102008561e-14,0.0010099574412583108,2.1025412430278565,8.383140209998455e-15,3.1422797327717267,1.2528731314986517e-14,300000000000000.0,50,52000000000000.0
399215.537,7766091800000.0,6.2848549e+32,2.9738378603934956,1.1794050699880419e-14,0.0010098297662930412,2.1028069843531307,8.3396999806259e-15,3.1426768872484843,1.246380922734603e-14,300000000000000.0,50,52000000000000.0
400215.537,7741156900000.0,6.2972895e+32,2.974211374347337,1.1735388723638797e-14,0.0010097029047561128,2.1030711000836955,8.298219456469021e-15,3.1430716122490696,1.2401815949138866e-14,300000000000000.0,50,52000000000000.0
401215.537,7724664900000.0,6.1923871e+32,2.974584888301178,1.1676726747397177e-14,0.0010095760432191846,2.10333521581426,8.25673893231214e-15,3.143466337249655,1.2339822670931701e-14,300000000000000.0,50,52000000000000.0
402215.537,7699071900000.0,6.2176184e+32,2.9749584022550195,1.1618064771155555e-14,0.0010094491816822564,2.103599331544825,8.21525840815526e-15,3.1438610622502403,1.2277829392724537e-14,300000000000000.0,50,52000000000000.0
403215.537,7672842300000.0,6.1169238e+32,2.975331916208861,1.1559402794913935e-14,0.001009322320145328,2.1038634472753897,8.173777883998379e-15,3.144255787250826,1.2215836114517372e-14,300000000000000.0,50,52000000000000.0
404215.537,7659885000000.0,5.8525346e+32,2.9757054301627024,1.1500740818672313e-14,0.0010091954586083998,2.1041275630059544,8.1322973598415e-15,3.1446505122514115,1.2153842836310207e-14,300000000000000.0,50,52000000000000.0
405215.537,7663983900000.0,5.7281936e+32,2.976074470547417,1.1442917315868142e-14,0.0010090701910257752,2.1043885154269253,8.091409729639759e-15,3.1450405096373952,1.209273564719667e-14,300000000000000.0,50,52000000000000.0
406215.537,7650732700000.0,5.6493953e+32,2.9764359984078044,1.1386501872695618e-14,0.0010089476001918824,2.1046441556598863,8.051517754168143e-15,3.145422567877095,1.2033116479321549e-14,300000000000000.0,50,52000000000000.0
407215.537,7629690300000.0,5.6065556e+32,2.9767975262681916,1.1330086429523093e-14,0.0010088250093579893,2.104899795892847,8.011625778696528e-15,3.1458046261167953,1.197349731144643e-14,300000000000000.0,50,52000000000000.0
408215.537,7615699900000.0,5.5343438e+32,2.977159054128579,1.1273670986350568e-14,0.0010087024185240962,2.105155436125808,7.971733803224912e-15,3.146186684356495,1.191387814357131e-14,300000000000000.0,50,52000000000000.0
409215.537,7589888400000.0,5.4899718e+32,2.977520581988966,1.1217255543178043e-14,0.0010085798276902032,2.105411076358769,7.931841827753296e-15,3.1465687425961955,1.185425897569619e-14,300000000000000.0,50,52000000000000.0
410215.537,7554770900000.0,5.4442396e+32,2.9778821098493533,1.1160840100005519e-14,0.0010084572368563103,2.1056667165917293,7.891949852281682e-15,3.1469508008358953,1.179463980782107e-14,300000000000000.0,50,52000000000000.0
411215.537,7541408600000.0,5.3945797e+32,2.9782436377097405,1.1104424656832993e-14,0.0010083346460224173,2.1059223568246903,7.852057876810065e-15,3.1473328590755956,1.173502063994595e-14,300000000000000.0,50,52000000000000.0
412215.537,7536174300000.0,5.3433251e+32,2.9785959256380563,1.1051608558155586e-14,0.0010082153379262762,2.106171463400858,7.814711037218862e-15,3.1477051526652224,1.1679205216598244e-14,300000000000000.0,50,52000000000000.0
413215.537,7514315400000.0,5.2766135e+32,2.97894573894765,1.0999756428174854e-14,0.001008096909005895,2.1064188201471237,7.778045830441864e-15,3.1480748311072806,1.1624408503923982e-14,300000000000000.0,50,52000000000000.0
414215.537,7486604900000.0,5.2218495e+32,2.979295552257244,1.0947904298194123e-14,0.001007978480085514,2.1066661768933894,7.741380623664866e-15,3.148444509549339,1.156961179124972e-14,300000000000000.0,50,52000000000000.0
415215.537,7466873000000.0,5.1600908e+32,2.979645365566838,1.089605216821339e-14,0.0010078600511651329,2.106913533639655,7.704715416887868e-15,3.1488141879913973,1.1514815078575458e-14,300000000000000.0,50,52000000000000.0
416215.537,7450724300000.0,5.1042078e+32,2.979995178876431,1.0844200038232659e-14,0.0010077416222447518,2.107160890385921,7.66805021011087e-15,3.149183866433456,1.1460018365901196e-14,300000000000000.0,50,52000000000000.0
417215.537,7436575200000.0,5.0504306e+32,2.980344992186025,1.0792347908251926e-14,0.0010076231933243706,2.107408247132187,7.631385003333873e-15,3.149553544875514,1.1405221653226934e-14,300000000000000.0,50,52000000000000.0
418215.537,7423036200000.0,4.9891387e+32,2.9806937420111663,1.0739175530715423e-14,0.0010075051419587578,2.1076548518769944,7.59378623543864e-15,3.149922099439884,1.134902971917874e-14,300000000000000.0,50,52000000000000.0
419215.537,7407774300000.0,4.9237822e+32,2.9810326132151395,1.067373948028948e-14,0.0010073905976688848,2.1078944713410057,7.547515693733803e-15,3.1502802143951976,1.1279877686500963e-14,300000000000000.0,50,52000000000000.0
420215.537,7384434300000.0,4.8928139e+32,2.9813714844191126,1.0608303429863534e-14,0.001007276053379012,2.1081340908050175,7.501245152028964e-15,3.1506383293505107,1.1210725653823187e-14,300000000000000.0,50,52000000000000.0
421215.537,7359149200000.0,4.8285893e+32,2.981710355623086,1.054286737943759e-14,0.001007161509089139,2.1083737102690288,7.454974610324127e-15,3.1509964443058243,1.1141573621145408e-14,300000000000000.0,50,52000000000000.0
422215.537,7330330400000.0,4.7890924e+32,2.9820492268270593,1.0477431329011646e-14,0.0010070469647992662,2.1086133297330405,7.40870406861929e-15,3.1513545592611374,1.1072421588467631e-14,300000000000000.0,50,52000000000000.0
423215.537,7311417900000.0,4.7346928e+32,2.982388098031033,1.04119952785857e-14,0.0010069324205093932,2.108852949197052,7.362433526914451e-15,3.151712674216451,1.1003269555789854e-14,300000000000000.0,50,52000000000000.0
424215.537,7284319400000.0,4.7027666e+32,2.982726969235006,1.0346559228159756e-14,0.0010068178762195205,2.1090925686610635,7.316162985209614e-15,3.152070789171764,1.0934117523112077e-14,300000000000000.0,50,52000000000000.0
425215.537,7266528200000.0,4.6722635e+32,2.9830616754639983,1.0272358087667479e-14,0.0010067047901139365,2.109329243026046,7.263694554696484e-15,3.1524245026315088,1.0855702650784542e-14,300000000000000.0,50,52000000000000.0
426215.537,7238909300000.0,4.8442857e+32,2.9833865134249637,1.0177389413527979e-14,0.0010065951589518904,2.1095589394315657,7.196541179317547e-15,3.152767787424049,1.075534090367998e-14,300000000000000.0,50,52000000000000.0
427215.537,7184267400000.0,5.0055528e+32,2.983711351385929,1.0082420739388479e-14,0.0010064855277898443,2.109788635837085,7.129387803938609e-15,3.1531110722165887,1.065497915657542e-14,300000000000000.0,50,52000000000000.0
428215.537,7134489600000.0,4.9720362e+32,2.9840361893468943,9.98745206524898e-15,0.0010063758966277984,2.1100183322426047,7.062234428559671e-15,3.1534543570091285,1.0554617409470859e-14,300000000000000.0,50,52000000000000.0
429215.537,7097656400000.0,4.9659374e+32,2.9843610273078593,9.892483391109481e-15,0.0010062662654657523,2.110248028648124,6.9950810531807336e-15,3.153797641801668,1.0454255662366297e-14,300000000000000.0,50,52000000000000.0
430215.537,7070146800000.0,4.9145643e+32,2.9846858652688244,9.797514716969981e-15,0.0010061566343037062,2.1104777250536437,6.927927677801796e-15,3.154140926594208,1.0353893915261736e-14,300000000000000.0,50,52000000000000.0
431215.537,7046387500000.0,4.6427601e+32,2.98501070322979,9.702546042830482e-15,0.00100604700314166,2.1107074214591637,6.860774302422858e-15,3.154484211386748,1.0253532168157176e-14,300000000000000.0,50,52000000000000.0
432215.537,7034312300000.0,4.4910251e+32,2.985327556088171,9.615300032788134e-15,0.0010059401264712275,2.1109314715123872,6.7990817061334595e-15,3.1548190576193793,1.0161331638962603e-14,300000000000000.0,50,52000000000000.0
433215.537,7002511800000.0,4.6275626e+32,2.9856316960669864,9.54034908064361e-15,0.0010058376351571225,2.11114653215114,6.746083077913688e-15,3.1551404690345253,1.008212437808292e-14,300000000000000.0,50,52000000000000.0
434215.537,6957387400000.0,4.4771061e+32,2.9859358360458024,9.465398128499083e-15,0.0010057351438430176,2.1113615927898923,6.693084449693917e-15,3.1554618804496712,1.0002917117203237e-14,300000000000000.0,50,52000000000000.0
435215.537,6946757100000.0,4.3798892e+32,2.986239976024618,9.390447176354558e-15,0.0010056326525289126,2.111576653428645,6.6400858214741445e-15,3.1557832918648168,9.923709856323554e-15,300000000000000.0,50,52000000000000.0
436215.537,6924821500000.0,4.3635014e+32,2.9865441160034334,9.315496224210034e-15,0.0010055301612148077,2.1117917140673974,6.587087193254373e-15,3.1561047032799627,9.844502595443872e-15,300000000000000.0,50,52000000000000.0
437215.537,6894717500000.0,4.3520446e+32,2.9868482559822493,9.240545272065508e-15,0.0010054276699007025,2.1120067747061504,6.534088565034602e-15,3.1564261146951087,9.765295334564189e-15,300000000000000.0,50,52000000000000.0
438215.537,6864170800000.0,4.3343732e+32,2.987152395961065,9.165594319920983e-15,0.0010053251785865976,2.112221835344903,6.48108993681483e-15,3.1567475261102547,9.686088073684506e-15,300000000000000.0,50,52000000000000.0
439215.537,6836643900000.0,4.3041497e+32,2.9874505199972763,9.100489010155867e-15,0.0010052247647854109,2.1124326420456288,6.435053268155328e-15,3.157062579949924,9.617285567893649e-15,300000000000000.0,50,52000000000000.0
440215.537,6816318600000.0,4.2681881e+32,2.987738059082977,9.052706943677728e-15,0.0010051280063334974,2.112635964013462,6.401266051036832e-15,3.1573664477417513,9.56679005486155e-15,300000000000000.0,50,52000000000000.0
441215.537,6805768400000.0,4.2290329e+32,2.9880255981686776,9.00492487719959e-15,0.0010050312478815837,2.1128392859812952,6.367478833918335e-15,3.1576703155335784,9.51629454182945e-15,300000000000000.0,50,52000000000000.0
442215.537,6794642300000.0,4.184187e+32,2.9883131372543783,8.957142810721452e-15,0.00100493448942967,2.1130426079491285,6.333691616799839e-15,3.157974183325406,9.465799028797352e-15,300000000000000.0,50,52000000000000.0
443215.537,6779131500000.0,4.1444072e+32,2.9886006763400794,8.909360744243313e-15,0.0010048377309777564,2.1132459299169617,6.2999043996813425e-15,3.158278051117233,9.415303515765252e-15,300000000000000.0,50,52000000000000.0
444215.537,6761189500000.0,4.1068493e+32,2.98888821542578,8.861578677765174e-15,0.001004740972525843,2.113449251884795,6.2661171825628464e-15,3.1585819189090603,9.364808002733152e-15,300000000000000.0,50,52000000000000.0
445215.537,6738767100000.0,4.0794524e+32,2.9891757545114808,8.813796611287036e-15,0.0010046442140739292,2.113652573852628,6.23232996544435e-15,3.1588857867008877,9.314312489701053e-15,300000000000000.0,50,52000000000000.0
446215.537,6714117200000.0,4.0461603e+32,2.989460876310642,8.763040189697143e-15,0.0010045482977948965,2.113854186530948,6.196439550149035e-15,3.15918709993338,9.26067371481683e-15,300000000000000.0,50,52000000000000.0
447215.537,6689875900000.0,4.0112779e+32,2.989737660013025,8.702024140061339e-15,0.0010044552864751513,2.1140499032506592,6.15329444259599e-15,3.1594796015655056,9.196192691363758e-15,300000000000000.0,50,52000000000000.0
448215.537,6664163800000.0,3.9787195e+32,2.990014443715408,8.641008090425535e-15,0.0010043622751554062,2.1142456199703705,6.110149335042944e-15,3.1597721031976307,9.131711667910685e-15,300000000000000.0,50,52000000000000.0
449215.537,6634998800000.0,3.9535308e+32,2.9902912274177913,8.579992040789733e-15,0.0010042692638356611,2.114441336690082,6.067004227489899e-15,3.160064604829756,9.067230644457613e-15,300000000000000.0,50,52000000000000.0
450215.537,6604331300000.0,3.924658e+32,2.9905680111201742,8.51897599115393e-15,0.0010041762525159162,2.114637053409793,6.0238591199368535e-15,3.160357106461881,9.00274962100454e-15,300000000000000.0,50,52000000000000.0
451215.537,6576690100000.0,3.8903409e+32,2.990844794822557,8.457959941518126e-15,0.0010040832411961711,2.1148327701295044,5.9807140123838085e-15,3.1606496080940065,8.938268597551468e-15,300000000000000.0,50,52000000000000.0
452215.537,6560863200000.0,3.8613994e+32,2.9911215785249405,8.396943891882324e-15,0.001003990229876426,2.1150284868492157,5.937568904830763e-15,3.1609421097261317,8.873787574098395e-15,300000000000000.0,50,52000000000000.0
453215.537,6550630700000.0,3.8306554e+32,2.9913983622273235,8.33592784224652e-15,0.001003897218556681,2.115224203568927,5.894423797277718e-15,3.161234611358257,8.809306550645322e-15,300000000000000.0,50,52000000000000.0
454215.537,6536971700000.0,3.804325e+32,2.9916615926878887,8.293803257594381e-15,0.0010038088768334348,2.115410336645,5.8646370475600685e-15,3.161512790088314,8.764789797373621e-15,300000000000000.0,50,52000000000000.0
455215.537,6519107500000.0,3.7757847e+32,2.9919244187591176,8.252242339338887e-15,0.0010037206744373734,2.115596183773007,5.8352488724067875e-15,3.1617905414646104,8.720868719886962e-15,300000000000000.0,50,52000000000000.0
456215.537,6500209600000.0,3.7446206e+32,2.9921872448303466,8.210681421083392e-15,0.001003632472041312,2.1157820309010136,5.805860697253507e-15,3.1620682928409067,8.676947642400303e-15,300000000000000.0,50,52000000000000.0
457215.537,6481851500000.0,3.7195227e+32,2.992450070901576,8.169120502827898e-15,0.0010035442696452504,2.1159678780290205,5.776472522100226e-15,3.1623460442172036,8.633026564913642e-15,300000000000000.0,50,52000000000000.0
458215.537,6465064500000.0,3.6862221e+32,2.992712896972805,8.127559584572402e-15,0.001003456067249189,2.1161537251570275,5.747084346946945e-15,3.1626237955935,8.589105487426983e-15,300000000000000.0,50,52000000000000.0
459215.537,6452309800000.0,3.6515909e+32,2.9929757230440344,8.085998666316907e-15,0.0010033678648531277,2.1163395722850344,5.717696171793664e-15,3.1629015469697963,8.545184409940324e-15,300000000000000.0,50,52000000000000.0
460215.537,6436884500000.0,3.6197652e+32,2.9932385491152633,8.044437748061413e-15,0.0010032796624570663,2.116525419413041,5.688307996640383e-15,3.163179298346093,8.501263332453665e-15,300000000000000.0,50,52000000000000.0
461215.537,6421677800000.0,3.5919829e+32,2.993495584592891,7.986820921578038e-15,0.0010031934692547393,2.116707171949635,5.647566517421738e-15,3.163450930292864,8.440374568341427e-15,300000000000000.0,50,52000000000000.0
462215.537,6405694300000.0,3.5650075e+32,2.9937487488332484,7.918470095333692e-15,0.0010031086192766486,2.116886187092453,5.5992349124129945e-15,3.163718471162748,8.368142245110749e-15,300000000000000.0,50,52000000000000.0
463215.537,6387431200000.0,3.5375198e+32,2.994001913073606,7.850119269089345e-15,0.0010030237692985578,2.117065202235271,5.550903307404251e-15,3.1639860120326317,8.295909921880073e-15,300000000000000.0,50,52000000000000.0
464215.537,6363769700000.0,3.5153176e+32,2.9942550773139636,7.781768442844998e-15,0.001002938919320467,2.117244217378089,5.502571702395508e-15,3.1642535529025153,8.223677598649395e-15,300000000000000.0,50,52000000000000.0
465215.537,6329333500000.0,3.5716358e+32,2.994508241554321,7.713417616600653e-15,0.0010028540693423763,2.117423232520907,5.454240097386764e-15,3.164521093772399,8.151445275418718e-15,300000000000000.0,50,52000000000000.0
466215.537,6290436000000.0,3.8542715e+32,2.9947614057946788,7.645066790356306e-15,0.0010027692193642856,2.1176022476637253,5.405908492378021e-15,3.164788634642283,8.07921295218804e-15,300000000000000.0,50,52000000000000.0
467215.537,6253463200000.0,3.715486e+32,2.9950145700350363,7.576715964111958e-15,0.001002684369386195,2.117781262806543,5.357576887369278e-15,3.1650561755121664,8.006980628957362e-15,300000000000000.0,50,52000000000000.0
468215.537,6220764900000.0,3.6061386e+32,2.995265994617188,7.511033365332848e-15,0.0010026001133059547,2.1179590478183172,5.311132014620232e-15,3.1653218779323815,7.937568055957029e-15,300000000000000.0,50,52000000000000.0
469215.537,6197430900000.0,3.5226478e+32,2.995503010634804,7.46745012348235e-15,0.0010025207761318968,2.118126644379005,5.2803138341899796e-15,3.1655723535565508,7.891509813725648e-15,300000000000000.0,50,52000000000000.0
470215.537,6176256800000.0,3.4698588e+32,2.99574002665242,7.42386688163185e-15,0.0010024414389578392,2.1182942409396928,5.249495653759727e-15,3.1658228291807196,7.845451571494266e-15,300000000000000.0,50,52000000000000.0
471215.537,6156524200000.0,3.4243675e+32,2.9959770426700363,7.38028363978135e-15,0.0010023621017837816,2.1184618375003805,5.218677473329474e-15,3.1660733048048884,7.799393329262885e-15,300000000000000.0,50,52000000000000.0
472215.537,6137581600000.0,3.3693496e+32,2.9962140586876522,7.33670039793085e-15,0.0010022827646097238,2.1186294340610687,5.187859292899221e-15,3.166323780429057,7.753335087031503e-15,300000000000000.0,50,52000000000000.0
473215.537,6121041400000.0,3.3108361e+32,2.996451074705268,7.293117156080352e-15,0.0010022034274356662,2.1187970306217565,5.157041112468968e-15,3.1665742560532264,7.707276844800121e-15,300000000000000.0,50,52000000000000.0
474215.537,6108555900000.0,3.2753952e+32,2.9966880907228846,7.249533914229853e-15,0.0010021240902616086,2.1189646271824443,5.126222932038715e-15,3.166824731677395,7.66121860256874e-15,300000000000000.0,50,52000000000000.0
475215.537,6093382500000.0,3.2610518e+32,2.9969251067405005,7.205950672379353e-15,0.0010020447530875508,2.119132223743132,5.095404751608462e-15,3.167075207301564,7.615160360337358e-15,300000000000000.0,50,52000000000000.0
476215.537,6081095000000.0,3.2353276e+32,2.9971569504055244,7.1665958752869e-15,0.0010019671924105412,2.11929616287751,5.067576549922771e-15,3.1673202168461465,7.573570687089894e-15,300000000000000.0,50,52000000000000.0
477215.537,6069083500000.0,3.2101007e+32,2.997383502195965,7.131567233255499e-15,0.001001891449281622,2.119456360070288,5.042807418987291e-15,3.167559634001749,7.536552841885978e-15,300000000000000.0,50,52000000000000.0
478215.537,6057673400000.0,3.1739555e+32,2.9976100539864055,7.096538591224096e-15,0.0010018157061527028,2.1196165572630656,5.018038288051811e-15,3.167799051157352,7.499534996682063e-15,300000000000000.0,50,52000000000000.0
479215.537,6045019800000.0,3.1420755e+32,2.997836605776846,7.061509949192694e-15,0.0010017399630237835,2.1197767544558435,4.993269157116331e-15,3.1680384683129548,7.462517151478147e-15,300000000000000.0,50,52000000000000.0
480215.537,6029883000000.0,3.1180823e+32,2.9980631575672865,7.0264813071612914e-15,0.0010016642198948645,2.1199369516486213,4.968500026180851e-15,3.1682778854685574,7.425499306274231e-15,300000000000000.0,50,52000000000000.0
481215.537,6011605000000.0,3.096925e+32,2.998289709357727,6.991452665129889e-15,0.0010015884767659452,2.1200971488413995,4.943730895245371e-15,3.16851730262416,7.388481461070316e-15,300000000000000.0,50,52000000000000.0
482215.537,5994404700000.0,3.0708896e+32,2.9985162611481675,6.9564240230984875e-15,0.0010015127336370259,2.1202573460341774,4.9189617643098905e-15,3.1687567197797626,7.3514636158664e-15,300000000000000.0,50,52000000000000.0
483215.537,5976759900000.0,3.0464554e+32,2.998742812938608,6.921395381067085e-15,0.0010014369905081068,2.120417543226955,4.894192633374411e-15,3.168996136935365,7.314445770662486e-15,300000000000000.0,50,52000000000000.0
484215.537,5961227700000.0,3.0243062e+32,2.998962894419602,6.880728347225347e-15,0.0010013634751036117,2.120573165194073,4.86543653569183e-15,3.169228716346208,7.271469342660649e-15,300000000000000.0,50,52000000000000.0
485215.537,5940305000000.0,3.0010264e+32,2.9991808991334596,6.838251565810903e-15,0.001001290674729041,2.120727318656728,4.835400746275198e-15,3.1694591010546604,7.226580395784985e-15,300000000000000.0,50,52000000000000.0
486215.537,5918167800000.0,2.9831493e+32,2.999398903847317,6.79577478439646e-15,0.0010012178743544703,2.1208814721193834,4.805364956858566e-15,3.169689485763113,7.181691448909322e-15,300000000000000.0,50,52000000000000.0
487215.537,5896082700000.0,2.9602088e+32,2.9996169085611744,6.753298002982016e-15,0.0010011450739798994,2.1210356255820386,4.775329167441934e-15,3.1699198704715656,7.136802502033656e-15,300000000000000.0,50,52000000000000.0
488215.537,5876333700000.0,2.9431988e+32,2.999834913275032,6.7108212215675726e-15,0.0010010722736053287,2.1211897790446943,4.7452933780253025e-15,3.170150255180018,7.091913555157993e-15,300000000000000.0,50,52000000000000.0
489215.537,5858495200000.0,2.9242463e+32,3.0000529179888895,6.6683444401531295e-15,0.001000999473230758,2.1213439325073495,4.715257588608671e-15,3.1703806398884704,7.047024608282329e-15,300000000000000.0,50,52000000000000.0
490215.537,5843149600000.0,2.9048621e+32,3.000270922702747,6.625867658738686e-15,0.0010009266728561873,2.1214980859700048,4.685221799192039e-15,3.170611024596923,7.002135661406665e-15,300000000000000.0,50,52000000000000.0
491215.537,5829958900000.0,2.8843612e+32,3.0004889274166047,6.583390877324242e-15,0.0010008538724816166,2.1216522394326605,4.655186009775407e-15,3.1708414093053756,6.9572467145310015e-15,300000000000000.0,50,52000000000000.0
492215.537,5816874400000.0,2.8653829e+32,3.0006975165645415,6.527308883198467e-15,0.0010007842871002683,2.121799735047291,4.615529829634542e-15,3.17106184375808,6.8979799465366554e-15,300000000000000.0,50,52000000000000.0
493215.537,5797343800000.0,2.8559752e+32,3.0009049882668206,6.469612213333537e-15,0.0010007150832764648,2.1219464405040673,4.574731895091657e-15,3.171281097307781,6.8370068091209116e-15,300000000000000.0,50,52000000000000.0
494215.537,5770858900000.0,2.8536679e+32,3.0011124599691,6.411915543468608e-15,0.0010006458794526612,2.1220931459608443,4.533933960548771e-15,3.171500350857482,6.7760336717051685e-15,300000000000000.0,50,52000000000000.0
495215.537,5740983600000.0,2.8460771e+32,3.0013199316713797,6.3542188736036795e-15,0.0010005766756288577,2.122239851417621,4.4931360260058854e-15,3.1717196044071834,6.715060534289425e-15,300000000000000.0,50,52000000000000.0
496215.537,5710032400000.0,2.8631176e+32,3.001527403373659,6.296522203738751e-15,0.0010005074718050543,2.1223865568743974,4.452338091463e-15,3.1719388579568846,6.654087396873682e-15,300000000000000.0,50,52000000000000.0
497215.537,5676622800000.0,2.9506682e+32,3.0017348750759383,6.238825533873821e-15,0.0010004382679812507,2.122533262331174,4.411540156920114e-15,3.1721581115065858,6.593114259457938e-15,300000000000000.0,50,52000000000000.0
498215.537,5646701900000.0,2.8968964e+32,3.001942346778218,6.181128864008892e-15,0.0010003690641574472,2.1226799677879504,4.3707422223772285e-15,3.1723773650562865,6.532141122042195e-15,300000000000000.0,50,52000000000000.0
499215.537,5623995300000.0,2.8033357e+32,3.0021498184804973,6.1234321941439634e-15,0.0010002998603336438,2.1228266732447274,4.329944287834343e-15,3.1725966186059877,6.471167984626451e-15,300000000000000.0,50,52000000000000.0
500215.537,5605280200000.0,2.7494821e+32,3.002344162021726,6.0822861003556615e-15,0.0010002350996878222,2.1229640956379154,4.300849442883186e-15,3.1728019984751175,6.427685293666275e-15,300000000000000.0,50,52000000000000.0
501215.537,5588337300000.0,2.7407679e+32,3.002537093926001,6.04291964689286e-15,0.001000170816805353,2.1231005198474615,4.273013000665201e-15,3.173005886543521,6.386083304844756e-15,300000000000000.0,50,52000000000000.0
502215.537,5571423900000.0,2.7533854e+32,3.002730025830276,6.0035531934300584e-15,0.001000106533922884,2.1232369440570076,4.2451765584472156e-15,3.1732097746119248,6.344481316023237e-15,300000000000000.0,50,52000000000000.0
503215.537,5550993300000.0,2.766444e+32,3.0029229577345506,5.964186739967257e-15,0.0010000422510404148,2.1233733682665537,4.21734011622923e-15,3.1734136626803284,6.302879327201718e-15,300000000000000.0,50,52000000000000.0
504215.537,5530811400000.0,2.7342248e+32,3.0031158896388255,5.9248202865044554e-15,0.0009999779681579455,2.1235097924760997,4.189503674011244e-15,3.173617550748732,6.2612773383802e-15,300000000000000.0,50,52000000000000.0
505215.537,5513616300000.0,2.7021833e+32,3.0033088215431003,5.885453833041654e-15,0.0009999136852754764,2.123646216685646,4.161667231793259e-15,3.1738214388171357,6.2196753495586814e-15,300000000000000.0,50,52000000000000.0
506215.537,5496502100000.0,2.7015432e+32,3.0035017534473747,5.846087379578852e-15,0.0009998494023930073,2.123782640895192,4.1338307895752736e-15,3.1740253268855394,6.178073360737162e-15,300000000000000.0,50,52000000000000.0
507215.537,5478202100000.0,2.7027357e+32,3.0036946853516495,5.806720926116051e-15,0.0009997851195105382,2.123919065104738,4.105994347357288e-15,3.174229214953943,6.136471371915644e-15,300000000000000.0,50,52000000000000.0
508215.537,5462320400000.0,2.7044312e+32,3.0038797337838106,5.7731904818373984e-15,0.0009997235130164734,2.124049914826448,4.0822846098389774e-15,3.17442477186498,6.101036806409186e-15,300000000000000.0,50,52000000000000.0
509215.537,5445050800000.0,2.6894951e+32,3.0040625838299406,5.741287467818071e-15,0.0009996626528604173,2.124179210045775,4.059725645715231e-15,3.17461800554842,6.067322089348521e-15,300000000000000.0,50,52000000000000.0
510215.537,5430900600000.0,2.6592899e+32,3.0042454338760702,5.709384453798744e-15,0.0009996017927043615,2.124308505265102,4.037166681591485e-15,3.17481123923186,6.033607372287858e-15,300000000000000.0,50,52000000000000.0
511215.537,5417786800000.0,2.6433925e+32,3.0044282839222003,5.677481439779417e-15,0.0009995409325483057,2.124437800484429,4.014607717467739e-15,3.1750044729153006,5.9998926552271936e-15,300000000000000.0,50,52000000000000.0
512215.537,5405016500000.0,2.6493826e+32,3.0046111339683303,5.6455784257600896e-15,0.0009994800723922498,2.124567095703756,3.9920487533439925e-15,3.1751977065987407,5.966177938166529e-15,300000000000000.0,50,52000000000000.0
513215.537,5390997300000.0,2.6558061e+32,3.0047939840144604,5.613675411740762e-15,0.000999419212236194,2.1246963909230825,3.969489789220246e-15,3.1753909402821807,5.932463221105865e-15,300000000000000.0,50,52000000000000.0
514215.537,5373903100000.0,2.6502101e+32,3.0049768340605905,5.581772397721435e-15,0.0009993583520801382,2.1248256861424095,3.9469308250965e-15,3.1755841739656208,5.898748504045201e-15,300000000000000.0,50,52000000000000.0
515215.537,5357045000000.0,2.6339672e+32,3.00515968410672,5.549869383702108e-15,0.0009992974919240823,2.1249549813617366,3.924371860972754e-15,3.175777407649061,5.8650337869845365e-15,300000000000000.0,50,52000000000000.0
516215.537,5342796800000.0,2.613971e+32,3.0053381425283643,5.5235350216230805e-15,0.0009992381243435521,2.125081171216186,3.905750550212809e-15,3.1759660003171764,5.8372039531224136e-15,300000000000000.0,50,52000000000000.0
517215.537,5331488400000.0,2.6065405e+32,3.0055126892373485,5.5021607754111836e-15,0.0009991800862315591,2.1252045950565686,3.89063659044884e-15,3.176150459134945,5.814615908986465e-15,300000000000000.0,50,52000000000000.0
518215.537,5318398900000.0,2.6060516e+32,3.0056872359463327,5.480786529199287e-15,0.000999122048119566,2.1253280188969508,3.875522630684871e-15,3.1763349179527136,5.792027864850516e-15,300000000000000.0,50,52000000000000.0
519215.537,5306780400000.0,2.6018942e+32,3.005861782655317,5.459412282987391e-15,0.000999064010007573,2.1254514427373334,3.8604086709209014e-15,3.1765193767704827,5.769439820714568e-15,300000000000000.0,50,52000000000000.0
520215.537,5299191800000.0,2.5932274e+32,3.006036329364301,5.438038036775494e-15,0.0009990059718955797,2.1255748665777157,3.845294711156932e-15,3.1767038355882513,5.746851776578619e-15,300000000000000.0,50,52000000000000.0
521215.537,5293844000000.0,2.5882895e+32,3.006210876073285,5.416663790563598e-15,0.0009989479337835867,2.1256982904180983,3.830180751392963e-15,3.17688829440602,5.7242637324426705e-15,300000000000000.0,50,52000000000000.0
522215.537,5287152300000.0,2.5853732e+32,3.006385422782269,5.395289544351701e-15,0.0009988898956715937,2.1258217142584805,3.8150667916289935e-15,3.1770727532237886,5.701675688306722e-15,300000000000000.0,50,52000000000000.0
523215.537,5276602700000.0,2.5874144e+32,3.0065599694912533,5.373915298139805e-15,0.0009988318575596005,2.125945138098863,3.799952831865024e-15,3.1772572120415576,5.679087644170773e-15,300000000000000.0,50,52000000000000.0
524215.537,5262215900000.0,2.5879841e+32,3.006733715543151,5.3516850971235135e-15,0.0009987740934170267,2.126067995785994,3.7842336173625955e-15,3.177440824734629,5.655595037568693e-15,300000000000000.0,50,52000000000000.0
525215.537,5247323800000.0,2.5756709e+32,3.0069026087386668,5.3242668751613195e-15,0.0009987179898283487,2.126187421966097,3.764845898115977e-15,3.177619308987939,5.626619794503711e-15,300000000000000.0,50,52000000000000.0
526215.537,5231965100000.0,2.5463001e+32,3.007071501934183,5.296848653199125e-15,0.0009986618862396705,2.1263068481462004,3.745458178869359e-15,3.17779779324125,5.597644551438729e-15,300000000000000.0,50,52000000000000.0
527215.537,5219000400000.0,2.5207446e+32,3.007240395129699,5.26943043123693e-15,0.0009986057826509925,2.1264262743263034,3.72607045962274e-15,3.1779762774945604,5.5686693083737474e-15,300000000000000.0,50,52000000000000.0
528215.537,5208220700000.0,2.4998668e+32,3.007409288325215,5.242012209274736e-15,0.0009985496790623145,2.1265457005064063,3.706682740376122e-15,3.1781547617478707,5.539694065308766e-15,300000000000000.0,50,52000000000000.0
529215.537,5195794300000.0,2.4976092e+32,3.007578181520731,5.214593987312541e-15,0.0009984935754736364,2.1266651266865098,3.687295021129503e-15,3.178333246001181,5.510718822243783e-15,300000000000000.0,50,52000000000000.0
530215.537,5180272300000.0,2.5050552e+32,3.0077470747162467,5.187175765350347e-15,0.0009984374718849584,2.1267845528666127,3.6679073018828845e-15,3.1785117302544914,5.481743579178801e-15,300000000000000.0,50,52000000000000.0
531215.537,5165912200000.0,2.5218654e+32,3.007915967911763,5.1597575433881526e-15,0.0009983813682962804,2.1269039790467157,3.6485195826362655e-15,3.1786902145078018,5.4527683361138195e-15,300000000000000.0,50,52000000000000.0
532215.537,5154169900000.0,2.5400606e+32,3.008084861107279,5.132339321425958e-15,0.0009983252647076024,2.127023405226819,3.629131863389647e-15,3.1788686987611126,5.423793093048838e-15,300000000000000.0,50,52000000000000.0
533215.537,5141540700000.0,2.5535604e+32,3.0082492000915453,5.106123089490529e-15,0.0009982707056880613,2.127139611075231,3.610594084273634e-15,3.1790423701794364,5.3960880985150514e-15,300000000000000.0,50,52000000000000.0
534215.537,5130075200000.0,2.5520435e+32,3.008410723183726,5.080650054130349e-15,0.0009982171016835095,2.127253825776104,3.592581827483236e-15,3.179213065797297,5.369168505138576e-15,300000000000000.0,50,52000000000000.0
535215.537,5118073600000.0,2.5371014e+32,3.0085722462759064,5.055177018770168e-15,0.000998163497678958,2.1273680404769766,3.574569570692837e-15,3.1793837614151568,5.342248911762101e-15,300000000000000.0,50,52000000000000.0
536215.537,5104785500000.0,2.5248058e+32,3.008733769368087,5.029703983409988e-15,0.0009981098936744065,2.1274822551778496,3.556557313902439e-15,3.1795544570330168,5.3153293183856266e-15,300000000000000.0,50,52000000000000.0
537215.537,5090879500000.0,2.5245656e+32,3.0088952924602674,5.0042309480498075e-15,0.000998056289669855,2.127596469878722,3.5385450571120406e-15,3.179725152650877,5.288409725009152e-15,300000000000000.0,50,52000000000000.0
538215.537,5074653300000.0,2.5349633e+32,3.009056815552448,4.978757912689628e-15,0.0009980026856653032,2.1277106845795952,3.5205328003216426e-15,3.179895848268737,5.2614901316326764e-15,300000000000000.0,50,52000000000000.0
539215.537,5058616700000.0,2.5504828e+32,3.0092183386446285,4.953284877329447e-15,0.0009979490816607517,2.127824899280468,3.5025205435312442e-15,3.1800665438865976,5.234570538256202e-15,300000000000000.0,50,52000000000000.0
540215.537,5045913300000.0,2.5598225e+32,3.0093798617368095,4.927811841969267e-15,0.0009978954776562001,2.127939113981341,3.484508286740846e-15,3.1802372395044576,5.207650944879727e-15,300000000000000.0,50,52000000000000.0
541215.537,5038647700000.0,2.5647878e+32,3.00954138482899,4.902338806609086e-15,0.0009978418736516484,2.128053328682214,3.4664960299504475e-15,3.180407935122318,5.1807313515032516e-15,300000000000000.0,50,52000000000000.0
542215.537,5032507700000.0,2.5687432e+32,3.009696258231002,4.884145293418201e-15,0.00099779052202974,2.128162841315775,3.453631201099739e-15,3.180571603428635,5.161504667937593e-15,300000000000000.0,50,52000000000000.0
543215.537,5025253400000.0,2.5753383e+32,3.009850822726695,4.866289944914031e-15,0.0009977392750405607,2.128272135518362,3.4410054921137878e-15,3.180734945286519,5.142635352668315e-15,300000000000000.0,50,52000000000000.0
544215.537,5016297300000.0,2.5837657e+32,3.0100053872223884,4.8484345964098614e-15,0.0009976880280513816,2.1283814297209487,3.4283797831278362e-15,3.180898287144403,5.123766037399037e-15,300000000000000.0,50,52000000000000.0
545215.537,5005389200000.0,2.5871952e+32,3.010159951718082,4.830579247905692e-15,0.0009976367810622022,2.1284907239235356,3.415754074141885e-15,3.181061629002287,5.104896722129759e-15,300000000000000.0,50,52000000000000.0
546215.537,4995512700000.0,2.5988883e+32,3.0103145162137754,4.812723899401522e-15,0.0009975855340730228,2.1286000181261224,3.4031283651559334e-15,3.1812249708601708,5.086027406860481e-15,300000000000000.0,50,52000000000000.0
547215.537,4983495200000.0,2.6039662e+32,3.010469080709469,4.794868550897353e-15,0.0009975342870838437,2.1287093123287093,3.390502656169982e-15,3.1813883127180547,5.067158091591203e-15,300000000000000.0,50,52000000000000.0
548215.537,4972834800000.0,2.6022948e+32,3.010623645205162,4.777013202393183e-15,0.0009974830400946643,2.128818606531296,3.3778769471840306e-15,3.1815516545759386,5.048288776321925e-15,300000000000000.0,50,52000000000000.0
549215.537,4965222400000.0,2.6012505e+32,3.0107782097008555,4.7591578538890135e-15,0.000997431793105485,2.128927900733883,3.3652512381980794e-15,3.1817149964338225,5.029419461052647e-15,300000000000000.0,50,52000000000000.0
550215.537,4956755100000.0,2.6084368e+32,3.010932018760206,4.74078931201596e-15,0.0009973808034191938,2.1290366607593065,3.35226264473942e-15,3.1818775399557615,5.010007809387494e-15,300000000000000.0,50,52000000000000.0
551215.537,4946607700000.0,2.6141895e+32,3.011081626289762,4.7195665293451265e-15,0.000997331244781013,2.1291424498378184,3.33725578734813e-15,3.1820356433520827,4.987579831399591e-15,300000000000000.0,50,52000000000000.0
552215.537,4936281200000.0,2.620047e+32,3.0112312338193177,4.698343746674294e-15,0.0009972816861428318,2.1292482389163303,3.3222489299568403e-15,3.182193746748404,4.965151853411689e-15,300000000000000.0,50,52000000000000.0
553215.537,4925657600000.0,2.6196455e+32,3.0113808413488736,4.6771209640034616e-15,0.0009972321275046507,2.1293540279948426,3.30724207256555e-15,3.182351850144725,4.9427238754237864e-15,300000000000000.0,50,52000000000000.0
554215.537,4914634800000.0,2.6210172e+32,3.011530448878429,4.655898181332628e-15,0.0009971825688664697,2.1294598170733545,3.2922352151742603e-15,3.182509953541046,4.920295897435884e-15,300000000000000.0,50,52000000000000.0
555215.537,4903252500000.0,2.6294371e+32,3.011680056407985,4.634675398661796e-15,0.0009971330102282886,2.1295656061518664,3.2772283577829704e-15,3.182668056937367,4.8978679194479816e-15,300000000000000.0,50,52000000000000.0
556215.537,4890128600000.0,2.642199e+32,3.011829663937541,4.613452615990963e-15,0.0009970834515901075,2.1296713952303787,3.2622215003916806e-15,3.182826160333688,4.875439941460079e-15,300000000000000.0,50,52000000000000.0
557215.537,4882119100000.0,2.6362494e+32,3.0119792714670965,4.59222983332013e-15,0.0009970338929519266,2.1297771843088906,3.2472146430003908e-15,3.182984263730009,4.853011963472177e-15,300000000000000.0,50,52000000000000.0
558215.537,4871884900000.0,2.6409559e+32,3.0121288789966525,4.571007050649298e-15,0.0009969843343137455,2.1298829733874025,3.232207785609101e-15,3.1831423671263304,4.830583985484274e-15,300000000000000.0,50,52000000000000.0
559215.537,4855525300000.0,2.6481259e+32,3.0122772529981514,4.550109110508102e-15,0.0009969351930010474,2.1299878902249874,3.2174306278709115e-15,3.1832991669452393,4.808499297142729e-15,300000000000000.0,50,52000000000000.0
560215.537,4842434500000.0,2.6232015e+32,3.0124208728748507,4.530463141829691e-15,0.0009968876600971867,2.130089445369905,3.2035387526448844e-15,3.1834509426630206,4.7877376770619534e-15,300000000000000.0,50,52000000000000.0
561215.537,4830102300000.0,2.6152468e+32,3.0125644927515505,4.510817173151281e-15,0.000996840127193326,2.1301910005148224,3.1896468774188572e-15,3.1836027183808024,4.7669760569811775e-15,300000000000000.0,50,52000000000000.0
562215.537,4817055700000.0,2.634384e+32,3.0127081126282502,4.491171204472871e-15,0.0009967925942894655,2.1302925556597394,3.1757550021928305e-15,3.183754494098584,4.746214436900402e-15,300000000000000.0,50,52000000000000.0
563215.537,4801186800000.0,2.6476517e+32,3.0128517325049495,4.471525235794461e-15,0.0009967450613856048,2.130394110804657,3.1618631269668033e-15,3.183906269816365,4.725452816819626e-15,300000000000000.0,50,52000000000000.0
564215.537,4785893900000.0,2.6392742e+32,3.0129953523816493,4.45187926711605e-15,0.0009966975284817442,2.1304956659495744,3.147971251740776e-15,3.1840580455341465,4.70469119673885e-15,300000000000000.0,50,52000000000000.0
565215.537,4775428300000.0,2.6231352e+32,3.0131389722583486,4.4322332984376405e-15,0.0009966499955778834,2.130597221094492,3.134079376514749e-15,3.1842098212519283,4.683929576658074e-15,300000000000000.0,50,52000000000000.0
566215.537,4771125300000.0,2.6085635e+32,3.0132825921350483,4.41258732975923e-15,0.0009966024626740229,2.1306987762394094,3.120187501288722e-15,3.1843615969697097,4.663167956577299e-15,300000000000000.0,50,52000000000000.0
567215.537,4768576700000.0,2.6075262e+32,3.013426212011748,4.39294136108082e-15,0.000996554929770162,2.130800331384327,3.1062956260626946e-15,3.184513372687491,4.642406336496523e-15,300000000000000.0,50,52000000000000.0
568215.537,4763059400000.0,2.616989e+32,3.0135691890678036,4.373168465954061e-15,0.0009965076141327204,2.13090143198387,3.092313999813831e-15,3.184664469080256,4.621510582139327e-15,300000000000000.0,50,52000000000000.0
569215.537,4752421700000.0,2.6137112e+32,3.013707176013912,4.352410261879797e-15,0.00099646198509842,2.1309990040231335,3.0776356512742258e-15,3.184810291985693,4.599573565661875e-15,300000000000000.0,50,52000000000000.0
570215.537,4741400400000.0,2.5897507e+32,3.013845162960021,4.331652057805533e-15,0.00099641635606412,2.1310965760623968,3.062957302734621e-15,3.18495611489113,4.577636549184423e-15,300000000000000.0,50,52000000000000.0
571215.537,4731512000000.0,2.5594475e+32,3.0139831499061294,4.31089385373127e-15,0.0009963707270298197,2.13119414810166,3.0482789541950164e-15,3.185101937796567,4.555699532706972e-15,300000000000000.0,50,52000000000000.0
572215.537,4722082400000.0,2.5366871e+32,3.0141211368522383,4.2901356496570056e-15,0.0009963250979955194,2.1312917201409234,3.0336006056554114e-15,3.1852477607020035,4.5337625162295195e-15,300000000000000.0,50,52000000000000.0
573215.537,4713796800000.0,2.5367295e+32,3.014259123798347,4.2693774455827414e-15,0.0009962794689612193,2.1313892921801862,3.0189222571158067e-15,3.1853935836074405,4.511825499752068e-15,300000000000000.0,50,52000000000000.0
574215.537,4704475500000.0,2.5556591e+32,3.0143971107444556,4.248619241508477e-15,0.000996233839926919,2.1314868642194496,3.0042439085762017e-15,3.1855394065128775,4.4898884832746164e-15,300000000000000.0,50,52000000000000.0
575215.537,4690859200000.0,2.5684947e+32,3.0145350976905645,4.227861037434213e-15,0.0009961882108926188,2.131584436258713,2.989565560036597e-15,3.1856852294183144,4.467951466797165e-15,300000000000000.0,50,52000000000000.0
576215.537,4675228700000.0,2.5627656e+32,3.014673084636673,4.207102833359949e-15,0.0009961425818583187,2.131682008297976,2.9748872114969924e-15,3.1858310523237514,4.4460144503197125e-15,300000000000000.0,50,52000000000000.0
577215.537,4660698700000.0,2.5532563e+32,3.014811071582782,4.186344629285686e-15,0.0009960969528240184,2.1317795803372395,2.9602088629573873e-15,3.1859768752291884,4.424077433842261e-15,300000000000000.0,50,52000000000000.0
578215.537,4647947800000.0,2.5452683e+32,3.0149437698955475,4.166151280074455e-15,0.000996053104880797,2.1318734127271943,2.945929929463667e-15,3.1861171091715157,4.4027373492639185e-15,300000000000000.0,50,52000000000000.0
579215.537,4635031000000.0,2.5455124e+32,3.015075708206413,4.146039103208006e-15,0.0009960095128888804,2.1319667077116615,2.9317083938219218e-15,3.1862565399531193,4.3814830466538246e-15,300000000000000.0,50,52000000000000.0
580215.537,4620532200000.0,2.5549588e+32,3.0152076465172786,4.1259269263415575e-15,0.0009959659208969636,2.132060002696129,2.9174868581801766e-15,3.1863959707347234,4.360228744043731e-15,300000000000000.0,50,52000000000000.0
581215.537,4603087800000.0,2.5589319e+32,3.015339584828144,4.105814749475109e-15,0.0009959223289050469,2.1321532976805964,2.9032653225384317e-15,3.186535401516327,4.338974441433637e-15,300000000000000.0,50,52000000000000.0
582215.537,4586235900000.0,2.5483882e+32,3.0154715231390097,4.08570257260866e-15,0.0009958787369131303,2.132246592665064,2.8890437868966865e-15,3.186674832297931,4.317720138823543e-15,300000000000000.0,50,52000000000000.0
583215.537,4575115100000.0,2.5341454e+32,3.0156034614498752,4.0655903957422114e-15,0.0009958351449212135,2.132339887649531,2.8748222512549413e-15,3.1868142630795346,4.296465836213449e-15,300000000000000.0,50,52000000000000.0
584215.537,4569885100000.0,2.5144442e+32,3.015735399760741,4.045478218875763e-15,0.000995791552929297,2.132433182633999,2.860600715613196e-15,3.1869536938611387,4.275211533603355e-15,300000000000000.0,50,52000000000000.0
585215.537,4564614500000.0,2.5025722e+32,3.0158673380716063,4.025366042009314e-15,0.0009957479609373802,2.132526477618466,2.8463791799714508e-15,3.1870931246427423,4.253957230993261e-15,300000000000000.0,50,52000000000000.0
586215.537,4558172000000.0,2.4999212e+32,3.015999276382472,4.005253865142865e-15,0.0009957043689454636,2.1326197726029337,2.8321576443297056e-15,3.1872325554243464,4.232702928383167e-15,300000000000000.0,50,52000000000000.0
587215.537,4549425800000.0,2.5016537e+32,3.0161283303059014,3.98772302131943e-15,0.000995661746507092,2.1327110280061565,2.819761396836455e-15,3.187368938020574,4.2141765468370646e-15,300000000000000.0,50,52000000000000.0
588215.537,4539103700000.0,2.4956017e+32,3.016254312909219,3.972940802729808e-15,0.0009956201564575269,2.1328001116460373,2.809308731585531e-15,3.1875020748832585,4.198554878688031e-15,300000000000000.0,50,52000000000000.0
589215.537,4528034900000.0,2.4915977e+32,3.0163802955125365,3.9581585841401864e-15,0.0009955785664079618,2.1328891952859186,2.798856066334607e-15,3.187635211745943,4.182933210538998e-15,300000000000000.0,50,52000000000000.0
590215.537,4518542300000.0,2.4861569e+32,3.016506278115854,3.943376365550564e-15,0.0009955369763583967,2.1329782789257994,2.788403401083683e-15,3.187768348608628,4.167311542389964e-15,300000000000000.0,50,52000000000000.0
591215.537,4509750200000.0,2.4842193e+32,3.0166322607191716,3.928594146960942e-15,0.0009954953863088316,2.1330673625656806,2.7779507358327586e-15,3.1879014854713126,4.15168987424093e-15,300000000000000.0,50,52000000000000.0
592215.537,4500545300000.0,2.4813897e+32,3.016758243322489,3.91381192837132e-15,0.0009954537962592665,2.133156446205562,2.7674980705818347e-15,3.1880346223339977,4.136068206091896e-15,300000000000000.0,50,52000000000000.0
593215.537,4492059100000.0,2.4758314e+32,3.0168842259258066,3.8990297097816976e-15,0.0009954122062097014,2.1332455298454427,2.7570454053309107e-15,3.1881677591966824,4.120446537942863e-15,300000000000000.0,50,52000000000000.0
594215.537,4486765700000.0,2.4657635e+32,3.0170102085291237,3.884247491192076e-15,0.0009953706161601363,2.133334613485324,2.7465927400799864e-15,3.188300896059367,4.104824869793829e-15,300000000000000.0,50,52000000000000.0
595215.537,4481786900000.0,2.4540143e+32,3.0171361911324412,3.869465272602454e-15,0.0009953290261105713,2.1334236971252047,2.7361400748290624e-15,3.1884340329220517,4.089203201644795e-15,300000000000000.0,50,52000000000000.0
596215.537,4474026400000.0,2.4417424e+32,3.017262173735759,3.854683054012832e-15,0.0009952874360610062,2.133512780765086,2.7256874095781385e-15,3.1885671697847364,4.073581533495761e-15,300000000000000.0,50,52000000000000.0
597215.537,4463880100000.0,2.4313842e+32,3.0173839678359284,3.837358654001839e-15,0.0009952472588458069,2.1335989026694846,2.71343714091277e-15,3.1886958802884267,4.055273319544441e-15,300000000000000.0,50,52000000000000.0
598215.537,4450367000000.0,2.4348425e+32,3.017505501867798,3.8198764074336555e-15,0.0009952071693548898,2.1336848406767994,2.7010752572746147e-15,3.1888243159551113,4.036798295308827e-15,300000000000000.0,50,52000000000000.0
599215.537,4434643300000.0,2.4423705e+32,3.017627035899667,3.802394160865472e-15,0.0009951670798639728,2.1337707786841142,2.6887133736364595e-15,3.1889527516217964,4.0183232710732125e-15,300000000000000.0,50,52000000000000.0
600215.537,4420002800000.0,2.4455508e+32,3.017748569931536,3.784911914297288e-15,0.0009951269903730557,2.1338567166914295,2.6763514899983047e-15,3.189081187288481,3.999848246837599e-15,300000000000000.0,50,52000000000000.0
601215.537,4411491600000.0,2.4346605e+32,3.0178701039634053,3.767429667729105e-15,0.0009950869008821387,2.1339426546987443,2.6639896063601494e-15,3.189209622955166,3.981373222601984e-15,300000000000000.0,50,52000000000000.0
602215.537,4406841700000.0,2.411189e+32,3.0179916379952743,3.7499474211609214e-15,0.0009950468113912217,2.1340285927060596,2.6516277227219942e-15,3.1893380586218507,3.96289819836637e-15,300000000000000.0,50,52000000000000.0
603215.537,4401110200000.0,2.3921666e+32,3.0181131720271432,3.732465174592738e-15,0.0009950067219003046,2.1341145307133744,2.6392658390838394e-15,3.189466494288536,3.9444231741307555e-15,300000000000000.0,50,52000000000000.0
604215.537,4395428900000.0,2.3647748e+32,3.0182347060590127,3.714982928024554e-15,0.0009949666324093876,2.1342004687206892,2.626903955445684e-15,3.1895949299552204,3.925948149895141e-15,300000000000000.0,50,52000000000000.0
605215.537,4385928800000.0,2.3416565e+32,3.0183562400908817,3.697500681456371e-15,0.0009949265429184705,2.1342864067280045,2.614542071807529e-15,3.1897233656219055,3.907473125659527e-15,300000000000000.0,50,52000000000000.0
606215.537,4371190300000.0,2.3457627e+32,3.0184764718563124,3.678665428211103e-15,0.00099488689028616,2.1343714238887843,2.6012234627908773e-15,3.1898504250693547,3.887568260709586e-15,300000000000000.0,50,52000000000000.0
607215.537,4350681500000.0,2.3586261e+32,3.0185926591999963,3.655628170315783e-15,0.0009948485943965235,2.1344535811956646,2.5849335716975353e-15,3.1899732104213947,3.863222769240803e-15,300000000000000.0,50,52000000000000.0
608215.537,4327747200000.0,2.342422e+32,3.0187088465436798,3.632590912420463e-15,0.0009948102985068868,2.134535738502545,2.5686436806041933e-15,3.1900959957734347,3.838877277772019e-15,300000000000000.0,50,52000000000000.0
609215.537,4307273900000.0,2.2702555e+32,3.0188250338873637,3.609553654525143e-15,0.0009947720026172503,2.1346178958094253,2.5523537895108513e-15,3.1902187811254747,3.814531786303235e-15,300000000000000.0,50,52000000000000.0
610215.537,4290070000000.0,2.2060302e+32,3.018941221231047,3.586516396629823e-15,0.0009947337067276135,2.1347000531163056,2.5360638984175093e-15,3.1903415664775148,3.790186294834451e-15,300000000000000.0,50,52000000000000.0
611215.537,4279102900000.0,2.1515178e+32,3.0190574085747306,3.563479138734503e-15,0.000994695410837977,2.134782210423186,2.5197740073241672e-15,3.190464351829555,3.7658408033656675e-15,300000000000000.0,50,52000000000000.0
612215.537,4268659500000.0,2.1205327e+32,3.0191735959184145,3.540441880839184e-15,0.0009946571149483405,2.1348643677300663,2.5034841162308252e-15,3.190587137181595,3.741495311896884e-15,300000000000000.0,50,52000000000000.0
613215.537,4259636100000.0,2.1037988e+32,3.019289783262098,3.517404622943864e-15,0.0009946188190587037,2.1349465250369466,2.4871942251374828e-15,3.1907099225336353,3.7171498204281e-15,300000000000000.0,50,52000000000000.0
614215.537,4256694300000.0,2.073086e+32,3.019405970605782,3.4943673650485442e-15,0.0009945805231690672,2.135028682343827,2.4709043340441408e-15,3.1908327078856753,3.692804328959317e-15,300000000000000.0,50,52000000000000.0
615215.537,4248087800000.0,2.1001816e+32,3.0195221579494653,3.4713301071532246e-15,0.0009945422272794305,2.1351108396507072,2.4546144429507988e-15,3.1909554932377153,3.668458837490533e-15,300000000000000.0,50,52000000000000.0
616215.537,4232653200000.0,2.1567769e+32,3.0196355681346967,3.4529333477202303e-15,0.000994504857325507,2.1351910331991864,2.4416058977371842e-15,3.1910753437227797,3.649017367640306e-15,300000000000000.0,50,52000000000000.0
617215.537,4214046300000.0,2.1547212e+32,3.0197445952798203,3.441860437909157e-15,0.0009944689487262153,2.1352681274531946,2.433776124583455e-15,3.1911905622648398,3.637315651863604e-15,300000000000000.0,50,52000000000000.0
618215.537,4198191000000.0,2.1311102e+32,3.019853622424944,3.430787528098084e-15,0.0009944330401269236,2.1353452217072033,2.4259463514297258e-15,3.1913057808069,3.625613936086901e-15,300000000000000.0,50,52000000000000.0
619215.537,4188809100000.0,2.0980225e+32,3.0199626495700675,3.4197146182870107e-15,0.0009943971315276318,2.1354223159612116,2.4181165782759963e-15,3.1914209993489595,3.613912220310198e-15,300000000000000.0,50,52000000000000.0
620215.537,4185677100000.0,2.066065e+32,3.0200716767151916,3.4086417084759375e-15,0.00099436122292834,2.13549941021522,2.4102868051222673e-15,3.1915362178910196,3.602210504533495e-15,300000000000000.0,50,52000000000000.0
621215.537,4180411500000.0,2.0429038e+32,3.0201807038603152,3.3975687986648643e-15,0.0009943253143290484,2.1355765044692285,2.402457031968538e-15,3.1916514364330797,3.5905087887567925e-15,300000000000000.0,50,52000000000000.0
622215.537,4171764800000.0,2.0127885e+32,3.020289731005439,3.386495888853791e-15,0.0009942894057297566,2.135653598723237,2.3946272588148088e-15,3.19176665497514,3.578807072980089e-15,300000000000000.0,50,52000000000000.0
623215.537,4165442400000.0,1.9834541e+32,3.0203987581505625,3.375422979042718e-15,0.0009942534971304651,2.135730692977245,2.3867974856610794e-15,3.1918818735172,3.567105357203387e-15,300000000000000.0,50,52000000000000.0
624215.537,4160280300000.0,1.9333076e+32,3.020507785295686,3.3643500692316447e-15,0.0009942175885311734,2.1358077872312538,2.3789677125073503e-15,3.1919970920592595,3.555403641426684e-15,300000000000000.0,50,52000000000000.0
625215.537,4166617700000.0,1.8444345e+32,3.0206168124408097,3.3532771594205715e-15,0.0009941816799318816,2.135884881485262,2.371137939353621e-15,3.1921123106013196,3.5437019256499808e-15,300000000000000.0,50,52000000000000.0
626215.537,4173359800000.0,1.8117766e+32,3.0207245389907764,3.3428765764005395e-15,0.0009941462090344766,2.1359610560745015,2.3637835756529134e-15,3.192226154690311,3.5327107165744023e-15,300000000000000.0,50,52000000000000.0
627215.537,4166865100000.0,1.8172632e+32,3.0208300685957377,3.333611677284624e-15,0.0009941114774962556,2.136035677180391,2.35723226616759e-15,3.192337677074667,3.522919684310138e-15,300000000000000.0,50,52000000000000.0
628215.537,4157080800000.0,1.8043123e+32,3.020935598200699,3.324346778168708e-15,0.0009940767459580347,2.1361102982862805,2.3506809566822664e-15,3.192449199459024,3.513128652045874e-15,300000000000000.0,50,52000000000000.0
629215.537,4154953300000.0,1.7843591e+32,3.02104112780566,3.3150818790527925e-15,0.0009940420144198138,2.1361849193921705,2.344129647196943e-15,3.19256072184338,3.5033376197816097e-15,300000000000000.0,50,52000000000000.0
630215.537,4154572900000.0,1.7655655e+32,3.0211466574106214,3.305816979936877e-15,0.0009940072828815928,2.13625954049806,2.3375783377116197e-15,3.1926722442277367,3.493546587517346e-15,300000000000000.0,50,52000000000000.0
631215.537,4150714100000.0,1.751419e+32,3.021252187015582,3.296552080820961e-15,0.0009939725513433719,2.1363341616039495,2.331027028226296e-15,3.192783766612093,3.4837555552530816e-15,300000000000000.0,50,52000000000000.0
632215.537,4143995800000.0,1.7527302e+32,3.0213577166205434,3.2872871817050455e-15,0.000993937819805151,2.136408782709839,2.3244757187409727e-15,3.1928952889964495,3.4739645229888174e-15,300000000000000.0,50,52000000000000.0
633215.537,4134066500000.0,1.7594092e+32,3.0214632462255047,3.2780222825891298e-15,0.00099390308826693,2.136483403815729,2.3179244092556494e-15,3.1930068113808057,3.464173490724553e-15,300000000000000.0,50,52000000000000.0
634215.537,4122831000000.0,1.7567597e+32,3.021568775830466,3.268757383473214e-15,0.000993868356728709,2.1365580249216185,2.3113730997703257e-15,3.193118333765162,3.4543824584602893e-15,300000000000000.0,50,52000000000000.0
635215.537,4116731200000.0,1.7478742e+32,3.021674305435427,3.2594924843572984e-15,0.000993833625190488,2.136632646027508,2.3048217902850024e-15,3.1932298561495185,3.444591426196025e-15,300000000000000.0,50,52000000000000.0
636215.537,4111354400000.0,1.7427545e+32,3.02177926117882,3.249575572612037e-15,0.0009937990871499312,2.136706861349731,2.297809435752392e-15,3.193340772083976,3.434111355055462e-15,300000000000000.0,50,52000000000000.0
637215.537,4105449400000.0,1.7440229e+32,3.0218818167334898,3.2369316036002768e-15,0.0009937653584176406,2.1367793794727774,2.2888687500958145e-15,3.193449151528297,3.4207493635502613e-15,300000000000000.0,50,52000000000000.0
638215.537,4098427600000.0,1.7612112e+32,3.0219843722881596,3.2242876345885166e-15,0.0009937316296853497,2.136851897595824,2.279928064439237e-15,3.193557530972617,3.4073873720450608e-15,300000000000000.0,50,52000000000000.0
639215.537,4088752900000.0,1.7722384e+32,3.0220869278428295,3.2116436655767563e-15,0.000993697900953059,2.1369244157188705,2.2709873787826598e-15,3.193665910416938,3.3940253805398606e-15,300000000000000.0,50,52000000000000.0
640215.537,4078426100000.0,1.7597251e+32,3.022189483397499,3.198999696564996e-15,0.0009936641722207685,2.136996933841917,2.262046693126082e-15,3.193774289861259,3.38066338903466e-15,300000000000000.0,50,52000000000000.0
641215.537,4068020100000.0,1.7316297e+32,3.022292038952169,3.186355727553236e-15,0.0009936304434884778,2.1370694519649636,2.253106007469505e-15,3.1938826693055793,3.36730139752946e-15,300000000000000.0,50,52000000000000.0
642215.537,4056450500000.0,1.6827395e+32,3.0223945945068387,3.173711758541476e-15,0.000993596714756187,2.1371419700880105,2.2441653218129274e-15,3.1939910487499,3.3539394060242593e-15,300000000000000.0,50,52000000000000.0
643215.537,4047195200000.0,1.6370147e+32,3.0224971500615085,3.1610677895297158e-15,0.0009935629860238963,2.137214488211057,2.2352246361563498e-15,3.1940994281942205,3.340577414519059e-15,300000000000000.0,50,52000000000000.0
644215.537,4040542900000.0,1.6128312e+32,3.0225997056161784,3.1484238205179555e-15,0.0009935292572916057,2.1372870063341036,2.2262839504997726e-15,3.1942078076385414,3.3272154230138586e-15,300000000000000.0,50,52000000000000.0
645215.537,4034945500000.0,1.6131639e+32,3.0227022611708483,3.1357798515061953e-15,0.000993495528559315,2.13735952445715,2.217343264843195e-15,3.1943161870828622,3.3138534315086584e-15,300000000000000.0,50,52000000000000.0
646215.537,4030241100000.0,1.6065212e+32,3.022804816725518,3.123135882494435e-15,0.0009934617998270242,2.1374320425801967,2.208402579186618e-15,3.1944245665271827,3.300491440003458e-15,300000000000000.0,50,52000000000000.0
647215.537,4025684900000.0,1.6116605e+32,3.022903872429785,3.1098982374482423e-15,0.0009934292414144597,2.137502085921609,2.199042098975141e-15,3.194529247372487,3.2865020591149072e-15,300000000000000.0,50,52000000000000.0
648215.537,4018733200000.0,1.6203973e+32,3.0230023032337816,3.096554591210034e-15,0.0009933968919631447,2.137571687389359,2.1896066642082498e-15,3.1946332678308433,3.2724006574968074e-15,300000000000000.0,50,52000000000000.0
649215.537,4006829300000.0,1.6126351e+32,3.023100734037778,3.083210944971825e-15,0.0009933645425118298,2.1376412888571097,2.180171229441359e-15,3.194737288289199,3.2582992558787077e-15,300000000000000.0,50,52000000000000.0
650215.537,3994718200000.0,1.5830731e+32,3.0231991648417744,3.0698672987336168e-15,0.0009933321930605148,2.1377108903248603,2.170735794674468e-15,3.1948413087475553,3.2441978542606075e-15,300000000000000.0,50,52000000000000.0
651215.537,3984815200000.0,1.5484542e+32,3.023297595645771,3.0565236524954084e-15,0.0009932998436091996,2.1377804917926104,2.161300359907577e-15,3.1949453292059116,3.2300964526425077e-15,300000000000000.0,50,52000000000000.0
652215.537,3974711600000.0,1.5143161e+32,3.0233960264497672,3.0431800062571996e-15,0.0009932674941578847,2.137850093260361,2.151864925140686e-15,3.195049349664268,3.215995051024408e-15,300000000000000.0,50,52000000000000.0
653215.537,3965134000000.0,1.4949285e+32,3.023494457253764,3.0298363600189912e-15,0.0009932351447065697,2.1379196947281116,2.142429490373795e-15,3.195153370122624,3.2018936494063078e-15,300000000000000.0,50,52000000000000.0
654215.537,3958308600000.0,1.4877585e+32,3.0235928880577605,3.016492713780783e-15,0.0009932027952552548,2.1379892961958618,2.132994055606904e-15,3.1952573905809802,3.187792247788208e-15,300000000000000.0,50,52000000000000.0
655215.537,3952366600000.0,1.4908658e+32,3.023691318861757,3.003149067542574e-15,0.0009931704458039398,2.1380588976636123,2.123558620840013e-15,3.195361411039336,3.1736908461701083e-15,300000000000000.0,50,52000000000000.0
656215.537,3944180600000.0,1.4989913e+32,3.0237897496657533,2.9898054213043657e-15,0.0009931380963526248,2.138128499131363,2.1141231860731218e-15,3.1954654314976922,3.1595894445520085e-15,300000000000000.0,50,52000000000000.0
657215.537,3935828800000.0,1.5066186e+32,3.0238866949655407,2.9761271236862766e-15,0.0009931062422152792,2.138197050183222,2.1044511157915958e-15,3.1955678820934277,3.145134387537604e-15,300000000000000.0,50,52000000000000.0
658215.537,3926405400000.0,1.5112981e+32,3.0239807019697365,2.9617868927875068e-15,0.0009930753677983846,2.1382635235348864,2.0943109855170594e-15,3.195667227534434,3.129979807703991e-15,300000000000000.0,50,52000000000000.0
659215.537,3915886700000.0,1.4954461e+32,3.0240747089739317,2.947446661888737e-15,0.0009930444933814897,2.1383299968865503,2.0841708552425226e-15,3.1957665729754403,3.114825227870378e-15,300000000000000.0,50,52000000000000.0
660215.537,3905054800000.0,1.4619904e+32,3.024168715978127,2.933106430989967e-15,0.0009930136189645951,2.1383964702382148,2.0740307249679862e-15,3.195865918416447,3.0996706480367646e-15,300000000000000.0,50,52000000000000.0
661215.537,3892820200000.0,1.4256596e+32,3.0242627229823222,2.9187662000911972e-15,0.0009929827445477003,2.138462943589879,2.0638905946934494e-15,3.1959652638574534,3.0845160682031518e-15,300000000000000.0,50,52000000000000.0
662215.537,3883441700000.0,1.4039962e+32,3.024356729986518,2.9044259691924274e-15,0.0009929518701308057,2.1385294169415436,2.053750464418913e-15,3.1960646092984595,3.0693614883695385e-15,300000000000000.0,50,52000000000000.0
663215.537,3875490800000.0,1.4138234e+32,3.024450736990713,2.8900857382936575e-15,0.0009929209957139108,2.138595890293208,2.0436103341443762e-15,3.196163954739466,3.054206908535925e-15,300000000000000.0,50,52000000000000.0
664215.537,3870261100000.0,1.3971655e+32,3.0245447439949085,2.8757455073948877e-15,0.000992890121297016,2.1386623636448725,2.03347020386984e-15,3.1962633001804726,3.0390523287023123e-15,300000000000000.0,50,52000000000000.0
665215.537,3862370000000.0,1.3869361e+32,3.024638750999104,2.861405276496118e-15,0.0009928592468801214,2.138728836996537,2.023330073595303e-15,3.1963626456214786,3.023897748868699e-15,300000000000000.0,50,52000000000000.0
666215.537,3851278400000.0,1.3741163e+32,3.0247327580032994,2.847065045597348e-15,0.0009928283724632266,2.138795310348201,2.0131899433207667e-15,3.196461991062485,3.008743169035086e-15,300000000000000.0,50,52000000000000.0
667215.537,3840250400000.0,1.366726e+32,3.0248267650074947,2.832724814698578e-15,0.000992797498046332,2.1388617836998653,2.0030498130462303e-15,3.1965613365034917,2.993588589201473e-15,300000000000000.0,50,52000000000000.0
668215.537,3830107000000.0,1.3658174e+32,3.0249176213053017,2.8171247493444265e-15,0.0009927676710885062,2.1389260291534256,1.99201884050955e-15,3.1966573523166955,2.977102631979568e-15,300000000000000.0,50,52000000000000.0
669215.537,3819699500000.0,1.36571e+32,3.025006796789792,2.80085259771206e-15,0.0009927384029206582,2.1389890860859553,1.980512628660369e-15,3.1967515918670357,2.9599064223352332e-15,300000000000000.0,50,52000000000000.0
670215.537,3807923600000.0,1.3594098e+32,3.0250959722742814,2.7845804460796937e-15,0.0009927091347528103,2.1390521430184846,1.9690064168111874e-15,3.196845831417376,2.942710212690898e-15,300000000000000.0,50,52000000000000.0
671215.537,3795801000000.0,1.3507988e+32,3.025185147758771,2.7683082944473277e-15,0.0009926798665849622,2.1391151999510143,1.9575002049620064e-15,3.196940070967716,2.9255140030465632e-15,300000000000000.0,50,52000000000000.0
672215.537,3784695600000.0,1.3360234e+32,3.025274323243261,2.7520361428149613e-15,0.0009926505984171143,2.139178256883544,1.9459939931128254e-15,3.197034310518056,2.9083177934022284e-15,300000000000000.0,50,52000000000000.0
673215.537,3773203700000.0,1.3159571e+32,3.0253634987277507,2.735763991182595e-15,0.0009926213302492663,2.1392413138160737,1.9344877812636443e-15,3.1971285500683964,2.891121583757893e-15,300000000000000.0,50,52000000000000.0
674215.537,3760378700000.0,1.2943455e+32,3.0254526742122403,2.7194918395502286e-15,0.0009925920620814184,2.139304370748603,1.9229815694144633e-15,3.1972227896187366,2.8739253741135584e-15,300000000000000.0,50,52000000000000.0
675215.537,3747118200000.0,1.2756218e+32,3.0255418496967303,2.7032196879178622e-15,0.0009925627939135703,2.1393674276811327,1.9114753575652823e-15,3.1973170291690765,2.856729164469223e-15,300000000000000.0,50,52000000000000.0
676215.537,3733503200000.0,1.2673669e+32,3.02563102518122,2.6869475362854962e-15,0.0009925335257457222,2.1394304846136625,1.8999691457161012e-15,3.1974112687194167,2.8395329548248883e-15,300000000000000.0,50,52000000000000.0
677215.537,3722839100000.0,1.2709445e+32,3.0257202006657096,2.67067538465313e-15,0.0009925042575778743,2.139493541546192,1.8884629338669202e-15,3.197505508269757,2.8223367451805535e-15,300000000000000.0,50,52000000000000.0
678215.537,3717241200000.0,1.2592772e+32,3.025809376150199,2.6544032330207635e-15,0.0009924749894100263,2.1395565984787215,1.876956722017739e-15,3.1975997478200973,2.8051405355362183e-15,300000000000000.0,50,52000000000000.0
679215.537,3708887700000.0,1.2437236e+32,3.025894124062686,2.6394787819039705e-15,0.0009924471883644408,2.1396165246278986,1.8664034835998337e-15,3.1976893083668183,2.789368559265145e-15,300000000000000.0,50,52000000000000.0
680215.537,3696623900000.0,1.2292704e+32,3.025977727955775,2.6249025567519284e-15,0.0009924197664016407,2.139675641828766,1.856096479481502e-15,3.197777659927915,2.7739645839220995e-15,300000000000000.0,50,52000000000000.0
681215.537,3686812100000.0,1.2229788e+32,3.026061331848864,2.6103263315998863e-15,0.0009923923444388407,2.1397347590296336,1.8457894753631707e-15,3.197866011489011,2.7585606085790543e-15,300000000000000.0,50,52000000000000.0
682215.537,3678669600000.0,1.2184748e+32,3.0261449357419528,2.595750106447844e-15,0.0009923649224760406,2.139793876230501,1.835482471244839e-15,3.1979543630501075,2.7431566332360084e-15,300000000000000.0,50,52000000000000.0
683215.537,3669701900000.0,1.22217e+32,3.0262285396350417,2.581173881295802e-15,0.0009923375005132405,2.1398529934313686,1.8251754671265077e-15,3.198042714611204,2.7277526578929633e-15,300000000000000.0,50,52000000000000.0
684215.537,3660073800000.0,1.2243942e+32,3.02631214352813,2.56659765614376e-15,0.0009923100785504404,2.139912110632236,1.814868463008176e-15,3.1981310661723006,2.7123486825499178e-15,300000000000000.0,50,52000000000000.0
685215.537,3649768600000.0,1.2232312e+32,3.026395747421219,2.552021430991718e-15,0.0009922826565876403,2.139971227833104,1.8045614588898447e-15,3.198219417733397,2.6969447072068722e-15,300000000000000.0,50,52000000000000.0
686215.537,3640259100000.0,1.2119529e+32,3.026479351314308,2.5374452058396757e-15,0.0009922552346248402,2.1400303450339715,1.794254454771513e-15,3.1983077692944937,2.6815407318638267e-15,300000000000000.0,50,52000000000000.0
687215.537,3628057500000.0,1.193114e+32,3.026562955207397,2.5228689806876336e-15,0.0009922278126620401,2.140089462234839,1.7839474506531814e-15,3.19839612085559,2.6661367565207812e-15,300000000000000.0,50,52000000000000.0
688215.537,3614745900000.0,1.172756e+32,3.026646559100486,2.5082927555355915e-15,0.00099220039069924,2.1401485794357065,1.77364044653485e-15,3.1984844724166868,2.6507327811777357e-15,300000000000000.0,50,52000000000000.0
689215.537,3603505200000.0,1.159415e+32,3.0267301629935743,2.4937165303835494e-15,0.00099217296873644,2.140207696636574,1.7633334424165186e-15,3.1985728239777833,2.63532880583469e-15,300000000000000.0,50,52000000000000.0
690215.537,3595565900000.0,1.170841e+32,3.0268099088872056,2.481890105956776e-15,0.0009921468241350184,2.140264085804917,1.7549708516573355e-15,3.1986570984525353,2.6228307860042175e-15,300000000000000.0,50,52000000000000.0
691215.537,3592093300000.0,1.1644173e+32,3.0268884407012773,2.4709290203899165e-15,0.0009921210815083397,2.1403196164846676,1.7472201512158561e-15,3.1987400899029517,2.611247245614783e-15,300000000000000.0,50,52000000000000.0
692215.537,3589488700000.0,1.1583904e+32,3.0269669725153494,2.4599679348230573e-15,0.000992095338881661,2.1403751471644177,1.7394694507743768e-15,3.198823081353368,2.5996637052253486e-15,300000000000000.0,50,52000000000000.0
693215.537,3579384000000.0,1.1493017e+32,3.027045504329421,2.4490068492561978e-15,0.0009920695962549822,2.140430677844168,1.7317187503328974e-15,3.1989060728037844,2.588080164835914e-15,300000000000000.0,50,52000000000000.0
694215.537,3566892800000.0,1.1337153e+32,3.0271240361434932,2.438045763689338e-15,0.0009920438536283034,2.1404862085239187,1.723968049891418e-15,3.1989890642542003,2.57649662444648e-15,300000000000000.0,50,52000000000000.0
695215.537,3555175200000.0,1.1173324e+32,3.027202567957565,2.427084678122479e-15,0.0009920181110016247,2.1405417392036687,1.716217349449939e-15,3.1990720557046166,2.5649130840570457e-15,300000000000000.0,50,52000000000000.0
696215.537,3545365600000.0,1.1104711e+32,3.0272810997716366,2.4161235925556195e-15,0.000991992368374946,2.1405972698834193,1.7084666490084596e-15,3.199155047155033,2.5533295436676113e-15,300000000000000.0,50,52000000000000.0
697215.537,3539757100000.0,1.1217706e+32,3.0273596315857088,2.40516250698876e-15,0.0009919666257482672,2.1406528005631698,1.7007159485669802e-15,3.1992380386054493,2.541746003278177e-15,300000000000000.0,50,52000000000000.0
698215.537,3534824800000.0,1.1083266e+32,3.0274381633997804,2.3942014214219008e-15,0.0009919408831215882,2.14070833124292,1.6929652481255009e-15,3.1993210300558657,2.5301624628887424e-15,300000000000000.0,50,52000000000000.0
699215.537,3527007200000.0,1.0975383e+32,3.027516695213852,2.383240335855041e-15,0.0009919151404949094,2.1407638619226703,1.6852145476840215e-15,3.199404021506282,2.518578922499308e-15,300000000000000.0,50,52000000000000.0
700215.537,3516324800000.0,1.084353e+32,3.0275952270279243,2.3722792502881816e-15,0.0009918893978682307,2.140819392602421,1.6774638472425422e-15,3.199487012956698,2.506995382109874e-15,300000000000000.0,50,52000000000000.0
701215.537,3507011800000.0,1.0782095e+32,3.0276716380441786,2.3608648533290117e-15,0.0009918643582253047,2.140873423643428,1.669392605538823e-15,3.1995677631740698,2.4949327879008293e-15,300000000000000.0,50,52000000000000.0
702215.537,3498915900000.0,1.0730513e+32,3.027746293702882,2.349075256259465e-15,0.0009918399004331462,2.1409262134524005,1.6610560558834115e-15,3.199646658351175,2.48247368689967e-15,300000000000000.0,50,52000000000000.0
703215.537,3490077200000.0,1.0714644e+32,3.0278209493615855,2.3372856591899185e-15,0.000991815442640988,2.140979003261373,1.6527195062280003e-15,3.1997255535282805,2.4700145858985114e-15,300000000000000.0,50,52000000000000.0
704215.537,3480163900000.0,1.0677166e+32,3.027895605020289,2.325496062120372e-15,0.0009917909848488294,2.1410317930703453,1.6443829565725889e-15,3.199804448705386,2.4575554848973523e-15,300000000000000.0,50,52000000000000.0
705215.537,3469952600000.0,1.0635193e+32,3.027970260678993,2.3137064650508252e-15,0.0009917665270566711,2.141084582879318,1.6360464069171774e-15,3.1998833438824916,2.4450963838961936e-15,300000000000000.0,50,52000000000000.0
706215.537,3459764000000.0,1.0558946e+32,3.0280449163376963,2.301916867981279e-15,0.0009917420692645126,2.1411373726882905,1.6277098572617662e-15,3.199962239059597,2.4326372828950344e-15,300000000000000.0,50,52000000000000.0
707215.537,3448321200000.0,1.0436493e+32,3.0281195719964,2.2901272709117324e-15,0.0009917176114723543,2.1411901624972627,1.6193733076063547e-15,3.2000411342367028,2.4201781818938757e-15,300000000000000.0,50,52000000000000.0
708215.537,3436718700000.0,1.0309766e+32,3.0281942276551033,2.2783376738421856e-15,0.0009916931536801958,2.1412429523062353,1.6110367579509435e-15,3.2001200294138084,2.4077190808927166e-15,300000000000000.0,50,52000000000000.0
709215.537,3427503000000.0,1.031752e+32,3.028268883313807,2.266548076772639e-15,0.0009916686958880375,2.141295742115208,1.602700208295532e-15,3.200198924590914,2.395259979891558e-15,300000000000000.0,50,52000000000000.0
710215.537,3422152400000.0,1.0365174e+32,3.0283435389725106,2.2547584797030927e-15,0.000991644238095879,2.1413485319241805,1.5943636586401208e-15,3.200277819768019,2.3828008788903987e-15,300000000000000.0,50,52000000000000.0
711215.537,3417824600000.0,1.0282407e+32,3.028418194631214,2.242968882633546e-15,0.0009916197803037205,2.1414013217331527,1.5860271089847094e-15,3.2003567149451246,2.37034177788924e-15,300000000000000.0,50,52000000000000.0
712215.537,3410336500000.0,1.0221316e+32,3.0284922093887805,2.2314464189573407e-15,0.0009915955344365378,2.141453658354105,1.5778794521973447e-15,3.2004349328258006,2.3581649801692615e-15,300000000000000.0,50,52000000000000.0
713215.537,3399825500000.0,1.0130635e+32,3.028562628098479,2.2214228205715408e-15,0.0009915724776643838,2.1415034521713094,1.5707916590233568e-15,3.200509350447373,2.3475721648344023e-15,300000000000000.0,50,52000000000000.0
714215.537,3389746500000.0,1.0020582e+32,3.028633046808178,2.211399222185741e-15,0.0009915494208922297,2.141553245988514,1.563703865849369e-15,3.200583768068946,2.336979349499543e-15,300000000000000.0,50,52000000000000.0
715215.537,3381304600000.0,9.9450516e+31,3.0287034655178764,2.201375623799941e-15,0.0009915263641200756,2.1416030398057186,1.556616072675381e-15,3.2006581856905187,2.326386534164684e-15,300000000000000.0,50,52000000000000.0
716215.537,3374712700000.0,9.8878889e+31,3.0287738842275753,2.191352025414141e-15,0.0009915033073479216,2.1416528336229232,1.5495282795013932e-15,3.2007326033120913,2.315793718829825e-15,300000000000000.0,50,52000000000000.0
717215.537,3368561700000.0,9.8161662e+31,3.028844302937274,2.1813284270283414e-15,0.0009914802505757675,2.141702627440128,1.5424404863274054e-15,3.200807020933664,2.3052009034949653e-15,300000000000000.0,50,52000000000000.0
718215.537,3362383600000.0,9.7803867e+31,3.0289147216469727,2.1713048286425415e-15,0.0009914571938036134,2.1417524212573325,1.5353526931534173e-15,3.200881438555237,2.294608088160106e-15,300000000000000.0,50,52000000000000.0
719215.537,3355979300000.0,9.7665165e+31,3.028985140356671,2.1612812302567415e-15,0.0009914341370314593,2.141802215074537,1.5282648999794295e-15,3.2009558561768094,2.284015272825247e-15,300000000000000.0,50,52000000000000.0
720215.537,3349180300000.0,9.7830816e+31,3.0290555590663697,2.1512576318709416e-15,0.0009914110802593053,2.1418520088917417,1.5211771068054416e-15,3.201030273798382,2.273422457490388e-15,300000000000000.0,50,52000000000000.0
721215.537,3342611400000.0,9.7749097e+31,3.0291259777760686,2.1412340334851417e-15,0.0009913880234871512,2.1419018027089463,1.5140893136314538e-15,3.2011046914199546,2.2628296421555287e-15,300000000000000.0,50,52000000000000.0
722215.537,3335429300000.0,9.7467463e+31,3.029196396485767,2.1312104350993417e-15,0.0009913649667149971,2.141951596526151,1.507001520457466e-15,3.2011791090415276,2.2522368268206695e-15,300000000000000.0,50,52000000000000.0
723215.537,3326840000000.0,9.6840013e+31,3.029266815195466,2.1211868367135422e-15,0.000991341909942843,2.1420013903433555,1.499913727283478e-15,3.2012535266631,2.24164401148581e-15,300000000000000.0,50,52000000000000.0
724215.537,3315714500000.0,9.5768318e+31,3.0293351470460643,2.1110850878284125e-15,0.000991319543167231,2.1420497085202643,1.4927706730934098e-15,3.201325738917675,2.2309686077175e-15,300000000000000.0,50,52000000000000.0
725215.537,3303581000000.0,9.4560015e+31,3.0294019048833127,2.1009243939339107e-15,0.0009912976968214692,2.14209691369557,1.4855859382853198e-15,3.201396287774325,2.220230911628275e-15,300000000000000.0,50,52000000000000.0
726215.537,3292999700000.0,9.4028881e+31,3.029468662720561,2.090763700039409e-15,0.0009912758504757072,2.142144118870875,1.4784012034772297e-15,3.2014668366309755,2.209493215539051e-15,300000000000000.0,50,52000000000000.0
727215.537,3283933900000.0,9.3680258e+31,3.0295354205578096,2.080603006144907e-15,0.0009912540041299453,2.14219132404618,1.4712164686691397e-15,3.201537385487626,2.1987555194498266e-15,300000000000000.0,50,52000000000000.0
728215.537,3277287900000.0,9.3113634e+31,3.029602178395058,2.070442312250405e-15,0.0009912321577841834,2.142238529221485,1.4640317338610497e-15,3.2016079343442763,2.188017823360602e-15,300000000000000.0,50,52000000000000.0
729215.537,3271594400000.0,9.258967e+31,3.0296689362323064,2.060281618355903e-15,0.0009912103114384215,2.1422857343967907,1.4568469990529596e-15,3.2016784832009266,2.1772801272713776e-15,300000000000000.0,50,52000000000000.0
730215.537,3265942500000.0,9.1785002e+31,3.0297356940695543,2.0501209244614014e-15,0.0009911884650926595,2.142332939572096,1.4496622642448696e-15,3.201749032057577,2.166542431182153e-15,300000000000000.0,50,52000000000000.0
731215.537,3259964700000.0,9.1015296e+31,3.0298024519068028,2.0399602305668996e-15,0.0009911666187468978,2.142380144747401,1.4424775294367795e-15,3.201819580914227,2.1558047350929286e-15,300000000000000.0,50,52000000000000.0
732215.537,3253367200000.0,9.074029e+31,3.029869209744051,2.0297995366723978e-15,0.000991144772401136,2.1424273499227064,1.4352927946286895e-15,3.2018901297708773,2.1450670390037043e-15,300000000000000.0,50,52000000000000.0
733215.537,3246788200000.0,8.9965907e+31,3.0299359675812996,2.0196388427778956e-15,0.000991122926055374,2.1424745550980115,1.4281080598205994e-15,3.2019606786275276,2.1343293429144796e-15,300000000000000.0,50,52000000000000.0
734215.537,3239133700000.0,8.9297421e+31,3.030002725418548,2.009478148883394e-15,0.000991101079709612,2.1425217602733166,1.4209233250125094e-15,3.202031227484178,2.1235916468252553e-15,300000000000000.0,50,52000000000000.0
735215.537,3229161400000.0,8.9146986e+31,3.0300694832557964,1.999317454988892e-15,0.0009910792333638501,2.142568965448622,1.4137385902044191e-15,3.2021017763408284,2.1128539507360306e-15,300000000000000.0,50,52000000000000.0
736215.537,3219711200000.0,8.8899637e+31,3.0301332223066257,1.9898986516994897e-15,0.0009910583834655106,2.1426140360079167,1.4070784541580356e-15,3.202169134981194,2.1029002755222305e-15,300000000000000.0,50,52000000000000.0
737215.537,3210071100000.0,8.8696011e+31,3.030196208844805,1.980664784337099e-15,0.000991037781958142,2.142658574457507,1.4005490882786262e-15,3.202235698375465,2.0931420383236796e-15,300000000000000.0,50,52000000000000.0
738215.537,3200853800000.0,8.8106285e+31,3.0302591953829845,1.971430916974708e-15,0.0009910171804507733,2.142703112907097,1.3940197223992169e-15,3.202302261769736,2.0833838011251287e-15,300000000000000.0,50,52000000000000.0
739215.537,3192211600000.0,8.7443011e+31,3.030322181921164,1.9621970496123174e-15,0.0009909965789434048,2.1427476513566868,1.3874903565198073e-15,3.202368825164007,2.073625563926578e-15,300000000000000.0,50,52000000000000.0
740215.537,3184257400000.0,8.6972958e+31,3.0303851684593432,1.9529631822499267e-15,0.0009909759774360362,2.142792189806277,1.380960990640398e-15,3.202435388558278,2.0638673267280273e-15,300000000000000.0,50,52000000000000.0
741215.537,3176515800000.0,8.6676053e+31,3.0304481549975226,1.943729314887536e-15,0.0009909553759286677,2.142836728255867,1.3744316247609884e-15,3.202501951952549,2.0541090895294767e-15,300000000000000.0,50,52000000000000.0
742215.537,3169104900000.0,8.6337849e+31,3.0305111415357024,1.9344954475251448e-15,0.0009909347744212992,2.142881266705457,1.367902258881579e-15,3.20256851534682,2.044350852330926e-15,300000000000000.0,50,52000000000000.0
743215.537,3162256900000.0,8.6035961e+31,3.030574128073882,1.925261580162754e-15,0.0009909141729139306,2.142925805155047,1.3613728930021697e-15,3.2026350787410913,2.0345926151323753e-15,300000000000000.0,50,52000000000000.0
744215.537,3155419400000.0,8.5651851e+31,3.030637114612061,1.9160277128003632e-15,0.000990893571406562,2.1429703436046372,1.3548435271227601e-15,3.2027016421353625,2.0248343779338244e-15,300000000000000.0,50,52000000000000.0
745215.537,3149153600000.0,8.5245387e+31,3.0307001011502406,1.9067938454379725e-15,0.0009908729698991934,2.1430148820542274,1.3483141612433507e-15,3.2027682055296336,2.015076140735274e-15,300000000000000.0,50,52000000000000.0
746215.537,3143564100000.0,8.4809132e+31,3.03076308768842,1.8975599780755817e-15,0.0009908523683918248,2.143059420503817,1.3417847953639412e-15,3.2028347689239043,2.005317903536723e-15,300000000000000.0,50,52000000000000.0
747215.537,3138062300000.0,8.4401781e+31,3.0308260742265993,1.888326110713191e-15,0.0009908317668844563,2.1431039589534073,1.3352554294845318e-15,3.2029013323181754,1.9955596663381725e-15,300000000000000.0,50,52000000000000.0
748215.537,3132477200000.0,8.4025521e+31,3.0308861369011058,1.880685193479393e-15,0.000990812129830627,2.1431464299078784,1.3298524555799345e-15,3.2029648058093607,1.9874848391782748e-15,300000000000000.0,50,52000000000000.0
749215.537,3126653300000.0,8.364814e+31,3.0309456404037616,1.8733489186539924e-15,0.0009907926772229042,2.1431885054659827,1.3246648975617773e-15,3.2030276883746276,1.9797319543562374e-15,300000000000000.0,50,52000000000000.0
750215.537,3120500100000.0,8.3267135e+31,3.0310051439064174,1.8660126438285913e-15,0.0009907732246151814,2.1432305810240875,1.31947733954362e-15,3.203090570939894,1.9719790695342e-15,300000000000000.0,50,52000000000000.0
751215.537,3114058900000.0,8.2898112e+31,3.0310646474090737,1.85867636900319e-15,0.0009907537720074584,2.1432726565821922,1.3142897815254627e-15,3.203153453505161,1.964226184712163e-15,300000000000000.0,50,52000000000000.0
752215.537,3107712100000.0,8.2504672e+31,3.0311241509117295,1.851340094177789e-15,0.0009907343193997357,2.143314732140297,1.3091022235073055e-15,3.2032163360704273,1.9564732998901257e-15,300000000000000.0,50,52000000000000.0
753215.537,3101529800000.0,8.2087292e+31,3.0311836544143853,1.8440038193523883e-15,0.000990714866792013,2.1433568076984018,1.303914665489148e-15,3.203279218635694,1.9487204150680883e-15,300000000000000.0,50,52000000000000.0
754215.537,3095538000000.0,8.1705757e+31,3.031243157917041,1.836667544526987e-15,0.00099069541418429,2.143398883256506,1.2987271074709909e-15,3.203342101200961,1.940967530246051e-15,300000000000000.0,50,52000000000000.0
755215.537,3089671700000.0,8.1362884e+31,3.031302661419697,1.829331269701586e-15,0.0009906759615765672,2.143440958814611,1.2935395494528336e-15,3.2034049837662275,1.933214645424014e-15,300000000000000.0,50,52000000000000.0
756215.537,3083671400000.0,8.1044614e+31,3.0313621649223528,1.821994994876185e-15,0.0009906565089688444,2.1434830343727156,1.2883519914346762e-15,3.2034678663314944,1.9254617606019766e-15,300000000000000.0,50,52000000000000.0
757215.537,3077267800000.0,8.0786327e+31,3.0314216684250086,1.814658720050784e-15,0.0009906370563611214,2.1435251099308203,1.283164433416519e-15,3.203530748896761,1.9177088757799392e-15,300000000000000.0,50,52000000000000.0
758215.537,3070804900000.0,8.0513746e+31,3.0314811719276644,1.807322445225383e-15,0.0009906176037533987,2.1435671854889247,1.2779768753983618e-15,3.2035936314620277,1.9099559909579023e-15,300000000000000.0,50,52000000000000.0
759215.537,3064435800000.0,8.0253466e+31,3.0315406754303202,1.799986170399982e-15,0.000990598151145676,2.1436092610470294,1.2727893173802044e-15,3.2036565140272946,1.902203106135865e-15,300000000000000.0,50,52000000000000.0
760215.537,3058308500000.0,8.0028052e+31,3.0315982555775514,1.7937469086380243e-15,0.0009905793333606517,2.1436499765800403,1.2683774689602048e-15,3.203717364014252,1.8956095311755327e-15,300000000000000.0,50,52000000000000.0
761215.537,3052410800000.0,7.9804724e+31,3.031654946813342,1.788014650131657e-15,0.0009905608089697407,2.1436900635543106,1.264324127931561e-15,3.2037772746105544,1.8895517509962372e-15,300000000000000.0,50,52000000000000.0
762215.537,3046966000000.0,7.9646117e+31,3.0317116380491327,1.7822823916252895e-15,0.0009905422845788298,2.1437301505285804,1.260270786902917e-15,3.203837185206857,1.8834939708169414e-15,300000000000000.0,50,52000000000000.0
763215.537,3041674500000.0,7.949449e+31,3.031768329284924,1.776550133118922e-15,0.0009905237601879188,2.1437702375028502,1.256217445874273e-15,3.203897095803159,1.877436190637646e-15,300000000000000.0,50,52000000000000.0
764215.537,3036269400000.0,7.9383127e+31,3.0318250205207145,1.7708178746125547e-15,0.0009905052357970078,2.14381032447712,1.252164104845629e-15,3.203957006399462,1.8713784104583502e-15,300000000000000.0,50,52000000000000.0
765215.537,3031005300000.0,7.9242053e+31,3.031881711756505,1.7650856161061872e-15,0.0009904867114060968,2.14385041145139,1.2481107638169853e-15,3.2040169169957644,1.865320630279055e-15,300000000000000.0,50,52000000000000.0
766215.537,3025996300000.0,7.9068991e+31,3.031938402992296,1.7593533575998198e-15,0.0009904681870151859,2.1438904984256597,1.2440574227883413e-15,3.204076827592067,1.859262850099759e-15,300000000000000.0,50,52000000000000.0
767215.537,3021538900000.0,7.8901058e+31,3.031995094228087,1.7536210990934524e-15,0.000990449662624275,2.14393058539993,1.2400040817596973e-15,3.2041367381883696,1.8532050699204636e-15,300000000000000.0,50,52000000000000.0
768215.537,3017275000000.0,7.866376e+31,3.0320517854638775,1.747888840587085e-15,0.000990431138233364,2.1439706723742,1.2359507407310533e-15,3.204196648784672,1.8471472897411678e-15,300000000000000.0,50,52000000000000.0
769215.537,3013322100000.0,7.8476437e+31,3.0321084766996687,1.7421565820807174e-15,0.000990412613842453,2.1440107593484696,1.2318973997024096e-15,3.2042565593809744,1.8410895095618724e-15,300000000000000.0,50,52000000000000.0
770215.537,3009354000000.0,7.8283372e+31,3.0321651679354593,1.73642432357435e-15,0.000990394089451542,2.1440508463227395,1.2278440586737656e-15,3.204316469977277,1.8350317293825766e-15,300000000000000.0,50,52000000000000.0
771215.537,3004981800000.0,7.8100368e+31,3.03222185917125,1.7306920650679826e-15,0.000990375565060631,2.1440909332970093,1.2237907176451216e-15,3.2043763805735797,1.828973949203281e-15,300000000000000.0,50,52000000000000.0
772215.537,3000410700000.0,7.7867648e+31,3.0322778119722087,1.7252118592292e-15,0.000990357284678196,2.144130498116146,1.2199156057399694e-15,3.2044355108010474,1.8231825351757425e-15,300000000000000.0,50,52000000000000.0
773215.537,2995893300000.0,7.7638463e+31,3.032332270081264,1.7202418420557469e-15,0.0009903394982018953,2.1441690060227225,1.216401253669293e-15,3.2044930614565237,1.8179302822400335e-15,300000000000000.0,50,52000000000000.0
774215.537,2991717900000.0,7.7433455e+31,3.0323867281903194,1.7152718248822937e-15,0.0009903217117255944,2.144207513929299,1.2128869015986164e-15,3.204550612112,1.812678029304325e-15,300000000000000.0,50,52000000000000.0
775215.537,2987777900000.0,7.7227283e+31,3.0324411862993745,1.7103018077088405e-15,0.0009903039252492937,2.144246021835875,1.20937254952794e-15,3.2046081627674763,1.8074257763686163e-15,300000000000000.0,50,52000000000000.0
776215.537,2983869200000.0,7.7017211e+31,3.03249564440843,1.7053317905353874e-15,0.000990286138772993,2.1442845297424515,1.2058581974572634e-15,3.2046657134229526,1.8021735234329077e-15,300000000000000.0,50,52000000000000.0
777215.537,2979760800000.0,7.6803436e+31,3.0325501025174852,1.7003617733619342e-15,0.0009902683522966923,2.1443230376490274,1.202343845386587e-15,3.204723264078429,1.7969212704971987e-15,300000000000000.0,50,52000000000000.0
778215.537,2975293300000.0,7.6559928e+31,3.032604560626541,1.695391756188481e-15,0.0009902505658203917,2.1443615455556038,1.1988294933159104e-15,3.204780814733905,1.79166901756149e-15,300000000000000.0,50,52000000000000.0
779215.537,2970493600000.0,7.6329328e+31,3.032659018735596,1.6904217390150277e-15,0.000990232779344091,2.14440005346218,1.195315141245234e-15,3.2048383653893815,1.7864167646257815e-15,300000000000000.0,50,52000000000000.0
780215.537,2965624100000.0,7.6087152e+31,3.0327134768446515,1.6854517218415746e-15,0.0009902149928677903,2.1444385613687564,1.1918007891745577e-15,3.204895916044858,1.781164511690073e-15,300000000000000.0,50,52000000000000.0
781215.537,2960670700000.0,7.5822786e+31,3.0327679349537067,1.6804817046681214e-15,0.0009901972063914896,2.1444770692753328,1.188286437103881e-15,3.204953466700334,1.775912258754364e-15,300000000000000.0,50,52000000000000.0
782215.537,2956047600000.0,7.5649017e+31,3.0328223930627622,1.6755116874946683e-15,0.0009901794199151889,2.1445155771819087,1.1847720850332047e-15,3.2050110173558104,1.7706600058186555e-15,300000000000000.0,50,52000000000000.0
783215.537,2951840600000.0,7.5457935e+31,3.0328768511718174,1.6705416703212151e-15,0.0009901616334388882,2.144554085088485,1.181257732962528e-15,3.2050685680112867,1.7654077528829466e-15,300000000000000.0,50,52000000000000.0
784215.537,2948191200000.0,7.5327254e+31,3.032931309280873,1.665571653147762e-15,0.0009901438469625873,2.1445925929950613,1.1777433808918517e-15,3.205126118666763,1.760155499947238e-15,300000000000000.0,50,52000000000000.0
785215.537,2945201800000.0,7.5161543e+31,3.0329842394690436,1.6620036053938624e-15,0.0009901265655197504,2.144630020492509,1.175220376282663e-15,3.2051820546342666,1.756384830958667e-15,300000000000000.0,50,52000000000000.0
786215.537,2942925400000.0,7.5029253e+31,3.0330367299085763,1.6588390563739779e-15,0.000990109429429844,2.1446671370390114,1.1729826899123032e-15,3.2052375258808263,1.753040574442914e-15,300000000000000.0,50,52000000000000.0
787215.537,2940349400000.0,7.4947505e+31,3.033089220348109,1.6556745073540932e-15,0.0009900922933399373,2.1447042535855134,1.1707450035419435e-15,3.205292997127386,1.7496963179271608e-15,300000000000000.0,50,52000000000000.0
788215.537,2937134900000.0,7.4844515e+31,3.0331417107876417,1.6525099583342087e-15,0.000990075157250031,2.144741370132016,1.1685073171715838e-15,3.2053484683739453,1.7463520614114077e-15,300000000000000.0,50,52000000000000.0
789215.537,2934198200000.0,7.4670341e+31,3.0331942012271744,1.6493454093143242e-15,0.0009900580211601243,2.1447784866785184,1.1662696308012241e-15,3.205403939620505,1.7430078048956545e-15,300000000000000.0,50,52000000000000.0
790215.537,2931901100000.0,7.4489966e+31,3.033246691666707,1.6461808602944397e-15,0.0009900408850702178,2.144815603225021,1.1640319444308644e-15,3.2054594108670647,1.7396635483799015e-15,300000000000000.0,50,52000000000000.0
791215.537,2931526400000.0,7.404719e+31,3.0332991821062403,1.643016311274555e-15,0.0009900237489803112,2.1448527197715235,1.1617942580605047e-15,3.205514882113624,1.7363192918641484e-15,300000000000000.0,50,52000000000000.0
792215.537,2932107700000.0,7.4111422e+31,3.033351672545773,1.6398517622546705e-15,0.0009900066128904045,2.144889836318026,1.159556571690145e-15,3.2055703533601836,1.7329750353483952e-15,300000000000000.0,50,52000000000000.0
793215.537,2927128000000.0,7.4244544e+31,3.0334041629853057,1.636687213234786e-15,0.000989989476800498,2.1449269528645285,1.1573188853197853e-15,3.2056258246067433,1.7296307788326422e-15,300000000000000.0,50,52000000000000.0
794215.537,2921364700000.0,7.3669718e+31,3.0334566534248384,1.6335226642149013e-15,0.0009899723407105915,2.144964069411031,1.1550811989494256e-15,3.205681295853303,1.726286522316889e-15,300000000000000.0,50,52000000000000.0
795215.537,2916974200000.0,7.3658597e+31,3.033509143864371,1.6303581151950167e-15,0.000989955204620685,2.145001185957533,1.1528435125790661e-15,3.205736767099862,1.722942265801136e-15,300000000000000.0,50,52000000000000.0
796215.537,2912850100000.0,7.2971233e+31,3.033561634303904,1.6271935661751322e-15,0.0009899380685307784,2.1450383025040356,1.1506058262087064e-15,3.205792238346422,1.7195980092853829e-15,300000000000000.0,50,52000000000000.0
797215.537,2911858400000.0,7.2777944e+31,3.033614101610629,1.6240082134980758e-15,0.000989920940126959,2.145075402693083,1.1483534293520464e-15,3.2058476851465145,1.7162317677228169e-15,300000000000000.0,50,52000000000000.0
798215.537,2911895800000.0,7.2131902e+31,3.033665318802865,1.619698615394861e-15,0.0009899042270851257,2.1451116189128396,1.145306066648612e-15,3.205901810840978,1.7116774375410698e-15,300000000000000.0,50,52000000000000.0
799215.537,2909673600000.0,7.2591096e+31,3.0337165359951013,1.6153890172916466e-15,0.0009898875140432924,2.145147835132596,1.1422587039451776e-15,3.205955936535441,1.7071231073593229e-15,300000000000000.0,50,52000000000000.0
800215.537,2904354600000.0,7.2743193e+31,3.0337677531873375,1.611079419188432e-15,0.000989870801001459,2.1451840513523526,1.1392113412417432e-15,3.2060100622299044,1.7025687771775758e-15,300000000000000.0,50,52000000000000.0
801215.537,2899426500000.0,7.243565e+31,3.0338189703795737,1.6067698210852173e-15,0.0009898540879596258,2.145220267572109,1.136163978538309e-15,3.2060641879243676,1.6980144469958287e-15,300000000000000.0,50,52000000000000.0
802215.537,2894003300000.0,7.1400156e+31,3.03387018757181,1.6024602229820027e-15,0.0009898373749177925,2.1452564837918655,1.1331166158348745e-15,3.206118313618831,1.6934601168140816e-15,300000000000000.0,50,52000000000000.0
803215.537,2891737500000.0,7.1547529e+31,3.033921404764046,1.598150624878788e-15,0.0009898206618759592,2.145292700011622,1.1300692531314401e-15,3.206172439313294,1.6889057866323345e-15,300000000000000.0,50,52000000000000.0
804215.537,2889589800000.0,7.0836041e+31,3.0339726219562824,1.5938410267755733e-15,0.0009898039488341257,2.1453289162313784,1.1270218904280057e-15,3.206226565007757,1.6843514564505874e-15,300000000000000.0,50,52000000000000.0
805215.537,2888151700000.0,7.0695094e+31,3.0340238391485186,1.5895314286723587e-15,0.0009897872357922924,2.145365132451135,1.1239745277245713e-15,3.2062806907022203,1.6797971262688405e-15,300000000000000.0,50,52000000000000.0
806215.537,2888300200000.0,7.0292734e+31,3.034075056340755,1.585221830569144e-15,0.000989770522750459,2.1454013486708914,1.120927165021137e-15,3.2063348163966836,1.6752427960870934e-15,300000000000000.0,50,52000000000000.0
807215.537,2882181800000.0,7.0788668e+31,3.034126273532991,1.5809122324659294e-15,0.0009897538097086258,2.145437564890648,1.1178798023177025e-15,3.206388942091147,1.6706884659053463e-15,300000000000000.0,50,52000000000000.0
808215.537,2874349800000.0,7.0793439e+31,3.0341774907252272,1.5766026343627147e-15,0.0009897370966667925,2.1454737811104043,1.114832439614268e-15,3.20644306778561,1.6661341357235992e-15,300000000000000.0,50,52000000000000.0
809215.537,2864705100000.0,6.9870446e+31,3.0342287079174635,1.5722930362595003e-15,0.0009897203836249592,2.145509997330161,1.1117850769108337e-15,3.2064971934800734,1.661579805541852e-15,300000000000000.0,50,52000000000000.0
810215.537,2861490600000.0,6.9439019e+31,3.0342798329166567,1.5680974299589268e-15,0.0009897037010368535,2.145546148359235,1.1088183190205318e-15,3.2065512217460648,1.6571459404864373e-15,300000000000000.0,50,52000000000000.0
811215.537,2862909500000.0,6.9466579e+31,3.0343292879528136,1.5659666442919122e-15,0.000989687570080388,2.145581118539666,1.1073116177085405e-15,3.206603485215693,1.654894152323496e-15,300000000000000.0,50,52000000000000.0
812215.537,2863190400000.0,6.9507567e+31,3.0343787429889706,1.5638358586248976e-15,0.0009896714391239227,2.145616088720097,1.1058049163965491e-15,3.2066557486853213,1.6526423641605547e-15,300000000000000.0,50,52000000000000.0
813215.537,2858771000000.0,6.9716604e+31,3.0344281980251275,1.5617050729578833e-15,0.0009896553081674571,2.145651058900528,1.104298215084558e-15,3.2067080121549494,1.6503905759976133e-15,300000000000000.0,50,52000000000000.0
814215.537,2853070500000.0,6.9451812e+31,3.034477653061284,1.5595742872908687e-15,0.0009896391772109918,2.145686029080959,1.1027915137725666e-15,3.2067602756245774,1.6481387878346719e-15,300000000000000.0,50,52000000000000.0
815215.537,2848458200000.0,6.957962e+31,3.034527108097441,1.557443501623854e-15,0.0009896230462545265,2.14572099926139,1.1012848124605752e-15,3.2068125390942055,1.6458869996717307e-15,300000000000000.0,50,52000000000000.0
816215.537,2842586300000.0,6.9627162e+31,3.034576563133598,1.5553127159568395e-15,0.000989606915298061,2.145755969441821,1.099778111148584e-15,3.2068648025638335,1.6436352115087893e-15,300000000000000.0,50,52000000000000.0
817215.537,2836425900000.0,6.936126e+31,3.0346260181697544,1.553181930289825e-15,0.0009895907843415956,2.145790939622252,1.0982714098365927e-15,3.2069170660334616,1.641383423345848e-15,300000000000000.0,50,52000000000000.0
818215.537,2832317200000.0,6.8817703e+31,3.0346754732059114,1.5510511446228105e-15,0.00098957465338513,2.145825909802683,1.0967647085246016e-15,3.2069693295030897,1.6391316351829066e-15,300000000000000.0,50,52000000000000.0
819215.537,2831948300000.0,6.817465e+31,3.0347249282420683,1.548920358955796e-15,0.0009895585224286648,2.1458608799831134,1.0952580072126102e-15,3.2070215929727177,1.6368798470199654e-15,300000000000000.0,50,52000000000000.0
820215.537,2833623700000.0,6.7526337e+31,3.0347743832782252,1.5467895732887813e-15,0.0009895423914721994,2.1458958501635443,1.0937513059006189e-15,3.2070738564423458,1.634628058857024e-15,300000000000000.0,50,52000000000000.0
821215.537,2835173000000.0,6.7477309e+31,3.0348238383143817,1.5446587876217668e-15,0.0009895262605157339,2.1459308203439753,1.0922446045886277e-15,3.207126119911974,1.6323762706940826e-15,300000000000000.0,50,52000000000000.0
822215.537,2836633600000.0,6.751724e+31,3.0348732933505387,1.5425280019547522e-15,0.0009895101295592686,2.1459657905244063,1.0907379032766364e-15,3.207178383381602,1.6301244825311414e-15,300000000000000.0,50,52000000000000.0
823215.537,2836435900000.0,6.7580217e+31,3.0349227483866956,1.5403972162877378e-15,0.000989493998602803,2.1460007607048373,1.089231201964645e-15,3.20723064685123,1.6278726943682e-15,300000000000000.0,50,52000000000000.0
824215.537,2834784200000.0,6.7571816e+31,3.0349714281513918,1.540211192992894e-15,0.0009894781264766733,2.146035182682535,1.0890996627486331e-15,3.207282091023486,1.6276761069949785e-15,300000000000000.0,50,52000000000000.0
825215.537,2833679100000.0,6.7204595e+31,3.035019997757954,1.540301500512893e-15,0.0009894622911276836,2.146069526766239,1.0891635199820594e-15,3.2073334187819764,1.6277715426046242e-15,300000000000000.0,50,52000000000000.0
826215.537,2836380100000.0,6.661668e+31,3.035068567364516,1.5403918080328921e-15,0.0009894464557786936,2.146103870849943,1.0892273772154855e-15,3.207384746540467,1.6278669782142699e-15,300000000000000.0,50,52000000000000.0
827215.537,2837656600000.0,6.5859533e+31,3.035117136971078,1.5404821155528913e-15,0.0009894306204297036,2.146138214933647,1.0892912344489118e-15,3.2074360742989576,1.6279624138239156e-15,300000000000000.0,50,52000000000000.0
828215.537,2838250900000.0,6.5564737e+31,3.0351657065776405,1.5405724230728904e-15,0.0009894147850807136,2.146172559017351,1.089355091682338e-15,3.207487402057448,1.628057849433561e-15,300000000000000.0,50,52000000000000.0
829215.537,2838784400000.0,6.53394e+31,3.0352142761842025,1.5406627305928895e-15,0.0009893989497317237,2.1462069031010547,1.0894189489157644e-15,3.207538729815939,1.6281532850432067e-15,300000000000000.0,50,52000000000000.0
830215.537,2838885800000.0,6.5467395e+31,3.035262845790765,1.5407530381128886e-15,0.000989383114382734,2.1462412471847587,1.0894828061491907e-15,3.2075900575744294,1.6282487206528524e-15,300000000000000.0,50,52000000000000.0
831215.537,2838804200000.0,6.5514762e+31,3.035311415397327,1.5408433456328877e-15,0.000989367279033744,2.146275591268463,1.0895466633826168e-15,3.20764138533292,1.6283441562624981e-15,300000000000000.0,50,52000000000000.0
832215.537,2836688800000.0,6.5308664e+31,3.0353599850038893,1.5409336531528868e-15,0.000989351443684754,2.146309935352167,1.089610520616043e-15,3.2076927130914106,1.6284395918721438e-15,300000000000000.0,50,52000000000000.0
833215.537,2837714400000.0,6.4628818e+31,3.0354085546104512,1.541023960672886e-15,0.000989335608335764,2.146344279435871,1.0896743778494693e-15,3.207744040849901,1.6285350274817895e-15,300000000000000.0,50,52000000000000.0
834215.537,2839210800000.0,6.3768831e+31,3.035457124217013,1.541114268192885e-15,0.000989319772986774,2.1463786235195745,1.0897382350828956e-15,3.2077953686083913,1.6286304630914352e-15,300000000000000.0,50,52000000000000.0
835215.537,2838326300000.0,6.3237277e+31,3.0355056938235756,1.5412045757128844e-15,0.0009893039376377842,2.1464129676032786,1.0898020923163217e-15,3.207846696366882,1.6287258987010809e-15,300000000000000.0,50,52000000000000.0
836215.537,2837710900000.0,6.292084e+31,3.0355542634301376,1.5412948832328835e-15,0.0009892881022887942,2.1464473116869827,1.089865949549748e-15,3.2078980241253725,1.6288213343107265e-15,300000000000000.0,50,52000000000000.0
837215.537,2837588300000.0,6.2557137e+31,3.0356028515158107,1.5399175178699697e-15,0.0009892722642055526,2.146481668837427,1.0888919997325973e-15,3.2079493714123055,1.6273657514070029e-15,300000000000000.0,50,52000000000000.0
838215.537,2836908000000.0,6.2276835e+31,3.0356514592592254,1.5369788688180227e-15,0.0009892564232136638,2.146516039888031,1.0868140496717314e-15,3.20800073947324,1.624260223250148e-15,300000000000000.0,50,52000000000000.0
839215.537,2834834000000.0,6.2608692e+31,3.03570006700264,1.5340402197660755e-15,0.0009892405822217749,2.1465504109386355,1.0847360996108656e-15,3.2080521075341752,1.6211546950932931e-15,300000000000000.0,50,52000000000000.0
840215.537,2832950500000.0,6.2533815e+31,3.035748674746055,1.5311015707141284e-15,0.000989224741229886,2.1465847819892403,1.0826581495499999e-15,3.20810347559511,1.618049166936438e-15,300000000000000.0,50,52000000000000.0
841215.537,2831140500000.0,6.206149e+31,3.03579728248947,1.5281629216621814e-15,0.0009892089002379973,2.1466191530398446,1.0805801994891341e-15,3.2081548436560445,1.6149436387795832e-15,300000000000000.0,50,52000000000000.0
842215.537,2829796500000.0,6.1588753e+31,3.035845890232885,1.5252242726102344e-15,0.0009891930592461084,2.146653524090449,1.0785022494282684e-15,3.208206211716979,1.6118381106227283e-15,300000000000000.0,50,52000000000000.0
843215.537,2828382600000.0,6.1172163e+31,3.0358944979762996,1.5222856235582872e-15,0.0009891772182542195,2.1466878951410533,1.0764242993674024e-15,3.208257579777914,1.6087325824658732e-15,300000000000000.0,50,52000000000000.0
844215.537,2826937600000.0,6.0526907e+31,3.0359431057197144,1.5193469745063402e-15,0.0009891613772623307,2.1467222661916576,1.0743463493065367e-15,3.2083089478388485,1.6056270543090184e-15,300000000000000.0,50,52000000000000.0
845215.537,2826063000000.0,5.989172e+31,3.035991713463129,1.5164083254543932e-15,0.000989145536270442,2.1467566372422624,1.072268399245671e-15,3.208360315899783,1.6025215261521635e-15,300000000000000.0,50,52000000000000.0
846215.537,2824875300000.0,6.1179426e+31,3.036040321206544,1.5134696764024462e-15,0.000989129695278553,2.1467910082928667,1.0701904491848052e-15,3.2084116839607177,1.5994159979953084e-15,300000000000000.0,50,52000000000000.0
847215.537,2822023700000.0,5.9428077e+31,3.0360889289499586,1.5105310273504991e-15,0.0009891138542866642,2.146825379343471,1.0681124991239393e-15,3.2084630520216524,1.5963104698384535e-15,300000000000000.0,50,52000000000000.0
848215.537,2816061100000.0,5.9032123e+31,3.0361375366933734,1.507592378298552e-15,0.0009890980132947755,2.1468597503940754,1.0660345490630735e-15,3.208514420082587,1.5932049416815987e-15,300000000000000.0,50,52000000000000.0
849215.537,2807060700000.0,5.8137012e+31,3.036186144436788,1.504653729246605e-15,0.0009890821723028867,2.1468941214446797,1.0639565990022078e-15,3.2085657881435217,1.5900994135247436e-15,300000000000000.0,50,52000000000000.0
850215.537,2801460500000.0,5.7302726e+31,3.0362347521802033,1.501715080194658e-15,0.0009890663313109978,2.1469284924952845,1.061878648941342e-15,3.2086171562044568,1.5869938853678887e-15,300000000000000.0,50,52000000000000.0
851215.537,2796935900000.0,5.6989905e+31,3.0362822554988806,1.4996830617944353e-15,0.000989050856132654,2.1469620825953877,1.0604417870333754e-15,3.2086673571229194,1.5848464732630067e-15,300000000000000.0,50,52000000000000.0
852215.537,2793638300000.0,5.6244605e+31,3.0363296020673856,1.4977797208011057e-15,0.0009890354328739516,2.146995561855773,1.0590959142850496e-15,3.2087173923897283,1.5828350458491739e-15,300000000000000.0,50,52000000000000.0
853215.537,2791687500000.0,5.5924463e+31,3.0363769486358905,1.4958763798077763e-15,0.0009890200096152493,2.1470290411161588,1.0577500415367238e-15,3.2087674276565377,1.580823618435341e-15,300000000000000.0,50,52000000000000.0
854215.537,2789435500000.0,5.5566247e+31,3.036424295204395,1.4939730388144467e-15,0.000989004586356547,2.1470625203765445,1.0564041687883978e-15,3.2088174629233466,1.5788121910215081e-15,300000000000000.0,50,52000000000000.0
855215.537,2786987500000.0,5.5119936e+31,3.0364716417729,1.4920696978211171e-15,0.0009889891630978445,2.1470959996369303,1.055058296040072e-15,3.2088674981901555,1.576800763607675e-15,300000000000000.0,50,52000000000000.0
856215.537,2785158600000.0,5.4643674e+31,3.0365189883414048,1.4901663568277875e-15,0.0009889737398391422,2.1471294788973156,1.053712423291746e-15,3.208917533456965,1.5747893361938422e-15,300000000000000.0,50,52000000000000.0
857215.537,2784315300000.0,5.4309753e+31,3.0365663349099097,1.4882630158344581e-15,0.0009889583165804399,2.1471629581577014,1.0523665505434203e-15,3.2089675687237738,1.5727779087800093e-15,300000000000000.0,50,52000000000000.0
858215.537,2783597500000.0,5.3948433e+31,3.0366136814784146,1.4863596748411286e-15,0.0009889428933217376,2.147196437418087,1.0510206777950945e-15,3.2090176039905827,1.5707664813661765e-15,300000000000000.0,50,52000000000000.0
859215.537,2782471600000.0,5.345924e+31,3.036661028046919,1.484456333847799e-15,0.000988927470063035,2.1472299166784725,1.0496748050467685e-15,3.209067639257392,1.5687550539523436e-15,300000000000000.0,50,52000000000000.0
860215.537,2781357900000.0,5.3052502e+31,3.036708374615424,1.4825529928544694e-15,0.0009889120468043328,2.1472633959388583,1.0483289322984427e-15,3.209117674524201,1.5667436265385107e-15,300000000000000.0,50,52000000000000.0
861215.537,2780459300000.0,5.2632161e+31,3.036755721183929,1.48064965186114e-15,0.0009888966235456305,2.147296875199244,1.046983059550117e-15,3.2091677097910103,1.5647321991246779e-15,300000000000000.0,50,52000000000000.0
862215.537,2779370800000.0,5.2214873e+31,3.036803067752434,1.4787463108678104e-15,0.0009888812002869281,2.14733035445963,1.045637186801791e-15,3.209217745057819,1.562720771710845e-15,300000000000000.0,50,52000000000000.0
863215.537,2778074900000.0,5.1869513e+31,3.0368504143209387,1.4768429698744808e-15,0.0009888657770282256,2.147363833720015,1.0442913140534651e-15,3.209267780324628,1.5607093442970121e-15,300000000000000.0,50,52000000000000.0
864215.537,2776461000000.0,5.1528628e+31,3.036897723087759,1.4748347218749631e-15,0.0009888503663810695,2.1473972862504263,1.0428712604499263e-15,3.2093177756430813,1.558587052460262e-15,300000000000000.0,50,52000000000000.0
865215.537,2774441900000.0,5.1210214e+31,3.0369442395171715,1.4706275838723693e-15,0.0009888352200766286,2.147430178510592,1.0398963484353595e-15,3.2093669336290804,1.5541410009423696e-15,300000000000000.0,50,52000000000000.0
866215.537,2771563800000.0,5.087434e+31,3.036990755946584,1.4664204458697753e-15,0.0009888200737721876,2.147463070770758,1.0369214364207928e-15,3.20941609161508,1.5496949494244771e-15,300000000000000.0,50,52000000000000.0
867215.537,2767653000000.0,5.0546811e+31,3.0370372723759966,1.4622133078671816e-15,0.0009888049274677467,2.147495963030923,1.033946524406226e-15,3.2094652496010796,1.5452488979065846e-15,300000000000000.0,50,52000000000000.0
868215.537,2763164500000.0,5.0224024e+31,3.037083788805409,1.4580061698645878e-15,0.0009887897811633058,2.147528855291089,1.0309716123916594e-15,3.2095144075870787,1.5408028463886922e-15,300000000000000.0,50,52000000000000.0
869215.537,2758728400000.0,4.9766602e+31,3.0371303052348213,1.4537990318619938e-15,0.0009887746348588647,2.1475617475512547,1.0279967003770926e-15,3.2095635655730783,1.5363567948707997e-15,300000000000000.0,50,52000000000000.0
870215.537,2755243000000.0,4.9238974e+31,3.0371768216642336,1.4495918938594e-15,0.0009887594885544238,2.1475946398114205,1.0250217883625258e-15,3.2096127235590775,1.5319107433529073e-15,300000000000000.0,50,52000000000000.0
871215.537,2752559600000.0,4.8753403e+31,3.037223338093646,1.445384755856806e-15,0.0009887443422499829,2.147627532071586,1.022046876347959e-15,3.209661881545077,1.5274646918350146e-15,300000000000000.0,50,52000000000000.0
872215.537,2750068100000.0,4.8323788e+31,3.0372698545230588,1.4411776178542123e-15,0.000988729195945542,2.1476604243317516,1.0190719643333923e-15,3.209711039531076,1.5230186403171222e-15,300000000000000.0,50,52000000000000.0
873215.537,2747134000000.0,4.7980834e+31,3.037316370952471,1.4369704798516185e-15,0.000988714049641101,2.1476933165919174,1.0160970523188257e-15,3.2097601975170758,1.5185725887992297e-15,300000000000000.0,50,52000000000000.0
874215.537,2743146100000.0,4.7692063e+31,3.0373628873818834,1.4327633418490245e-15,0.00098869890333666,2.147726208852083,1.013122140304259e-15,3.209809355503075,1.5141265372813373e-15,300000000000000.0,50,52000000000000.0
875215.537,2737159000000.0,4.7347592e+31,3.0374094038112958,1.4285562038464307e-15,0.000988683757032219,2.147759101112249,1.0101472282896921e-15,3.2098585134890745,1.5096804857634448e-15,300000000000000.0,50,52000000000000.0
876215.537,2731070500000.0,4.6730795e+31,3.0374559202407085,1.4243490658438368e-15,0.000988668610727778,2.1477919933724143,1.0071723162751254e-15,3.209907671475074,1.5052344342455524e-15,300000000000000.0,50,52000000000000.0
877215.537,2726014400000.0,4.6354711e+31,3.037502436670121,1.420141927841243e-15,0.0009886534644233372,2.14782488563258,1.0041974042605586e-15,3.209956829461073,1.50078838272766e-15,300000000000000.0,50,52000000000000.0
878215.537,2720657800000.0,4.5987159e+31,3.037548953099533,1.4159347898386492e-15,0.0009886383181188963,2.147857777892746,1.001222492245992e-15,3.2100059874470728,1.4963423312097675e-15,300000000000000.0,50,52000000000000.0
879215.537,2715072000000.0,4.5532235e+31,3.0375936226054265,1.41127570756743e-15,0.0009886237793935572,2.147889364173653,9.979280056695749e-16,3.210053193627091,1.491418670620675e-15,300000000000000.0,50,52000000000000.0
880215.537,2709714500000.0,4.5107426e+31,3.037638274254471,1.4066122557052144e-15,0.0009886092465425536,2.1479209378277933,9.946304293092508e-16,3.2101003809362125,1.4864903923022692e-15,300000000000000.0,50,52000000000000.0
881215.537,2704103200000.0,4.4667258e+31,3.0376829259035154,1.4019488038429989e-15,0.00098859471369155,2.1479525114819333,9.913328529489265e-16,3.2101475682453335,1.4815621139838633e-15,300000000000000.0,50,52000000000000.0
882215.537,2698422900000.0,4.4220606e+31,3.0377275775525603,1.3972853519807833e-15,0.0009885801808405465,2.1479840851360734,9.880352765886024e-16,3.2101947555544545,1.4766338356654574e-15,300000000000000.0,50,52000000000000.0
883215.537,2693121100000.0,4.3754946e+31,3.0377722292016047,1.3926219001185678e-15,0.0009885656479895427,2.1480156587902135,9.847377002282781e-16,3.210241942863576,1.4717055573470515e-15,300000000000000.0,50,52000000000000.0
884215.537,2688229200000.0,4.3299432e+31,3.037816880850649,1.3879584482563522e-15,0.0009885511151385392,2.1480472324443536,9.814401238679538e-16,3.210289130172697,1.4667772790286456e-15,300000000000000.0,50,52000000000000.0
885215.537,2683727300000.0,4.2919044e+31,3.0378615324996936,1.3832949963941367e-15,0.0009885365822875356,2.1480788060984937,9.781425475076298e-16,3.2103363174818185,1.46184900071024e-15,300000000000000.0,50,52000000000000.0
886215.537,2679528400000.0,4.2451781e+31,3.0379061841487385,1.378631544531921e-15,0.0009885220494365318,2.1481103797526337,9.748449711473055e-16,3.2103835047909395,1.456920722391834e-15,300000000000000.0,50,52000000000000.0
887215.537,2675610000000.0,4.2029261e+31,3.037950835797783,1.3739680926697055e-15,0.0009885075165855283,2.148141953406774,9.715473947869814e-16,3.210430692100061,1.4519924440734281e-15,300000000000000.0,50,52000000000000.0
888215.537,2671849600000.0,4.1641623e+31,3.0379954874468273,1.36930464080749e-15,0.0009884929837345247,2.148173527060914,9.68249818426657e-16,3.210477879409182,1.4470641657550223e-15,300000000000000.0,50,52000000000000.0
889215.537,2668140300000.0,4.1281858e+31,3.0380401390958722,1.3646411889452744e-15,0.0009884784508835212,2.148205100715054,9.64952242066333e-16,3.2105250667183034,1.4421358874366164e-15,300000000000000.0,50,52000000000000.0
890215.537,2664396000000.0,4.0926903e+31,3.0380847907449167,1.3599777370830589e-15,0.0009884639180325174,2.1482366743691936,9.616546657060087e-16,3.2105722540274244,1.4372076091182105e-15,300000000000000.0,50,52000000000000.0
891215.537,2660725300000.0,4.0571049e+31,3.038129442393961,1.3553142852208433e-15,0.0009884493851815138,2.1482682480233337,9.583570893456844e-16,3.210619441336546,1.4322793307998046e-15,300000000000000.0,50,52000000000000.0
892215.537,2657152700000.0,4.0200577e+31,3.038174094043006,1.3506508333586278e-15,0.0009884348523305103,2.148299821677474,9.550595129853604e-16,3.210666628645667,1.4273510524813987e-15,300000000000000.0,50,52000000000000.0
893215.537,2653618500000.0,3.9839438e+31,3.038217261125777,1.3456919603850858e-15,0.0009884208067731408,2.1483303455790286,9.51553041242041e-16,3.2107122470834897,1.4221105768176833e-15,300000000000000.0,50,52000000000000.0
894215.537,2650152700000.0,3.9488747e+31,3.0382598121180693,1.3406104885507973e-15,0.0009884069634411442,2.14836043383646,9.47959878551499e-16,3.2107572144445053,1.4167405402072526e-15,300000000000000.0,50,52000000000000.0
895215.537,2646735600000.0,3.9163605e+31,3.0383023631103616,1.3355290167165087e-15,0.0009883931201091478,2.1483905220938913,9.443667158609573e-16,3.210802181805521,1.411370503596822e-15,300000000000000.0,50,52000000000000.0
896215.537,2643105500000.0,3.8869568e+31,3.038344914102654,1.3304475448822201e-15,0.0009883792767771513,2.1484206103513226,9.407735531704153e-16,3.210847149166537,1.4060004669863913e-15,300000000000000.0,50,52000000000000.0
897215.537,2638876300000.0,3.862359e+31,3.0383874650949463,1.3253660730479315e-15,0.0009883654334451547,2.148450698608754,9.371803904798735e-16,3.210892116527553,1.4006304303759606e-15,300000000000000.0,50,52000000000000.0
898215.537,2633341300000.0,4.028417e+31,3.0384300160872386,1.320284601213643e-15,0.0009883515901131584,2.1484807868661853,9.335872277893315e-16,3.2109370838885685,1.39526039376553e-15,300000000000000.0,50,52000000000000.0
899215.537,2626794400000.0,3.8493903e+31,3.038472567079531,1.3152031293793544e-15,0.0009883377467811618,2.1485108751236166,9.299940650987897e-16,3.210982051249584,1.3898903571550993e-15,300000000000000.0,50,52000000000000.0
900215.537,2621165300000.0,3.7675409e+31,3.0385151180718233,1.3101216575450658e-15,0.0009883239034491652,2.148540963381048,9.264009024082476e-16,3.2110270186106002,1.3845203205446686e-15,300000000000000.0,50,52000000000000.0
901215.537,2616779800000.0,3.7331319e+31,3.0385576690641156,1.3050401857107773e-15,0.000988310060117169,2.1485710516384793,9.228077397177058e-16,3.211071985971616,1.379150283934238e-15,300000000000000.0,50,52000000000000.0
902215.537,2613660400000.0,3.7061372e+31,3.038600220056408,1.2999587138764887e-15,0.0009882962167851723,2.148601139895911,9.192145770271638e-16,3.2111169533326316,1.3737802473238073e-15,300000000000000.0,50,52000000000000.0
903215.537,2610844000000.0,3.6795952e+31,3.0386427710487003,1.2948772420422001e-15,0.0009882823734531758,2.1486312281533424,9.15621414336622e-16,3.2111619206936473,1.3684102107133766e-15,300000000000000.0,50,52000000000000.0
904215.537,2607628800000.0,3.657758e+31,3.0386853220409926,1.2897957702079115e-15,0.0009882685301211794,2.1486613164107737,9.1202825164608e-16,3.2112068880546634,1.3630401741029458e-15,300000000000000.0,50,52000000000000.0
905215.537,2601331400000.0,3.6695674e+31,3.038727873033285,1.284714298373623e-15,0.0009882546867891829,2.148691404668205,9.084350889555382e-16,3.211251855415679,1.357670137492515e-15,300000000000000.0,50,52000000000000.0
906215.537,2591565700000.0,3.6953339e+31,3.0387704240255773,1.2796328265393344e-15,0.0009882408434571863,2.1487214929256364,9.048419262649962e-16,3.2112968227766947,1.3523001008820844e-15,300000000000000.0,50,52000000000000.0
907215.537,2580680100000.0,3.664732e+31,3.0388125314333507,1.2744069539038688e-15,0.0009882271454532848,2.148751267519744,9.011466562425526e-16,3.211341321363075,1.346777463302174e-15,300000000000000.0,50,52000000000000.0
908215.537,2574449100000.0,3.6034144e+31,3.03885275624314,1.268568236036923e-15,0.0009882140642301024,2.1487797109088276,8.970180368830898e-16,3.211383830443181,1.3406071785090718e-15,300000000000000.0,50,52000000000000.0
909215.537,2570793900000.0,3.5748285e+31,3.0388929810529293,1.2627295181699774e-15,0.00098820098300692,2.148808154297911,8.92889417523627e-16,3.211426339523287,1.3344368937159697e-15,300000000000000.0,50,52000000000000.0
910215.537,2566267800000.0,3.5457237e+31,3.0389332058627185,1.2568908003030317e-15,0.0009881879017837375,2.1488365976869943,8.887607981641644e-16,3.211468848603393,1.3282666089228676e-15,300000000000000.0,50,52000000000000.0
911215.537,2562070100000.0,3.5266238e+31,3.038973430672508,1.2510520824360862e-15,0.0009881748205605551,2.148865041076078,8.846321788047017e-16,3.211511357683499,1.3220963241297657e-15,300000000000000.0,50,52000000000000.0
912215.537,2558195000000.0,3.5333913e+31,3.039013655482297,1.2452133645691405e-15,0.0009881617393373728,2.148893484465161,8.80503559445239e-16,3.2115538667636048,1.3159260393366636e-15,300000000000000.0,50,52000000000000.0
913215.537,2549119900000.0,3.5479273e+31,3.0390538802920863,1.2393746467021948e-15,0.0009881486581141904,2.1489219278542446,8.763749400857763e-16,3.211596375843711,1.3097557545435615e-15,300000000000000.0,50,52000000000000.0
914215.537,2541553900000.0,3.5365916e+31,3.039094105101876,1.2335359288352491e-15,0.000988135576891008,2.1489503712433278,8.722463207263135e-16,3.211638884923817,1.3035854697504594e-15,300000000000000.0,50,52000000000000.0
915215.537,2534656000000.0,3.5452501e+31,3.0391343299116653,1.2276972109683036e-15,0.0009881224956678255,2.1489788146324114,8.681177013668508e-16,3.211681394003923,1.2974151849573573e-15,300000000000000.0,50,52000000000000.0
916215.537,2525557900000.0,3.5044679e+31,3.0391745547214546,1.221858493101358e-15,0.0009881094144446431,2.1490072580214945,8.639890820073881e-16,3.211723903084029,1.2912449001642554e-15,300000000000000.0,50,52000000000000.0
917215.537,2516969700000.0,3.4546381e+31,3.039214779531244,1.2160197752344122e-15,0.0009880963332214608,2.149035701410578,8.598604626479254e-16,3.2117664121641347,1.2850746153711533e-15,300000000000000.0,50,52000000000000.0
918215.537,2511220300000.0,3.4243593e+31,3.039255004341033,1.2101810573674667e-15,0.0009880832519982784,2.1490641447996612,8.557318432884627e-16,3.211808921244241,1.2789043305780512e-15,300000000000000.0,50,52000000000000.0
919215.537,2505899700000.0,3.4073247e+31,3.0392952291508224,1.204342339500521e-15,0.000988070170775096,2.149092588188745,8.516032239289999e-16,3.211851430324347,1.272734045784949e-15,300000000000000.0,50,52000000000000.0
920215.537,2501392200000.0,3.381458e+31,3.0393354539606117,1.1985036216335753e-15,0.0009880570895519135,2.149121031577828,8.474746045695372e-16,3.211893939404453,1.266563760991847e-15,300000000000000.0,50,52000000000000.0
921215.537,2496407300000.0,3.354224e+31,3.039375678770401,1.1926649037666296e-15,0.0009880440083287311,2.1491494749669116,8.433459852100745e-16,3.211936448484559,1.2603934761987449e-15,300000000000000.0,50,52000000000000.0
922215.537,2492602200000.0,3.3353207e+31,3.039414712274386,1.1869948791443834e-15,0.0009880313166105079,2.1491770759710196,8.393366506403812e-16,3.2119776986074324,1.2544014643488911e-15,300000000000000.0,50,52000000000000.0
923215.537,2486410500000.0,3.3041236e+31,3.0394522207798946,1.1815407998657178e-15,0.0009880191235001712,2.1492035986325226,8.354800133227718e-16,3.212017337130786,1.2486376608783918e-15,300000000000000.0,50,52000000000000.0
924215.537,2480185200000.0,3.2895886e+31,3.039489729285403,1.1760867205870525e-15,0.0009880069303898344,2.1492301212940257,8.316233760051624e-16,3.2120569756541397,1.2428738574078927e-15,300000000000000.0,50,52000000000000.0
925215.537,2474326600000.0,3.2905922e+31,3.0395272377909115,1.170632641308387e-15,0.0009879947372794977,2.149256643955529,8.27766738687553e-16,3.212096614177493,1.2371100539373934e-15,300000000000000.0,50,52000000000000.0
926215.537,2470322700000.0,3.2793605e+31,3.0395647462964197,1.1651785620297214e-15,0.0009879825441691612,2.1492831666170322,8.239101013699437e-16,3.212136252700847,1.2313462504668943e-15,300000000000000.0,50,52000000000000.0
927215.537,2468757500000.0,3.2835748e+31,3.039602254801928,1.1597244827510558e-15,0.0009879703510588245,2.1493096892785353,8.200534640523343e-16,3.2121758912242004,1.225582446996395e-15,300000000000000.0,50,52000000000000.0
928215.537,2466031300000.0,3.2662834e+31,3.0396397633074366,1.1542704034723904e-15,0.0009879581579484878,2.1493362119400383,8.16196826734725e-16,3.2122155297475543,1.2198186435258959e-15,300000000000000.0,50,52000000000000.0
929215.537,2460710000000.0,3.2286661e+31,3.039677271812945,1.1488163241937249e-15,0.000987945964838151,2.1493627346015414,8.123401894171156e-16,3.2122551682709077,1.2140548400553966e-15,300000000000000.0,50,52000000000000.0
930215.537,2455661200000.0,3.200071e+31,3.0397147803184534,1.1433622449150593e-15,0.0009879337717278143,2.149389257263045,8.084835520995062e-16,3.2122948067942616,1.2082910365848975e-15,300000000000000.0,50,52000000000000.0
931215.537,2449468600000.0,3.1741458e+31,3.0397522888239616,1.137908165636394e-15,0.0009879215786174776,2.149415779924548,8.046269147818968e-16,3.212334445317615,1.2025272331143981e-15,300000000000000.0,50,52000000000000.0
932215.537,2442652300000.0,3.1474709e+31,3.0397897973294703,1.1324540863577284e-15,0.0009879093855071409,2.149442302586051,8.007702774642875e-16,3.212374083840969,1.196763429643899e-15,300000000000000.0,50,52000000000000.0
933215.537,2435236600000.0,3.1173816e+31,3.0398273058349785,1.1270000070790628e-15,0.0009878971923968044,2.149468825247554,7.969136401466781e-16,3.2124137223643223,1.1909996261733997e-15,300000000000000.0,50,52000000000000.0
934215.537,2427164300000.0,3.0915455e+31,3.0398648143404867,1.1215459278003974e-15,0.0009878849992864677,2.149495347909057,7.930570028290688e-16,3.212453360887676,1.1852358227029004e-15,300000000000000.0,50,52000000000000.0
935215.537,2419035800000.0,3.0702296e+31,3.0399023228459954,1.1160918485217319e-15,0.000987872806176131,2.1495218705705605,7.892003655114594e-16,3.2124929994110296,1.1794720192324013e-15,300000000000000.0,50,52000000000000.0
936215.537,2411252000000.0,3.0508794e+31,3.0399398313515036,1.1106377692430663e-15,0.0009878606130657942,2.1495483932320636,7.8534372819385e-16,3.2125326379343835,1.173708215761902e-15,300000000000000.0,50,52000000000000.0
937215.537,2403983800000.0,3.0363522e+31,3.0399761884285774,1.105346943424257e-15,0.000987848796132844,2.1495741017063055,7.81602529135341e-16,3.21257105964242,1.168116936535705e-15,300000000000000.0,50,52000000000000.0
938215.537,2397217900000.0,3.0235916e+31,3.0400111183040317,1.1002584711303144e-15,0.0009878374454737493,2.149598800991142,7.780044164080746e-16,3.2126079731014507,1.1627395020206111e-15,300000000000000.0,50,52000000000000.0
939215.537,2390673000000.0,3.0115369e+31,3.0400460481794855,1.0951699988363718e-15,0.0009878260948146544,2.149623500275978,7.744063036808083e-16,3.212644886560481,1.1573620675055174e-15,300000000000000.0,50,52000000000000.0
940215.537,2384241900000.0,3.0018823e+31,3.0400809780549394,1.0900815265424292e-15,0.0009878147441555597,2.149648199560814,7.70808190953542e-16,3.212681800019512,1.1519846329904236e-15,300000000000000.0,50,52000000000000.0
941215.537,2377953400000.0,2.9933754e+31,3.040115907930393,1.0849930542484867e-15,0.0009878033934964648,2.1496728988456506,7.672100782262756e-16,3.2127187134785427,1.1466071984753299e-15,300000000000000.0,50,52000000000000.0
942215.537,2371865700000.0,2.9852426e+31,3.0401508378058475,1.0799045819545441e-15,0.00098779204283737,2.1496975981304867,7.636119654990093e-16,3.2127556269375734,1.141229763960236e-15,300000000000000.0,50,52000000000000.0
943215.537,2365990300000.0,2.9764921e+31,3.0401857676813013,1.0748161096606016e-15,0.0009877806921782754,2.1497222974153227,7.60013852771743e-16,3.212792540396604,1.1358523294451423e-15,300000000000000.0,50,52000000000000.0
944215.537,2360371900000.0,2.9667978e+31,3.040220697556755,1.069727637366659e-15,0.0009877693415191804,2.1497469967001592,7.564157400444765e-16,3.2128294538556346,1.1304748949300485e-15,300000000000000.0,50,52000000000000.0
945215.537,2354877700000.0,2.9578523e+31,3.040255627432209,1.0646391650727164e-15,0.0009877579908600857,2.1497716959849953,7.528176273172102e-16,3.2128663673146654,1.1250974604149548e-15,300000000000000.0,50,52000000000000.0
946215.537,2349650800000.0,2.9502097e+31,3.040290557307663,1.0595506927787739e-15,0.000987746640200991,2.1497963952698314,7.492195145899439e-16,3.212903280773696,1.119720025899861e-15,300000000000000.0,50,52000000000000.0
947215.537,2344581500000.0,2.9423191e+31,3.040325487183117,1.0544622204848313e-15,0.000987735289541896,2.149821094554668,7.456214018626775e-16,3.2129401942327265,1.1143425913847672e-15,300000000000000.0,50,52000000000000.0
948215.537,2339282400000.0,2.9317201e+31,3.040360417058571,1.0493737481908888e-15,0.0009877239388828014,2.149845793839504,7.420232891354112e-16,3.2129771076917573,1.1089651568696734e-15,300000000000000.0,50,52000000000000.0
949215.537,2334179600000.0,2.9219964e+31,3.040395346934025,1.0442852758969462e-15,0.0009877125882237067,2.14987049312434,7.3842517640814485e-16,3.213014021150788,1.1035877223545797e-15,300000000000000.0,50,52000000000000.0
950215.537,2329446800000.0,2.9138334e+31,3.0404302768094786,1.0391968036030036e-15,0.0009877012375646118,2.1498951924091765,7.348270636808785e-16,3.213050934609819,1.0982102878394858e-15,300000000000000.0,50,52000000000000.0
951215.537,2324985500000.0,2.904993e+31,3.040465206684933,1.034108331309061e-15,0.000987689886905517,2.1499198916940125,7.312289509536122e-16,3.213087848068849,1.0928328533243921e-15,300000000000000.0,50,52000000000000.0
952215.537,2320769700000.0,2.8969456e+31,3.040499621557757,1.0294007067438184e-15,0.0009876787043778196,2.1499442268150273,7.279001396912819e-16,3.2131242172794776,1.0878578939683891e-15,300000000000000.0,50,52000000000000.0
953215.537,2316739800000.0,2.8878773e+31,3.040532106529984,1.026120255977069e-15,0.0009876681518991071,2.149967197282861,7.255804981461101e-16,3.2131585469950505,1.0843911541928457e-15,300000000000000.0,50,52000000000000.0
954215.537,2312880500000.0,2.8781818e+31,3.040564591502211,1.0228398052103197e-15,0.0009876575994203947,2.149990167750695,7.232608566009383e-16,3.213192876710624,1.0809244144173022e-15,300000000000000.0,50,52000000000000.0
955215.537,2309169800000.0,2.8674647e+31,3.040597076474438,1.0195593544435701e-15,0.0009876470469416824,2.1500131382185286,7.209412150557665e-16,3.213227206426197,1.0774576746417587e-15,300000000000000.0,50,52000000000000.0
956215.537,2305446200000.0,2.8570905e+31,3.0406295614466647,1.0162789036768207e-15,0.00098763649446297,2.1500361086863626,7.186215735105947e-16,3.21326153614177,1.0739909348662153e-15,300000000000000.0,50,52000000000000.0
957215.537,2301682700000.0,2.8469294e+31,3.0406620464188916,1.0129984529100712e-15,0.0009876259419842577,2.1500590791541963,7.163019319654229e-16,3.2132958658573427,1.0705241950906718e-15,300000000000000.0,50,52000000000000.0
958215.537,2297951300000.0,2.8367351e+31,3.0406945313911184,1.0097180021433218e-15,0.0009876153895055453,2.15008204962203,7.139822904202511e-16,3.2133301955729157,1.0670574553151283e-15,300000000000000.0,50,52000000000000.0
959215.537,2294261400000.0,2.8254421e+31,3.0407270163633457,1.0064375513765722e-15,0.0009876048370268328,2.150105020089864,7.116626488750793e-16,3.2133645252884886,1.0635907155395849e-15,300000000000000.0,50,52000000000000.0
960215.537,2290668300000.0,2.8130018e+31,3.0407595013355726,1.0031571006098229e-15,0.0009875942845481206,2.1501279905576975,7.093430073299075e-16,3.213398855004062,1.0601239757640416e-15,300000000000000.0,50,52000000000000.0
961215.537,2287180000000.0,2.8005127e+31,3.0407919863077995,9.998766498430735e-16,0.0009875837320694081,2.1501509610255316,7.070233657847357e-16,3.213433184719635,1.0566572359884981e-15,300000000000000.0,50,52000000000000.0
962215.537,2283728000000.0,2.7898344e+31,3.0408244712800263,9.96596199076324e-16,0.0009875731795906957,2.150173931493365,7.047037242395639e-16,3.213467514435208,1.0531904962129547e-15,300000000000000.0,50,52000000000000.0
963215.537,2280200200000.0,2.7784123e+31,3.040856956252253,9.933157483095745e-16,0.0009875626271119834,2.150196901961199,7.023840826943921e-16,3.2135018441507808,1.0497237564374112e-15,300000000000000.0,50,52000000000000.0
964215.537,2276535500000.0,2.7677626e+31,3.04088944122448,9.90035297542825e-16,0.000987552074633271,2.150219872429033,7.000644411492203e-16,3.2135361738663537,1.0462570166618677e-15,300000000000000.0,50,52000000000000.0
965215.537,2272733400000.0,2.7574365e+31,3.0409219261967073,9.867548467760756e-16,0.0009875415221545585,2.1502428428968665,6.977447996040485e-16,3.213570503581927,1.0427902768863243e-15,300000000000000.0,50,52000000000000.0
966215.537,2268703000000.0,2.7477471e+31,3.040954411168934,9.834743960093262e-16,0.0009875309696758463,2.1502658133647006,6.954251580588767e-16,3.2136048332975,1.0393235371107808e-15,300000000000000.0,50,52000000000000.0
967215.537,2265120300000.0,2.7389823e+31,3.040986896141161,9.801939452425766e-16,0.0009875204171971338,2.150288783832534,6.931055165137049e-16,3.213639163013073,1.0358567973352373e-15,300000000000000.0,50,52000000000000.0
968215.537,2260582600000.0,2.7299157e+31,3.041018216654458,9.767776934931959e-16,0.0009875102453959558,2.1503109308991033,6.906898486640599e-16,3.213672262142859,1.0322465447788024e-15,300000000000000.0,50,52000000000000.0
969215.537,2253240400000.0,2.7166893e+31,3.0410490998039643,9.733104357090281e-16,0.0009875002165749768,2.1503327687010945,6.882381139102473e-16,3.2137048990720025,1.0285823896823955e-15,300000000000000.0,50,52000000000000.0
970215.537,2248798300000.0,2.7032038e+31,3.04107998295347,9.698431779248604e-16,0.000987490187753998,2.150354606503085,6.857863791564347e-16,3.2137375360011458,1.0249182345859885e-15,300000000000000.0,50,52000000000000.0
971215.537,2245679600000.0,2.6951929e+31,3.0411108661029758,9.663759201406926e-16,0.000987480158933019,2.1503764443050764,6.83334644402622e-16,3.2137701729302894,1.0212540794895816e-15,300000000000000.0,50,52000000000000.0
972215.537,2242247300000.0,2.6871192e+31,3.0411417492524815,9.629086623565249e-16,0.0009874701301120403,2.1503982821070675,6.808829096488094e-16,3.2138028098594327,1.0175899243931745e-15,300000000000000.0,50,52000000000000.0
973215.537,2237564200000.0,2.6779532e+31,3.041172632401987,9.594414045723571e-16,0.0009874601012910614,2.1504201199090587,6.784311748949967e-16,3.2138354467885764,1.0139257692967676e-15,300000000000000.0,50,52000000000000.0
974215.537,2233859300000.0,2.6759049e+31,3.041203515551493,9.559741467881894e-16,0.0009874500724700824,2.15044195771105,6.759794401411841e-16,3.2138680837177196,1.0102616142003606e-15,300000000000000.0,50,52000000000000.0
975215.537,2230376400000.0,2.6707275e+31,3.0412343987009987,9.525068890040216e-16,0.0009874400436491037,2.150463795513041,6.735277053873715e-16,3.2139007206468633,1.0065974591039537e-15,300000000000000.0,50,52000000000000.0
976215.537,2226672400000.0,2.6607342e+31,3.0412652818505044,9.490396312198539e-16,0.0009874300148281247,2.150485633315032,6.710759706335588e-16,3.2139333575760065,1.0029333040075466e-15,300000000000000.0,50,52000000000000.0
977215.537,2222698800000.0,2.6524489e+31,3.0412961650000105,9.455723734356861e-16,0.000987419986007146,2.1505074711170233,6.686242358797462e-16,3.21396599450515,9.992691489111397e-16,300000000000000.0,50,52000000000000.0
978215.537,2218819100000.0,2.6439322e+31,3.0413270481495163,9.421051156515184e-16,0.000987409957186167,2.1505293089190145,6.661725011259337e-16,3.2139986314342934,9.956049938147327e-16,300000000000000.0,50,52000000000000.0
979215.537,2214730900000.0,2.6325396e+31,3.041357931299022,9.386378578673506e-16,0.0009873999283651882,2.1505511467210057,6.63720766372121e-16,3.214031268363437,9.919408387183258e-16,300000000000000.0,50,52000000000000.0
980215.537,2210696900000.0,2.6224181e+31,3.0413888144485277,9.351706000831829e-16,0.0009873898995442093,2.150572984522997,6.612690316183084e-16,3.2140639052925803,9.882766836219187e-16,300000000000000.0,50,52000000000000.0
981215.537,2206978400000.0,2.6122771e+31,3.0414196975980334,9.317033422990151e-16,0.0009873798707232303,2.150594822324988,6.588172968644957e-16,3.214096542221724,9.846125285255119e-16,300000000000000.0,50,52000000000000.0
982215.537,2203477700000.0,2.6006219e+31,3.041450580747539,9.282360845148474e-16,0.0009873698419022516,2.150616660126979,6.563655621106831e-16,3.2141291791508673,9.809483734291048e-16,300000000000000.0,50,52000000000000.0
983215.537,2200118000000.0,2.588756e+31,3.041481463897045,9.247688267306796e-16,0.0009873598130812726,2.1506384979289703,6.539138273568705e-16,3.214161816080011,9.77284218332698e-16,300000000000000.0,50,52000000000000.0
984215.537,2196871100000.0,2.5768742e+31,3.041510641194328,9.216298537522812e-16,0.000987350341209513,2.150659129504762,6.516942262752913e-16,3.2141926502856464,9.73966990560707e-16,300000000000000.0,50,52000000000000.0
985215.537,2193546500000.0,2.5647653e+31,3.0415398037683787,9.184937142041796e-16,0.0009873408741447893,2.1506797506696,6.494766287423636e-16,3.2142234689319524,9.706527571228267e-16,300000000000000.0,50,52000000000000.0
986215.537,2190120300000.0,2.5530263e+31,3.04156896634243,9.15357574656078e-16,0.0009873314070800653,2.1507003718344384,6.472590312094359e-16,3.2142542875782585,9.673385236849461e-16,300000000000000.0,50,52000000000000.0
987215.537,2186561400000.0,2.541133e+31,3.0415981289164806,9.122214351079763e-16,0.0009873219400153416,2.1507209929992763,6.450414336765081e-16,3.2142851062245645,9.640242902470658e-16,300000000000000.0,50,52000000000000.0
988215.537,2182878400000.0,2.5296628e+31,3.041627291490532,9.090852955598747e-16,0.0009873124729506179,2.1507416141641147,6.428238361435804e-16,3.2143159248708706,9.607100568091852e-16,300000000000000.0,50,52000000000000.0
989215.537,2179075200000.0,2.5201763e+31,3.0416564540645825,9.059491560117733e-16,0.000987303005885894,2.1507622353289526,6.406062386106525e-16,3.2143467435171766,9.573958233713049e-16,300000000000000.0,50,52000000000000.0
990215.537,2175199600000.0,2.5096239e+31,3.0416856166386337,9.028130164636717e-16,0.0009872935388211702,2.150782856493791,6.383886410777248e-16,3.2143775621634827,9.540815899334243e-16,300000000000000.0,50,52000000000000.0
991215.537,2171284400000.0,2.4993696e+31,3.0417147792126844,8.9967687691557e-16,0.0009872840717564462,2.1508034776586293,6.36171043544797e-16,3.2144083808097887,9.50767356495544e-16,300000000000000.0,50,52000000000000.0
992215.537,2167337700000.0,2.4901992e+31,3.0417439417867356,8.965407373674684e-16,0.0009872746046917225,2.1508240988234673,6.339534460118693e-16,3.214439199456095,9.474531230576636e-16,300000000000000.0,50,52000000000000.0
993215.537,2163375800000.0,2.48016e+31,3.0417731043607863,8.934045978193668e-16,0.0009872651376269987,2.1508447199883056,6.317358484789414e-16,3.2144700181024013,9.44138889619783e-16,300000000000000.0,50,52000000000000.0
994215.537,2159424400000.0,2.4700067e+31,3.0418022669348375,8.902684582712652e-16,0.0009872556705622748,2.1508653411531435,6.295182509460137e-16,3.2145008367487073,9.408246561819027e-16,300000000000000.0,50,52000000000000.0
995215.537,2155510800000.0,2.461269e+31,3.041831429508888,8.871323187231637e-16,0.000987246203497551,2.150885962317982,6.273006534130859e-16,3.2145316553950134,9.375104227440221e-16,300000000000000.0,50,52000000000000.0
996215.537,2151586400000.0,2.4521061e+31,3.0418605920829394,8.839961791750621e-16,0.000987236736432827,2.15090658348282,6.250830558801582e-16,3.2145624740413195,9.341961893061418e-16,300000000000000.0,50,52000000000000.0
997215.537,2147644000000.0,2.443506e+31,3.04188975465699,8.808600396269606e-16,0.0009872272693681034,2.150927204647658,6.228654583472303e-16,3.2145932926876255,9.308819558682612e-16,300000000000000.0,50,52000000000000.0
998215.537,2143695000000.0,2.4343686e+31,3.0419189172310412,8.77723900078859e-16,0.0009872178023033794,2.150947825812496,6.206478608143026e-16,3.2146241113339316,9.275677224303809e-16,300000000000000.0,50,52000000000000.0
999215.537,2139763900000.0,2.4252221e+31,3.041948079805092,8.745877605307603e-16,0.0009872083352386557,2.1509684469773345,6.184302632813769e-16,3.2146549299802376,9.242534889925035e-16,300000000000000.0,50,52000000000000.0
