t[yr],B[G],L[erg/s],P_fill[s],Pdot_fill[s/s],chi[rad],P_vac[s],Pdot_vac[s/s],P_vacObs[s],Pdot_vacObs[s/s],bpol,etor,btorAvg
0.0,1000000000000000.0,3.6216344e+36,0.001,1.0161201344294528e-06,1.0471975511965976,0.001,2.9032003840841504e-07,0.001,6.484517985106097e-07,300000000000000.0,50,52000000000000.0
0.99999997765,996362020000000.0,6.7868373e+35,0.20216316289310776,3.0751406652003363e-09,-12.283860145571417,0.12939390510449916,2.2290578214192686e-09,0.19490207038462135,3.305363112611626e-09,300000000000000.0,50,52000000000000.0
2.0119999776,993004430000000.0,6.7242924e+35,0.28251031450372516,2.114678341222503e-09,-12.358278603125333,0.18753858358278822,1.5275896395597012e-09,0.2813274521487354,2.27449970497019e-09,300000000000000.0,50,52000000000000.0
3.0299999776,989777090000000.0,6.7627167e+35,0.34341799942690276,1.7066738355299906e-09,-12.39347175881281,0.23148018622800237,1.2295969154839916e-09,0.3467989420152455,1.833156060120711e-09,300000000000000.0,50,52000000000000.0
4.0669999776,986612290000000.0,6.8089369e+35,0.39517936327638015,1.4636829918679545e-09,-12.415372713604567,0.2687355441569929,1.0523712578619155e-09,0.40235937763204804,1.569931133385682e-09,300000000000000.0,50,52000000000000.0
5.1019999776,983568720000000.0,6.7321988e+35,0.44032163227179366,1.3000774888627056e-09,-12.43046780797493,0.3011678623489945,9.332568954744123e-10,0.4507508718961073,1.3927523873613754e-09,300000000000000.0,50,52000000000000.0
6.1549999776,980579880000000.0,6.6617649e+35,0.4815479176004971,1.178157705107957e-09,-12.44187529359744,0.3307442239987945,8.446476719432304e-10,0.4948946123684057,1.2608278302748578e-09,300000000000000.0,50,52000000000000.0
7.2079999776,977689970000000.0,6.566253e+35,0.519207981830444,1.0839999490912666e-09,-12.450764482002803,0.3577305697431235,7.76326448117407e-10,0.5351811305824424,1.159045045887882e-09,300000000000000.0,50,52000000000000.0
8.2779999776,974849690000000.0,6.487298e+35,0.5545977126376809,1.0073365171927696e-09,-12.458046788817503,0.38306540863398597,7.207808336668564e-10,0.5730079881210591,1.0762574131799439e-09,300000000000000.0,50,52000000000000.0
9.3209999776,972164330000000.0,6.4095284e+35,0.5868264387460486,9.45619428725304e-10,-12.463933865800703,0.40611862936647325,6.761227487768108e-10,0.607432171190744,1.0096744116757836e-09,300000000000000.0,50,52000000000000.0
19.407999978,949667860000000.0,5.5136895e+35,0.8304916622599642,6.343690604145646e-10,-12.493860969560163,0.579974059654059,4.51820008837263e-10,0.8671164872401884,6.749898788135372e-10,300000000000000.0,50,52000000000000.0
29.451999978,931497940000000.0,4.7948495e+35,1.0090949270734166,5.014545789474703e-10,-12.506697519509629,0.7070721040324048,3.5655633088746057e-10,1.0570055715307423,5.327399412845911e-10,300000000000000.0,50,52000000000000.0
39.678999978,915653960000000.0,4.2828118e+35,1.1577947626762266,4.21930905878774e-10,-12.514377890986719,0.8127527780697452,2.9971821845793486e-10,1.2149108711083347,4.4784514548305977e-10,300000000000000.0,50,52000000000000.0
49.868999978,901734600000000.0,3.8735055e+35,1.2849517091496765,3.685103300908006e-10,-12.519539213512472,0.9030506278768679,2.616035566474295e-10,1.3498382702711897,3.909081201235786e-10,300000000000000.0,50,52000000000000.0
60.234999978,888895750000000.0,3.5623813e+35,1.3991840617408375,3.2875882185346456e-10,-12.523376636121778,0.9841257651926034,2.3327606292286453e-10,1.4709884337548402,3.485878171797377e-10,300000000000000.0,50,52000000000000.0
70.621999978,877187580000000.0,3.3330041e+35,1.502175885654501,2.981433468232432e-10,-12.526336622165347,1.057193440667566,2.114785855338716e-10,1.5801754430293693,3.160212103310242e-10,300000000000000.0,50,52000000000000.0
81.170999978,866676560000000.0,3.1419017e+35,1.5976172576429817,2.7359039550857353e-10,-12.528739114110365,1.124883261657344,1.9400900773881514e-10,1.6813277767319952,2.8991964590879877e-10,300000000000000.0,50,52000000000000.0
91.458999978,857135260000000.0,2.9683601e+35,1.6835277000287832,2.539446049812295e-10,-12.530668443119534,1.1857983764453883,1.8003853961314083e-10,1.772357414933092,2.6904548638403825e-10,300000000000000.0,50,52000000000000.0
192.84099998,785671840000000.0,2.1808606e+35,2.314867036651255,1.5507982634876363e-10,-12.540449901307907,1.6331430917840208,1.0983367308179191e-10,2.4408758018111256,1.641401211887803e-10,300000000000000.0,50,52000000000000.0
292.85899998,736150240000000.0,2.0534285e+35,2.7377227149550913,1.1511065705947623e-10,-12.544473866256768,1.932568028521955,8.149520910926532e-11,2.888352444926819,1.2179160922884318e-10,300000000000000.0,50,52000000000000.0
394.71099998,699619850000000.0,2.3102279e+35,3.071056540752168,9.266889365363688e-11,-12.546862932834859,2.1685348811162783,6.559340573224693e-11,3.2409975414341465,9.802764683280717e-11,300000000000000.0,50,52000000000000.0
496.20499998,669876010000000.0,1.5057839e+35,3.3446860443013593,7.798929823314656e-11,-12.548467185313308,2.3622044360803787,5.519550919618301e-11,3.5304322884600947,8.248861741156633e-11,300000000000000.0,50,52000000000000.0
599.45999998,640814660000000.0,1.3787977e+35,3.5810476859111904,6.666689814834888e-11,-12.549655056592439,2.5294776841982043,4.717785554409497e-11,3.7804192641298364,7.050659914962466e-11,300000000000000.0,50,52000000000000.0
702.90499998,617550950000000.0,1.4626981e+35,3.786198482511472,5.854599199622616e-11,-12.550565431196738,2.674651151521333,4.1428092825589715e-11,3.9973790535088374,6.191379726073668e-11,300000000000000.0,50,52000000000000.0
807.96599998,597730210000000.0,1.3559818e+35,3.970709983032667,5.2298301188617276e-11,-12.551303472306326,2.8052112429413896,3.700510326388072e-11,4.192499720084331,5.5303782408431974e-11,300000000000000.0,50,52000000000000.0
910.42999998,578768800000000.0,1.5280513e+35,4.132279384971714,4.7125874104190874e-11,-12.55189557061382,2.9195319725072557,3.3343784185857943e-11,4.363351081693452,4.983203811851699e-11,300000000000000.0,50,52000000000000.0
1920.154,473357500000000.0,5.2579196e+34,5.236840126551471,2.4917744047901266e-11,-12.554961809844537,3.700974551801033,1.7626879077089375e-11,5.531214891919534,2.6343391061988824e-11,300000000000000.0,50,52000000000000.0
2945.446,440908620000000.0,5.4847914e+34,5.94319766348063,1.901576312053139e-11,-12.556323631151109,4.200633203569711,1.3450714189613613e-11,6.2779561305370954,2.0102150277336567e-11,300000000000000.0,50,52000000000000.0
3969.996,422734340000000.0,3.8222196e+34,6.508308774518831,1.5990206228450542e-11,-12.557199959151804,4.600352436023009,1.1310051806387353e-11,6.875338605265639,1.6902941698366053e-11,300000000000000.0,50,52000000000000.0
4990.917,436112070000000.0,2.8530611e+34,7.018750898425696,1.575051160436844e-11,-12.557870235015109,4.961387757648716,1.1140122104300372e-11,7.414908328238979,1.664899496795914e-11,300000000000000.0,50,52000000000000.0
6040.826,452577940000000.0,2.7897309e+34,7.540609516375088,1.5748976482157844e-11,-12.558461901903502,5.330486085725807,1.1138707951261344e-11,7.9665286965322455,1.664689318140149e-11,300000000000000.0,50,52000000000000.0
7040.826,445785260000000.0,2.4569901e+34,8.018121337183324,1.4392771020483385e-11,-12.558935860159892,5.668210217405102,1.01792807652379e-11,8.471260388480495,1.521302913656424e-11,300000000000000.0,50,52000000000000.0
8040.826,427868670000000.0,2.3050741e+34,8.446395624737935,1.2596465813590817e-11,-12.559315154118101,5.971104639048957,8.908689820225572e-12,8.923938980962287,1.33141245209197e-11,300000000000000.0,50,52000000000000.0
9040.826,412090830000000.0,2.8065373e+34,8.823768587240284,1.1190506364085935e-11,-12.559618631846199,6.237995264811948,7.914236376970506e-12,9.322809698653382,1.1827907655506856e-11,300000000000000.0,50,52000000000000.0
10040.826,400020390000000.0,2.1441151e+34,9.162358326857804,1.0153623404773505e-11,-12.559869582612501,6.477454199762163,7.180846198301168e-12,9.680683576691047,1.0731851073662117e-11,300000000000000.0,50,52000000000000.0
11040.826,393289690000000.0,1.9254245e+34,9.47356410388955,9.490340318108961e-12,-12.560084311201367,6.697544326018574,6.7116984008924585e-12,10.009610640680805,1.0030706689207053e-11,300000000000000.0,50,52000000000000.0
12040.826,388244910000000.0,1.793155e+34,9.766009328261305,8.965799891780424e-12,-12.560273614024435,6.904364920535169,6.340686790774476e-12,10.318706303578248,9.476227386306405e-12,300000000000000.0,50,52000000000000.0
13040.826,380076630000000.0,1.8188232e+34,10.041037569469863,8.359458479955643e-12,-12.560441542250711,7.098866602197582,5.911837122888391e-12,10.609391261274945,8.835308048390296e-12,300000000000000.0,50,52000000000000.0
14040.826,371050300000000.0,1.6483923e+34,10.297181763221749,7.7766581823082e-12,-12.560589798566479,7.280012210602123,5.499646503157463e-12,10.880115453977243,8.219285495182711e-12,300000000000000.0,50,52000000000000.0
15040.826,365323820000000.0,1.6090285e+34,10.53727202328995,7.361824398968893e-12,-12.560722239264463,7.449803515301858,5.206249496685531e-12,11.133870539146843,7.78080111867278e-12,300000000000000.0,50,52000000000000.0
16040.826,362216180000000.0,1.6034984e+34,10.76604434634162,7.084585760157436e-12,-12.5608428990156,7.611590000991286,5.010164374526973e-12,11.375662354229963,7.487750327844084e-12,300000000000000.0,50,52000000000000.0
17040.826,362773990000000.0,1.6375044e+34,10.987942394693812,6.960355006567485e-12,-12.560955104990498,7.7685143377626975,4.92228847419221e-12,11.610187652332453,7.356419402025746e-12,300000000000000.0,50,52000000000000.0
18040.826,363581250000000.0,1.6712958e+34,11.206232769693328,6.851966380498657e-12,-12.561061186137431,7.9228867317699025,4.845618047620982e-12,11.84089906108846,7.241835122719684e-12,300000000000000.0,50,52000000000000.0
19040.826,362824000000000.0,1.588669e+34,11.420596486612117,6.699062244057623e-12,-12.561161384486299,8.074481655445805,4.7374688700907014e-12,12.067459525009548,7.080205401277497e-12,300000000000000.0,50,52000000000000.0
20040.826,362458880000000.0,1.4534334e+34,11.6303724587869,6.565982045395984e-12,-12.561255881752855,8.22283166706806,4.643340784579108e-12,12.289170444494728,6.939530311862141e-12,300000000000000.0,50,52000000000000.0
21040.826,362950560000000.0,1.393009e+34,11.836358413304755,6.465389790585641e-12,-12.561345405117807,8.36850095751843,4.572189152183311e-12,12.506875008085713,6.833193765160718e-12,300000000000000.0,50,52000000000000.0
22040.826,362712700000000.0,1.4152573e+34,12.039055023582812,6.349419855674374e-12,-12.561430499143107,8.511843639666164,4.490164119388825e-12,12.721102440370085,6.710606741636959e-12,300000000000000.0,50,52000000000000.0
23040.826,362294760000000.0,1.3630414e+34,12.238105084964134,6.2348811797654635e-12,-12.561511325216788,8.652607150544906,4.409152541942859e-12,12.931475281412295,6.589534298379045e-12,300000000000000.0,50,52000000000000.0
24040.826,362771840000000.0,1.3826237e+34,12.433902769187311,6.150257381349603e-12,-12.561588338555858,8.791070281663048,4.349297126668772e-12,13.138410187287478,6.500079972175491e-12,300000000000000.0,50,52000000000000.0
25040.826,363277950000000.0,1.3666493e+34,12.627068019564891,6.070078421176226e-12,-12.561661897545106,8.927671456713338,4.292585941995024e-12,13.342562387242747,6.415324708172267e-12,300000000000000.0,50,52000000000000.0
26040.826,362881270000000.0,1.2731521e+34,12.817631910199255,5.968987208903481e-12,-12.561732365826584,9.062432702302576,4.221087074208823e-12,13.54396479871692,6.3084690349985565e-12,300000000000000.0,50,52000000000000.0
27040.826,361566930000000.0,1.2732245e+34,13.004658892936243,5.840044302677729e-12,-12.561799457244602,9.194692433741018,4.129893302478213e-12,13.741628674625188,6.172179043785223e-12,300000000000000.0,50,52000000000000.0
28040.826,359770720000000.0,1.2332688e+34,13.187602893387025,5.700336309975128e-12,-12.561863252368438,9.32406452504433,4.03108775825822e-12,13.934976943437487,6.024513130526459e-12,300000000000000.0,50,52000000000000.0
29040.826,357145510000000.0,1.2144126e+34,13.366072915259256,5.543867459272327e-12,-12.561923813751351,9.450272505743255,3.920430428126904e-12,14.123596415542758,5.8591345403153234e-12,300000000000000.0,50,52000000000000.0
30040.826,354046680000000.0,1.1801364e+34,13.539567793695173,5.377689389079868e-12,-12.561981151416699,9.572961995772737,3.802907995815091e-12,14.306957464492731,5.683495937112309e-12,300000000000000.0,50,52000000000000.0
31040.826,350124610000000.0,1.1751298e+34,13.707716345275271,5.197771809347115e-12,-12.562035324916526,9.691870534596568,3.675670370461316e-12,14.484667838748344,5.493337823346381e-12,300000000000000.0,50,52000000000000.0
32040.826,346743390000000.0,1.1616729e+34,13.870345183622968,5.035477828246708e-12,-12.562086456673219,9.806875536618483,3.5608963181524626e-12,14.656544331710773,5.321806659086604e-12,300000000000000.0,50,52000000000000.0
33040.826,342765200000000.0,1.2571377e+34,14.027836780727176,4.8695287074461145e-12,-12.562134832865418,9.918247496861602,3.443538218195204e-12,14.822991201003681,5.1464135796543746e-12,300000000000000.0,50,52000000000000.0
34040.826,339626870000000.0,1.3032171e+34,14.180306412637528,4.726246172929453e-12,-12.562180637774262,10.026067956801773,3.3422096743396404e-12,14.984130310762842,4.994976865430321e-12,300000000000000.0,50,52000000000000.0
35040.826,336357040000000.0,1.2704518e+34,14.328391342860376,4.586770494507474e-12,-12.562224195389348,10.130787584153857,3.243573733055684e-12,15.140635189270132,4.847564265278683e-12,300000000000000.0,50,52000000000000.0
36040.826,332656670000000.0,1.1931423e+34,14.472179134305575,4.443831144383294e-12,-12.5622656473957,10.232468317665573,3.142488926755887e-12,15.292598404280174,4.696491788825861e-12,300000000000000.0,50,52000000000000.0
37040.826,329526280000000.0,1.147132e+34,14.611425090809938,4.318080868028527e-12,-12.562304974645526,10.3309371261371,3.053559985743962e-12,15.439761358117973,4.563586401623897e-12,300000000000000.0,50,52000000000000.0
38040.826,326261150000000.0,1.1386907e+34,14.746767468359648,4.1962966032705165e-12,-12.562342487437212,10.426645377219566,2.9674360341175376e-12,15.582798625193337,4.43487309700095e-12,300000000000000.0,50,52000000000000.0
39040.826,323468060000000.0,1.126634e+34,14.878560740200706,4.086359488917427e-12,-12.562378390854574,10.519843755669937,2.889690204492507e-12,15.722084856755826,4.3186809985045105e-12,300000000000000.0,50,52000000000000.0
40040.826,320722690000000.0,1.1331155e+34,15.006694835003401,3.982736240378545e-12,-12.562412640042782,10.610454421290097,2.8164095962433385e-12,15.857503719649035,4.209162223661863e-12,300000000000000.0,50,52000000000000.0
41040.826,317892850000000.0,1.1423383e+34,15.131812795454943,3.8809517332035045e-12,-12.562445558664935,10.698932128861578,2.7444295266818767e-12,15.989734850339758,4.101587113729209e-12,300000000000000.0,50,52000000000000.0
42040.826,315214870000000.0,1.1742793e+34,15.253613621678886,3.786897676816571e-12,-12.562477055022262,10.785064022837666,2.6779163471027727e-12,16.11846013339146,4.002182336984469e-12,300000000000000.0,50,52000000000000.0
43040.826,312997520000000.0,1.1808789e+34,15.37270093371926,3.703360896180767e-12,-12.56250739542992,10.869276972755276,2.618840703923931e-12,16.244317530610104,3.913893053170585e-12,300000000000000.0,50,52000000000000.0
44040.826,310996190000000.0,1.1556432e+34,15.489030435501013,3.630039725895141e-12,-12.562536544411001,10.951539650478756,2.5669892657451e-12,16.367260221781937,3.836400435841802e-12,300000000000000.0,50,52000000000000.0
45040.826,309370640000000.0,1.1184782e+34,15.603284447818286,3.5645967968844256e-12,-12.562564783860822,11.032334578407818,2.520709095137552e-12,16.488009342692532,3.767234149309592e-12,300000000000000.0,50,52000000000000.0
46040.826,307936580000000.0,1.0891162e+34,15.715397260938927,3.5047575194510764e-12,-12.562592066489463,11.11161528466484,2.478391712809462e-12,16.60649544062912,3.703990299327852e-12,300000000000000.0,50,52000000000000.0
47040.826,306065460000000.0,1.072119e+34,15.825636790264094,3.4395894771825084e-12,-12.562618520061577,11.189571235895905,2.4323062280429487e-12,16.723001675795537,3.6351149647519216e-12,300000000000000.0,50,52000000000000.0
48040.826,304193840000000.0,1.0530518e+34,15.933951056211567,3.3747650948804663e-12,-12.562644173973622,11.266165681366036,2.3864638922227987e-12,16.83747312352469,3.5666030158555695e-12,300000000000000.0,50,52000000000000.0
49040.826,302481580000000.0,1.0493452e+34,16.040138178948784,3.3140671049407787e-12,-12.562668966714217,11.341255859409893,2.343539669398905e-12,16.949696424615073,3.5024522229252464e-12,300000000000000.0,50,52000000000000.0
50040.826,300572470000000.0,1.0435374e+34,16.14438485381974,3.253008315478981e-12,-12.562692982327393,11.414973798013712,2.30036042827116e-12,17.059868896518495,3.4379202981610383e-12,300000000000000.0,50,52000000000000.0
51040.826,298960280000000.0,1.0432554e+34,16.24680683648488,3.1963965899081163e-12,-12.562716287558239,11.487401360105622,2.260326029573801e-12,17.16811288432267,3.378088380581859e-12,300000000000000.0,50,52000000000000.0
52040.826,297281260000000.0,1.0276498e+34,16.347518716169112,3.1415622827116606e-12,-12.562738926003785,11.558619580072566,2.221548628198468e-12,17.27454949495355,3.3201350599674105e-12,300000000000000.0,50,52000000000000.0
53040.826,295694260000000.0,1.0195498e+34,16.446517168148496,3.0890975095654564e-12,-12.562760907406055,11.628626108478882,2.18444693262304e-12,17.3791752170993,3.2646861020528798e-12,300000000000000.0,50,52000000000000.0
54040.826,293976030000000.0,1.0111253e+34,16.543739921690182,3.0351814623874182e-12,-12.562782217079699,11.697376910502609,2.1463190693383538e-12,17.481924240115134,3.2077035195621976e-12,300000000000000.0,50,52000000000000.0
55040.826,292153420000000.0,9.9747102e+33,16.639305905354526,2.9812129060823847e-12,-12.562802924973923,11.76495609324844,2.1081541593081714e-12,17.5829222630302,3.1506655677777017e-12,300000000000000.0,50,52000000000000.0
56040.826,290446970000000.0,9.8715299e+33,16.733212626482306,2.929610112620565e-12,-12.56282304533601,11.831361896404246,2.0716622711219533e-12,17.68216665496618,3.0961279679885365e-12,300000000000000.0,50,52000000000000.0
57040.826,288763860000000.0,9.8676933e+33,16.82552433609128,2.879560408531822e-12,-12.562842606241572,11.896639757140544,2.0362687198240157e-12,17.779725322338003,3.0432318457423338e-12,300000000000000.0,50,52000000000000.0
58040.826,287035540000000.0,9.7540633e+33,16.916280552185437,2.830889939407836e-12,-12.56286162965525,11.960817622638604,2.001850559890095e-12,17.875640032533283,2.991793457396285e-12,300000000000000.0,50,52000000000000.0
59040.826,285481800000000.0,9.7657528e+33,17.005519885555135,2.7841260424650283e-12,-12.562880136630184,12.023922798435068,1.9687806906671837e-12,17.969951593996136,2.942370106337992e-12,300000000000000.0,50,52000000000000.0
60040.826,283744690000000.0,9.7355901e+33,17.093297442667524,2.7367414144144796e-12,-12.562898150955409,12.085994254800047,1.9352719383872e-12,18.062718248279946,2.8922908366468832e-12,300000000000000.0,50,52000000000000.0
61040.826,281950010000000.0,9.6691622e+33,17.179588847522467,2.6887317104196494e-12,-12.562915679538794,12.14701475628988,1.9013212287639134e-12,18.15391423672024,2.8415510538156864e-12,300000000000000.0,50,52000000000000.0
62040.826,280116360000000.0,9.6392004e+33,17.264373300473935,2.64109051651011e-12,-12.562932729828132,12.206969596434865,1.8676311687216645e-12,18.243517580240162,2.791200813730019e-12,300000000000000.0,50,52000000000000.0
63040.826,278313890000000.0,9.6415451e+33,17.34766157197869,2.5943788844619803e-12,-12.562949315415462,12.265866393353873,1.8345984996844e-12,18.331539664172308,2.741833052063531e-12,300000000000000.0,50,52000000000000.0
64040.826,276454940000000.0,9.5658364e+33,17.4294830496482,2.5485195497373575e-12,-12.562965453150497,12.323725930104516,1.8021685812344304e-12,18.41801154903577,2.693366108044496e-12,300000000000000.0,50,52000000000000.0
65040.826,274722140000000.0,9.5534746e+33,17.509865814336372,2.504832465548432e-12,-12.562981159088329,12.380568065594845,1.7712748057844731e-12,18.50296291419769,2.6471949497717706e-12,300000000000000.0,50,52000000000000.0
66040.826,273035790000000.0,9.5389095e+33,17.58887971070573,2.4627781338285458e-12,-12.56299645681281,12.436442191631063,1.7415356669311241e-12,18.58646757635672,2.6027494107105495e-12,300000000000000.0,50,52000000000000.0
67040.826,271328270000000.0,9.4863312e+33,17.666579706439187,2.4213849846235327e-12,-12.56301136630368,12.491387179750859,1.712264122597088e-12,18.66858362952653,2.55900269696527e-12,300000000000000.0,50,52000000000000.0
68040.826,269601970000000.0,9.4420454e+33,17.742991603495856,2.380543381844283e-12,-12.563025901321325,12.545421277062252,1.6833826419457526e-12,18.749338344225034,2.5158389376870043e-12,300000000000000.0,50,52000000000000.0
69040.826,267891740000000.0,9.4037427e+33,17.818137838847303,2.3400818500570703e-12,-12.563040074522439,12.598560351074036,1.6547699653761001e-12,18.828755434627933,2.473076908763428e-12,300000000000000.0,50,52000000000000.0
70040.826,266101370000000.0,9.4173238e+33,17.8920385626267,2.299532028927747e-12,-12.56305389773233,12.650818652111735,1.6260948937687594e-12,18.90685619800968,2.4302216285224447e-12,300000000000000.0,50,52000000000000.0
71040.826,264261270000000.0,9.456544e+33,17.96470100776751,2.2589210656321606e-12,-12.563067379966274,12.70220129614464,1.5973766224677157e-12,18.983648280223136,2.387301784719705e-12,300000000000000.0,50,52000000000000.0
72040.826,262460040000000.0,9.4024074e+33,18.036127149017393,2.2192745696202236e-12,-12.563080528934053,12.752709680807472,1.5693404009124936e-12,19.059133770019468,2.3454012728652363e-12,300000000000000.0,50,52000000000000.0
73040.826,260635760000000.0,9.3778772e+33,18.106128386403245,2.1802791192185786e-12,-12.563093299221709,12.80221043743394,1.5417645995242513e-12,19.1331133461038,2.304188864336697e-12,300000000000000.0,50,52000000000000.0
74040.826,258884970000000.0,9.4439553e+33,18.174919401273726,2.14257433735165e-12,-12.563105753615211,12.850855379975028,1.5151015143303968e-12,19.205813896450508,2.264340522113854e-12,300000000000000.0,50,52000000000000.0
75040.826,257077100000000.0,9.4713195e+33,18.242566519738105,2.1051989448595646e-12,-12.563117911998338,12.898691411642547,1.488671383203071e-12,19.277305518532938,2.224840332206474e-12,300000000000000.0,50,52000000000000.0
76040.826,255275660000000.0,9.3886496e+33,18.309094557782277,2.069246128672395e-12,-12.563129784907892,12.945736081836653,1.4632472408293318e-12,19.347614440148707,2.1868436058902385e-12,300000000000000.0,50,52000000000000.0
77040.826,253700360000000.0,9.3196141e+33,18.374545900632153,2.036099696403068e-12,-12.563141385559662,12.99201936380417,1.4398076310443662e-12,19.416785456711178,2.1518127907682083e-12,300000000000000.0,50,52000000000000.0
78040.826,252364520000000.0,9.4618847e+33,18.43894969515891,2.006904550481263e-12,-12.563152720674525,13.037561868722051,1.4191621582984583e-12,19.48484937190742,2.1209578521508205e-12,300000000000000.0,50,52000000000000.0
79040.826,250813260000000.0,9.3586033e+33,18.50224853145533,1.97557484915724e-12,-12.563163767999047,13.0823229976848,1.3970072831247279e-12,19.551745510156653,2.0878470895895767e-12,300000000000000.0,50,52000000000000.0
80040.826,249234230000000.0,9.2569605e+33,18.56463302298477,1.9440913306703086e-12,-12.563174587109291,13.126437545479254,1.374743658391866e-12,19.617675324048,2.054573798710294e-12,300000000000000.0,50,52000000000000.0
81040.826,247604240000000.0,9.363496e+33,18.626115156613366,1.911748450415685e-12,-12.56318518440776,13.169913989214386,1.3518723652126765e-12,19.682651482720654,2.020392338208638e-12,300000000000000.0,50,52000000000000.0
82040.826,245761160000000.0,9.2864608e+33,18.686704888093857,1.8783510515819835e-12,-12.563195565682948,13.212759369675531,1.3282553998479038e-12,19.746684508709066,1.985096459567412e-12,300000000000000.0,50,52000000000000.0
83040.826,244028960000000.0,9.2020724e+33,18.746028195397074,1.846918070181858e-12,-12.563205650767422,13.254709198461647,1.306027576349218e-12,19.809379120437242,1.951876672369411e-12,300000000000000.0,50,52000000000000.0
84040.826,242618580000000.0,9.0915948e+33,18.804353277675276,1.8188977324786703e-12,-12.563215503355412,13.295953132716615,1.2862129847844074e-12,19.871018763103315,1.922263493888214e-12,300000000000000.0,50,52000000000000.0
85040.826,241187710000000.0,8.9418121e+33,18.861894325315628,1.791147684476687e-12,-12.563225170946245,13.33664263670023,1.2665895411467474e-12,19.931829802132622,1.8929359882598425e-12,300000000000000.0,50,52000000000000.0
86040.826,239525560000000.0,8.919724e+33,18.918715933506405,1.7622078748714504e-12,-12.563234667548137,13.376823388702139,1.2461247854791694e-12,19.99188050436052,1.8623511295107293e-12,300000000000000.0,50,52000000000000.0
87040.826,238044830000000.0,8.9510182e+33,18.9743094225481,1.7355235631271127e-12,-12.563243883835984,13.41613567755199,1.227255001200694e-12,20.05063327646568,1.834149977467995e-12,300000000000000.0,50,52000000000000.0
88040.826,236597530000000.0,8.9810645e+33,19.029166671751415,1.7091280302264087e-12,-12.563252931872542,13.454927335138777,1.2085894367062656e-12,20.108607957990092,1.8062540344232714e-12,300000000000000.0,50,52000000000000.0
89040.826,235094820000000.0,8.9536232e+33,19.08334346585233,1.6832548181949251e-12,-12.563261825292505,13.49323780973025,1.190293237169937e-12,20.165863504908238,1.7789101122135768e-12,300000000000000.0,50,52000000000000.0
90040.826,233724700000000.0,9.0071609e+33,19.136583979405575,1.6587476715783975e-12,-12.563270508212286,13.530886195049254,1.1729630502840077e-12,20.222129550289864,1.7530099091631344e-12,300000000000000.0,50,52000000000000.0
91040.826,232330310000000.0,8.9593172e+33,19.188977177344537,1.6332108999081726e-12,-12.563279001122844,13.567935402578339,1.1549047912837875e-12,20.277500116209882,1.7260215916177837e-12,300000000000000.0,50,52000000000000.0
92040.826,230669740000000.0,8.8821026e+33,19.240753182530995,1.607597257229349e-12,-12.563287358308026,13.60454816375798,1.1367921840269375e-12,20.332218407035725,1.6989520495568171e-12,300000000000000.0,50,52000000000000.0
93040.826,229176180000000.0,8.9636065e+33,19.29167936191978,1.5825954711879807e-12,-12.563295531466673,13.640559973179347,1.1191122570963572e-12,20.38603856714994,1.6725291540135489e-12,300000000000000.0,50,52000000000000.0
94040.826,227893450000000.0,8.9985752e+33,19.34166641602224,1.5595261384298123e-12,-12.563303503723274,13.67590768338742,1.1027988540635658e-12,20.438866221796676,1.6481485474495586e-12,300000000000000.0,50,52000000000000.0
95040.826,226456420000000.0,9.0305316e+33,19.391111835726544,1.5369015965652173e-12,-12.563311359751895,13.710872378631468,1.086799987457014e-12,20.49112145527919,1.6242380198168829e-12,300000000000000.0,50,52000000000000.0
96040.826,225085190000000.0,9.1084518e+33,19.439781534256724,1.5141653792032653e-12,-12.563319048919073,13.74528852515458,1.0707221627466314e-12,20.542556875108808,1.6002094878571465e-12,300000000000000.0,50,52000000000000.0
97040.826,223618730000000.0,9.1369827e+33,19.487632942551308,1.4918568558586366e-12,-12.563326565893863,13.779126021027027,1.0549467880439826e-12,20.59312749351762,1.5766329714124387e-12,300000000000000.0,50,52000000000000.0
98040.826,222299310000000.0,9.3540116e+33,19.535006869171998,1.4704146023403436e-12,-12.5633339829406,13.812625867745066,1.03978399116603e-12,20.643193490580938,1.5539719610560046e-12,300000000000000.0,50,52000000000000.0
99040.826,221245890000000.0,9.4722611e+33,19.581477051480103,1.4523667752398892e-12,-12.563341212410215,13.84548663574067,1.0270215295262486e-12,20.692304375620452,1.534898285520617e-12,300000000000000.0,50,52000000000000.0
100040.826,220097310000000.0,9.4495408e+33,19.627419474896165,1.4341154213789623e-12,-12.563348328609337,13.877974200769664,1.014115154070839e-12,20.740857503661758,1.515609528540827e-12,300000000000000.0,50,52000000000000.0
101040.826,218938220000000.0,9.4877289e+33,19.67298372391688,1.415718227039098e-12,-12.563355363642605,13.910194341017442,1.001105654781747e-12,20.789010961666747,1.4961666513815117e-12,300000000000000.0,50,52000000000000.0
102040.826,217602760000000.0,9.4544919e+33,19.71764237012932,1.3958179938032082e-12,-12.563362209039154,13.941774088014334,9.870333146141e-13,20.83620734307456,1.4751353430656016e-12,300000000000000.0,50,52000000000000.0
103040.826,216335520000000.0,9.5008567e+33,19.761936003695144,1.3762763464705762e-12,-12.563368980720313,13.973095718302172,9.73214548035901e-13,20.883017965467605,1.454483003967137e-12,300000000000000.0,50,52000000000000.0
104040.826,215108030000000.0,9.5527885e+33,19.805527259016518,1.3576084661699706e-12,-12.563375611072296,14.003920665720287,9.60013662360476e-13,20.929086288395464,1.4347540964418887e-12,300000000000000.0,50,52000000000000.0
105040.826,213878100000000.0,9.5125864e+33,19.848478826473123,1.33829673775255e-12,-12.563382113152395,14.034293261492968,9.463574965975262e-13,20.974478565488138,1.4143447661231502e-12,300000000000000.0,50,52000000000000.0
106040.826,212452070000000.0,9.4094928e+33,19.891086555279074,1.3186389345072219e-12,-12.56338854628507,14.064422713713995,9.324566132158948e-13,21.019507461155964,1.3935697017205316e-12,300000000000000.0,50,52000000000000.0
107040.826,211279000000000.0,9.3701782e+33,19.93269166448396,1.303292825826967e-12,-12.563394784570056,14.093843170225963,9.216046937691644e-13,21.06347675283227,1.3773513570904942e-12,300000000000000.0,50,52000000000000.0
108040.826,210478570000000.0,9.368711e+33,19.974059840340278,1.288528474480469e-12,-12.563400975162573,14.123096080629725,9.11164158273797e-13,21.10719564451684,1.361747831570639e-12,300000000000000.0,50,52000000000000.0
109040.826,209645460000000.0,9.2097054e+33,20.01479169077022,1.2750132489860102e-12,-12.563407036488293,14.151899016820918,9.016069311870055e-13,21.150242043480368,1.347464422872114e-12,300000000000000.0,50,52000000000000.0
110040.826,208593570000000.0,9.1840583e+33,20.055169543432548,1.2597043563322862e-12,-12.563413025042932,14.180451625183348,8.907813431432364e-13,21.19291432402499,1.3312854305057425e-12,300000000000000.0,50,52000000000000.0
111040.826,207369670000000.0,9.0356221e+33,20.095154026495635,1.2424023038448707e-12,-12.56341893273285,14.208726064114526,8.785463263205481e-13,21.23517087648887,1.3130000265854568e-12,300000000000000.0,50,52000000000000.0
112040.826,205848970000000.0,8.8752132e+33,20.134465998455568,1.2222707996795988e-12,-12.563424712805826,14.236524941856274,8.643105125698102e-13,21.276716696097736,1.2917244028849703e-12,300000000000000.0,50,52000000000000.0
113040.826,204194710000000.0,8.9220284e+33,20.1734781484644,1.20087785653045e-12,-12.56343043598404,14.26411180275099,8.491826944552532e-13,21.317945653560677,1.2691156658358355e-12,300000000000000.0,50,52000000000000.0
114040.826,202500990000000.0,8.9552087e+33,20.211414332625584,1.1794591517851327e-12,-12.563435967126983,14.290937804537766,8.340366701763086e-13,21.358037496380074,1.2464797191263884e-12,300000000000000.0,50,52000000000000.0
115040.826,200889340000000.0,9.0247091e+33,20.249154713855972,1.1580450721136283e-12,-12.563441463492797,14.317625346156412,8.188939183800891e-13,21.39792240852904,1.2238486631375106e-12,300000000000000.0,50,52000000000000.0
116040.826,199176100000000.0,8.9224212e+33,20.285701726111853,1.1368247692350892e-12,-12.563446750909478,14.343469008842357,8.038882042211099e-13,21.436546131719677,1.2014224115533069e-12,300000000000000.0,50,52000000000000.0
117040.826,197537880000000.0,8.8473473e+33,20.32203618261645,1.1157657464545098e-12,-12.563452001739567,14.369162364962705,7.889965386995452e-13,21.474945219626772,1.1791666072375038e-12,300000000000000.0,50,52000000000000.0
118040.826,195995330000000.0,9.0462168e+33,20.357331527958472,1.0954951659959023e-12,-12.563457073710518,14.39412092454531,7.746624173116855e-13,21.51224614373813,1.157744060352542e-12,300000000000000.0,50,52000000000000.0
119040.826,194225890000000.0,8.9059364e+33,20.392299994907102,1.074545426716723e-12,-12.563462090036298,14.418848335612976,7.598480422783154e-13,21.54920161312891,1.1356037674473566e-12,300000000000000.0,50,52000000000000.0
120040.826,192328620000000.0,8.8712685e+33,20.42638024598992,1.0517502315982184e-12,-12.56346695515929,14.442947654452837,7.437286898705537e-13,21.585218389813377,1.1115131669792682e-12,300000000000000.0,50,52000000000000.0
121040.826,190326240000000.0,8.9374017e+33,20.459992109098362,1.0290363606955729e-12,-12.563471743282333,14.466715758280793,7.276668484008836e-13,21.620740160971632,1.0875085173300962e-12,300000000000000.0,50,52000000000000.0
122040.826,188391220000000.0,8.9438499e+33,20.492683707338024,1.0064822714759144e-12,-12.563476380119791,14.489833107699706,7.117180014972399e-13,21.655289370449086,1.0636727394782788e-12,300000000000000.0,50,52000000000000.0
123040.826,186441740000000.0,8.8296417e+33,20.524852860612413,9.8467075042983e-13,-12.563480932463898,14.512581016584555,6.962942537893822e-13,21.68928644580972,1.0406217297871342e-12,300000000000000.0,50,52000000000000.0
124040.826,184656820000000.0,8.8130994e+33,20.556148147536113,9.641012843045862e-13,-12.5634853434804,14.534710981623137,6.817488120246895e-13,21.72235999532968,1.0188833607266685e-12,300000000000000.0,50,52000000000000.0
125040.826,182856410000000.0,8.7917794e+33,20.586952824800086,9.441661492101895e-13,-12.563489675617689,14.556494018151698,6.676519307729123e-13,21.75491505526985,9.978153716832552e-13,300000000000000.0,50,52000000000000.0
126040.826,181112970000000.0,8.7042781e+33,20.616953955893457,9.25269954667872e-13,-12.563493878562479,14.577708837014397,6.542897253989754e-13,21.786620905847595,9.778453661076988e-13,300000000000000.0,50,52000000000000.0
127040.826,179505680000000.0,8.6179215e+33,20.64653029790241,9.070832349615193e-13,-12.563498013637107,14.598623271639735,6.414292165346241e-13,21.817877827919375,9.586251530767835e-13,300000000000000.0,50,52000000000000.0
128040.826,178001330000000.0,8.5829003e+33,20.675323213240475,8.902049799243493e-13,-12.563502023540684,14.618983715986852,6.294939725622297e-13,21.8483068036578,9.407877615416373e-13,300000000000000.0,50,52000000000000.0
129040.826,176393680000000.0,8.5115652e+33,20.703796871925395,8.737147324906882e-13,-12.563505982545097,14.639118402041019,6.178331039053844e-13,21.878398380422823,9.23360427792594e-13,300000000000000.0,50,52000000000000.0
130040.826,174845230000000.0,8.4173447e+33,20.731493045761486,8.581693989060573e-13,-12.563509817594918,14.658703299545655,6.068404206994162e-13,21.90766829039643,9.06931706641569e-13,300000000000000.0,50,52000000000000.0
131040.826,173538480000000.0,8.4029246e+33,20.758986889755064,8.432707028282442e-13,-12.563513620560553,14.67814512209794,5.963049977703866e-13,21.93672437282203,8.911863674975131e-13,300000000000000.0,50,52000000000000.0
132040.826,172398630000000.0,8.3994816e+33,20.785656505881974,8.310062036939681e-13,-12.563517292825349,14.69700410248872,5.876323087706642e-13,21.964909389360717,8.782249107837924e-13,300000000000000.0,50,52000000000000.0
133040.826,171247490000000.0,8.3654796e+33,20.812269298353034,8.189303314898896e-13,-12.563520955925696,14.715822900733482,5.790930045035355e-13,21.993034353112282,8.654627994570236e-13,300000000000000.0,50,52000000000000.0
134040.826,170305140000000.0,8.288789e+33,20.838115838875552,8.09398043478632e-13,-12.563524495445863,14.734099853382075,5.723523580263301e-13,22.020349520935447,8.553888078734515e-13,300000000000000.0,50,52000000000000.0
135040.826,169485580000000.0,8.2613904e+33,20.86396237939807,7.998657554673743e-13,-12.563528034966032,14.75237680603067,5.656117115491246e-13,22.047664688758612,8.453148162898793e-13,300000000000000.0,50,52000000000000.0
136040.826,168417470000000.0,8.1313017e+33,20.889219670483282,7.895300629180631e-13,-12.563531477036898,14.770237077800646,5.583029546335529e-13,22.074357121109976,8.343917754098981e-13,300000000000000.0,50,52000000000000.0
137040.826,167404710000000.0,8.1014102e+33,20.91441609080882,7.791113769173132e-13,-12.563534909041039,14.788054305521669,5.509355106632721e-13,22.10098522352083,8.233810258747963e-13,300000000000000.0,50,52000000000000.0
138040.826,166572030000000.0,8.1686418e+33,20.93910086110761,7.701391656413958e-13,-12.563538258849755,14.805509726302342,5.44590919720525e-13,22.127072600326393,8.138989447932504e-13,300000000000000.0,50,52000000000000.0
139040.826,165790050000000.0,8.1950489e+33,20.96357515034544,7.617620008207297e-13,-12.563541574845162,14.822816308023716,5.38667107003507e-13,22.152937535046267,8.050457227777682e-13,300000000000000.0,50,52000000000000.0
140040.826,164952290000000.0,8.1388388e+33,20.987769189746636,7.524834391704494e-13,-12.56354484485938,14.839924714397974,5.321058884919169e-13,22.17850629390275,7.952398886083223e-13,300000000000000.0,50,52000000000000.0
141040.826,163817090000000.0,7.9425944e+33,21.01165340462663,7.422083565426689e-13,-12.563548064040019,14.856814032037795,5.248399989357844e-13,22.20374762154226,7.843809133985948e-13,300000000000000.0,50,52000000000000.0
142040.826,162782300000000.0,7.8134723e+33,21.035386817418836,7.321326176733063e-13,-12.563551259597098,14.873596711964382,5.17715072696143e-13,22.22882957760373,7.73732609868732e-13,300000000000000.0,50,52000000000000.0
143040.826,161828770000000.0,7.7102199e+33,21.058535500259715,7.22829827427288e-13,-12.563554363554616,14.889965907795473,5.111367269077213e-13,22.253293575807742,7.639011785912111e-13,300000000000000.0,50,52000000000000.0
144040.826,160900550000000.0,7.5960961e+33,21.0816841831006,7.135270371812695e-13,-12.563557467512133,14.906335103626565,5.045583811192996e-13,22.27775757401176,7.540697473136901e-13,300000000000000.0,50,52000000000000.0
145040.826,159892650000000.0,7.4996092e+33,21.10422500424786,7.031560762170839e-13,-12.56356047625369,14.922274458054549,4.972247000290578e-13,22.301579168129578,7.431094564929943e-13,300000000000000.0,50,52000000000000.0
146040.826,158778340000000.0,7.401362e+33,21.126696924893245,6.92664039193427e-13,-12.563563474202615,14.938165090398693,4.898054024541394e-13,22.32532794640062,7.320212105965231e-13,300000000000000.0,50,52000000000000.0
147040.826,157472230000000.0,7.347349e+33,21.148739237225616,6.811273460777828e-13,-12.563566406847116,14.95375193121906,4.816473966238664e-13,22.34862270391257,7.198289545409434e-13,300000000000000.0,50,52000000000000.0
148040.826,156088150000000.0,7.2618304e+33,21.17043546595381,6.687490995412906e-13,-12.56356928688372,14.969094043847997,4.728943026453782e-13,22.371551711656842,7.06747330651131e-13,300000000000000.0,50,52000000000000.0
149040.826,154723100000000.0,7.2001732e+33,21.191972327346626,6.566431826775982e-13,-12.563572143460636,14.984323462222584,4.643337825546601e-13,22.394312296229423,6.939535111855928e-13,300000000000000.0,50,52000000000000.0
150040.826,153464520000000.0,7.1535939e+33,21.212738529904016,6.458541810274371e-13,-12.563574886592626,14.999007920598839,4.567044995191121e-13,22.416258430305906,6.825514387924608e-13,300000000000000.0,50,52000000000000.0
151040.826,152304400000000.0,7.1108267e+33,21.233504732461405,6.350651793772761e-13,-12.563577629724618,15.013692378975094,4.490752164835641e-13,22.43820456438239,6.711493663993288e-13,300000000000000.0,50,52000000000000.0
152040.826,151215730000000.0,7.0737811e+33,21.253652976557728,6.256577837203624e-13,-12.563580281870799,15.027939857160172,4.424229144781638e-13,22.459497625325927,6.61207406132462e-13,300000000000000.0,50,52000000000000.0
153040.826,150198750000000.0,7.0250301e+33,21.273595375125634,6.167106089903545e-13,-12.563582903709081,15.042041774722609,4.3609605049015896e-13,22.48057314384127,6.517518176383153e-13,300000000000000.0,50,52000000000000.0
154040.826,149264420000000.0,6.9903389e+33,21.29333676622277,6.07944281500519e-13,-12.56358549574322,15.056001552786654,4.2989707027117827e-13,22.501436232848388,6.424873532539482e-13,300000000000000.0,50,52000000000000.0
155040.826,148347930000000.0,6.9542145e+33,21.312584884015155,5.996217540121075e-13,-12.563588014637853,15.069612519834681,4.2401191743944973e-13,22.521778018815656,6.3369190835869e-13,300000000000000.0,50,52000000000000.0
156040.826,147353630000000.0,6.9079062e+33,21.331833001807546,5.912992265236961e-13,-12.563590533532484,15.083223486882709,4.1812676460772113e-13,22.54211980478292,6.248964634634316e-13,300000000000000.0,50,52000000000000.0
157040.826,146291880000000.0,6.8661919e+33,21.350563360566937,5.823783663742864e-13,-12.563592976011051,15.096468328250356,4.1181851361220306e-13,22.561914410695806,6.15468692220147e-13,300000000000000.0,50,52000000000000.0
158040.826,145195930000000.0,6.800244e+33,21.369155165295076,5.73297390424032e-13,-12.563595398040428,15.109615193173887,4.053970401474016e-13,22.581562589414713,6.058717083528338e-13,300000000000000.0,50,52000000000000.0
159040.826,144112390000000.0,6.7547727e+33,21.38756678027544,5.642002184400197e-13,-12.563597794049516,15.12263463966901,3.9896411464240435e-13,22.60102033947133,5.962576092284244e-13,300000000000000.0,50,52000000000000.0
160040.826,142860180000000.0,6.7316267e+33,21.405430813701418,5.550538280656762e-13,-12.563600110985126,15.135266872230243,3.9249638734624773e-13,22.61989939276978,5.865914982709345e-13,300000000000000.0,50,52000000000000.0
161040.826,141853800000000.0,6.734653e+33,21.423294847127398,5.459074376913326e-13,-12.563602427920735,15.147899104791476,3.860286600500911e-13,22.63877844606823,5.769253873134445e-13,300000000000000.0,50,52000000000000.0
162040.826,140769890000000.0,6.7019002e+33,21.440663528162993,5.374598076841886e-13,-12.563604674252744,15.160181056635901,3.800550503612674e-13,22.65713399982505,5.67997742184791e-13,300000000000000.0,50,52000000000000.0
163040.826,139864470000000.0,6.6800146e+33,21.457782625998245,5.293642479448019e-13,-12.563606885011144,15.172286519612976,3.7433040172759706e-13,22.675225788445143,5.594421729126004e-13,300000000000000.0,50,52000000000000.0
164040.826,138796150000000.0,6.5929683e+33,21.474874703333487,5.214041085719968e-13,-12.563609091921672,15.184372875465474,3.68701513246522e-13,22.693289021194232,5.510297185646579e-13,300000000000000.0,50,52000000000000.0
165040.826,137473050000000.0,6.483811e+33,21.491323727638672,5.166667991623441e-13,-12.563611207257809,15.196004506410935,3.6535159281767225e-13,22.710672661065075,5.460232147224198e-13,300000000000000.0,50,52000000000000.0
166040.826,136752880000000.0,6.5158576e+33,21.507772751943854,5.119294897526913e-13,-12.563613322593946,15.207636137356397,3.6200167238882247e-13,22.728056300935915,5.410167108801816e-13,300000000000000.0,50,52000000000000.0
167040.826,137605110000000.0,6.0834634e+33,21.524073139896068,5.091422002504362e-13,-12.56361541567593,15.219162662235895,3.600306735371556e-13,22.74528285829263,5.380710251786346e-13,300000000000000.0,50,52000000000000.0
168040.826,137764820000000.0,6.4785631e+33,21.540123677418407,5.096327987101088e-13,-12.563617471349769,15.23051250896609,3.6037757432391974e-13,22.76224536763623,5.385894738428277e-13,300000000000000.0,50,52000000000000.0
169040.826,137728080000000.0,6.3885769e+33,21.556174214940746,5.101233971697813e-13,-12.563619527023606,15.241862355696286,3.607244751106839e-13,22.77920787697983,5.391079225070207e-13,300000000000000.0,50,52000000000000.0
170040.826,137364730000000.0,6.3614823e+33,21.57225252836243,5.075229772787115e-13,-12.56362158074609,15.253231842686546,3.5888561882566077e-13,22.796199739,5.363597257446236e-13,300000000000000.0,50,52000000000000.0
171040.826,136860450000000.0,6.3173755e+33,21.588345004582468,5.033464619006194e-13,-12.563623633473592,15.264611344151565,3.559322554540837e-13,22.813206567809694,5.319458820884403e-13,300000000000000.0,50,52000000000000.0
172040.826,136279000000000.0,6.2183542e+33,21.604437480802506,4.991699465225273e-13,-12.56362568620109,15.275990845616583,3.529788920825066e-13,22.830213396619385,5.275320384322568e-13,300000000000000.0,50,52000000000000.0
173040.826,135263070000000.0,6.2053438e+33,21.620200681864272,4.899807428392358e-13,-12.563627689454831,15.287137504842661,3.4648089949812045e-13,22.846872239384037,5.17820695320202e-13,300000000000000.0,50,52000000000000.0
174040.826,133671530000000.0,6.3053524e+33,21.635930322866127,4.802806408521608e-13,-12.563629687666158,15.298260432550302,3.396216346897088e-13,22.86349561505612,5.075694256614491e-13,300000000000000.0,50,52000000000000.0
175040.826,132426360000000.0,6.4076798e+33,21.651567549184275,4.710158768539405e-13,-12.563631673308194,15.309318010760737,3.3307021137773243e-13,22.880021324967124,4.977782295478259e-13,300000000000000.0,50,52000000000000.0
176040.826,131607510000000.0,6.521442e+33,21.666440787067373,4.653500343202345e-13,-12.56363355504043,15.319835347333141,3.2906370120807934e-13,22.895739635999817,4.917904427373454e-13,300000000000000.0,50,52000000000000.0
177040.826,130865710000000.0,6.5541181e+33,21.681314024950474,4.596841917865285e-13,-12.563635436772667,15.330352683905545,3.2505719103842625e-13,22.911457947032513,4.858026559268647e-13,300000000000000.0,50,52000000000000.0
178040.826,130237860000000.0,6.5482495e+33,21.696053674709262,4.547651842563994e-13,-12.563637299740343,15.340775555766758,3.215787917732904e-13,22.927035079201865,4.806041384647053e-13,300000000000000.0,50,52000000000000.0
179040.826,129792460000000.0,6.5494762e+33,21.710418550650587,4.519413794753976e-13,-12.563639110065122,15.350933412301114,3.1958197734776346e-13,22.942216142170953,4.776198708709697e-13,300000000000000.0,50,52000000000000.0
180040.826,129576050000000.0,6.4421336e+33,21.72478342659191,4.4911757469439586e-13,-12.5636409203899,15.361091268835468,3.175851629222365e-13,22.95739720514004,4.746356032772342e-13,300000000000000.0,50,52000000000000.0
181040.826,129220460000000.0,6.365456e+33,21.739052678410218,4.459404599084754e-13,-12.563642716140137,15.371181506096157,3.1533851220443717e-13,22.972477210141736,4.71277951735351e-13,300000000000000.0,50,52000000000000.0
182040.826,128719060000000.0,6.2906873e+33,21.753160070623483,4.421653096472853e-13,-12.563644487220557,15.381157286579793,3.1266897234195273e-13,22.98738615786025,4.672882862573215e-13,300000000000000.0,50,52000000000000.0
183040.826,128277890000000.0,6.1607922e+33,21.76726746283675,4.3839015938609515e-13,-12.563646258300976,15.39113306706343,3.099994324794683e-13,23.002295105578764,4.632986207792919e-13,300000000000000.0,50,52000000000000.0
184040.826,127541640000000.0,6.09479e+33,21.781223396199742,4.337921378888963e-13,-12.56364800751981,15.401001745733797,3.067480150701396e-13,23.01704398810663,4.58439330905728e-13,300000000000000.0,50,52000000000000.0
185040.826,126749170000000.0,5.9721647e+33,21.794980959297835,4.281163768950266e-13,-12.563649728105858,15.410730149900363,3.0273449493195414e-13,23.031583228383735,4.5244106749982616e-13,300000000000000.0,50,52000000000000.0
186040.826,125842970000000.0,6.0026641e+33,21.80873852239593,4.224406159011568e-13,-12.563651448691905,15.42045855406693,2.987209747937687e-13,23.046122468660837,4.464428040939243e-13,300000000000000.0,50,52000000000000.0
187040.826,125169190000000.0,5.9892802e+33,21.822257304823754,4.1758831938616437e-13,-12.56365313663253,15.430018108447573,2.9528975271023184e-13,23.060409360511343,4.4131479351221547e-13,300000000000000.0,50,52000000000000.0
188040.826,124510510000000.0,6.0262774e+33,21.835480362151504,4.137558672125946e-13,-12.563654784142448,15.439368545734355,2.9257969515933454e-13,23.07438372386605,4.3726457370488266e-13,300000000000000.0,50,52000000000000.0
189040.826,124137550000000.0,6.0507277e+33,21.848703419479257,4.099234150390248e-13,-12.563656431652367,15.448718983021138,2.8986963760843725e-13,23.088358087220755,4.332143538975499e-13,300000000000000.0,50,52000000000000.0
190040.826,123617140000000.0,6.0164352e+33,21.861775381819427,4.0620733102425155e-13,-12.563658057913809,15.45796257589253,2.872418679990841e-13,23.102172770067064,4.292871145955417e-13,300000000000000.0,50,52000000000000.0
191040.826,123220920000000.0,6.0933753e+33,21.874631654091267,4.0265736407612865e-13,-12.563659653842773,15.46705364696538,2.847315655011072e-13,23.115759506901927,4.2553543157122114e-13,300000000000000.0,50,52000000000000.0
192040.826,122699640000000.0,6.046558e+33,21.887487926363107,3.991073971280057e-13,-12.563661249771739,15.47614471803823,2.8222126300313034e-13,23.12934624373679,4.2178374854690063e-13,300000000000000.0,50,52000000000000.0
193040.826,122057680000000.0,5.9222865e+33,21.900231017790322,3.94999726369508e-13,-12.563662829807111,15.485155755082275,2.7931659112284193e-13,23.142813368569726,4.174426747831177e-13,300000000000000.0,50,52000000000000.0
194040.826,121496480000000.0,5.7798529e+33,21.912742014541955,3.8974839843678895e-13,-12.563664377250236,15.49400267007888,2.7560320435665243e-13,23.156035210652952,4.1189296493855765e-13,300000000000000.0,50,52000000000000.0
195040.826,120470580000000.0,5.6117819e+33,21.92525301129359,3.844970705040699e-13,-12.56366592469336,15.502849585075483,2.7188981759046293e-13,23.169257052736178,4.0634325509399765e-13,300000000000000.0,50,52000000000000.0
196040.826,119654050000000.0,5.3408682e+33,21.937663574092294,3.793454771387189e-13,-12.563667458688055,15.51162547991938,2.6824695646381443e-13,23.182372754181365,4.008989468292492e-13,300000000000000.0,50,52000000000000.0
197040.826,118935030000000.0,5.2866867e+33,21.949655511267174,3.7460959424041513e-13,-12.563668936627428,15.52010535081059,2.648980580757237e-13,23.1950460435785,3.9589397009345093e-13,300000000000000.0,50,52000000000000.0
198040.826,118245290000000.0,5.2236055e+33,21.961647448442054,3.698737113421114e-13,-12.5636704145668,15.528585221701801,2.615491596876329e-13,23.20771933297564,3.908889933576527e-13,300000000000000.0,50,52000000000000.0
199040.826,117507630000000.0,5.206194e+33,21.973635480419215,3.651393002493706e-13,-12.563671891984372,15.537062331099406,2.5820130206761457e-13,23.22038849528092,3.8588557206452887e-13,300000000000000.0,50,52000000000000.0
200040.826,116734970000000.0,5.2198854e+33,21.985151692989735,3.605827102241168e-13,-12.563673306358918,15.545205801493621,2.5497918829195387e-13,23.232559029304117,3.8107007673373225e-13,300000000000000.0,50,52000000000000.0
201040.826,116024600000000.0,5.1326831e+33,21.99666790556026,3.56026120198863e-13,-12.563674720733465,15.553349271887836,2.517570745162931e-13,23.24472956332732,3.762545814029356e-13,300000000000000.0,50,52000000000000.0
202040.826,115376350000000.0,5.1405953e+33,22.00818411813078,3.514695301736092e-13,-12.56367613510801,15.56149274228205,2.485349607406324e-13,23.256900097350517,3.71439086072139e-13,300000000000000.0,50,52000000000000.0
203040.826,114665050000000.0,5.1710399e+33,22.019341637508248,3.476374573069066e-13,-12.563677501884195,15.569382568992683,2.4582517615111943e-13,23.268691557244427,3.67389274085904e-13,300000000000000.0,50,52000000000000.0
204040.826,114026270000000.0,5.1688842e+33,22.030392691319687,3.440204320933973e-13,-12.563678854532466,15.577197110420894,2.432674586145991e-13,23.280370502202114,3.635667284996345e-13,300000000000000.0,50,52000000000000.0
205040.826,113541590000000.0,5.021366e+33,22.041443745131126,3.4040340687988803e-13,-12.563680207180738,15.585011651849104,2.4070974107807883e-13,23.292049447159798,3.5974418291336497e-13,300000000000000.0,50,52000000000000.0
206040.826,113141400000000.0,4.9203535e+33,22.052314160694053,3.369420483184277e-13,-12.563681535644433,15.592698458028398,2.3826210059590915e-13,23.303537489953744,3.5608614906434397e-13,300000000000000.0,50,52000000000000.0
207040.826,112703420000000.0,4.8747988e+33,22.062989965651898,3.336483972142541e-13,-12.563682838052877,15.600247648645722,2.359330516209619e-13,23.314819864314213,3.526053519245642e-13,300000000000000.0,50,52000000000000.0
208040.826,112114890000000.0,4.7895887e+33,22.07366577060974,3.303547461100805e-13,-12.563684140461321,15.607796839263045,2.336040026460147e-13,23.326102238674682,3.4912455478478443e-13,300000000000000.0,50,52000000000000.0
209040.826,111477750000000.0,4.7288234e+33,22.084293605202504,3.2696817847601026e-13,-12.563685436454906,15.61531210845819,2.312092496397467e-13,23.337333916982573,3.4554556201881215e-13,300000000000000.0,50,52000000000000.0
210040.826,110773910000000.0,4.6690837e+33,22.094622152351686,3.2300190396137767e-13,-12.56368669242613,15.622615741662866,2.284045687220543e-13,23.34824930226347,3.4135392605352694e-13,300000000000000.0,50,52000000000000.0
211040.826,110168770000000.0,4.6612285e+33,22.104950699500865,3.190356294467451e-13,-12.563687948397353,15.62991937486754,2.255998878043619e-13,23.359164687544364,3.371622900882418e-13,300000000000000.0,50,52000000000000.0
212040.826,109533350000000.0,4.6673866e+33,22.115279246650047,3.150693549321125e-13,-12.563689204368577,15.637223008072217,2.227952068866695e-13,23.37008007282526,3.329706541229566e-13,300000000000000.0,50,52000000000000.0
213040.826,108761990000000.0,4.6657671e+33,22.125293089500268,3.1093776250286273e-13,-12.563690419241311,15.644304103694394,2.198736252152811e-13,23.380662872488823,3.286043082770895e-13,300000000000000.0,50,52000000000000.0
214040.826,107974570000000.0,4.6617895e+33,22.13519666125367,3.067482433537409e-13,-12.563691619713303,15.651307223059538,2.1691108199881232e-13,23.391129135514884,3.241767448049609e-13,300000000000000.0,50,52000000000000.0
215040.826,107280260000000.0,4.6676837e+33,22.145100233007074,3.0255872420461904e-13,-12.563692820185295,15.658310342424683,2.1394853878234356e-13,23.401595398540945,3.197491813328323e-13,300000000000000.0,50,52000000000000.0
216040.826,106701360000000.0,4.66298e+33,22.154872581059262,2.9852262034286367e-13,-12.56369400373389,15.66522066930648,2.1109448043997334e-13,23.411922981865235,3.1548375006603937e-13,300000000000000.0,50,52000000000000.0
217040.826,106096440000000.0,4.6742062e+33,22.164319956482554,2.9486644608824446e-13,-12.563695145372062,15.671901197630733,2.085090825179824e-13,23.421907127938148,3.1161983566327397e-13,300000000000000.0,50,52000000000000.0
218040.826,105414300000000.0,4.6845187e+33,22.173767331905843,2.912102718336252e-13,-12.563696287010234,15.678581725954984,2.0592368459599144e-13,23.43189127401106,3.0775592126050857e-13,300000000000000.0,50,52000000000000.0
219040.826,104762390000000.0,4.6832779e+33,22.183214707329135,2.87554097579006e-13,-12.563697428648405,15.685262254279237,2.033382866740005e-13,23.441875420083978,3.038920068577432e-13,300000000000000.0,50,52000000000000.0
220040.826,104176450000000.0,4.6881776e+33,22.192347059283552,2.8414884231823325e-13,-12.563698529675856,15.691720019418508,2.0093032176695846e-13,23.45152664337099,3.002932686452729e-13,300000000000000.0,50,52000000000000.0
221040.826,103555070000000.0,4.6859764e+33,22.201389839173927,2.808149320028592e-13,-12.563699619156273,15.69811444528232,1.9857280720075905e-13,23.46108320519927,2.9676992919208976e-13,300000000000000.0,50,52000000000000.0
222040.826,102958260000000.0,4.7174111e+33,22.210432619064303,2.7748102168748514e-13,-12.563700708636688,15.704508871146132,1.9621529263455965e-13,23.470639767027546,2.9324658973890664e-13,300000000000000.0,50,52000000000000.0
223040.826,102395360000000.0,4.7712475e+33,22.219395722551024,2.741629093030295e-13,-12.563701787873429,15.710846955277736,1.938689493976672e-13,23.480112125326055,2.89739945995386e-13,300000000000000.0,50,52000000000000.0
224040.826,101793630000000.0,4.819765e+33,22.228063568549533,2.709033394379145e-13,-12.563702829150095,15.7169762534003,1.9156400384540765e-13,23.489272449928798,2.862951716771001e-13,300000000000000.0,50,52000000000000.0
225040.826,101182450000000.0,4.8477606e+33,22.236731414548043,2.676437695727995e-13,-12.563703870426764,15.723105551522865,1.8925905829314808e-13,23.49843277453154,2.828503973588142e-13,300000000000000.0,50,52000000000000.0
226040.826,100562150000000.0,4.9028897e+33,22.245399260546552,2.643841997076845e-13,-12.56370491170343,15.72923484964543,1.8695411274088854e-13,23.50759309913428,2.794056230405283e-13,300000000000000.0,50,52000000000000.0
227040.826,100067770000000.0,4.9871992e+33,22.253847905577597,2.615786192223742e-13,-12.563705924991556,15.735209143790195,1.8497019720936874e-13,23.516521768060194,2.7644063271904196e-13,300000000000000.0,50,52000000000000.0
228040.826,99659705000000.0,5.0430314e+33,22.262143216070307,2.590906114775779e-13,-12.563706918701254,15.741075010204685,1.8321084724702028e-13,23.525288390181895,2.738112588800027e-13,300000000000000.0,50,52000000000000.0
229040.826,99178247000000.0,5.0646783e+33,22.270438526563016,2.566026037327816e-13,-12.563707912410951,15.746940876619178,1.8145149728467183e-13,23.534055012303593,2.711818850409635e-13,300000000000000.0,50,52000000000000.0
230040.826,98709428000000.0,5.0858842e+33,22.278733837055725,2.541145959879853e-13,-12.563708906120649,15.75280674303367,1.7969214732232335e-13,23.542821634425295,2.685525112019243e-13,300000000000000.0,50,52000000000000.0
231040.826,98216508000000.0,5.1024289e+33,22.286767519306448,2.5159309414237574e-13,-12.563709866108026,15.758487603738812,1.7790911306329365e-13,23.551311762851796,2.658877408288401e-13,300000000000000.0,50,52000000000000.0
232040.826,97773907000000.0,5.1169835e+33,22.294773851191213,2.490680908555317e-13,-12.563710822570101,15.764149124124208,1.7612360287056231e-13,23.559772986892092,2.6321927013597256e-13,300000000000000.0,50,52000000000000.0
233040.826,97327496000000.0,5.1101373e+33,22.302780183075978,2.465430875686877e-13,-12.563711779032177,15.769810644509604,1.7433809267783097e-13,23.568234210932392,2.605507994431051e-13,300000000000000.0,50,52000000000000.0
234040.826,96786098000000.0,5.0877783e+33,22.310738110678457,2.4400799459433526e-13,-12.563712729309957,15.77543793668633,1.7254544783215468e-13,23.576644280421977,2.578716659064434e-13,300000000000000.0,50,52000000000000.0
235040.826,96238308000000.0,5.0640404e+33,22.318446397107632,2.4142086487222176e-13,-12.563713647692722,15.780888699643556,1.7071600659061842e-13,23.584790524451144,2.551375396148052e-13,300000000000000.0,50,52000000000000.0
236040.826,95769334000000.0,5.021182e+33,22.326154683536803,2.388337351501082e-13,-12.56371456607549,15.78633946260078,1.6888656534908214e-13,23.592936768480314,2.5240341332316695e-13,300000000000000.0,50,52000000000000.0
237040.826,95332002000000.0,4.9827408e+33,22.333862969965974,2.3624660542799466e-13,-12.563715484458257,15.791790225558007,1.6705712410754588e-13,23.60108301250948,2.496692870315288e-13,300000000000000.0,50,52000000000000.0
238040.826,94761701000000.0,4.9600325e+33,22.34145997254285,2.335552117275744e-13,-12.563716388752743,15.797162296184046,1.6515395481257726e-13,23.609111649716002,2.468249730940205e-13,300000000000000.0,50,52000000000000.0
239040.826,94122178000000.0,4.9608142e+33,22.34885791354401,2.306773134140956e-13,-12.563717267846494,15.802393604074803,1.6311890274946315e-13,23.616929914986713,2.437835584455039e-13,300000000000000.0,50,52000000000000.0
240040.826,93592513000000.0,4.8817138e+33,22.356255854545164,2.277994151006169e-13,-12.563718146940245,15.807624911965558,1.61083850686349e-13,23.624748180257424,2.407421437969872e-13,300000000000000.0,50,52000000000000.0
241040.826,93036366000000.0,4.7884537e+33,22.363653795546323,2.249215167871381e-13,-12.563719026033995,15.812856219856313,1.590487986232349e-13,23.632566445528134,2.3770072914847057e-13,300000000000000.0,50,52000000000000.0
242040.826,92464410000000.0,4.7140915e+33,22.370878811104546,2.224836616072107e-13,-12.563719883523671,15.817965246748548,1.5732491455309438e-13,23.64020196008358,2.351243595592657e-13,300000000000000.0,50,52000000000000.0
243040.826,92003086000000.0,4.6050905e+33,22.37792591204222,2.204985455141478e-13,-12.563720718785957,15.822948464638461,1.5592117617381693e-13,23.647649451271217,2.33026452328522e-13,300000000000000.0,50,52000000000000.0
244040.826,91639642000000.0,4.4551322e+33,22.38497301297989,2.185134294210849e-13,-12.563721554048243,15.827931682528373,1.5451743779453945e-13,23.655096942458854,2.3092854509777835e-13,300000000000000.0,50,52000000000000.0
245040.826,91364964000000.0,4.3003353e+33,22.392020113917567,2.1652831332802198e-13,-12.563722389310529,15.832914900418286,1.53113699415262e-13,23.66254443364649,2.2883063786703465e-13,300000000000000.0,50,52000000000000.0
246040.826,90917309000000.0,4.1822244e+33,22.398928425284787,2.149706415474691e-13,-12.563723206997981,15.837799975812972,1.5201221994992763e-13,23.669845249461122,2.2718446095004415e-13,300000000000000.0,50,52000000000000.0
247040.826,90534978000000.0,4.060215e+33,22.40572958788312,2.1374296669466946e-13,-12.563724011117253,15.842609282924027,1.5114409137982812e-13,23.677032828484315,2.258870303173033e-13,300000000000000.0,50,52000000000000.0
248040.826,90236140000000.0,3.9319815e+33,22.41253075048145,2.1251529184186982e-13,-12.563724815236526,15.847418590035081,1.5027596280972864e-13,23.684220407507507,2.2458959968456247e-13,300000000000000.0,50,52000000000000.0
249040.826,90164147000000.0,3.8483585e+33,22.419331913079784,2.1128761698907017e-13,-12.563725619355798,15.852227897146136,1.4940783423962912e-13,23.6914079865307,2.2329216905182163e-13,300000000000000.0,50,52000000000000.0
250040.826,90207201000000.0,3.755092e+33,22.42604468083503,2.098862005966448e-13,-12.563726411935491,15.85697469740649,1.4841684791683134e-13,23.698502148166597,2.2181112572775696e-13,300000000000000.0,50,52000000000000.0
251040.826,90004848000000.0,3.7080718e+33,22.43269127162925,2.0835471228264808e-13,-12.563727195876051,15.861674701798686,1.47333883912658e-13,23.70552637270455,2.2019262042633893e-13,300000000000000.0,50,52000000000000.0
252040.826,89564606000000.0,3.6898972e+33,22.439337862423464,2.0682322396865137e-13,-12.563727979816614,15.866374706190882,1.4625091990848463e-13,23.712550597242505,2.185741151249209e-13,300000000000000.0,50,52000000000000.0
253040.826,89092631000000.0,3.6418596e+33,22.445984453217683,2.0529173565465466e-13,-12.563728763757176,15.871074710583077,1.451679559043113e-13,23.71957482178046,2.1695560982350285e-13,300000000000000.0,50,52000000000000.0
254040.826,88688939000000.0,3.6179339e+33,22.45253022700102,2.0355209478427185e-13,-12.563729534866331,15.875703424066428,1.43937801104126e-13,23.72649250102839,2.151171257450389e-13,300000000000000.0,50,52000000000000.0
255040.826,88303406000000.0,3.5976807e+33,22.45898085790253,2.0161601648829075e-13,-12.563730293866252,15.880264858997714,1.4256873962154232e-13,23.733309631511293,2.130710436173393e-13,300000000000000.0,50,52000000000000.0
256040.826,87881313000000.0,3.5821143e+33,22.465431488804043,1.9967993819230968e-13,-12.56373105286617,15.884826293929,1.4119967813895863e-13,23.740126761994198,2.1102496148963976e-13,300000000000000.0,50,52000000000000.0
257040.826,87456573000000.0,3.5764321e+33,22.471882119705555,1.977438598963286e-13,-12.56373181186609,15.889387728860285,1.3983061665637495e-13,23.746943892477102,2.0897887936194018e-13,300000000000000.0,50,52000000000000.0
258040.826,87029011000000.0,3.567986e+33,22.47823428897967,1.9561624031691612e-13,-12.563732558605581,15.893879538497048,1.3832611070790392e-13,23.753656966953336,2.0673037351747498e-13,300000000000000.0,50,52000000000000.0
259040.826,86560981000000.0,3.6334411e+33,22.484433162036463,1.9319040756564423e-13,-12.563733286256648,15.898262947586684,1.3661072946894996e-13,23.76020803524875,2.0416671149594536e-13,300000000000000.0,50,52000000000000.0
260040.826,86052332000000.0,3.6523348e+33,22.490632035093256,1.9076457481437235e-13,-12.563734013907716,15.90264635667632,1.34895348229996e-13,23.766759103544157,2.0160304947441574e-13,300000000000000.0,50,52000000000000.0
261040.826,85448093000000.0,3.645401e+33,22.49683090815005,1.8833874206310046e-13,-12.563734741558783,15.907029765765955,1.3317996699104206e-13,23.77331017183957,1.9903938745288615e-13,300000000000000.0,50,52000000000000.0
262040.826,84838338000000.0,3.6891251e+33,22.502965457439586,1.8581325250614655e-13,-12.563735461339585,15.91136768953369,1.3139411551380975e-13,23.77979326166486,1.9637040663878994e-13,300000000000000.0,50,52000000000000.0
263040.826,84045248000000.0,3.7555557e+33,22.508843757054162,1.8289075535536055e-13,-12.563736149767237,15.915524411244238,1.2932752837036604e-13,23.786005542400204,1.9328186230230315e-13,300000000000000.0,50,52000000000000.0
264040.826,83153336000000.0,3.8107173e+33,22.514722056668734,1.7996825820457454e-13,-12.563736838194888,15.919681132954786,1.272609412269223e-13,23.792217823135548,1.9019331796581636e-13,300000000000000.0,50,52000000000000.0
265040.826,82568829000000.0,3.7954243e+33,22.520600356283307,1.7704576105378854e-13,-12.56373752662254,15.923837854665333,1.2519435408347855e-13,23.798430103870892,1.8710477362932958e-13,300000000000000.0,50,52000000000000.0
266040.826,82164486000000.0,3.7538839e+33,22.52647865589788,1.7412326390300256e-13,-12.563738215050194,15.927994576375882,1.2312776694003481e-13,23.804642384606236,1.8401622929284276e-13,300000000000000.0,50,52000000000000.0
267040.826,81413315000000.0,3.8355329e+33,22.53198720978744,1.7274392885714388e-13,-12.563738858830536,15.931889839572621,1.2215239616976952e-13,23.810463911816086,1.8255852360766665e-13,300000000000000.0,50,52000000000000.0
268040.826,81017966000000.0,3.7496936e+33,22.537473020508635,1.7145951416654228e-13,-12.56373949986461,15.935769020379226,1.2124414643978493e-13,23.816261403661574,1.8120113128792063e-13,300000000000000.0,50,52000000000000.0
269040.826,80931427000000.0,3.6530882e+33,22.54295883122983,1.701750994759407e-13,-12.563740140898684,15.939648201185829,1.2033589670980033e-13,23.822058895507062,1.7984373896817458e-13,300000000000000.0,50,52000000000000.0
270040.826,80919873000000.0,3.4941387e+33,22.54844464195102,1.6889068478533913e-13,-12.56374078193276,15.943527381992432,1.1942764697981574e-13,23.82785638735255,1.7848634664842856e-13,300000000000000.0,50,52000000000000.0
271040.826,80714837000000.0,3.4737836e+33,22.55382278376584,1.6806337144849287e-13,-12.563741409582857,15.947330426753677,1.1884262735081456e-13,23.833540092780257,1.776120263899212e-13,300000000000000.0,50,52000000000000.0
272040.826,80528061000000.0,3.3700686e+33,22.55913329319007,1.6752318703619528e-13,-12.56374202882579,15.951085646539905,1.184606452112338e-13,23.839152323093096,1.7704114859616146e-13,300000000000000.0,50,52000000000000.0
273040.826,80617210000000.0,3.2613871e+33,22.5644438026143,1.6698300262389768e-13,-12.563742648068722,15.954840866326133,1.18078663071653e-13,23.844764553405934,1.7647027080240172e-13,300000000000000.0,50,52000000000000.0
274040.826,80528407000000.0,3.2596783e+33,22.56975431203853,1.664428182116001e-13,-12.563743267311654,15.958596086112362,1.1769668093207221e-13,23.850376783718772,1.7589939300864197e-13,300000000000000.0,50,52000000000000.0
275040.826,80249867000000.0,3.2149187e+33,22.575048641787234,1.656960890903321e-13,-12.56374388439511,15.962339864718624,1.171686448948094e-13,23.855971915023833,1.7511023555036428e-13,300000000000000.0,50,52000000000000.0
276040.826,79939006000000.0,3.2082944e+33,22.580284225909352,1.6419943155888748e-13,-12.563744493637879,15.966042102362907,1.161103122073213e-13,23.861504962764588,1.735285420711844e-13,300000000000000.0,50,52000000000000.0
277040.826,79403263000000.0,3.2423408e+33,22.58551981003147,1.627027740274429e-13,-12.563745102880647,15.96974434000719,1.1505197951983319e-13,23.867038010505343,1.7194684859200452e-13,300000000000000.0,50,52000000000000.0
278040.826,79030651000000.0,3.1160759e+33,22.590755394153593,1.6120611649599827e-13,-12.563745712123417,15.973446577651474,1.1399364683234508e-13,23.8725710582461,1.703651551128246e-13,300000000000000.0,50,52000000000000.0
279040.826,78802678000000.0,3.0573015e+33,22.59599097827571,1.5970945896455365e-13,-12.563746321366185,15.977148815295758,1.1293531414485697e-13,23.878104105986854,1.6878346163364472e-13,300000000000000.0,50,52000000000000.0
280040.826,78461631000000.0,3.093028e+33,22.601069146683923,1.5840246886760318e-13,-12.563746911387549,15.980739739435078,1.1201110108249765e-13,23.883470794087554,1.6740221187201685e-13,300000000000000.0,50,52000000000000.0
281040.826,78203700000000.0,3.0326668e+33,22.60609376334311,1.571600023343902e-13,-12.563747494869924,15.984292795481482,1.111325145991213e-13,23.888780887776747,1.660891516919043e-13,300000000000000.0,50,52000000000000.0
282040.826,77973933000000.0,3.0262536e+33,22.6111183800023,1.559175358011772e-13,-12.563748078352297,15.987845851527887,1.1025392811574494e-13,23.894090981465936,1.6477609151179178e-13,300000000000000.0,50,52000000000000.0
283040.826,77758281000000.0,3.0149782e+33,22.616142996661484,1.546750692679642e-13,-12.563748661834671,15.991398907574291,1.093753416323686e-13,23.899401075155126,1.6346303133167924e-13,300000000000000.0,50,52000000000000.0
284040.826,77243565000000.0,3.1961354e+33,22.62113136106955,1.534153867166092e-13,-12.563749240875929,15.994926328533573,1.0848458122302482e-13,23.90467285683662,1.6213177704214604e-13,300000000000000.0,50,52000000000000.0
285040.826,76846567000000.0,3.0654075e+33,22.625977992347156,1.5208839578936073e-13,-12.563749802554032,15.99835352561612,1.0754622518626284e-13,23.90979485248779,1.6072939039518683e-13,300000000000000.0,50,52000000000000.0
286040.826,76547669000000.0,3.0592272e+33,22.630824623624758,1.5076140486211226e-13,-12.563750364232133,16.001780722698665,1.0660786914950087e-13,23.91491684813896,1.593270037482276e-13,300000000000000.0,50,52000000000000.0
287040.826,76309423000000.0,3.0472131e+33,22.63567125490236,1.4943441393486382e-13,-12.563750925910236,16.005207919781213,1.0566951311273889e-13,23.920038843790135,1.5792461710126838e-13,300000000000000.0,50,52000000000000.0
288040.826,75979013000000.0,3.0377454e+33,22.640517886179964,1.4810742300761535e-13,-12.563751487588338,16.008635116863758,1.0473115707597691e-13,23.925160839441304,1.5652223045430915e-13,300000000000000.0,50,52000000000000.0
289040.826,75614676000000.0,2.988593e+33,22.645251055529464,1.469048311473304e-13,-12.563752035491346,16.01198208153251,1.0388076740298831e-13,23.93016292659149,1.5525131080920205e-13,300000000000000.0,50,52000000000000.0
290040.826,75271760000000.0,3.0274301e+33,22.649904501462043,1.4578964762608623e-13,-12.563752573715359,16.015272671324837,1.0309218682500799e-13,23.9350807606748,1.5407276574978166e-13,300000000000000.0,50,52000000000000.0
291040.826,74856490000000.0,3.176037e+33,22.654557947394625,1.4467446410484207e-13,-12.56375311193937,16.018563261117166,1.0230360624702769e-13,23.93999859475811,1.5289422069036127e-13,300000000000000.0,50,52000000000000.0
292040.826,74714978000000.0,3.023036e+33,22.659211393327205,1.435592805835979e-13,-12.563753650163383,16.021853850909494,1.0151502566904738e-13,23.944916428841417,1.5171567563094086e-13,300000000000000.0,50,52000000000000.0
293040.826,74531339000000.0,2.9843524e+33,22.663864839259787,1.4244409706235375e-13,-12.563754188387394,16.025144440701823,1.0072644509106708e-13,23.949834262924725,1.5053713057152047e-13,300000000000000.0,50,52000000000000.0
294040.826,74308596000000.0,2.9470141e+33,22.668370473235658,1.4140578903704059e-13,-12.563754708619296,16.028330508111928,9.999222557163688e-14,23.9545958867987,1.494398288981913e-13,300000000000000.0,50,52000000000000.0
295040.826,73990342000000.0,2.9477463e+33,22.6728589285851,1.4037641544068418e-13,-12.563755226760163,16.031504427986764,9.92643238653115e-14,23.959339356005817,1.483519692876735e-13,300000000000000.0,50,52000000000000.0
296040.826,73686918000000.0,2.8937205e+33,22.677347383934542,1.393470418443278e-13,-12.563755744901032,16.0346783478616,9.853642215898611e-14,23.964082825212937,1.4726410967715573e-13,300000000000000.0,50,52000000000000.0
297040.826,73435296000000.0,2.8675452e+33,22.681835839283984,1.383176682479714e-13,-12.563756263041899,16.037852267736433,9.780852045266071e-14,23.968826294420058,1.4617625006663794e-13,300000000000000.0,50,52000000000000.0
298040.826,73219131000000.0,2.8477882e+33,22.686304462362777,1.3724072555794304e-13,-12.563756778772419,16.041012163603177,9.704698124859297e-14,23.97354880454459,1.4503811872822818e-13,300000000000000.0,50,52000000000000.0
299040.826,72750422000000.0,2.8651673e+33,22.690638145700245,1.358401204235452e-13,-12.56375727810281,16.044076639431644,9.605657086155004e-14,23.978128708044114,1.4355793608977892e-13,300000000000000.0,50,52000000000000.0
300040.826,72332743000000.0,2.8425261e+33,22.69497182903771,1.3443951528914738e-13,-12.563757777433203,16.04714111526011,9.506616047450712e-14,23.98270861154364,1.4207775345132967e-13,300000000000000.0,50,52000000000000.0
301040.826,71945405000000.0,2.9474714e+33,22.699305512375176,1.3303891015474956e-13,-12.563758276763595,16.05020559108858,9.407575008746419e-14,23.987288515043165,1.4059757081288042e-13,300000000000000.0,50,52000000000000.0
302040.826,71634328000000.0,2.8216077e+33,22.70363919571264,1.3163830502035173e-13,-12.563758776093987,16.053270066917047,9.308533970042126e-14,23.99186841854269,1.3911738817443116e-13,300000000000000.0,50,52000000000000.0
303040.826,71375029000000.0,2.8644694e+33,22.70791234462584,1.3031554586551565e-13,-12.563759268201244,16.056291737017407,9.214997654942142e-14,23.99638434826286,1.3771947442634388e-13,300000000000000.0,50,52000000000000.0
304040.826,71071597000000.0,2.8298775e+33,22.712032014198037,1.2919015787241773e-13,-12.563759741994916,16.05920487721895,9.1354180489612e-14,24.000738078480598,1.365301457144662e-13,300000000000000.0,50,52000000000000.0
305040.826,70731158000000.0,2.8322606e+33,22.71615168377023,1.280647698793198e-13,-12.56376021578859,16.062118017420488,9.055838442980258e-14,24.00509180869833,1.353408170025885e-13,300000000000000.0,50,52000000000000.0
306040.826,70489755000000.0,2.7873696e+33,22.72027135334243,1.2693938188622188e-13,-12.563760689582264,16.06503115762203,8.976258836999315e-14,24.009445538916065,1.3415148829071082e-13,300000000000000.0,50,52000000000000.0
307040.826,70187607000000.0,2.7798694e+33,22.724391022914627,1.2581399389312396e-13,-12.563761163375938,16.06794429782357,8.896679231018373e-14,24.0137992691338,1.329621595788331e-13,300000000000000.0,50,52000000000000.0
308040.826,69813552000000.0,2.8677264e+33,22.728447996099188,1.246558044433274e-13,-12.563761629668482,16.070813103503546,8.814780141632596e-14,24.018086740768357,1.317381658503853e-13,300000000000000.0,50,52000000000000.0
309040.826,69601187000000.0,2.750294e+33,22.732392908558623,1.2343898713375627e-13,-12.563762082553843,16.073602667638333,8.728735311127536e-14,24.02225578476846,1.3045221341841923e-13,300000000000000.0,50,52000000000000.0
310040.826,69179287000000.0,2.7935777e+33,22.736337821018058,1.2222216982418513e-13,-12.563762535439203,16.07639223177312,8.642690480622475e-14,24.026424828768565,1.2916626098645318e-13,300000000000000.0,50,52000000000000.0
311040.826,68751904000000.0,2.8833564e+33,22.740282733477493,1.2100535251461396e-13,-12.563762988324564,16.079181795907903,8.556645650117415e-14,24.030593872768666,1.2788030855448713e-13,300000000000000.0,50,52000000000000.0
312040.826,68450146000000.0,2.729252e+33,22.744227645936927,1.1978853520504283e-13,-12.563763441209923,16.08197136004269,8.470600819612354e-14,24.03476291676877,1.2659435612252107e-13,300000000000000.0,50,52000000000000.0
313040.826,68145772000000.0,2.728679e+33,22.748104467742834,1.1864255095487808e-13,-12.563763886013152,16.084712775217927,8.389564808001982e-14,24.038860001452708,1.2538326121331665e-13,300000000000000.0,50,52000000000000.0
314040.826,67900305000000.0,2.6950302e+33,22.75185735220501,1.1762549572472811e-13,-12.563764316105434,16.087366550550673,8.317645755576141e-14,24.042826107124977,1.243084205776291e-13,300000000000000.0,50,52000000000000.0
315040.826,67660678000000.0,2.6890153e+33,22.755610236667184,1.1660844049457815e-13,-12.563764746197716,16.090020325883422,8.245726703150302e-14,24.046792212797246,1.2323357994194156e-13,300000000000000.0,50,52000000000000.0
316040.826,67361181000000.0,2.6839989e+33,22.759363121129358,1.155913852644282e-13,-12.56376517629,16.09267410121617,8.173807650724461e-14,24.050758318469516,1.22158739306254e-13,300000000000000.0,50,52000000000000.0
317040.826,67027482000000.0,2.6702911e+33,22.76311600559153,1.1457433003427824e-13,-12.563765606382281,16.095327876548918,8.101888598298622e-14,24.054724424141785,1.2108389867056645e-13,300000000000000.0,50,52000000000000.0
318040.826,66691583000000.0,2.6697206e+33,22.766825008773576,1.1356245652206448e-13,-12.563766031260066,16.09795062210086,8.030335963175002e-14,24.05864415535805,1.200145341938271e-13,300000000000000.0,50,52000000000000.0
319040.826,66296888000000.0,2.6997753e+33,22.77041477958774,1.1256466255578671e-13,-12.563766441969243,16.10048905483809,7.959778941726587e-14,24.062437879853835,1.1896004930575185e-13,300000000000000.0,50,52000000000000.0
320040.826,65875063000000.0,2.8026562e+33,22.774004550401898,1.1156686858950893e-13,-12.563766852678418,16.10302748757532,7.889221920278172e-14,24.066231604349625,1.1790556441767657e-13,300000000000000.0,50,52000000000000.0
321040.826,65671417000000.0,2.6577381e+33,22.77759432121606,1.1056907462323114e-13,-12.563767263387593,16.105565920312554,7.818664898829757e-14,24.070025328845414,1.168510795296013e-13,300000000000000.0,50,52000000000000.0
322040.826,65505740000000.0,2.6327449e+33,22.78118409203022,1.0957128065695337e-13,-12.56376767409677,16.108104353049786,7.748107877381342e-14,24.0738190533412,1.1579659464152601e-13,300000000000000.0,50,52000000000000.0
323040.826,65252807000000.0,2.6210447e+33,22.784757478775965,1.0857675566467601e-13,-12.563768082867096,16.11063120011798,7.677782015682987e-14,24.07759546288708,1.1474556446915114e-13,300000000000000.0,50,52000000000000.0
324040.826,64912218000000.0,2.6161562e+33,22.788184622374466,1.0761140932534344e-13,-12.56376847433138,16.113054634244964,7.609519471135797e-14,24.081217320296975,1.137253708682606e-13,300000000000000.0,50,52000000000000.0
325040.826,64610897000000.0,2.6100332e+33,22.791611765972966,1.0664606298601087e-13,-12.563768865795664,16.11547806837195,7.541256926588606e-14,24.084839177706872,1.1270517726737008e-13,300000000000000.0,50,52000000000000.0
326040.826,64368507000000.0,2.5972442e+33,22.795038909571467,1.0568071664667831e-13,-12.563769257259949,16.117901502498935,7.472994382041417e-14,24.08846103511677,1.1168498366647954e-13,300000000000000.0,50,52000000000000.0
327040.826,64097932000000.0,2.58104e+33,22.798466053169967,1.0471537030734574e-13,-12.563769648724232,16.12032493662592,7.404731837494227e-14,24.092082892526665,1.10664790065589e-13,300000000000000.0,50,52000000000000.0
328040.826,63804565000000.0,2.5707278e+33,22.801893196768468,1.0375002396801318e-13,-12.563770040188517,16.122748370752905,7.336469292947037e-14,24.095704749936562,1.0964459646469846e-13,300000000000000.0,50,52000000000000.0
329040.826,63526757000000.0,2.5627628e+33,22.80518468125157,1.0277497378923837e-13,-12.563770415657295,16.125075876237176,7.267520569168143e-14,24.099183240602535,1.0861414781377228e-13,300000000000000.0,50,52000000000000.0
330040.826,63281614000000.0,2.547574e+33,22.80845192719419,1.0179818980212741e-13,-12.563770788268117,16.127386241920096,7.198449244095287e-14,24.102636115587497,1.0758186686838727e-13,300000000000000.0,50,52000000000000.0
331040.826,63035520000000.0,2.5367388e+33,22.811719173136815,1.0082140581501647e-13,-12.563771160878941,16.129696607603016,7.129377919022433e-14,24.106088990572456,1.0654958592300226e-13,300000000000000.0,50,52000000000000.0
332040.826,62685944000000.0,2.5220225e+33,22.814986419079435,9.984462182790551e-14,-12.563771533489763,16.132006973285932,7.060306593949577e-14,24.109541865557418,1.0551730497761725e-13,300000000000000.0,50,52000000000000.0
333040.826,62354136000000.0,2.5065901e+33,22.81825366502206,9.886783784079455e-14,-12.563771906100586,16.134317338968852,6.991235268876721e-14,24.112994740542376,1.0448502403223224e-13,300000000000000.0,50,52000000000000.0
334040.826,61959625000000.0,2.5041963e+33,22.821436947479025,9.780058488329588e-14,-12.56377226885966,16.136568331553026,6.915766621973997e-14,24.116358881572346,1.0335713418396344e-13,300000000000000.0,50,52000000000000.0
335040.826,61644431000000.0,2.4906816e+33,22.82453976985517,9.664663780379427e-14,-12.563772622178055,16.13876242840108,6.83416758365824e-14,24.119637991101605,1.0213762474661727e-13,300000000000000.0,50,52000000000000.0
336040.826,61329887000000.0,2.4878614e+33,22.82764259223132,9.549269072429267e-14,-12.56377297549645,16.140956525249134,6.752568545342485e-14,24.12291710063086,1.0091811530927112e-13,300000000000000.0,50,52000000000000.0
337040.826,60929234000000.0,2.5382478e+33,22.830745414607467,9.433874364479106e-14,-12.563773328814845,16.14315062209719,6.670969507026729e-14,24.126196210160117,9.969860587192495e-14,300000000000000.0,50,52000000000000.0
338040.826,60421851000000.0,2.7918569e+33,22.833848236983616,9.318479656528945e-14,-12.56377368213324,16.145344718945243,6.589370468710973e-14,24.129475319689377,9.84790964345788e-14,300000000000000.0,50,52000000000000.0
339040.826,60149990000000.0,2.8191048e+33,22.836934066520318,9.208200440260617e-14,-12.56377403347468,16.14752679964991,6.511388745396754e-14,24.13273647091843,9.731364829389085e-14,300000000000000.0,50,52000000000000.0
340040.826,60054233000000.0,2.8076809e+33,22.839839483957206,9.152232135298435e-14,-12.563774363826898,16.14958130558007,6.471811868856611e-14,24.13580695980062,9.672216615110043e-14,300000000000000.0,50,52000000000000.0
341040.826,59901879000000.0,2.8427772e+33,22.84274490139409,9.096263830336251e-14,-12.563774694179118,16.151635811510236,6.43223499231647e-14,24.138877448682813,9.613068400830999e-14,300000000000000.0,50,52000000000000.0
342040.826,59689891000000.0,2.8957068e+33,22.84565031883098,9.040295525374069e-14,-12.563775024531337,16.1536903174404,6.392658115776328e-14,24.141947937565003,9.553920186551957e-14,300000000000000.0,50,52000000000000.0
343040.826,59424732000000.0,2.7868798e+33,22.848555736267866,8.984327220411886e-14,-12.563775354883555,16.155744823370565,6.353081239236187e-14,24.145018426447198,9.494771972272913e-14,300000000000000.0,50,52000000000000.0
344040.826,59254869000000.0,2.662084e+33,22.851461153704754,8.928358915449704e-14,-12.563775685235775,16.15779932930073,6.313504362696046e-14,24.14808891532939,9.435623757993871e-14,300000000000000.0,50,52000000000000.0
345040.826,59074628000000.0,2.6496015e+33,22.854310789694846,8.865790673961033e-14,-12.563776008988945,16.159814390487398,6.269260480453463e-14,24.151100453472047,9.369500635988517e-14,300000000000000.0,50,52000000000000.0
346040.826,58824804000000.0,2.7605809e+33,22.857118905333483,8.798309836978668e-14,-12.563776327830182,16.161800091381227,6.221542760077615e-14,24.154068112232498,9.298185812498205e-14,300000000000000.0,50,52000000000000.0
347040.826,58626539000000.0,2.7823277e+33,22.85992702097212,8.730828999996304e-14,-12.56377664667142,16.163785792275057,6.173825039701767e-14,24.15703577099295,9.226870989007892e-14,300000000000000.0,50,52000000000000.0
348040.826,58421892000000.0,2.6966871e+33,22.862735136610755,8.66334816301394e-14,-12.563776965512655,16.165771493168887,6.12610731932592e-14,24.160003429753406,9.155556165517579e-14,300000000000000.0,50,52000000000000.0
349040.826,58307509000000.0,2.5499949e+33,22.865543252249388,8.595867326031576e-14,-12.563777284353893,16.167757194062716,6.07838959895007e-14,24.16297108851386,9.084241342027267e-14,300000000000000.0,50,52000000000000.0
350040.826,57941109000000.0,2.5577977e+33,22.868351367888025,8.528386489049212e-14,-12.56377760319513,16.169742894956546,6.030671878574222e-14,24.16593874727431,9.012926518536954e-14,300000000000000.0,50,52000000000000.0
351040.826,57491734000000.0,2.6243338e+33,22.871043737490574,8.426905028662015e-14,-12.563777908486434,16.17164674836253,5.95891132784318e-14,24.168784083779997,8.905679336491557e-14,300000000000000.0,50,52000000000000.0
352040.826,57178544000000.0,2.6044367e+33,22.873732628559736,8.324401742321075e-14,-12.563778213370522,16.1735481419934,5.886428214241278e-14,24.171625744116188,8.797352273759455e-14,300000000000000.0,50,52000000000000.0
353040.826,56889957000000.0,2.5481974e+33,22.8764215196289,8.221898455980134e-14,-12.56377851825461,16.17544953562427,5.813945100639377e-14,24.174467404452376,8.689025211027353e-14,300000000000000.0,50,52000000000000.0
354040.826,56625144000000.0,2.4948246e+33,22.879110410698058,8.119395169639192e-14,-12.563778823138698,16.17735092925514,5.741461987037476e-14,24.177309064788563,8.58069814829525e-14,300000000000000.0,50,52000000000000.0
355040.826,56286860000000.0,2.470178e+33,22.88179930176722,8.016891883298252e-14,-12.563779128022786,16.17925232288601,5.668978873435574e-14,24.18015072512475,8.472371085563147e-14,300000000000000.0,50,52000000000000.0
356040.826,55791815000000.0,2.549592e+33,22.884437166514317,7.920525105190572e-14,-12.563779427015817,16.181117634291315,5.6008350664376755e-14,24.182938460052412,8.370529179386814e-14,300000000000000.0,50,52000000000000.0
357040.826,55513609000000.0,2.5258318e+33,22.886942010185646,7.840155657354743e-14,-12.563779710651394,16.182888882549083,5.544003445174133e-14,24.185585616244175,8.285593498598553e-14,300000000000000.0,50,52000000000000.0
358040.826,55312779000000.0,2.5205437e+33,22.889446853856974,7.759786209518913e-14,-12.56377999428697,16.18466013080685,5.487171823910591e-14,24.18823277243594,8.200657817810293e-14,300000000000000.0,50,52000000000000.0
359040.826,54962519000000.0,2.5661633e+33,22.891951697528306,7.679416761683083e-14,-12.563780277922547,16.18643137906462,5.4303402026470486e-14,24.1908799286277,8.11572213702203e-14,300000000000000.0,50,52000000000000.0
360040.826,54615354000000.0,2.488287e+33,22.894456541199634,7.599047313847254e-14,-12.563780561558122,16.188202627322386,5.373508581383507e-14,24.193527084819465,8.03078645623377e-14,300000000000000.0,50,52000000000000.0
361040.826,54369595000000.0,2.3832112e+33,22.896961384870963,7.518677866011424e-14,-12.5637808451937,16.189973875580154,5.3166769601199646e-14,24.196174241011228,7.945850775445509e-14,300000000000000.0,50,52000000000000.0
362040.826,54201997000000.0,2.5222071e+33,22.89939421242568,7.420063242502235e-14,-12.563781120508548,16.191694199105022,5.24694364508381e-14,24.198745289452386,7.841633326232248e-14,300000000000000.0,50,52000000000000.0
363040.826,53897453000000.0,2.540695e+33,22.901752403598483,7.30253960301525e-14,-12.563781387199924,16.19336174502965,5.163839215510064e-14,24.201237461005867,7.717432552453859e-14,300000000000000.0,50,52000000000000.0
364040.826,53492612000000.0,2.5227142e+33,22.904110594771286,7.185015963528264e-14,-12.5637816538913,16.19502929095428,5.080734785936318e-14,24.203729632559348,7.59323177867547e-14,300000000000000.0,50,52000000000000.0
365040.826,52909079000000.0,2.5647944e+33,22.90646878594409,7.067492324041279e-14,-12.563781920582677,16.19669683687891,4.997630356362572e-14,24.20622180411283,7.469031004897081e-14,300000000000000.0,50,52000000000000.0
366040.826,52217766000000.0,2.6681956e+33,22.90882697711689,6.949968684554293e-14,-12.563782187274052,16.198364382803536,4.914525926788826e-14,24.20871397566631,7.344830231118692e-14,300000000000000.0,50,52000000000000.0
367040.826,51821257000000.0,2.6664062e+33,22.91118516828969,6.832445045067308e-14,-12.563782453965429,16.200031928728166,4.8314214972150796e-14,24.21120614721979,7.220629457340302e-14,300000000000000.0,50,52000000000000.0
368040.826,51588761000000.0,2.600596e+33,22.9134102480603,6.751931142976611e-14,-12.563782705424094,16.20160534765675,4.7744877382391955e-14,24.21355764461424,7.13554113000051e-14,300000000000000.0,50,52000000000000.0
369040.826,51221100000000.0,2.5823206e+33,22.915550502566486,6.69500170253939e-14,-12.56378294717571,16.203118784140575,4.734231243696508e-14,24.215819497376145,7.075377216020571e-14,300000000000000.0,50,52000000000000.0
370040.826,50861793000000.0,2.4882546e+33,22.917690757072673,6.63807226210217e-14,-12.563783188927328,16.204632220624404,4.6939747491538196e-14,24.21808135013805,7.015213302040633e-14,300000000000000.0,50,52000000000000.0
371040.826,50735495000000.0,2.417322e+33,22.91983101157886,6.581142821664948e-14,-12.563783430678944,16.20614565710823,4.6537182546111314e-14,24.220343202899958,6.955049388060694e-14,300000000000000.0,50,52000000000000.0
372040.826,50580753000000.0,2.3810726e+33,22.92197126608505,6.524213381227727e-14,-12.56378367243056,16.20765909359206,4.613461760068444e-14,24.222605055661862,6.894885474080755e-14,300000000000000.0,50,52000000000000.0
373040.826,50479732000000.0,2.3934272e+33,22.924111520591236,6.467283940790506e-14,-12.563783914182178,16.209172530075886,4.5732052655257555e-14,24.224866908423767,6.834721560100815e-14,300000000000000.0,50,52000000000000.0
374040.826,50347854000000.0,2.3890593e+33,22.926183663032013,6.405370570790146e-14,-12.563784148077557,16.210637802499637,4.5294244913939587e-14,24.227056779300504,6.76929055912473e-14,300000000000000.0,50,52000000000000.0
375040.826,50077111000000.0,2.3832079e+33,22.928216630173793,6.340590646536193e-14,-12.563784377454347,16.21207537290843,4.4836166945045107e-14,24.229205249114784,6.7008301432178e-14,300000000000000.0,50,52000000000000.0
376040.826,49681391000000.0,2.3935447e+33,22.930249597315573,6.27581072228224e-14,-12.563784606831137,16.213512943317223,4.437808897615063e-14,24.231353718929064,6.632369727310869e-14,300000000000000.0,50,52000000000000.0
377040.826,49418841000000.0,2.3830169e+33,22.93228256445735,6.211030798028288e-14,-12.563784836207926,16.214950513726016,4.392001100725616e-14,24.233502188743344,6.563909311403939e-14,300000000000000.0,50,52000000000000.0
378040.826,49267589000000.0,2.3636259e+33,22.93431553159913,6.146250873774335e-14,-12.563785065584716,16.216388084134813,4.3461933038361685e-14,24.235650658557624,6.495448895497009e-14,300000000000000.0,50,52000000000000.0
379040.826,48992462000000.0,2.3710801e+33,22.93634849874091,6.081470949520382e-14,-12.563785294961505,16.217825654543606,4.300385506946721e-14,24.237799128371904,6.426988479590078e-14,300000000000000.0,50,52000000000000.0
380040.826,48739607000000.0,2.3654787e+33,22.938311772173453,6.01926562405387e-14,-12.563785516344609,16.219213942473083,4.256398286191817e-14,24.23987394480707,6.361248941050431e-14,300000000000000.0,50,52000000000000.0
381040.826,48516586000000.0,2.3518505e+33,22.940220671627802,5.959068961633989e-14,-12.563785731491159,16.22056378095734,4.213831451410398e-14,24.241891297989465,6.29763218989371e-14,300000000000000.0,50,52000000000000.0
382040.826,48255004000000.0,2.3726581e+33,22.942129571082155,5.898872299214106e-14,-12.563785946637706,16.221913619441597,4.1712646166289787e-14,24.24390865117186,6.234015438736988e-14,300000000000000.0,50,52000000000000.0
383040.826,47996261000000.0,2.4207292e+33,22.944038470536505,5.838675636794224e-14,-12.563786161784256,16.223263457925853,4.12869778184756e-14,24.245926004354256,6.170398687580267e-14,300000000000000.0,50,52000000000000.0
384040.826,47730304000000.0,2.4216835e+33,22.945947369990858,5.778478974374341e-14,-12.563786376930805,16.22461329641011,4.08613094706614e-14,24.247943357536652,6.106781936423545e-14,300000000000000.0,50,52000000000000.0
385040.826,47531184000000.0,2.3798026e+33,22.947856269445207,5.718282311954459e-14,-12.563786592077355,16.225963134894364,4.043564112284721e-14,24.249960710719048,6.043165185266823e-14,300000000000000.0,50,52000000000000.0
386040.826,47266881000000.0,2.3988519e+33,22.94971949235645,5.660940317715357e-14,-12.563786801995,16.2272806741483,4.0030158979308845e-14,24.25192979223388,5.982565291568517e-14,300000000000000.0,50,52000000000000.0
387040.826,47150762000000.0,2.3807055e+33,22.95151122698428,5.608066160008001e-14,-12.5637870037289,16.22854766192934,3.9656270231285947e-14,24.253823323840237,5.926687076576872e-14,300000000000000.0,50,52000000000000.0
388040.826,47014366000000.0,2.3418298e+33,22.953302961612106,5.555192002300644e-14,-12.563787205462798,16.22981464971038,3.928238148326304e-14,24.255716855446597,5.870808861585226e-14,300000000000000.0,50,52000000000000.0
389040.826,46707198000000.0,2.2939846e+33,22.955094696239936,5.502317844593288e-14,-12.563787407196697,16.23108163749142,3.890849273524014e-14,24.257610387052953,5.81493064659358e-14,300000000000000.0,50,52000000000000.0
390040.826,46396239000000.0,2.2930523e+33,22.956886430867765,5.449443686885932e-14,-12.563787608930596,16.23234862527246,3.853460398721724e-14,24.25950391865931,5.759052431601935e-14,300000000000000.0,50,52000000000000.0
391040.826,46127216000000.0,2.3378943e+33,22.958678165495595,5.3965695291785754e-14,-12.563787810664497,16.2336156130535,3.8160715239194335e-14,24.261397450265665,5.70317421661029e-14,300000000000000.0,50,52000000000000.0
392040.826,45957958000000.0,2.2490163e+33,22.960457603129928,5.342073567839397e-14,-12.563788010991995,16.23487390526812,3.777535824913889e-14,24.263277986222043,5.6455820562105844e-14,300000000000000.0,50,52000000000000.0
393040.826,45715010000000.0,2.2205956e+33,22.962144751435105,5.2754059184191704e-14,-12.56378820076442,16.236066936978876,3.730393173616515e-14,24.265060989410063,5.575126680754806e-14,300000000000000.0,50,52000000000000.0
394040.826,45498499000000.0,2.1626762e+33,22.96383189974028,5.208738268998944e-14,-12.563788390536848,16.23725996868963,3.6832505223191415e-14,24.266843992598083,5.5046713052990275e-14,300000000000000.0,50,52000000000000.0
395040.826,45217527000000.0,2.1115612e+33,22.96551904804546,5.1420706195787176e-14,-12.563788580309273,16.238453000400387,3.636107871021768e-14,24.268626995786104,5.4342159298432494e-14,300000000000000.0,50,52000000000000.0
396040.826,44894676000000.0,2.1092106e+33,22.967206196350638,5.0754029701584905e-14,-12.5637887700817,16.239646032111143,3.5889652197243946e-14,24.270409998974124,5.363760554387471e-14,300000000000000.0,50,52000000000000.0
397040.826,44548490000000.0,2.1407642e+33,22.968893344655818,5.008735320738264e-14,-12.563788959854126,16.240839063821895,3.541822568427021e-14,24.272193002162144,5.2933051789316925e-14,300000000000000.0,50,52000000000000.0
398040.826,44194795000000.0,2.1687262e+33,22.970580492960995,4.9420676713180377e-14,-12.563789149626553,16.24203209553265,3.494679917129647e-14,24.273976005350164,5.2228498034759144e-14,300000000000000.0,50,52000000000000.0
399040.826,43920320000000.0,2.1346951e+33,22.972168028860004,4.881939892704085e-14,-12.563789328072874,16.243154688387833,3.452161801399862e-14,24.275653736647875,5.15930586340908e-14,300000000000000.0,50,52000000000000.0
400040.826,43620281000000.0,2.1207565e+33,22.973721162241368,4.824070748626333e-14,-12.56378950260757,16.24425295421323,3.41124083277837e-14,24.27729511084708,5.098148882829154e-14,300000000000000.0,50,52000000000000.0
401040.826,43395605000000.0,2.1357544e+33,22.975274295622732,4.7662016045485813e-14,-12.563789677142264,16.24535122003863,3.3703198641568775e-14,24.278936485046287,5.036991902249228e-14,300000000000000.0,50,52000000000000.0
402040.826,43116533000000.0,2.1228599e+33,22.976827429004096,4.7083324604708295e-14,-12.56378985167696,16.246449485864026,3.329398895535385e-14,24.280577859245493,4.9758349216693024e-14,300000000000000.0,50,52000000000000.0
403040.826,42827639000000.0,2.1309559e+33,22.97838056238546,4.6504633163930777e-14,-12.563790026211656,16.247547751689424,3.288477926913893e-14,24.2822192334447,4.914677941089376e-14,300000000000000.0,50,52000000000000.0
404040.826,42595964000000.0,2.1492226e+33,22.979933695766825,4.592594172315326e-14,-12.56379020074635,16.248646017514822,3.247556958292401e-14,24.283860607643906,4.8535209605094506e-14,300000000000000.0,50,52000000000000.0
405040.826,42357915000000.0,2.1810509e+33,22.981455460928537,4.538582203449858e-14,-12.563790371718554,16.249722101952326,3.2093635111864806e-14,24.285468831437473,4.7964403003629e-14,300000000000000.0,50,52000000000000.0
406040.826,42077880000000.0,2.2319905e+33,22.982890374115385,4.495249938064458e-14,-12.563790532826966,16.25073677081172,3.178721995071159e-14,24.286985268759604,4.7506461105274583e-14,300000000000000.0,50,52000000000000.0
407040.826,41756000000000.0,2.2912298e+33,22.984325287302237,4.451917672679059e-14,-12.563790693935376,16.251751439671114,3.1480804789558374e-14,24.288501706081735,4.704851920692017e-14,300000000000000.0,50,52000000000000.0
408040.826,41562793000000.0,2.2232495e+33,22.985760200489086,4.408585407293659e-14,-12.563790855043788,16.25276610853051,3.117438962840515e-14,24.290018143403866,4.6590577308565755e-14,300000000000000.0,50,52000000000000.0
409040.826,41495431000000.0,2.0826852e+33,22.987195113675934,4.3652531419082596e-14,-12.5637910161522,16.253780777389903,3.0867974467251936e-14,24.291534580725997,4.613263541021134e-14,300000000000000.0,50,52000000000000.0
410040.826,41327553000000.0,2.0355447e+33,22.988630026862786,4.3219208765228597e-14,-12.563791177260612,16.254795446249297,3.056155930609872e-14,24.29305101804813,4.5674693511856927e-14,300000000000000.0,50,52000000000000.0
411040.826,41133527000000.0,1.9993653e+33,22.990064940049635,4.2785886111374603e-14,-12.563791338369022,16.25581011510869,3.0255144144945504e-14,24.29456745537026,4.521675161350251e-14,300000000000000.0,50,52000000000000.0
412040.826,40959492000000.0,1.9838061e+33,22.991438496601003,4.23843239950527e-14,-12.563791492503833,16.256781396891085,2.99711877969303e-14,24.296019050077128,4.4792374736679573e-14,300000000000000.0,50,52000000000000.0
413040.826,40768398000000.0,1.9701605e+33,22.992783447064326,4.199756948227679e-14,-12.563791643387367,16.257732450469387,2.9697702342259565e-14,24.297440413439872,4.4383646761621875e-14,300000000000000.0,50,52000000000000.0
414040.826,40589496000000.0,1.9451872e+33,22.994128397527646,4.1610814969500887e-14,-12.5637917942709,16.258683504047692,2.9424216887588823e-14,24.298861776802614,4.397491878656418e-14,300000000000000.0,50,52000000000000.0
415040.826,40426152000000.0,1.9111546e+33,22.995473347990966,4.122406045672498e-14,-12.563791945154435,16.259634557625994,2.915073143291809e-14,24.30028314016536,4.3566190811506485e-14,300000000000000.0,50,52000000000000.0
416040.826,40244356000000.0,1.9083593e+33,22.996818298454286,4.083730594394908e-14,-12.563792096037968,16.2605856112043,2.8877245978247346e-14,24.3017045035281,4.315746283644879e-14,300000000000000.0,50,52000000000000.0
417040.826,40035389000000.0,1.9416142e+33,22.998163248917606,4.045055143117317e-14,-12.563792246921501,16.2615366647826,2.860376052357661e-14,24.303125866890845,4.2748734861391095e-14,300000000000000.0,50,52000000000000.0
418040.826,39821905000000.0,1.9681184e+33,22.99950819938093,4.006379691839726e-14,-12.563792397805035,16.262487718360905,2.833027506890587e-14,24.304547230253586,4.23400068863334e-14,300000000000000.0,50,52000000000000.0
419040.826,39634407000000.0,1.9739237e+33,23.000772231722717,3.9662092568430165e-14,-12.563792539500783,16.263381552363153,2.8046218167538415e-14,24.305883078130755,4.1915479730446234e-14,300000000000000.0,50,52000000000000.0
420040.826,39463609000000.0,1.964311e+33,23.00203558161833,3.926026213472557e-14,-12.563792681119043,16.264274903787705,2.7762072108844812e-14,24.30721820478856,4.149081932763852e-14,300000000000000.0,50,52000000000000.0
421040.826,39220919000000.0,1.9678836e+33,23.003298931513946,3.8858431701020975e-14,-12.563792822737303,16.265168255212256,2.7477926050151208e-14,24.30855333144636,4.1066158924830807e-14,300000000000000.0,50,52000000000000.0
422040.826,38996558000000.0,1.939887e+33,23.00456228140956,3.845660126731638e-14,-12.563792964355564,16.266061606636807,2.7193779991457605e-14,24.309888458104165,4.064149852202309e-14,300000000000000.0,50,52000000000000.0
423040.826,38811306000000.0,1.9132757e+33,23.005825631305175,3.805477083361178e-14,-12.563793105973824,16.26695495806136,2.6909633932764002e-14,24.311223584761972,4.021683811921538e-14,300000000000000.0,50,52000000000000.0
424040.826,38596077000000.0,1.9066284e+33,23.007088981200788,3.765294039990718e-14,-12.563793247592086,16.26784830948591,2.6625487874070398e-14,24.312558711419776,3.9792177716407666e-14,300000000000000.0,50,52000000000000.0
425040.826,38409825000000.0,1.8818176e+33,23.008335750630355,3.725303418646652e-14,-12.563793387332757,16.268729936377714,2.6342702490714398e-14,24.313876315593465,3.9369550862538147e-14,300000000000000.0,50,52000000000000.0
426040.826,38248282000000.0,1.8511248e+33,23.009512940225214,3.6861202952794896e-14,-12.56379351919414,16.269562361332234,2.6065627173939296e-14,24.315120386758814,3.895545778561876e-14,300000000000000.0,50,52000000000000.0
427040.826,38040613000000.0,1.8596876e+33,23.010690129820073,3.646937171912327e-14,-12.563793651055525,16.270394786286758,2.5788551857164195e-14,24.316364457924163,3.8541364708699365e-14,300000000000000.0,50,52000000000000.0
428040.826,37728048000000.0,1.8927191e+33,23.011867319414932,3.6077540485451645e-14,-12.563793782916909,16.271227211241282,2.5511476540389094e-14,24.31760852908951,3.812727163177997e-14,300000000000000.0,50,52000000000000.0
429040.826,37554616000000.0,1.8791739e+33,23.013044509009795,3.5685709251780016e-14,-12.563793914778293,16.272059636195806,2.5234401223613992e-14,24.31885260025486,3.7713178554860584e-14,300000000000000.0,50,52000000000000.0
430040.826,37344706000000.0,1.8982499e+33,23.014221698604654,3.529387801810839e-14,-12.563794046639677,16.27289206115033,2.495732590683889e-14,24.32009667142021,3.729908547794119e-14,300000000000000.0,50,52000000000000.0
431040.826,37169651000000.0,1.9068665e+33,23.015398888199513,3.4902046784436764e-14,-12.56379417850106,16.273724486104854,2.468025059006379e-14,24.32134074258556,3.6884992401021796e-14,300000000000000.0,50,52000000000000.0
432040.826,36977368000000.0,1.902905e+33,23.01655194392712,3.4521173948996126e-14,-12.563794307634687,16.27453984529652,2.4410924279160722e-14,24.32255930872096,3.6482480325637214e-14,300000000000000.0,50,52000000000000.0
433040.826,36711330000000.0,1.931881e+33,23.017643750794964,3.4168112213597526e-14,-12.563794429845595,16.275311893629418,2.4161264015520297e-14,24.32371314615018,3.610935944278666e-14,300000000000000.0,50,52000000000000.0
434040.826,36426203000000.0,1.9545616e+33,23.018735557662804,3.3815050478198926e-14,-12.563794552056502,16.27608394196232,2.391160375187987e-14,24.3248669835794,3.5736238559936105e-14,300000000000000.0,50,52000000000000.0
435040.826,36284787000000.0,1.9172333e+33,23.019827364530645,3.3461988742800326e-14,-12.563794674267408,16.276855990295218,2.3661943488239445e-14,24.32602082100862,3.5363117677085545e-14,300000000000000.0,50,52000000000000.0
436040.826,36232612000000.0,1.8319676e+33,23.020919171398486,3.310892700740172e-14,-12.563794796478316,16.27762803862812,2.341228322459902e-14,24.327174658437837,3.498999679423499e-14,300000000000000.0,50,52000000000000.0
437040.826,36058563000000.0,1.8056461e+33,23.022010978266326,3.275586527200312e-14,-12.563794918689222,16.278400086961017,2.3162622960958593e-14,24.328328495867055,3.461687591138443e-14,300000000000000.0,50,52000000000000.0
438040.826,35830306000000.0,1.8065068e+33,23.02310278513417,3.240280353660452e-14,-12.563795040900128,16.27917213529392,2.2912962697318167e-14,24.329482333296273,3.4243755028533875e-14,300000000000000.0,50,52000000000000.0
439040.826,35636635000000.0,1.8114391e+33,23.024174225258776,3.20455724404688e-14,-12.56379516081161,16.279929781707903,2.2660354161278987e-14,24.330614646848918,3.386622790973668e-14,300000000000000.0,50,52000000000000.0
440040.826,35469263000000.0,1.8169346e+33,23.025187846267727,3.1676504952627535e-14,-12.563795274195257,16.2806465425367,2.239937577931699e-14,24.331685856301863,3.347619193457039e-14,300000000000000.0,50,52000000000000.0
441040.826,35279000000000.0,1.8229926e+33,23.026201467276678,3.130743746478627e-14,-12.563795387578905,16.281363303365502,2.2138397397354996e-14,24.33275706575481,3.3086155959404106e-14,300000000000000.0,50,52000000000000.0
442040.826,35078812000000.0,1.8389215e+33,23.02721508828563,3.0938369976945e-14,-12.56379550096255,16.2820800641943,2.1877419015393e-14,24.333828275207754,3.2696119984237815e-14,300000000000000.0,50,52000000000000.0
443040.826,34886654000000.0,1.8571232e+33,23.02822870929458,3.0569302489103734e-14,-12.563795614346198,16.282796825023098,2.1616440633431007e-14,24.334899484660696,3.230608400907153e-14,300000000000000.0,50,52000000000000.0
444040.826,34668345000000.0,1.8788085e+33,23.02924233030353,3.020023500126247e-14,-12.563795727729845,16.2835135858519,2.1355462251469012e-14,24.33597069411364,3.1916048033905244e-14,300000000000000.0,50,52000000000000.0
445040.826,34425672000000.0,1.9003382e+33,23.03025595131248,2.9831167513421205e-14,-12.56379584111349,16.284230346680697,2.1094483869507016e-14,24.337041903566586,3.152601205873895e-14,300000000000000.0,50,52000000000000.0
446040.826,34166932000000.0,1.9228286e+33,23.0312592630967,2.947697070498799e-14,-12.563795953335832,16.284939817556094,2.084402097775093e-14,24.33810221807849,3.115169163614588e-14,300000000000000.0,50,52000000000000.0
447040.826,33944714000000.0,1.9302041e+33,23.032189824485947,2.9227713679008244e-14,-12.563796057363046,16.285597844505936,2.066776406033669e-14,24.33908564889789,3.088827311809368e-14,300000000000000.0,50,52000000000000.0
448040.826,33818647000000.0,1.9062982e+33,23.033120385875193,2.897845665302849e-14,-12.563796161390258,16.286255871455783,2.049150714292245e-14,24.34006907971729,3.062485460004147e-14,300000000000000.0,50,52000000000000.0
449040.826,33690846000000.0,1.8671478e+33,23.03405094726444,2.8729199627048747e-14,-12.56379626541747,16.286913898405626,2.0315250225508208e-14,24.34105251053669,3.0361436081989264e-14,300000000000000.0,50,52000000000000.0
450040.826,33554825000000.0,1.841657e+33,23.034981508653686,2.8479942601069e-14,-12.563796369444683,16.287571925355472,2.0138993308093967e-14,24.34203594135609,3.009801756393706e-14,300000000000000.0,50,52000000000000.0
451040.826,33401402000000.0,1.8306542e+33,23.035912070042933,2.8230685575089252e-14,-12.563796473471895,16.288229952305315,1.996273639067973e-14,24.34301937217549,2.9834599045884854e-14,300000000000000.0,50,52000000000000.0
452040.826,33271528000000.0,1.7933891e+33,23.03684263143218,2.7981428549109503e-14,-12.563796577499106,16.28888797925516,1.9786479473265488e-14,24.344002802994893,2.9571180527832647e-14,300000000000000.0,50,52000000000000.0
453040.826,33147211000000.0,1.7903568e+33,23.037773192821426,2.7732171523129754e-14,-12.56379668152632,16.289546006205008,1.9610222555851247e-14,24.344986233814293,2.9307762009780445e-14,300000000000000.0,50,52000000000000.0
454040.826,33089381000000.0,1.7645595e+33,23.038654061290497,2.746384982966083e-14,-12.563796779948502,16.29016889384075,1.942048446685476e-14,24.3459171484194,2.902419568509182e-14,300000000000000.0,50,52000000000000.0
455040.826,32954828000000.0,1.723702e+33,23.039527614372137,2.7192721590946364e-14,-12.563796877545556,16.29078660855255,1.922876178945515e-14,24.34684033201469,2.873766336422437e-14,300000000000000.0,50,52000000000000.0
456040.826,32760037000000.0,1.7066792e+33,23.04040116745378,2.69215933522319e-14,-12.563796975142612,16.291404323264356,1.903703911205554e-14,24.34776351560998,2.845113104335692e-14,300000000000000.0,50,52000000000000.0
457040.826,32486848000000.0,1.7421732e+33,23.041274720535423,2.6650465113517435e-14,-12.563797072739666,16.292022037976157,1.884531643465593e-14,24.348686699205267,2.816459872248947e-14,300000000000000.0,50,52000000000000.0
458040.826,32258620000000.0,1.7496175e+33,23.042148273617066,2.637933687480297e-14,-12.563797170336722,16.292639752687958,1.8653593757256318e-14,24.349609882800557,2.7878066401622022e-14,300000000000000.0,50,52000000000000.0
459040.826,32119782000000.0,1.732245e+33,23.04302182669871,2.6108208636088505e-14,-12.563797267933776,16.293257467399762,1.8461871079856707e-14,24.350533066395847,2.759153408075457e-14,300000000000000.0,50,52000000000000.0
460040.826,31989275000000.0,1.7099794e+33,23.043895379780352,2.5837080397374042e-14,-12.563797365530831,16.293875182111563,1.8270148402457096e-14,24.351456249991134,2.730500175988712e-14,300000000000000.0,50,52000000000000.0
461040.826,31863415000000.0,1.6940238e+33,23.044737342386696,2.5593754986069957e-14,-12.563797459573099,16.294470558277837,1.809808591417905e-14,24.35234604830628,2.70478518766906e-14,300000000000000.0,50,52000000000000.0
462040.826,31747918000000.0,1.6898208e+33,23.045547876384944,2.537808994259652e-14,-12.563797550078794,16.295043710359597,1.7945582877704085e-14,24.35320263240493,2.6819933877782063e-14,300000000000000.0,50,52000000000000.0
463040.826,31616064000000.0,1.684272e+33,23.046358410383192,2.516242489912309e-14,-12.56379764058449,16.295616862441356,1.7793079841229118e-14,24.354059216503575,2.659201587887353e-14,300000000000000.0,50,52000000000000.0
464040.826,31491401000000.0,1.677118e+33,23.047168944381443,2.4946759855649653e-14,-12.563797731090183,16.29619001452312,1.7640576804754154e-14,24.35491580060222,2.6364097879964992e-14,300000000000000.0,50,52000000000000.0
465040.826,31383902000000.0,1.6704096e+33,23.04797947837969,2.473109481217622e-14,-12.563797821595879,16.29676316660488,1.7488073768279186e-14,24.35577238470087,2.6136179881056455e-14,300000000000000.0,50,52000000000000.0
466040.826,31281148000000.0,1.6701338e+33,23.04879001237794,2.4515429768702785e-14,-12.563797912101574,16.29733631868664,1.7335570731804222e-14,24.356628968799516,2.590826188214792e-14,300000000000000.0,50,52000000000000.0
467040.826,31148894000000.0,1.6453995e+33,23.049600546376187,2.4299764725229352e-14,-12.56379800260727,16.2979094707684,1.7183067695329255e-14,24.35748555289816,2.5680343883239384e-14,300000000000000.0,50,52000000000000.0
468040.826,30908340000000.0,1.6519383e+33,23.050410519134285,2.4084066424573607e-14,-12.563798093049803,16.298482225980894,1.7030541141809528e-14,24.358341543869937,2.5452390737764517e-14,300000000000000.0,50,52000000000000.0
469040.826,30722695000000.0,1.6534079e+33,23.051170110231105,2.3865382678051064e-14,-12.563798177822441,16.299019354852636,1.6875903499520302e-14,24.35914429075897,2.5221282539338844e-14,300000000000000.0,50,52000000000000.0
470040.826,30622275000000.0,1.5957884e+33,23.051929701327925,2.364669893152852e-14,-12.563798262595082,16.299556483724377,1.6721265857231076e-14,24.359947037648002,2.4990174340913172e-14,300000000000000.0,50,52000000000000.0
471040.826,30470023000000.0,1.5666286e+33,23.052689292424745,2.3428015185005977e-14,-12.56379834736772,16.30009361259612,1.656662821494185e-14,24.360749784537035,2.4759066142487497e-14,300000000000000.0,50,52000000000000.0
472040.826,30173516000000.0,1.6172784e+33,23.053448883521565,2.3209331438483434e-14,-12.563798432140361,16.300630741467863,1.6411990572652626e-14,24.361552531426064,2.4527957944061825e-14,300000000000000.0,50,52000000000000.0
473040.826,30038568000000.0,1.6025355e+33,23.054208474618385,2.299064769196089e-14,-12.563798516913002,16.301167870339604,1.62573529303634e-14,24.362355278315096,2.429684974563615e-14,300000000000000.0,50,52000000000000.0
474040.826,29983629000000.0,1.5865363e+33,23.054968065715205,2.2771963945438347e-14,-12.56379860168564,16.301704999211346,1.6102715288074174e-14,24.36315802520413,2.4065741547210478e-14,300000000000000.0,50,52000000000000.0
475040.826,29898452000000.0,1.5824787e+33,23.055727656812024,2.2553280198915804e-14,-12.56379868645828,16.302242128083087,1.5948077645784947e-14,24.363960772093158,2.3834633348784805e-14,300000000000000.0,50,52000000000000.0
476040.826,29780350000000.0,1.5827301e+33,23.056466305784674,2.2336534397720983e-14,-12.563798768877927,16.302764448169278,1.57948103832522e-14,24.364741387037476,2.360557320271707e-14,300000000000000.0,50,52000000000000.0
477040.826,29632137000000.0,1.5943639e+33,23.057173400784606,2.2122708542636054e-14,-12.563798847752265,16.30326445552293,1.5643607902930676e-14,24.365488655279513,2.337959890351501e-14,300000000000000.0,50,52000000000000.0
478040.826,29505245000000.0,1.5718914e+33,23.057880495784534,2.1908882687551122e-14,-12.563798926626603,16.30376446287658,1.549240542260915e-14,24.36623592352155,2.3153624604312954e-14,300000000000000.0,50,52000000000000.0
479040.826,29330541000000.0,1.5560159e+33,23.058587590784466,2.1695056832466194e-14,-12.563799005500943,16.304264470230233,1.5341202942287626e-14,24.366983191763588,2.2927650305110897e-14,300000000000000.0,50,52000000000000.0
480040.826,29172805000000.0,1.5471254e+33,23.059294685784394,2.1481230977381262e-14,-12.563799084375281,16.304764477583884,1.5190000461966103e-14,24.367730460005625,2.2701676005908838e-14,300000000000000.0,50,52000000000000.0
481040.826,29033532000000.0,1.5559837e+33,23.060001780784322,2.126740512229633e-14,-12.56379916324962,16.305264484937535,1.5038797981644576e-14,24.36847772824766,2.2475701706706782e-14,300000000000000.0,50,52000000000000.0
482040.826,28896904000000.0,1.5553773e+33,23.060708875784254,2.1053579267211402e-14,-12.563799242123958,16.305764492291186,1.4887595501323053e-14,24.3692249964897,2.2249727407504726e-14,300000000000000.0,50,52000000000000.0
483040.826,28769489000000.0,1.5331571e+33,23.061415970784182,2.083975341212647e-14,-12.563799320998298,16.30626449964484,1.473639302100153e-14,24.369972264731732,2.202375310830267e-14,300000000000000.0,50,52000000000000.0
484040.826,28591629000000.0,1.5187693e+33,23.062088478787853,2.0630387665143814e-14,-12.563799395991582,16.306740049527626,1.4588344416049292e-14,24.37068298092894,2.1802492321486847e-14,300000000000000.0,50,52000000000000.0
485040.826,28378031000000.0,1.5351779e+33,23.062743409015464,2.042328863079653e-14,-12.563799469012439,16.307203169653786,1.444189867115919e-14,24.371375120674642,2.158362703223249e-14,300000000000000.0,50,52000000000000.0
486040.826,28235595000000.0,1.5161395e+33,23.063398339243072,2.0216189596449245e-14,-12.563799542033298,16.307666289779945,1.429545292626909e-14,24.372067260420348,2.136476174297813e-14,300000000000000.0,50,52000000000000.0
487040.826,28111564000000.0,1.4706483e+33,23.06405326947068,2.0009090562101962e-14,-12.563799615054155,16.308129409906105,1.4149007181378991e-14,24.37275940016605,2.114589645372377e-14,300000000000000.0,50,52000000000000.0
488040.826,27997988000000.0,1.4279038e+33,23.064708199698288,1.980199152775468e-14,-12.563799688075013,16.308592530032264,1.400256143648889e-14,24.373451539911752,2.092703116446941e-14,300000000000000.0,50,52000000000000.0
489040.826,27883144000000.0,1.4200027e+33,23.0653631299259,1.9594892493407396e-14,-12.563799761095872,16.309055650158424,1.385611569159879e-14,24.374143679657454,2.0708165875215053e-14,300000000000000.0,50,52000000000000.0
490040.826,27717529000000.0,1.4641015e+33,23.066018060153507,1.938779345906011e-14,-12.563799834116729,16.309518770284583,1.370966994670869e-14,24.374835819403156,2.0489300585960695e-14,300000000000000.0,50,52000000000000.0
491040.826,27586196000000.0,1.4657439e+33,23.066672990381115,1.9180694424712827e-14,-12.563799907137588,16.309981890410743,1.3563224201818589e-14,24.375527959148858,2.0270435296706337e-14,300000000000000.0,50,52000000000000.0
492040.826,27475865000000.0,1.4673513e+33,23.067286776365137,1.8977821676468692e-14,-12.563799975547031,16.310415916246725,1.3419766990332272e-14,24.376176617056018,2.0056036413863914e-14,300000000000000.0,50,52000000000000.0
493040.826,27367189000000.0,1.4875578e+33,23.067890361166622,1.8775996781149274e-14,-12.563800042813135,16.310842728530123,1.3277050747013122e-14,24.37681449420424,1.9842744918668114e-14,300000000000000.0,50,52000000000000.0
494040.826,27224179000000.0,1.4968243e+33,23.06849394596811,1.857417188582986e-14,-12.563800110079239,16.311269540813523,1.3134334503693973e-14,24.377452371352458,1.9629453423472315e-14,300000000000000.0,50,52000000000000.0
495040.826,27076341000000.0,1.5013455e+33,23.069097530769596,1.837234699051044e-14,-12.56380017734534,16.31169635309692,1.2991618260374822e-14,24.378090248500676,1.9416161928276515e-14,300000000000000.0,50,52000000000000.0
496040.826,26895299000000.0,1.4959216e+33,23.069701115571085,1.8170522095191026e-14,-12.563800244611445,16.312123165380317,1.2848902017055672e-14,24.378728125648898,1.9202870433080715e-14,300000000000000.0,50,52000000000000.0
497040.826,26709635000000.0,1.4885873e+33,23.07030470037257,1.7968697199871607e-14,-12.563800311877548,16.312549977663718,1.2706185773736522e-14,24.379366002797116,1.8989578937884915e-14,300000000000000.0,50,52000000000000.0
498040.826,26557473000000.0,1.4569818e+33,23.07090828517406,1.7766872304552192e-14,-12.563800379143652,16.312976789947115,1.2563469530417371e-14,24.380003879945335,1.8776287442689116e-14,300000000000000.0,50,52000000000000.0
499040.826,26403597000000.0,1.4472751e+33,23.071511869975545,1.7565047409232774e-14,-12.563800446409754,16.313403602230512,1.2420753287098222e-14,24.380641757093553,1.8562995947493313e-14,300000000000000.0,50,52000000000000.0
500040.826,26280120000000.0,1.4289313e+33,23.072074176076168,1.7407502760267752e-14,-12.563800509054678,16.313801225146033,1.2309348890795303e-14,24.381236010308196,1.839650046174347e-14,300000000000000.0,50,52000000000000.0
501040.826,26156266000000.0,1.4419994e+33,23.072626909231737,1.726022714487908e-14,-12.563800570627905,16.31419207875416,1.2205206026096654e-14,24.381820146694785,1.8240857440281955e-14,300000000000000.0,50,52000000000000.0
502040.826,26055181000000.0,1.4670915e+33,23.07317964238731,1.7112951529490408e-14,-12.56380063220113,16.314582932362292,1.2101063161398003e-14,24.382404283081375,1.8085214418820443e-14,300000000000000.0,50,52000000000000.0
503040.826,26005638000000.0,1.4400094e+33,23.07373237554288,1.6965675914101736e-14,-12.563800693774356,16.314973785970423,1.1996920296699352e-14,24.38298841946796,1.792957139735893e-14,300000000000000.0,50,52000000000000.0
504040.826,25879602000000.0,1.4531242e+33,23.07428510869845,1.6818400298713064e-14,-12.56380075534758,16.31536463957855,1.1892777432000702e-14,24.38357255585455,1.7773928375897418e-14,300000000000000.0,50,52000000000000.0
505040.826,25769669000000.0,1.4538594e+33,23.07483784185402,1.6671124683324392e-14,-12.563800816920807,16.315755493186682,1.178863456730205e-14,24.384156692241138,1.7618285354435903e-14,300000000000000.0,50,52000000000000.0
506040.826,25655354000000.0,1.4378151e+33,23.075390575009592,1.652384906793572e-14,-12.563800878494032,16.316146346794813,1.1684491702603401e-14,24.384740828627724,1.746264233297439e-14,300000000000000.0,50,52000000000000.0
507040.826,25512900000000.0,1.4263649e+33,23.07594330816516,1.6376573452547048e-14,-12.563800940067258,16.316537200402944,1.158034883790475e-14,24.385324965014313,1.7306999311512877e-14,300000000000000.0,50,52000000000000.0
508040.826,25363810000000.0,1.4108022e+33,23.07646993667961,1.6208400780242725e-14,-12.563800998717037,16.31690959466123,1.1461429062167062e-14,24.385881513634878,1.71292719821018e-14,300000000000000.0,50,52000000000000.0
509040.826,25159222000000.0,1.4227829e+33,23.07698495886424,1.6030937111221866e-14,-12.56380105606703,16.317273781746632,1.1335939354955365e-14,24.386425796516562,1.694172579477812e-14,300000000000000.0,50,52000000000000.0
510040.826,24928721000000.0,1.4579152e+33,23.077499981048867,1.5853473442201007e-14,-12.563801113417023,16.317637968832035,1.121044964774367e-14,24.386970079398246,1.675417960745444e-14,300000000000000.0,50,52000000000000.0
511040.826,24726683000000.0,1.474358e+33,23.078015003233492,1.5676009773180147e-14,-12.563801170767016,16.31800215591744,1.1084959940531973e-14,24.38751436227993,1.6566633420130758e-14,300000000000000.0,50,52000000000000.0
512040.826,24565046000000.0,1.4715211e+33,23.078530025418118,1.5498546104159288e-14,-12.56380122811701,16.318366343002843,1.0959470233320277e-14,24.388058645161614,1.6379087232807074e-14,300000000000000.0,50,52000000000000.0
513040.826,24481334000000.0,1.4509718e+33,23.079045047602744,1.532108243513843e-14,-12.563801285467003,16.31873053008825,1.083398052610858e-14,24.388602928043298,1.6191541045483393e-14,300000000000000.0,50,52000000000000.0
514040.826,24428927000000.0,1.4238471e+33,23.07956006978737,1.514361876611757e-14,-12.563801342816996,16.319094717173652,1.0708490818896885e-14,24.389147210924982,1.6003994858159712e-14,300000000000000.0,50,52000000000000.0
515040.826,24348170000000.0,1.4199088e+33,23.080075091971995,1.496615509709671e-14,-12.563801400166989,16.319458904259058,1.0583001111685188e-14,24.389691493806666,1.581644867083603e-14,300000000000000.0,50,52000000000000.0
516040.826,24263269000000.0,1.4153254e+33,23.080569764785757,1.4808225231117584e-14,-12.563801455242517,16.319808701714145,1.0471324323027574e-14,24.390214271177157,1.564954609061381e-14,300000000000000.0,50,52000000000000.0
517040.826,24149790000000.0,1.4072322e+33,23.081038607078238,1.467509064350497e-14,-12.56380150743095,16.320140233658492,1.0377180994693623e-14,24.390709750476955,1.5508847521124983e-14,300000000000000.0,50,52000000000000.0
518040.826,24016358000000.0,1.4006909e+33,23.08150744937072,1.4541956055892356e-14,-12.563801559619383,16.32047176560284,1.0283037666359672e-14,24.391205229776755,1.536814895163616e-14,300000000000000.0,50,52000000000000.0
519040.826,23902375000000.0,1.3940034e+33,23.0819762916632,1.4408821468279745e-14,-12.563801611807815,16.320803297547187,1.0188894338025722e-14,24.391700709076552,1.5227450382147333e-14,300000000000000.0,50,52000000000000.0
520040.826,23807929000000.0,1.3805239e+33,23.08244513395568,1.427568688066713e-14,-12.563801663996248,16.32113482949153,1.009475100969177e-14,24.39219618837635,1.5086751812658507e-14,300000000000000.0,50,52000000000000.0
521040.826,23705647000000.0,1.3791413e+33,23.082913976248157,1.414255229305452e-14,-12.563801716184681,16.321466361435878,1.000060768135782e-14,24.392691667676146,1.4946053243169684e-14,300000000000000.0,50,52000000000000.0
522040.826,23608836000000.0,1.3776351e+33,23.08338281854064,1.4009417705441906e-14,-12.563801768373114,16.321797893380225,9.906464353023869e-15,24.393187146975944,1.4805354673680857e-14,300000000000000.0,50,52000000000000.0
523040.826,23496093000000.0,1.3819173e+33,23.08385166083312,1.3876283117829293e-14,-12.563801820561547,16.322129425324572,9.81232102468992e-15,24.39368262627574,1.4664656104192034e-14,300000000000000.0,50,52000000000000.0
524040.826,23365250000000.0,1.369963e+33,23.08431857109488,1.374365592686044e-14,-12.563801872534016,16.322459591073958,9.718536491331937e-15,24.39417606377736,1.4524493758995767e-14,300000000000000.0,50,52000000000000.0
525040.826,23234814000000.0,1.3744216e+33,23.08475220542062,1.3619767778216722e-14,-12.563801920786888,16.322766226443854,9.630931589864712e-15,24.394634334785582,1.4393566963238114e-14,300000000000000.0,50,52000000000000.0
526040.826,23171142000000.0,1.3495507e+33,23.085185839746366,1.3495879629573003e-14,-12.56380196903976,16.32307286181375,9.543326688397488e-15,24.395092605793803,1.4262640167480464e-14,300000000000000.0,50,52000000000000.0
527040.826,23097172000000.0,1.3343214e+33,23.085619474072107,1.3371991480929286e-14,-12.563802017292634,16.323379497183645,9.455721786930263e-15,24.395550876802027,1.413171337172281e-14,300000000000000.0,50,52000000000000.0
528040.826,23025916000000.0,1.2999935e+33,23.08605310839785,1.3248103332285568e-14,-12.563802065545506,16.32368613255354,9.368116885463039e-15,24.396009147810247,1.4000786575965159e-14,300000000000000.0,50,52000000000000.0
529040.826,22920245000000.0,1.2776261e+33,23.086486742723594,1.3124215183641849e-14,-12.563802113798378,16.323992767923436,9.280511983995814e-15,24.39646741881847,1.3869859780207507e-14,300000000000000.0,50,52000000000000.0
530040.826,22737514000000.0,1.3421853e+33,23.086920377049335,1.3000327034998132e-14,-12.56380216205125,16.32429940329333,9.19290708252859e-15,24.39692568982669,1.3738932984449855e-14,300000000000000.0,50,52000000000000.0
531040.826,22619250000000.0,1.3441944e+33,23.087354011375076,1.2876438886354413e-14,-12.563802210304122,16.324606038663227,9.105302181061365e-15,24.397383960834915,1.3608006188692203e-14,300000000000000.0,50,52000000000000.0
532040.826,22503066000000.0,1.3409591e+33,23.08778764570082,1.2752550737710695e-14,-12.563802258556995,16.32491267403312,9.017697279594141e-15,24.397842231843136,1.3477079392934553e-14,300000000000000.0,50,52000000000000.0
533040.826,22408788000000.0,1.3292406e+33,23.088203543212078,1.2640580319185411e-14,-12.563802304828597,16.325206767187296,8.938519750737037e-15,24.39828175832807,1.3358747427759382e-14,300000000000000.0,50,52000000000000.0
534040.826,22325821000000.0,1.3149601e+33,23.088603881971917,1.2539064145449644e-14,-12.563802349362229,16.325489858297292,8.866734721569314e-15,24.398704842098418,1.3251463660578567e-14,300000000000000.0,50,52000000000000.0
535040.826,22225974000000.0,1.303945e+33,23.08900422073176,1.2437547971713876e-14,-12.56380239389586,16.325772949407288,8.794949692401594e-15,24.39912792586876,1.3144179893397751e-14,300000000000000.0,50,52000000000000.0
536040.826,22116355000000.0,1.2944928e+33,23.089404559491598,1.2336031797978108e-14,-12.56380243842949,16.326056040517283,8.723164663233872e-15,24.399551009639108,1.3036896126216936e-14,300000000000000.0,50,52000000000000.0
537040.826,22007436000000.0,1.282949e+33,23.089804898251437,1.223451562424234e-14,-12.563802482963123,16.32633913162728,8.651379634066151e-15,24.39997409340945,1.2929612359036121e-14,300000000000000.0,50,52000000000000.0
538040.826,21897754000000.0,1.2730745e+33,23.09020523701128,1.2132999450506572e-14,-12.563802527496755,16.326622222737274,8.579594604898429e-15,24.400397177179794,1.2822328591855306e-14,300000000000000.0,50,52000000000000.0
539040.826,21812187000000.0,1.2621085e+33,23.090605575771118,1.2031483276770806e-14,-12.563802572030385,16.32690531384727,8.507809575730707e-15,24.40082026095014,1.271504482467449e-14,300000000000000.0,50,52000000000000.0
540040.826,21738879000000.0,1.2535983e+33,23.091005914530957,1.1929967103035037e-14,-12.563802616564017,16.327188404957266,8.436024546562986e-15,24.401243344720484,1.2607761057493675e-14,300000000000000.0,50,52000000000000.0
541040.826,21676817000000.0,1.2432255e+33,23.091406253290796,1.182845092929927e-14,-12.563802661097649,16.32747149606726,8.364239517395264e-15,24.40166642849083,1.250047729031286e-14,300000000000000.0,50,52000000000000.0
542040.826,21615381000000.0,1.2352898e+33,23.091782416135022,1.1749118357177183e-14,-12.5638027029311,16.32773749168652,8.308141155467251e-15,24.402063962802337,1.241663747483678e-14,300000000000000.0,50,52000000000000.0
543040.826,21539929000000.0,1.2249501e+33,23.092155028176702,1.1673043969369459e-14,-12.563802744367969,16.328000976430374,8.254346750039862e-15,24.40245774457413,1.2336240955766815e-14,300000000000000.0,50,52000000000000.0
544040.826,21485652000000.0,1.2298292e+33,23.092527640218382,1.1596969581561737e-14,-12.563802785804835,16.328264461174225,8.200552344612474e-15,24.402851526345923,1.2255844436696852e-14,300000000000000.0,50,52000000000000.0
545040.826,21444091000000.0,1.21589e+33,23.092900252260062,1.1520895193754013e-14,-12.563802827241703,16.328527945918076,8.146757939185085e-15,24.403245308117718,1.2175447917626888e-14,300000000000000.0,50,52000000000000.0
546040.826,21362904000000.0,1.2079634e+33,23.093272864301742,1.1444820805946291e-14,-12.563802868678572,16.328791430661926,8.092963533757696e-15,24.40363908988951,1.2095051398556924e-14,300000000000000.0,50,52000000000000.0
547040.826,21271963000000.0,1.2034838e+33,23.093645476343422,1.1368746418138567e-14,-12.563802910115438,16.329054915405777,8.039169128330307e-15,24.404032871661304,1.201465487948696e-14,300000000000000.0,50,52000000000000.0
548040.826,21198295000000.0,1.1919673e+33,23.094018088385102,1.1292672030330845e-14,-12.563802951552306,16.329318400149628,7.985374722902917e-15,24.4044266534331,1.1934258360416995e-14,300000000000000.0,50,52000000000000.0
549040.826,21119976000000.0,1.1708141e+33,23.094390700426782,1.1216597642523122e-14,-12.563802992989174,16.32958188489348,7.931580317475528e-15,24.40482043520489,1.185386184134703e-14,300000000000000.0,50,52000000000000.0
550040.826,21042022000000.0,1.1456893e+33,23.094761827948545,1.1136606143756703e-14,-12.563803034260173,16.329844319890253,7.875016009807996e-15,24.40521264811445,1.1769325663195645e-14,300000000000000.0,50,52000000000000.0
551040.826,20972503000000.0,1.1322392e+33,23.09511332415407,1.1004814704128884e-14,-12.563803073337722,16.330092873014095,7.781822468569033e-15,24.405584114363595,1.1630046564084112e-14,300000000000000.0,50,52000000000000.0
552040.826,20843604000000.0,1.1893122e+33,23.095464820359595,1.0873023264501064e-14,-12.56380311241527,16.330341426137938,7.68862892733007e-15,24.40595558061274,1.1490767464972579e-14,300000000000000.0,50,52000000000000.0
553040.826,20669254000000.0,1.17686e+33,23.09581631656512,1.0741231824873246e-14,-12.563803151492818,16.330589979261784,7.595435386091106e-15,24.406327046861886,1.1351488365861046e-14,300000000000000.0,50,52000000000000.0
554040.826,20500707000000.0,1.2113011e+33,23.096167812770645,1.0609440385245426e-14,-12.563803190570367,16.330838532385627,7.502241844852143e-15,24.406698513111028,1.1212209266749513e-14,300000000000000.0,50,52000000000000.0
555040.826,20348103000000.0,1.2180886e+33,23.09651930897617,1.0477648945617607e-14,-12.563803229647917,16.33108708550947,7.40904830361318e-15,24.407069979360173,1.107293016763798e-14,300000000000000.0,50,52000000000000.0
556040.826,20217139000000.0,1.2187368e+33,23.096870805181695,1.0345857505989787e-14,-12.563803268725465,16.331335638633313,7.315854762374215e-15,24.40744144560932,1.0933651068526447e-14,300000000000000.0,50,52000000000000.0
557040.826,20118295000000.0,1.2150905e+33,23.09722230138722,1.0214066066361967e-14,-12.563803307803013,16.331584191757155,7.222661221135252e-15,24.40781291185846,1.0794371969414914e-14,300000000000000.0,50,52000000000000.0
558040.826,20000514000000.0,1.2083663e+33,23.097573797592744,1.008227462673415e-14,-12.563803346880562,16.331832744880998,7.129467679896288e-15,24.408184378107606,1.065509287030338e-14,300000000000000.0,50,52000000000000.0
559040.826,19890961000000.0,1.1992579e+33,23.097920627426397,9.959433661123308e-15,-12.563803385438133,16.33207799827824,7.042603277627689e-15,24.40855091286748,1.052527276119074e-14,300000000000000.0,50,52000000000000.0
560040.826,19787235000000.0,1.1885427e+33,23.098234947550623,9.898948915199145e-15,-12.563803420373121,16.332300263119055,6.99983276125998e-15,24.40888309089634,1.0461351604163313e-14,300000000000000.0,50,52000000000000.0
561040.826,19694360000000.0,1.18509e+33,23.098549267674848,9.83846416927498e-15,-12.563803455308111,16.33252252795987,6.95706224489227e-15,24.409215268925195,1.0397430447135885e-14,300000000000000.0,50,52000000000000.0
562040.826,19619492000000.0,1.1784979e+33,23.098863587799073,9.777979423350814e-15,-12.5638034902431,16.332744792800682,6.9142917285245606e-15,24.409547446954054,1.0333509290108458e-14,300000000000000.0,50,52000000000000.0
563040.826,19584546000000.0,1.1712443e+33,23.0991779079233,9.717494677426649e-15,-12.56380352517809,16.332967057641497,6.8715212121568505e-15,24.40987962498291,1.0269588133081032e-14,300000000000000.0,50,52000000000000.0
564040.826,19557012000000.0,1.1597568e+33,23.099492228047524,9.657009931502484e-15,-12.563803560113078,16.333189322482312,6.828750695789141e-15,24.41021180301177,1.0205666976053604e-14,300000000000000.0,50,52000000000000.0
565040.826,19512211000000.0,1.1506772e+33,23.09980654817175,9.59652518557832e-15,-12.563803595048068,16.333411587323127,6.785980179421431e-15,24.410543981040625,1.0141745819026178e-14,300000000000000.0,50,52000000000000.0
566040.826,19461516000000.0,1.142424e+33,23.100120868295974,9.536040439654155e-15,-12.563803629983056,16.333633852163942,6.743209663053722e-15,24.410876159069485,1.0077824661998751e-14,300000000000000.0,50,52000000000000.0
567040.826,19409526000000.0,1.1404666e+33,23.1004351884202,9.47555569372999e-15,-12.563803664918046,16.333856117004753,6.700439146686012e-15,24.41120833709834,1.0013903504971323e-14,300000000000000.0,50,52000000000000.0
568040.826,19346900000000.0,1.1352614e+33,23.100748897181287,9.414357989170171e-15,-12.563803699784797,16.334077949532983,6.6571644767062575e-15,24.411539869029767,9.949228883056293e-15,300000000000000.0,50,52000000000000.0
569040.826,19276358000000.0,1.130643e+33,23.101045878113432,9.333652647643097e-15,-12.563803732784462,16.33428795332868,6.600095394052786e-15,24.41185372274887,9.863938311267137e-15,300000000000000.0,50,52000000000000.0
570040.826,19195819000000.0,1.1285566e+33,23.101342859045573,9.252947306116024e-15,-12.56380376578413,16.334497957124377,6.543026311399314e-15,24.412167576467972,9.77864773947798e-15,300000000000000.0,50,52000000000000.0
571040.826,19112039000000.0,1.1267661e+33,23.101639839977718,9.17224196458895e-15,-12.563803798783795,16.33470796092007,6.485957228745842e-15,24.41248143018708,9.693357167688824e-15,300000000000000.0,50,52000000000000.0
572040.826,19035181000000.0,1.1201259e+33,23.101936820909863,9.091536623061875e-15,-12.563803831783462,16.334917964715768,6.42888814609237e-15,24.41279528390618,9.608066595899669e-15,300000000000000.0,50,52000000000000.0
573040.826,18982301000000.0,1.0896806e+33,23.102233801842004,9.010831281534801e-15,-12.563803864783129,16.335127968511465,6.3718190634388976e-15,24.413109137625284,9.522776024110513e-15,300000000000000.0,50,52000000000000.0
574040.826,18937366000000.0,1.0687439e+33,23.10253078277415,8.930125940007728e-15,-12.563803897782794,16.335337972307162,6.314749980785426e-15,24.413422991344387,9.437485452321356e-15,300000000000000.0,50,52000000000000.0
575040.826,18874946000000.0,1.0746845e+33,23.102827763706294,8.849420598480654e-15,-12.563803930782461,16.33554797610286,6.257680898131954e-15,24.41373684506349,9.3521948805322e-15,300000000000000.0,50,52000000000000.0
576040.826,18703675000000.0,1.1087892e+33,23.103124744638436,8.76871525695358e-15,-12.563803963782126,16.335757979898553,6.200611815478482e-15,24.414050698782592,9.266904308743045e-15,300000000000000.0,50,52000000000000.0
577040.826,18591127000000.0,1.1157174e+33,23.10342172557058,8.688009915426507e-15,-12.563803996781793,16.33596798369425,6.14354273282501e-15,24.414364552501695,9.181613736953888e-15,300000000000000.0,50,52000000000000.0
578040.826,18479482000000.0,1.1243917e+33,23.10369996376104,8.611332078712559e-15,-12.563804027693067,16.336164733954877,6.089321615990738e-15,24.4146585986204,9.100579491374521e-15,300000000000000.0,50,52000000000000.0
579040.826,18379678000000.0,1.1214221e+33,23.10397343256902,8.535679103314517e-15,-12.563804058072916,16.336358111647122,6.0358252084076134e-15,24.41494760438674,9.020628334278638e-15,300000000000000.0,50,52000000000000.0
580040.826,18299467000000.0,1.1210365e+33,23.104246901377,8.460026127916474e-15,-12.563804088452766,16.336551489339367,5.982328800824489e-15,24.41523661015308,8.940677177182756e-15,300000000000000.0,50,52000000000000.0
581040.826,18208362000000.0,1.118418e+33,23.10452037018498,8.384373152518432e-15,-12.563804118832616,16.336744867031612,5.928832393241364e-15,24.41552561591942,8.860726020086872e-15,300000000000000.0,50,52000000000000.0
582040.826,18119406000000.0,1.1069124e+33,23.104793838992958,8.30872017712039e-15,-12.563804149212466,16.336938244723857,5.8753359856582394e-15,24.41581462168576,8.78077486299099e-15,300000000000000.0,50,52000000000000.0
583040.826,18034501000000.0,1.1039207e+33,23.105067307800937,8.233067201722347e-15,-12.563804179592315,16.337131622416102,5.821839578075115e-15,24.416103627452102,8.700823705895107e-15,300000000000000.0,50,52000000000000.0
584040.826,17949389000000.0,1.1029343e+33,23.105340776608916,8.157414226324304e-15,-12.563804209972165,16.337325000108347,5.768343170491991e-15,24.41639263321844,8.620872548799225e-15,300000000000000.0,50,52000000000000.0
585040.826,17885084000000.0,1.0900649e+33,23.105614245416895,8.081761250926262e-15,-12.563804240352015,16.337518377800592,5.714846762908866e-15,24.41668163898478,8.540921391703342e-15,300000000000000.0,50,52000000000000.0
586040.826,17824512000000.0,1.0790303e+33,23.105887714224874,8.00610827552822e-15,-12.563804270731865,16.337711755492837,5.6613503553257415e-15,24.41697064475112,8.46097023460746e-15,300000000000000.0,50,52000000000000.0
587040.826,17770860000000.0,1.0671873e+33,23.106152026552223,7.940990621281614e-15,-12.56380430009198,16.33789865837273,5.6153037779004724e-15,24.41724997381648,8.392152956747586e-15,300000000000000.0,50,52000000000000.0
588040.826,17722412000000.0,1.0591297e+33,23.106403096692336,7.891109246231945e-15,-12.563804327977348,16.33807619731892,5.5800312139697404e-15,24.417515308347106,8.339437598340037e-15,300000000000000.0,50,52000000000000.0
589040.826,17680842000000.0,1.0534469e+33,23.10665416683245,7.841227871182278e-15,-12.563804355862715,16.338253736265113,5.5447586500390084e-15,24.417780642877727,8.286722239932488e-15,300000000000000.0,50,52000000000000.0
590040.826,17637734000000.0,1.0484293e+33,23.10690523697256,7.79134649613261e-15,-12.563804383748083,16.338431275211303,5.5094860861082764e-15,24.41804597740835,8.23400688152494e-15,300000000000000.0,50,52000000000000.0
591040.826,17590754000000.0,1.0458045e+33,23.10715630711267,7.741465121082944e-15,-12.56380441163345,16.338608814157496,5.4742135221775444e-15,24.41831131193897,8.181291523117391e-15,300000000000000.0,50,52000000000000.0
592040.826,17534507000000.0,1.0423664e+33,23.107407377252784,7.691583746033276e-15,-12.563804439518817,16.33878635310369,5.4389409582468125e-15,24.418576646469596,8.128576164709842e-15,300000000000000.0,50,52000000000000.0
593040.826,17472872000000.0,1.0376057e+33,23.107658447392897,7.64170237098361e-15,-12.563804467404184,16.33896389204988,5.4036683943160805e-15,24.418841981000217,8.075860806302294e-15,300000000000000.0,50,52000000000000.0
594040.826,17407128000000.0,1.0281396e+33,23.107909517533006,7.591820995933942e-15,-12.563804495289551,16.339141430996072,5.3683958303853485e-15,24.41910731553084,8.023145447894745e-15,300000000000000.0,50,52000000000000.0
595040.826,17338400000000.0,1.0190851e+33,23.10816058767312,7.541939620884275e-15,-12.563804523174918,16.339318969942262,5.3331232664546165e-15,24.419372650061465,7.970430089487197e-15,300000000000000.0,50,52000000000000.0
596040.826,17263337000000.0,1.0110924e+33,23.10841165781323,7.492058245834608e-15,-12.563804551060286,16.339496508888455,5.2978507025238845e-15,24.419637984592086,7.917714731079648e-15,300000000000000.0,50,52000000000000.0
597040.826,17190302000000.0,1.0058414e+33,23.10864970427019,7.44053211341303e-15,-12.563804577494448,16.339664838411366,5.2614150836876055e-15,24.419889555506035,7.863261170229914e-15,300000000000000.0,50,52000000000000.0
598040.826,17124030000000.0,9.9913106e+32,23.108885765775735,7.388755302022544e-15,-12.56380460370743,16.339831764317687,5.224802202593996e-15,24.420139028694635,7.808542688363012e-15,300000000000000.0,50,52000000000000.0
599040.826,17066155000000.0,9.9442659e+32,23.10912182728128,7.336978490632057e-15,-12.563804629920412,16.339998690224007,5.188189321500387e-15,24.420388501883235,7.75382420649611e-15,300000000000000.0,50,52000000000000.0
600040.826,17010058000000.0,9.8976753e+32,23.10935788878683,7.285201679241571e-15,-12.563804656133394,16.340165616130328,5.1515764404067775e-15,24.42063797507183,7.699105724629208e-15,300000000000000.0,50,52000000000000.0
601040.826,16954085000000.0,9.8743961e+32,23.10959395029238,7.233424867851086e-15,-12.563804682346376,16.34033254203665,5.114963559313168e-15,24.42088744826043,7.644387242762305e-15,300000000000000.0,50,52000000000000.0
602040.826,16895089000000.0,9.8376976e+32,23.109830011797925,7.1816480564606e-15,-12.563804708559358,16.34049946794297,5.078350678219558e-15,24.42113692144903,7.589668760895403e-15,300000000000000.0,50,52000000000000.0
603040.826,16835916000000.0,9.8074913e+32,23.11006607330347,7.129871245070113e-15,-12.56380473477234,16.34066639384929,5.041737797125949e-15,24.421386394637626,7.5349502790285e-15,300000000000000.0,50,52000000000000.0
604040.826,16773959000000.0,9.7583737e+32,23.110302134809018,7.078094433679627e-15,-12.563804760985322,16.34083331975561,5.00512491603234e-15,24.421635867826225,7.480231797161597e-15,300000000000000.0,50,52000000000000.0
605040.826,16715188000000.0,9.7187937e+32,23.110538196314565,7.026317622289142e-15,-12.563804787198304,16.34100024566193,4.96851203493873e-15,24.421885341014825,7.425513315294695e-15,300000000000000.0,50,52000000000000.0
606040.826,16655662000000.0,9.6670054e+32,23.110771542266423,6.975915546014524e-15,-12.563804813108911,16.341165251321687,4.9328712688277525e-15,24.422131944367077,7.372247673369552e-15,300000000000000.0,50,52000000000000.0
607040.826,16599701000000.0,9.6195514e+32,23.110991771448376,6.9321537671779075e-15,-12.56380483755898,16.341320981734007,4.901926049192675e-15,24.4223646857275,7.325999593760036e-15,300000000000000.0,50,52000000000000.0
608040.826,16543032000000.0,9.5610027e+32,23.111212000630328,6.888391988341291e-15,-12.563804862009048,16.34147671214633,4.870980829557599e-15,24.42259742708793,7.279751514150518e-15,300000000000000.0,50,52000000000000.0
609040.826,16488216000000.0,9.5026734e+32,23.111432229812284,6.8446302095046736e-15,-12.563804886459117,16.34163244255865,4.840035609922522e-15,24.422830168448353,7.233503434541002e-15,300000000000000.0,50,52000000000000.0
610040.826,16432940000000.0,9.4481864e+32,23.111652458994236,6.800868430668057e-15,-12.563804910909187,16.341788172970976,4.809090390287445e-15,24.42306290980878,7.187255354931484e-15,300000000000000.0,50,52000000000000.0
611040.826,16376631000000.0,9.3902693e+32,23.111872688176188,6.7571066518314405e-15,-12.563804935359256,16.3419439033833,4.778145170652368e-15,24.423295651169205,7.141007275321968e-15,300000000000000.0,50,52000000000000.0
612040.826,16323726000000.0,9.3457803e+32,23.11209291735814,6.713344872994824e-15,-12.563804959809325,16.34209963379562,4.747199951017291e-15,24.423528392529633,7.0947591957124505e-15,300000000000000.0,50,52000000000000.0
613040.826,16272309000000.0,9.2990151e+32,23.112313146540096,6.669583094158207e-15,-12.563804984259393,16.342255364207944,4.7162547313822145e-15,24.423761133890057,7.048511116102934e-15,300000000000000.0,50,52000000000000.0
614040.826,16224782000000.0,9.2586587e+32,23.112533375722048,6.625821315321591e-15,-12.563805008709462,16.342411094620264,4.685309511747137e-15,24.423993875250485,7.002263036493417e-15,300000000000000.0,50,52000000000000.0
615040.826,16177235000000.0,9.2259555e+32,23.112753604904,6.5820595364849735e-15,-12.56380503315953,16.342566825032588,4.65436429211206e-15,24.42422661661091,6.956014956883899e-15,300000000000000.0,50,52000000000000.0
616040.826,16128347000000.0,9.1940194e+32,23.112969515104684,6.5410591596766585e-15,-12.563805057128734,16.342719501368325,4.6253717396989984e-15,24.424454793609584,6.912685166762082e-15,300000000000000.0,50,52000000000000.0
617040.826,16081750000000.0,9.1645519e+32,23.113176145163283,6.5059921735392065e-15,-12.563805080064707,16.342865615447167,4.6005748593973004e-15,24.424673163220135,6.875625869470981e-15,300000000000000.0,50,52000000000000.0
618040.826,16036624000000.0,9.132147e+32,23.113382775221886,6.4709251874017546e-15,-12.563805103000679,16.34301172952601,4.5757779790956025e-15,24.42489153283069,6.8385665721798815e-15,300000000000000.0,50,52000000000000.0
619040.826,15991464000000.0,9.0965921e+32,23.113589405280486,6.4358582012643026e-15,-12.563805125936652,16.343157843604853,4.5509810987939045e-15,24.425109902441243,6.801507274888782e-15,300000000000000.0,50,52000000000000.0
620040.826,15946306000000.0,9.0557057e+32,23.11379603533909,6.400791215126851e-15,-12.563805148872625,16.343303957683695,4.526184218492206e-15,24.425328272051797,6.764447977597682e-15,300000000000000.0,50,52000000000000.0
621040.826,15901022000000.0,9.0138516e+32,23.114002665397688,6.365724228989399e-15,-12.563805171808598,16.343450071762536,4.501387338190508e-15,24.42554664166235,6.7273886803065814e-15,300000000000000.0,50,52000000000000.0
622040.826,15857687000000.0,8.9714758e+32,23.114209295456288,6.330657242851947e-15,-12.56380519474457,16.343596185841378,4.47659045788881e-15,24.425765011272905,6.690329383015482e-15,300000000000000.0,50,52000000000000.0
623040.826,15814739000000.0,8.9274319e+32,23.11441592551489,6.295590256714494e-15,-12.563805217680542,16.34374229992022,4.451793577587112e-15,24.42598338088346,6.653270085724382e-15,300000000000000.0,50,52000000000000.0
624040.826,15773614000000.0,8.8854138e+32,23.11462255557349,6.260523270577042e-15,-12.563805240616515,16.343888413999064,4.426996697285414e-15,24.426201750494013,6.616210788433281e-15,300000000000000.0,50,52000000000000.0
625040.826,15733783000000.0,8.8431629e+32,23.11482918563209,6.22545628443959e-15,-12.563805263552487,16.344034528077906,4.402199816983715e-15,24.426420120104567,6.5791514911421816e-15,300000000000000.0,50,52000000000000.0
626040.826,15693900000000.0,8.8002181e+32,23.115032455708747,6.19053188384521e-15,-12.563805286114322,16.344178266216318,4.377503763143882e-15,24.426634938837683,6.542242880458276e-15,300000000000000.0,50,52000000000000.0
627040.826,15654852000000.0,8.759772e+32,23.115228011347668,6.155934856228286e-15,-12.563805307817146,16.344316549252646,4.353039204435435e-15,24.426841604841613,6.505680242600208e-15,300000000000000.0,50,52000000000000.0
628040.826,15613794000000.0,8.719887e+32,23.11542356698659,6.121337828611363e-15,-12.56380532951997,16.344454832288978,4.328574645726987e-15,24.427048270845543,6.469117604742141e-15,300000000000000.0,50,52000000000000.0
629040.826,15570764000000.0,8.6780896e+32,23.11561912262551,6.08674080099444e-15,-12.563805351222793,16.344593115325306,4.30411008701854e-15,24.427254936849472,6.432554966884074e-15,300000000000000.0,50,52000000000000.0
630040.826,15524604000000.0,8.6428363e+32,23.11581467826443,6.052143773377517e-15,-12.563805372925618,16.34473139836164,4.279645528310093e-15,24.427461602853402,6.395992329026007e-15,300000000000000.0,50,52000000000000.0
631040.826,15475667000000.0,8.60723e+32,23.116010233903353,6.017546745760594e-15,-12.56380539462844,16.34486968139797,4.2551809696016454e-15,24.42766826885733,6.3594296911679395e-15,300000000000000.0,50,52000000000000.0
632040.826,15429599000000.0,8.5749303e+32,23.116205789542274,5.982949718143671e-15,-12.563805416331265,16.3450079644343,4.230716410893198e-15,24.42787493486126,6.3228670533098725e-15,300000000000000.0,50,52000000000000.0
633040.826,15383723000000.0,8.546374e+32,23.116401345181195,5.948352690526748e-15,-12.56380543803409,16.34514624747063,4.206251852184751e-15,24.42808160086519,6.2863044154518055e-15,300000000000000.0,50,52000000000000.0
634040.826,15337472000000.0,8.5161294e+32,23.116596900820117,5.913755662909825e-15,-12.563805459736912,16.34528453050696,4.1817872934763035e-15,24.42828826686912,6.249741777593738e-15,300000000000000.0,50,52000000000000.0
635040.826,15292562000000.0,8.4879574e+32,23.116792456459038,5.879158635292902e-15,-12.563805481439736,16.34542281354329,4.157322734767856e-15,24.428494932873054,6.213179139735671e-15,300000000000000.0,50,52000000000000.0
636040.826,15248705000000.0,8.4569062e+32,23.1169866093007,5.845029767776161e-15,-12.563805502986432,16.34556010462111,4.1331892256181725e-15,24.428700116380604,6.1771112602448345e-15,300000000000000.0,50,52000000000000.0
637040.826,15209952000000.0,8.4262507e+32,23.117171061234647,5.814138415803832e-15,-12.56380552345344,16.345690535906556,4.111345057426957e-15,24.428895047828945,6.1444648340218255e-15,300000000000000.0,50,52000000000000.0
638040.826,15173356000000.0,8.3973173e+32,23.117355513168594,5.783247063831503e-15,-12.563805543920445,16.345820967192,4.08950088923574e-15,24.429089979277283,6.111818407798817e-15,300000000000000.0,50,52000000000000.0
639040.826,15136708000000.0,8.366189e+32,23.11753996510254,5.752355711859174e-15,-12.563805564387453,16.345951398477446,4.067656721044524e-15,24.429284910725624,6.079171981575808e-15,300000000000000.0,50,52000000000000.0
640040.826,15102027000000.0,8.3379556e+32,23.117724417036488,5.721464359886845e-15,-12.563805584854459,16.34608182976289,4.045812552853308e-15,24.42947984217396,6.0465255553528e-15,300000000000000.0,50,52000000000000.0
641040.826,15067029000000.0,8.3111366e+32,23.117908868970435,5.690573007914516e-15,-12.563805605321464,16.346212261048336,4.0239683846620915e-15,24.429674773622303,6.013879129129792e-15,300000000000000.0,50,52000000000000.0
642040.826,15029855000000.0,8.2828733e+32,23.118093320904382,5.6596816559421865e-15,-12.563805625788472,16.34634269233378,4.002124216470876e-15,24.42986970507064,5.981232702906783e-15,300000000000000.0,50,52000000000000.0
643040.826,14990314000000.0,8.2552073e+32,23.11827777283833,5.628790303969858e-15,-12.563805646255478,16.346473123619226,3.980280048279659e-15,24.43006463651898,5.9485862766837745e-15,300000000000000.0,50,52000000000000.0
644040.826,14943591000000.0,8.2260635e+32,23.118462224772276,5.597898951997529e-15,-12.563805666722486,16.34660355490467,3.958435880088443e-15,24.43025956796732,5.9159398504607654e-15,300000000000000.0,50,52000000000000.0
645040.826,14893409000000.0,8.1952335e+32,23.118646676706224,5.5670076000251995e-15,-12.563805687189491,16.346733986190117,3.936591711897227e-15,24.43045449941566,5.883293424237757e-15,300000000000000.0,50,52000000000000.0
646040.826,14843256000000.0,8.1658084e+32,23.11883112864017,5.536116248052871e-15,-12.563805707656497,16.34686441747556,3.9147475437060106e-15,24.430649430863998,5.850646998014748e-15,300000000000000.0,50,52000000000000.0
647040.826,14792951000000.0,8.1377766e+32,23.11900768378413,5.501103424274738e-15,-12.563805727244764,16.346989264712473,3.889988964118618e-15,24.430836016870803,5.813644941672549e-15,300000000000000.0,50,52000000000000.0
648040.826,14742058000000.0,8.1076656e+32,23.11918206007832,5.464953420972332e-15,-12.563805746590573,16.34711257122171,3.86442625214328e-15,24.431020300237755,5.775441097808746e-15,300000000000000.0,50,52000000000000.0
649040.826,14691516000000.0,8.0774623e+32,23.11935643637251,5.428803417669925e-15,-12.563805765936381,16.347235877730952,3.838863540167943e-15,24.431204583604707,5.737237253944943e-15,300000000000000.0,50,52000000000000.0
650040.826,14641621000000.0,8.0468679e+32,23.1195308126667,5.392653414367519e-15,-12.56380578528219,16.34735918424019,3.8133008281926066e-15,24.431388866971655,5.69903341008114e-15,300000000000000.0,50,52000000000000.0
651040.826,14591622000000.0,8.0135082e+32,23.11970518896089,5.3565034110651124e-15,-12.563805804627998,16.34748249074943,3.787738116217269e-15,24.431573150338608,5.660829566217337e-15,300000000000000.0,50,52000000000000.0
652040.826,14541966000000.0,7.982202e+32,23.11987956525508,5.320353407762706e-15,-12.563805823973807,16.34760579725867,3.762175404241932e-15,24.43175743370556,5.622625722353534e-15,300000000000000.0,50,52000000000000.0
653040.826,14493051000000.0,7.952202e+32,23.12005394154927,5.2842034044602996e-15,-12.563805843319615,16.34772910376791,3.7366126922665955e-15,24.43194171707251,5.584421878489731e-15,300000000000000.0,50,52000000000000.0
654040.826,14444577000000.0,7.9229414e+32,23.12022831784346,5.248053401157893e-15,-12.563805862665424,16.34785241027715,3.711049980291259e-15,24.432126000439464,5.546218034625928e-15,300000000000000.0,50,52000000000000.0
655040.826,14395994000000.0,7.897448e+32,23.12040269413765,5.211903397855487e-15,-12.563805882011232,16.34797571678639,3.685487268315921e-15,24.432310283806416,5.508014190762125e-15,300000000000000.0,50,52000000000000.0
656040.826,14348736000000.0,7.8679602e+32,23.12057707043184,5.17575339455308e-15,-12.563805901357041,16.348099023295628,3.659924556340584e-15,24.432494567173364,5.4698103468983216e-15,300000000000000.0,50,52000000000000.0
657040.826,14301315000000.0,7.8406388e+32,23.12074817604834,5.140777661930141e-15,-12.563805920339211,16.348220017014164,3.635192205128039e-15,24.43267539404106,5.432847489239033e-15,300000000000000.0,50,52000000000000.0
658040.826,14254102000000.0,7.8110764e+32,23.120910569753992,5.108929764717975e-15,-12.56380593835278,16.34833485028878,3.6126716368059204e-15,24.432847014035953,5.399190173191767e-15,300000000000000.0,50,52000000000000.0
659040.826,14208232000000.0,7.7837718e+32,23.12107296345964,5.077081867505809e-15,-12.56380595636635,16.3484496835634,3.590151068483802e-15,24.433018634030844,5.365532857144501e-15,300000000000000.0,50,52000000000000.0
660040.826,14163621000000.0,7.7573231e+32,23.12123535716529,5.0452339702936434e-15,-12.56380597437992,16.348564516838014,3.567630500161684e-15,24.43319025402574,5.331875541097235e-15,300000000000000.0,50,52000000000000.0
661040.826,14118987000000.0,7.7315303e+32,23.121397750870937,5.0133860730814776e-15,-12.563805992393489,16.34867935011263,3.545109931839566e-15,24.433361874020633,5.298218225049969e-15,300000000000000.0,50,52000000000000.0
662040.826,14073474000000.0,7.7064297e+32,23.121560144576584,4.981538175869312e-15,-12.563806010407056,16.348794183387245,3.522589363517448e-15,24.433533494015524,5.264560909002703e-15,300000000000000.0,50,52000000000000.0
663040.826,14029027000000.0,7.6771638e+32,23.121722538282235,4.949690278657146e-15,-12.563806028420625,16.348909016661864,3.5000687951953298e-15,24.43370511401042,5.230903592955437e-15,300000000000000.0,50,52000000000000.0
664040.826,13984349000000.0,7.6480873e+32,23.121884931987882,4.91784238144498e-15,-12.563806046434195,16.34902384993648,3.477548226873211e-15,24.433876734005313,5.197246276908171e-15,300000000000000.0,50,52000000000000.0
665040.826,13939009000000.0,7.6180707e+32,23.122047325693533,4.885994484232814e-15,-12.563806064447764,16.349138683211095,3.455027658551093e-15,24.434048354000204,5.163588960860905e-15,300000000000000.0,50,52000000000000.0
666040.826,13894427000000.0,7.5900291e+32,23.12220971939918,4.854146587020648e-15,-12.563806082461333,16.349253516485714,3.4325070902289747e-15,24.4342199739951,5.129931644813639e-15,300000000000000.0,50,52000000000000.0
667040.826,13849261000000.0,7.5694156e+32,23.12237211310483,4.8222986898084824e-15,-12.563806100474903,16.34936834976033,3.4099865219068565e-15,24.434391593989993,5.096274328766373e-15,300000000000000.0,50,52000000000000.0
668040.826,13811625000000.0,7.5278999e+32,23.122528164198872,4.793038499288568e-15,-12.563806117783423,16.349478697991017,3.3892957957928766e-15,24.434556511021675,5.065351738442424e-15,300000000000000.0,50,52000000000000.0
669040.826,13771348000000.0,7.5027473e+32,23.12267982963543,4.765567602506534e-15,-12.563806134604432,16.34958594499658,3.3698703310062864e-15,24.434716793227416,5.036320099525837e-15,300000000000000.0,50,52000000000000.0
670040.826,13728679000000.0,7.476262e+32,23.122831495071985,4.738096705724501e-15,-12.56380615142544,16.349693192002142,3.350444866219696e-15,24.43487707543316,5.0072884606092495e-15,300000000000000.0,50,52000000000000.0
671040.826,13690591000000.0,7.4408706e+32,23.122983160508543,4.710625808942467e-15,-12.56380616824645,16.349800439007705,3.331019401433106e-15,24.4350373576389,4.978256821692662e-15,300000000000000.0,50,52000000000000.0
672040.826,13649969000000.0,7.4155719e+32,23.123134825945098,4.683154912160433e-15,-12.563806185067458,16.349907686013267,3.311593936646515e-15,24.435197639844645,4.949225182776075e-15,300000000000000.0,50,52000000000000.0
673040.826,13607325000000.0,7.3850336e+32,23.123286491381656,4.655684015378399e-15,-12.563806201888466,16.35001493301883,3.292168471859925e-15,24.43535792205039,4.920193543859487e-15,300000000000000.0,50,52000000000000.0
674040.826,13567619000000.0,7.3521797e+32,23.12343815681821,4.628213118596366e-15,-12.563806218709475,16.350122180024393,3.2727430070733346e-15,24.43551820425613,4.8911619049429e-15,300000000000000.0,50,52000000000000.0
675040.826,13527778000000.0,7.3212261e+32,23.123589822254768,4.600742221814332e-15,-12.563806235530484,16.350229427029955,3.2533175422867443e-15,24.435678486461875,4.862130266026313e-15,300000000000000.0,50,52000000000000.0
676040.826,13488510000000.0,7.290112e+32,23.123741487691323,4.573271325032298e-15,-12.563806252351492,16.350336674035518,3.233892077500154e-15,24.435838768667615,4.8330986271097255e-15,300000000000000.0,50,52000000000000.0
677040.826,13448699000000.0,7.2575542e+32,23.12389315312788,4.545800428250265e-15,-12.5638062691725,16.35044392104108,3.2144666127135634e-15,24.43599905087336,4.804066988193138e-15,300000000000000.0,50,52000000000000.0
678040.826,13408606000000.0,7.2255589e+32,23.124044818564435,4.518329531468231e-15,-12.56380628599351,16.350551168046643,3.195041147926973e-15,24.436159333079104,4.775035349276551e-15,300000000000000.0,50,52000000000000.0
679040.826,13370705000000.0,7.1927018e+32,23.124189564952264,4.491785983129532e-15,-12.563806302045483,16.350653522392946,3.1762714381369377e-15,24.43631230313461,4.746983745711868e-15,300000000000000.0,50,52000000000000.0
680040.826,13334307000000.0,7.1616775e+32,23.124331826048817,4.465575534192806e-15,-12.563806317821221,16.350754119317987,3.157737272600805e-15,24.436462646698544,4.719284166450431e-15,300000000000000.0,50,52000000000000.0
681040.826,13297373000000.0,7.1316833e+32,23.12447408714537,4.43936508525608e-15,-12.563806333596961,16.350854716243028,3.1392031070646723e-15,24.43661299026248,4.691584587188993e-15,300000000000000.0,50,52000000000000.0
682040.826,13258415000000.0,7.1015469e+32,23.12461634824192,4.413154636319354e-15,-12.563806349372701,16.35095531316807,3.12066894152854e-15,24.436763333826416,4.663885007927556e-15,300000000000000.0,50,52000000000000.0
683040.826,13218903000000.0,7.0708104e+32,23.12475860933847,4.386944187382628e-15,-12.563806365148439,16.35105591009311,3.1021347759924072e-15,24.43691367739035,4.636185428666119e-15,300000000000000.0,50,52000000000000.0
684040.826,13181605000000.0,7.0425284e+32,23.124900870435024,4.360733738445902e-15,-12.563806380924179,16.35115650701815,3.0836006104562745e-15,24.437064020954285,4.608485849404682e-15,300000000000000.0,50,52000000000000.0
685040.826,13145279000000.0,7.0158884e+32,23.125043131531577,4.334523289509176e-15,-12.563806396699919,16.35125710394319,3.065066444920142e-15,24.43721436451822,4.580786270143245e-15,300000000000000.0,50,52000000000000.0
686040.826,13106186000000.0,6.9860156e+32,23.12518539262813,4.30831284057245e-15,-12.563806412475657,16.35135770086823,3.0465322793840095e-15,24.437364708082157,4.553086690881808e-15,300000000000000.0,50,52000000000000.0
687040.826,13069148000000.0,6.9679818e+32,23.125327653724682,4.282102391635724e-15,-12.563806428251397,16.351458297793272,3.0279981138478768e-15,24.43751505164609,4.5253871116203705e-15,300000000000000.0,50,52000000000000.0
688040.826,13021347000000.0,6.9725358e+32,23.125469914821235,4.255891942698997e-15,-12.563806444027136,16.35155889471831,3.009463948311744e-15,24.437665395210026,4.4976875323589335e-15,300000000000000.0,50,52000000000000.0
689040.826,12972589000000.0,6.911942e+32,23.125612175917787,4.229681493762271e-15,-12.563806459802874,16.35165949164335,2.9909297827756113e-15,24.43781573877396,4.4699879530974965e-15,300000000000000.0,50,52000000000000.0
690040.826,12938544000000.0,6.8795694e+32,23.125748020145842,4.2047885763974084e-15,-12.56380647486562,16.351755551015327,2.973327281955413e-15,24.437959300899013,4.443680760267146e-15,300000000000000.0,50,52000000000000.0
691040.826,12904197000000.0,6.8545363e+32,23.125881162466666,4.1804504231019725e-15,-12.563806489628147,16.35184969979065,2.9561170708686764e-15,24.43810000760966,4.417959850133332e-15,300000000000000.0,50,52000000000000.0
692040.826,12869872000000.0,6.8299941e+32,23.12601430478749,4.156112269806537e-15,-12.563806504390676,16.351943848565977,2.9389068597819396e-15,24.438240714320305,4.3922389399995195e-15,300000000000000.0,50,52000000000000.0
693040.826,12836952000000.0,6.8058792e+32,23.126147447108313,4.1317741165111015e-15,-12.563806519153204,16.352037997341302,2.921696648695203e-15,24.43838142103095,4.366518029865706e-15,300000000000000.0,50,52000000000000.0
694040.826,12801125000000.0,6.7815124e+32,23.126280589429136,4.1074359632156655e-15,-12.563806533915733,16.352132146116627,2.9044864376084662e-15,24.438522127741592,4.340797119731893e-15,300000000000000.0,50,52000000000000.0
695040.826,12764799000000.0,6.7633549e+32,23.12641373174996,4.0830978099202304e-15,-12.56380654867826,16.352226294891953,2.8872762265217298e-15,24.438662834452238,4.31507620959808e-15,300000000000000.0,50,52000000000000.0
696040.826,12714357000000.0,6.7353911e+32,23.126546874070783,4.0587596566247945e-15,-12.563806563440789,16.35232044366728,2.8700660154349933e-15,24.438803541162883,4.289355299464267e-15,300000000000000.0,50,52000000000000.0
697040.826,12668697000000.0,6.7173755e+32,23.126680016391607,4.034421503329359e-15,-12.563806578203318,16.352414592442607,2.8528558043482565e-15,24.43894424787353,4.263634389330454e-15,300000000000000.0,50,52000000000000.0
698040.826,12627521000000.0,6.710052e+32,23.12681315871243,4.0100833500339234e-15,-12.563806592965845,16.35250874121793,2.83564559326152e-15,24.439084954584175,4.23791347919664e-15,300000000000000.0,50,52000000000000.0
699040.826,12583662000000.0,6.6844225e+32,23.126946301033254,3.985745196738488e-15,-12.563806607728374,16.352602889993257,2.818435382174783e-15,24.43922566129482,4.2121925690628276e-15,300000000000000.0,50,52000000000000.0
700040.826,12553629000000.0,6.6656808e+32,23.127079443354077,3.9614070434430524e-15,-12.563806622490901,16.352697038768582,2.8012251710880467e-15,24.439366368005466,4.186471658929014e-15,300000000000000.0,50,52000000000000.0
701040.826,12520920000000.0,6.6411394e+32,23.12720834988479,3.939043058315172e-15,-12.563806636782898,16.35278819229439,2.785410951332577e-15,24.439502598272252,4.162837078090971e-15,300000000000000.0,50,52000000000000.0
702040.826,12483298000000.0,6.60594e+32,23.127332887098373,3.918715474084026e-15,-12.563806650589529,16.35287625614987,2.771036729468649e-15,24.439634210981918,4.141354594991418e-15,300000000000000.0,50,52000000000000.0
703040.826,12450768000000.0,6.5790398e+32,23.12745742431196,3.898387889852881e-15,-12.563806664396159,16.35296432000535,2.7566625076047205e-15,24.43976582369158,4.1198721118918644e-15,300000000000000.0,50,52000000000000.0
704040.826,12419329000000.0,6.5538455e+32,23.127581961525543,3.878060305621735e-15,-12.563806678202788,16.35305238386083,2.7422882857407926e-15,24.439897436401242,4.098389628792311e-15,300000000000000.0,50,52000000000000.0
705040.826,12387495000000.0,6.528149e+32,23.12770649873913,3.85773272139059e-15,-12.563806692009418,16.35314044771631,2.7279140638768643e-15,24.440029049110905,4.076907145692757e-15,300000000000000.0,50,52000000000000.0
706040.826,12358005000000.0,6.5041988e+32,23.127831035952713,3.837405137159444e-15,-12.563806705816049,16.35322851157179,2.713539842012936e-15,24.44016066182057,4.0554246625932034e-15,300000000000000.0,50,52000000000000.0
707040.826,12327073000000.0,6.4771364e+32,23.1279555731663,3.817077552928299e-15,-12.56380671962268,16.353316575427268,2.699165620149008e-15,24.440292274530233,4.03394217949365e-15,300000000000000.0,50,52000000000000.0
708040.826,12295590000000.0,6.4505916e+32,23.128080110379884,3.796749968697153e-15,-12.56380673342931,16.35340463928275,2.6847913982850796e-15,24.440423887239895,4.012459696394096e-15,300000000000000.0,50,52000000000000.0
709040.826,12266212000000.0,6.4260437e+32,23.12820464759347,3.776422384466008e-15,-12.56380674723594,16.35349270313823,2.6704171764211517e-15,24.44055549994956,3.9909772132945424e-15,300000000000000.0,50,52000000000000.0
710040.826,12235375000000.0,6.3997478e+32,23.128329184807054,3.756094800234862e-15,-12.56380676104257,16.35358076699371,2.6560429545572233e-15,24.440687112659223,3.969494730194989e-15,300000000000000.0,50,52000000000000.0
711040.826,12200412000000.0,6.3679439e+32,23.12845372202064,3.735767216003717e-15,-12.563806774849201,16.35366883084919,2.6416687326932954e-15,24.440818725368885,3.948012247095435e-15,300000000000000.0,50,52000000000000.0
712040.826,12160242000000.0,6.3323842e+32,23.128577540228438,3.715411407741595e-15,-12.563806788575963,16.353756386274913,2.6272745528172492e-15,24.4409495782229,3.926499936456853e-15,300000000000000.0,50,52000000000000.0
713040.826,12118925000000.0,6.2976878e+32,23.128694773437662,3.694797110317649e-15,-12.563806801571252,16.35383928525797,2.612697587929786e-15,24.441073471955804,3.904714450963494e-15,300000000000000.0,50,52000000000000.0
714040.826,12081727000000.0,6.2667986e+32,23.128812006646882,3.674182812893702e-15,-12.56380681456654,16.35392218424103,2.598120623042323e-15,24.441197365688705,3.8829289654701354e-15,300000000000000.0,50,52000000000000.0
715040.826,12047376000000.0,6.2382367e+32,23.128929239856106,3.653568515469756e-15,-12.563806827561827,16.354005083224084,2.5835436581548598e-15,24.44132125942161,3.861143479976776e-15,300000000000000.0,50,52000000000000.0
716040.826,12015069000000.0,6.210996e+32,23.12904647306533,3.632954218045809e-15,-12.563806840557115,16.354087982207144,2.5689666932673966e-15,24.44144515315451,3.839357994483418e-15,300000000000000.0,50,52000000000000.0
717040.826,11983572000000.0,6.1847947e+32,23.129163706274554,3.612339920621863e-15,-12.563806853552403,16.354170881190203,2.5543897283799334e-15,24.441569046887416,3.817572508990059e-15,300000000000000.0,50,52000000000000.0
718040.826,11952582000000.0,6.160102e+32,23.129280939483774,3.591725623197916e-15,-12.563806866547692,16.35425378017326,2.5398127634924703e-15,24.441692940620317,3.795787023496701e-15,300000000000000.0,50,52000000000000.0
719040.826,11921418000000.0,6.134855e+32,23.129398172692998,3.571111325773971e-15,-12.56380687954298,16.35433667915632,2.525235798605007e-15,24.441816834353222,3.774001538003342e-15,300000000000000.0,50,52000000000000.0
720040.826,11888515000000.0,6.1081433e+32,23.12951540590222,3.550497028350024e-15,-12.563806892538269,16.354419578139375,2.510658833717544e-15,24.441940728086124,3.7522160525099834e-15,300000000000000.0,50,52000000000000.0
721040.826,11854415000000.0,6.0807589e+32,23.129632639111446,3.5298827309260773e-15,-12.563806905533557,16.354502477122434,2.496081868830081e-15,24.44206462181903,3.730430567016624e-15,300000000000000.0,50,52000000000000.0
722040.826,11819532000000.0,6.0528228e+32,23.129749872320666,3.509268433502131e-15,-12.563806918528844,16.354585376105494,2.4815049039426176e-15,24.44218851555193,3.708645081523265e-15,300000000000000.0,50,52000000000000.0
723040.826,11784361000000.0,6.0247117e+32,23.12986710552989,3.4886541360781844e-15,-12.563806931524132,16.35466827508855,2.4669279390551545e-15,24.442312409284835,3.686859596029907e-15,300000000000000.0,50,52000000000000.0
724040.826,11749354000000.0,5.9967092e+32,23.129980429497984,3.467825530956889e-15,-12.563806944085341,16.354748409734338,2.4521994310872124e-15,24.442432171675584,3.6648476272022796e-15,300000000000000.0,50,52000000000000.0
725040.826,11714794000000.0,5.9690243e+32,23.13009013521383,3.4467985703791326e-15,-12.563806956244779,16.354825985809494,2.4373306603229557e-15,24.442548110245408,3.642626033588865e-15,300000000000000.0,50,52000000000000.0
726040.826,11680525000000.0,5.9415517e+32,23.130199840929674,3.425771609801376e-15,-12.563806968404219,16.35490356188465,2.422461889558699e-15,24.44266404881523,3.620404439975449e-15,300000000000000.0,50,52000000000000.0
727040.826,11646276000000.0,5.913599e+32,23.130309546645517,3.4047446492236198e-15,-12.563806980563658,16.354981137959804,2.4075931187944426e-15,24.44277998738505,3.598182846362034e-15,300000000000000.0,50,52000000000000.0
728040.826,11611686000000.0,5.885435e+32,23.13041925236136,3.3837176886458636e-15,-12.563806992723096,16.35505871403496,2.392724348030186e-15,24.442895925954875,3.575961252748618e-15,300000000000000.0,50,52000000000000.0
729040.826,11577090000000.0,5.8573337e+32,23.130528958077207,3.362690728068107e-15,-12.563807004882536,16.355136290110114,2.377855577265929e-15,24.4430118645247,3.5537396591352034e-15,300000000000000.0,50,52000000000000.0
730040.826,11542430000000.0,5.8301718e+32,23.13063866379305,3.3416637674903507e-15,-12.563807017041976,16.35521386618527,2.3629868065016724e-15,24.44312780309452,3.531518065521788e-15,300000000000000.0,50,52000000000000.0
731040.826,11506866000000.0,5.8020388e+32,23.130748369508893,3.3206368069125945e-15,-12.563807029201413,16.355291442260427,2.348118035737416e-15,24.443243741664343,3.5092964719083724e-15,300000000000000.0,50,52000000000000.0
732040.826,11469709000000.0,5.7724096e+32,23.130858075224737,3.299609846334838e-15,-12.563807041360853,16.35536901833558,2.3332492649731593e-15,24.443359680234167,3.487074878294957e-15,300000000000000.0,50,52000000000000.0
733040.826,11431107000000.0,5.7423147e+32,23.130967780940583,3.2785828857570816e-15,-12.563807053520293,16.355446594410736,2.3183804942089026e-15,24.443475618803987,3.4648532846815417e-15,300000000000000.0,50,52000000000000.0
734040.826,11391630000000.0,5.7120531e+32,23.131077486656427,3.2575559251793254e-15,-12.56380706567973,16.35552417048589,2.3035117234446463e-15,24.44359155737381,3.442631691068126e-15,300000000000000.0,50,52000000000000.0
735040.826,11351616000000.0,5.681967e+32,23.13118719237227,3.2365289646015688e-15,-12.56380707783917,16.355601746561046,2.2886429526803895e-15,24.443707495943634,3.420410097454711e-15,300000000000000.0,50,52000000000000.0
736040.826,11311392000000.0,5.6522878e+32,23.131291031022986,3.2152982349438776e-15,-12.563807089347375,16.355675173865098,2.2736300910247802e-15,24.443817234114853,3.3979731579110566e-15,300000000000000.0,50,52000000000000.0
737040.826,11271301000000.0,5.6231852e+32,23.131392933679038,3.1940002662420226e-15,-12.563807100640686,16.355747232171442,2.258569682735451e-15,24.44392492629914,3.375465159232628e-15,300000000000000.0,50,52000000000000.0
738040.826,11231654000000.0,5.5942931e+32,23.131494836335094,3.1727022975401677e-15,-12.563807111933997,16.355819290477783,2.2435092744461212e-15,24.444032618483423,3.3529571605541997e-15,300000000000000.0,50,52000000000000.0
739040.826,11192655000000.0,5.5660829e+32,23.131596738991146,3.1514043288383127e-15,-12.56380712322731,16.355891348784127,2.228448866156792e-15,24.444140310667706,3.3304491618757717e-15,300000000000000.0,50,52000000000000.0
740040.826,11154356000000.0,5.5383712e+32,23.1316986416472,3.1301063601364573e-15,-12.563807134520621,16.35596340709047,2.2133884578674622e-15,24.444248002851992,3.3079411631973432e-15,300000000000000.0,50,52000000000000.0
741040.826,11116632000000.0,5.5109592e+32,23.131800544303253,3.1088083914346023e-15,-12.563807145813932,16.356035465396815,2.1983280495781325e-15,24.444355695036275,3.2854331645189148e-15,300000000000000.0,50,52000000000000.0
742040.826,11079283000000.0,5.4840507e+32,23.131902446959305,3.0875104227327474e-15,-12.563807157107243,16.356107523703155,2.183267641288803e-15,24.444463387220562,3.2629251658404868e-15,300000000000000.0,50,52000000000000.0
743040.826,11042103000000.0,5.4573629e+32,23.13200434961536,3.0662124540308924e-15,-12.563807168400555,16.3561795820095,2.1682072329994735e-15,24.444571079404845,3.2404171671620583e-15,300000000000000.0,50,52000000000000.0
744040.826,11004967000000.0,5.4308803e+32,23.132106252271413,3.0449144853290374e-15,-12.563807179693868,16.356251640315843,2.1531468247101438e-15,24.444678771589132,3.2179091684836303e-15,300000000000000.0,50,52000000000000.0
745040.826,10967839000000.0,5.4044744e+32,23.13220815492747,3.023616516627182e-15,-12.563807190987179,16.356323698622187,2.1380864164208145e-15,24.444786463773415,3.195401169805202e-15,300000000000000.0,50,52000000000000.0
746040.826,10930690000000.0,5.3786158e+32,23.13231005758352,3.002318547925327e-15,-12.56380720228049,16.356395756928528,2.1230260081314848e-15,24.444894155957698,3.1728931711267734e-15,300000000000000.0,50,52000000000000.0
747040.826,10893472000000.0,5.3531685e+32,23.132411960239573,2.981020579223472e-15,-12.563807213573801,16.356467815234872,2.107965599842155e-15,24.445001848141985,3.1503851724483454e-15,300000000000000.0,50,52000000000000.0
748040.826,10856223000000.0,5.3287419e+32,23.132507492814227,2.962964384311421e-15,-12.563807224160282,16.356535369072827,2.095197543359805e-15,24.445102808332916,3.131303126801697e-15,300000000000000.0,50,52000000000000.0
749040.826,10819134000000.0,5.305562e+32,23.13260136329442,2.9457540395407353e-15,-12.563807234562336,16.35660174759583,2.083027611924332e-15,24.445202011998592,3.1131149877148945e-15,300000000000000.0,50,52000000000000.0
750040.826,10782418000000.0,5.2827867e+32,23.132695233774612,2.9285436947700496e-15,-12.563807244964389,16.356668126118826,2.0708576804888594e-15,24.445301215664266,3.094926848628092e-15,300000000000000.0,50,52000000000000.0
751040.826,10746160000000.0,5.261017e+32,23.132789104254805,2.9113333499993635e-15,-12.563807255366443,16.356734504641825,2.058687749053387e-15,24.445400419329943,3.07673870954129e-15,300000000000000.0,50,52000000000000.0
752040.826,10710445000000.0,5.2401527e+32,23.132882974735,2.8941230052286778e-15,-12.563807265768498,16.356800883164823,2.046517817617914e-15,24.44549962299562,3.0585505704544875e-15,300000000000000.0,50,52000000000000.0
753040.826,10676365000000.0,5.2181498e+32,23.132976845215193,2.876912660457992e-15,-12.56380727617055,16.35686726168782,2.0343478861824414e-15,24.445598826661296,3.040362431367685e-15,300000000000000.0,50,52000000000000.0
754040.826,10646693000000.0,5.1978742e+32,23.133070715695386,2.8597023156873064e-15,-12.563807286572604,16.35693364021082,2.022177954746969e-15,24.445698030326973,3.022174292280883e-15,300000000000000.0,50,52000000000000.0
755040.826,10617097000000.0,5.1801256e+32,23.133164586175578,2.8424919709166207e-15,-12.563807296974657,16.35700001873382,2.010008023311496e-15,24.44579723399265,3.0039861531940805e-15,300000000000000.0,50,52000000000000.0
756040.826,10587044000000.0,5.1651582e+32,23.133258456655774,2.825281626145935e-15,-12.563807307376711,16.35706639725682,1.9978380918760233e-15,24.445896437658327,2.9857980141072778e-15,300000000000000.0,50,52000000000000.0
757040.826,10560131000000.0,5.1538083e+32,23.133352327135967,2.8080712813752493e-15,-12.563807317778766,16.357132775779817,1.985668160440551e-15,24.445995641324004,2.9676098750204754e-15,300000000000000.0,50,52000000000000.0
758040.826,10534361000000.0,5.139544e+32,23.13344619761616,2.7908609366045636e-15,-12.563807328180818,16.357199154302815,1.973498229005078e-15,24.44609484498968,2.949421735933673e-15,300000000000000.0,50,52000000000000.0
759040.826,10506108000000.0,5.1258166e+32,23.13354006809635,2.773650591833878e-15,-12.563807338582873,16.357265532825814,1.9613282975696053e-15,24.446194048655357,2.9312335968468707e-15,300000000000000.0,50,52000000000000.0
760040.826,10479695000000.0,5.1139305e+32,23.13362971869375,2.7586602394262253e-15,-12.563807348516699,16.357328927347915,1.9507281867936026e-15,24.446288792688396,2.915391577510076e-15,300000000000000.0,50,52000000000000.0
761040.826,10455341000000.0,5.0960298e+32,23.133716993013902,2.7449199969382936e-15,-12.563807358186859,16.357390641535797,1.9410120648147076e-15,24.446381025437574,2.9008706922551707e-15,300000000000000.0,50,52000000000000.0
762040.826,10430945000000.0,5.0768061e+32,23.133804267334053,2.7311797544503615e-15,-12.56380736785702,16.35745235572368,1.9312959428358126e-15,24.446473258186753,2.8863498070002658e-15,300000000000000.0,50,52000000000000.0
763040.826,10406133000000.0,5.0583869e+32,23.1338915416542,2.71743951196243e-15,-12.56380737752718,16.357514069911563,1.9215798208569175e-15,24.44656549093593,2.8718289217453604e-15,300000000000000.0,50,52000000000000.0
764040.826,10379500000000.0,5.0391113e+32,23.133978815974352,2.7036992694744982e-15,-12.563807387197341,16.357575784099446,1.9118636988780225e-15,24.44665772368511,2.8573080364904555e-15,300000000000000.0,50,52000000000000.0
765040.826,10351687000000.0,5.0203704e+32,23.134066090294503,2.6899590269865665e-15,-12.563807396867501,16.35763749828733,1.9021475768991274e-15,24.44674995643429,2.84278715123555e-15,300000000000000.0,50,52000000000000.0
766040.826,10323515000000.0,5.0011997e+32,23.134153364614654,2.676218784498635e-15,-12.563807406537663,16.357699212475215,1.8924314549202328e-15,24.446842189183467,2.8282662659806452e-15,300000000000000.0,50,52000000000000.0
767040.826,10295433000000.0,4.9812885e+32,23.134240638934802,2.662478542010703e-15,-12.563807416207823,16.357760926663097,1.8827153329413377e-15,24.446934421932646,2.81374538072574e-15,300000000000000.0,50,52000000000000.0
768040.826,10268215000000.0,4.9625543e+32,23.134327913254953,2.648738299522771e-15,-12.563807425877984,16.35782264085098,1.8729992109624427e-15,24.447026654681824,2.799224495470835e-15,300000000000000.0,50,52000000000000.0
769040.826,10241344000000.0,4.9436643e+32,23.134415187575105,2.6349980570348395e-15,-12.563807435548144,16.357884355038863,1.8632830889835476e-15,24.447118887431003,2.7847036102159296e-15,300000000000000.0,50,52000000000000.0
770040.826,10214901000000.0,4.9243282e+32,23.134502461895256,2.6212578145469078e-15,-12.563807445218306,16.357946069226745,1.8535669670046526e-15,24.44721112018018,2.7701827249610246e-15,300000000000000.0,50,52000000000000.0
771040.826,10188741000000.0,4.9053863e+32,23.134589736215403,2.607517572058976e-15,-12.563807454888465,16.358007783414628,1.8438508450257575e-15,24.44730335292936,2.7556618397061193e-15,300000000000000.0,50,52000000000000.0
772040.826,10162254000000.0,4.8932382e+32,23.134675465122303,2.5934721663213715e-15,-12.563807464387146,16.358068404796203,1.8339189333374167e-15,24.447393952463656,2.7408184535990707e-15,300000000000000.0,50,52000000000000.0
773040.826,10135263000000.0,4.8778593e+32,23.134757387608865,2.57867513017192e-15,-12.563807473463468,16.358126334548114,1.8234555221701665e-15,24.447480529318366,2.725180733808076e-15,300000000000000.0,50,52000000000000.0
774040.826,10106275000000.0,4.8628269e+32,23.134839310095426,2.563878094022468e-15,-12.56380748253979,16.35818426430002,1.8129921110029167e-15,24.44756710617308,2.7095430140170814e-15,300000000000000.0,50,52000000000000.0
775040.826,10076714000000.0,4.8451165e+32,23.134921232581988,2.5490810578730166e-15,-12.563807491616112,16.358242194051932,1.802528699835667e-15,24.44765368302779,2.693905294226087e-15,300000000000000.0,50,52000000000000.0
776040.826,10047630000000.0,4.8282279e+32,23.135003155068546,2.534284021723565e-15,-12.563807500692432,16.35830012380384,1.792065288668417e-15,24.447740259882504,2.678267574435092e-15,300000000000000.0,50,52000000000000.0
777040.826,10020135000000.0,4.8096946e+32,23.135085077555107,2.5194869855741136e-15,-12.563807509768754,16.35835805355575,1.7816018775011668e-15,24.447826836737217,2.6626298546440976e-15,300000000000000.0,50,52000000000000.0
778040.826,9993431700000.0,4.7913865e+32,23.13516700004167,2.504689949424662e-15,-12.563807518845076,16.35841598330766,1.771138466333917e-15,24.44791341359193,2.6469921348531027e-15,300000000000000.0,50,52000000000000.0
779040.826,9964902700000.0,4.7698676e+32,23.13524892252823,2.4898929132752106e-15,-12.563807527921396,16.35847391305957,1.7606750551666671e-15,24.447999990446643,2.6313544150621082e-15,300000000000000.0,50,52000000000000.0
780040.826,9935142600000.0,4.7455815e+32,23.135330845014792,2.475095877125759e-15,-12.563807536997718,16.35853184281148,1.7502116439994173e-15,24.448086567301353,2.6157166952711134e-15,300000000000000.0,50,52000000000000.0
781040.826,9903400500000.0,4.7191838e+32,23.135412767501354,2.4602988409763076e-15,-12.56380754607404,16.358589772563388,1.7397482328321673e-15,24.448173144156065,2.600078975480119e-15,300000000000000.0,50,52000000000000.0
782040.826,9871154200000.0,4.6923917e+32,23.135494689987915,2.445501804826856e-15,-12.56380755515036,16.3586477023153,1.7292848216649175e-15,24.44825972101078,2.584441255689124e-15,300000000000000.0,50,52000000000000.0
783040.826,9838858300000.0,4.6664994e+32,23.135576612474477,2.4307047686774046e-15,-12.563807564226682,16.358705632067206,1.7188214104976674e-15,24.44834629786549,2.5688035358981296e-15,300000000000000.0,50,52000000000000.0
784040.826,9807691700000.0,4.6414176e+32,23.13565853496104,2.415907732527953e-15,-12.563807573303004,16.358763561819117,1.7083579993304176e-15,24.448432874720204,2.5531658161071347e-15,300000000000000.0,50,52000000000000.0
785040.826,9777777000000.0,4.6178206e+32,23.135736141279605,2.401654732799311e-15,-12.563807581900578,16.35881843948411,1.6982792920528898e-15,24.448514890186743,2.538103041859511e-15,300000000000000.0,50,52000000000000.0
786040.826,9749401200000.0,4.5957427e+32,23.13581220657325,2.3875959733508097e-15,-12.563807590327222,16.358872227445925,1.688337937695962e-15,24.44859527707607,2.523245543544046e-15,300000000000000.0,50,52000000000000.0
787040.826,9720822500000.0,4.5732268e+32,23.135888271866897,2.3735372139023084e-15,-12.563807598753867,16.35892601540774,1.6783965833390343e-15,24.448675663965396,2.5083880452285816e-15,300000000000000.0,50,52000000000000.0
788040.826,9691594700000.0,4.55064e+32,23.135964337160544,2.3594784544538074e-15,-12.563807607180513,16.358979803369554,1.6684552289821065e-15,24.448756050854726,2.4935305469131167e-15,300000000000000.0,50,52000000000000.0
789040.826,9663264700000.0,4.5292877e+32,23.136040402454192,2.345419695005306e-15,-12.563807615607157,16.35903359133137,1.6585138746251788e-15,24.448836437744053,2.478673048597652e-15,300000000000000.0,50,52000000000000.0
790040.826,9635460600000.0,4.5086126e+32,23.136116467747836,2.3313609355568048e-15,-12.563807624033801,16.359087379293186,1.648572520268251e-15,24.448916824633383,2.4638155502821873e-15,300000000000000.0,50,52000000000000.0
791040.826,9607032200000.0,4.4880704e+32,23.136192533041484,2.317302176108304e-15,-12.563807632460446,16.359141167255,1.6386311659113232e-15,24.44899721152271,2.4489580519667224e-15,300000000000000.0,50,52000000000000.0
792040.826,9577383700000.0,4.4678132e+32,23.136268598335132,2.3032434166598025e-15,-12.563807640887092,16.359194955216815,1.6286898115543955e-15,24.449077598412035,2.434100553651258e-15,300000000000000.0,50,52000000000000.0
793040.826,9547795100000.0,4.4515071e+32,23.13634466362878,2.289184657211301e-15,-12.563807649313736,16.359248743178632,1.6187484571974677e-15,24.449157985301365,2.419243055335793e-15,300000000000000.0,50,52000000000000.0
794040.826,9519847800000.0,4.4434597e+32,23.136420728922428,2.2751258977628002e-15,-12.56380765774038,16.359302531140447,1.60880710284054e-15,24.449238372190692,2.4043855570203284e-15,300000000000000.0,50,52000000000000.0
795040.826,9490113500000.0,4.4331745e+32,23.13649679421607,2.261067138314299e-15,-12.563807666167024,16.35935631910226,1.5988657484836122e-15,24.449318759080022,2.3895280587048635e-15,300000000000000.0,50,52000000000000.0
796040.826,9459024600000.0,4.4334558e+32,23.13657285950972,2.2470083788657976e-15,-12.56380767459367,16.359410107064075,1.5889243941266846e-15,24.44939914596935,2.3746705603893986e-15,300000000000000.0,50,52000000000000.0
797040.826,9429231300000.0,4.4195242e+32,23.136648924803367,2.2329496194172966e-15,-12.563807683020315,16.35946389502589,1.5789830397697569e-15,24.44947953285868,2.359813062073934e-15,300000000000000.0,50,52000000000000.0
798040.826,9400070000000.0,4.3994967e+32,23.136719442692282,2.2176388582795485e-15,-12.563807690831766,16.359513760257798,1.568156358997284e-15,24.449554057171245,2.343632430583693e-15,300000000000000.0,50,52000000000000.0
799040.826,9370495500000.0,4.3721892e+32,23.136789852520092,2.202303708676122e-15,-12.563807698631233,16.359563549076576,1.5573124324390546e-15,24.449628467283283,2.3274260250163893e-15,300000000000000.0,50,52000000000000.0
800040.826,9337480400000.0,4.3426288e+32,23.136860262347902,2.186968559072695e-15,-12.563807706430703,16.359613337895354,1.5464685058808253e-15,24.449702877395325,2.3112196194490858e-15,300000000000000.0,50,52000000000000.0
801040.826,9302030700000.0,4.3107385e+32,23.13693067217571,2.1716334094692685e-15,-12.56380771423017,16.359663126714132,1.535624579322596e-15,24.449777287507363,2.295013213881782e-15,300000000000000.0,50,52000000000000.0
802040.826,9266091200000.0,4.278346e+32,23.13700108200352,2.156298259865842e-15,-12.563807722029638,16.35971291553291,1.5247806527643664e-15,24.449851697619405,2.2788068083144786e-15,300000000000000.0,50,52000000000000.0
803040.826,9229801400000.0,4.2456619e+32,23.13707149183133,2.140963110262415e-15,-12.563807729829106,16.359762704351688,1.513936726206137e-15,24.449926107731443,2.262600402747175e-15,300000000000000.0,50,52000000000000.0
804040.826,9192957300000.0,4.2144945e+32,23.137141901659135,2.1256279606589885e-15,-12.563807737628574,16.359812493170466,1.5030927996479077e-15,24.450000517843485,2.2463939971798714e-15,300000000000000.0,50,52000000000000.0
805040.826,9157994700000.0,4.18765e+32,23.137212311486945,2.110292811055562e-15,-12.563807745428043,16.359862281989244,1.4922488730896782e-15,24.450074927955523,2.230187591612568e-15,300000000000000.0,50,52000000000000.0
806040.826,9126798100000.0,4.1647598e+32,23.13728272131475,2.0949576614521352e-15,-12.563807753227511,16.359912070808022,1.4814049465314489e-15,24.450149338067565,2.2139811860452643e-15,300000000000000.0,50,52000000000000.0
807040.826,9094067300000.0,4.1396365e+32,23.13735313114256,2.0796225118487085e-15,-12.563807761026979,16.3599618596268,1.4705610199732195e-15,24.450223748179603,2.1977747804779607e-15,300000000000000.0,50,52000000000000.0
808040.826,9061559600000.0,4.1135677e+32,23.13742354097037,2.064287362245282e-15,-12.563807768826447,16.36001164844558,1.4597170934149902e-15,24.450298158291645,2.181568374910657e-15,300000000000000.0,50,52000000000000.0
809040.826,9029192900000.0,4.0867742e+32,23.137493950798177,2.0489522126418552e-15,-12.563807776625914,16.36006143726436,1.4488731668567607e-15,24.450372568403683,2.1653619693433536e-15,300000000000000.0,50,52000000000000.0
810040.826,8998775000000.0,4.0625017e+32,23.137564251417672,2.033667520954322e-15,-12.563807784413276,16.36011114885879,1.438064920546317e-15,24.450446863102815,2.1492088884240167e-15,300000000000000.0,50,52000000000000.0
811040.826,8975105500000.0,4.044896e+32,23.137628391989683,2.0212289784863803e-15,-12.563807791517723,16.360156504505984,1.429269268446156e-15,24.450514647775606,2.1360636587507733e-15,300000000000000.0,50,52000000000000.0
812040.826,8950827300000.0,4.0281104e+32,23.137692532561694,2.008790436018439e-15,-12.56380779862217,16.36020186015318,1.4204736163459948e-15,24.450582432448396,2.12291842907753e-15,300000000000000.0,50,52000000000000.0
813040.826,8925123200000.0,4.0138945e+32,23.1377566731337,1.9963518935504975e-15,-12.563807805726617,16.36024721580037,1.4116779642458339e-15,24.450650217121186,2.109773199404287e-15,300000000000000.0,50,52000000000000.0
814040.826,8897124900000.0,4.0039001e+32,23.137820813705712,1.983913351082556e-15,-12.563807812831064,16.360292571447566,1.4028823121456729e-15,24.450718001793977,2.096627969731044e-15,300000000000000.0,50,52000000000000.0
815040.826,8865528200000.0,3.9952119e+32,23.137884954277723,1.9714748086146143e-15,-12.56380781993551,16.36033792709476,1.3940866600455117e-15,24.450785786466767,2.083482740057801e-15,300000000000000.0,50,52000000000000.0
816040.826,8832863100000.0,3.9839716e+32,23.137949094849734,1.9590362661466727e-15,-12.563807827039957,16.360383282741957,1.3852910079453507e-15,24.450853571139557,2.0703375103845576e-15,300000000000000.0,50,52000000000000.0
817040.826,8796757800000.0,4.087111e+32,23.13801323542174,1.9465977236787315e-15,-12.563807834144404,16.36042863838915,1.3764953558451895e-15,24.450921355812348,2.0571922807113145e-15,300000000000000.0,50,52000000000000.0
818040.826,8755740200000.0,4.0019887e+32,23.138077375993753,1.93415918121079e-15,-12.56380784124885,16.360473994036344,1.3676997037450286e-15,24.450989140485138,2.0440470510380714e-15,300000000000000.0,50,52000000000000.0
819040.826,8714177600000.0,3.9957991e+32,23.138141516565764,1.9217206387428483e-15,-12.563807848353298,16.36051934968354,1.3589040516448674e-15,24.45105692515793,2.0309018213648284e-15,300000000000000.0,50,52000000000000.0
820040.826,8695992900000.0,3.9343067e+32,23.13820565713777,1.9092820962749067e-15,-12.563807855457744,16.360564705330734,1.3501083995447064e-15,24.45112470983072,2.017756591691585e-15,300000000000000.0,50,52000000000000.0
821040.826,8676823800000.0,3.9072526e+32,23.138269797709782,1.896843553806965e-15,-12.563807862562191,16.360610060977926,1.3413127474445452e-15,24.45119249450351,2.004611362018342e-15,300000000000000.0,50,52000000000000.0
822040.826,8655393900000.0,3.8799928e+32,23.138333938281793,1.8844050113390234e-15,-12.563807869666638,16.36065541662512,1.3325170953443843e-15,24.4512602791763,1.9914661323450988e-15,300000000000000.0,50,52000000000000.0
823040.826,8634016000000.0,3.8716464e+32,23.138398078853804,1.8719664688710822e-15,-12.563807876771085,16.360700772272317,1.323721443244223e-15,24.45132806384909,1.9783209026718557e-15,300000000000000.0,50,52000000000000.0
824040.826,8604053000000.0,3.8671675e+32,23.13845786243234,1.8581541073383163e-15,-12.563807883392533,16.360743046963773,1.3139543241326313e-15,24.45139124398883,1.963723801453957e-15,300000000000000.0,50,52000000000000.0
825040.826,8572919700000.0,3.8440792e+32,23.13851683522388,1.844086093682618e-15,-12.5638078899241,16.36078474832436,1.3040064260449787e-15,24.45145356727727,1.9488565234332174e-15,300000000000000.0,50,52000000000000.0
826040.826,8532178700000.0,3.8498979e+32,23.138575808015418,1.8300180800269195e-15,-12.563807896455668,16.36082644968495,1.2940585279573262e-15,24.45151589056571,1.9339892454124775e-15,300000000000000.0,50,52000000000000.0
827040.826,8478401500000.0,3.9238592e+32,23.13863478080696,1.815950066371221e-15,-12.563807902987234,16.360868151045537,1.2841106298696736e-15,24.45157821385415,1.9191219673917375e-15,300000000000000.0,50,52000000000000.0
828040.826,8442538300000.0,3.8224548e+32,23.1386937535985,1.8018820527155224e-15,-12.563807909518802,16.360909852406127,1.274162731782021e-15,24.45164053714259,1.9042546893709975e-15,300000000000000.0,50,52000000000000.0
829040.826,8423941600000.0,3.7911229e+32,23.13875272639004,1.787814039059824e-15,-12.563807916050369,16.360951553766714,1.2642148336943685e-15,24.45170286043103,1.889387411350258e-15,300000000000000.0,50,52000000000000.0
830040.826,8391541500000.0,3.8003776e+32,23.13881169918158,1.7737460254041256e-15,-12.563807922581937,16.3609932551273,1.2542669356067162e-15,24.45176518371947,1.874520133329518e-15,300000000000000.0,50,52000000000000.0
831040.826,8352708900000.0,3.7995696e+32,23.13887067197312,1.759678011748427e-15,-12.563807929113503,16.36103495648789,1.2443190375190637e-15,24.451827507007913,1.859652855308778e-15,300000000000000.0,50,52000000000000.0
832040.826,8313517200000.0,3.7959211e+32,23.138929644764662,1.7456099980927286e-15,-12.563807935645071,16.36107665784848,1.2343711394314111e-15,24.451889830296352,1.844785577288038e-15,300000000000000.0,50,52000000000000.0
833040.826,8286386300000.0,3.7500234e+32,23.1389886175562,1.73154198443703e-15,-12.563807942176638,16.36111835920907,1.2244232413437586e-15,24.45195215358479,1.8299182992672984e-15,300000000000000.0,50,52000000000000.0
834040.826,8260528800000.0,3.7401832e+32,23.139047590347744,1.7174739707813316e-15,-12.563807948708204,16.361160060569656,1.214475343256106e-15,24.45201447687323,1.8150510212465584e-15,300000000000000.0,50,52000000000000.0
835040.826,8227527700000.0,3.7408334e+32,23.139106563139283,1.7034059571256332e-15,-12.563807955239772,16.361201761930246,1.2045274451684535e-15,24.452076800161674,1.8001837432258184e-15,300000000000000.0,50,52000000000000.0
836040.826,8199583100000.0,3.715359e+32,23.13916553593082,1.6893379434699346e-15,-12.563807961771339,16.361243463290833,1.194579547080801e-15,24.452139123450113,1.7853164652050784e-15,300000000000000.0,50,52000000000000.0
837040.826,8169813400000.0,3.7082287e+32,23.139221808913057,1.6751668672439503e-15,-12.563807968003706,16.361283255538414,1.1845587705037497e-15,24.452198593541464,1.770340269223918e-15,300000000000000.0,50,52000000000000.0
838040.826,8136939600000.0,3.702561e+32,23.13927484187571,1.6608721064509254e-15,-12.563807973877003,16.361320756674733,1.1744505330339339e-15,24.45225463953379,1.7552333616688064e-15,300000000000000.0,50,52000000000000.0
839040.826,8104165800000.0,3.6919793e+32,23.139327874838365,1.6465773456579006e-15,-12.5638079797503,16.361358257811048,1.1643422955641179e-15,24.45231068552612,1.7401264541136948e-15,300000000000000.0,50,52000000000000.0
840040.826,8070580800000.0,3.6872025e+32,23.13938090780102,1.632282584864876e-15,-12.563807985623598,16.361395758947364,1.154234058094302e-15,24.452366731518445,1.7250195465585831e-15,300000000000000.0,50,52000000000000.0
841040.826,8036019200000.0,3.6820287e+32,23.139433940763674,1.6179878240718512e-15,-12.563807991496894,16.361433260083682,1.144125820624486e-15,24.452422777510773,1.7099126390034716e-15,300000000000000.0,50,52000000000000.0
842040.826,8001291100000.0,3.6745471e+32,23.139486973726328,1.6036930632788265e-15,-12.56380799737019,16.361470761219998,1.1340175831546702e-15,24.4524788235031,1.6948057314483599e-15,300000000000000.0,50,52000000000000.0
843040.826,7965353400000.0,3.672935e+32,23.139540006688982,1.5893983024858016e-15,-12.563808003243489,16.361508262356313,1.1239093456848542e-15,24.452534869495427,1.6796988238932481e-15,300000000000000.0,50,52000000000000.0
844040.826,7929532400000.0,3.668588e+32,23.139593039651636,1.5751035416927768e-15,-12.563808009116785,16.361545763492632,1.1138011082150384e-15,24.452590915487754,1.6645919163381366e-15,300000000000000.0,50,52000000000000.0
845040.826,7893995900000.0,3.6599281e+32,23.13964607261429,1.5608087808997521e-15,-12.563808014990082,16.361583264628948,1.1036928707452224e-15,24.45264696148008,1.6494850087830249e-15,300000000000000.0,50,52000000000000.0
846040.826,7857244200000.0,3.6527186e+32,23.139699105576945,1.5465140201067274e-15,-12.56380802086338,16.361620765765263,1.0935846332754066e-15,24.452703007472408,1.6343781012279134e-15,300000000000000.0,50,52000000000000.0
847040.826,7818419000000.0,3.6495863e+32,23.1397521385396,1.5322192593137027e-15,-12.563808026736677,16.36165826690158,1.0834763958055905e-15,24.452759053464735,1.6192711936728016e-15,300000000000000.0,50,52000000000000.0
848040.826,7778914100000.0,3.6414362e+32,23.139805171502253,1.5179244985206777e-15,-12.563808032609973,16.361695768037897,1.0733681583357747e-15,24.452815099457062,1.60416428611769e-15,300000000000000.0,50,52000000000000.0
849040.826,7739918700000.0,3.6275411e+32,23.139858204464907,1.503629737727653e-15,-12.563808038483272,16.361733269174213,1.063259920865959e-15,24.45287114544939,1.5890573785625784e-15,300000000000000.0,50,52000000000000.0
850040.826,7701469800000.0,3.6192373e+32,23.13991123742756,1.4893349769346283e-15,-12.563808044356568,16.361770770310528,1.0531516833961429e-15,24.452927191441717,1.5739504710074667e-15,300000000000000.0,50,52000000000000.0
851040.826,7663392800000.0,3.6145151e+32,23.13995906780858,1.4760212381360651e-15,-12.563808049653414,16.361804592551383,1.043737154891129e-15,24.452977739271397,1.5598803215642356e-15,300000000000000.0,50,52000000000000.0
852040.826,7625971000000.0,3.6067206e+32,23.140005967041514,1.4628830807721911e-15,-12.563808054847089,16.36183775635058,1.034446785085904e-15,24.453027303050472,1.5459957290990716e-15,300000000000000.0,50,52000000000000.0
853040.826,7589648000000.0,3.5993344e+32,23.140052866274452,1.449744923408317e-15,-12.563808060040763,16.36187092014978,1.025156415280679e-15,24.453076866829548,1.5321111366339078e-15,300000000000000.0,50,52000000000000.0
854040.826,7554041400000.0,3.5926489e+32,23.140099765507387,1.436606766044443e-15,-12.563808065234438,16.36190408394898,1.015866045475454e-15,24.453126430608624,1.5182265441687438e-15,300000000000000.0,50,52000000000000.0
855040.826,7519607800000.0,3.5850227e+32,23.14014666474032,1.423468608680569e-15,-12.563808070428113,16.361937247748177,1.0065756756702291e-15,24.4531759943877,1.5043419517035798e-15,300000000000000.0,50,52000000000000.0
856040.826,7485909100000.0,3.5793348e+32,23.14019356397326,1.4103304513166951e-15,-12.563808075621788,16.36197041154738,9.97285305865004e-16,24.45322555816678,1.490457359238416e-15,300000000000000.0,50,52000000000000.0
857040.826,7451666600000.0,3.5763619e+32,23.140240463206194,1.3971922939528212e-15,-12.563808080815463,16.362003575346577,9.879949360597792e-16,24.453275121945854,1.476572766773252e-15,300000000000000.0,50,52000000000000.0
858040.826,7416391100000.0,3.5738066e+32,23.140287362439132,1.3840541365889472e-15,-12.563808086009136,16.362036739145775,9.787045662545542e-16,24.45332468572493,1.4626881743080882e-15,300000000000000.0,50,52000000000000.0
859040.826,7381190900000.0,3.5696155e+32,23.140334261672066,1.3709159792250733e-15,-12.56380809120281,16.362069902944974,9.694141964493291e-16,24.453374249504005,1.4488035818429242e-15,300000000000000.0,50,52000000000000.0
860040.826,7346685200000.0,3.5638762e+32,23.140381160905,1.3577778218611993e-15,-12.563808096396485,16.362103066744176,9.601238266441043e-16,24.45342381328308,1.4349189893777602e-15,300000000000000.0,50,52000000000000.0
861040.826,7312620500000.0,3.5591522e+32,23.14042806013794,1.3446396644973254e-15,-12.56380810159016,16.362136230543374,9.508334568388792e-16,24.45347337706216,1.4210343969125964e-15,300000000000000.0,50,52000000000000.0
862040.826,7278538100000.0,3.5569416e+32,23.140474959370874,1.3315015071334514e-15,-12.563808106783835,16.362169394342573,9.415430870336544e-16,24.453522940841236,1.4071498044474324e-15,300000000000000.0,50,52000000000000.0
863040.826,7244202500000.0,3.555712e+32,23.140521858603808,1.3183633497695775e-15,-12.56380811197751,16.36220255814177,9.322527172284293e-16,24.45357250462031,1.3932652119822685e-15,300000000000000.0,50,52000000000000.0
864040.826,7209730300000.0,3.5526376e+32,23.14056864002877,1.3052831725221327e-15,-12.563808117158132,16.362235638635557,9.230033468351677e-16,24.453621943898234,1.3794418937331261e-15,300000000000000.0,50,52000000000000.0
865040.826,7175791700000.0,3.5469583e+32,23.14060981013019,1.2949646520463336e-15,-12.5638081217171,16.362264751200705,9.157068235670162e-16,24.45366545304925,1.3685371338454479e-15,300000000000000.0,50,52000000000000.0
866040.826,7142647900000.0,3.5391786e+32,23.14065098023161,1.2846461315705345e-15,-12.563808126276069,16.362293863765856,9.084103002988645e-16,24.453708962200263,1.3576323739577699e-15,300000000000000.0,50,52000000000000.0
867040.826,7109327700000.0,3.532277e+32,23.14069215033303,1.2743276110947354e-15,-12.563808130835039,16.362322976331008,9.01113777030713e-16,24.453752471351276,1.3467276140700917e-15,300000000000000.0,50,52000000000000.0
868040.826,7075676700000.0,3.5287038e+32,23.14073332043445,1.2640090906189363e-15,-12.563808135394007,16.36235208889616,8.938172537625613e-16,24.45379598050229,1.3358228541824137e-15,300000000000000.0,50,52000000000000.0
869040.826,7042486900000.0,3.5259719e+32,23.140774490535872,1.2536905701431372e-15,-12.563808139952975,16.36238120146131,8.865207304944097e-16,24.4538394896533,1.3249180942947355e-15,300000000000000.0,50,52000000000000.0
870040.826,7010180300000.0,3.5208446e+32,23.14081566063729,1.2433720496673381e-15,-12.563808144511944,16.362410314026462,8.792242072262581e-16,24.453882998804314,1.3140133344070575e-15,300000000000000.0,50,52000000000000.0
871040.826,6979698200000.0,3.5170766e+32,23.14085683073871,1.2330535291915392e-15,-12.563808149070912,16.36243942659161,8.719276839581065e-16,24.453926507955327,1.3031085745193792e-15,300000000000000.0,50,52000000000000.0
872040.826,6951269400000.0,3.5118979e+32,23.14089800084013,1.2227350087157401e-15,-12.56380815362988,16.36246853915676,8.646311606899549e-16,24.45397001710634,1.2922038146317012e-15,300000000000000.0,50,52000000000000.0
873040.826,6925138500000.0,3.503602e+32,23.14093917094155,1.212416488239941e-15,-12.563808158188849,16.362497651721913,8.573346374218033e-16,24.454013526257352,1.2812990547440232e-15,300000000000000.0,50,52000000000000.0
874040.826,6900204700000.0,3.4970741e+32,23.140980341042972,1.202097967764142e-15,-12.563808162747817,16.362526764287065,8.500381141536517e-16,24.45405703540837,1.270394294856345e-15,300000000000000.0,50,52000000000000.0
875040.826,6875910000000.0,3.4902811e+32,23.14102151114439,1.1917794472883428e-15,-12.563808167306785,16.362555876852216,8.427415908855001e-16,24.45410054455938,1.259489534968667e-15,300000000000000.0,50,52000000000000.0
876040.826,6851152000000.0,3.4860152e+32,23.14106268124581,1.1814609268125437e-15,-12.563808171865753,16.362584989417368,8.354450676173485e-16,24.454144053710394,1.2485847750809888e-15,300000000000000.0,50,52000000000000.0
877040.826,6825420500000.0,3.4836678e+32,23.141103851347232,1.1711424063367446e-15,-12.563808176424724,16.362614101982516,8.281485443491969e-16,24.454187562861406,1.2376800151933108e-15,300000000000000.0,50,52000000000000.0
878040.826,6799104400000.0,3.4822821e+32,23.14114502144865,1.1608238858609457e-15,-12.563808180983692,16.362643214547667,8.208520210810453e-16,24.45423107201242,1.2267752553056326e-15,300000000000000.0,50,52000000000000.0
879040.826,6774241100000.0,3.478677e+32,23.14118176493774,1.15346621861794e-15,-12.563808185052283,16.362669196927637,8.156492024813797e-16,24.454269903056264,1.2189995674220789e-15,300000000000000.0,50,52000000000000.0
880040.826,6751752700000.0,3.471842e+32,23.141218362279744,1.1462063056014096e-15,-12.563808189104684,16.362695075962794,8.105155087130526e-16,24.454308579649783,1.2113271876018767e-15,300000000000000.0,50,52000000000000.0
881040.826,6730304300000.0,3.4648529e+32,23.141254959621747,1.138946392584879e-15,-12.563808193157087,16.362720954997947,8.053818149447256e-16,24.454347256243302,1.2036548077816743e-15,300000000000000.0,50,52000000000000.0
882040.826,6708618800000.0,3.4572721e+32,23.141291556963754,1.1316864795683484e-15,-12.563808197209488,16.362746834033103,8.002481211763985e-16,24.454385932836825,1.1959824279614721e-15,300000000000000.0,50,52000000000000.0
883040.826,6687168600000.0,3.4490004e+32,23.141328154305757,1.1244265665518178e-15,-12.563808201261889,16.362772713068257,7.951144274080714e-16,24.454424609430344,1.1883100481412697e-15,300000000000000.0,50,52000000000000.0
884040.826,6665201500000.0,3.4408525e+32,23.141364751647764,1.1171666535352872e-15,-12.563808205314292,16.36279859210341,7.899807336397442e-16,24.454463286023863,1.1806376683210674e-15,300000000000000.0,50,52000000000000.0
885040.826,6643415900000.0,3.4320393e+32,23.141401348989767,1.1099067405187568e-15,-12.563808209366693,16.362824471138566,7.848470398714171e-16,24.454501962617382,1.1729652885008652e-15,300000000000000.0,50,52000000000000.0
886040.826,6622586300000.0,3.4225927e+32,23.141437946331774,1.1026468275022262e-15,-12.563808213419094,16.36285035017372,7.7971334610309e-16,24.4545406392109,1.1652929086806628e-15,300000000000000.0,50,52000000000000.0
887040.826,6602369500000.0,3.4110729e+32,23.141474543673777,1.0953869144856956e-15,-12.563808217471497,16.362876229208876,7.745796523347629e-16,24.45457931580442,1.1576205288604606e-15,300000000000000.0,50,52000000000000.0
888040.826,6581543300000.0,3.4009096e+32,23.141511141015783,1.088127001469165e-15,-12.563808221523898,16.36290210824403,7.694459585664359e-16,24.45461799239794,1.1499481490402582e-15,300000000000000.0,50,52000000000000.0
889040.826,6559445900000.0,3.3927697e+32,23.141547738357787,1.0808670884526344e-15,-12.563808225576299,16.362927987279186,7.643122647981088e-16,24.454656668991458,1.142275769220056e-15,300000000000000.0,50,52000000000000.0
890040.826,6537265900000.0,3.3815734e+32,23.141584335699793,1.073607175436104e-15,-12.563808229628702,16.36295386631434,7.591785710297817e-16,24.45469534558498,1.1346033893998537e-15,300000000000000.0,50,52000000000000.0
891040.826,6515453300000.0,3.3694757e+32,23.141620933041796,1.0663472624195734e-15,-12.563808233681103,16.362979745349495,7.540448772614546e-16,24.4547340221785,1.1269310095796513e-15,300000000000000.0,50,52000000000000.0
892040.826,6494249900000.0,3.3570551e+32,23.141657530383803,1.0590873494030428e-15,-12.563808237733504,16.36300562438465,7.489111834931275e-16,24.454772698772018,1.1192586297594491e-15,300000000000000.0,50,52000000000000.0
893040.826,6472994700000.0,3.3467427e+32,23.141691881604554,1.0521101951958823e-15,-12.56380824153708,16.36302991512272,7.439774366392618e-16,24.4548090016325,1.1118850735036428e-15,300000000000000.0,50,52000000000000.0
894040.826,6449714800000.0,3.3377391e+32,23.14172520931415,1.045261888349796e-15,-12.56380824522727,16.363053482106547,7.391348014729178e-16,24.454844222831767,1.104647684986642e-15,300000000000000.0,50,52000000000000.0
895040.826,6428723000000.0,3.3297465e+32,23.141758537023748,1.03841358150371e-15,-12.56380824891746,16.363077049090375,7.342921663065736e-16,24.454879444031036,1.0974102964696413e-15,300000000000000.0,50,52000000000000.0
896040.826,6411524400000.0,3.3171798e+32,23.141791864733342,1.0315652746576239e-15,-12.56380825260765,16.363100616074203,7.294495311402295e-16,24.4549146652303,1.0901729079526405e-15,300000000000000.0,50,52000000000000.0
897040.826,6390842200000.0,3.2990958e+32,23.14182519244294,1.0247169678115377e-15,-12.563808256297841,16.363124183058034,7.246068959738855e-16,24.454949886429567,1.0829355194356399e-15,300000000000000.0,50,52000000000000.0
898040.826,6368244400000.0,3.2927676e+32,23.141858520152535,1.0178686609654517e-15,-12.563808259988033,16.36314775004186,7.197642608075414e-16,24.454985107628836,1.0756981309186392e-15,300000000000000.0,50,52000000000000.0
899040.826,6344350100000.0,3.2752762e+32,23.14189184786213,1.0110203541193655e-15,-12.563808263678222,16.36317131702569,7.149216256411974e-16,24.455020328828102,1.0684607424016384e-15,300000000000000.0,50,52000000000000.0
900040.826,6320768100000.0,3.2644971e+32,23.14192517557173,1.0041720472732793e-15,-12.563808267368413,16.363194884009516,7.100789904748533e-16,24.45505555002737,1.0612233538846378e-15,300000000000000.0,50,52000000000000.0
901040.826,6298310300000.0,3.2531119e+32,23.141958503281323,9.973237404271933e-16,-12.563808271058603,16.363218450993344,7.052363553085092e-16,24.455090771226637,1.053985965367637e-15,300000000000000.0,50,52000000000000.0
902040.826,6276408500000.0,3.2427724e+32,23.14199183099092,9.904754335811072e-16,-12.563808274748794,16.363242017977175,7.003937201421651e-16,24.455125992425902,1.0467485768506363e-15,300000000000000.0,50,52000000000000.0
903040.826,6254764500000.0,3.2312648e+32,23.142025158700516,9.83627126735021e-16,-12.563808278438984,16.363265584961002,6.955510849758211e-16,24.45516121362517,1.0395111883336355e-15,300000000000000.0,50,52000000000000.0
904040.826,6233211300000.0,3.2207998e+32,23.14205848641011,9.767788198889348e-16,-12.563808282129175,16.36328915194483,6.90708449809477e-16,24.455196434824437,1.0322737998166348e-15,300000000000000.0,50,52000000000000.0
905040.826,6211948800000.0,3.2094433e+32,23.14209181411971,9.699305130428488e-16,-12.563808285819364,16.363312718928658,6.858658146431329e-16,24.455231656023706,1.025036411299634e-15,300000000000000.0,50,52000000000000.0
906040.826,6191297900000.0,3.1980842e+32,23.142125141829304,9.630822061967626e-16,-12.563808289509556,16.36333628591249,6.810231794767888e-16,24.45526687722297,1.0177990227826334e-15,300000000000000.0,50,52000000000000.0
907040.826,6171642400000.0,3.1875099e+32,23.142157925339927,9.565470697978255e-16,-12.563808293139466,16.363359468077533,6.764019961602317e-16,24.45530152330499,1.0108925972681485e-15,300000000000000.0,50,52000000000000.0
908040.826,6153026700000.0,3.1771575e+32,23.14218811862863,9.5150252966037e-16,-12.56380829648246,16.363380818622005,6.728348564240815e-16,24.455333432003478,1.0055614551775314e-15,300000000000000.0,50,52000000000000.0
909040.826,6135770900000.0,3.1667987e+32,23.14221831191734,9.464579895229146e-16,-12.563808299825453,16.363402169166473,6.692677166879312e-16,24.455365340701967,1.0002303130869145e-15,300000000000000.0,50,52000000000000.0
910040.826,6120033800000.0,3.1563102e+32,23.142248505206044,9.414134493854592e-16,-12.563808303168447,16.363423519710945,6.657005769517811e-16,24.455397249400455,9.948991709962974e-16,300000000000000.0,50,52000000000000.0
911040.826,6105280400000.0,3.1444621e+32,23.14227869849475,9.363689092480038e-16,-12.563808306511442,16.363444870255417,6.621334372156309e-16,24.455429158098944,9.895680289056803e-16,300000000000000.0,50,52000000000000.0
912040.826,6090879700000.0,3.1330402e+32,23.142308891783458,9.313243691105482e-16,-12.563808309854435,16.363466220799886,6.585662974794806e-16,24.455461066797433,9.842368868150632e-16,300000000000000.0,50,52000000000000.0
913040.826,6076119200000.0,3.1219417e+32,23.142339085072162,9.262798289730928e-16,-12.563808313197429,16.363487571344358,6.549991577433304e-16,24.455492975495922,9.78905744724446e-16,300000000000000.0,50,52000000000000.0
914040.826,6060785800000.0,3.1094242e+32,23.142369278360867,9.212352888356374e-16,-12.563808316540422,16.363508921888826,6.514320180071802e-16,24.455524884194407,9.73574602633829e-16,300000000000000.0,50,52000000000000.0
915040.826,6044891200000.0,3.0971624e+32,23.142399471649576,9.16190748698182e-16,-12.563808319883417,16.363530272433298,6.4786487827103e-16,24.455556792892896,9.682434605432119e-16,300000000000000.0,50,52000000000000.0
916040.826,6028306900000.0,3.0843152e+32,23.14242966493828,9.111462085607265e-16,-12.56380832322641,16.363551622977766,6.442977385348798e-16,24.455588701591385,9.629123184525948e-16,300000000000000.0,50,52000000000000.0
917040.826,6011018200000.0,3.0719998e+32,23.14245985822699,9.061016684232711e-16,-12.563808326569404,16.36357297352224,6.407305987987296e-16,24.455620610289873,9.575811763619777e-16,300000000000000.0,50,52000000000000.0
918040.826,5993330600000.0,3.0590278e+32,23.142490051515693,9.010571282858157e-16,-12.563808329912398,16.363594324066707,6.371634590625794e-16,24.455652518988362,9.522500342713606e-16,300000000000000.0,50,52000000000000.0
919040.826,5975523200000.0,3.0458894e+32,23.1425202448044,8.960125881483601e-16,-12.563808333255393,16.36361567461118,6.335963193264292e-16,24.45568442768685,9.469188921807435e-16,300000000000000.0,50,52000000000000.0
920040.826,5957882400000.0,3.0324335e+32,23.142550438093107,8.909680480109047e-16,-12.563808336598386,16.363637025155647,6.300291795902789e-16,24.45571633638534,9.415877500901266e-16,300000000000000.0,50,52000000000000.0
921040.826,5940339100000.0,3.0185168e+32,23.14258063138181,8.859235078734493e-16,-12.56380833994138,16.36365837570012,6.264620398541287e-16,24.45574824508383,9.362566079995095e-16,300000000000000.0,50,52000000000000.0
922040.826,5922937900000.0,3.0052287e+32,23.142609829258156,8.809531260749663e-16,-12.563808343174111,16.363679022359815,6.229473396208897e-16,24.455779101816315,9.310038375067284e-16,300000000000000.0,50,52000000000000.0
923040.826,5905688100000.0,2.9915009e+32,23.142637676145654,8.76083393106007e-16,-12.563808346257193,16.36369871369636,6.195038110813796e-16,24.455808530804482,9.258574341427075e-16,300000000000000.0,50,52000000000000.0
924040.826,5888869200000.0,2.9778964e+32,23.142665523033152,8.712136601370477e-16,-12.563808349340276,16.363718405032902,6.160602825418696e-16,24.45583795979265,9.207110307786865e-16,300000000000000.0,50,52000000000000.0
925040.826,5872670000000.0,2.9627215e+32,23.14269336992065,8.663439271680883e-16,-12.563808352423358,16.363738096369442,6.126167540023596e-16,24.455867388780817,9.155646274146655e-16,300000000000000.0,50,52000000000000.0
926040.826,5856957900000.0,2.9478064e+32,23.142721216808145,8.61474194199129e-16,-12.56380835550644,16.363757787705985,6.0917322546284955e-16,24.455896817768984,9.104182240506446e-16,300000000000000.0,50,52000000000000.0
927040.826,5841530900000.0,2.9329426e+32,23.142749063695643,8.566044612301697e-16,-12.563808358589522,16.36377747904253,6.057296969233396e-16,24.45592624675715,9.052718206866236e-16,300000000000000.0,50,52000000000000.0
928040.826,5826175900000.0,2.9173299e+32,23.14277691058314,8.517347282612102e-16,-12.563808361672605,16.36379717037907,6.022861683838296e-16,24.45595567574532,9.001254173226027e-16,300000000000000.0,50,52000000000000.0
929040.826,5810937500000.0,2.9012889e+32,23.14280475747064,8.468649952922509e-16,-12.563808364755687,16.363816861715613,5.988426398443195e-16,24.455985104733486,8.949790139585817e-16,300000000000000.0,50,52000000000000.0
930040.826,5795710000000.0,2.885501e+32,23.142832604358134,8.419952623232915e-16,-12.563808367838769,16.363836553052156,5.953991113048095e-16,24.456014533721653,8.898326105945607e-16,300000000000000.0,50,52000000000000.0
931040.826,5780006200000.0,2.868989e+32,23.14286045124563,8.371255293543322e-16,-12.563808370921851,16.3638562443887,5.919555827652994e-16,24.45604396270982,8.846862072305397e-16,300000000000000.0,50,52000000000000.0
932040.826,5763680100000.0,2.8526378e+32,23.14288829813313,8.322557963853729e-16,-12.563808374004934,16.36387593572524,5.885120542257894e-16,24.456073391697988,8.795398038665187e-16,300000000000000.0,50,52000000000000.0
933040.826,5746579700000.0,2.8357174e+32,23.142916145020628,8.273860634164135e-16,-12.563808377088016,16.363895627061783,5.850685256862794e-16,24.456102820686155,8.743934005024978e-16,300000000000000.0,50,52000000000000.0
934040.826,5728673200000.0,2.8193377e+32,23.142943991908123,8.225163304474542e-16,-12.563808380171098,16.363915318398327,5.816249971467693e-16,24.456132249674322,8.692469971384768e-16,300000000000000.0,50,52000000000000.0
935040.826,5710004300000.0,2.8022592e+32,23.14297183879562,8.176465974784949e-16,-12.56380838325418,16.363935009734867,5.781814686072594e-16,24.456161678662493,8.641005937744558e-16,300000000000000.0,50,52000000000000.0
936040.826,5690760600000.0,2.7849443e+32,23.14299968568312,8.127768645095355e-16,-12.563808386337262,16.36395470107141,5.747379400677494e-16,24.45619110765066,8.589541904104349e-16,300000000000000.0,50,52000000000000.0
937040.826,5671669600000.0,2.7678576e+32,23.143026531339075,8.080370819310648e-16,-12.563808389309449,16.363973684408272,5.713863031979184e-16,24.456219478523032,8.539451204799148e-16,300000000000000.0,50,52000000000000.0
938040.826,5653537300000.0,2.7503883e+32,23.143052076294897,8.034661179360006e-16,-12.56380839213757,16.36399174798258,5.681540428181753e-16,24.456246474796924,8.491144604457467e-16,300000000000000.0,50,52000000000000.0
939040.826,5636103800000.0,2.7330705e+32,23.14307762125072,7.988951539409364e-16,-12.56380839496569,16.364009811556887,5.649217824384323e-16,24.456273471070812,8.442838004115787e-16,300000000000000.0,50,52000000000000.0
940040.826,5618744300000.0,2.7148756e+32,23.14310316620654,7.943241899458722e-16,-12.56380839779381,16.364027875131196,5.616895220586892e-16,24.456300467344704,8.394531403774106e-16,300000000000000.0,50,52000000000000.0
941040.826,5601407300000.0,2.6964617e+32,23.143128711162362,7.897532259508079e-16,-12.563808400621932,16.3640459387055,5.584572616789461e-16,24.456327463618596,8.346224803432425e-16,300000000000000.0,50,52000000000000.0
942040.826,5584274800000.0,2.6783342e+32,23.143154256118184,7.851822619557437e-16,-12.563808403450052,16.36406400227981,5.55225001299203e-16,24.456354459892484,8.297918203090745e-16,300000000000000.0,50,52000000000000.0
943040.826,5567271400000.0,2.6607877e+32,23.143179801074005,7.806112979606795e-16,-12.563808406278174,16.36408206585412,5.519927409194599e-16,24.456381456166376,8.249611602749064e-16,300000000000000.0,50,52000000000000.0
944040.826,5550216600000.0,2.6429786e+32,23.143205346029827,7.760403339656153e-16,-12.563808409106294,16.364100129428426,5.487604805397168e-16,24.456408452440265,8.201305002407383e-16,300000000000000.0,50,52000000000000.0
945040.826,5533242600000.0,2.6252511e+32,23.143230890985652,7.714693699705511e-16,-12.563808411934414,16.364118193002735,5.455282201599737e-16,24.456435448714156,8.152998402065702e-16,300000000000000.0,50,52000000000000.0
946040.826,5516567600000.0,2.6076455e+32,23.143256435941474,7.668984059754868e-16,-12.563808414762535,16.36413625657704,5.422959597802306e-16,24.45646244498805,8.104691801724022e-16,300000000000000.0,50,52000000000000.0
947040.826,5501019800000.0,2.5899107e+32,23.143281980897296,7.623274419804227e-16,-12.563808417590655,16.36415432015135,5.390636994004876e-16,24.456489441261937,8.0563852013823415e-16,300000000000000.0,50,52000000000000.0
948040.826,5486728600000.0,2.5716977e+32,23.143307525853118,7.577564779853585e-16,-12.563808420418777,16.36417238372566,5.358314390207445e-16,24.45651643753583,8.00807860104066e-16,300000000000000.0,50,52000000000000.0
949040.826,5473066300000.0,2.5527917e+32,23.14333307080894,7.531855139902943e-16,-12.563808423246897,16.364190447299965,5.325991786410014e-16,24.45654343380972,7.95977200069898e-16,300000000000000.0,50,52000000000000.0
950040.826,5458675900000.0,2.5345277e+32,23.14335861576476,7.486145499952301e-16,-12.563808426075017,16.364208510874274,5.293669182612583e-16,24.45657043008361,7.9114654003573e-16,300000000000000.0,50,52000000000000.0
951040.826,5443149400000.0,2.5166199e+32,23.143384160720583,7.440435860001659e-16,-12.563808428903139,16.36422657444858,5.261346578815152e-16,24.4565974263575,7.863158800015618e-16,300000000000000.0,50,52000000000000.0
952040.826,5427186200000.0,2.499408e+32,23.143409262359814,7.395611589506218e-16,-12.563808431682162,16.36424432454095,5.22965004528657e-16,24.456623954128087,7.815787870774086e-16,300000000000000.0,50,52000000000000.0
953040.826,5411601200000.0,2.482354e+32,23.14343261147068,7.354287379946359e-16,-12.56380843426709,16.364260835370004,5.200428505759704e-16,24.456648629801666,7.772115855976619e-16,300000000000000.0,50,52000000000000.0
954040.826,5396474300000.0,2.4658007e+32,23.143455960581548,7.3129631703865e-16,-12.563808436852018,16.36427734619906,5.171206966232838e-16,24.45667330547525,7.728443841179152e-16,300000000000000.0,50,52000000000000.0
955040.826,5381490900000.0,2.4489339e+32,23.143479309692417,7.271638960826641e-16,-12.563808439436947,16.364293857028112,5.141985426705972e-16,24.456697981148828,7.684771826381685e-16,300000000000000.0,50,52000000000000.0
956040.826,5365950300000.0,2.4320549e+32,23.143502658803285,7.230314751266782e-16,-12.563808442021875,16.36431036785717,5.112763887179106e-16,24.45672265682241,7.641099811584218e-16,300000000000000.0,50,52000000000000.0
957040.826,5349768800000.0,2.4156359e+32,23.14352600791415,7.188990541706923e-16,-12.563808444606803,16.364326878686224,5.083542347652239e-16,24.456747332495993,7.597427796786751e-16,300000000000000.0,50,52000000000000.0
958040.826,5333308400000.0,2.3998218e+32,23.14354935702502,7.147666332147064e-16,-12.563808447191732,16.364343389515277,5.054320808125373e-16,24.456772008169573,7.553755781989284e-16,300000000000000.0,50,52000000000000.0
959040.826,5316872600000.0,2.3845248e+32,23.14357270613589,7.106342122587205e-16,-12.56380844977666,16.364359900344333,5.025099268598507e-16,24.456796683843155,7.510083767191817e-16,300000000000000.0,50,52000000000000.0
960040.826,5300536500000.0,2.3702166e+32,23.143596055246753,7.065017913027347e-16,-12.56380845236159,16.364376411173385,4.995877729071642e-16,24.456821359516734,7.46641175239435e-16,300000000000000.0,50,52000000000000.0
961040.826,5284344700000.0,2.3565404e+32,23.143619404357622,7.023693703467488e-16,-12.563808454946518,16.36439292200244,4.966656189544775e-16,24.456846035190317,7.422739737596883e-16,300000000000000.0,50,52000000000000.0
962040.826,5268409900000.0,2.3432828e+32,23.14364275346849,6.982369493907629e-16,-12.563808457531445,16.364409432831497,4.937434650017909e-16,24.456870710863896,7.379067722799416e-16,300000000000000.0,50,52000000000000.0
963040.826,5252642500000.0,2.3300332e+32,23.14366610257936,6.94104528434777e-16,-12.563808460116375,16.36442594366055,4.908213110491043e-16,24.45689538653748,7.335395708001949e-16,300000000000000.0,50,52000000000000.0
964040.826,5237133800000.0,2.3159495e+32,23.143689451690225,6.89972107478791e-16,-12.563808462701303,16.364442454489605,4.878991570964176e-16,24.45692006221106,7.291723693204482e-16,300000000000000.0,50,52000000000000.0
965040.826,5222241800000.0,2.3010591e+32,23.143712800801094,6.858396865228051e-16,-12.56380846528623,16.36445896531866,4.84977003143731e-16,24.45694473788464,7.248051678407016e-16,300000000000000.0,50,52000000000000.0
966040.826,5208166000000.0,2.2860883e+32,23.143736149911962,6.817072655668192e-16,-12.56380846787116,16.364475476147714,4.820548491910445e-16,24.456969413558223,7.204379663609549e-16,300000000000000.0,50,52000000000000.0
967040.826,5194406900000.0,2.2706024e+32,23.143759499022828,6.775748446108333e-16,-12.563808470456088,16.36449198697677,4.791326952383578e-16,24.456994089231802,7.160707648812082e-16,300000000000000.0,50,52000000000000.0
968040.826,5180562500000.0,2.2545608e+32,23.143781393398204,6.739255126513936e-16,-12.563808472879913,16.36450746912043,4.765521474390558e-16,24.45701722752014,7.122140987540113e-16,300000000000000.0,50,52000000000000.0
969040.826,5166485000000.0,2.2381415e+32,23.143802725048683,6.704630505430303e-16,-12.56380847524142,16.3645225533451,4.741037406975427e-16,24.457039771112772,7.085549193548964e-16,300000000000000.0,50,52000000000000.0
970040.826,5152440300000.0,2.2215806e+32,23.143824056699163,6.670005884346671e-16,-12.563808477602924,16.36453763756977,4.716553339560297e-16,24.457062314705404,7.048957399557815e-16,300000000000000.0,50,52000000000000.0
971040.826,5138605300000.0,2.2047031e+32,23.14384538834964,6.635381263263038e-16,-12.56380847996443,16.364552721794443,4.692069272145166e-16,24.457084858298035,7.012365605566667e-16,300000000000000.0,50,52000000000000.0
972040.826,5125126100000.0,2.187626e+32,23.14386672000012,6.600756642179406e-16,-12.563808482325937,16.364567806019114,4.667585204730035e-16,24.457107401890667,6.975773811575518e-16,300000000000000.0,50,52000000000000.0
973040.826,5111920200000.0,2.1709845e+32,23.1438880516506,6.566132021095774e-16,-12.563808484687444,16.364582890243785,4.643101137314905e-16,24.4571299454833,6.939182017584369e-16,300000000000000.0,50,52000000000000.0
974040.826,5098885400000.0,2.1540479e+32,23.14390938330108,6.531507400012141e-16,-12.563808487048949,16.364597974468456,4.618617069899775e-16,24.45715248907593,6.902590223593219e-16,300000000000000.0,50,52000000000000.0
975040.826,5085968200000.0,2.1370585e+32,23.143930714951555,6.496882778928509e-16,-12.563808489410455,16.364613058693127,4.594133002484645e-16,24.457175032668562,6.86599842960207e-16,300000000000000.0,50,52000000000000.0
976040.826,5073088700000.0,2.1206053e+32,23.143952046602035,6.462258157844877e-16,-12.563808491771962,16.364628142917798,4.569648935069514e-16,24.457197576261194,6.829406635610922e-16,300000000000000.0,50,52000000000000.0
977040.826,5059929900000.0,2.1033368e+32,23.143973378252515,6.427633536761244e-16,-12.563808494133468,16.36464322714247,4.545164867654383e-16,24.457220119853822,6.792814841619773e-16,300000000000000.0,50,52000000000000.0
978040.826,5046406300000.0,2.0861777e+32,23.143994709902994,6.393008915677612e-16,-12.563808496494973,16.36465831136714,4.520680800239253e-16,24.457242663446454,6.756223047628624e-16,300000000000000.0,50,52000000000000.0
979040.826,5032757700000.0,2.0695587e+32,23.14401604155347,6.358384294593979e-16,-12.56380849885648,16.36467339559181,4.496196732824122e-16,24.457265207039086,6.719631253637475e-16,300000000000000.0,50,52000000000000.0
980040.826,5019003900000.0,2.0525866e+32,23.14403737320395,6.323759673510346e-16,-12.563808501217986,16.364688479816483,4.471712665408992e-16,24.457287750631718,6.683039459646326e-16,300000000000000.0,50,52000000000000.0
981040.826,5005111700000.0,2.0357955e+32,23.14405870485443,6.289135052426714e-16,-12.563808503579493,16.364703564041154,4.447228597993861e-16,24.45731029422435,6.646447665655178e-16,300000000000000.0,50,52000000000000.0
982040.826,4991204500000.0,2.0190635e+32,23.144080036504906,6.254510431343082e-16,-12.563808505940997,16.364718648265825,4.4227445305787304e-16,24.45733283781698,6.609855871664029e-16,300000000000000.0,50,52000000000000.0
983040.826,4977351100000.0,2.0027116e+32,23.144101368155386,6.219885810259449e-16,-12.563808508302504,16.364733732490496,4.3982604631636e-16,24.457355381409613,6.573264077672879e-16,300000000000000.0,50,52000000000000.0
984040.826,4963635200000.0,1.9867229e+32,23.144121001727857,6.188214847563769e-16,-12.563808510475964,16.36474761595527,4.375865012749366e-16,24.457376130449155,6.539793752092453e-16,300000000000000.0,50,52000000000000.0
985040.826,4950108500000.0,1.9703991e+32,23.144140615501275,6.156578323589858e-16,-12.56380851264723,16.364761485419564,4.353493914948174e-16,24.45739685856478,6.506359821845539e-16,300000000000000.0,50,52000000000000.0
986040.826,4936698200000.0,1.9541615e+32,23.144160229274693,6.124941799615948e-16,-12.563808514818497,16.364775354883857,4.331122817146981e-16,24.457417586680403,6.472925891598625e-16,300000000000000.0,50,52000000000000.0
987040.826,4923399300000.0,1.9375833e+32,23.14417984304811,6.093305275642037e-16,-12.563808516989763,16.364789224348154,4.3087517193457886e-16,24.457438314796025,6.439491961351711e-16,300000000000000.0,50,52000000000000.0
988040.826,4910097300000.0,1.9212493e+32,23.14419945682153,6.061668751668127e-16,-12.56380851916103,16.364803093812448,4.286380621544596e-16,24.457459042911648,6.406058031104797e-16,300000000000000.0,50,52000000000000.0
989040.826,4896680900000.0,1.9051106e+32,23.144219070594946,6.030032227694217e-16,-12.563808521332296,16.36481696327674,4.264009523743404e-16,24.457479771027273,6.372624100857883e-16,300000000000000.0,50,52000000000000.0
990040.826,4883240700000.0,1.8895296e+32,23.144238684368364,5.998395703720306e-16,-12.563808523503564,16.364830832741035,4.241638425942211e-16,24.457500499142895,6.339190170610969e-16,300000000000000.0,50,52000000000000.0
991040.826,4869966400000.0,1.874402e+32,23.144258298141782,5.966759179746396e-16,-12.56380852567483,16.36484470220533,4.2192673281410186e-16,24.457521227258518,6.305756240364055e-16,300000000000000.0,50,52000000000000.0
992040.826,4857035500000.0,1.8595956e+32,23.144277911915204,5.935122655772485e-16,-12.563808527846097,16.36485857166962,4.196896230339826e-16,24.45754195537414,6.27232231011714e-16,300000000000000.0,50,52000000000000.0
993040.826,4844279600000.0,1.8452111e+32,23.14429752568862,5.903486131798575e-16,-12.563808530017363,16.364872441133915,4.174525132538634e-16,24.457562683489765,6.238888379870227e-16,300000000000000.0,50,52000000000000.0
994040.826,4831506000000.0,1.8310338e+32,23.14431713946204,5.871849607824664e-16,-12.56380853218863,16.36488631059821,4.1521540347374413e-16,24.457583411605388,6.205454449623312e-16,300000000000000.0,50,52000000000000.0
995040.826,4818761500000.0,1.8170669e+32,23.144336753235457,5.840213083850753e-16,-12.563808534359897,16.364900180062506,4.1297829369362486e-16,24.45760413972101,6.172020519376399e-16,300000000000000.0,50,52000000000000.0
996040.826,4806200600000.0,1.8033988e+32,23.144356367008875,5.808576559876843e-16,-12.563808536531164,16.3649140495268,4.1074118391350565e-16,24.457624867836632,6.138586589129484e-16,300000000000000.0,50,52000000000000.0
997040.826,4793989800000.0,1.7895652e+32,23.144375980782293,5.776940035902932e-16,-12.56380853870243,16.364927918991093,4.085040741333864e-16,24.457645595952258,6.105152658882571e-16,300000000000000.0,50,52000000000000.0
998040.826,4782153100000.0,1.7756134e+32,23.14439559455571,5.745303511929023e-16,-12.563808540873698,16.364941788455386,4.0626696435326713e-16,24.45766632406788,6.071718728635656e-16,300000000000000.0,50,52000000000000.0
999040.826,4770540800000.0,1.7616722e+32,23.14441520832913,5.713666987955112e-16,-12.563808543044964,16.36495565791968,4.0402985457314786e-16,24.457687052183502,6.038284798388742e-16,300000000000000.0,50,52000000000000.0
