t[yr],B[G],L[erg/s],P_fill[s],Pdot_fill[s/s],chi[rad],P_vac[s],Pdot_vac[s/s],P_vacObs[s],Pdot_vacObs[s/s],bpol,etor,btorAvg
0.0,10000000000000.0,2.6907994e+37,0.001,1.016740849168614e-10,1.0471975511965976,0.001,2.904973854767468e-11,0.001,6.488479166223694e-11,300000000000000.0,50,52000000000000.0
0.99999997765,9994147800000.0,1.5041118e+35,0.0025021508896889283,3.4613215526201646e-11,0.777621817253944,0.0016283663041729611,1.7821189233390846e-11,0.002166199822463465,2.992213580799481e-11,300000000000000.0,50,52000000000000.0
2.0119999776,9993462800000.0,1.3491999e+35,0.0034051569867332926,2.3634310396456863e-11,0.6712400132140943,0.0021235500285973364,1.3663549880796521e-11,0.002973981551697456,2.1791581625093343e-11,300000000000000.0,50,52000000000000.0
3.0299999776,9992729400000.0,1.29045e+35,0.004081867267329228,1.8840531573913098e-11,0.6070616972044461,0.0025255991212998316,1.1486881437262223e-11,0.003608483756106306,1.7957403111620067e-11,300000000000000.0,50,52000000000000.0
4.0669999776,9991943000000.0,1.2561644e+35,0.004650612465994615,1.600418495427329e-11,0.5608943179115009,0.0028779838000623807,1.0078818340155168e-11,0.004156374154112084,1.5587797584153142e-11,300000000000000.0,50,52000000000000.0
5.1019999776,9991132300000.0,1.2326248e+35,0.005142578943569102,1.411901353832121e-11,0.5256489703410674,0.0031911030891716183,9.08837751304236e-12,0.004639074795752472,1.3963589125553466e-11,300000000000000.0,50,52000000000000.0
6.1549999776,9990296300000.0,1.2141912e+35,0.005589263251811881,1.2733578582983233e-11,0.4968567737884242,0.0034808485744793048,8.33048601768916e-12,0.005083279613487367,1.2741269661446364e-11,300000000000000.0,50,52000000000000.0
7.2079999776,9989461500000.0,1.1986161e+35,0.005995661768189123,1.1677929592246168e-11,0.4729752167746628,0.0037482451096294027,7.734859435924919e-12,0.005491633465841731,1.1791792128047258e-11,300000000000000.0,50,52000000000000.0
8.2779999776,9988623500000.0,1.1842279e+35,0.006376524531414172,1.0829001564041625e-11,0.45237199619264595,0.004001647483404222,7.243869384616305e-12,0.005877504435375479,1.1015837633092969e-11,300000000000000.0,50,52000000000000.0
9.3209999776,9987820600000.0,1.1709655e+35,0.006722786011702236,1.0153232299498559e-11,0.43497866090547044,0.004234074666975084,6.845071715060058e-12,0.006230661457578697,1.0389703948358632e-11,300000000000000.0,50,52000000000000.0
19.407999978,9980176900000.0,1.048619e+35,0.009341103530752189,6.864232735899657e-12,0.33462639676387174,0.0060352428320411,4.794919971736043e-12,0.008952012817014311,7.220317737376294e-12,300000000000000.0,50,52000000000000.0
29.451999978,9972332100000.0,9.3674611e+34,0.011287900383433393,5.521711069823133e-12,0.28418134157090497,0.007403707428844473,3.90250765699542e-12,0.011009887528101059,5.861529413323085e-12,300000000000000.0,50,52000000000000.0
39.678999978,9964248400000.0,8.3818186e+34,0.012939020579287955,4.734789161210271e-12,0.25145423121458094,0.008573911620352823,3.3643894068413015e-12,0.012766378116882224,5.0468255162285575e-12,300000000000000.0,50,52000000000000.0
49.868999978,9956092900000.0,7.564586e+34,0.014377494946360717,4.211254587816002e-12,0.2282917134856104,0.009597473152395767,3.0006479927598616e-12,0.014301223095494545,4.4977930995355814e-12,300000000000000.0,50,52000000000000.0
60.234999978,9947822400000.0,6.8843685e+34,0.01569316737084582,3.8240211878902244e-12,0.21042706629394908,0.01053565020002003,2.728934775421108e-12,0.01570715225076054,4.088441468601949e-12,300000000000000.0,50,52000000000000.0
70.621999978,9939538600000.0,6.3140481e+34,0.016899919403148243,3.5260271874899968e-12,0.19625826022290999,0.011397190392927274,2.5184578081967735e-12,0.01699767917431392,3.7717560706518955e-12,300000000000000.0,50,52000000000000.0
81.170999978,9931218400000.0,5.8379163e+34,0.01803602425760683,3.2845027822480954e-12,0.18450844954627799,0.012208842580061843,2.3470852284807194e-12,0.01821309518422173,3.514150198773099e-12,300000000000000.0,50,52000000000000.0
91.458999978,9923196600000.0,5.4572204e+34,0.01907348498327238,3.090734355439756e-12,0.17491273770201365,0.012950292775478779,2.2091513121535386e-12,0.019323122895598267,3.306956355515116e-12,300000000000000.0,50,52000000000000.0
192.84099998,9851453800000.0,3.892112e+34,0.027133793114858088,2.1102568275599214e-12,0.12421193772922684,0.018710412220246816,1.5070131160465323e-12,0.02794141419901314,2.2539937178533323e-12,300000000000000.0,50,52000000000000.0
292.85899998,9791292700000.0,2.1906505e+34,0.033102078206148064,1.7003812196207738e-12,0.10209254095929343,0.02296975220032371,1.2126284295188398e-12,0.03431109560452054,1.8132186059718636e-12,300000000000000.0,50,52000000000000.0
394.71099998,9737740800000.0,1.3507448e+34,0.03816233512407082,1.4551487821090495e-12,0.08864985882143805,0.026576601813814865,1.0366262132658225e-12,0.03970398744898359,1.5498447844688208e-12,300000000000000.0,50,52000000000000.0
496.20499998,9690341100000.0,1.061556e+34,0.042559574276612624,1.2901820809656561e-12,0.07952677439296313,0.029707918625313818,9.183619860471914e-13,0.04438539722736798,1.3729246677838749e-12,300000000000000.0,50,52000000000000.0
599.45999998,9646601800000.0,9.1843807e+33,0.04656859200074952,1.1672706003517364e-12,0.07269319585378069,0.03256071233965499,8.303399825401966e-13,0.04865013645006278,1.2412706191662013e-12,300000000000000.0,50,52000000000000.0
702.90499998,9606240700000.0,8.3110268e+33,0.05023152507329959,1.072310569279215e-12,0.06739470867577921,0.0351657321076528,7.623987204031877e-13,0.052544299760273076,1.1396641855257354e-12,300000000000000.0,50,52000000000000.0
807.96599998,9568008500000.0,7.7196361e+33,0.053666675487228394,9.95167791013487e-13,0.06307931515618266,0.037607607835404136,7.072501545865491e-13,0.05619446750139704,1.0571969256802494e-12,300000000000000.0,50,52000000000000.0
910.42999998,9533072300000.0,7.3123289e+33,0.056793032403130515,9.33125331924636e-13,0.05960180220954925,0.03982912178396764,6.629276206227859e-13,0.059515154046598864,9.90923140122453e-13,300000000000000.0,50,52000000000000.0
1920.154,9261739600000.0,5.7701261e+33,0.08072323982281483,6.186159651112763e-13,0.04188406564652704,0.056813511218982884,4.3870984471869263e-13,0.0849016141122225,6.557129370644224e-13,300000000000000.0,50,52000000000000.0
2945.446,9057660200000.0,5.1257271e+33,0.09842799457067138,4.849239091527509e-13,0.03431539503535889,0.06936462288590596,3.4364761631979106e-13,0.10366072485059959,5.136151331221039e-13,300000000000000.0,50,52000000000000.0
3969.996,8891228100000.0,4.6449089e+33,0.11282561974037887,4.0753698399204913e-13,0.02991333174520445,0.07956562396909216,2.8868950986271327e-13,0.11890701990472345,4.3146907020856544e-13,300000000000000.0,50,52000000000000.0
4990.917,8749187900000.0,4.2304541e+33,0.12512695076681382,3.557656715008187e-13,0.02695587083082099,0.08827849045770865,2.5195017659293206e-13,0.13192903009706597,3.765562697121617e-13,300000000000000.0,50,52000000000000.0
6029.562,8622007900000.0,3.8436578e+33,0.13617787643012746,3.174163817100371e-13,0.024755424553976176,0.09610396527567361,2.2474943109128136e-13,0.1436246918146478,3.3590114594896415e-13,300000000000000.0,50,52000000000000.0
7070.126,8508366400000.0,3.4841283e+33,0.14614274961734808,2.879950943340026e-13,0.02305718909727584,0.10315922266691474,2.0388887775938234e-13,0.15416916703939373,3.04722664521027e-13,300000000000000.0,50,52000000000000.0
8126.921,8404418200000.0,3.1375287e+33,0.1553783327961676,2.642904912824224e-13,0.02167840670025853,0.10969731316670588,1.8708631035818156e-13,0.16394067457435738,2.796095301398778e-13,300000000000000.0,50,52000000000000.0
9157.61,8312636900000.0,2.8155244e+33,0.16369495291648054,2.453957856810632e-13,0.020570158371005193,0.11558426783129726,1.736960651863668e-13,0.17273900411669257,2.595965891130864e-13,300000000000000.0,50,52000000000000.0
10215.537,8225883700000.0,2.4991361e+33,0.17164476725881725,2.2915700138953195e-13,0.019611462436272414,0.12121112684409392,1.6219006207737488e-13,0.18114859155366062,2.423999096475741e-13,300000000000000.0,50,52000000000000.0
11215.537,8149349600000.0,2.2088489e+33,0.1786950680296389,2.160390552247903e-13,0.01883299349094098,0.12620098320633474,1.5289670529141806e-13,0.18860613852193492,2.285102728191857e-13,300000000000000.0,50,52000000000000.0
12215.537,8076728400000.0,1.9332047e+33,0.18535901335550517,2.045616680859192e-13,0.018151504294878752,0.13091714162753512,1.447666102003843e-13,0.19565462343878717,2.1635926196735072e-13,300000000000000.0,50,52000000000000.0
13215.537,8006710300000.0,1.6783708e+33,0.1916793615938546,1.9440059413308186e-13,0.01754930358912255,0.13538992128111602,1.3756973450827085e-13,0.20233936175171321,2.056030466347415e-13,300000000000000.0,50,52000000000000.0
14215.537,7938695400000.0,1.4471966e+33,0.19769476405405612,1.852998089821347e-13,0.017012077087923846,0.1396467227433425,1.311244719687089e-13,0.2087013064497222,1.9597019261313674e-13,300000000000000.0,50,52000000000000.0
15215.537,7873176700000.0,1.2416947e+33,0.20343768924053382,1.7710731949393525e-13,0.016528816492653222,0.14371055953877612,1.2532295906232233e-13,0.21477485344861294,1.8729948205901412e-13,300000000000000.0,50,52000000000000.0
16215.537,7810541700000.0,1.0618444e+33,0.2089339123668325,1.6971365853520474e-13,0.016091289291451302,0.14759969902550354,1.2008751352634762e-13,0.2205873049784294,1.7947480766207398e-13,300000000000000.0,50,52000000000000.0
17215.537,7750663200000.0,9.0687262e+32,0.21420742194103326,1.630033925810139e-13,0.01569262855979784,0.15133113894691538,1.153362817743295e-13,0.22616406558043753,1.723738299688503e-13,300000000000000.0,50,52000000000000.0
18215.537,7693472900000.0,7.7475393e+32,0.21927788017179392,1.568855294947793e-13,0.015327475215098148,0.15491881044268185,1.1100475003493655e-13,0.23152595645610155,1.6590012622116317e-13,300000000000000.0,50,52000000000000.0
19215.537,7636607000000.0,6.6400055e+32,0.22416255745223773,1.5120153620089228e-13,0.014991331409592775,0.15837494919880993,1.0698064489812994e-13,0.23669126478053623,1.5988589648398012e-13,300000000000000.0,50,52000000000000.0
20215.537,7577964200000.0,5.7298869e+32,0.22887128836972875,1.4584503249565712e-13,0.014681048577143235,0.16170652571447128,1.0318862732454038e-13,0.24167040860019712,1.5421854163190152e-13,300000000000000.0,50,52000000000000.0
21215.537,7527552700000.0,4.9580711e+32,0.2334197149589625,1.410903741097766e-13,0.014393196086496408,0.16492461918077775,9.982274032936813e-14,0.2464799465112232,1.4918806237556534e-13,300000000000000.0,50,52000000000000.0
22215.537,7478356000000.0,4.3102071e+32,0.23782396692641677,1.3666714474936325e-13,0.014124938181557373,0.16804065074805694,9.669160296563507e-14,0.2511369480729029,1.4450843213586837e-13,300000000000000.0,50,52000000000000.0
23215.537,7427613400000.0,3.781543e+32,0.24209040098797052,1.3244191820777398e-13,0.013874520849127799,0.17105912468130904,9.37007806517812e-14,0.2556481452725541,1.4003851439952882e-13,300000000000000.0,50,52000000000000.0
24215.537,7375724900000.0,3.3509752e+32,0.24622634006031793,1.2840265557595744e-13,0.013640083250572454,0.17398522922155596,9.084172302944216e-14,0.26002129232790433,1.3576552925940246e-13,300000000000000.0,50,52000000000000.0
25215.537,7322606700000.0,3.0087122e+32,0.2502401628397763,1.2453242031047235e-13,0.013419854962254677,0.176824898875194,8.810241847087309e-14,0.2642652587463558,1.316715239880243e-13,300000000000000.0,50,52000000000000.0
26215.537,7270929400000.0,2.7193699e+32,0.2541317971904023,1.2091525625202354e-13,0.013213184993165147,0.17957808591151025,8.554230980698676e-14,0.26837997330307256,1.2784533701953611e-13,300000000000000.0,50,52000000000000.0
27215.537,7223912400000.0,2.5044625e+32,0.257914541397547,1.1757813953943715e-13,0.013018213377635172,0.18225420449082633,8.318045269725958e-14,0.27237950591605353,1.2431544660973583e-13,300000000000000.0,50,52000000000000.0
28215.537,7172858400000.0,2.3780211e+32,0.26159497616547017,1.143077766716717e-13,0.012833879496014475,0.1848579139645401,8.086593551231886e-14,0.2762708202348893,1.2085631064717356e-13,300000000000000.0,50,52000000000000.0
29215.537,7126363100000.0,2.3356027e+32,0.2651743018410357,1.1130501933321312e-13,0.012659586791885431,0.18739006633025979,7.874083794819674e-14,0.28005518968315707,1.1768027068223034e-13,300000000000000.0,50,52000000000000.0
30215.537,7084769200000.0,2.3535504e+32,0.2686610343738238,1.0859558969071758e-13,0.012494336618687596,0.18985668921671203,7.682334055340608e-14,0.28374162281126625,1.1481449750632108e-13,300000000000000.0,50,52000000000000.0
31215.537,7052703100000.0,2.4735845e+32,0.2720665304582915,1.0625785780447638e-13,0.012337013506201661,0.19226581982483532,7.516886753469503e-14,0.28734213152542504,1.1234182351824548e-13,300000000000000.0,50,52000000000000.0
32215.537,7024381700000.0,2.5426202e+32,0.27540102816620726,1.0412415609405407e-13,0.012186730627944065,0.19462470304706717,7.365879416287302e-14,0.29086754357636363,1.1008496056030856e-13,300000000000000.0,50,52000000000000.0
33215.537,6997594800000.0,2.5803342e+32,0.2786703434108899,1.0211656056082911e-13,0.012042859768431185,0.1969374551490016,7.223798715965037e-14,0.2943240108910304,1.0796151025182556e-13,300000000000000.0,50,52000000000000.0
34215.537,6974383600000.0,2.6537177e+32,0.2818764010944545,1.002852773497752e-13,0.01190511811053326,0.1992054388663156,7.094195762933995e-14,0.2977135701460998,1.0602454467863978e-13,300000000000000.0,50,52000000000000.0
35215.537,6950717500000.0,2.5898042e+32,0.28502554877750513,9.845289473237341e-14,0.011772842469800274,0.20143314666034168,6.96451967099272e-14,0.3010429355046187,1.0408648744406238e-13,300000000000000.0,50,52000000000000.0
36215.537,6912580500000.0,2.3545045e+32,0.2881166061861652,9.633136373571322e-14,0.011645780998725683,0.20361974527483742,6.814393811847495e-14,0.3043108616947332,1.0184280468506708e-13,300000000000000.0,50,52000000000000.0
37215.537,6860642700000.0,2.4222681e+32,0.2911416737343658,9.395750039294259e-14,0.011523976099131377,0.20575964815900333,6.64642269650029e-14,0.30750899952423416,9.933242150235295e-14,300000000000000.0,50,52000000000000.0
38215.537,6813994500000.0,2.4254292e+32,0.29408892387204494,9.173856974391378e-14,0.011407869173182462,0.20784448875778783,6.489416064581076e-14,0.3106248449753681,9.698590663957828e-14,300000000000000.0,50,52000000000000.0
39215.537,6763536700000.0,2.25849e+32,0.2969686254130262,8.95520956761829e-14,0.011296596343688951,0.20988153371072518,6.334709292466665e-14,0.3136692582963139,9.467376491189257e-14,300000000000000.0,50,52000000000000.0
40215.537,6721817900000.0,2.2843121e+32,0.2997824304581165,8.759363123507673e-14,0.011189906373995296,0.21187195273985013,6.196135005728182e-14,0.31664398769658664,9.260272815220048e-14,300000000000000.0,50,52000000000000.0
41215.537,6682433500000.0,2.1925847e+32,0.3025332616906732,8.57328875282935e-14,0.01108761758154277,0.21381781365232436,6.064476600276839e-14,0.31955212357592067,9.063505189793212e-14,300000000000000.0,50,52000000000000.0
42215.537,6631519500000.0,2.1248494e+32,0.3052285012170359,8.374630955989957e-14,0.010989095663340784,0.21572434043972258,5.923919941194026e-14,0.3224014733755393,8.853438995730564e-14,300000000000000.0,50,52000000000000.0
43215.537,6589105600000.0,2.2134566e+32,0.30785904378024614,8.198472167124245e-14,0.010894700867685556,0.21758509213099192,5.799281291555096e-14,0.32518241090585515,8.66716273216459e-14,300000000000000.0,50,52000000000000.0
44215.537,6554030000000.0,2.1743112e+32,0.3104372493123024,8.040966641837586e-14,0.010803693537115766,0.21940881343680121,5.687839629013522e-14,0.32790800539398346,8.500609746786888e-14,300000000000000.0,50,52000000000000.0
45215.537,6518048300000.0,2.0563703e+32,0.3129672053505778,7.888341831047878e-14,0.010715833707978606,0.22119839626490168,5.5798525526579075e-14,0.33058257888028386,8.339219784612814e-14,300000000000000.0,50,52000000000000.0
46215.537,6479467000000.0,1.9328786e+32,0.3154465770063251,7.738394985661609e-14,0.010631182770105876,0.22295218910464099,5.4737619101646256e-14,0.3332036631466847,8.180664149605146e-14,300000000000000.0,50,52000000000000.0
47215.537,6449527600000.0,1.8857434e+32,0.317882581297241,7.605226565012527e-14,0.010549220988118103,0.22467529856559562,5.379541252569136e-14,0.3357788901860036,8.03984853274525e-14,300000000000000.0,50,52000000000000.0
48215.537,6422530700000.0,1.8224224e+32,0.32027704790010897,7.483967242748073e-14,0.010469891119374537,0.22636901882282187,5.293746139632624e-14,0.33831019417215186,7.911625134806074e-14,300000000000000.0,50,52000000000000.0
49215.537,6392743000000.0,1.7694703e+32,0.322631312252493,7.359771270139254e-14,0.010393112126227028,0.2280342946954661,5.20587540278343e-14,0.34079898716530704,7.78029971520229e-14,300000000000000.0,50,52000000000000.0
50215.537,6359691600000.0,1.7767251e+32,0.3249482863820181,7.23352231552675e-14,0.010318591983045057,0.22967318717062035,5.116553904216896e-14,0.34324834939098053,7.646806139002459e-14,300000000000000.0,50,52000000000000.0
51215.537,6327133400000.0,1.7380126e+32,0.32722716146967795,7.110190562526967e-14,0.010246295750851434,0.23128512449287483,5.029297208348063e-14,0.345657426357875,7.51639849581887e-14,300000000000000.0,50,52000000000000.0
52215.537,6297567800000.0,1.731333e+32,0.32946729424799986,6.9954061862851e-14,0.010176217244481455,0.23286965180045463,4.948087696665785e-14,0.34802553826918997,7.39502854348247e-14,300000000000000.0,50,52000000000000.0
53215.537,6269703600000.0,1.7181788e+32,0.3316691995659915,6.888493212209444e-14,0.0101083277616986,0.23442713332485735,4.872447156183661e-14,0.35035322947925573,7.28198157978388e-14,300000000000000.0,50,52000000000000.0
54215.537,6244785800000.0,1.7192654e+32,0.3338386249243772,6.787161916580334e-14,0.010042297943603421,0.2359616353880806,4.800755761401825e-14,0.35264657722335857,7.174836732562696e-14,300000000000000.0,50,52000000000000.0
55215.537,6216865000000.0,1.7024285e+32,0.3359768654903683,6.685639709265225e-14,0.00997804013380926,0.23747407438742507,4.728930316986163e-14,0.3549069510858989,7.067491572986442e-14,300000000000000.0,50,52000000000000.0
56215.537,6190014400000.0,1.7523056e+32,0.33808373196821834,6.587041835609719e-14,0.00991551389566085,0.23896431670212065,4.65917427758015e-14,0.35713415137538235,6.96323921180319e-14,300000000000000.0,50,52000000000000.0
57215.537,6165063300000.0,1.7233955e+32,0.34016003954861107,6.491202255168293e-14,0.00985465021636419,0.24043293920483866,4.5913701429289534e-14,0.35932904024836015,6.861904040647911e-14,300000000000000.0,50,52000000000000.0
58215.537,6134782600000.0,1.6833026e+32,0.3422064788643473,6.392304064828073e-14,0.009795385770372967,0.2418804306540634,4.5214034470945085e-14,0.36149234817243714,6.757336898083924e-14,300000000000000.0,50,52000000000000.0
59215.537,6107957100000.0,1.7291828e+32,0.3442219558806049,6.297637709813954e-14,0.009737710281025021,0.2433060174664102,4.454430841314515e-14,0.36362291901719984,6.657244512015804e-14,300000000000000.0,50,52000000000000.0
60215.537,6078527300000.0,1.7247251e+32,0.34620776648373625,6.201068668505944e-14,0.009681545703953555,0.24471061649435857,4.386113223037826e-14,0.36572212304570756,6.555141997235631e-14,300000000000000.0,50,52000000000000.0
61215.537,6044651000000.0,1.7612527e+32,0.34816321936952827,6.099744646850332e-14,0.009626872033030085,0.24609373900494905,4.3144331090872834e-14,0.3677892298424706,6.448014180688231e-14,300000000000000.0,50,52000000000000.0
62215.537,6017899600000.0,1.7870616e+32,0.35008677981084013,6.011486179010628e-14,0.009573692881595281,0.2474542996998183,4.2519951782994356e-14,0.3698226174119686,6.354699028341025e-14,300000000000000.0,50,52000000000000.0
63215.537,5991268000000.0,1.7924487e+32,0.3519825551124227,5.926752114608999e-14,0.009521856970699892,0.2487952039613983,4.192050758710154e-14,0.3718266279177997,6.265110500709157e-14,300000000000000.0,50,52000000000000.0
64215.537,5967217700000.0,1.8223179e+32,0.3538516516393896,5.848436500467472e-14,0.009471299933549913,0.250117234542482,4.136646780118156e-14,0.3738024312067086,6.182307777011658e-14,300000000000000.0,50,52000000000000.0
65215.537,5946220000000.0,1.8688163e+32,0.3556961102259233,5.77675150048829e-14,0.009421934758673247,0.2514218351394362,4.085933239935769e-14,0.3757521849194609,6.106515029748565e-14,300000000000000.0,50,52000000000000.0
66215.537,5925879800000.0,1.849428e+32,0.3575180512266139,5.707572391272477e-14,0.009373675458792259,0.25271050567495895,4.036992637760103e-14,0.3776781307277582,6.033371990299766e-14,300000000000000.0,50,52000000000000.0
67215.537,5904668900000.0,1.8065409e+32,0.3593183241702911,5.6373233580410724e-14,0.009326472363158457,0.25398384719249567,3.987295754648962e-14,0.3795811669084978,5.959098685960441e-14,300000000000000.0,50,52000000000000.0
68215.537,5880218400000.0,1.7846017e+32,0.3610966912851342,5.563836412548656e-14,0.009280305598898565,0.2552416916751656,3.935309159104773e-14,0.381461042361225,5.881403370363664e-14,300000000000000.0,50,52000000000000.0
69215.537,5854205000000.0,1.7722372e+32,0.36285227960907007,5.487811365315106e-14,0.009235172092063933,0.25648342183280814,3.881527828058475e-14,0.38331683453691834,5.801025797025423e-14,300000000000000.0,50,52000000000000.0
70215.537,5826283900000.0,1.7680478e+32,0.36458443039658284,5.411183111529348e-14,0.009191063318311682,0.25770857189125035,3.827320306854835e-14,0.38514784733041785,5.720011285840236e-14,300000000000000.0,50,52000000000000.0
71215.537,5799228300000.0,1.7688095e+32,0.36629307360926017,5.337937508095984e-14,0.00914795611078923,0.258917092467207,3.775505763023886e-14,0.386954006941534,5.642573141786532e-14,300000000000000.0,50,52000000000000.0
72215.537,5777677400000.0,1.7511769e+32,0.3679791087252868,5.272845298367393e-14,0.00910580388310895,0.26010961990887316,3.729458491073411e-14,0.3887362644101317,5.5737543183062145e-14,300000000000000.0,50,52000000000000.0
73215.537,5760498300000.0,1.7350038e+32,0.369644982241919,5.2166606610591454e-14,0.009064522880658198,0.26128788475718484,3.6897118593316373e-14,0.39049720607000304,5.5143519440369833e-14,300000000000000.0,50,52000000000000.0
74215.537,5741160800000.0,1.7343457e+32,0.3712901829674532,5.1580325561078554e-14,0.009024182949308748,0.26245152507619063,3.648237364290715e-14,0.3922362909906641,5.4523672521715746e-14,300000000000000.0,50,52000000000000.0
75215.537,5719087700000.0,1.7375948e+32,0.37291747849436524,5.0970449197057774e-14,0.008984623272421973,0.26360249896035126,3.605094311062885e-14,0.39395644560101917,5.387888873722318e-14,300000000000000.0,50,52000000000000.0
76215.537,5697264900000.0,1.7333059e+32,0.37452650022019607,5.036696845146242e-14,0.008945832475629193,0.2647405458278202,3.562403922709011e-14,0.395657280459439,5.324087020673961e-14,300000000000000.0,50,52000000000000.0
77215.537,5676020300000.0,1.7300237e+32,0.3761175777120892,4.979047758377059e-14,0.008907784796456873,0.26586589889067286,3.521622793034114e-14,0.3973391441092347,5.263138602403817e-14,300000000000000.0,50,52000000000000.0
78215.537,5657680500000.0,1.7178345e+32,0.37769152722861576,4.9245823377986937e-14,0.00887044372096283,0.2669791355876114,3.483093709340406e-14,0.3990028995474498,5.205555921127883e-14,300000000000000.0,50,52000000000000.0
79215.537,5637802200000.0,1.7072795e+32,0.37924667858343764,4.869824330025915e-14,0.008833887092058939,0.2680790743638814,3.4443579858964653e-14,0.4006467809094875,5.147664420558972e-14,300000000000000.0,50,52000000000000.0
80215.537,5615802700000.0,1.7010845e+32,0.3807831095745796,4.812653812431139e-14,0.008798090697785182,0.2691657703860818,3.403916223212069e-14,0.4022708706467254,5.087223216827322e-14,300000000000000.0,50,52000000000000.0
81215.537,5593168100000.0,1.695851e+32,0.3823031368129137,4.75391559624998e-14,0.008762936662852333,0.27024086257284013,3.362365898950212e-14,0.40387761816773426,5.025125251456688e-14,300000000000000.0,50,52000000000000.0
82215.537,5568023100000.0,1.6895003e+32,0.38380672305877467,4.6940099506200804e-14,0.00872841152357526,0.27130432467649723,3.319990111646045e-14,0.40546698424724326,4.9617936208997104e-14,300000000000000.0,50,52000000000000.0
83215.537,5542498400000.0,1.6886956e+32,0.38529183197908357,4.633295438196754e-14,0.00869457622097272,0.2723547163373194,3.277042489243843e-14,0.40703681623550586,4.897607377935135e-14,300000000000000.0,50,52000000000000.0
84215.537,5517842400000.0,1.6961108e+32,0.3867535115887575,4.576504556590173e-14,0.008661588240024904,0.2733885348075461,3.236870287868596e-14,0.40858187919631705,4.837569066958215e-14,300000000000000.0,50,52000000000000.0
85215.537,5496678000000.0,1.7142224e+32,0.38819951673468994,4.5236699827374514e-14,0.008629168282504988,0.27441126562309265,3.1994965046688133e-14,0.41011037139335393,4.7817130546580786e-14,300000000000000.0,50,52000000000000.0
86215.537,5477017200000.0,1.7391907e+32,0.38963093946157296,4.474044754681826e-14,0.00859728021731539,0.27542368124067146,3.1643928130407124e-14,0.41162344728097944,4.729249745679311e-14,300000000000000.0,50,52000000000000.0
87215.537,5457724100000.0,1.6958112e+32,0.3910446842841783,4.426220214204418e-14,0.008566047291362483,0.27642359193010674,3.1305629368997545e-14,0.413117834253484,4.67869018601507e-14,300000000000000.0,50,52000000000000.0
88215.537,5437525400000.0,1.6716894e+32,0.39244181881921547,4.378557088576788e-14,0.008535426097317228,0.2774117529202143,3.096847437198066e-14,0.41459466101909553,4.628301569829246e-14,300000000000000.0,50,52000000000000.0
89215.537,5417998700000.0,1.656766e+32,0.3938266634138247,4.331997426297298e-14,0.00850525112231338,0.2783912203565126,3.063912541355948e-14,0.4160584950615171,4.579079585971735e-14,300000000000000.0,50,52000000000000.0
90215.537,5399651500000.0,1.6428567e+32,0.3951979515274911,4.287280309061304e-14,0.008475564283582716,0.2793610983501806,3.0322809959400866e-14,0.41750799745425254,4.5318054901445644e-14,300000000000000.0,50,52000000000000.0
91215.537,5381694400000.0,1.6301158e+32,0.3965504899619767,4.244707916479144e-14,0.008446553078588319,0.28031771338404254,3.002166580432028e-14,0.41893767803858195,4.486798781578022e-14,300000000000000.0,50,52000000000000.0
92215.537,5364537500000.0,1.6199418e+32,0.3978925367995539,4.202866106568469e-14,0.008417919141905844,0.28126690698108503,2.97256900878451e-14,0.42035626710946894,4.4425645098382025e-14,300000000000000.0,50,52000000000000.0
93215.537,5347094700000.0,1.6096025e+32,0.39922381581595723,4.1616855445244336e-14,0.00838967225723768,0.2822084837493478,2.943439245036081e-14,0.42176347264901726,4.399029389756128e-14,300000000000000.0,50,52000000000000.0
94215.537,5329000200000.0,1.6015145e+32,0.40053650721181405,4.1191522111215014e-14,0.008362085389173324,0.2831369122513343,2.9133529194967004e-14,0.42315102779400166,4.354064674343106e-14,300000000000000.0,50,52000000000000.0
95215.537,5309066900000.0,1.5956839e+32,0.4018393943031922,4.0755241024626256e-14,0.008334834977901174,0.284058405589349,2.8824924016985394e-14,0.4245282181745494,4.307942915835484e-14,300000000000000.0,50,52000000000000.0
96215.537,5287724200000.0,1.5943416e+32,0.40313091863265427,4.030588222270541e-14,0.008307973311495749,0.2849718613820978,2.850707062872722e-14,0.4258933962562844,4.2604389969450107e-14,300000000000000.0,50,52000000000000.0
97215.537,5268174100000.0,1.6295339e+32,0.40440276585138546,3.987674003317312e-14,0.008281755731209262,0.28587139859510535,2.8203517826816976e-14,0.42723777270092755,4.21507233465246e-14,300000000000000.0,50,52000000000000.0
98215.537,5247803500000.0,1.6223699e+32,0.4056653956214231,3.943826456484436e-14,0.008255838633678085,0.28676441586443724,2.7893364861190923e-14,0.42857240494020954,4.168719267129301e-14,300000000000000.0,50,52000000000000.0
99215.537,5224872600000.0,1.6190642e+32,0.4069139864803024,3.897677492180133e-14,0.008230378619946813,0.2876475027417309,2.7566936185480396e-14,0.4298921959809291,4.119933765858353e-14,300000000000000.0,50,52000000000000.0
100215.537,5199696800000.0,1.6212392e+32,0.4081453776314826,3.8487571391279626e-14,0.008205450379052334,0.2885184236302718,2.7220908119668483e-14,0.43119380467726753,4.068219100877088e-14,300000000000000.0,50,52000000000000.0
101215.537,5173165900000.0,1.6186211e+32,0.4093676310202374,3.7993684145650756e-14,0.008180799895091953,0.28938288107319965,2.687156828393725e-14,0.43248575360926483,4.0160094874690863e-14,300000000000000.0,50,52000000000000.0
102215.537,5147899400000.0,1.6287881e+32,0.4105676028109043,3.7534493370870753e-14,0.008156804830183875,0.2902315781391505,2.6546769998312042e-14,0.43375414830827497,3.967467662767609e-14,300000000000000.0,50,52000000000000.0
103215.537,5127307000000.0,1.6438574e+32,0.41175613822298196,3.7094666492166907e-14,0.008133146841842869,0.291072185939455,2.6235668064737048e-14,0.4350104534202291,3.9209727876741994e-14,300000000000000.0,50,52000000000000.0
104215.537,5105076500000.0,1.6207988e+32,0.412932300664292,3.6675789332661996e-14,0.008109853535247773,0.29190404199666237,2.593938415788423e-14,0.43625367885787303,3.8766924989086015e-14,300000000000000.0,50,52000000000000.0
105215.537,5083238100000.0,1.6094045e+32,0.41409059742457205,3.6270475782562876e-14,0.008087090020429987,0.2927232611419398,2.5652694797960148e-14,0.43747801814961357,3.833846138144993e-14,300000000000000.0,50,52000000000000.0
106215.537,5062798200000.0,1.6139102e+32,0.41524229030353127,3.5861747949030585e-14,0.008064521622659589,0.2935378091758471,2.5363591222646785e-14,0.4386953763616534,3.790638969568758e-14,300000000000000.0,50,52000000000000.0
107215.537,5036226100000.0,1.6095626e+32,0.4163748465104903,3.54002705643933e-14,0.008042514995098764,0.2943388213253471,2.5037181645019865e-14,0.43989250489438747,3.7418563492602595e-14,300000000000000.0,50,52000000000000.0
108215.537,5010431300000.0,1.6075752e+32,0.4174977181887455,3.496701103843754e-14,0.008020774305135973,0.29513298346869526,2.4730730132797208e-14,0.4410793959441516,3.696056503142104e-14,300000000000000.0,50,52000000000000.0
109215.537,4988855700000.0,1.5909333e+32,0.41860515988084374,3.457870993866361e-14,0.007999457323293808,0.2959162317613718,2.445607703661798e-14,0.44224997600704785,3.6550089961283107e-14,300000000000000.0,50,52000000000000.0
110215.537,4973018700000.0,1.5819237e+32,0.41969903234622596,3.424730930288805e-14,0.007978523954159118,0.2966898822699254,2.422166823163524e-14,0.4434062119712764,3.619976080357794e-14,300000000000000.0,50,52000000000000.0
111215.537,4958045300000.0,1.5936494e+32,0.4207849982231808,3.394906372889946e-14,0.007957814110495481,0.2974579402911204,2.401070918202235e-14,0.44455408984061107,3.5884477782631866e-14,300000000000000.0,50,52000000000000.0
112215.537,4943279600000.0,1.5945903e+32,0.421856722995037,3.36737008341254e-14,0.007937535120193033,0.2982159251033258,2.3815935154433043e-14,0.4456869130736705,3.559338362367066e-14,300000000000000.0,50,52000000000000.0
113215.537,4930597100000.0,1.6087696e+32,0.4229253327511677,3.340378102225854e-14,0.007917350612854389,0.2989717065592331,2.3625011020211375e-14,0.44681644334139076,3.5308043212182564e-14,300000000000000.0,50,52000000000000.0
114215.537,4921851500000.0,1.637798e+32,0.4239790377913895,3.316882044125256e-14,0.007897623086659181,0.2997169453693437,2.3458813111993498e-14,0.44793021738800937,3.505965665976376e-14,300000000000000.0,50,52000000000000.0
115215.537,4907441200000.0,1.6272326e+32,0.4250300490595988,3.292487947603637e-14,0.00787798110457453,0.3004602787565455,2.3286264005734342e-14,0.44904114373677023,3.4801778122890603e-14,300000000000000.0,50,52000000000000.0
116215.537,4892028000000.0,1.5950291e+32,0.4260701146754689,3.264444835390124e-14,0.007858686715415166,0.3011958698045215,2.3087907962074225e-14,0.4501404989835323,3.4505330634611434e-14,300000000000000.0,50,52000000000000.0
117215.537,4877460200000.0,1.5926038e+32,0.42710477359420607,3.236825078555879e-14,0.007839549197870107,0.3019276365585162,2.2892546497592636e-14,0.45123413873847334,3.421335861326126e-14,300000000000000.0,50,52000000000000.0
118215.537,4863209200000.0,1.6002331e+32,0.42812829546194314,3.210077375460575e-14,0.007820734814232138,0.302651525793933,2.2703353453537663e-14,0.4523160053679114,3.3930605437023406e-14,300000000000000.0,50,52000000000000.0
119215.537,4848662500000.0,1.6035373e+32,0.4291449907310796,3.18344447652095e-14,0.0078021174711451246,0.30337058640924297,2.251497284180625e-14,0.4533906555181238,3.36490664688436e-14,300000000000000.0,50,52000000000000.0
120215.537,4833909900000.0,1.5994934e+32,0.43015247642113974,3.156966456754963e-14,0.007783765950122867,0.30408313286408944,2.2327688260494348e-14,0.45445557011187976,3.3369165555833e-14,300000000000000.0,50,52000000000000.0
121215.537,4819768800000.0,1.5873706e+32,0.4311519979331639,3.132109151691885e-14,0.007765640068460313,0.3047900460889507,2.215186672347322e-14,0.45551206571991343,3.310639639915711e-14,300000000000000.0,50,52000000000000.0
122215.537,4807566700000.0,1.5759269e+32,0.4321433509426994,3.108914141472596e-14,0.007747745615033411,0.30549118156086047,2.1987802320131737e-14,0.456559926349483,3.2861198521478745e-14,300000000000000.0,50,52000000000000.0
123215.537,4796730600000.0,1.5798535e+32,0.4331270889223328,3.086280644415652e-14,0.0077300727464933655,0.3061869307219839,2.1827709725145445e-14,0.45759973701851014,3.262193660145937e-14,300000000000000.0,50,52000000000000.0
124215.537,4784789300000.0,1.5841151e+32,0.4341040796890295,3.0641446698795344e-14,0.0077125962107890906,0.3068779074020685,2.1671136306979265e-14,0.45863241510912206,3.238793417100509e-14,300000000000000.0,50,52000000000000.0
125215.537,4772021700000.0,1.5690671e+32,0.4350736206971108,3.0431701543391814e-14,0.00769533559119128,0.30756361467705406,2.152277777191186e-14,0.4596572179574696,3.216620905489722e-14,300000000000000.0,50,52000000000000.0
126215.537,4761118300000.0,1.548169e+32,0.43603668204456686,3.023205854097243e-14,0.007678262771382114,0.3082447387220987,2.138156438842651e-14,0.46067517106747674,3.19551625170443e-14,300000000000000.0,50,52000000000000.0
127215.537,4754234100000.0,1.53026e+32,0.43699327070453603,3.008267614742125e-14,0.007661381108416702,0.3089212844443913,2.1275898076822473e-14,0.4616862817724501,3.17972417762819e-14,300000000000000.0,50,52000000000000.0
128215.537,4751077800000.0,1.523651e+32,0.4379435648678694,2.9982170705535013e-14,0.007644685339813155,0.30959337788357605,2.1204800238488026e-14,0.46269073844143715,3.169098429776458e-14,300000000000000.0,50,52000000000000.0
129215.537,4752689000000.0,1.4836234e+32,0.43889094481566465,2.9906318821694807e-14,0.0076281068437830685,0.3102634097983168,2.1151138747264952e-14,0.46369211411113576,3.1610785782384806e-14,300000000000000.0,50,52000000000000.0
130215.537,4756960100000.0,1.4632575e+32,0.43983470711291434,2.9861071385792604e-14,0.007611673927647062,0.3109308825766684,2.1119122398556504e-14,0.4646896650881817,3.156293635751652e-14,300000000000000.0,50,52000000000000.0
131215.537,4754126500000.0,1.4104154e+32,0.44077741803532167,2.976963936572897e-14,0.007595311034884221,0.31159761141930503,2.1054442368474926e-14,0.46568610423025797,3.1466270434499355e-14,300000000000000.0,50,52000000000000.0
132215.537,4743909200000.0,1.3626467e+32,0.4417181918664679,2.959311518749897e-14,0.007579077155731722,0.3122629696077144,2.0929581583447453e-14,0.4666804948871347,3.1279663219229915e-14,300000000000000.0,50,52000000000000.0
133215.537,4733485200000.0,1.3588202e+32,0.4426563186706058,2.940583925341671e-14,0.007562921361577848,0.312926455475439,2.0797116853985206e-14,0.4676720873191806,3.1081691766921746e-14,300000000000000.0,50,52000000000000.0
134215.537,4721048000000.0,1.3400453e+32,0.4435852439512221,2.9181188357137056e-14,0.007547037004379195,0.31358343283276086,2.0638219499033156e-14,0.46865395263793347,3.084421626192106e-14,300000000000000.0,50,52000000000000.0
135215.537,4706355300000.0,1.3102189e+32,0.44451324392417363,2.8947994732562686e-14,0.007531176997438059,0.3142397557126562,2.0473280416859396e-14,0.4696348398261353,3.059771128093822e-14,300000000000000.0,50,52000000000000.0
136215.537,4681318500000.0,1.2787343e+32,0.4454268450740683,2.858186669296915e-14,0.007515695907761622,0.3148858941911713,2.0214325295989813e-14,0.4706005062080396,3.0210697546052843e-14,300000000000000.0,50,52000000000000.0
137215.537,4654832300000.0,1.2630036e+32,0.446340446223963,2.8215738653375615e-14,0.007500214818085185,0.31553203266968644,1.9955370175120234e-14,0.47156617258994393,2.9823683811167474e-14,300000000000000.0,50,52000000000000.0
138215.537,4633345500000.0,1.2501231e+32,0.4472321644625131,2.7914856496255035e-14,0.007485221263179619,0.3161626937978229,1.9742560755308315e-14,0.47250870775453135,2.9505635738043415e-14,300000000000000.0,50,52000000000000.0
139215.537,4614017300000.0,1.2452397e+32,0.4481203846930932,2.7624403966769962e-14,0.007470305641255059,0.31679088085410817,1.9537127777668216e-14,0.47344754536803624,2.9198611903454326e-14,300000000000000.0,50,52000000000000.0
140215.537,4598322300000.0,1.2467379e+32,0.44899574995120456,2.7377021539138992e-14,0.007455686888908203,0.3174099757696695,1.9362156360420796e-14,0.4743727945891526,2.893711346934887e-14,300000000000000.0,50,52000000000000.0
141215.537,4583988400000.0,1.2397815e+32,0.4498635077998254,2.7155127450934727e-14,0.007441243820208152,0.31802369007179104,1.9205211707850783e-14,0.47529000237218205,2.870255638922475e-14,300000000000000.0,50,52000000000000.0
142215.537,4571272100000.0,1.2378078e+32,0.450725579230803,2.6964486993122095e-14,0.007426939785526218,0.3186333823972632,1.9070371140642976e-14,0.47620119922662124,2.850103429373855e-14,300000000000000.0,50,52000000000000.0
143215.537,4562842900000.0,1.238378e+32,0.45157745038940406,2.6829909167838893e-14,0.007412885149489145,0.3192358601177082,1.897518079005103e-14,0.4771016137022938,2.8358770216638174e-14,300000000000000.0,50,52000000000000.0
144215.537,4559179500000.0,1.2391259e+32,0.4524288248758913,2.669268730653594e-14,0.007398844830241995,0.31983798652921697,1.887812050232069e-14,0.4780015031390178,2.821371148351697e-14,300000000000000.0,50,52000000000000.0
145215.537,4550655200000.0,1.2402663e+32,0.4532709041143751,2.6505982154648194e-14,0.007385072450565503,0.32043353817319303,1.874606423038166e-14,0.47889156644074626,2.801635059757715e-14,300000000000000.0,50,52000000000000.0
146215.537,4536882500000.0,1.2390706e+32,0.4541129833528589,2.6319277002760445e-14,0.007371300070889011,0.3210290898171691,1.8614007958442628e-14,0.47978162974247474,2.781898971163733e-14,300000000000000.0,50,52000000000000.0
147215.537,4519236400000.0,1.2400232e+32,0.4549453160108851,2.6098363093319022e-14,0.007357770206451169,0.3216177477195084,1.8457758444687747e-14,0.48066139020180954,2.7585471577255976e-14,300000000000000.0,50,52000000000000.0
148215.537,4502531400000.0,1.2371624e+32,0.4557735895846005,2.5863202522529436e-14,0.007344341340492195,0.32220353463764523,1.8291433355328464e-14,0.4815368599146513,2.733689530833057e-14,300000000000000.0,50,52000000000000.0
149215.537,4488182200000.0,1.2281919e+32,0.4565961533336159,2.5651572547596195e-14,0.00733104177551079,0.32278528309346566,1.8141750219482358e-14,0.48240629406245183,2.7113190761303227e-14,300000000000000.0,50,52000000000000.0
150215.537,4475784400000.0,1.2217509e+32,0.4574067554570503,2.548923728697103e-14,0.007318013085724726,0.3233585712940784,1.8026930643784428e-14,0.4832630841847372,2.694159048026217e-14,300000000000000.0,50,52000000000000.0
151215.537,4468230300000.0,1.226937e+32,0.4582173575804846,2.5326902026345866e-14,0.007304984395938661,0.32393185949469117,1.7912111068086498e-14,0.4841198743070225,2.676999019922111e-14,300000000000000.0,50,52000000000000.0
152215.537,4464974200000.0,1.272878e+32,0.45901678377863725,2.52557128671706e-14,0.007292234396401524,0.3244972429739641,1.78617537746432e-14,0.48496485065630596,2.6694730033951445e-14,300000000000000.0,50,52000000000000.0
153215.537,4462660800000.0,1.2577835e+32,0.45981498859906866,2.5194484746108994e-14,0.007279514853945352,0.32506176257393454,1.781844133819562e-14,0.4858085359197254,2.662999854242435e-14,300000000000000.0,50,52000000000000.0
154215.537,4465282800000.0,1.3585932e+32,0.4606111003537417,2.5136726528671516e-14,0.007266876196820922,0.32562480155068685,1.7777583062179226e-14,0.4866500083556718,2.656893484325312e-14,300000000000000.0,50,52000000000000.0
155215.537,4467171700000.0,1.4749823e+32,0.4614045532231986,2.5083376235547937e-14,0.007254340290798264,0.3261859596466455,1.773984238094547e-14,0.48748866976944655,2.6512530452482084e-14,300000000000000.0,50,52000000000000.0
156215.537,4462292000000.0,1.472771e+32,0.4621980060926556,2.5030025942424356e-14,0.0072418043847756065,0.3267471177426041,1.7702101699711712e-14,0.4883273311832213,2.6456126061711047e-14,300000000000000.0,50,52000000000000.0
157215.537,4455223800000.0,1.4570159e+32,0.4629875059767222,2.494198111075003e-14,0.007229431498169701,0.3273054794460257,1.7639824114825443e-14,0.48916181331850267,2.636305081093077e-14,300000000000000.0,50,52000000000000.0
158215.537,4452605100000.0,1.4892049e+32,0.46377675095504833,2.4851699023895906e-14,0.007217069123766862,0.327863660825859,1.7575964283364183e-14,0.48999602595567715,2.6267610863142534e-14,300000000000000.0,50,52000000000000.0
159215.537,4449921900000.0,1.5494531e+32,0.46456311791577537,2.475682571729067e-14,0.007204793923106388,0.32841980647828245,1.7508857533872005e-14,0.4908271961526626,2.6167318338662556e-14,300000000000000.0,50,52000000000000.0
160215.537,4440760100000.0,1.5344981e+32,0.4653451262712368,2.4654999251473184e-14,0.007192650742462961,0.3289728691293336,1.743683349894329e-14,0.49165375873507616,2.6059676843722347e-14,300000000000000.0,50,52000000000000.0
161215.537,4435269500000.0,1.5152333e+32,0.46612713462669825,2.4553172785655697e-14,0.007180507561819534,0.3295259317803848,1.7364809464014573e-14,0.4924803213174897,2.595203534878214e-14,300000000000000.0,50,52000000000000.0
162215.537,4444296000000.0,1.6781504e+32,0.4669023857534241,2.4459434833210582e-14,0.00716855409950546,0.33007421489917416,1.7298506198425636e-14,0.49329974078443795,2.5852943659158022e-14,300000000000000.0,50,52000000000000.0
163215.537,4435113700000.0,1.6499113e+32,0.4676760993897084,2.4367537281983546e-14,0.007156643804313496,0.33062141051812377,1.7233504594882195e-14,0.49411753495909844,2.5755797329749524e-14,300000000000000.0,50,52000000000000.0
164215.537,4422241500000.0,1.4593923e+32,0.46844837083157437,2.4275493612479627e-14,0.007144775099526195,0.331167586034268,1.7168399719257838e-14,0.4949338045676289,2.565849665993974e-14,300000000000000.0,50,52000000000000.0
165215.537,4414356600000.0,1.3718168e+32,0.4692144767986341,2.4182825277851913e-14,0.007133084196420044,0.33170940054466547,1.710285334878024e-14,0.4957435565569357,2.5560536174890354e-14,300000000000000.0,50,52000000000000.0
166215.537,4410269200000.0,1.4767289e+32,0.4699805827656939,2.40901569432242e-14,0.007121393293313893,0.332251215055063,1.7037306978302644e-14,0.4965533085462425,2.5462575689840967e-14,300000000000000.0,50,52000000000000.0
167215.537,4413275500000.0,1.6427803e+32,0.4707426206104075,2.3985520000922124e-14,0.007109816939955979,0.3327901520922058,1.696329623395676e-14,0.4973587600888016,2.5351965043716914e-14,300000000000000.0,50,52000000000000.0
168215.537,4401603000000.0,1.5819632e+32,0.4715009303283721,2.386991473401644e-14,0.007098345562787119,0.33332645214252826,1.6881528530515922e-14,0.49816027059685164,2.5229761480795022e-14,300000000000000.0,50,52000000000000.0
169215.537,4392471000000.0,1.5837052e+32,0.4722592400463367,2.3754309467110754e-14,0.007086874185618258,0.3338627521928507,1.6799760827075083e-14,0.4989617811049017,2.5107557917873128e-14,300000000000000.0,50,52000000000000.0
170215.537,4392253200000.0,1.6935291e+32,0.4730095371938325,2.3672284253454408e-14,0.007075603894789418,0.33439338494527726,1.674174224514511e-14,0.4997548217163315,2.5020847870233257e-14,300000000000000.0,50,52000000000000.0
171215.537,4387046700000.0,1.6473461e+32,0.4737579627775594,2.3598102616496236e-14,0.007064380573395652,0.33492269393906093,1.6689270946142347e-14,0.50054588394246,2.4942428342782123e-14,300000000000000.0,50,52000000000000.0
172215.537,4382773800000.0,1.5968847e+32,0.4745060312788999,2.3523176840730788e-14,0.007053167964133961,0.3354517503558265,1.6636273387454844e-14,0.5013365686865977,2.486322231078762e-14,300000000000000.0,50,52000000000000.0
173215.537,4379158500000.0,1.608788e+32,0.475248011251613,2.3435562927426626e-14,0.007042138004942076,0.3359765001406654,1.6574302697416323e-14,0.5021208170732026,2.4770605772952607e-14,300000000000000.0,50,52000000000000.0
174215.537,4373993000000.0,1.6030682e+32,0.4759899912243261,2.3347949014122462e-14,0.007031108045750192,0.33650124992550423,1.6512332007377806e-14,0.5029050654598075,2.4677989235117593e-14,300000000000000.0,50,52000000000000.0
175215.537,4368142800000.0,1.556346e+32,0.4767299957713446,2.3257634628972952e-14,0.007020131750342614,0.337024602460879,1.6448451553237455e-14,0.5036872256268399,2.4582518521204015e-14,300000000000000.0,50,52000000000000.0
176215.537,4362891700000.0,1.5303397e+32,0.47746423919249076,2.3159444595421166e-14,0.007009311959842822,0.3375438800618941,1.6379001468507106e-14,0.5044632957162555,2.4478723896299977e-14,300000000000000.0,50,52000000000000.0
177215.537,4358299900000.0,1.5231837e+32,0.47819848261363695,2.3061254561869376e-14,0.00699849216934303,0.3380631576629092,1.6309551383776754e-14,0.5052393658056712,2.4374929271395936e-14,300000000000000.0,50,52000000000000.0
178215.537,4349067000000.0,1.4875667e+32,0.47892911568344004,2.2963823022845245e-14,0.0069877638163151215,0.33857988165234465,1.6240637869488524e-14,0.5060116194684102,2.4271936564523233e-14,300000000000000.0,50,52000000000000.0
179215.537,4341307800000.0,1.455881e+32,0.4796545476335054,2.2867484181036396e-14,0.006977167189314568,0.33909292687527587,1.6172497345652476e-14,0.5067783751365694,2.417009911133764e-14,300000000000000.0,50,52000000000000.0
180215.537,4339353100000.0,1.52336e+32,0.48037997958357076,2.2771145339227547e-14,0.006966570562314014,0.3396059720982071,1.6104356821816428e-14,0.5075451308047286,2.4068261658152045e-14,300000000000000.0,50,52000000000000.0
181215.537,4332154500000.0,1.4980543e+32,0.4811008617452991,2.267869037039261e-14,0.006956087703271602,0.34011579925296553,1.6038963247461202e-14,0.5083070770019821,2.397052957639673e-14,300000000000000.0,50,52000000000000.0
182215.537,4327258500000.0,1.4941318e+32,0.4818175077378566,2.258985155724167e-14,0.006945710770105566,0.3406226301625861,1.5976127273997004e-14,0.5090645452475441,2.3876619880783353e-14,300000000000000.0,50,52000000000000.0
183215.537,4322555500000.0,1.5535521e+32,0.4825341537304141,2.2501012744090726e-14,0.00693533383693953,0.34112946107220665,1.5913291300532805e-14,0.5098220134931062,2.3782710185169972e-14,300000000000000.0,50,52000000000000.0
184215.537,4317285100000.0,1.5439253e+32,0.48324603298147223,2.241121839561193e-14,0.006925077727382535,0.34163292045049154,1.5849779731264882e-14,0.5105744429135489,2.3687790803516147e-14,300000000000000.0,50,52000000000000.0
185215.537,4312585500000.0,1.5601359e+32,0.48395444523512166,2.232072905695879e-14,0.006914909496545107,0.342133927610546,1.5785776780431322e-14,0.5113232074418146,2.3592137046212533e-14,300000000000000.0,50,52000000000000.0
186215.537,4306773300000.0,1.5867745e+32,0.4846628574887711,2.223023971830565e-14,0.006904741265707679,0.3426349347706005,1.5721773829597762e-14,0.5120719719700803,2.3496483288908918e-14,300000000000000.0,50,52000000000000.0
187215.537,4299157300000.0,1.5884134e+32,0.4853662222788599,2.2128695839747057e-14,0.0068946973905855205,0.34313237186851386,1.5649953032898223e-14,0.512815400965325,2.3389145620404513e-14,300000000000000.0,50,52000000000000.0
188215.537,4291772900000.0,1.5932629e+32,0.4860661114160339,2.201953987179276e-14,0.006884739146057635,0.34362735064320443,1.55727489147649e-14,0.5135551559447648,2.3273762481232626e-14,300000000000000.0,50,52000000000000.0
189215.537,4284591100000.0,1.6097616e+32,0.4867660005532079,2.1910383903838463e-14,0.006874780901529748,0.34412232941789506,1.5495544796631574e-14,0.5142949109242047,2.3158379342060736e-14,300000000000000.0,50,52000000000000.0
190215.537,4275964400000.0,1.6128005e+32,0.4874600707733468,2.1798088866202147e-14,0.00686495309891768,0.34461319257374584,1.5416120856268145e-14,0.5150285150268149,2.3039678642256142e-14,300000000000000.0,50,52000000000000.0
191215.537,4267192000000.0,1.6125154e+32,0.48814951138133134,2.1683296340619942e-14,0.006855229077726667,0.3451007812854195,1.5334930794147865e-14,0.5157572254053941,2.291833844459733e-14,300000000000000.0,50,52000000000000.0
192215.537,4259386900000.0,1.6078507e+32,0.4888389519893159,2.156850381503774e-14,0.0068455050565356555,0.3455883699970931,1.525374073202759e-14,0.5164859357839733,2.2796998246938517e-14,300000000000000.0,50,52000000000000.0
193215.537,4251491100000.0,1.6049783e+32,0.4895231190913497,2.1458068795395884e-14,0.006835894689389939,0.3460722288816411,1.5175632566515883e-14,0.5172090718601215,2.268026400494666e-14,300000000000000.0,50,52000000000000.0
194215.537,4243631500000.0,1.597455e+32,0.49020139291954073,2.1352503396840665e-14,0.006826411333461907,0.34655191959176346,1.5100968496988763e-14,0.5179259785148913,2.256867703278001e-14,300000000000000.0,50,52000000000000.0
195215.537,4236306500000.0,1.608691e+32,0.49087966674773176,2.1246937998285446e-14,0.006816927977533875,0.3470316103018858,1.5026304427461642e-14,0.5186428851696611,2.2457090060613358e-14,300000000000000.0,50,52000000000000.0
196215.537,4229088000000.0,1.6119952e+32,0.49155441922763954,2.1147356947007372e-14,0.006807521121654135,0.3475088104403185,1.4955872727825215e-14,0.5193560696143293,2.2351828446162972e-14,300000000000000.0,50,52000000000000.0
197215.537,4222579600000.0,1.6224663e+32,0.4922222568508999,2.1059527333025987e-14,0.006798264488593871,0.34798111985371666,1.489375211494286e-14,0.520061944770852,2.2258987909758254e-14,300000000000000.0,50,52000000000000.0
198215.537,4216705300000.0,1.6265871e+32,0.4928900944741602,2.09716977190446e-14,0.006789007855533607,0.34845342926711487,1.4831631502060506e-14,0.5207678199273745,2.2166147373353536e-14,300000000000000.0,50,52000000000000.0
199215.537,4211828200000.0,1.6335827e+32,0.4935565943888385,2.088471144752676e-14,0.006779781703587789,0.34892479253862296,1.477010736136124e-14,0.5214722810553402,2.2074198276673818e-14,300000000000000.0,50,52000000000000.0
200215.537,4206827900000.0,1.633498e+32,0.49421560794815256,2.0802444859698263e-14,0.00677072613622048,0.3493908608194964,1.4711921318949868e-14,0.5221688287106602,2.198723803530731e-14,300000000000000.0,50,52000000000000.0
201215.537,4200861200000.0,1.6129412e+32,0.49487462150746664,2.0720178271869765e-14,0.0067616705688531694,0.3498569291003698,1.4653735276538496e-14,0.5228653763659801,2.1900277793940807e-14,300000000000000.0,50,52000000000000.0
202215.537,4195276600000.0,1.582141e+32,0.4955336350667807,2.0637911684041266e-14,0.00675261500148586,0.35032299738124323,1.4595549234127122e-14,0.5235619240213,2.18133175525743e-14,300000000000000.0,50,52000000000000.0
203215.537,4188290800000.0,1.5698149e+32,0.4961849717083896,2.0565518206928673e-14,0.006743735271618806,0.3507836358822878,1.4544345891707892e-14,0.5242503567585929,2.1736793090844222e-14,300000000000000.0,50,52000000000000.0
204215.537,4183927800000.0,1.5623431e+32,0.49683558568282615,2.0494054135767492e-14,0.006734872094226846,0.3512437632506374,1.4493799866229228e-14,0.5249380255975232,2.1661251001942808e-14,300000000000000.0,50,52000000000000.0
205215.537,4182018500000.0,1.4667255e+32,0.4974861996572627,2.0422590064606314e-14,0.006726008916834886,0.351703890618987,1.444325384075056e-14,0.5256256944364536,2.1585708913041397e-14,300000000000000.0,50,52000000000000.0
206215.537,4175862200000.0,1.3453978e+32,0.4981321889143325,2.035352589290922e-14,0.006717255742461411,0.3521607469578801,1.4394405216577935e-14,0.526308474653664,2.1512703625174928e-14,300000000000000.0,50,52000000000000.0
207215.537,4168656900000.0,1.3401304e+32,0.49877538758822443,2.0285909835451695e-14,0.00670856894459239,0.35261562953728653,1.4346580814893934e-14,0.5269883050461713,2.1441229058806025e-14,300000000000000.0,50,52000000000000.0
208215.537,4166412700000.0,1.2815382e+32,0.49941858626211644,2.0218293777994175e-14,0.006699882146723369,0.353070512116693,1.429875641320993e-14,0.5276681354386786,2.1369754492437122e-14,300000000000000.0,50,52000000000000.0
209215.537,4165064200000.0,1.2549614e+32,0.5000597894522559,2.0147452213945426e-14,0.006691242984754766,0.35352398330330137,1.4248650938847543e-14,0.5283458564751946,2.1294870822579487e-14,300000000000000.0,50,52000000000000.0
210215.537,4160493500000.0,1.2211345e+32,0.5006958579950569,2.0068310988817964e-14,0.006682726396347083,0.3539738227869377,1.4192675958535923e-14,0.5290181498558286,2.1211215072201016e-14,300000000000000.0,50,52000000000000.0
211215.537,4154705600000.0,1.1892226e+32,0.5013319265378579,1.9989169763690503e-14,0.0066742098079394,0.35442366227057404,1.4136700978224303e-14,0.5296904432364626,2.112755932182254e-14,300000000000000.0,50,52000000000000.0
212215.537,4147456300000.0,1.1614158e+32,0.5019679950806588,1.991002853856304e-14,0.006665693219531716,0.3548735017542104,1.4080725997912684e-14,0.5303627366170967,2.1043903571444067e-14,300000000000000.0,50,52000000000000.0
213215.537,4139496300000.0,1.1418159e+32,0.5025965859582019,1.982757635422817e-14,0.006657340540413733,0.35531805243716275,1.4022409671001779e-14,0.5310271257771777,2.095674864091499e-14,300000000000000.0,50,52000000000000.0
214215.537,4134338300000.0,1.1292573e+32,0.5032241733049013,1.9744679826696315e-14,0.006649009858539823,0.355761893343142,1.3963779126558128e-14,0.531690454161088,2.0869124107229377e-14,300000000000000.0,50,52000000000000.0
215215.537,4128980900000.0,1.1166623e+32,0.5038517606516006,1.966178329916446e-14,0.006640679176665913,0.3562057342491213,1.3905148582114477e-14,0.5323537825449982,2.0781499573543766e-14,300000000000000.0,50,52000000000000.0
216215.537,4122820800000.0,1.1162943e+32,0.5044754820120989,1.9582841285327275e-14,0.006632430036240476,0.35664684084423687,1.384931484237558e-14,0.533013024446058,2.069805491829882e-14,300000000000000.0,50,52000000000000.0
217215.537,4117550800000.0,1.1164794e+32,0.5050940412384324,1.9509179613732822e-14,0.006624289775638993,0.35708429639695566,1.3797215591164838e-14,0.5336668097904625,2.062019152800928e-14,300000000000000.0,50,52000000000000.0
218215.537,4112378600000.0,1.1115507e+32,0.5057126004647658,1.943551794213837e-14,0.006616149515037511,0.35752175194967445,1.3745116339954098e-14,0.5343205951348671,2.0542328137719738e-14,300000000000000.0,50,52000000000000.0
219215.537,4107311600000.0,1.1148792e+32,0.5063311596910993,1.936185627054392e-14,0.006608009254436029,0.35795920750239324,1.3693017088743356e-14,0.5349743804792716,2.0464464747430195e-14,300000000000000.0,50,52000000000000.0
220215.537,4103419200000.0,1.1198544e+32,0.5069422298087263,1.9294075239616002e-14,0.00660003081290129,0.35839136617618705,1.3645076926218731e-14,0.5356202495304191,2.0392817196231633e-14,300000000000000.0,50,52000000000000.0
221215.537,4099213100000.0,1.1579177e+32,0.5075526361890821,1.922681539225498e-14,0.006592066712905711,0.3588230554034685,1.3597505371265863e-14,0.5362654169842085,2.0321720536232238e-14,300000000000000.0,50,52000000000000.0
222215.537,4094069300000.0,1.1024031e+32,0.5081630425694378,1.9159555544893956e-14,0.00658410261291013,0.3592547446307499,1.3549933816312992e-14,0.5369105844379979,2.0250623876232842e-14,300000000000000.0,50,52000000000000.0
223215.537,4088145000000.0,1.0476313e+32,0.5087707868557108,1.9091902738877406e-14,0.0065761969400198305,0.35968455101172825,1.3502084429033534e-14,0.537552937939551,2.0179111992512455e-14,300000000000000.0,50,52000000000000.0
224215.537,4083278300000.0,1.0687051e+32,0.5093736278654036,1.902352614740751e-14,0.0065683988832573054,0.3601108894025099,1.3453723305993518e-14,0.5381901084589598,2.0106835313603282e-14,300000000000000.0,50,52000000000000.0
225215.537,4078167100000.0,1.0767035e+32,0.5099764688750965,1.8955149555937617e-14,0.0065606008264947795,0.3605372277932915,1.3405362182953502e-14,0.5388272789783686,2.0034558634694113e-14,300000000000000.0,50,52000000000000.0
226215.537,4073447300000.0,1.0742999e+32,0.5105793098847894,1.8886772964467723e-14,0.0065528027697322536,0.36096356618407316,1.3357001059913484e-14,0.5394644494977774,1.996228195578494e-14,300000000000000.0,50,52000000000000.0
227215.537,4069421600000.0,1.0850265e+32,0.5111764673650895,1.8820048064941077e-14,0.006545126118016691,0.36138588475084255,1.3309808188106605e-14,0.5400956123086976,1.9891751253267386e-14,300000000000000.0,50,52000000000000.0
228215.537,4063520500000.0,1.0957244e+32,0.5117714923046579,1.8753942903626655e-14,0.006537495019194372,0.3618066950227044,1.32630536607099e-14,0.5407245209422977,1.9821875665822558e-14,300000000000000.0,50,52000000000000.0
229215.537,4059128800000.0,1.1061795e+32,0.5123665172442264,1.8687837742312235e-14,0.0065298639203720515,0.36222750529456627,1.3216299133313195e-14,0.5413534295758978,1.9752000078377727e-14,300000000000000.0,50,52000000000000.0
230215.537,4054454900000.0,1.1224025e+32,0.5129612082362697,1.862179936069643e-14,0.0065222399035976,0.3626480793736951,1.3169591842107327e-14,0.5419819852146782,1.968219508648782e-14,300000000000000.0,50,52000000000000.0
231215.537,4049292300000.0,1.1328551e+32,0.513548553851073,1.8557229838830178e-14,0.006514771660737594,0.3630634582512002,1.3123923539409595e-14,0.5426027765194879,1.9613942886408354e-14,300000000000000.0,50,52000000000000.0
232215.537,4044643800000.0,1.1437164e+32,0.5141358994658765,1.849266031696393e-14,0.006507303417877588,0.36347883712870527,1.3078255236711862e-14,0.5432235678242975,1.9545690686328888e-14,300000000000000.0,50,52000000000000.0
233215.537,4040073100000.0,1.1539237e+32,0.5147232450806798,1.8428090795097677e-14,0.006499835175017582,0.3638942160062103,1.303258693401413e-14,0.5438443591291071,1.9477438486249422e-14,300000000000000.0,50,52000000000000.0
234215.537,4035520300000.0,1.1660458e+32,0.5153083045686275,1.8361841606410154e-14,0.00649241487066167,0.3643079779670923,1.2985730808709569e-14,0.5444627339193902,1.94074110650746e-14,300000000000000.0,50,52000000000000.0
235215.537,4030848800000.0,1.1794631e+32,0.5158880272539595,1.8291671353472342e-14,0.006485106475377386,0.36471796534965545,1.2936101794936696e-14,0.5450754675261955,1.933323951490632e-14,300000000000000.0,50,52000000000000.0
236215.537,4026101400000.0,1.1914865e+32,0.5164677499392915,1.822150110053453e-14,0.006477798080093103,0.36512795273221854,1.288647278116382e-14,0.5456882011330009,1.9259067964738046e-14,300000000000000.0,50,52000000000000.0
237215.537,4020786100000.0,1.2052127e+32,0.5170474726246235,1.8151330847596718e-14,0.006470489684808819,0.3655379401147817,1.2836843767390947e-14,0.5463009347398062,1.918489641456977e-14,300000000000000.0,50,52000000000000.0
238215.537,4011373300000.0,1.1571697e+32,0.5176230243522283,1.8070111604518577e-14,0.006463264292586335,0.36594497752196614,1.2779400882922948e-14,0.5469092595496164,1.9099046895188182e-14,300000000000000.0,50,52000000000000.0
239215.537,4002008400000.0,1.1322245e+32,0.5181943281629937,1.797763950433939e-14,0.006456123434930496,0.3663490105232306,1.2713999952586365e-14,0.5475130942149027,1.9001303934223354e-14,300000000000000.0,50,52000000000000.0
240215.537,3994498200000.0,1.1341807e+32,0.518765631973759,1.7885167404160202e-14,0.006448982577274657,0.36675304352449506,1.264859902224978e-14,0.5481169288801888,1.8903560973258527e-14,300000000000000.0,50,52000000000000.0
241215.537,3987273000000.0,1.1423265e+32,0.5193369357845243,1.7792695303981015e-14,0.006441841719618818,0.36715707652575946,1.2583198091913198e-14,0.548720763545475,1.8805818012293696e-14,300000000000000.0,50,52000000000000.0
242215.537,3980308800000.0,1.1489301e+32,0.519901146684407,1.7711007224130207e-14,0.0064348269570630445,0.3675560930629269,1.2525423892842697e-14,0.5493171010077109,1.8719473343176022e-14,300000000000000.0,50,52000000000000.0
243215.537,3973941800000.0,1.1566453e+32,0.5204611754475719,1.7635677640547952e-14,0.006427886542959782,0.36795215178220536,1.2472146582763494e-14,0.5499090179536487,1.8639849358364485e-14,300000000000000.0,50,52000000000000.0
244215.537,3967613200000.0,1.1615931e+32,0.5210212042107366,1.7560348056965697e-14,0.00642094612885652,0.3683482105014838,1.2418869272684292e-14,0.5505009348995865,1.8560225373552945e-14,300000000000000.0,50,52000000000000.0
245215.537,3961510700000.0,1.1638349e+32,0.5215812329739015,1.748501847338344e-14,0.006414005714753258,0.36874426922076226,1.2365591962605089e-14,0.5510928518455243,1.8480601388741405e-14,300000000000000.0,50,52000000000000.0
246215.537,3955486500000.0,1.165015e+32,0.522134729174762,1.7412582731887582e-14,0.006407186542266579,0.3691357077452786,1.231436135108024e-14,0.5516778638197768,1.840403623538621e-14,300000000000000.0,50,52000000000000.0
247215.537,3949498400000.0,1.1628624e+32,0.5226854236778917,1.7341388106883062e-14,0.006400419368114739,0.3695251647518885,1.2264008531519419e-14,0.5522599143766558,1.8328782959476762e-14,300000000000000.0,50,52000000000000.0
248215.537,3943423000000.0,1.1566743e+32,0.5232361181810214,1.727019348187854e-14,0.006393652193962899,0.36991462175849843,1.22136557119586e-14,0.5528419649335348,1.8253529683567314e-14,300000000000000.0,50,52000000000000.0
249215.537,3937354900000.0,1.1492443e+32,0.5237868126841512,1.719899885687402e-14,0.00638688501981106,0.3703040787651084,1.216330289239778e-14,0.5534240154904138,1.8178276407657866e-14,300000000000000.0,50,52000000000000.0
250215.537,3931392700000.0,1.138999e+32,0.5243311712773844,1.713476456251188e-14,0.006380235189961752,0.3706890546619751,1.2117872619391955e-14,0.5539993689409374,1.811037996980389e-14,300000000000000.0,50,52000000000000.0
251215.537,3925572800000.0,1.1280005e+32,0.5248729004108484,1.7073418868161905e-14,0.006373634059056665,0.37107217085787014,1.2074485247617297e-14,0.5545719430319028,1.8045536686115775e-14,300000000000000.0,50,52000000000000.0
252215.537,3921002900000.0,1.0852192e+32,0.5254146295443124,1.701207317381193e-14,0.006367032928151579,0.3714552870537652,1.203109787584264e-14,0.5551445171228683,1.798069340242766e-14,300000000000000.0,50,52000000000000.0
253215.537,3916857200000.0,1.04687e+32,0.5259563586777765,1.6950727479461954e-14,0.006360431797246493,0.3718384032496602,1.1987710504067984e-14,0.5557170912138337,1.7915850118739546e-14,300000000000000.0,50,52000000000000.0
254215.537,3912064700000.0,1.0181197e+32,0.5264929956108796,1.6884747805313994e-14,0.0063539279740645275,0.3722179179346008,1.1941046052539915e-14,0.5562842827755754,1.7846109182769982e-14,300000000000000.0,50,52000000000000.0
255215.537,3906707300000.0,9.9123841e+31,0.5270268739835167,1.681625779917478e-14,0.006347476864683872,0.37259548159934713,1.1892606332559776e-14,0.5568485584991187,1.7773715077442727e-14,300000000000000.0,50,52000000000000.0
256215.537,3900849700000.0,9.652304e+31,0.5275607523561536,1.6747767793035563e-14,0.006341025755303216,0.3729730452640935,1.1844166612579637e-14,0.5574128342226622,1.770132097211547e-14,300000000000000.0,50,52000000000000.0
257215.537,3894029100000.0,9.3770206e+31,0.5280946307287906,1.6679277786896347e-14,0.006334574645922561,0.37335060892883976,1.1795726892599499e-14,0.5579771099462056,1.7628926866788215e-14,300000000000000.0,50,52000000000000.0
258215.537,3886584500000.0,9.1278355e+31,0.5286238367087774,1.6604454043970122e-14,0.006328207724737072,0.37372486803275495,1.174280800058628e-14,0.5585364469391996,1.7549838560317702e-14,300000000000000.0,50,52000000000000.0
259215.537,3878995900000.0,8.896609e+31,0.5291488074644985,1.6523889174871273e-14,0.006321917114750953,0.37409613176422024,1.1685829026404262e-14,0.5590913072897044,1.7464682389854613e-14,300000000000000.0,50,52000000000000.0
260215.537,3871361800000.0,8.6858115e+31,0.5296737782202198,1.6443324305772425e-14,0.006315626504764834,0.3744673954956856,1.1628850052222244e-14,0.5596461676402091,1.7379526219391527e-14,300000000000000.0,50,52000000000000.0
261215.537,3863786900000.0,8.5005394e+31,0.5301987489759409,1.6362759436673576e-14,0.006309335894778715,0.37483865922715087,1.1571871078040227e-14,0.5602010279907138,1.729437004892844e-14,300000000000000.0,50,52000000000000.0
262215.537,3856367000000.0,8.3361278e+31,0.5307201697742167,1.628999316482483e-14,0.006303104862794952,0.37520741227454396,1.152040739405689e-14,0.5607521360756873,1.7217456580583153e-14,300000000000000.0,50,52000000000000.0
263215.537,3849077500000.0,8.2011802e+31,0.5312344920725369,1.623282097912635e-14,0.006296992963069419,0.3755711449544962,1.1479972092197114e-14,0.5612957411251689,1.7157025231113048e-14,300000000000000.0,50,52000000000000.0
264215.537,3842499300000.0,8.1103421e+31,0.5317488143708572,1.617564879342787e-14,0.006290881063343886,0.3759348776344485,1.1439536790337339e-14,0.5618393461746505,1.7096593881642944e-14,300000000000000.0,50,52000000000000.0
265215.537,3839427800000.0,8.1115419e+31,0.5322631366691775,1.611847660772939e-14,0.006284769163618352,0.3762986103144008,1.1399101488477563e-14,0.5623829512241321,1.7036162532172842e-14,300000000000000.0,50,52000000000000.0
266215.537,3837694700000.0,8.239619e+31,0.5327768903014558,1.6058388484315864e-14,0.006278667687781695,0.37666194080257426,1.1356604028356852e-14,0.5629259551901342,1.697264925035022e-14,300000000000000.0,50,52000000000000.0
267215.537,3833581000000.0,8.7558593e+31,0.5332835331084615,1.5961838321553986e-14,0.006272696556377434,0.377020242125554,1.1288320525117056e-14,0.5634614429703928,1.687059826652982e-14,300000000000000.0,50,52000000000000.0
268215.537,3821219500000.0,8.663851e+31,0.5337901759154674,1.5865288158792108e-14,0.006266725424973174,0.3773785434485337,1.1220037021877258e-14,0.5639969307506515,1.6768547282709422e-14,300000000000000.0,50,52000000000000.0
269215.537,3808055500000.0,8.4863442e+31,0.5342968187224731,1.576873799603023e-14,0.0062607542935689126,0.3777368447715134,1.1151753518637462e-14,0.5645324185309101,1.666649629888902e-14,300000000000000.0,50,52000000000000.0
270215.537,3797644900000.0,8.5221207e+31,0.5348034615294789,1.5672187833268355e-14,0.006254783162164651,0.37809514609449313,1.1083470015397666e-14,0.5650679063111688,1.656444531506862e-14,300000000000000.0,50,52000000000000.0
271215.537,3788685400000.0,8.5139872e+31,0.5353002795230662,1.558709944879019e-14,0.006248963366739358,0.3784464989809327,1.1023292516005431e-14,0.5655930095219298,1.6474508903574588e-14,300000000000000.0,50,52000000000000.0
272215.537,3780656700000.0,8.4508015e+31,0.5357937425751694,1.5505924990593263e-14,0.006243195248972689,0.3787954791405829,1.0965883025268525e-14,0.5661145666477406,1.6388709332092675e-14,300000000000000.0,50,52000000000000.0
273215.537,3772846100000.0,8.3737609e+31,0.5362872056272726,1.5424750532396336e-14,0.00623742713120602,0.37914445930023316,1.090847353453162e-14,0.5666361237735514,1.6302909760610762e-14,300000000000000.0,50,52000000000000.0
274215.537,3764832500000.0,8.294613e+31,0.5367806686793758,1.534357607419941e-14,0.006231659013439351,0.37949343945988334,1.0851064043794715e-14,0.5671576808993621,1.621711018912885e-14,300000000000000.0,50,52000000000000.0
275215.537,3756540900000.0,8.2038856e+31,0.537270230404999,1.5264912756679128e-14,0.006225952281130514,0.379839660461402,1.0795430510369712e-14,0.5676751144110753,1.613396481925463e-14,300000000000000.0,50,52000000000000.0
276215.537,3748764200000.0,8.1699785e+31,0.5377524323681719,1.5190986648145243e-14,0.006220361351072495,0.38018067637472414,1.0743147279464854e-14,0.5681847688198726,1.6055826539514633e-14,300000000000000.0,50,52000000000000.0
277215.537,3741227500000.0,8.1445377e+31,0.5382346343313448,1.511706053961136e-14,0.0062147704210144756,0.3805216922880462,1.0690864048559995e-14,0.5686944232286699,1.5977688259774636e-14,300000000000000.0,50,52000000000000.0
278215.537,3734134900000.0,8.1302868e+31,0.5387168362945177,1.5043134431077474e-14,0.0062091794909564565,0.38086270820136836,1.0638580817655137e-14,0.5692040776374673,1.589954998003464e-14,300000000000000.0,50,52000000000000.0
279215.537,3726930900000.0,8.1197742e+31,0.5391990382576906,1.496920832254359e-14,0.0062035885608984365,0.3812037241146905,1.0586297586750278e-14,0.5697137320462646,1.5821411700294643e-14,300000000000000.0,50,52000000000000.0
280215.537,3719582500000.0,8.1070691e+31,0.5396721113695555,1.489835867075394e-14,0.006198141778423796,0.3815382837725665,1.053619019017341e-14,0.5702137374589041,1.5746525247455117e-14,300000000000000.0,50,52000000000000.0
281215.537,3712325100000.0,8.1175234e+31,0.5401438909863864,1.4827944931587542e-14,0.006192715420663829,0.38187192862374053,1.048639109425816e-14,0.5707123756755852,1.5672099555975946e-14,300000000000000.0,50,52000000000000.0
282215.537,3705101700000.0,8.1425807e+31,0.5406156706032172,1.4757531192421146e-14,0.006187289062903861,0.38220557347491463,1.0436591998342908e-14,0.5712110138922663,1.559767386449678e-14,300000000000000.0,50,52000000000000.0
283215.537,3697988400000.0,8.1613887e+31,0.5410874502200482,1.468711745325475e-14,0.0061818627051438944,0.38253921832608867,1.0386792902427658e-14,0.5717096521089473,1.552324817301761e-14,300000000000000.0,50,52000000000000.0
284215.537,3690938300000.0,8.1921947e+31,0.5415558740508284,1.4618058289502276e-14,0.006176488930137504,0.3828704898462425,1.0337951820870883e-14,0.5722047433374946,1.5450254252391337e-14,300000000000000.0,50,52000000000000.0
285215.537,3683699300000.0,8.2129262e+31,0.5420175650484879,1.4551716858666455e-14,0.0061712206537831455,0.3831969996678085,1.0291032837655696e-14,0.5726927181173692,1.5380132944641413e-14,300000000000000.0,50,52000000000000.0
286215.537,3676539200000.0,8.2376822e+31,0.5424792560461474,1.4485375427830634e-14,0.006165952377428788,0.38352350948937447,1.024411385444051e-14,0.5731806928972439,1.5310011636891488e-14,300000000000000.0,50,52000000000000.0
287215.537,3669466600000.0,8.2702106e+31,0.5429409470438069,1.4419033996994813e-14,0.006160684101074429,0.3838500193109404,1.0197194871225324e-14,0.5736686676771187,1.5239890329141564e-14,300000000000000.0,50,52000000000000.0
288215.537,3663142700000.0,8.2963971e+31,0.5434026380414665,1.4352692566158992e-14,0.006155415824720071,0.3841765291325064,1.0150275888010137e-14,0.5741566424569934,1.516976902139164e-14,300000000000000.0,50,52000000000000.0
289215.537,3657828300000.0,8.3085681e+31,0.5438574177146429,1.4288468840797898e-14,0.006150255356984033,0.384498151023358,1.0104854659806728e-14,0.5746373121319746,1.5101886137772198e-14,300000000000000.0,50,52000000000000.0
290215.537,3652811500000.0,8.2904078e+31,0.5443094489637618,1.4225087262652984e-14,0.006145137761464591,0.3848178291324642,1.0060029043329665e-14,0.5751150767883764,1.5034893407515733e-14,300000000000000.0,50,52000000000000.0
291215.537,3647042500000.0,8.2747601e+31,0.5447614802128807,1.4161705684508072e-14,0.0061400201659451495,0.38513750724157036,1.00152034268526e-14,0.5755928414447781,1.4967900677259268e-14,300000000000000.0,50,52000000000000.0
292215.537,3639504200000.0,8.2639726e+31,0.5452135114619996,1.409832410636316e-14,0.006134902570425708,0.3854571853506766,9.970377810375536e-15,0.5760706061011799,1.4900907947002802e-14,300000000000000.0,50,52000000000000.0
293215.537,3630294900000.0,8.2756609e+31,0.5456653248615103,1.4034658870802852e-14,0.006129788346125016,0.3857767093891005,9.925351594013432e-15,0.5765481404960379,1.4833615416711464e-14,300000000000000.0,50,52000000000000.0
294215.537,3620821500000.0,8.2864842e+31,0.5461079772366271,1.3959065257109588e-14,0.006124815888511308,0.3860897544382339,9.871889739616428e-15,0.5770159919190597,1.4753715677913817e-14,300000000000000.0,50,52000000000000.0
295215.537,3612005700000.0,8.2952594e+31,0.5465506296117438,1.3883471643416321e-14,0.0061198434308976,0.3864027994873673,9.818427885219424e-15,0.5774838433420817,1.467381593911617e-14,300000000000000.0,50,52000000000000.0
296215.537,3603656300000.0,8.291952e+31,0.5469932819868606,1.3807878029723056e-14,0.006114870973283892,0.38671584453650065,9.76496603082242e-15,0.5779516947651036,1.459391620031852e-14,300000000000000.0,50,52000000000000.0
297215.537,3596082900000.0,8.2673256e+31,0.5474359343619773,1.3732284416029792e-14,0.006109898515670184,0.38702888958563403,9.711504176425417e-15,0.5784195461881255,1.4514016461520872e-14,300000000000000.0,50,52000000000000.0
298215.537,3588609600000.0,8.2687534e+31,0.5478756917631479,1.365745746028798e-14,0.006104968086086275,0.3873398872306543,9.658584544747487e-15,0.5788843377275034,1.443492708519116e-14,300000000000000.0,50,52000000000000.0
299215.537,3580355900000.0,8.2965743e+31,0.548306976259698,1.3584874331198709e-14,0.0061001606626138105,0.38764489260766416,9.607251870833921e-15,0.579340173710546,1.4358209448305776e-14,300000000000000.0,50,52000000000000.0
300215.537,3572043800000.0,8.3217313e+31,0.5487382607562482,1.3512291202109438e-14,0.006095353239141346,0.387949897984674,9.555919196920355e-15,0.5797960096935886,1.4281491811420393e-14,300000000000000.0,50,52000000000000.0
301215.537,3563925300000.0,8.3259264e+31,0.5491695452527985,1.3439708073020166e-14,0.0060905458156688816,0.3882549033616838,9.50458652300679e-15,0.5802518456766311,1.420477417453501e-14,300000000000000.0,50,52000000000000.0
302215.537,3555838100000.0,8.305606e+31,0.5496008297493487,1.3367124943930893e-14,0.006085738392196417,0.3885599087386936,9.453253849093225e-15,0.5807076816596738,1.4128056537649628e-14,300000000000000.0,50,52000000000000.0
303215.537,3547308500000.0,8.0704624e+31,0.5500275824376542,1.3290581740150493e-14,0.006080996029232924,0.3888617091032194,9.399120667971258e-15,0.5811587276918874,1.404715349425494e-14,300000000000000.0,50,52000000000000.0
304215.537,3537744200000.0,7.7608445e+31,0.5504477742494326,1.320830538093105e-14,0.006076347856919854,0.3891588694454758,9.340933082731644e-15,0.5816028391244306,1.3960191073710827e-14,300000000000000.0,50,52000000000000.0
305215.537,3526035600000.0,7.3804107e+31,0.5508679660612109,1.3126029021711606e-14,0.0060716996846067834,0.3894560297877322,9.282745497492029e-15,0.5820469505569739,1.3873228653166714e-14,300000000000000.0,50,52000000000000.0
306215.537,3517456900000.0,7.1102606e+31,0.5512881578729893,1.3043752662492162e-14,0.006067051512293713,0.3897531901299886,9.224557912252413e-15,0.5824910619895171,1.3786266232622603e-14,300000000000000.0,50,52000000000000.0
307215.537,3508403800000.0,6.9325778e+31,0.5517083496847677,1.2961476303272719e-14,0.006062403339980643,0.390050350472245,9.166370327012797e-15,0.5829351734220604,1.369930381207849e-14,300000000000000.0,50,52000000000000.0
308215.537,3497858000000.0,6.8650559e+31,0.5521223617847568,1.2876998385052232e-14,0.006057839870107127,0.3903431403913336,9.10662587762927e-15,0.5833727531764816,1.3610014632174368e-14,300000000000000.0,50,52000000000000.0
309215.537,3486283000000.0,6.6388259e+31,0.5525297750130063,1.279016957961071e-14,0.006053366847903939,0.39063126344845267,9.045218964501151e-15,0.5838033582195183,1.3518240872550476e-14,300000000000000.0,50,52000000000000.0
310215.537,3475674600000.0,6.1586188e+31,0.5529371882412558,1.270334077416919e-14,0.006048893825700752,0.39091938650557173,8.983812051373034e-15,0.5842339632625551,1.3426467112926582e-14,300000000000000.0,50,52000000000000.0
311215.537,3465612000000.0,5.8205118e+31,0.5533446014695053,1.2616511968727669e-14,0.006044420803497565,0.39120750956269074,8.922405138244916e-15,0.5846645683055918,1.333469335330269e-14,300000000000000.0,50,52000000000000.0
312215.537,3455162100000.0,5.6150654e+31,0.5537520146977548,1.2529683163286148e-14,0.0060399477812943785,0.3914956326198098,8.8609982251168e-15,0.5850951733486285,1.3242919593678796e-14,300000000000000.0,50,52000000000000.0
313215.537,3445054800000.0,5.3418813e+31,0.5541528693115247,1.2449135730753302e-14,0.00603556199403581,0.39177911730527865,8.80403357777613e-15,0.5855188462600339,1.3157784881086134e-14,300000000000000.0,50,52000000000000.0
314215.537,3435056900000.0,5.2356915e+31,0.5545465775680916,1.2375432569167031e-14,0.006031271259181496,0.39205754795673503,8.75190928478284e-15,0.5859349658247727,1.307988416611938e-14,300000000000000.0,50,52000000000000.0
315215.537,3425379400000.0,5.113927e+31,0.5549402858246584,1.230172940758076e-14,0.006026980524327181,0.39233597860819147,8.699784991789552e-15,0.5863510853895114,1.3001983451152626e-14,300000000000000.0,50,52000000000000.0
316215.537,3416151800000.0,5.0660813e+31,0.5553339940812252,1.2228026245994492e-14,0.006022689789472867,0.3926144092596479,8.647660698796263e-15,0.5867672049542503,1.2924082736185872e-14,300000000000000.0,50,52000000000000.0
317215.537,3408450100000.0,5.0072754e+31,0.5557277023377921,1.2154323084408221e-14,0.0060183990546185525,0.39289283991110435,8.595536405802973e-15,0.587183324518989,1.284618202121912e-14,300000000000000.0,50,52000000000000.0
318215.537,3400859300000.0,4.9865153e+31,0.5561167748733209,1.2078184315285112e-14,0.006014170596290867,0.3931679920915099,8.54168970745652e-15,0.5875945443484183,1.2765707142101138e-14,300000000000000.0,50,52000000000000.0
319215.537,3389885900000.0,4.8230646e+31,0.5564986606903937,1.1998269644744879e-14,0.006010038684726809,0.3934380616864414,8.485172778904457e-15,0.587998168160337,1.2681241558438387e-14,300000000000000.0,50,52000000000000.0
320215.537,3381519700000.0,4.8120767e+31,0.5568805465074664,1.1918354974204645e-14,0.006005906773162751,0.393708131281373,8.428655850352394e-15,0.5884017919722557,1.2596775974775636e-14,300000000000000.0,50,52000000000000.0
321215.537,3371445100000.0,4.7605365e+31,0.5572624323245392,1.1838440303664412e-14,0.006001774861598693,0.39397820087630453,8.372138921800332e-15,0.5888054157841744,1.2512310391112886e-14,300000000000000.0,50,52000000000000.0
322215.537,3359796600000.0,4.7494075e+31,0.5576443181416119,1.1758525633124177e-14,0.005997642950034636,0.39424827047123606,8.31562199324827e-15,0.5892090395960932,1.2427844807450135e-14,300000000000000.0,50,52000000000000.0
323215.537,3348744500000.0,4.7459903e+31,0.5580232996623812,1.1678832994220539e-14,0.005993548757618026,0.394516286101538,8.259262117512462e-15,0.589609593720297,1.234361394274406e-14,300000000000000.0,50,52000000000000.0
324215.537,3337475500000.0,4.7181539e+31,0.5583921581870449,1.159991425204013e-14,0.0059895860362163605,0.39477714258767077,8.203449653225483e-15,0.5899994483725679,1.2260201196726994e-14,300000000000000.0,50,52000000000000.0
325215.537,3328762200000.0,4.7715105e+31,0.5587610167117087,1.152099550985972e-14,0.005985623314814695,0.39503799907380355,8.147637188938505e-15,0.5903893030248388,1.2176788450709927e-14,300000000000000.0,50,52000000000000.0
326215.537,3319688400000.0,4.8248705e+31,0.5591298752363725,1.144207676767931e-14,0.005981660593413029,0.3952988555599363,8.091824724651526e-15,0.5907791576771096,1.2093375704692861e-14,300000000000000.0,50,52000000000000.0
327215.537,3308158800000.0,4.856152e+31,0.5594987337610362,1.1363158025498901e-14,0.005977697872011364,0.3955597120460691,8.036012260364547e-15,0.5911690123293806,1.2009962958675794e-14,300000000000000.0,50,52000000000000.0
328215.537,3297257200000.0,4.8614025e+31,0.5598675922857,1.128423928331849e-14,0.005973735150609698,0.3958205685322019,7.980199796077569e-15,0.5915588669816515,1.1926550212658727e-14,300000000000000.0,50,52000000000000.0
329215.537,3288492400000.0,4.8783517e+31,0.560223772859509,1.1227454625981676e-14,0.005969934284083281,0.39607245898999,7.940040650982816e-15,0.5919353217410016,1.186653163274133e-14,300000000000000.0,50,52000000000000.0
330215.537,3281442900000.0,4.8927657e+31,0.5605795572039084,1.1171361734646418e-14,0.005966138476076368,0.3963240692286671,7.900370725754404e-15,0.5923113577077784,1.1807244200682852e-14,300000000000000.0,50,52000000000000.0
331215.537,3274900800000.0,4.8666861e+31,0.5609353415483077,1.111526884331116e-14,0.005962342668069455,0.39657567946734423,7.86070080052599e-15,0.5926873936745553,1.1747956768624374e-14,300000000000000.0,50,52000000000000.0
332215.537,3267692200000.0,4.8393234e+31,0.561291125892707,1.1059175951975902e-14,0.0059585468600625415,0.3968272897060213,7.821030875297576e-15,0.5930634296413321,1.1688669336565898e-14,300000000000000.0,50,52000000000000.0
333215.537,3260929200000.0,4.8902988e+31,0.5616469102371063,1.1003083060640644e-14,0.005954751052055628,0.39707889994469847,7.781360950069163e-15,0.5934394656081089,1.162938190450742e-14,300000000000000.0,50,52000000000000.0
334215.537,3254220300000.0,4.781769e+31,0.5619967354421277,1.0955151478926848e-14,0.00595103458651534,0.3973262957703203,7.747462746192864e-15,0.5938092030571487,1.1578720413654475e-14,300000000000000.0,50,52000000000000.0
335215.537,3248286600000.0,4.689637e+31,0.5623430759424894,1.091199235710407e-14,0.0059473645177860026,0.39757122714866555,7.716939651206277e-15,0.5941752573444574,1.1533103083645204e-14,300000000000000.0,50,52000000000000.0
336215.537,3243287700000.0,4.6872363e+31,0.5626894164428512,1.086883323528129e-14,0.0059436944490566645,0.3978161585270108,7.68641655621969e-15,0.5945413116317662,1.1487485753635932e-14,300000000000000.0,50,52000000000000.0
337215.537,3238283500000.0,4.6686581e+31,0.563035756943213,1.0825674113458512e-14,0.005940024380327327,0.398061089905356,7.655893461233103e-15,0.5949073659190749,1.144186842362666e-14,300000000000000.0,50,52000000000000.0
338215.537,3233258100000.0,4.6560519e+31,0.5633820974435747,1.0782514991635732e-14,0.00593635431159799,0.39830602128370124,7.625370366246516e-15,0.5952734202063836,1.1396251093617388e-14,300000000000000.0,50,52000000000000.0
339215.537,3227793000000.0,4.6685419e+31,0.5637269204916912,1.0737924756259982e-14,0.005932705243599298,0.39854987948592363,7.593835207513223e-15,0.5956378706121275,1.1349121216786857e-14,300000000000000.0,50,52000000000000.0
340215.537,3222020500000.0,4.6713335e+31,0.564065876506505,1.068780130499516e-14,0.005929137372215824,0.39878958839114415,7.558387034894759e-15,0.595996119816757,1.1296143272843141e-14,300000000000000.0,50,52000000000000.0
341215.537,3215658700000.0,4.6721683e+31,0.5644048325213188,1.0637677853730336e-14,0.00592556950083235,0.39902929729636466,7.522938862276296e-15,0.5963543690213865,1.1243165328899426e-14,300000000000000.0,50,52000000000000.0
342215.537,3208930000000.0,4.6830441e+31,0.5647437885361326,1.0587554402465514e-14,0.005922001629448876,0.3992690062015852,7.487490689657832e-15,0.5967126182260161,1.1190187384955711e-14,300000000000000.0,50,52000000000000.0
343215.537,3201961000000.0,4.7003517e+31,0.5650827445509465,1.0537430951200691e-14,0.005918433758065402,0.3995087151068057,7.45204251703937e-15,0.5970708674306456,1.1137209441011996e-14,300000000000000.0,50,52000000000000.0
344215.537,3194663600000.0,4.680745e+31,0.5654217005657604,1.0487307499935869e-14,0.0059148658866819285,0.3997484240120262,7.416594344420905e-15,0.5974291166352752,1.1084231497068282e-14,300000000000000.0,50,52000000000000.0
345215.537,3187362800000.0,4.5755989e+31,0.5657546277325884,1.04329274206956e-14,0.005911377366833341,0.39998386921156215,7.378135957728756e-15,0.5977809936535813,1.1026754736310772e-14,300000000000000.0,50,52000000000000.0
346215.537,3180066100000.0,4.4912618e+31,0.5660848681877796,1.0376650406594272e-14,0.005907924209410992,0.4002174143221082,7.338336091337523e-15,0.5981300309540526,1.096727311102274e-14,300000000000000.0,50,52000000000000.0
347215.537,3172442100000.0,4.4647883e+31,0.5664151086429707,1.0320373392492947e-14,0.005904471051988644,0.40045095943265424,7.29853622494629e-15,0.598479068254524,1.090779148573471e-14,300000000000000.0,50,52000000000000.0
348215.537,3164521200000.0,4.4701125e+31,0.5667453490981619,1.026409637839162e-14,0.005901017894566295,0.40068450454320026,7.258736358555055e-15,0.5988281055549953,1.0848309860446679e-14,300000000000000.0,50,52000000000000.0
349215.537,3156409700000.0,4.5071014e+31,0.567075589553353,1.0207819364290294e-14,0.005897564737143947,0.40091804965374633,7.218936492163822e-15,0.5991771428554666,1.0788828235158649e-14,300000000000000.0,50,52000000000000.0
350215.537,3148411900000.0,4.5402289e+31,0.5674049519059468,1.0151530695756487e-14,0.005894122690434718,0.40115097375824554,7.179128391936988e-15,0.5995252520510892,1.0729334304442065e-14,300000000000000.0,50,52000000000000.0
351215.537,3140638000000.0,4.5650204e+31,0.5677252476534026,1.009512169260834e-14,0.005890795364316182,0.40137748583682487,7.139235275521396e-15,0.5998637783571775,1.0669713317431529e-14,300000000000000.0,50,52000000000000.0
352215.537,3132411300000.0,4.5854943e+31,0.5680455434008584,1.0038712689460194e-14,0.0058874680381976454,0.4016039979154042,7.099342159105804e-15,0.6002023046632659,1.0610092330420992e-14,300000000000000.0,50,52000000000000.0
353215.537,3123959700000.0,4.6058498e+31,0.5683658391483142,9.982303686312048e-15,0.005884140712079109,0.4018305099939835,7.059449042690213e-15,0.6005408309693542,1.0550471343410456e-14,300000000000000.0,50,52000000000000.0
354215.537,3115758500000.0,4.6275184e+31,0.56868613489577,9.925894683163903e-15,0.005880813385960573,0.40205702207256283,7.019555926274622e-15,0.6008793572754425,1.049085035639992e-14,300000000000000.0,50,52000000000000.0
355215.537,3107745300000.0,4.657005e+31,0.5690064306432259,9.869485680015756e-15,0.005877486059842036,0.40228353415114215,6.97966280985903e-15,0.6012178835815308,1.0431229369389381e-14,300000000000000.0,50,52000000000000.0
356215.537,3101396200000.0,4.583718e+31,0.5693227378736595,9.81886319178997e-15,0.005874208297268602,0.4025072255031529,6.943861926999235e-15,0.6015521942605332,1.037772429844773e-14,300000000000000.0,50,52000000000000.0
357215.537,3095552600000.0,4.5382851e+31,0.5696329034666378,9.777150951806008e-15,0.005871006854119989,0.4027265734162741,6.914362387406486e-15,0.6018800135912308,1.033363669745666e-14,300000000000000.0,50,52000000000000.0
358215.537,3090165100000.0,4.511075e+31,0.569943069059616,9.735438711822047e-15,0.005867805410971377,0.4029459213293953,6.8848628478137366e-15,0.6022078329219285,1.0289549096465591e-14,300000000000000.0,50,52000000000000.0
359215.537,3084184500000.0,4.4958364e+31,0.5702532346525944,9.693726471838084e-15,0.005864603967822764,0.4031652692425165,6.855363308220987e-15,0.6025356522526261,1.0245461495474521e-14,300000000000000.0,50,52000000000000.0
360215.537,3078145200000.0,4.4854806e+31,0.5705634002455726,9.652014231854123e-15,0.005861402524674152,0.40338461715563767,6.825863768628238e-15,0.6028634715833238,1.0201373894483452e-14,300000000000000.0,50,52000000000000.0
361215.537,3072636400000.0,4.4704794e+31,0.5708735658385509,9.610301991870161e-15,0.005858201081525539,0.4036039650687589,6.796364229035489e-15,0.6031912909140213,1.0157286293492382e-14,300000000000000.0,50,52000000000000.0
362215.537,3066949100000.0,4.4622958e+31,0.5711791140515908,9.57404876952611e-15,0.005855059205517077,0.4038200474995575,6.770725320737191e-15,0.603514229921715,1.0118968474959177e-14,300000000000000.0,50,52000000000000.0
363215.537,3061623500000.0,4.4442166e+31,0.5714816669602422,9.541336823774752e-15,0.00585195597084173,0.4040340116048852,6.74759081233973e-15,0.6038340030532825,1.0084393526830635e-14,300000000000000.0,50,52000000000000.0
364215.537,3056965600000.0,4.4277161e+31,0.5717842198688935,9.508624878023394e-15,0.005848852736166383,0.404247975710213,6.7244563039422696e-15,0.6041537761848499,1.0049818578702093e-14,300000000000000.0,50,52000000000000.0
365215.537,3051904100000.0,4.4211563e+31,0.5720867727775448,9.475912932272036e-15,0.005845749501491036,0.4044619398155407,6.701321795544808e-15,0.6044735493164174,1.0015243630573553e-14,300000000000000.0,50,52000000000000.0
366215.537,3047852800000.0,4.379223e+31,0.5723893256861962,9.443200986520678e-15,0.005842646266815688,0.40467590392086844,6.6781872871473475e-15,0.6047933224479848,9.980668682445011e-15,300000000000000.0,50,52000000000000.0
367215.537,3045167800000.0,4.3307926e+31,0.5726918785948475,9.410489040769322e-15,0.005839543032140342,0.40488986802619614,6.655052778749887e-15,0.6051130955795523,9.946093734316471e-15,300000000000000.0,50,52000000000000.0
368215.537,3041607600000.0,4.3121464e+31,0.5729900314361567,9.382571969430713e-15,0.005836498629892519,0.4051007203204549,6.635309218265553e-15,0.6054282180522664,9.916586618450397e-15,300000000000000.0,50,52000000000000.0
369215.537,3038160000000.0,4.2844547e+31,0.5732865171582086,9.356471603803184e-15,0.005833476518365553,0.405310393596359,6.616850436882706e-15,0.6057415784603732,9.88899962791431e-15,300000000000000.0,50,52000000000000.0
370215.537,3034668800000.0,4.2791062e+31,0.5735830028802604,9.330371238175654e-15,0.0058304544068385885,0.40552006687226316,6.598391655499858e-15,0.6060549388684802,9.86141263737822e-15,300000000000000.0,50,52000000000000.0
371215.537,3031973300000.0,4.2618281e+31,0.5738794886023123,9.304270872548125e-15,0.005827432295311623,0.40572974014816726,6.5799328741170105e-15,0.606368299276587,9.833825646842133e-15,300000000000000.0,50,52000000000000.0
372215.537,3028324100000.0,4.234631e+31,0.5741759743243643,9.278170506920595e-15,0.005824410183784658,0.40593941342407136,6.561474092734163e-15,0.6066816596846939,9.806238656306045e-15,300000000000000.0,50,52000000000000.0
373215.537,3024322700000.0,4.2110943e+31,0.5744724600464162,9.252070141293067e-15,0.005821388072257692,0.4061490866999755,6.543015311351315e-15,0.6069950200928007,9.778651665769956e-15,300000000000000.0,50,52000000000000.0
374215.537,3021031200000.0,4.1554247e+31,0.5747652646192146,9.22194193623667e-15,0.005818417199647956,0.40635615658210816,6.52170809686018e-15,0.607304489680715,9.74680764253122e-15,300000000000000.0,50,52000000000000.0
375215.537,3017561500000.0,4.1210813e+31,0.5750568306909823,9.190458588277684e-15,0.005815463566070769,0.4065623505677076,6.499442543791165e-15,0.6076126502250435,9.713531365659994e-15,300000000000000.0,50,52000000000000.0
376215.537,3013749700000.0,4.0890941e+31,0.5753483967627501,9.158975240318697e-15,0.005812509932493583,0.4067685445533071,6.477176990722149e-15,0.6079208107693719,9.680255088788767e-15,300000000000000.0,50,52000000000000.0
377215.537,3008594300000.0,4.0489596e+31,0.5756399628345178,9.127491892359712e-15,0.0058095562989163956,0.40697473853890653,6.454911437653134e-15,0.6082289713137004,9.646978811917541e-15,300000000000000.0,50,52000000000000.0
378215.537,3002722100000.0,4.0581968e+31,0.5759315289062855,9.096008544400726e-15,0.005806602665339209,0.407180932524506,6.432645884584118e-15,0.6085371318580288,9.613702535046315e-15,300000000000000.0,50,52000000000000.0
379215.537,2998300000000.0,4.0246554e+31,0.5762230949780534,9.064525196441741e-15,0.005803649031762022,0.40738712651010545,6.4103803315151034e-15,0.6088452924023572,9.58042625817509e-15,300000000000000.0,50,52000000000000.0
380215.537,2993297900000.0,3.9822953e+31,0.5765105958436445,9.027940508927055e-15,0.005800748562052504,0.40759044551354046,6.384507175944465e-15,0.6091491562331834,9.541758356659154e-15,300000000000000.0,50,52000000000000.0
381215.537,2983975700000.0,4.0119836e+31,0.5767961311113908,8.988889235069368e-15,0.005797873797997059,0.407792374413128,6.356889681859539e-15,0.609450942528349,9.500483510914154e-15,300000000000000.0,50,52000000000000.0
382215.537,2978086800000.0,4.0052123e+31,0.5770816663791372,8.94983796121168e-15,0.0057949990339416155,0.4079943033127156,6.329272187774612e-15,0.6097527288235145,9.459208665169155e-15,300000000000000.0,50,52000000000000.0
383215.537,2974094500000.0,3.9481833e+31,0.5773672016468834,8.910786687353992e-15,0.005792124269886171,0.40819623221230317,6.3016546936896856e-15,0.61005451511868,9.417933819424156e-15,300000000000000.0,50,52000000000000.0
384215.537,2968837400000.0,3.9619615e+31,0.5776527369146297,8.871735413496305e-15,0.005789249505830727,0.4083981611118907,6.274037199604759e-15,0.6103563014138457,9.376658973679158e-15,300000000000000.0,50,52000000000000.0
385215.537,2963738500000.0,3.9512076e+31,0.577938272182376,8.832684139638618e-15,0.005786374741775283,0.4086000900114783,6.246419705519832e-15,0.6106580877090112,9.335384127934159e-15,300000000000000.0,50,52000000000000.0
386215.537,2958302600000.0,3.9174189e+31,0.5782199980086471,8.786720366621869e-15,0.005783546881128385,0.40879932483179476,6.213913767325712e-15,0.6109558476538497,9.286803417211434e-15,300000000000000.0,50,52000000000000.0
387215.537,2950030500000.0,3.9229213e+31,0.5784979311308928,8.733874465724501e-15,0.005780765717811676,0.4089958774097503,6.176540863259685e-15,0.6112495989388382,9.230948941111199e-15,300000000000000.0,50,52000000000000.0
388215.537,2939325400000.0,3.9299287e+31,0.5787758642531383,8.681028564827131e-15,0.0057779845544949655,0.4091924299877059,6.139167959193658e-15,0.6115433502238268,9.175094465010964e-15,300000000000000.0,50,52000000000000.0
389215.537,2930046300000.0,3.9344303e+31,0.579053797375384,8.628182663929763e-15,0.005775203391178256,0.4093889825656614,6.101795055127632e-15,0.6118371015088152,9.119239988910731e-15,300000000000000.0,50,52000000000000.0
390215.537,2921816800000.0,3.9376578e+31,0.5793317304976295,8.575336763032396e-15,0.005772422227861547,0.409585535143617,6.064422151061605e-15,0.6121308527938037,9.063385512810496e-15,300000000000000.0,50,52000000000000.0
391215.537,2914980600000.0,3.9170807e+31,0.5796096636198752,8.522490862135026e-15,0.005769641064544836,0.40978208772157254,6.027049246995579e-15,0.6124246040787923,9.007531036710261e-15,300000000000000.0,50,52000000000000.0
392215.537,2907467700000.0,3.9099424e+31,0.5798852158635397,8.469529021055309e-15,0.005766887391195047,0.40997695652944766,5.989594367877029e-15,0.612715838939166,8.951554047836194e-15,300000000000000.0,50,52000000000000.0
393215.537,2897333000000.0,3.8842756e+31,0.5801526941083913,8.416174005413023e-15,0.005764226941398125,0.41016611536213193,5.9518614962216026e-15,0.6129985401391032,8.895161595528442e-15,300000000000000.0,50,52000000000000.0
394215.537,2886467000000.0,3.8462886e+31,0.580420172353243,8.362818989770737e-15,0.005761566491601204,0.4103552741948162,5.914128624566175e-15,0.6132812413390403,8.83876914322069e-15,300000000000000.0,50,52000000000000.0
395215.537,2878853700000.0,3.8097501e+31,0.5806876505980946,8.309463974128451e-15,0.0057589060418042825,0.4105444330275005,5.876395752910748e-15,0.6135639425389774,8.782376690912937e-15,300000000000000.0,50,52000000000000.0
396215.537,2871996900000.0,3.7934862e+31,0.5809551288429462,8.256108958486167e-15,0.005756245592007361,0.41073359186018477,5.838662881255322e-15,0.6138466437389146,8.725984238605185e-15,300000000000000.0,50,52000000000000.0
397215.537,2863779100000.0,3.7961687e+31,0.5812226070877978,8.202753942843882e-15,0.00575358514221044,0.41092275069286904,5.800930009599895e-15,0.6141293449388517,8.669591786297433e-15,300000000000000.0,50,52000000000000.0
398215.537,2855348800000.0,3.7782306e+31,0.5814900853326495,8.149398927201596e-15,0.005750924692413518,0.41111190952555327,5.7631971379444675e-15,0.6144120461387889,8.61319933398968e-15,300000000000000.0,50,52000000000000.0
399215.537,2849151100000.0,3.7438662e+31,0.5817484204479283,8.108938507955138e-15,0.0057483679484405135,0.41129460230194376,5.734583289774083e-15,0.6146850837018182,8.570435423688165e-15,300000000000000.0,50,52000000000000.0
400215.537,2841738600000.0,3.7316437e+31,0.5820051714142873,8.0707122209924e-15,0.005745829172655276,0.4114761747621436,5.707549413875691e-15,0.6149564469322409,8.530032809912846e-15,300000000000000.0,50,52000000000000.0
401215.537,2838883000000.0,3.7004793e+31,0.5822619223806463,8.032485934029661e-15,0.005743290396870039,0.41165774722234344,5.6805155379772986e-15,0.6152278101626638,8.489630196137526e-15,300000000000000.0,50,52000000000000.0
402215.537,2833284700000.0,3.6624705e+31,0.5825186733470052,7.994259647066923e-15,0.005740751621084802,0.4118393196825432,5.653481662078906e-15,0.6154991733930866,8.449227582362206e-15,300000000000000.0,50,52000000000000.0
403215.537,2825358600000.0,3.6637652e+31,0.5827754243133643,7.956033360104186e-15,0.005738212845299565,0.41202089214274307,5.626447786180514e-15,0.6157705366235093,8.408824968586887e-15,300000000000000.0,50,52000000000000.0
404215.537,2819145800000.0,3.6622131e+31,0.5830321752797233,7.917807073141447e-15,0.005735674069514329,0.4122024646029429,5.599413910282121e-15,0.6160418998539321,8.368422354811567e-15,300000000000000.0,50,52000000000000.0
405215.537,2812050400000.0,3.6362991e+31,0.5832860111049952,7.882216798942113e-15,0.005733169359633826,0.4123819754566244,5.57424422095006e-15,0.6163101819763322,8.33080580098001e-15,300000000000000.0,50,52000000000000.0
406215.537,2806119200000.0,3.6007015e+31,0.5835349514949417,7.851053216149894e-15,0.0057307218570817,0.41255802422697085,5.55220508499354e-15,0.6165732899529172,8.297867914787694e-15,300000000000000.0,50,52000000000000.0
407215.537,2801937600000.0,3.5814297e+31,0.5837838918848882,7.819889633357674e-15,0.005728274354529575,0.4127340729973173,5.530165949037019e-15,0.6168363979295022,8.264930028595378e-15,300000000000000.0,50,52000000000000.0
408215.537,2799348900000.0,3.5637723e+31,0.5840328322748348,7.788726050565454e-15,0.005725826851977449,0.41291012176766373,5.5081268130804975e-15,0.6170995059060871,8.23199214240306e-15,300000000000000.0,50,52000000000000.0
409215.537,2795311500000.0,3.5462336e+31,0.5842817726647813,7.757562467773235e-15,0.005723379349425324,0.4130861705380101,5.486087677123977e-15,0.6173626138826721,8.199054256210744e-15,300000000000000.0,50,52000000000000.0
410215.537,2789206000000.0,3.5269062e+31,0.5845307130547278,7.726398884981015e-15,0.0057209318468731995,0.41326221930835655,5.464048541167456e-15,0.617625721859257,8.166116370018426e-15,300000000000000.0,50,52000000000000.0
411215.537,2782747300000.0,3.5068503e+31,0.5847796534446743,7.695235302188796e-15,0.005718484344321074,0.413438268078703,5.4420094052109355e-15,0.617888829835842,8.13317848382611e-15,300000000000000.0,50,52000000000000.0
412215.537,2778148600000.0,3.497747e+31,0.5850234897465928,7.661302187892132e-15,0.005716097562725312,0.41361070719701637,5.418011712645781e-15,0.6181465431223587,8.097313501202788e-15,300000000000000.0,50,52000000000000.0
413215.537,2772281400000.0,3.5329177e+31,0.58526595908264,7.626627343628148e-15,0.005713727043285409,0.4137821795860904,5.3934894836646345e-15,0.618402811614591,8.060664589912602e-15,300000000000000.0,50,52000000000000.0
414215.537,2764869900000.0,3.5208723e+31,0.5855084284186871,7.591952499364162e-15,0.005711356523845506,0.4139536519751645,5.3689672546834876e-15,0.6186590801068232,8.024015678622415e-15,300000000000000.0,50,52000000000000.0
415215.537,2758463200000.0,3.4794235e+31,0.5857508977547343,7.557277655100177e-15,0.005708986004405602,0.41412512436423854,5.3444450257023414e-15,0.6189153485990555,7.987366767332229e-15,300000000000000.0,50,52000000000000.0
416215.537,2755377500000.0,3.4510344e+31,0.5859933670907814,7.522602810836192e-15,0.005706615484965699,0.4142965967533126,5.319922796721195e-15,0.6191716170912878,7.950717856042042e-15,300000000000000.0,50,52000000000000.0
417215.537,2748567000000.0,3.440956e+31,0.5862358364268286,7.487927966572207e-15,0.005704244965525795,0.41446806914238665,5.295400567740049e-15,0.61942788558352,7.914068944751857e-15,300000000000000.0,50,52000000000000.0
418215.537,2742708200000.0,3.4369203e+31,0.5864775945836477,7.453985534740206e-15,0.005701882635243889,0.4146390385818369,5.2713962987915096e-15,0.6196834024085135,7.878194133897401e-15,300000000000000.0,50,52000000000000.0
419215.537,2738124500000.0,3.4288758e+31,0.5867127466540695,7.42684642282102e-15,0.005699596373389054,0.4148053361628624,5.252203318742493e-15,0.6199319370572497,7.849509879454799e-15,300000000000000.0,50,52000000000000.0
420215.537,2733680200000.0,3.4240269e+31,0.5869478987244913,7.399707310901831e-15,0.005697310111534221,0.4149716337438879,5.233010338693477e-15,0.6201804717059858,7.820825625012195e-15,300000000000000.0,50,52000000000000.0
421215.537,2729495800000.0,3.3918809e+31,0.5871830507949132,7.372568198982645e-15,0.005695023849679386,0.4151379313249134,5.21381735864446e-15,0.620429006354722,7.792141370569591e-15,300000000000000.0,50,52000000000000.0
422215.537,2724995700000.0,3.3440192e+31,0.587418202865335,7.345429087063457e-15,0.005692737587824552,0.4153042289059389,5.1946243785954434e-15,0.6206775410034581,7.763457116126987e-15,300000000000000.0,50,52000000000000.0
423215.537,2720046700000.0,3.2923388e+31,0.5876533549357568,7.31828997514427e-15,0.005690451325969717,0.41547052648696436,5.175431398546426e-15,0.6209260756521943,7.734772861684383e-15,300000000000000.0,50,52000000000000.0
424215.537,2715434000000.0,3.2366093e+31,0.5878885070061786,7.291150863225082e-15,0.005688165064114883,0.41563682406798985,5.15623841849741e-15,0.6211746103009304,7.706088607241781e-15,300000000000000.0,50,52000000000000.0
425215.537,2711698500000.0,3.2088189e+31,0.5881219316844151,7.264464784199521e-15,0.005685899195592607,0.41580190002452555,5.137365829576344e-15,0.6214213192098591,7.67788318317884e-15,300000000000000.0,50,52000000000000.0
426215.537,2707535700000.0,3.1964396e+31,0.5883512635723823,7.238852096980603e-15,0.005683681645937205,0.4159640815296063,5.119252358186261e-15,0.6216637023089452,7.650812274100428e-15,300000000000000.0,50,52000000000000.0
427215.537,2702404600000.0,3.1772653e+31,0.5885805954603496,7.213239409761684e-15,0.005681464096281804,0.416126263034687,5.101138886796179e-15,0.6219060854080313,7.623741365022016e-15,300000000000000.0,50,52000000000000.0
428215.537,2698173000000.0,3.2327782e+31,0.5888099273483168,7.187626722542766e-15,0.005679246546626403,0.41628844453976777,5.0830254154060955e-15,0.6221484685071174,7.596670455943603e-15,300000000000000.0,50,52000000000000.0
429215.537,2694306000000.0,3.2132092e+31,0.5890392592362841,7.162014035323849e-15,0.005677028996971002,0.4164506260448485,5.064911944016013e-15,0.6223908516062036,7.569599546865192e-15,300000000000000.0,50,52000000000000.0
430215.537,2689493000000.0,3.218303e+31,0.5892685911242512,7.13640134810493e-15,0.0056748114473156005,0.4166128075499293,5.0467984726259296e-15,0.6226332347052896,7.542528637786779e-15,300000000000000.0,50,52000000000000.0
431215.537,2685444300000.0,3.2192503e+31,0.5894979230122185,7.110788660886011e-15,0.005672593897660199,0.41677498905501004,5.028685001235847e-15,0.6228756178043757,7.515457728708366e-15,300000000000000.0,50,52000000000000.0
432215.537,2681784400000.0,3.2115564e+31,0.589725101348641,7.0879772284406e-15,0.0056704016588224855,0.4169356475533887,5.012552563106222e-15,0.6231157247425277,7.491347508757783e-15,300000000000000.0,50,52000000000000.0
433215.537,2678394500000.0,3.2714819e+31,0.5899488510701975,7.069625602765694e-15,0.005668249716696503,0.4170938813113739,4.99957407785198e-15,0.6233522078625107,7.471950926974827e-15,300000000000000.0,50,52000000000000.0
434215.537,2675273300000.0,3.2164089e+31,0.5901726007917539,7.051273977090788e-15,0.00566609777457052,0.41725211506935916,4.986595592597739e-15,0.6235886909824936,7.452554345191869e-15,300000000000000.0,50,52000000000000.0
435215.537,2672497800000.0,3.1999608e+31,0.5903963505133104,7.0329223514158825e-15,0.005663945832444537,0.4174103488273444,4.973617107343498e-15,0.6238251741024765,7.433157763408913e-15,300000000000000.0,50,52000000000000.0
436215.537,2669985000000.0,3.2445155e+31,0.5906201002348669,7.014570725740977e-15,0.005661793890318554,0.41756858258532964,4.960638622089256e-15,0.6240616572224595,7.413761181625957e-15,300000000000000.0,50,52000000000000.0
437215.537,2667273600000.0,3.1551735e+31,0.5908438499564234,6.996219100066071e-15,0.005659641948192571,0.4177268163433149,4.947660136835015e-15,0.6242981403424425,7.394364599843001e-15,300000000000000.0,50,52000000000000.0
438215.537,2664343900000.0,3.1218632e+31,0.5910675996779798,6.9778674743911654e-15,0.0056574900060665885,0.4178850501013001,4.934681651580773e-15,0.6245346234624254,7.374968018060044e-15,300000000000000.0,50,52000000000000.0
439215.537,2661065600000.0,3.1070593e+31,0.5912898764052167,6.956664205856899e-15,0.005655356300746889,0.41804224214039926,4.9196865213647884e-15,0.624769549714625,7.352557525337293e-15,300000000000000.0,50,52000000000000.0
440215.537,2657362000000.0,3.0918972e+31,0.5915095614235559,6.930443519350639e-15,0.005653254682783182,0.41819760129252115,4.901143138028338e-15,0.6250017366839686,7.324844106665844e-15,300000000000000.0,50,52000000000000.0
441215.537,2653314700000.0,3.0770754e+31,0.5917292464418952,6.904222832844379e-15,0.005651153064819476,0.41835296044464304,4.882599754691887e-15,0.6252339236533122,7.297130687994395e-15,300000000000000.0,50,52000000000000.0
442215.537,2648939800000.0,3.0671783e+31,0.5919489314602344,6.8780021463381185e-15,0.005649051446855769,0.4185083195967649,4.864056371355436e-15,0.6254661106226559,7.269417269322948e-15,300000000000000.0,50,52000000000000.0
443215.537,2644093300000.0,3.0534121e+31,0.5921686164785738,6.851781459831858e-15,0.005646949828892063,0.41866367874888677,4.845512988018985e-15,0.6256982975919995,7.2417038506515e-15,300000000000000.0,50,52000000000000.0
444215.537,2638814800000.0,3.0461497e+31,0.592388301496913,6.825560773325598e-15,0.005644848210928356,0.41881903790100866,4.8269696046825345e-15,0.625930484561343,7.213990431980051e-15,300000000000000.0,50,52000000000000.0
445215.537,2633696000000.0,3.0329815e+31,0.5926079865152523,6.799340086819338e-15,0.00564274659296465,0.41897439705313055,4.808426221346084e-15,0.6261626715306867,7.186277013308603e-15,300000000000000.0,50,52000000000000.0
446215.537,2628578400000.0,3.0159042e+31,0.592826345033563,6.771955023221392e-15,0.005640660096539233,0.41912881809867314,4.789059409735215e-15,0.6263934564829379,7.157332966863928e-15,300000000000000.0,50,52000000000000.0
447215.537,2622946500000.0,2.9988746e+31,0.5930401279728376,6.740553601314827e-15,0.005638625759776163,0.4192800032748561,4.766852295772879e-15,0.6266194053704481,7.124144039515023e-15,300000000000000.0,50,52000000000000.0
448215.537,2616710400000.0,2.9977482e+31,0.5932539109121121,6.709152179408263e-15,0.005636591423013094,0.4194311884510391,4.744645181810542e-15,0.6268453542579585,7.0909551121661194e-15,300000000000000.0,50,52000000000000.0
449215.537,2610184300000.0,2.9900821e+31,0.5934676938513866,6.677750757501699e-15,0.005634557086250025,0.41958237362722206,4.722438067848206e-15,0.6270713031454688,7.0577661848172156e-15,300000000000000.0,50,52000000000000.0
450215.537,2604454500000.0,2.9856983e+31,0.5936814767906613,6.6463493355951345e-15,0.005632522749486955,0.41973355880340507,4.70023095388587e-15,0.627297252032979,7.024577257468312e-15,300000000000000.0,50,52000000000000.0
451215.537,2598963200000.0,3.0014616e+31,0.5938952597299358,6.61494791368857e-15,0.005630488412723886,0.419884743979588,4.678023839923534e-15,0.6275232009204894,6.991388330119408e-15,300000000000000.0,50,52000000000000.0
452215.537,2593670800000.0,2.9972e+31,0.5941090426692104,6.583546491782006e-15,0.005628454075960816,0.42003592915577104,4.655816725961198e-15,0.6277491498079997,6.958199402770504e-15,300000000000000.0,50,52000000000000.0
453215.537,2588693600000.0,3.0306169e+31,0.5943228256084849,6.552145069875441e-15,0.005626419739197747,0.420187114331954,4.6336096119988616e-15,0.62797509869551,6.9250104754216004e-15,300000000000000.0,50,52000000000000.0
454215.537,2583759100000.0,3.0124143e+31,0.5945296334802639,6.517776770985162e-15,0.005624461737717222,0.4203333667340979,4.609304390171954e-15,0.628193675464361,6.8886858900562255e-15,300000000000000.0,50,52000000000000.0
455215.537,2577782500000.0,2.9966353e+31,0.5947362332363055,6.483319949110553e-15,0.0056225060138596185,0.42047947195660423,4.5849365669056755e-15,0.6284120322706223,6.85226774577116e-15,300000000000000.0,50,52000000000000.0
456215.537,2570285900000.0,3.0653151e+31,0.5949428329923472,6.448863127235944e-15,0.005620550290002014,0.42062557717911064,4.560568743639397e-15,0.6286303890768835,6.815849601486094e-15,300000000000000.0,50,52000000000000.0
457215.537,2563839300000.0,2.876874e+31,0.5951494327483888,6.414406305361336e-15,0.005618594566144409,0.420771682401617,4.536200920373119e-15,0.6288487458831448,6.779431457201028e-15,300000000000000.0,50,52000000000000.0
458215.537,2556765500000.0,2.974591e+31,0.5953560325044306,6.379949483486727e-15,0.005616638842286805,0.4209177876241234,4.511833097106841e-15,0.629067102689406,6.743013312915963e-15,300000000000000.0,50,52000000000000.0
459215.537,2550238200000.0,2.9114514e+31,0.5955626322604722,6.3454926616121185e-15,0.005614683118429201,0.42106389284662976,4.4874652738405626e-15,0.6292854594956673,6.706595168630897e-15,300000000000000.0,50,52000000000000.0
460215.537,2543667200000.0,2.901657e+31,0.5957692320165139,6.31103583973751e-15,0.005612727394571596,0.4212099980691361,4.463097450574284e-15,0.6295038163019285,6.670177024345831e-15,300000000000000.0,50,52000000000000.0
461215.537,2537316300000.0,2.8656152e+31,0.5959710309774661,6.275122428545341e-15,0.005610822875285117,0.4213527081750904,4.437699566798898e-15,0.6297170990462554,6.632219437186687e-15,300000000000000.0,50,52000000000000.0
462215.537,2530575700000.0,2.8663843e+31,0.5961696204199898,6.238235230684449e-15,0.005608952588248001,0.42149314851344627,4.411613047469444e-15,0.6299269895826288,6.5932326725305226e-15,300000000000000.0,50,52000000000000.0
463215.537,2523650900000.0,2.9046402e+31,0.5963682098625135,6.201348032823558e-15,0.005607082301210885,0.4216335888518022,4.3855265281399906e-15,0.6301368801190023,6.554245907874358e-15,300000000000000.0,50,52000000000000.0
464215.537,2516826200000.0,2.8421922e+31,0.5965667993050372,6.164460834962666e-15,0.005605212014173769,0.42177402919015805,4.359440008810537e-15,0.6303467706553757,6.515259143218192e-15,300000000000000.0,50,52000000000000.0
465215.537,2509691100000.0,2.816194e+31,0.5967653887475609,6.127573637101774e-15,0.005603341727136653,0.4219144695285139,4.333353489481084e-15,0.6305566611917491,6.4762723785620274e-15,300000000000000.0,50,52000000000000.0
466215.537,2502633400000.0,2.779121e+31,0.5969639781900846,6.090686439240883e-15,0.005601471440099537,0.4220549098668698,4.30726697015163e-15,0.6307665517281227,6.437285613905862e-15,300000000000000.0,50,52000000000000.0
467215.537,2495112400000.0,2.7106226e+31,0.5971625676326082,6.0537992413799915e-15,0.005599601153062421,0.4221953502052257,4.281180450822176e-15,0.6309764422644961,6.398298849249697e-15,300000000000000.0,50,52000000000000.0
468215.537,2486962800000.0,2.6774157e+31,0.5973602182259624,6.0175125747725475e-15,0.005597740667513286,0.42233512659217215,4.255518624702849e-15,0.6311853405137416,6.359946796093613e-15,300000000000000.0,50,52000000000000.0
469215.537,2479244600000.0,2.6489452e+31,0.5975500928844799,5.986199754919038e-15,0.0055959613619175706,0.4224694038605576,4.23337428236556e-15,0.6313860202330083,6.326851684547547e-15,300000000000000.0,50,52000000000000.0
470215.537,2473259400000.0,2.6499106e+31,0.5977399675429973,5.954886935065529e-15,0.005594182056321855,0.422603681128943,4.21122994002827e-15,0.6315866999522749,6.293756573001481e-15,300000000000000.0,50,52000000000000.0
471215.537,2466253100000.0,2.6410577e+31,0.5979298422015148,5.923574115212019e-15,0.00559240275072614,0.42273795839732836,4.189085597690981e-15,0.6317873796715414,6.2606614614554144e-15,300000000000000.0,50,52000000000000.0
472215.537,2459658300000.0,2.6324705e+31,0.5981197168600322,5.8922612953585095e-15,0.005590623445130424,0.4228722356657138,4.166941255353691e-15,0.631988059390808,6.2275663499093475e-15,300000000000000.0,50,52000000000000.0
473215.537,2453091400000.0,2.6144798e+31,0.5983095915185496,5.8609484755050005e-15,0.005588844139534708,0.4230065129340992,4.144796913016402e-15,0.6321887391100746,6.194471238363281e-15,300000000000000.0,50,52000000000000.0
474215.537,2448445400000.0,2.6087368e+31,0.5984994661770671,5.829635655651491e-15,0.005587064833938993,0.4231407902024846,4.122652570679112e-15,0.6323894188293412,6.161376126817215e-15,300000000000000.0,50,52000000000000.0
475215.537,2442329100000.0,2.5929609e+31,0.5986893408355844,5.798322835797981e-15,0.005585285528343277,0.42327506747087,4.100508228341823e-15,0.6325900985486078,6.128281015271149e-15,300000000000000.0,50,52000000000000.0
476215.537,2439777200000.0,2.5960652e+31,0.5988754993651942,5.771101179154441e-15,0.005583545124507209,0.4234067167028445,4.08125712519188e-15,0.6327868506209459,6.099509900447546e-15,300000000000000.0,50,52000000000000.0
477215.537,2436232600000.0,2.600877e+31,0.5990578558941154,5.748065223741292e-15,0.005581844521367145,0.4235356771701148,4.0649661177909396e-15,0.6329795842868462,6.075162700650681e-15,300000000000000.0,50,52000000000000.0
478215.537,2430176600000.0,2.5477425e+31,0.5992402124230366,5.7250292683281434e-15,0.005580143918227081,0.42366463763738504,4.048675110389998e-15,0.6331723179527464,6.050815500853816e-15,300000000000000.0,50,52000000000000.0
479215.537,2424823900000.0,2.5484654e+31,0.5994225689519578,5.701993312914995e-15,0.005578443315087017,0.42379359810465533,4.0323841029890566e-15,0.6333650516186468,6.026468301056951e-15,300000000000000.0,50,52000000000000.0
480215.537,2418009100000.0,2.5577887e+31,0.599604925480879,5.678957357501846e-15,0.005576742711946954,0.42392255857192557,4.016093095588116e-15,0.633557785284547,6.0021211012600866e-15,300000000000000.0,50,52000000000000.0
481215.537,2410958700000.0,2.5472645e+31,0.5997872820098001,5.655921402088697e-15,0.005575042108806889,0.42405151903919586,3.9998020881871744e-15,0.6337505189504473,5.977773901463222e-15,300000000000000.0,50,52000000000000.0
482215.537,2407626500000.0,2.5400226e+31,0.5999696385387213,5.632885446675548e-15,0.005573341505666826,0.4241804795064661,3.983511080786234e-15,0.6339432526163475,5.953426701666357e-15,300000000000000.0,50,52000000000000.0
483215.537,2406314600000.0,2.5020619e+31,0.6001519950676425,5.6098494912623994e-15,0.005571640902526762,0.4243094399737364,3.967220073385292e-15,0.6341359862822479,5.929079501869492e-15,300000000000000.0,50,52000000000000.0
484215.537,2404828400000.0,2.4753896e+31,0.6003300965141148,5.5914649772158245e-15,0.005569985846802764,0.4244353912504425,3.954218527682784e-15,0.6343242226594238,5.909648460247435e-15,300000000000000.0,50,52000000000000.0
485215.537,2403054000000.0,2.4644549e+31,0.6005068322120914,5.574573430491476e-15,0.005568345410375977,0.424560376671014,3.942272796390572e-15,0.6345110155474585,5.89179535177071e-15,300000000000000.0,50,52000000000000.0
486215.537,2400128300000.0,2.4704201e+31,0.600683567910068,5.557681883767126e-15,0.00556670497394919,0.4246853620915855,3.93032706509836e-15,0.6346978084354932,5.873942243293985e-15,300000000000000.0,50,52000000000000.0
487215.537,2395931100000.0,2.461307e+31,0.6008603036080447,5.540790337042777e-15,0.005565064537522403,0.424810347512157,3.918381333806148e-15,0.6348846013235278,5.85608913481726e-15,300000000000000.0,50,52000000000000.0
488215.537,2393356400000.0,2.4903233e+31,0.6010370393060213,5.523898790318428e-15,0.005563424101095615,0.42493533293272856,3.906435602513936e-15,0.6350713942115624,5.838236026340534e-15,300000000000000.0,50,52000000000000.0
489215.537,2390532500000.0,2.5122718e+31,0.6012137750039979,5.507007243594079e-15,0.0055617836646688285,0.42506031835330005,3.894489871221724e-15,0.6352581870995971,5.820382917863809e-15,300000000000000.0,50,52000000000000.0
490215.537,2385793200000.0,2.5302831e+31,0.6013905107019745,5.49011569686973e-15,0.005560143228242042,0.4251853037738716,3.8825441399295116e-15,0.6354449799876317,5.8025298093870836e-15,300000000000000.0,50,52000000000000.0
491215.537,2380428600000.0,2.4836456e+31,0.6015672463999511,5.473224150145381e-15,0.005558502791815255,0.4253102891944431,3.8705984086373e-15,0.6356317728756664,5.784676700910359e-15,300000000000000.0,50,52000000000000.0
492215.537,2376604200000.0,2.4651746e+31,0.6017402378530393,5.45537498576297e-15,0.005556903722797596,0.42543262667850185,3.857975477748997e-15,0.6358146083753549,5.765811506206237e-15,300000000000000.0,50,52000000000000.0
493215.537,2372863200000.0,2.4566308e+31,0.6019127849366414,5.437412170676768e-15,0.005555309563291706,0.4255546499036852,3.845272176359948e-15,0.6359969742095491,5.746826196432107e-15,300000000000000.0,50,52000000000000.0
494215.537,2369364300000.0,2.4448323e+31,0.6020853320202434,5.419449355590567e-15,0.005553715403785816,0.42567667312886853,3.832568874970898e-15,0.6361793400437433,5.727840886657977e-15,300000000000000.0,50,52000000000000.0
495215.537,2366036200000.0,2.443659e+31,0.6022578791038453,5.401486540504365e-15,0.005552121244279926,0.4257986963540519,3.8198655735818485e-15,0.6363617058779375,5.708855576883847e-15,300000000000000.0,50,52000000000000.0
496215.537,2363204300000.0,2.4485478e+31,0.6024304261874474,5.383523725418164e-15,0.005550527084774036,0.4259207195792352,3.8071622721927995e-15,0.6365440717121318,5.6898702671097164e-15,300000000000000.0,50,52000000000000.0
497215.537,2360533200000.0,2.4381549e+31,0.6026029732710493,5.365560910331962e-15,0.005548932925268145,0.42604274280441856,3.79445897080375e-15,0.636726437546326,5.670884957335586e-15,300000000000000.0,50,52000000000000.0
498215.537,2356236200000.0,2.404698e+31,0.6027755203546513,5.347598095245761e-15,0.0055473387657622554,0.42616476602960196,3.781755669414701e-15,0.6369088033805201,5.651899647561456e-15,300000000000000.0,50,52000000000000.0
499215.537,2351742900000.0,2.3899256e+31,0.6029480674382534,5.329635280159559e-15,0.0055457446062563654,0.4262867892547853,3.769052368025651e-15,0.6370911692147143,5.632914337787326e-15,300000000000000.0,50,52000000000000.0
500215.537,2347036900000.0,2.3767071e+31,0.6031165273062513,5.31202924075315e-15,0.005544194618269634,0.42640592200142113,3.756601390451993e-15,0.6372692151773304,5.6143061307098315e-15,300000000000000.0,50,52000000000000.0
501215.537,2343139900000.0,2.3703908e+31,0.6032845476866041,5.2944615645060636e-15,0.005542649379931276,0.42652474394242945,3.7441775446008124e-15,0.6374467966354104,5.595738472502822e-15,300000000000000.0,50,52000000000000.0
502215.537,2338796100000.0,2.3444096e+31,0.6034525680669568,5.276893888258977e-15,0.005541104141592917,0.4266435658834378,3.731753698749632e-15,0.6376243780934904,5.577170814295813e-15,300000000000000.0,50,52000000000000.0
503215.537,2335018900000.0,2.3197423e+31,0.6036205884473096,5.2593262120118904e-15,0.005539558903254559,0.42676238782444614,3.7193298528984505e-15,0.6378019595515703,5.5586031560888034e-15,300000000000000.0,50,52000000000000.0
504215.537,2331905900000.0,2.3171553e+31,0.6037886088276623,5.2417585357648035e-15,0.0055380136649162,0.4268812097654545,3.70690600704727e-15,0.6379795410096503,5.540035497881794e-15,300000000000000.0,50,52000000000000.0
505215.537,2328986900000.0,2.3013481e+31,0.6039566292080151,5.224190859517717e-15,0.005536468426577842,0.42700003170646283,3.6944821611960895e-15,0.6381571224677303,5.521467839674785e-15,300000000000000.0,50,52000000000000.0
506215.537,2325833500000.0,2.2802874e+31,0.6041246495883678,5.20662318327063e-15,0.005534923188239483,0.42711885364747115,3.682058315344908e-15,0.6383347039258103,5.5029001814677754e-15,300000000000000.0,50,52000000000000.0
507215.537,2322786000000.0,2.2728425e+31,0.6042926699687206,5.189055507023543e-15,0.005533377949901125,0.4272376755884795,3.669634469493728e-15,0.6385122853838903,5.484332523260766e-15,300000000000000.0,50,52000000000000.0
508215.537,2320167900000.0,2.2835577e+31,0.6044571722702621,5.173990412838025e-15,0.005531870376179159,0.42735400954711456,3.658980431010893e-15,0.6386861485081398,5.46840987322681e-15,300000000000000.0,50,52000000000000.0
509215.537,2317694500000.0,2.2613778e+31,0.6046206935199012,5.159623189002762e-15,0.005530373305616885,0.42746964970667023,3.648819921234669e-15,0.638858974737347,5.4532248105065755e-15,300000000000000.0,50,52000000000000.0
510215.537,2314862200000.0,2.2408315e+31,0.6047842147695405,5.145255965167498e-15,0.0055288762350546115,0.42758528986622596,3.638659411458445e-15,0.6390318009665542,5.438039747786341e-15,300000000000000.0,50,52000000000000.0
511215.537,2311925600000.0,2.2353985e+31,0.6049477360191797,5.130888741332236e-15,0.005527379164492337,0.42770093002578163,3.628498901682221e-15,0.6392046271957614,5.422854685066106e-15,300000000000000.0,50,52000000000000.0
512215.537,2308430000000.0,2.2182074e+31,0.6051112572688189,5.116521517496972e-15,0.005525882093930064,0.42781657018533736,3.6183383919059974e-15,0.6393774534249687,5.407669622345871e-15,300000000000000.0,50,52000000000000.0
513215.537,2305168000000.0,2.2148463e+31,0.6052747785184581,5.102154293661709e-15,0.005524385023367789,0.42793221034489304,3.6081778821297736e-15,0.6395502796541759,5.392484559625636e-15,300000000000000.0,50,52000000000000.0
514215.537,2302066000000.0,2.2184169e+31,0.6054382997680974,5.087787069826446e-15,0.005522887952805516,0.4280478505044487,3.59801737235355e-15,0.6397231058833831,5.377299496905401e-15,300000000000000.0,50,52000000000000.0
515215.537,2299291800000.0,2.2302729e+31,0.6056018210177365,5.073419845991183e-15,0.005521390882243242,0.42816349066400444,3.5878568625773266e-15,0.6398959321125903,5.3621144341851665e-15,300000000000000.0,50,52000000000000.0
516215.537,2296701900000.0,2.2370108e+31,0.6057633645403827,5.061406767026287e-15,0.005519915365731992,0.4282777321737807,3.5793611804128105e-15,0.6400666680348058,5.349417485414809e-15,300000000000000.0,50,52000000000000.0
517215.537,2294733800000.0,2.232845e+31,0.6059231464598357,5.0514905746059666e-15,0.00551845904786911,0.4283907278766655,3.572348395355424e-15,0.6402355420764464,5.3389367522769466e-15,300000000000000.0,50,52000000000000.0
518215.537,2292845200000.0,2.2283967e+31,0.6060829283792887,5.041574382185646e-15,0.005517002730006227,0.42850372357955024,3.565335610298036e-15,0.640404416118087,5.328456019139084e-15,300000000000000.0,50,52000000000000.0
519215.537,2291233000000.0,2.2205746e+31,0.6062427102987417,5.0316581897653254e-15,0.005515546412143344,0.42861671928243505,3.558322825240649e-15,0.6405732901597275,5.317975286001222e-15,300000000000000.0,50,52000000000000.0
520215.537,2289598700000.0,2.2149911e+31,0.6064024922181946,5.021741997345005e-15,0.005514090094280462,0.4287297149853198,3.5513100401832616e-15,0.640742164201368,5.30749455286336e-15,300000000000000.0,50,52000000000000.0
521215.537,2287933400000.0,2.2050025e+31,0.6065622741376476,5.011825804924684e-15,0.00551263377641758,0.4288427106882046,3.5442972551258743e-15,0.6409110382430085,5.2970138197254975e-15,300000000000000.0,50,52000000000000.0
522215.537,2285887900000.0,2.1917958e+31,0.6067220560571007,5.001909612504364e-15,0.005511177458554698,0.4289557063910894,3.537284470068487e-15,0.6410799122846491,5.2865330865876344e-15,300000000000000.0,50,52000000000000.0
523215.537,2283633200000.0,2.183735e+31,0.6068818379765537,4.991993420084043e-15,0.005509721140691815,0.4290687020939742,3.5302716850111e-15,0.6412487863262897,5.276052353449772e-15,300000000000000.0,50,52000000000000.0
524215.537,2281325400000.0,2.1790399e+31,0.607041248445727,4.981600098075436e-15,0.005508269104031297,0.42918143510520673,3.5229214818166794e-15,0.6414172677705411,5.265067343080558e-15,300000000000000.0,50,52000000000000.0
525215.537,2278262700000.0,2.17351e+31,0.6071984075205265,4.9683148496645996e-15,0.005506843016132827,0.42929257591812825,3.5135261562005272e-15,0.6415833696458388,5.251025861942834e-15,300000000000000.0,50,52000000000000.0
526215.537,2275603500000.0,2.1645984e+31,0.607355566595326,4.955029601253763e-15,0.005505416928234356,0.42940371673104977,3.504130830584375e-15,0.6417494715211366,5.236984380805109e-15,300000000000000.0,50,52000000000000.0
527215.537,2272761400000.0,2.1606763e+31,0.6075127256701254,4.9417443528429274e-15,0.005503990840335885,0.4295148575439713,3.4947355049682228e-15,0.6419155733964345,5.222942899667385e-15,300000000000000.0,50,52000000000000.0
528215.537,2269787800000.0,2.1592278e+31,0.6076698847449248,4.928459104432091e-15,0.005502564752437414,0.4296259983568928,3.4853401793520706e-15,0.6420816752717322,5.208901418529661e-15,300000000000000.0,50,52000000000000.0
529215.537,2266917800000.0,2.164019e+31,0.6078270438197243,4.9151738560212544e-15,0.005501138664538944,0.4297371391698143,3.4759448537359184e-15,0.64224777714703,5.194859937391937e-15,300000000000000.0,50,52000000000000.0
530215.537,2264399500000.0,2.1618859e+31,0.6079842028945237,4.901888607610418e-15,0.005499712576640473,0.42984827998273584,3.466549528119766e-15,0.6424138790223277,5.180818456254213e-15,300000000000000.0,50,52000000000000.0
531215.537,2261778700000.0,2.158593e+31,0.6081413619693231,4.888603359199582e-15,0.0054982864887420015,0.42995942079565735,3.457154202503614e-15,0.6425799808976256,5.1667769751164884e-15,300000000000000.0,50,52000000000000.0
532215.537,2259075200000.0,2.1540532e+31,0.6082985210441225,4.875318110788746e-15,0.005496860400843531,0.43007056160857887,3.4477588768874618e-15,0.6427460827729233,5.1527354939787645e-15,300000000000000.0,50,52000000000000.0
533215.537,2256438900000.0,2.1516092e+31,0.6084534734175593,4.863722566313512e-15,0.005495458129273132,0.43018014184263886,3.439558494494925e-15,0.6429098523353729,5.140479876398854e-15,300000000000000.0,50,52000000000000.0
534215.537,2253831200000.0,2.1452357e+31,0.6086070613762682,4.853171774415388e-15,0.005494070583460071,0.43028875716281484,3.4320969516032415e-15,0.6430721798168711,5.129328467381804e-15,300000000000000.0,50,52000000000000.0
535215.537,2251446400000.0,2.1395845e+31,0.6087606493349771,4.842620982517264e-15,0.0054926830376470104,0.4303973724829908,3.4246354087115586e-15,0.6432345072983695,5.118177058364755e-15,300000000000000.0,50,52000000000000.0
536215.537,2249192500000.0,2.1426715e+31,0.6089142372936859,4.83207019061914e-15,0.00549129549183395,0.4305059878031668,3.4171738658198753e-15,0.6433968347798678,5.1070256493477056e-15,300000000000000.0,50,52000000000000.0
537215.537,2246988600000.0,2.1414946e+31,0.6090678252523948,4.821519398721016e-15,0.005489907946020889,0.4306146031233428,3.409712322928192e-15,0.643559162261366,5.0958742403306555e-15,300000000000000.0,50,52000000000000.0
538215.537,2244831300000.0,2.1419007e+31,0.6092214132111037,4.810968606822893e-15,0.005488520400207829,0.4307232184435188,3.402250780036509e-15,0.6437214897428644,5.084722831313606e-15,300000000000000.0,50,52000000000000.0
539215.537,2242720400000.0,2.1404661e+31,0.6093750011698125,4.800417814924769e-15,0.005487132854394768,0.43083183376369477,3.394789237144826e-15,0.6438838172243626,5.073571422296557e-15,300000000000000.0,50,52000000000000.0
540215.537,2240997500000.0,2.1409857e+31,0.6095285891285214,4.789867023026645e-15,0.005485745308581707,0.43094044908387075,3.387327694253143e-15,0.6440461447058609,5.062420013279508e-15,300000000000000.0,50,52000000000000.0
541215.537,2239296500000.0,2.143029e+31,0.6096821770872303,4.779316231128521e-15,0.0054843577627686465,0.4310490644040467,3.3798661513614597e-15,0.6442084721873592,5.051268604262458e-15,300000000000000.0,50,52000000000000.0
542215.537,2237684300000.0,2.1589822e+31,0.6098330107806477,4.7730889785321245e-15,0.005483000777366473,0.43115573190184076,3.37546216413231e-15,0.644367888613545,5.044686765423447e-15,300000000000000.0,50,52000000000000.0
543215.537,2236158200000.0,2.1742157e+31,0.609983716526758,4.7670625726780646e-15,0.005481645211625032,0.4312623089150219,3.371200213334768e-15,0.644527169808862,5.038317202504716e-15,300000000000000.0,50,52000000000000.0
544215.537,2235085800000.0,2.1865031e+31,0.6101344222728683,4.761036166824005e-15,0.005480289645883591,0.431368885928203,3.3669382625372257e-15,0.6446864510041791,5.031947639585985e-15,300000000000000.0,50,52000000000000.0
545215.537,2233811800000.0,2.2081137e+31,0.6102851280189786,4.7550097609699455e-15,0.005478934080142149,0.4314754629413841,3.3626763117396836e-15,0.644845732199496,5.025578076667254e-15,300000000000000.0,50,52000000000000.0
546215.537,2232511300000.0,2.3409036e+31,0.6104358337650888,4.7489833551158855e-15,0.005477578514400708,0.43158203995456523,3.3584143609421414e-15,0.6450050133948131,5.019208513748523e-15,300000000000000.0,50,52000000000000.0
547215.537,2231577800000.0,2.299039e+31,0.6105865395111991,4.7429569492618256e-15,0.005476222948659267,0.4316886169677464,3.3541524101445992e-15,0.64516429459013,5.0128389508297916e-15,300000000000000.0,50,52000000000000.0
548215.537,2230814500000.0,2.3334634e+31,0.6107372452573094,4.736930543407766e-15,0.0054748673829178255,0.4317951939809275,3.349890459347057e-15,0.6453235757854471,5.0064693879110604e-15,300000000000000.0,50,52000000000000.0
549215.537,2229428900000.0,2.2697864e+31,0.6108879510034197,4.730904137553706e-15,0.005473511817176384,0.43190177099410865,3.345628508549515e-15,0.645482856980764,5.000099824992329e-15,300000000000000.0,50,52000000000000.0
550215.537,2229138300000.0,2.3319869e+31,0.6110384017802137,4.7246340208229875e-15,0.005472159431924111,0.4320081676897494,3.3411942099056978e-15,0.6456418686882401,4.993472685251639e-15,300000000000000.0,50,52000000000000.0
551215.537,2229367400000.0,2.2616844e+31,0.6111874344875848,4.7170084510229214e-15,0.005470824735680489,0.43211356150867486,3.3358013597994594e-15,0.64579938157824,4.9854129738559515e-15,300000000000000.0,50,52000000000000.0
552215.537,2229154000000.0,2.2589972e+31,0.6113364671949558,4.709382881222855e-15,0.0054694900394368666,0.4322189553276003,3.3304085096932213e-15,0.6459568944682399,4.977353262460264e-15,300000000000000.0,50,52000000000000.0
553215.537,2228634200000.0,2.3051565e+31,0.6114854999023268,4.701757311422789e-15,0.0054681553431932435,0.4323243491465257,3.3250156595869833e-15,0.6461144073582397,4.969293551064576e-15,300000000000000.0,50,52000000000000.0
554215.537,2225224800000.0,2.3210874e+31,0.6116345326096978,4.694131741622723e-15,0.005466820646949621,0.4324297429654511,3.3196228094807453e-15,0.6462719202482395,4.961233839668888e-15,300000000000000.0,50,52000000000000.0
555215.537,2221726800000.0,2.3893883e+31,0.6117835653170689,4.686506171822657e-15,0.005465485950705999,0.43253513678437655,3.3142299593745073e-15,0.6464294331382393,4.953174128273199e-15,300000000000000.0,50,52000000000000.0
556215.537,2219922600000.0,2.2745874e+31,0.6119325980244399,4.678880602022591e-15,0.005464151254462376,0.432640530603302,3.3088371092682693e-15,0.6465869460282392,4.9451144168775114e-15,300000000000000.0,50,52000000000000.0
557215.537,2218289000000.0,2.2590006e+31,0.6120816307318109,4.671255032222525e-15,0.005462816558218754,0.43274592442222737,3.3034442591620312e-15,0.6467444589182391,4.9370547054818236e-15,300000000000000.0,50,52000000000000.0
558215.537,2216688300000.0,2.239261e+31,0.612230663439182,4.663629462422459e-15,0.005461481861975131,0.4328513182411528,3.2980514090557932e-15,0.6469019718082388,4.928994994086136e-15,300000000000000.0,50,52000000000000.0
559215.537,2215125300000.0,2.2357819e+31,0.6123792529269033,4.656211663840959e-15,0.005460152315100708,0.43295639861240187,3.2928054932681434e-15,0.6470590162450536,4.921154878609874e-15,300000000000000.0,50,52000000000000.0
560215.537,2213478100000.0,2.2305557e+31,0.6125261342074091,4.64959463367092e-15,0.005458842614344636,0.43306027092894744,3.2881258751693534e-15,0.6472142552224046,4.914161104974298e-15,300000000000000.0,50,52000000000000.0
561215.537,2212054800000.0,2.2277766e+31,0.612673015487915,4.64297760350088e-15,0.005457532913588564,0.43316414324549296,3.2834462570705635e-15,0.6473694941997556,4.9071673313387215e-15,300000000000000.0,50,52000000000000.0
562215.537,2210786200000.0,2.2176647e+31,0.6128198967684207,4.6363605733308415e-15,0.005456223212832493,0.4332680155620385,3.2787666389717735e-15,0.6475247331771067,4.900173557703146e-15,300000000000000.0,50,52000000000000.0
563215.537,2209472500000.0,2.203895e+31,0.6129667780489265,4.629743543160803e-15,0.00545491351207642,0.43337188787858405,3.274087020872983e-15,0.6476799721544577,4.89317978406757e-15,300000000000000.0,50,52000000000000.0
564215.537,2208358600000.0,2.1901577e+31,0.6131136593294323,4.623126512990764e-15,0.005453603811320348,0.43347576019512957,3.269407402774193e-15,0.6478352111318088,4.886186010431994e-15,300000000000000.0,50,52000000000000.0
565215.537,2207491600000.0,2.1689443e+31,0.6132605406099381,4.616509482820725e-15,0.005452294110564276,0.4335796325116751,3.264727784675403e-15,0.6479904501091598,4.879192236796418e-15,300000000000000.0,50,52000000000000.0
566215.537,2206645200000.0,2.1793364e+31,0.6134074218904438,4.609892452650686e-15,0.005450984409808205,0.43368350482822066,3.260048166576613e-15,0.6481456890865107,4.872198463160842e-15,300000000000000.0,50,52000000000000.0
567215.537,2204515300000.0,2.1572361e+31,0.6135543031709496,4.6032754224806474e-15,0.005449674709052133,0.4337873771447662,3.2553685484778232e-15,0.6483009280638617,4.865204689525266e-15,300000000000000.0,50,52000000000000.0
568215.537,2203359500000.0,2.1675467e+31,0.6137009679406961,4.5972364844026804e-15,0.005448367580893045,0.43389109634312395,3.2510977491680116e-15,0.64845593820332,4.858821902664846e-15,300000000000000.0,50,52000000000000.0
569215.537,2202841400000.0,2.1867843e+31,0.6138459519733606,4.595685179266565e-15,0.005447080423377265,0.43399362691040916,3.250000542249152e-15,0.6486091719122059,4.8571821047102255e-15,300000000000000.0,50,52000000000000.0
570215.537,2202286200000.0,2.2309618e+31,0.613990936006025,4.594133874130449e-15,0.005445793265861485,0.43409615747769437,3.2489033353302923e-15,0.6487624056210918,4.855542306755605e-15,300000000000000.0,50,52000000000000.0
571215.537,2202037700000.0,2.2286836e+31,0.6141359200386894,4.5925825689943346e-15,0.005444506108345704,0.4341986880449796,3.2478061284114327e-15,0.6489156393299778,4.853902508800984e-15,300000000000000.0,50,52000000000000.0
572215.537,2202428000000.0,2.2066464e+31,0.6142809040713539,4.591031263858219e-15,0.005443218950829924,0.4343012186122648,3.2467089214925726e-15,0.6490688730388636,4.852262710846363e-15,300000000000000.0,50,52000000000000.0
573215.537,2203083000000.0,2.1953324e+31,0.6144258881040183,4.589479958722104e-15,0.005441931793314144,0.43440374917955,3.245611714573713e-15,0.6492221067477495,4.8506229128917426e-15,300000000000000.0,50,52000000000000.0
574215.537,2203654900000.0,2.2563998e+31,0.6145708721366828,4.587928653585989e-15,0.005440644635798364,0.43450627974683526,3.2445145076548533e-15,0.6493753404566354,4.848983114937122e-15,300000000000000.0,50,52000000000000.0
575215.537,2203753800000.0,2.3625067e+31,0.6147158561693473,4.586377348449874e-15,0.005439357478282584,0.43460881031412046,3.2434173007359937e-15,0.6495285741655213,4.847343316982501e-15,300000000000000.0,50,52000000000000.0
576215.537,2203101000000.0,2.3469173e+31,0.6148608402020118,4.5848260433137585e-15,0.005438070320766804,0.4347113408814057,3.2423200938171336e-15,0.6496818078744072,4.84570351902788e-15,300000000000000.0,50,52000000000000.0
577215.537,2202494200000.0,2.352694e+31,0.6150058242346762,4.583274738177644e-15,0.005436783163251024,0.4348138714486909,3.241222886898274e-15,0.6498350415832931,4.84406372107326e-15,300000000000000.0,50,52000000000000.0
578215.537,2202172800000.0,2.3506527e+31,0.6151504130364219,4.581930142251585e-15,0.005435504401635903,0.43491612247709716,3.2402718635167504e-15,0.6499878575156648,4.842642396989426e-15,300000000000000.0,50,52000000000000.0
579215.537,2201938400000.0,2.3581164e+31,0.6152949450415948,4.580615251427432e-15,0.005434226846551853,0.4350183333344299,3.239341847408547e-15,0.6501406134115537,4.841252468645499e-15,300000000000000.0,50,52000000000000.0
580215.537,2201947500000.0,2.3757497e+31,0.6154394770467675,4.579300360603279e-15,0.005432949291467803,0.4351205441917626,3.238411831300344e-15,0.6502933693074427,4.839862540301573e-15,300000000000000.0,50,52000000000000.0
581215.537,2202097600000.0,2.3659777e+31,0.6155840090519403,4.577985469779126e-15,0.005431671736383753,0.43522275504909536,3.2374818151921405e-15,0.6504461252033317,4.838472611957647e-15,300000000000000.0,50,52000000000000.0
582215.537,2202180100000.0,2.3561909e+31,0.6157285410571132,4.576670578954973e-15,0.005430394181299704,0.43532496590642805,3.2365517990839374e-15,0.6505988810992206,4.83708268361372e-15,300000000000000.0,50,52000000000000.0
583215.537,2202229800000.0,2.3693724e+31,0.6158730730622859,4.57535568813082e-15,0.005429116626215654,0.4354271767637608,3.235621782975734e-15,0.6507516369951096,4.835692755269794e-15,300000000000000.0,50,52000000000000.0
584215.537,2202243600000.0,2.3922254e+31,0.6160176050674587,4.5740407973066675e-15,0.005427839071131604,0.4355293876210935,3.234691766867531e-15,0.6509043928909986,4.8343028269258674e-15,300000000000000.0,50,52000000000000.0
585215.537,2202157800000.0,2.4356931e+31,0.6161621370726316,4.5727259064825146e-15,0.005426561516047555,0.43563159847842625,3.2337617507593275e-15,0.6510571487868875,4.8329128985819414e-15,300000000000000.0,50,52000000000000.0
586215.537,2201977000000.0,2.4512918e+31,0.6163066690778043,4.571411015658362e-15,0.005425283960963505,0.43573380933575895,3.2328317346511245e-15,0.6512099046827764,4.8315229702380154e-15,300000000000000.0,50,52000000000000.0
587215.537,2201848400000.0,2.4623279e+31,0.6164510125079363,4.571087643505287e-15,0.005424010789860657,0.43583588681485047,3.2326029060081366e-15,0.6513624612421203,4.831180978710345e-15,300000000000000.0,50,52000000000000.0
588215.537,2201859400000.0,2.4853392e+31,0.6165951551417717,4.571820048810491e-15,0.0054227422868580325,0.4359378222716638,3.233120707702424e-15,0.6515148055462265,4.831954839158615e-15,300000000000000.0,50,52000000000000.0
589215.537,2202084700000.0,2.5054166e+31,0.616739297775607,4.572552454115694e-15,0.005421473783855408,0.4360397577284771,3.2336385093967112e-15,0.6516671498503329,4.832728699606885e-15,300000000000000.0,50,52000000000000.0
590215.537,2202483200000.0,2.5252268e+31,0.6168834404094423,4.573284859420898e-15,0.005420205280852784,0.4361416931852904,3.234156311090998e-15,0.6518194941544392,4.8335025600551545e-15,300000000000000.0,50,52000000000000.0
591215.537,2203047600000.0,2.5485579e+31,0.6170275830432775,4.574017264726101e-15,0.005418936777850159,0.43624362864210375,3.2346741127852854e-15,0.6519718384585454,4.8342764205034234e-15,300000000000000.0,50,52000000000000.0
592215.537,2203734500000.0,2.5707187e+31,0.6171717256771129,4.574749670031305e-15,0.005417668274847535,0.43634556409891706,3.2351919144795728e-15,0.6521241827626518,4.835050280951693e-15,300000000000000.0,50,52000000000000.0
593215.537,2204508800000.0,2.5993564e+31,0.6173158683109482,4.575482075336509e-15,0.005416399771844911,0.43644749955573037,3.23570971617386e-15,0.6522765270667581,4.835824141399963e-15,300000000000000.0,50,52000000000000.0
594215.537,2205388600000.0,2.6278048e+31,0.6174600109447835,4.576214480641712e-15,0.005415131268842286,0.4365494350125437,3.236227517868147e-15,0.6524288713708645,4.8365980018482326e-15,300000000000000.0,50,52000000000000.0
595215.537,2206401600000.0,2.6604751e+31,0.6176041535786189,4.576946885946916e-15,0.005413862765839661,0.43665137046935704,3.2367453195624343e-15,0.6525812156749707,4.837371862296502e-15,300000000000000.0,50,52000000000000.0
596215.537,2206264400000.0,2.6141412e+31,0.6177482962124541,4.577679291252119e-15,0.005412594262837037,0.43675330592617034,3.2372631212567216e-15,0.6527335599790771,4.838145722744772e-15,300000000000000.0,50,52000000000000.0
597215.537,2202615400000.0,2.4858479e+31,0.6178926463714257,4.558142952531256e-15,0.005411329260030345,0.4368553881007455,3.2234471909178602e-15,0.6528861235545265,4.81749757291093e-15,300000000000000.0,50,52000000000000.0
598215.537,2198771500000.0,2.286017e+31,0.6180370094158381,4.5373481074598235e-15,0.005410064474554278,0.4369574793851715,3.208741264989343e-15,0.6530387007447502,4.795519309284773e-15,300000000000000.0,50,52000000000000.0
599215.537,2194981500000.0,2.2361886e+31,0.6181813724602504,4.516553262388391e-15,0.005408799689078211,0.4370595706695975,3.194035339060825e-15,0.653191277934974,4.7735410456586165e-15,300000000000000.0,50,52000000000000.0
600215.537,2191077300000.0,2.1840968e+31,0.6183257355046627,4.495758417316959e-15,0.005407534903602144,0.4371616619540235,3.179329413132307e-15,0.6533438551251979,4.751562782032459e-15,300000000000000.0,50,52000000000000.0
601215.537,2186808300000.0,2.12334e+31,0.6184700985490751,4.474963572245526e-15,0.005406270118126077,0.4372637532384495,3.1646234872037893e-15,0.6534964323154216,4.729584518406302e-15,300000000000000.0,50,52000000000000.0
602215.537,2181834600000.0,2.0408654e+31,0.6186144615934874,4.454168727174094e-15,0.00540500533265001,0.4373658445228755,3.149917561275272e-15,0.6536490095056454,4.707606254780144e-15,300000000000000.0,50,52000000000000.0
603215.537,2175966900000.0,2.0172764e+31,0.6187588246378998,4.433373882102662e-15,0.005403740547173943,0.43746793580730153,3.135211635346754e-15,0.6538015866958693,4.6856279911539875e-15,300000000000000.0,50,52000000000000.0
604215.537,2169930400000.0,1.9859964e+31,0.6189031876823122,4.412579037031229e-15,0.005402475761697876,0.43757002709172754,3.1205057094182363e-15,0.6539541638860931,4.66364972752783e-15,300000000000000.0,50,52000000000000.0
605215.537,2164103400000.0,1.9703701e+31,0.6190475507267246,4.391784191959797e-15,0.005401210976221809,0.43767211837615355,3.105799783489719e-15,0.6541067410763168,4.641671463901673e-15,300000000000000.0,50,52000000000000.0
606215.537,2157824400000.0,1.9410243e+31,0.6191903647466039,4.3696043362168e-15,0.005399961093653162,0.43777311420447185,3.0901144052176633e-15,0.6542576810882192,4.618229391929385e-15,300000000000000.0,50,52000000000000.0
607215.537,2150673500000.0,1.9444548e+31,0.6193283679932621,4.343123081684827e-15,0.0053987574947336175,0.43787070789757787,3.0713871622070566e-15,0.6544035365495159,4.590241200871803e-15,300000000000000.0,50,52000000000000.0
608215.537,2142759600000.0,1.881073e+31,0.6194663712399202,4.316641827152854e-15,0.0053975538958140725,0.43796830159068384,3.05265991919645e-15,0.6545493920108126,4.562253009814222e-15,300000000000000.0,50,52000000000000.0
609215.537,2134906600000.0,1.8430248e+31,0.6196043744865783,4.29016057262088e-15,0.005396350296894528,0.43806589528378986,3.033932676185843e-15,0.6546952474721093,4.5342648187566404e-15,300000000000000.0,50,52000000000000.0
610215.537,2126309100000.0,1.8090425e+31,0.6197423777332364,4.263679318088907e-15,0.005395146697974984,0.43816348897689583,3.015205433175236e-15,0.6548411029334059,4.506276627699059e-15,300000000000000.0,50,52000000000000.0
611215.537,2120186000000.0,1.7878102e+31,0.6198803809798945,4.237198063556934e-15,0.005393943099055439,0.43826108267000186,2.9964781901646294e-15,0.6549869583947026,4.4782884366414775e-15,300000000000000.0,50,52000000000000.0
612215.537,2115250800000.0,1.7306186e+31,0.6200183842265526,4.210716809024961e-15,0.005392739500135895,0.4383586763631078,2.9777509471540223e-15,0.6551328138559993,4.4503002455838964e-15,300000000000000.0,50,52000000000000.0
613215.537,2109703000000.0,1.6860034e+31,0.6201563874732108,4.184235554492988e-15,0.005391535901216351,0.43845627005621385,2.9590237041434156e-15,0.655278669317296,4.4223120545263146e-15,300000000000000.0,50,52000000000000.0
614215.537,2104313400000.0,1.6434244e+31,0.6202943907198689,4.157754299961015e-15,0.005390332302296806,0.4385538637493198,2.940296461132809e-15,0.6554245247785926,4.3943238634687335e-15,300000000000000.0,50,52000000000000.0
615215.537,2099152100000.0,1.6119972e+31,0.6204323939665269,4.131273045429042e-15,0.005389128703377262,0.43865145744242584,2.921569218122202e-15,0.6555703802398892,4.366335672411152e-15,300000000000000.0,50,52000000000000.0
616215.537,2094443700000.0,1.5787124e+31,0.620567204878395,4.110440282603748e-15,0.0053879548707896786,0.4387467935525569,2.9068365040179218e-15,0.6557128617040848,4.344317373976929e-15,300000000000000.0,50,52000000000000.0
617215.537,2090438700000.0,1.5513482e+31,0.6206969774996277,4.098522231029032e-15,0.0053868280168059765,0.43883856664066534,2.8984081404608656e-15,0.6558500181697712,4.331721036607333e-15,300000000000000.0,50,52000000000000.0
618215.537,2087387400000.0,1.532561e+31,0.6208267501208604,4.086604179454315e-15,0.005385701162822275,0.43893033972877377,2.8899797769038094e-15,0.6559871746354574,4.319124699237738e-15,300000000000000.0,50,52000000000000.0
619215.537,2085263900000.0,1.5166073e+31,0.6209565227420931,4.0746861278795985e-15,0.005384574308838574,0.4390221128168822,2.8815514133467536e-15,0.6561243311011438,4.306528361868142e-15,300000000000000.0,50,52000000000000.0
620215.537,2083133400000.0,1.5067924e+31,0.6210862953633258,4.062768076304882e-15,0.005383447454854873,0.4391138859049906,2.8731230497896974e-15,0.6562614875668301,4.293932024498547e-15,300000000000000.0,50,52000000000000.0
621215.537,2080397700000.0,1.497069e+31,0.6212160679845585,4.050850024730166e-15,0.005382320600871172,0.43920565899309905,2.8646946862326413e-15,0.6563986440325165,4.281335687128951e-15,300000000000000.0,50,52000000000000.0
622215.537,2077950100000.0,1.4834195e+31,0.6213458406057912,4.03893197315545e-15,0.0053811937468874705,0.4392974320812075,2.856266322675585e-15,0.6565358004982028,4.268739349759356e-15,300000000000000.0,50,52000000000000.0
623215.537,2075909400000.0,1.4769267e+31,0.6214756132270239,4.027013921580734e-15,0.005380066892903769,0.4393892051693159,2.847837959118529e-15,0.6566729569638892,4.25614301238976e-15,300000000000000.0,50,52000000000000.0
624215.537,2073664600000.0,1.4693245e+31,0.6216053858482566,4.015095870006017e-15,0.005378940038920068,0.4394809782574243,2.8394095955614727e-15,0.6568101134295755,4.243546675020165e-15,300000000000000.0,50,52000000000000.0
625215.537,2069908700000.0,1.4615693e+31,0.6217351584694893,4.0031778184313005e-15,0.005377813184936367,0.4395727513455327,2.8309812320044166e-15,0.6569472698952619,4.230950337650569e-15,300000000000000.0,50,52000000000000.0
626215.537,2066557900000.0,1.4611344e+31,0.6218635312274139,3.990758904990023e-15,0.005376700187268761,0.4396635344600018,2.8221986712264052e-15,0.6570829468279565,4.217824646505891e-15,300000000000000.0,50,52000000000000.0
627215.537,2060426300000.0,1.4647647e+31,0.621989539358124,3.9774939435143374e-15,0.005375610595473671,0.4397526453264767,2.812817806040357e-15,0.6572161245566529,4.203804779240379e-15,300000000000000.0,50,52000000000000.0
628215.537,2055352700000.0,1.4468311e+31,0.622115547488834,3.964228982038652e-15,0.005374521003678581,0.43984175619295157,2.803436940854309e-15,0.6573493022853494,4.189784911974867e-15,300000000000000.0,50,52000000000000.0
629215.537,2049746200000.0,1.4320576e+31,0.6222415556195441,3.950964020562967e-15,0.005373431411883491,0.4399308670594264,2.7940560756682604e-15,0.6574824800140459,4.175765044709355e-15,300000000000000.0,50,52000000000000.0
630215.537,2046924800000.0,1.4255976e+31,0.6223675637502541,3.937699059087282e-15,0.005372341820088401,0.4400199779259013,2.7846752104822123e-15,0.6576156577427423,4.161745177443843e-15,300000000000000.0,50,52000000000000.0
631215.537,2043511300000.0,1.4197683e+31,0.6224935718809643,3.924434097611597e-15,0.005371252228293311,0.4401090887923762,2.7752943452961642e-15,0.6577488354714388,4.1477253101783316e-15,300000000000000.0,50,52000000000000.0
632215.537,2041604800000.0,1.4103771e+31,0.6226195800116744,3.911169136135912e-15,0.005370162636498222,0.4401981996588511,2.765913480110116e-15,0.6578820132001353,4.133705442912819e-15,300000000000000.0,50,52000000000000.0
633215.537,2040356200000.0,1.3991883e+31,0.6227455881423845,3.897904174660227e-15,0.005369073044703131,0.440287310525326,2.756532614924068e-15,0.6580151909288317,4.1196855756473074e-15,300000000000000.0,50,52000000000000.0
634215.537,2038694300000.0,1.3913779e+31,0.6228715962730945,3.884639213184542e-15,0.005367983452908042,0.4403764213918009,2.74715174973802e-15,0.6581483686575281,4.105665708381796e-15,300000000000000.0,50,52000000000000.0
635215.537,2036535100000.0,1.4224872e+31,0.6229976044038046,3.871374251708856e-15,0.005366893861112951,0.4404655322582757,2.7377708845519713e-15,0.6582815463862246,4.091645841116284e-15,300000000000000.0,50,52000000000000.0
636215.537,2034213300000.0,1.3831911e+31,0.6231227909117962,3.858684341422932e-15,0.005365812210132511,0.44055406208032244,2.7287966879146855e-15,0.6584138557338499,4.078233747059819e-15,300000000000000.0,50,52000000000000.0
637215.537,2032398800000.0,1.3615932e+31,0.6232445409645664,3.8483995954774905e-15,0.005364763771785261,0.44064016167117626,2.721523391491665e-15,0.6585425330584077,4.067363677914405e-15,300000000000000.0,50,52000000000000.0
638215.537,2030675800000.0,1.3709351e+31,0.6233662910173365,3.838114849532048e-15,0.005363715333438012,0.4407262612620301,2.7142500950686446e-15,0.6586712103829655,4.0564936087689896e-15,300000000000000.0,50,52000000000000.0
639215.537,2028896400000.0,1.3403977e+31,0.6234880410701066,3.827830103586606e-15,0.005362666895090762,0.44081236085288383,2.7069767986456243e-15,0.6587998877075233,4.045623539623575e-15,300000000000000.0,50,52000000000000.0
640215.537,2026791400000.0,1.319688e+31,0.6236097911228767,3.817545357641164e-15,0.005361618456743512,0.44089846044373765,2.6997035022226036e-15,0.6589285650320811,4.034753470478161e-15,300000000000000.0,50,52000000000000.0
641215.537,2024530900000.0,1.3129292e+31,0.6237315411756469,3.807260611695722e-15,0.005360570018396262,0.44098456003459147,2.6924302057995833e-15,0.6590572423566389,4.0238834013327454e-15,300000000000000.0,50,52000000000000.0
642215.537,2021444500000.0,1.3310787e+31,0.6238532912284169,3.79697586575028e-15,0.005359521580049012,0.4410706596254452,2.6851569093765626e-15,0.6591859196811968,4.013013332187331e-15,300000000000000.0,50,52000000000000.0
643215.537,2018885100000.0,1.3521505e+31,0.6239750412811871,3.786691119804838e-15,0.005358473141701762,0.44115675921629904,2.6778836129535423e-15,0.6593145970057546,4.002143263041916e-15,300000000000000.0,50,52000000000000.0
644215.537,2014539500000.0,1.3032416e+31,0.6240967913339572,3.7764063738593955e-15,0.005357424703354512,0.44124285880715286,2.670610316530522e-15,0.6594432743303124,3.991273193896501e-15,300000000000000.0,50,52000000000000.0
645215.537,2011340200000.0,1.2753341e+31,0.6242185413867273,3.766121627913954e-15,0.005356376265007262,0.4413289583980066,2.6633370201075014e-15,0.6595719516548701,3.980403124751087e-15,300000000000000.0,50,52000000000000.0
646215.537,2008842300000.0,1.2728699e+31,0.6243402914394974,3.755836881968511e-15,0.005355327826660012,0.44141505798886044,2.656063723684481e-15,0.6597006289794279,3.9695330556056715e-15,300000000000000.0,50,52000000000000.0
647215.537,2006300900000.0,1.2847403e+31,0.6244591946747686,3.746412162075009e-15,0.005354307393191902,0.44149914433139076,2.6493986300957203e-15,0.6598262974690351,3.959571956243641e-15,300000000000000.0,50,52000000000000.0
648215.537,2003875800000.0,1.2813489e+31,0.6245775896091638,3.737141000319922e-15,0.005353291960010815,0.4415828712072932,2.642842131467307e-15,0.6599514287294587,3.949773153950983e-15,300000000000000.0,50,52000000000000.0
649215.537,2002027100000.0,1.277733e+31,0.6246959845435589,3.727869838564836e-15,0.005352276526829728,0.4416665980831957,2.6362856328388943e-15,0.6600765599898822,3.9399743516583245e-15,300000000000000.0,50,52000000000000.0
650215.537,1999435000000.0,1.2658373e+31,0.624814379477954,3.71859867680975e-15,0.005351261093648641,0.44175032495909816,2.6297291342104816e-15,0.6602016912503058,3.930175549365666e-15,300000000000000.0,50,52000000000000.0
651215.537,1996565700000.0,1.2557648e+31,0.6249327744123493,3.709327515054664e-15,0.005350245660467554,0.44183405183500063,2.623172635582069e-15,0.6603268225107294,3.920376747073008e-15,300000000000000.0,50,52000000000000.0
652215.537,1993399700000.0,1.2517286e+31,0.6250511693467444,3.7000563532995775e-15,0.005349230227286467,0.4419177787109031,2.6166161369536557e-15,0.660451953771153,3.91057794478035e-15,300000000000000.0,50,52000000000000.0
653215.537,1989779800000.0,1.2484082e+31,0.6251695642811396,3.690785191544491e-15,0.00534821479410538,0.44200150558680557,2.610059638325243e-15,0.6605770850315765,3.9007791424876914e-15,300000000000000.0,50,52000000000000.0
654215.537,1986439100000.0,1.2566643e+31,0.6252879592155348,3.681514029789405e-15,0.0053471993609242935,0.44208523246270803,2.60350313969683e-15,0.6607022162920001,3.890980340195033e-15,300000000000000.0,50,52000000000000.0
655215.537,1983837800000.0,1.2670627e+31,0.62540635414993,3.672242868034318e-15,0.005346183927743206,0.4421689593386105,2.596946641068417e-15,0.6608273475524237,3.881181537902375e-15,300000000000000.0,50,52000000000000.0
656215.537,1983367300000.0,1.2962256e+31,0.6255247490843251,3.662971706279232e-15,0.0053451684945621195,0.44225268621451297,2.5903901424400042e-15,0.6609524788128472,3.871382735609717e-15,300000000000000.0,50,52000000000000.0
657215.537,1984605800000.0,1.3301333e+31,0.6256421118908024,3.652182749136557e-15,0.005344163235050072,0.44233568317700694,2.5827602882002333e-15,0.661076519204869,3.8599797849128325e-15,300000000000000.0,50,52000000000000.0
658215.537,1985524900000.0,1.3432354e+31,0.6257574331703063,3.638391625139924e-15,0.00534317809883806,0.442417236386371,2.5730073594898997e-15,0.6611984018824945,3.8454038629397294e-15,300000000000000.0,50,52000000000000.0
659215.537,1985173100000.0,1.3993901e+31,0.6258727544498103,3.624600501143291e-15,0.005342192962626047,0.4424987895957351,2.563254430779566e-15,0.6613202845601199,3.830827940966627e-15,300000000000000.0,50,52000000000000.0
660215.537,1984550800000.0,1.4580122e+31,0.6259880757293141,3.610809377146659e-15,0.005341207826414035,0.44258034280509917,2.5535015020692325e-15,0.6614421672377454,3.816252018993525e-15,300000000000000.0,50,52000000000000.0
661215.537,1981552600000.0,1.3777365e+31,0.626103397008818,3.5970182531500255e-15,0.005340222690202023,0.44266189601446326,2.543748573358899e-15,0.6615640499153709,3.8016760970204225e-15,300000000000000.0,50,52000000000000.0
662215.537,1973791300000.0,1.3626361e+31,0.6262187182883219,3.583227129153393e-15,0.00533923755399001,0.44274344922382736,2.5339956446485654e-15,0.6616859325929965,3.78710017504732e-15,300000000000000.0,50,52000000000000.0
663215.537,1964958200000.0,1.3490509e+31,0.6263340395678257,3.56943600515676e-15,0.005338252417777998,0.44282500243319145,2.5242427159382318e-15,0.6618078152706219,3.772524253074217e-15,300000000000000.0,50,52000000000000.0
664215.537,1956318300000.0,1.3334235e+31,0.6264493608473296,3.5556448811601275e-15,0.0053372672815659855,0.4429065556425555,2.514489787227898e-15,0.6619296979482474,3.757948331101115e-15,300000000000000.0,50,52000000000000.0
665215.537,1950454500000.0,1.3166642e+31,0.6265646821268335,3.5418537571634947e-15,0.005336282145353973,0.4429881088519196,2.5047368585175642e-15,0.6620515806258729,3.743372409128012e-15,300000000000000.0,50,52000000000000.0
666215.537,1948153300000.0,1.3590829e+31,0.6266800034063373,3.528062633166862e-15,0.005335297009141961,0.4430696620612837,2.4949839298072306e-15,0.6621734633034985,3.72879648715491e-15,300000000000000.0,50,52000000000000.0
667215.537,1946746800000.0,1.3511803e+31,0.6267953246858412,3.514271509170229e-15,0.005334311872929948,0.44315121527064777,2.485231001096897e-15,0.6622953459811239,3.714220565181808e-15,300000000000000.0,50,52000000000000.0
668215.537,1943791700000.0,1.3057617e+31,0.6269076159037802,3.5039683071740304e-15,0.005333355044587166,0.44323062565434823,2.4779446756641114e-15,0.6624140261684408,3.7033310244550154e-15,300000000000000.0,50,52000000000000.0
669215.537,1941102500000.0,1.2844375e+31,0.6270182906690247,3.495525813547856e-15,0.005332413317697113,0.4433088929007746,2.471974213763679e-15,0.6625309979171742,3.694408064528842e-15,300000000000000.0,50,52000000000000.0
670215.537,1939377200000.0,1.2746038e+31,0.6271289654342693,3.4870833199216815e-15,0.0053314715908070595,0.4433871601472009,2.4660037518632464e-15,0.6626479696659076,3.68548510460267e-15,300000000000000.0,50,52000000000000.0
671215.537,1938447600000.0,1.301776e+31,0.6272396401995138,3.478640826295507e-15,0.005330529863917006,0.44346542739362727,2.460033289962814e-15,0.6627649414146408,3.676562144676496e-15,300000000000000.0,50,52000000000000.0
672215.537,1938985900000.0,1.3373406e+31,0.6273503149647585,3.470198332669333e-15,0.005329588137026954,0.44354369464005367,2.4540628280623815e-15,0.6628819131633742,3.667639184750323e-15,300000000000000.0,50,52000000000000.0
673215.537,1936426700000.0,1.3832768e+31,0.627460989730003,3.4617558390431587e-15,0.0053286464101369,0.44362196188648,2.448092366161949e-15,0.6629988849121076,3.6587162248241506e-15,300000000000000.0,50,52000000000000.0
674215.537,1935671600000.0,1.3988189e+31,0.6275716644952476,3.4533133454169843e-15,0.005327704683246847,0.44370022913290635,2.4421219042615165e-15,0.6631158566608408,3.649793264897977e-15,300000000000000.0,50,52000000000000.0
675215.537,1935035600000.0,1.466665e+31,0.6276823392604921,3.44487085179081e-15,0.005326762956356794,0.4437784963793327,2.436151442361084e-15,0.6632328284095742,3.640870304971804e-15,300000000000000.0,50,52000000000000.0
676215.537,1935018900000.0,1.4775289e+31,0.6277930140257367,3.4364283581646354e-15,0.00532582122946674,0.44385676362575904,2.4301809804606516e-15,0.6633498001583076,3.6319473450456315e-15,300000000000000.0,50,52000000000000.0
677215.537,1928790500000.0,1.443764e+31,0.6279036887909812,3.427985864538461e-15,0.005324879502576688,0.44393503087218544,2.424210518560219e-15,0.6634667719070408,3.623024385119458e-15,300000000000000.0,50,52000000000000.0
678215.537,1922975700000.0,1.4066168e+31,0.6280143635562259,3.419543370912287e-15,0.005323937775686635,0.4440132981186118,2.4182400566597866e-15,0.6635837436557742,3.614101425193285e-15,300000000000000.0,50,52000000000000.0
679215.537,1918127500000.0,1.2393808e+31,0.6281227411606979,3.4053828168292016e-15,0.005323018383976246,0.4440899408318754,2.4082258911648423e-15,0.6636982875112303,3.599135080728613e-15,300000000000000.0,50,52000000000000.0
680215.537,1915585900000.0,1.2343916e+31,0.628230525212658,3.3897448001376934e-15,0.005322104763347339,0.4441661637896953,2.3971668922153624e-15,0.6638122040348208,3.582607214704097e-15,300000000000000.0,50,52000000000000.0
681215.537,1911562700000.0,1.2884131e+31,0.6283383092646181,3.3741067834461855e-15,0.005321191142718431,0.44424238674751526,2.386107893265883e-15,0.6639261205584113,3.566079348679582e-15,300000000000000.0,50,52000000000000.0
682215.537,1908590400000.0,1.2709134e+31,0.6284460933165783,3.3584687667546773e-15,0.0053202775220895235,0.4443186097053352,2.375048894316403e-15,0.6640400370820018,3.5495514826550664e-15,300000000000000.0,50,52000000000000.0
683215.537,1902097100000.0,1.1538848e+31,0.6285538773685384,3.3428307500631694e-15,0.005319363901460616,0.44439483266315516,2.3639898953669237e-15,0.6641539536055923,3.533023616630551e-15,300000000000000.0,50,52000000000000.0
684215.537,1888088300000.0,1.2979901e+31,0.6286616614204985,3.327192733371661e-15,0.005318450280831708,0.4444710556209751,2.352930896417444e-15,0.6642678701291828,3.5164957506060355e-15,300000000000000.0,50,52000000000000.0
685215.537,1882263000000.0,1.7845237e+31,0.6287694454724587,3.311554716680153e-15,0.005317536660202801,0.44454727857879506,2.341871897467964e-15,0.6643817866527733,3.49996788458152e-15,300000000000000.0,50,52000000000000.0
686215.537,1879211000000.0,1.816228e+31,0.6288772295244188,3.295916699988645e-15,0.005316623039573893,0.444623501536615,2.3308128985184845e-15,0.6644957031763638,3.4834400185570042e-15,300000000000000.0,50,52000000000000.0
687215.537,1876216900000.0,2.1841719e+31,0.6289850135763789,3.280278683297137e-15,0.0053157094189449855,0.44469972449443496,2.3197538995690046e-15,0.6646096196999542,3.466912152532489e-15,300000000000000.0,50,52000000000000.0
688215.537,1875983200000.0,1.9408612e+31,0.6290927976283391,3.264640666605629e-15,0.005314795798316078,0.44477594745225485,2.308694900619525e-15,0.6647235362235447,3.4503842865079734e-15,300000000000000.0,50,52000000000000.0
689215.537,1875058500000.0,1.5915394e+31,0.6292005816802992,3.2490026499141207e-15,0.005313882177687171,0.4448521704100748,2.2976359016700453e-15,0.6648374527471351,3.4338564204834577e-15,300000000000000.0,50,52000000000000.0
690215.537,1873177300000.0,1.5667102e+31,0.6293042267004259,3.2393606134539156e-15,0.005313006135306173,0.444925466299226,2.2908171588327684e-15,0.6649469947157571,3.423665690396333e-15,300000000000000.0,50,52000000000000.0
691215.537,1871009100000.0,1.5058152e+31,0.629406569202499,3.231605460886693e-15,0.005312141918479626,0.44499784106480583,2.285332788466979e-15,0.6650551600492017,3.4154692029962464e-15,300000000000000.0,50,52000000000000.0
692215.537,1869387800000.0,1.4568987e+31,0.6295089117045723,3.2238503083194703e-15,0.005311277701653079,0.44507021583038564,2.2798484181011898e-15,0.6651633253826464,3.40727271559616e-15,300000000000000.0,50,52000000000000.0
693215.537,1868082100000.0,1.4150477e+31,0.6296112542066455,3.216095155752248e-15,0.005310413484826531,0.44514259059596545,2.2743640477354006e-15,0.665271490716091,3.3990762281960738e-15,300000000000000.0,50,52000000000000.0
694215.537,1866660400000.0,1.3557282e+31,0.6297135967087187,3.208340003185025e-15,0.005309549267999984,0.4452149653615453,2.2688796773696115e-15,0.6653796560495356,3.390879740795987e-15,300000000000000.0,50,52000000000000.0
695215.537,1865195000000.0,1.3329948e+31,0.6298159392107919,3.2005848506178023e-15,0.005308685051173437,0.4452873401271251,2.263395307003822e-15,0.6654878213829802,3.382683253395901e-15,300000000000000.0,50,52000000000000.0
696215.537,1863586000000.0,1.3051791e+31,0.6299182817128651,3.19282969805058e-15,0.00530782083434689,0.4453597148927049,2.257910936638033e-15,0.665595986716425,3.3744867659958145e-15,300000000000000.0,50,52000000000000.0
697215.537,1861636300000.0,1.2406988e+31,0.6300206242149383,3.185074545483357e-15,0.005306956617520342,0.44543208965828474,2.2524265662722437e-15,0.6657041520498695,3.366290278595728e-15,300000000000000.0,50,52000000000000.0
698215.537,1858295800000.0,1.1756891e+31,0.6301229667170115,3.1773193929161346e-15,0.005306092400693795,0.44550446442386454,2.2469421959064542e-15,0.6658123173833141,3.3580937911956416e-15,300000000000000.0,50,52000000000000.0
699215.537,1855410700000.0,1.1826099e+31,0.6302253092190847,3.1695642403489118e-15,0.005305228183867247,0.44557683918944435,2.241457825540665e-15,0.6659204827167589,3.3498973037955553e-15,300000000000000.0,50,52000000000000.0
700215.537,1852242000000.0,1.1711091e+31,0.6303276517211579,3.1618090877816894e-15,0.0053043639670407,0.44564921395502416,2.235973455174876e-15,0.6660286480502035,3.3417008163954686e-15,300000000000000.0,50,52000000000000.0
701215.537,1849514300000.0,1.1584814e+31,0.6304284937230717,3.1532966970573386e-15,0.005303514096391548,0.44572052758111813,2.2299535831924116e-15,0.6661352274921335,3.332704012684405e-15,300000000000000.0,50,52000000000000.0
702215.537,1846624600000.0,1.1486487e+31,0.6305280937799672,3.1441575498804586e-15,0.005302676099892116,0.4457909629154705,2.223490483289601e-15,0.6662404943116998,3.323044797277301e-15,300000000000000.0,50,52000000000000.0
703215.537,1843680000000.0,1.1537555e+31,0.6306276938368628,3.1350184027035787e-15,0.005301838103392685,0.4458613982498229,2.2170273833867902e-15,0.6663457611312662,3.313385581870197e-15,300000000000000.0,50,52000000000000.0
704215.537,1840177600000.0,1.1368532e+31,0.6307272938937583,3.1258792555266987e-15,0.005301000106893253,0.44593183358417526,2.2105642834839795e-15,0.6664510279508324,3.3037263664630932e-15,300000000000000.0,50,52000000000000.0
705215.537,1836628100000.0,1.1118027e+31,0.6308268939506538,3.1167401083498188e-15,0.0053001621103938214,0.4460022689185277,2.204101183581169e-15,0.6665562947703988,3.294067151055989e-15,300000000000000.0,50,52000000000000.0
706215.537,1833230100000.0,1.0839881e+31,0.6309264940075493,3.1076009611729384e-15,0.005299324113894389,0.44607270425288004,2.197638083678358e-15,0.6666615615899651,3.284407935648885e-15,300000000000000.0,50,52000000000000.0
707215.537,1830383900000.0,1.076375e+31,0.6310260940644448,3.0984618139960585e-15,0.005298486117394957,0.44614313958723245,2.1911749837755474e-15,0.6667668284095315,3.274748720241781e-15,300000000000000.0,50,52000000000000.0
708215.537,1828231000000.0,1.0755484e+31,0.6311256941213403,3.0893226668191785e-15,0.005297648120895526,0.4462135749215848,2.1847118838727367e-15,0.6668720952290977,3.2650895048346773e-15,300000000000000.0,50,52000000000000.0
709215.537,1826659800000.0,1.0941659e+31,0.6312252941782358,3.0801835196422986e-15,0.005296810124396094,0.4462840102559372,2.178248783969926e-15,0.6669773620486641,3.2554302894275734e-15,300000000000000.0,50,52000000000000.0
710215.537,1825368200000.0,1.1055761e+31,0.6313248942351313,3.0710443724654186e-15,0.005295972127896662,0.4463544455902896,2.1717856840671153e-15,0.6670826288682304,3.2457710740204695e-15,300000000000000.0,50,52000000000000.0
711215.537,1823717100000.0,1.1160047e+31,0.6314244942920268,3.0619052252885387e-15,0.00529513413139723,0.44642488092464194,2.1653225841643046e-15,0.6671878956877968,3.2361118586133656e-15,300000000000000.0,50,52000000000000.0
712215.537,1821540100000.0,1.1026504e+31,0.6315235975304317,3.0530831904140105e-15,0.005294300755537021,0.4464949649146647,2.159083741116202e-15,0.6672926374171412,3.226787798954148e-15,300000000000000.0,50,52000000000000.0
713215.537,1818291500000.0,1.0858418e+31,0.6316199131578164,3.0460404487128685e-15,0.005293493305734443,0.446563077538195,2.154103186339187e-15,0.6673944329049168,3.219344272878186e-15,300000000000000.0,50,52000000000000.0
714215.537,1814442600000.0,1.0117579e+31,0.631716228785201,3.038997707011727e-15,0.0052926858559318645,0.44663119016172526,2.149122631562172e-15,0.6674962283926924,3.211900746802223e-15,300000000000000.0,50,52000000000000.0
715215.537,1811269000000.0,1.0044118e+31,0.6318125444125856,3.031954965310585e-15,0.005291878406129286,0.44669930278525555,2.144142076785157e-15,0.6675980238804681,3.204457220726261e-15,300000000000000.0,50,52000000000000.0
716215.537,1809779900000.0,1.0149729e+31,0.6319088600399703,3.0249122236094434e-15,0.005291070956326707,0.44676741540878584,2.139161522008142e-15,0.6676998193682436,3.1970136946502987e-15,300000000000000.0,50,52000000000000.0
717215.537,1808367300000.0,1.0338169e+31,0.6320051756673548,3.017869481908302e-15,0.005290263506524129,0.4468355280323161,2.134180967231127e-15,0.6678016148560192,3.189570168574336e-15,300000000000000.0,50,52000000000000.0
718215.537,1806564300000.0,1.023177e+31,0.6321014912947395,3.01082674020716e-15,0.005289456056721551,0.44690364065584637,2.1292004124541122e-15,0.6679034103437949,3.182126642498374e-15,300000000000000.0,50,52000000000000.0
719215.537,1805847100000.0,1.0179755e+31,0.6321978069221241,3.0037839985060183e-15,0.005288648606918972,0.44697175327937666,2.1242198576770974e-15,0.6680052058315704,3.1746831164224116e-15,300000000000000.0,50,52000000000000.0
720215.537,1803688200000.0,1.0150785e+31,0.6322941225495088,2.9967412568048763e-15,0.005287841157116393,0.4470398659029069,2.1192393029000825e-15,0.6681070013193461,3.1672395903464494e-15,300000000000000.0,50,52000000000000.0
721215.537,1801091800000.0,1.0225942e+31,0.6323904381768933,2.9896985151037347e-15,0.005287033707313815,0.4471079785264372,2.1142587481230676e-15,0.6682087968071216,3.1597960642704868e-15,300000000000000.0,50,52000000000000.0
722215.537,1799972800000.0,1.01884e+31,0.632486753804278,2.982655773402593e-15,0.005286226257511237,0.4471760911499674,2.1092781933460527e-15,0.6683105922948973,3.1523525381945246e-15,300000000000000.0,50,52000000000000.0
723215.537,1799447600000.0,1.0019723e+31,0.6325830694316626,2.975613031701451e-15,0.005285418807708658,0.4472442037734977,2.1042976385690378e-15,0.6684123877826729,3.1449090121185623e-15,300000000000000.0,50,52000000000000.0
724215.537,1798323500000.0,9.8288808e+30,0.6326779187982249,2.968613329261104e-15,0.005284625229810805,0.4473112794723965,2.099347523203067e-15,0.6685126335684818,3.137510978328107e-15,300000000000000.0,50,52000000000000.0
725215.537,1797075400000.0,9.7291603e+30,0.6327716622376511,2.9616460891805966e-15,0.005283842114796249,0.4473775730709551,2.0944203667610276e-15,0.6686117104916766,3.1301472570912323e-15,300000000000000.0,50,52000000000000.0
726215.537,1795409000000.0,9.6648102e+30,0.6328654056770773,2.954678849100089e-15,0.0052830589997816925,0.44744386666951363,2.0894932103189883e-15,0.6687107874148713,3.122783535854358e-15,300000000000000.0,50,52000000000000.0
727215.537,1793478900000.0,9.5811844e+30,0.6329591491165034,2.947711609019582e-15,0.005282275884767137,0.44751016026807217,2.0845660538769486e-15,0.668809864338066,3.1154198146174834e-15,300000000000000.0,50,52000000000000.0
728215.537,1791495700000.0,9.5584337e+30,0.6330528925559296,2.9407443689390745e-15,0.00528149276975258,0.4475764538666307,2.0796388974349093e-15,0.6689089412612608,3.1080560933806088e-15,300000000000000.0,50,52000000000000.0
729215.537,1789718100000.0,9.5467198e+30,0.6331466359953557,2.933777128858567e-15,0.005280709654738024,0.44764274746518923,2.0747117409928696e-15,0.6690080181844554,3.100692372143734e-15,300000000000000.0,50,52000000000000.0
730215.537,1788101800000.0,9.5639723e+30,0.633240379434782,2.92680988877806e-15,0.005279926539723467,0.44770904106374776,2.0697845845508303e-15,0.6691070951076502,3.0933286509068595e-15,300000000000000.0,50,52000000000000.0
731215.537,1786016400000.0,9.5160411e+30,0.6333341228742081,2.9198426486975524e-15,0.005279143424708911,0.4477753346623063,2.064857428108791e-15,0.6692061720308449,3.085964929669985e-15,300000000000000.0,50,52000000000000.0
732215.537,1783497000000.0,9.4603696e+30,0.6334278663136342,2.912875408617045e-15,0.0052783603096943545,0.4478416282608648,2.0599302716667513e-15,0.6693052489540396,3.0786012084331106e-15,300000000000000.0,50,52000000000000.0
733215.537,1781129800000.0,9.4484859e+30,0.6335216097530604,2.9059081685365374e-15,0.005277577194679799,0.44790792185942335,2.055003115224712e-15,0.6694043258772344,3.071237487196236e-15,300000000000000.0,50,52000000000000.0
734215.537,1778851700000.0,9.4434239e+30,0.6336153531924865,2.8989409284560304e-15,0.005276794079665242,0.4479742154579819,2.0500759587826724e-15,0.6695034028004291,3.0638737659593613e-15,300000000000000.0,50,52000000000000.0
735215.537,1776124000000.0,9.4102673e+30,0.6337090966319128,2.891973688375523e-15,0.005276010964650686,0.4480405090565404,2.045148802340633e-15,0.6696024797236239,3.0565100447224867e-15,300000000000000.0,50,52000000000000.0
736215.537,1773117400000.0,9.3351895e+30,0.6338007700739594,2.8831252692356983e-15,0.005275247264354075,0.4481053387754557,2.0388913161665695e-15,0.6696993688531603,3.0471581229246114e-15,300000000000000.0,50,52000000000000.0
737215.537,1769823700000.0,9.3106653e+30,0.6338919275142105,2.8738079162789226e-15,0.005274488403691282,0.44816980358351083,2.03230220999283e-15,0.6697957126170518,3.0373105893595747e-15,300000000000000.0,50,52000000000000.0
738215.537,1766214700000.0,9.2727556e+30,0.6339830849544617,2.8644905633221465e-15,0.005273729543028488,0.44823426839156594,2.02571310381909e-15,0.6698920563809434,3.027463055794538e-15,300000000000000.0,50,52000000000000.0
739215.537,1762539700000.0,9.2312846e+30,0.6340742423947129,2.855173210365371e-15,0.005272970682365694,0.44829873319962105,2.0191239976453504e-15,0.6699884001448349,3.017615522229501e-15,300000000000000.0,50,52000000000000.0
740215.537,1758865100000.0,9.2513877e+30,0.634165399834964,2.8458558574085947e-15,0.005272211821702901,0.44836319800767616,2.0125348914716104e-15,0.6700847439087264,3.0077679886644643e-15,300000000000000.0,50,52000000000000.0
741215.537,1755641500000.0,9.2977036e+30,0.6342565572752151,2.836538504451819e-15,0.005271452961040107,0.44842766281573126,2.005945785297871e-15,0.670181087672618,2.9979204550994276e-15,300000000000000.0,50,52000000000000.0
742215.537,1753003700000.0,9.3897204e+30,0.6343477147154662,2.827221151495043e-15,0.0052706941003773135,0.44849212762378643,1.999356679124131e-15,0.6702774314365095,2.9880729215343908e-15,300000000000000.0,50,52000000000000.0
743215.537,1751178100000.0,9.2422366e+30,0.6344388721557175,2.817903798538267e-15,0.00526993523971452,0.44855659243184154,1.9927675729503913e-15,0.6703737752004011,2.978225387969354e-15,300000000000000.0,50,52000000000000.0
744215.537,1749784800000.0,9.2691088e+30,0.6345300295959686,2.8085864455814915e-15,0.005269176379051727,0.44862105723989665,1.9861784667766514e-15,0.6704701189642925,2.9683778544043172e-15,300000000000000.0,50,52000000000000.0
745215.537,1748385400000.0,9.2986997e+30,0.6346211870362197,2.7992690926247154e-15,0.005268417518388933,0.44868552204795176,1.9795893606029118e-15,0.6705664627281841,2.9585303208392805e-15,300000000000000.0,50,52000000000000.0
746215.537,1745980300000.0,9.3683556e+30,0.6347123444764708,2.7899517396679396e-15,0.00526765865772614,0.44874998685600687,1.973000254429172e-15,0.6706628064920757,2.9486827872742437e-15,300000000000000.0,50,52000000000000.0
747215.537,1742889700000.0,9.3379035e+30,0.6348035019167221,2.7806343867111635e-15,0.005266899797063346,0.448814451664062,1.9664111482554323e-15,0.6707591502559672,2.938835253709207e-15,300000000000000.0,50,52000000000000.0
748215.537,1740198000000.0,9.2902193e+30,0.6348917090579522,2.7721887224295098e-15,0.005266167600590077,0.4488768300604953,1.9604384886172415e-15,0.6708523758414693,2.9299090101953323e-15,300000000000000.0,50,52000000000000.0
749215.537,1737875500000.0,9.2171213e+30,0.634979351971726,2.763909763515836e-15,0.005265440503487322,0.44893880944289166,1.954583720778591e-15,0.6709450050935664,2.9211589580229064e-15,300000000000000.0,50,52000000000000.0
750215.537,1736710900000.0,9.212039e+30,0.6350669948854997,2.755630804602162e-15,0.005264713406384566,0.44900078882528804,1.9487289529399404e-15,0.6710376343456633,2.912408905850481e-15,300000000000000.0,50,52000000000000.0
751215.537,1736224000000.0,9.1975762e+30,0.6351546377992734,2.7473518456884882e-15,0.00526398630928181,0.4490627682076844,1.94287418510129e-15,0.6711302635977604,2.903658853678055e-15,300000000000000.0,50,52000000000000.0
752215.537,1735457400000.0,9.2238627e+30,0.6352422807130471,2.7390728867748148e-15,0.005263259212179055,0.44912474759008086,1.9370194172626394e-15,0.6712228928498574,2.894908801505629e-15,300000000000000.0,50,52000000000000.0
753215.537,1733160900000.0,9.1659356e+30,0.6353299236268208,2.730793927861141e-15,0.005262532115076299,0.44918672697247725,1.931164649423989e-15,0.6713155221019544,2.8861587493332037e-15,300000000000000.0,50,52000000000000.0
754215.537,1730327100000.0,9.2198289e+30,0.6354175665405946,2.722514968947467e-15,0.005261805017973543,0.44924870635487363,1.9253098815853384e-15,0.6714081513540514,2.8774086971607778e-15,300000000000000.0,50,52000000000000.0
755215.537,1726722800000.0,8.7858226e+30,0.6355052094543683,2.7142360100337936e-15,0.005261077920870788,0.44931068573727,1.919455113746688e-15,0.6715007806061485,2.8686586449883523e-15,300000000000000.0,50,52000000000000.0
756215.537,1723986800000.0,8.8051579e+30,0.635592852368142,2.70595705112012e-15,0.005260350823768032,0.4493726651196664,1.9136003459080374e-15,0.6715934098582454,2.8599085928159264e-15,300000000000000.0,50,52000000000000.0
757215.537,1720239500000.0,8.6804502e+30,0.6356804952819157,2.697678092206446e-15,0.005259623726665276,0.44943464450206283,1.907745578069387e-15,0.6716860391103425,2.851158540643501e-15,300000000000000.0,50,52000000000000.0
758215.537,1716331500000.0,8.6960842e+30,0.6357681381956894,2.689399133292772e-15,0.005258896629562521,0.4494966238844592,1.9018908102307364e-15,0.6717786683624395,2.842408488471075e-15,300000000000000.0,50,52000000000000.0
759215.537,1713205200000.0,8.756074e+30,0.6358557811094632,2.6811201743790987e-15,0.005258169532459765,0.4495586032668556,1.896036042392086e-15,0.6718712976145366,2.833658436298649e-15,300000000000000.0,50,52000000000000.0
760215.537,1709561600000.0,8.8944649e+30,0.635941253523778,2.6725749773780976e-15,0.005257462047903194,0.44961904770137284,1.8899929999309376e-15,0.6719616328603818,2.8246270045505824e-15,300000000000000.0,50,52000000000000.0
761215.537,1706657200000.0,9.0105236e+30,0.6360257228048315,2.6639067339143563e-15,0.005256763627618596,0.4496787827336069,1.883862943149056e-15,0.6720509078921998,2.8154655284432816e-15,300000000000000.0,50,52000000000000.0
762215.537,1703498400000.0,8.6253616e+30,0.636110192085885,2.655238490450615e-15,0.005256065207333998,0.44973851776584095,1.877732886367174e-15,0.6721401829240178,2.806304052335981e-15,300000000000000.0,50,52000000000000.0
763215.537,1700291100000.0,8.9095139e+30,0.6361946613669386,2.646570246986874e-15,0.0052553667870494005,0.449798252798075,1.8716028295852924e-15,0.6722294579558357,2.7971425762286803e-15,300000000000000.0,50,52000000000000.0
764215.537,1697774200000.0,8.6696522e+30,0.6362791306479921,2.6379020035231322e-15,0.005254668366764803,0.4498579878303091,1.8654727728034107e-15,0.6723187329876537,2.78798110012138e-15,300000000000000.0,50,52000000000000.0
765215.537,1695610400000.0,8.7695994e+30,0.6363635999290457,2.629233760059391e-15,0.005253969946480206,0.44991772286254317,1.8593427160215286e-15,0.6724080080194716,2.778819624014079e-15,300000000000000.0,50,52000000000000.0
766215.537,1693615700000.0,8.8303942e+30,0.6364480692100992,2.6205655165956498e-15,0.005253271526195608,0.4499774578947772,1.853212659239647e-15,0.6724972830512895,2.7696581479067786e-15,300000000000000.0,50,52000000000000.0
767215.537,1691532900000.0,8.6798543e+30,0.6365325384911528,2.6118972731319085e-15,0.00525257310591101,0.4500371929270113,1.847082602457765e-15,0.6725865580831075,2.7604966717994777e-15,300000000000000.0,50,52000000000000.0
768215.537,1689157700000.0,9.0136932e+30,0.6366170077722063,2.603229029668167e-15,0.0052518746856264125,0.45009692795924533,1.8409525456758834e-15,0.6726758331149255,2.751335195692177e-15,300000000000000.0,50,52000000000000.0
769215.537,1685790600000.0,8.469863e+30,0.6367014770532599,2.5945607862044257e-15,0.005251176265341815,0.4501566629914794,1.8348224888940017e-15,0.6727651081467435,2.7421737195848764e-15,300000000000000.0,50,52000000000000.0
770215.537,1682646400000.0,8.5221442e+30,0.6367859463343134,2.5858925427406845e-15,0.005250477845057218,0.45021639802371344,1.82869243211212e-15,0.6728543831785614,2.7330122434775756e-15,300000000000000.0,50,52000000000000.0
771215.537,1680319400000.0,8.5772325e+30,0.636870415615367,2.5772242992769432e-15,0.00524977942477262,0.4502761330559475,1.8225623753302382e-15,0.6729436582103794,2.723850767370275e-15,300000000000000.0,50,52000000000000.0
772215.537,1678136300000.0,8.5753178e+30,0.6369537682452959,2.5685207406544824e-15,0.005249090963752027,0.45033507840860837,1.8164073461918426e-15,0.6730317530523884,2.7146519696870164e-15,300000000000000.0,50,52000000000000.0
773215.537,1674768300000.0,8.477261e+30,0.6370348606224281,2.5597456993777594e-15,0.005248422661627821,0.45039242534308405,1.8102017696287295e-15,0.6731174590307157,2.705377628089828e-15,300000000000000.0,50,52000000000000.0
774215.537,1671247100000.0,8.45913e+30,0.6371159529995604,2.5509706581010367e-15,0.0052477543595036156,0.4504497722775598,1.803996193065616e-15,0.673203165009043,2.696103286492639e-15,300000000000000.0,50,52000000000000.0
775215.537,1668304700000.0,8.5039757e+30,0.6371970453766925,2.5421956168243136e-15,0.00524708605737941,0.45050711921203546,1.7977906165025026e-15,0.6732888709873703,2.6868289448954504e-15,300000000000000.0,50,52000000000000.0
776215.537,1665722500000.0,8.841965e+30,0.6372781377538247,2.5334205755475905e-15,0.005246417755255204,0.45056446614651113,1.791585039939389e-15,0.6733745769656977,2.6775546032982616e-15,300000000000000.0,50,52000000000000.0
777215.537,1663514700000.0,8.8456832e+30,0.637359230130957,2.5246455342708674e-15,0.005245749453130998,0.4506218130809868,1.7853794633762757e-15,0.6734602829440249,2.6682802617010732e-15,300000000000000.0,50,52000000000000.0
778215.537,1660378900000.0,8.3609753e+30,0.6374403225080891,2.5158704929941447e-15,0.0052450811510067925,0.45067916001546254,1.7791738868131626e-15,0.6735459889223523,2.6590059201038844e-15,300000000000000.0,50,52000000000000.0
779215.537,1656903700000.0,8.1871574e+30,0.6375214148852213,2.5070954517174217e-15,0.005244412848882587,0.4507365069499382,1.772968310250049e-15,0.6736316949006795,2.6497315785066957e-15,300000000000000.0,50,52000000000000.0
780215.537,1654367200000.0,8.2491042e+30,0.6376025072623536,2.4983204104406986e-15,0.0052437445467583815,0.4507938538844139,1.7667627336869357e-15,0.6737174008790069,2.640457236909507e-15,300000000000000.0,50,52000000000000.0
781215.537,1651836700000.0,8.2077491e+30,0.6376835996394857,2.489545369163976e-15,0.005243076244634175,0.45085120081888963,1.7605571571238223e-15,0.6738031068573342,2.6311828953123185e-15,300000000000000.0,50,52000000000000.0
782215.537,1648518700000.0,8.2131183e+30,0.6377646920166179,2.480770327887253e-15,0.0052424079425099695,0.4509085477533653,1.7543515805607088e-15,0.6738888128356615,2.6219085537151297e-15,300000000000000.0,50,52000000000000.0
783215.537,1646091100000.0,8.2784312e+30,0.6378457843937502,2.4719952866105297e-15,0.005241739640385764,0.450965894687841,1.7481460039975956e-15,0.6739745188139888,2.612634212117941e-15,300000000000000.0,50,52000000000000.0
784215.537,1644215800000.0,8.3276937e+30,0.6379268767708823,2.4632202453338067e-15,0.0052410713382615584,0.45102324162231666,1.7419404274344821e-15,0.6740602247923162,2.603359870520752e-15,300000000000000.0,50,52000000000000.0
785215.537,1642420000000.0,8.3487608e+30,0.6380052714573703,2.455151871571974e-15,0.005240426853687957,0.4510786807907422,1.736234596144487e-15,0.6741430795812564,2.5948324069003876e-15,300000000000000.0,50,52000000000000.0
786215.537,1640888100000.0,8.3756784e+30,0.6380828897255251,2.4472868827368383e-15,0.005239789224008181,0.4511335708878575,1.7306725957984632e-15,0.6742251137736188,2.586519901119979e-15,300000000000000.0,50,52000000000000.0
787215.537,1639440100000.0,8.3955836e+30,0.63816050799368,2.439421893901703e-15,0.005239151594328403,0.4511884609849728,1.7251105954524392e-15,0.6743071479659811,2.5782073953395705e-15,300000000000000.0,50,52000000000000.0
788215.537,1637188200000.0,8.2271672e+30,0.6382381262618347,2.4315569050665674e-15,0.005238513964648627,0.4512433510820881,1.7195485951064153e-15,0.6743891821583435,2.569894889559162e-15,300000000000000.0,50,52000000000000.0
789215.537,1634154500000.0,8.0914043e+30,0.6383157445299896,2.4236919162314318e-15,0.00523787633496885,0.4512982411792034,1.7139865947603915e-15,0.6744712163507058,2.5615823837787535e-15,300000000000000.0,50,52000000000000.0
790215.537,1630641700000.0,8.1185319e+30,0.6383933627981445,2.415826927396296e-15,0.005237238705289074,0.4513531312763187,1.7084245944143676e-15,0.6745532505430683,2.553269877998345e-15,300000000000000.0,50,52000000000000.0
791215.537,1627606500000.0,8.1964109e+30,0.6384709810662993,2.4079619385611605e-15,0.005236601075609297,0.451408021373434,1.7028625940683436e-15,0.6746352847354306,2.5449573722179364e-15,300000000000000.0,50,52000000000000.0
792215.537,1625511700000.0,8.2593389e+30,0.6385485993344542,2.4000969497260253e-15,0.0052359634459295205,0.45146291147054934,1.6973005937223197e-15,0.674717318927793,2.536644866437528e-15,300000000000000.0,50,52000000000000.0
793215.537,1622450000000.0,8.1302461e+30,0.638626217602609,2.3922319608908897e-15,0.005235325816249744,0.45151780156766463,1.6917385933762959e-15,0.6747993531201553,2.5283323606571193e-15,300000000000000.0,50,52000000000000.0
794215.537,1618680500000.0,8.060868e+30,0.6387038358707638,2.384366972055754e-15,0.0052346881865699664,0.4515726916647799,1.6861765930302718e-15,0.6748813873125177,2.520019854876711e-15,300000000000000.0,50,52000000000000.0
795215.537,1615336600000.0,8.0249601e+30,0.6387814541389187,2.3765019832206184e-15,0.00523405055689019,0.45162758176189527,1.680614592684248e-15,0.67496342150488,2.5117073490963023e-15,300000000000000.0,50,52000000000000.0
796215.537,1613271100000.0,8.0132156e+30,0.6388590724070735,2.3686369943854828e-15,0.005233412927210413,0.45168247185901056,1.6750525923382242e-15,0.6750454556972424,2.503394843315894e-15,300000000000000.0,50,52000000000000.0
797215.537,1611168000000.0,8.0135076e+30,0.6389366331822735,2.360807082744714e-15,0.005232775804275623,0.45173732129798355,1.6695153979587204e-15,0.6751274291253073,2.4951194104798115e-15,300000000000000.0,50,52000000000000.0
798215.537,1608818900000.0,7.9790581e+30,0.6390110869945426,2.3548727693155293e-15,0.005232166066224567,0.4517899735400808,1.665318736840822e-15,0.675206118804614,2.488847427698153e-15,300000000000000.0,50,52000000000000.0
799215.537,1606776100000.0,7.9504868e+30,0.6390855408068117,2.3489384558863445e-15,0.005231556328173512,0.4518426257821781,1.6611220757229233e-15,0.6752848084839207,2.4825754449164946e-15,300000000000000.0,50,52000000000000.0
800215.537,1604993000000.0,7.9006396e+30,0.6391599946190808,2.3430041424571594e-15,0.005230946590122456,0.4518952780242754,1.6569254146050248e-15,0.6753634981632274,2.476303462134836e-15,300000000000000.0,50,52000000000000.0
801215.537,1603326000000.0,7.990441e+30,0.6392344484313499,2.3370698290279746e-15,0.005230336852071401,0.4519479302663727,1.6527287534871263e-15,0.6754421878425341,2.4700314793531776e-15,300000000000000.0,50,52000000000000.0
802215.537,1601545500000.0,7.8244867e+30,0.639308902243619,2.33113551559879e-15,0.005229727114020345,0.45200058250847,1.6485320923692276e-15,0.6755208775218408,2.463759496571519e-15,300000000000000.0,50,52000000000000.0
803215.537,1600176100000.0,7.8789314e+30,0.6393833560558881,2.325201202169605e-15,0.00522911737596929,0.45205323475056725,1.644335431251329e-15,0.6755995672011474,2.4574875137898606e-15,300000000000000.0,50,52000000000000.0
804215.537,1598684600000.0,7.8444047e+30,0.6394578098681573,2.31926688874042e-15,0.005228507637918235,0.4521058869926646,1.6401387701334304e-15,0.675678256880454,2.4512155310082017e-15,300000000000000.0,50,52000000000000.0
805215.537,1597167100000.0,7.7256217e+30,0.6395322636804264,2.3133325753112352e-15,0.0052278978998671795,0.45215853923476185,1.6359421090155319e-15,0.6757569465597607,2.4449435482265433e-15,300000000000000.0,50,52000000000000.0
806215.537,1595055500000.0,7.566813e+30,0.6396067174926956,2.3073982618820504e-15,0.005227288161816124,0.4522111914768591,1.6317454478976334e-15,0.6758356362390674,2.4386715654448848e-15,300000000000000.0,50,52000000000000.0
807215.537,1592461100000.0,7.4518239e+30,0.6396811713049647,2.3014639484528657e-15,0.005226678423765068,0.45226384371895645,1.6275487867797347e-15,0.6759143259183741,2.4323995826632263e-15,300000000000000.0,50,52000000000000.0
808215.537,1589111900000.0,7.4612548e+30,0.6397556251172338,2.2955296350236805e-15,0.005226068685714013,0.4523164959610537,1.6233521256618362e-15,0.6759930155976808,2.4261275998815678e-15,300000000000000.0,50,52000000000000.0
809215.537,1587450400000.0,7.5189839e+30,0.6398300789295029,2.2895953215944958e-15,0.005225458947662957,0.452369148203151,1.6191554645439377e-15,0.6760717052769875,2.4198556170999093e-15,300000000000000.0,50,52000000000000.0
810215.537,1585846600000.0,7.5012595e+30,0.6399044057920198,2.2835933317339773e-15,0.005224850342371604,0.45242171066820913,1.6149109442194802e-15,0.6761502607829529,2.4135121079173016e-15,300000000000000.0,50,52000000000000.0
811215.537,1583424500000.0,7.4857291e+30,0.6399764331166593,2.2763654669545145e-15,0.005224262255622385,0.45247264693314915,1.6097995135127094e-15,0.676226385904655,2.4058729863739607e-15,300000000000000.0,50,52000000000000.0
812215.537,1580823500000.0,7.4744405e+30,0.6400484604412987,2.2691376021750513e-15,0.005223674168873166,0.45252358319808916,1.6046880828059386e-15,0.676302511026357,2.39823386483062e-15,300000000000000.0,50,52000000000000.0
813215.537,1578909300000.0,7.4817861e+30,0.6401204877659382,2.261909737395588e-15,0.005223086082123946,0.45257451946302923,1.5995766520991678e-15,0.676378636148059,2.3905947432872796e-15,300000000000000.0,50,52000000000000.0
814215.537,1576857900000.0,7.4745304e+30,0.6401925150905776,2.254681872616125e-15,0.005222497995374727,0.45262545572796925,1.594465221392397e-15,0.6764547612697611,2.382955621743939e-15,300000000000000.0,50,52000000000000.0
815215.537,1573894500000.0,7.4686599e+30,0.6402645424152171,2.2474540078366617e-15,0.005221909908625508,0.45267639199290927,1.5893537906856262e-15,0.6765308863914631,2.3753165002005986e-15,300000000000000.0,50,52000000000000.0
816215.537,1570602600000.0,7.4814448e+30,0.6403365697398565,2.240226143057199e-15,0.0052213218218762885,0.45272732825784934,1.5842423599788554e-15,0.6766070115131652,2.367677378657258e-15,300000000000000.0,50,52000000000000.0
817215.537,1568084800000.0,7.5112575e+30,0.640408597064496,2.2329982782777357e-15,0.0052207337351270686,0.45277826452278935,1.5791309292720846e-15,0.6766831366348671,2.3600382571139176e-15,300000000000000.0,50,52000000000000.0
818215.537,1565918900000.0,7.5191075e+30,0.6404806243891354,2.2257704134982725e-15,0.0052201456483778495,0.45282920078772937,1.5740194985653138e-15,0.6767592617565692,2.352399135570577e-15,300000000000000.0,50,52000000000000.0
819215.537,1563406400000.0,7.4765754e+30,0.640552651713775,2.2185425487188093e-15,0.00521955756162863,0.45288013705266944,1.568908067858543e-15,0.6768353868782713,2.3447600140272365e-15,300000000000000.0,50,52000000000000.0
820215.537,1561191900000.0,7.4425306e+30,0.6406246790384144,2.2113146839393465e-15,0.005218969474879411,0.45293107331760946,1.563796637151772e-15,0.6769115119999732,2.337120892483896e-15,300000000000000.0,50,52000000000000.0
821215.537,1559472000000.0,7.410137e+30,0.6406967063630539,2.2040868191598833e-15,0.005218381388130192,0.45298200958254947,1.5586852064450013e-15,0.6769876371216753,2.3294817709405555e-15,300000000000000.0,50,52000000000000.0
822215.537,1556624200000.0,7.3038082e+30,0.6407687336876933,2.19685895438042e-15,0.005217793301380972,0.45303294584748954,1.5535737757382305e-15,0.6770637622433773,2.321842649397215e-15,300000000000000.0,50,52000000000000.0
823215.537,1553950900000.0,7.2521907e+30,0.6408407610123328,2.189631089600957e-15,0.005217205214631753,0.45308388211242956,1.5484623450314597e-15,0.6771398873650794,2.3142035278538745e-15,300000000000000.0,50,52000000000000.0
824215.537,1551640200000.0,7.2332468e+30,0.64091015852893,2.181840806701808e-15,0.005216640061145671,0.45313295861906056,1.5429531874092486e-15,0.6772132330458422,2.3059699966947863e-15,300000000000000.0,50,52000000000000.0
825215.537,1549274200000.0,7.1283819e+30,0.6409791823767388,2.1739706099481344e-15,0.005216078166241397,0.4531817708730834,1.53738751686587e-15,0.6772861837965146,2.2976520060172395e-15,300000000000000.0,50,52000000000000.0
826215.537,1545794200000.0,7.080977e+30,0.6410482062245476,2.1661004131944604e-15,0.0052155162713371245,0.45323058312710635,1.5318218463224912e-15,0.6773591345471871,2.289334015339693e-15,300000000000000.0,50,52000000000000.0
827215.537,1541663500000.0,7.1609251e+30,0.6411172300723564,2.1582302164407865e-15,0.005214954376432851,0.4532793953811292,1.5262561757791123e-15,0.6774320852978595,2.2810160246621463e-15,300000000000000.0,50,52000000000000.0
828215.537,1539081000000.0,7.1432233e+30,0.6411862539201653,2.1503600196871126e-15,0.005214392481528578,0.45332820763515214,1.5206905052357335e-15,0.677505036048532,2.2726980339845995e-15,300000000000000.0,50,52000000000000.0
829215.537,1536844500000.0,7.1266397e+30,0.6412552777679742,2.1424898229334387e-15,0.005213830586624305,0.45337701988917506,1.5151248346923549e-15,0.6775779867992043,2.2643800433070527e-15,300000000000000.0,50,52000000000000.0
830215.537,1534754500000.0,7.0649836e+30,0.641324301615783,2.1346196261797648e-15,0.005213268691720031,0.4534258321431979,1.509559164148976e-15,0.6776509375498768,2.256062052629506e-15,300000000000000.0,50,52000000000000.0
831215.537,1532516800000.0,7.0086875e+30,0.6413933254635918,2.126749429426091e-15,0.0052127067968157585,0.45347464439722085,1.5039934936055972e-15,0.6777238883005492,2.247744061951959e-15,300000000000000.0,50,52000000000000.0
832215.537,1530519200000.0,6.995286e+30,0.6414623493114007,2.118879232672417e-15,0.005212144901911485,0.4535234566512437,1.4984278230622184e-15,0.6777968390512217,2.2394260712744124e-15,300000000000000.0,50,52000000000000.0
833215.537,1528371100000.0,6.9571755e+30,0.6415313731592095,2.111009035918743e-15,0.005211583007007212,0.45357226890526664,1.4928621525188397e-15,0.677869789801894,2.2311080805968656e-15,300000000000000.0,50,52000000000000.0
834215.537,1526081500000.0,6.9425491e+30,0.6416003970070183,2.103138839165069e-15,0.005211021112102939,0.45362108115928956,1.487296481975461e-15,0.6779427405525665,2.222790089919319e-15,300000000000000.0,50,52000000000000.0
835215.537,1522673900000.0,6.9668152e+30,0.6416694208548271,2.0952686424113952e-15,0.005210459217198666,0.45366989341331243,1.481730811432082e-15,0.6780156913032389,2.214472099241772e-15,300000000000000.0,50,52000000000000.0
836215.537,1518483800000.0,6.9080629e+30,0.641738444702636,2.0873984456577213e-15,0.005209897322294392,0.45371870566733535,1.4761651408887033e-15,0.6780886420539114,2.2061541085642252e-15,300000000000000.0,50,52000000000000.0
837215.537,1515390500000.0,6.9649676e+30,0.6418058581171301,2.080658963991162e-15,0.005209349283702324,0.45376637905005135,1.4713990906066439e-15,0.6781598907417614,2.1990311641152388e-15,300000000000000.0,50,52000000000000.0
838215.537,1513208600000.0,1.0187714e+31,0.641871558381987,2.0751223164458898e-15,0.005208815985202879,0.45381284092220797,1.4674836617988605e-15,0.6782293288061726,2.19317948808445e-15,300000000000000.0,50,52000000000000.0
839215.537,1511397800000.0,1.2382116e+31,0.6419372586468439,2.0695856689006176e-15,0.0052082826867034335,0.4538593027943646,1.4635682329910773e-15,0.6782987668705838,2.1873278120536613e-15,300000000000000.0,50,52000000000000.0
840215.537,1509813900000.0,1.1051123e+31,0.6420029589117009,2.0640490213553453e-15,0.005207749388203988,0.45390576466652127,1.459652804183294e-15,0.678368204934995,2.1814761360228726e-15,300000000000000.0,50,52000000000000.0
841215.537,1508677000000.0,1.2675128e+31,0.6420686591765579,2.058512373810073e-15,0.005207216089704543,0.4539522265386779,1.4557373753755106e-15,0.6784376429994061,2.1756244599920834e-15,300000000000000.0,50,52000000000000.0
842215.537,1507294200000.0,1.2115615e+31,0.6421343594414147,2.052975726264801e-15,0.005206682791205099,0.4539986884108345,1.4518219465677272e-15,0.6785070810638173,2.1697727839612947e-15,300000000000000.0,50,52000000000000.0
843215.537,1504750200000.0,1.1189055e+31,0.6422000597062717,2.0474390787195282e-15,0.005206149492705653,0.45404515028299114,1.4479065177599438e-15,0.6785765191282286,2.163921107930506e-15,300000000000000.0,50,52000000000000.0
844215.537,1501969500000.0,1.1382173e+31,0.6422657599711287,2.041902431174256e-15,0.005205616194206208,0.45409161215514776,1.4439910889521606e-15,0.6786459571926398,2.158069431899717e-15,300000000000000.0,50,52000000000000.0
845215.537,1499507200000.0,1.0306253e+31,0.6423314602359856,2.0363657836289838e-15,0.005205082895706763,0.4541380740273044,1.4400756601443772e-15,0.6787153952570509,2.152217755868928e-15,300000000000000.0,50,52000000000000.0
846215.537,1497320200000.0,9.6837161e+30,0.6423971605008426,2.0308291360837115e-15,0.005204549597207318,0.45418453589946106,1.4361602313365939e-15,0.6787848333214621,2.1463660798381393e-15,300000000000000.0,50,52000000000000.0
847215.537,1495385400000.0,9.0671865e+30,0.6424628607656995,2.0252924885384393e-15,0.005204016298707873,0.4542309977716177,1.4322448025288105e-15,0.6788542713858733,2.1405144038073505e-15,300000000000000.0,50,52000000000000.0
848215.537,1493535000000.0,8.5281789e+30,0.6425285610305564,2.019755840993167e-15,0.005203483000208428,0.4542774596437743,1.4283293737210271e-15,0.6789237094502845,2.1346627277765614e-15,300000000000000.0,50,52000000000000.0
849215.537,1491872300000.0,8.1137566e+30,0.6425942612954134,2.014219193447895e-15,0.005202949701708983,0.45432392151593093,1.424413944913244e-15,0.6789931475146957,2.1288110517457726e-15,300000000000000.0,50,52000000000000.0
850215.537,1490465900000.0,7.7686804e+30,0.6426599615602704,2.0086825459026226e-15,0.0052024164032095374,0.45437038338808755,1.4204985161054605e-15,0.6790625855791069,2.122959375714984e-15,300000000000000.0,50,52000000000000.0
851215.537,1488676200000.0,7.4716864e+30,0.6427235810014555,2.0038094661784697e-15,0.00520190124743208,0.45441537373494273,1.4170523511234902e-15,0.6791298244235199,2.1178090225670537e-15,300000000000000.0,50,52000000000000.0
852215.537,1486920800000.0,7.2745428e+30,0.6427869051129012,1.9990305661363707e-15,0.005201388666637517,0.45446015522931793,1.413672788403576e-15,0.6791967511342918,2.1127582076487097e-15,300000000000000.0,50,52000000000000.0
853215.537,1484764900000.0,7.1413721e+30,0.6428502292243468,1.9942516660942713e-15,0.005200876085842954,0.4545049367236932,1.4102932256836617e-15,0.6792636778450636,2.1077073927303657e-15,300000000000000.0,50,52000000000000.0
854215.537,1482743000000.0,7.0440265e+30,0.6429135533357924,1.989472766052172e-15,0.005200363505048391,0.4545497182180684,1.4069136629637476e-15,0.6793306045558354,2.1026565778120217e-15,300000000000000.0,50,52000000000000.0
855215.537,1481235500000.0,6.9511492e+30,0.642976877447238,1.984693866010073e-15,0.005199850924253828,0.45459449971244364,1.4035341002438334e-15,0.6793975312666073,2.097605762893678e-15,300000000000000.0,50,52000000000000.0
856215.537,1479702000000.0,6.8110808e+30,0.6430402015586836,1.9799149659679735e-15,0.005199338343459264,0.45463928120681885,1.4001545375239191e-15,0.6794644579773791,2.092554947975334e-15,300000000000000.0,50,52000000000000.0
857215.537,1477919800000.0,6.6896737e+30,0.6431035256701292,1.975136065925874e-15,0.005198825762664701,0.4546840627011941,1.396774974804005e-15,0.6795313846881509,2.08750413305699e-15,300000000000000.0,50,52000000000000.0
858215.537,1476226800000.0,6.6422089e+30,0.6431668497815747,1.970357165883775e-15,0.005198313181870138,0.45472884419556936,1.3933954120840908e-15,0.6795983113989228,2.082453318138646e-15,300000000000000.0,50,52000000000000.0
859215.537,1474642900000.0,6.6223137e+30,0.6432301738930203,1.9655782658416757e-15,0.0051978006010755745,0.45477362568994456,1.3900158493641765e-15,0.6796652381096946,2.077402503220302e-15,300000000000000.0,50,52000000000000.0
860215.537,1473005600000.0,6.6002268e+30,0.6432934980044659,1.9607993657995763e-15,0.005197288020281012,0.4548184071843198,1.3866362866442623e-15,0.6797321648204664,2.072351688301958e-15,300000000000000.0,50,52000000000000.0
861215.537,1471440900000.0,6.6082546e+30,0.6433568221159115,1.9560204657574774e-15,0.005196775439486449,0.454863188678695,1.3832567239243482e-15,0.6797990915312383,2.067300873383614e-15,300000000000000.0,50,52000000000000.0
862215.537,1469808400000.0,6.6184286e+30,0.6434201462273571,1.951241565715378e-15,0.005196262858691885,0.4549079701730703,1.379877161204434e-15,0.6798660182420101,2.06225005846527e-15,300000000000000.0,50,52000000000000.0
863215.537,1468105500000.0,6.6481707e+30,0.6434834703388027,1.9464626656732786e-15,0.005195750277897322,0.4549527516674455,1.3764975984845197e-15,0.6799329449527819,2.057199243546926e-15,300000000000000.0,50,52000000000000.0
864215.537,1466434800000.0,6.6901559e+30,0.6435466995379491,1.941672003984299e-15,0.0051952385268097005,0.45499746604133995,1.373109718290098e-15,0.6799997713508348,2.0521359980229325e-15,300000000000000.0,50,52000000000000.0
865215.537,1464954700000.0,6.8606013e+30,0.6436079393398791,1.936634813787026e-15,0.005194744166689235,0.455040773544907,1.3695475007257526e-15,0.6800644951568581,2.046812202365177e-15,300000000000000.0,50,52000000000000.0
866215.537,1463397800000.0,6.9054225e+30,0.6436691791418093,1.9315976235897535e-15,0.00519424980656877,0.4550840810484741,1.3659852831614072e-15,0.6801292189628815,2.041488406707422e-15,300000000000000.0,50,52000000000000.0
867215.537,1462401400000.0,6.9939177e+30,0.6437304189437395,1.9265604333924808e-15,0.005193755446448304,0.45512738855204116,1.3624230655970618e-15,0.6801939427689049,2.0361646110496665e-15,300000000000000.0,50,52000000000000.0
868215.537,1461800500000.0,7.0663271e+30,0.6437916587456696,1.9215232431952077e-15,0.005193261086327838,0.4551706960556082,1.3588608480327164e-15,0.6802586665749283,2.030840815391911e-15,300000000000000.0,50,52000000000000.0
869215.537,1459212700000.0,6.9530739e+30,0.6438528985475998,1.916486052997935e-15,0.0051927667262073735,0.4552140035591753,1.355298630468371e-15,0.6803233903809517,2.025517019734156e-15,300000000000000.0,50,52000000000000.0
870215.537,1454075800000.0,6.7202461e+30,0.6439141383495299,1.9114488628006622e-15,0.005192272366086908,0.45525731106274236,1.3517364129040256e-15,0.680388114186975,2.020193224076401e-15,300000000000000.0,50,52000000000000.0
871215.537,1448947000000.0,6.5742135e+30,0.64397537815146,1.9064116726033895e-15,0.005191778005966442,0.45530061856630943,1.3481741953396802e-15,0.6804528379929984,2.0148694284186455e-15,300000000000000.0,50,52000000000000.0
872215.537,1446839100000.0,6.518748e+30,0.6440366179533902,1.9013744824061164e-15,0.005191283645845977,0.4553439260698765,1.3446119777753348e-15,0.6805175617990218,2.00954563276089e-15,300000000000000.0,50,52000000000000.0
873215.537,1445797400000.0,6.452381e+30,0.6440978577553204,1.8963372922088437e-15,0.005190789285725511,0.4553872335734436,1.3410497602109893e-15,0.6805822856050452,2.004221837103135e-15,300000000000000.0,50,52000000000000.0
874215.537,1444938900000.0,6.3722715e+30,0.6441590975572505,1.891300102011571e-15,0.0051902949256050455,0.45543054107701064,1.337487542646644e-15,0.6806470094110686,1.9988980414453795e-15,300000000000000.0,50,52000000000000.0
875215.537,1443684600000.0,6.2889477e+30,0.6442203373591806,1.8862629118142983e-15,0.005189800565484581,0.4554738485805777,1.3339253250822985e-15,0.680711733217092,1.9935742457876246e-15,300000000000000.0,50,52000000000000.0
876215.537,1442974200000.0,6.2532758e+30,0.6442815771611108,1.8812257216170252e-15,0.005189306205364115,0.4555171560841448,1.3303631075179531e-15,0.6807764570231153,1.9882504501298692e-15,300000000000000.0,50,52000000000000.0
877215.537,1442109400000.0,6.2705625e+30,0.644342816963041,1.8761885314197525e-15,0.005188811845243649,0.45556046358771185,1.3268008899536077e-15,0.6808411808291387,1.982926654472114e-15,300000000000000.0,50,52000000000000.0
878215.537,1440511700000.0,6.3519736e+30,0.644404056764971,1.8711513412224798e-15,0.005188317485123184,0.4556037710912789,1.3232386723892623e-15,0.6809059046351621,1.9776028588143585e-15,300000000000000.0,50,52000000000000.0
879215.537,1438442700000.0,6.4085621e+30,0.6444630852524541,1.8664248526199573e-15,0.005187842236121402,0.4556455147898564,1.3198961789058469e-15,0.6809682913076268,1.9726074446123384e-15,300000000000000.0,50,52000000000000.0
880215.537,1435634600000.0,6.3820306e+30,0.6445220923600007,1.8617013680136912e-15,0.00518736717189411,0.45568724336889666,1.3165558098090702e-15,0.681030655383682,1.9676152053430522e-15,300000000000000.0,50,52000000000000.0
881215.537,1432942700000.0,6.3211761e+30,0.6445810994675474,1.856977883407425e-15,0.005186892107666818,0.4557289719479369,1.3132154407122936e-15,0.6810930194597372,1.962622966073766e-15,300000000000000.0,50,52000000000000.0
882215.537,1430874700000.0,6.2332433e+30,0.644640106575094,1.852254398801159e-15,0.005186417043439528,0.45577070052697716,1.309875071615517e-15,0.6811553835357924,1.95763072680448e-15,300000000000000.0,50,52000000000000.0
883215.537,1429248000000.0,6.1227485e+30,0.6446991136826407,1.847530914194893e-15,0.005185941979212236,0.4558124291060174,1.3065347025187403e-15,0.6812177476118476,1.952638487535194e-15,300000000000000.0,50,52000000000000.0
884215.537,1427171700000.0,6.1339981e+30,0.6447581207901872,1.842807429588627e-15,0.005185466914984944,0.45585415768505766,1.3031943334219638e-15,0.6812801116879027,1.9476462482659077e-15,300000000000000.0,50,52000000000000.0
885215.537,1425746300000.0,6.0150731e+30,0.6448171278977339,1.8380839449823604e-15,0.0051849918507576535,0.4558958862640979,1.2998539643251872e-15,0.6813424757639579,1.9426540089966216e-15,300000000000000.0,50,52000000000000.0
886215.537,1424085200000.0,6.1018627e+30,0.6448761350052806,1.8333604603760944e-15,0.005184516786530362,0.45593761484313816,1.2965135952284105e-15,0.6814048398400131,1.9376617697273354e-15,300000000000000.0,50,52000000000000.0
887215.537,1422578400000.0,5.9983932e+30,0.6449351421128272,1.8286369757698283e-15,0.00518404172230307,0.4559793434221784,1.2931732261316339e-15,0.6814672039160683,1.9326695304580493e-15,300000000000000.0,50,52000000000000.0
888215.537,1421302800000.0,6.2465557e+30,0.6449941492203739,1.823913491163562e-15,0.0051835666580757785,0.4560210720012186,1.2898328570348572e-15,0.6815295679921235,1.9276772911887628e-15,300000000000000.0,50,52000000000000.0
889215.537,1420311800000.0,6.2802511e+30,0.6450531563279205,1.819190006557296e-15,0.005183091593848488,0.4560628005802589,1.2864924879380806e-15,0.6815919320681787,1.9226850519194767e-15,300000000000000.0,50,52000000000000.0
890215.537,1418756000000.0,6.1717128e+30,0.6451121634354672,1.81446652195103e-15,0.005182616529621196,0.4561045291592991,1.283152118841304e-15,0.6816542961442339,1.9176928126501905e-15,300000000000000.0,50,52000000000000.0
891215.537,1417188800000.0,6.0647403e+30,0.6451711705430138,1.809743037344764e-15,0.005182141465393904,0.4561462577383394,1.2798117497445273e-15,0.6817166602202891,1.9127005733809044e-15,300000000000000.0,50,52000000000000.0
892215.537,1415730000000.0,5.9401128e+30,0.6452301776505605,1.805019552738498e-15,0.0051816664011666135,0.4561879863173796,1.2764713806477506e-15,0.6817790242963443,1.9077083341116183e-15,300000000000000.0,50,52000000000000.0
893215.537,1413947500000.0,5.8761471e+30,0.645287681080971,1.80086958048017e-15,0.005181204288403086,0.45622865152116715,1.2735365888272263e-15,0.6818397991397307,1.9033222370596625e-15,300000000000000.0,50,52000000000000.0
894215.537,1411848000000.0,5.8499158e+30,0.6453445604899533,1.796957614098151e-15,0.0051807475504575436,0.45626887542746597,1.270770110340133e-15,0.6818999144564034,1.8991876871803567e-15,300000000000000.0,50,52000000000000.0
895215.537,1409776500000.0,5.8579477e+30,0.6454014398989356,1.793045647716132e-15,0.005180290812512002,0.4563090993337648,1.26800363185304e-15,0.6819600297730761,1.895053137301051e-15,300000000000000.0,50,52000000000000.0
896215.537,1408583200000.0,5.8986552e+30,0.6454583193079179,1.789133681334113e-15,0.00517983407456646,0.4563493232400636,1.2652371533659468e-15,0.682020145089749,1.8909185874217452e-15,300000000000000.0,50,52000000000000.0
897215.537,1407760300000.0,5.9043424e+30,0.6455151987169002,1.785221714952094e-15,0.005179377336620918,0.45638954714636243,1.2624706748788537e-15,0.6820802604064217,1.8867840375424395e-15,300000000000000.0,50,52000000000000.0
898215.537,1407022400000.0,5.8870182e+30,0.6455720781258825,1.781309748570075e-15,0.005178920598675376,0.45642977105266125,1.2597041963917606e-15,0.6821403757230945,1.8826494876631337e-15,300000000000000.0,50,52000000000000.0
899215.537,1406036500000.0,5.8854357e+30,0.6456289575348647,1.777397782188056e-15,0.005178463860729834,0.45646999495896007,1.2569377179046674e-15,0.6822004910397672,1.878514937783828e-15,300000000000000.0,50,52000000000000.0
900215.537,1404487100000.0,5.8524937e+30,0.6456858369438471,1.7734858158060373e-15,0.005178007122784292,0.4565102188652589,1.2541712394175743e-15,0.68226060635644,1.874380387904522e-15,300000000000000.0,50,52000000000000.0
901215.537,1403174400000.0,5.8255541e+30,0.6457427163528293,1.7695738494240183e-15,0.005177550384838751,0.4565504427715577,1.251404760930481e-15,0.6823207216731128,1.8702458380252164e-15,300000000000000.0,50,52000000000000.0
902215.537,1401795600000.0,5.8147745e+30,0.6457995957618117,1.7656618830419993e-15,0.005177093646893209,0.4565906666778565,1.248638282443388e-15,0.6823808369897855,1.8661112881459107e-15,300000000000000.0,50,52000000000000.0
903215.537,1400564000000.0,5.8538736e+30,0.6458564751707939,1.7617499166599804e-15,0.005176636908947666,0.45663089058415535,1.2458718039562948e-15,0.6824409523064583,1.861976738266605e-15,300000000000000.0,50,52000000000000.0
904215.537,1399178000000.0,6.0655143e+30,0.6459133545797763,1.7578379502779614e-15,0.005176180171002125,0.45667111449045417,1.2431053254692017e-15,0.682501067623131,1.857842188387299e-15,300000000000000.0,50,52000000000000.0
905215.537,1397298100000.0,5.8416832e+30,0.6459702339887585,1.7539259838959426e-15,0.005175723433056583,0.456711338396753,1.2403388469821084e-15,0.6825611829398038,1.8537076385079934e-15,300000000000000.0,50,52000000000000.0
906215.537,1395246500000.0,5.8513491e+30,0.6460271133977409,1.7500140175139237e-15,0.005175266695111041,0.45675156230305186,1.2375723684950154e-15,0.6826212982564765,1.8495730886286876e-15,300000000000000.0,50,52000000000000.0
907215.537,1393263300000.0,5.8999494e+30,0.6460836513135924,1.7459829731018832e-15,0.005174812914922904,0.45679154471100747,1.234721680962682e-15,0.6826810526497045,1.8453126868981034e-15,300000000000000.0,50,52000000000000.0
908215.537,1391647300000.0,5.8115666e+30,0.6461387399131306,1.7414465547426223e-15,0.0051743716876257945,0.45683050218622856,1.2315136054421787e-15,0.6827392752632587,1.8405181627367546e-15,300000000000000.0,50,52000000000000.0
909215.537,1390074400000.0,5.8142559e+30,0.6461938285126689,1.7369101363833611e-15,0.005173930460328684,0.4568694596614496,1.2283055299216754e-15,0.682797497876813,1.835723638575406e-15,300000000000000.0,50,52000000000000.0
910215.537,1388130200000.0,5.8376494e+30,0.6462489171122071,1.7323737180241002e-15,0.005173489233031575,0.45690841713667063,1.225097454401172e-15,0.6828557204903672,1.830929114414057e-15,300000000000000.0,50,52000000000000.0
911215.537,1385568200000.0,5.8207567e+30,0.6463040057117454,1.7278372996648392e-15,0.005173048005734465,0.4569473746118917,1.2218893788806686e-15,0.6829139431039216,1.8261345902527084e-15,300000000000000.0,50,52000000000000.0
912215.537,1383519100000.0,5.7867621e+30,0.6463590943112837,1.723300881305578e-15,0.005172606778437356,0.45698633208711276,1.2186813033601653e-15,0.6829721657174759,1.8213400660913596e-15,300000000000000.0,50,52000000000000.0
913215.537,1382444700000.0,5.8141855e+30,0.646414182910822,1.7187644629463171e-15,0.005172165551140246,0.45702528956233385,1.215473227839662e-15,0.6830303883310301,1.816545541930011e-15,300000000000000.0,50,52000000000000.0
914215.537,1380943400000.0,5.8320686e+30,0.6464692715103603,1.7142280445870562e-15,0.005171724323843136,0.4570642470375549,1.2122651523191585e-15,0.6830886109445844,1.811751017768662e-15,300000000000000.0,50,52000000000000.0
915215.537,1378846600000.0,5.8418884e+30,0.6465243601098986,1.7096916262277952e-15,0.005171283096546027,0.4571032045127759,1.2090570767986552e-15,0.6831468335581387,1.8069564936073133e-15,300000000000000.0,50,52000000000000.0
916215.537,1376586300000.0,5.7941487e+30,0.6465794487094368,1.705155207868534e-15,0.0051708418692489174,0.457142161987997,1.205849001278152e-15,0.6832050561716929,1.8021619694459646e-15,300000000000000.0,50,52000000000000.0
917215.537,1375276100000.0,5.7352978e+30,0.6466345373089751,1.7006187895092731e-15,0.005170400641951807,0.45718111946321804,1.2026409257576484e-15,0.6832632787852472,1.7973674452846162e-15,300000000000000.0,50,52000000000000.0
918215.537,1374249300000.0,5.7643888e+30,0.6466896259085134,1.6960823711500122e-15,0.005169959414654698,0.45722007693843914,1.1994328502371451e-15,0.6833215013988015,1.7925729211232674e-15,300000000000000.0,50,52000000000000.0
919215.537,1372663500000.0,5.8048747e+30,0.6467447145080517,1.6915459527907512e-15,0.005169518187357588,0.45725903441366017,1.1962247747166418e-15,0.6833797240123558,1.7877783969619187e-15,300000000000000.0,50,52000000000000.0
920215.537,1370485600000.0,5.7852061e+30,0.6467998031075899,1.68700953443149e-15,0.005169076960060479,0.4572979918888812,1.1930166991961383e-15,0.6834379466259101,1.78298387280057e-15,300000000000000.0,50,52000000000000.0
921215.537,1368403100000.0,5.7127178e+30,0.6468548917071282,1.6824731160722291e-15,0.005168635732763369,0.4573369493641023,1.189808623675635e-15,0.6834961692394643,1.778189348639221e-15,300000000000000.0,50,52000000000000.0
922215.537,1366874500000.0,5.6901227e+30,0.6469090547162124,1.6792054187629176e-15,0.005168202386455567,0.45737525227798387,1.1874977609983014e-15,0.6835534135998144,1.7747357244414426e-15,300000000000000.0,50,52000000000000.0
923215.537,1366005700000.0,5.7003954e+30,0.6469620328708054,1.6775618197008585e-15,0.005167779128654551,0.4574127172835449,1.1863354264438855e-15,0.6836094056917369,1.7729985951979034e-15,300000000000000.0,50,52000000000000.0
924215.537,1365069700000.0,5.7956951e+30,0.6470150110253984,1.6759182206387996e-15,0.005167355870853535,0.45745018228910594,1.1851730918894695e-15,0.6836653977836593,1.7712614659543644e-15,300000000000000.0,50,52000000000000.0
925215.537,1363612400000.0,5.9359562e+30,0.6470679891799914,1.6742746215767405e-15,0.00516693261305252,0.457487647294667,1.1840107573350537e-15,0.6837213898755817,1.7695243367108251e-15,300000000000000.0,50,52000000000000.0
926215.537,1361580700000.0,5.7273332e+30,0.6471209673345844,1.6726310225146816e-15,0.005166509355251504,0.457525112300228,1.1828484227806378e-15,0.6837773819675041,1.7677872074672861e-15,300000000000000.0,50,52000000000000.0
927215.537,1359550000000.0,5.6916243e+30,0.6471739454891774,1.6709874234526225e-15,0.005166086097450488,0.4575625773057891,1.181686088226222e-15,0.6838333740594267,1.766050078223747e-15,300000000000000.0,50,52000000000000.0
928215.537,1358100500000.0,5.7152264e+30,0.6472269236437704,1.6693438243905637e-15,0.005165662839649473,0.4576000423113501,1.180523753671806e-15,0.6838893661513491,1.7643129489802077e-15,300000000000000.0,50,52000000000000.0
929215.537,1357469200000.0,5.6353955e+30,0.6472799017983634,1.6677002253285046e-15,0.005165239581848457,0.45763750731691116,1.1793614191173901e-15,0.6839453582432715,1.7625758197366687e-15,300000000000000.0,50,52000000000000.0
930215.537,1357113600000.0,5.7386099e+30,0.6473328799529564,1.6660566262664457e-15,0.005164816324047441,0.4576749723224722,1.1781990845629743e-15,0.684001350335194,1.7608386904931294e-15,300000000000000.0,50,52000000000000.0
931215.537,1356981900000.0,5.8410356e+30,0.6473858581075493,1.6644130272043866e-15,0.005164393066246425,0.45771243732803324,1.1770367500085584e-15,0.6840573424271165,1.7591015612495902e-15,300000000000000.0,50,52000000000000.0
932215.537,1357287500000.0,5.9836202e+30,0.6474388362621424,1.6627694281423277e-15,0.00516396980844541,0.4577499023335943,1.1758744154541424e-15,0.6841133345190389,1.7573644320060512e-15,300000000000000.0,50,52000000000000.0
933215.537,1357346500000.0,5.9298739e+30,0.6474918144167354,1.6611258290802686e-15,0.0051635465506443936,0.4577873673391553,1.1747120808997266e-15,0.6841693266109614,1.755627302762512e-15,300000000000000.0,50,52000000000000.0
934215.537,1357395800000.0,5.825341e+30,0.6475447925713284,1.6594822300182098e-15,0.0051631232928433775,0.4578248323447164,1.1735497463453107e-15,0.6842253187028838,1.753890173518973e-15,300000000000000.0,50,52000000000000.0
935215.537,1357726100000.0,5.7116299e+30,0.6475977707259214,1.6578386309561507e-15,0.005162700035042362,0.4578622973502774,1.1723874117908949e-15,0.6842813107948063,1.7521530442754338e-15,300000000000000.0,50,52000000000000.0
936215.537,1358133700000.0,5.6639417e+30,0.6476507488805143,1.6561950318940918e-15,0.005162276777241346,0.45789976235583846,1.1712250772364788e-15,0.6843373028867287,1.7504159150318945e-15,300000000000000.0,50,52000000000000.0
937215.537,1358455000000.0,5.6684477e+30,0.647703380049558,1.6538658621135421e-15,0.005161856748311226,0.45793698197716726,1.1695779224587958e-15,0.6843929282476406,1.7479542136805518e-15,300000000000000.0,50,52000000000000.0
938215.537,1359235000000.0,5.7382911e+30,0.6477555811281822,1.650686923810141e-15,0.0051614407215836156,0.45797389744344547,1.1673298304563123e-15,0.68444809904353,1.7445944013785212e-15,300000000000000.0,50,52000000000000.0
939215.537,1359809000000.0,5.8909249e+30,0.6478077822068065,1.64750798550674e-15,0.005161024694856005,0.4580108129097237,1.1650817384538286e-15,0.6845032698394193,1.7412345890764907e-15,300000000000000.0,50,52000000000000.0
940215.537,1355181800000.0,5.7097029e+30,0.6478599832854308,1.644329047203339e-15,0.005160608668128395,0.45804772837600183,1.162833646451345e-15,0.6845584406353087,1.73787477677446e-15,300000000000000.0,50,52000000000000.0
941215.537,1353506500000.0,5.5600928e+30,0.6479121843640551,1.641150108899938e-15,0.005160192641400785,0.45808464384228004,1.1605855544488615e-15,0.684613611431198,1.7345149644724295e-15,300000000000000.0,50,52000000000000.0
942215.537,1352248200000.0,5.4908721e+30,0.6479643854426793,1.637971170596537e-15,0.005159776614673175,0.45812155930855825,1.1583374624463778e-15,0.6846687822270873,1.731155152170399e-15,300000000000000.0,50,52000000000000.0
943215.537,1350436000000.0,5.4277917e+30,0.6480165865213037,1.634792232293136e-15,0.005159360587945565,0.45815847477483646,1.1560893704438943e-15,0.6847239530229766,1.7277953398683683e-15,300000000000000.0,50,52000000000000.0
944215.537,1348868900000.0,5.4100065e+30,0.6480687875999279,1.631613293989735e-15,0.005158944561217954,0.45819539024111466,1.1538412784414108e-15,0.684779123818866,1.7244355275663378e-15,300000000000000.0,50,52000000000000.0
945215.537,1347371200000.0,5.423777e+30,0.6481209886785522,1.628434355686334e-15,0.005158528534490345,0.4582323057073929,1.1515931864389273e-15,0.6848342946147553,1.7210757152643072e-15,300000000000000.0,50,52000000000000.0
946215.537,1345147500000.0,5.4312191e+30,0.6481731897571765,1.625255417382933e-15,0.005158112507762735,0.4582692211736711,1.1493450944364436e-15,0.6848894654106447,1.7177159029622766e-15,300000000000000.0,50,52000000000000.0
947215.537,1343418300000.0,5.4052682e+30,0.6482253908358008,1.622076479079532e-15,0.005157696481035125,0.4583061366399493,1.1470970024339601e-15,0.684944636206534,1.714356090660246e-15,300000000000000.0,50,52000000000000.0
948215.537,1342226400000.0,5.4313791e+30,0.648277591914425,1.618897540776131e-15,0.0051572804543075145,0.4583430521062275,1.1448489104314766e-15,0.6849998070024234,1.7109962783582155e-15,300000000000000.0,50,52000000000000.0
949215.537,1341356700000.0,5.4103235e+30,0.6483297929930494,1.61571860247273e-15,0.005156864427579904,0.45837996757250565,1.142600818428993e-15,0.6850549777983127,1.7076364660561849e-15,300000000000000.0,50,52000000000000.0
950215.537,1340810800000.0,5.3840377e+30,0.6483819940716736,1.6125396641693291e-15,0.005156448400852294,0.45841688303878386,1.1403527264265094e-15,0.685110148594202,1.7042766537541543e-15,300000000000000.0,50,52000000000000.0
951215.537,1339970900000.0,5.3549737e+30,0.6484341951502979,1.609360725865928e-15,0.005156032374124684,0.45845379850506207,1.1381046344240259e-15,0.6851653193900914,1.7009168414521237e-15,300000000000000.0,50,52000000000000.0
952215.537,1338884400000.0,5.4802998e+30,0.648486074489608,1.6059611191119759e-15,0.005155619120215534,0.45849048644267826,1.135700490876044e-15,0.6852201501404679,1.697323807453826e-15,300000000000000.0,50,52000000000000.0
953215.537,1337510000000.0,5.5538624e+30,0.6485367481556678,1.6017345880860693e-15,0.005155216257057213,0.45852632174833574,1.1327115659045002e-15,0.685273706617665,1.6928568076443399e-15,300000000000000.0,50,52000000000000.0
954215.537,1336033500000.0,5.5173876e+30,0.6485874218217274,1.5975080570601627e-15,0.005154813393898893,0.4585621570539932,1.1297226409329563e-15,0.685327263094862,1.6883898078348537e-15,300000000000000.0,50,52000000000000.0
955215.537,1334301700000.0,5.496113e+30,0.6486380954877871,1.593281526034256e-15,0.005154410530740573,0.4585979923596507,1.1267337159614124e-15,0.685380819572059,1.6839228080253676e-15,300000000000000.0,50,52000000000000.0
956215.537,1332389300000.0,5.4369451e+30,0.6486887691538468,1.5890549950083494e-15,0.005154007667582253,0.4586338276653082,1.1237447909898683e-15,0.6854343760492561,1.6794558082158815e-15,300000000000000.0,50,52000000000000.0
957215.537,1330269300000.0,5.38175e+30,0.6487394428199064,1.5848284639824428e-15,0.005153604804423932,0.4586696629709657,1.1207558660183244e-15,0.6854879325264531,1.6749888084063953e-15,300000000000000.0,50,52000000000000.0
958215.537,1327933200000.0,5.3626721e+30,0.6487901164859661,1.5806019329565364e-15,0.005153201941265612,0.45870549827662316,1.1177669410467805e-15,0.6855414890036501,1.6705218085969092e-15,300000000000000.0,50,52000000000000.0
959215.537,1325615200000.0,5.3506484e+30,0.6488407901520257,1.5763754019306298e-15,0.005152799078107292,0.45874133358228064,1.1147780160752366e-15,0.6855950454808472,1.666054808787423e-15,300000000000000.0,50,52000000000000.0
960215.537,1323137000000.0,5.4102983e+30,0.6488914638180854,1.5721488709047232e-15,0.005152396214948972,0.4587771688879381,1.1117890911036928e-15,0.6856486019580441,1.6615878089779369e-15,300000000000000.0,50,52000000000000.0
961215.537,1320657000000.0,5.3950111e+30,0.6489421374841451,1.5679223398788166e-15,0.005151993351790652,0.4588130041935956,1.1088001661321489e-15,0.6857021584352412,1.657120809168451e-15,300000000000000.0,50,52000000000000.0
962215.537,1318788500000.0,5.4227491e+30,0.6489928111502047,1.56369580885291e-15,0.005151590488632331,0.45884883949925315,1.105811241160605e-15,0.6857557149124383,1.6526538093589648e-15,300000000000000.0,50,52000000000000.0
963215.537,1317207400000.0,5.4367114e+30,0.6490434848162644,1.5594692778270034e-15,0.005151187625474011,0.45888467480491063,1.1028223161890611e-15,0.6858092713896352,1.6481868095494786e-15,300000000000000.0,50,52000000000000.0
964215.537,1315942700000.0,5.4154041e+30,0.649094158482324,1.555242746801097e-15,0.005150784762315691,0.4589205101105681,1.099833391217517e-15,0.6858628278668323,1.6437198097399925e-15,300000000000000.0,50,52000000000000.0
965215.537,1314759400000.0,5.4217733e+30,0.6491448321483837,1.5510162157751903e-15,0.005150381899157371,0.4589563454162256,1.0968444662459731e-15,0.6859163843440294,1.6392528099305063e-15,300000000000000.0,50,52000000000000.0
966215.537,1313622500000.0,5.3996322e+30,0.6491955058144433,1.5467896847492837e-15,0.005149979035999051,0.4589921807218831,1.0938555412744293e-15,0.6859699408212263,1.6347858101210202e-15,300000000000000.0,50,52000000000000.0
967215.537,1312634300000.0,5.3888928e+30,0.649246179480503,1.5425631537233771e-15,0.00514957617284073,0.45902801602754056,1.0908666163028854e-15,0.6860234972984234,1.630318810311534e-15,300000000000000.0,50,52000000000000.0
968215.537,1311607800000.0,5.3670358e+30,0.6492953528582962,1.5399284335666074e-15,0.005149185916163537,0.459062790356942,1.0890033859899742e-15,0.6860754681283462,1.6275341804418026e-15,300000000000000.0,50,52000000000000.0
969215.537,1310656900000.0,5.3282522e+30,0.6493439627368125,1.5378915880274761e-15,0.005148800394405065,0.4590971661900234,1.08756295984096e-15,0.6861268433986607,1.6253814386336238e-15,300000000000000.0,50,52000000000000.0
970215.537,1309704900000.0,5.3196099e+30,0.6493925726153289,1.5358547424883448e-15,0.005148414872646593,0.4591315420231048,1.0861225336919459e-15,0.6861782186689752,1.623228696825445e-15,300000000000000.0,50,52000000000000.0
971215.537,1308728100000.0,5.2904246e+30,0.6494411824938452,1.5338178969492137e-15,0.005148029350888121,0.45916591785618627,1.0846821075429317e-15,0.6862295939392897,1.6210759550172662e-15,300000000000000.0,50,52000000000000.0
972215.537,1307840100000.0,5.2700985e+30,0.6494897923723616,1.5317810514100824e-15,0.005147643829129649,0.4592002936892677,1.0832416813939175e-15,0.6862809692096044,1.6189232132090872e-15,300000000000000.0,50,52000000000000.0
973215.537,1307034000000.0,5.2642785e+30,0.6495384022508779,1.529744205870951e-15,0.005147258307371176,0.4592346695223491,1.0818012552449034e-15,0.6863323444799189,1.6167704714009085e-15,300000000000000.0,50,52000000000000.0
974215.537,1306367100000.0,5.2884426e+30,0.6495870121293943,1.5277073603318198e-15,0.0051468727856127045,0.4592690453554305,1.0803608290958892e-15,0.6863837197502334,1.6146177295927297e-15,300000000000000.0,50,52000000000000.0
975215.537,1305685900000.0,5.3484091e+30,0.6496356220079106,1.5256705147926884e-15,0.005146487263854232,0.459303421188512,1.078920402946875e-15,0.6864350950205479,1.6124649877845507e-15,300000000000000.0,50,52000000000000.0
976215.537,1304958400000.0,5.3443379e+30,0.649684231886427,1.5236336692535571e-15,0.00514610174209576,0.4593377970215934,1.0774799767978609e-15,0.6864864702908624,1.6103122459763719e-15,300000000000000.0,50,52000000000000.0
977215.537,1304266700000.0,5.3088091e+30,0.6497328417649433,1.5215968237144258e-15,0.005145716220337287,0.4593721728546748,1.0760395506488467e-15,0.6865378455611769,1.608159504168193e-15,300000000000000.0,50,52000000000000.0
978215.537,1303592100000.0,5.262491e+30,0.6497814516434597,1.5195599781752945e-15,0.0051453306985788155,0.4594065486877562,1.0745991244998325e-15,0.6865892208314914,1.606006762360014e-15,300000000000000.0,50,52000000000000.0
979215.537,1302918400000.0,5.1812554e+30,0.649830061521976,1.5175231326361634e-15,0.005144945176820343,0.4594409245208377,1.0731586983508183e-15,0.686640596101806,1.6038540205518353e-15,300000000000000.0,50,52000000000000.0
980215.537,1301467700000.0,5.1419628e+30,0.6498786714004923,1.515486287097032e-15,0.005144559655061871,0.4594753003539191,1.0717182722018042e-15,0.6866919713721205,1.6017012787436565e-15,300000000000000.0,50,52000000000000.0
981215.537,1300477800000.0,5.0163478e+30,0.6499272812790087,1.5134494415579008e-15,0.005144174133303398,0.4595096761870005,1.07027784605279e-15,0.686743346642435,1.5995485369354775e-15,300000000000000.0,50,52000000000000.0
982215.537,1299940400000.0,4.9718253e+30,0.649975891157525,1.5114125960187695e-15,0.0051437886115449265,0.4595440520200819,1.0688374199037758e-15,0.6867947219127495,1.5973957951272987e-15,300000000000000.0,50,52000000000000.0
983215.537,1299409200000.0,4.9638421e+30,0.6500245010360414,1.5093757504796381e-15,0.005143403089786454,0.4595784278531634,1.0673969937547617e-15,0.686846097183064,1.59524305331912e-15,300000000000000.0,50,52000000000000.0
984215.537,1298699000000.0,4.9645418e+30,0.6500721088092322,1.5077142911053754e-15,0.00514302639644023,0.45961209501261824,1.0662220332217241e-15,0.6868964133283791,1.5934870544304905e-15,300000000000000.0,50,52000000000000.0
985215.537,1297927100000.0,4.9343882e+30,0.6501197079332393,1.5060560716938338e-15,0.005142649779292142,0.4596457560555021,1.0650493639257643e-15,0.686946720332373,1.5917344798350008e-15,300000000000000.0,50,52000000000000.0
986215.537,1297229100000.0,4.9195599e+30,0.6501673070572465,1.504397852282292e-15,0.005142273162144055,0.45967941709838595,1.0638766946298046e-15,0.6869970273363669,1.5899819052395113e-15,300000000000000.0,50,52000000000000.0
987215.537,1296574700000.0,4.9001564e+30,0.6502149061812535,1.5027396328707505e-15,0.0051418965449959685,0.4597130781412698,1.0627040253338447e-15,0.6870473343403607,1.5882293306440216e-15,300000000000000.0,50,52000000000000.0
988215.537,1295954400000.0,4.8804347e+30,0.6502625053052606,1.5010814134592088e-15,0.005141519927847881,0.4597467391841537,1.061531356037885e-15,0.6870976413443546,1.586476756048532e-15,300000000000000.0,50,52000000000000.0
989215.537,1295345100000.0,4.880092e+30,0.6503101044292678,1.4994231940476672e-15,0.005141143310699794,0.4597804002270376,1.0603586867419254e-15,0.6871479483483485,1.5847241814530424e-15,300000000000000.0,50,52000000000000.0
990215.537,1294752000000.0,4.8808233e+30,0.6503577035532749,1.4977649746361255e-15,0.005140766693551706,0.4598140612699214,1.0591860174459655e-15,0.6871982553523424,1.5829716068575527e-15,300000000000000.0,50,52000000000000.0
991215.537,1294182000000.0,4.8765728e+30,0.650405302677282,1.496106755224584e-15,0.005140390076403619,0.4598477223128053,1.0580133481500058e-15,0.6872485623563362,1.5812190322620632e-15,300000000000000.0,50,52000000000000.0
992215.537,1293648700000.0,4.8820867e+30,0.6504529018012891,1.4944485358130422e-15,0.005140013459255533,0.4598813833556892,1.056840678854046e-15,0.6872988693603301,1.5794664576665736e-15,300000000000000.0,50,52000000000000.0
993215.537,1293046200000.0,4.8773871e+30,0.6505005009252963,1.4927903164015006e-15,0.005139636842107445,0.459915044398573,1.0556680095580863e-15,0.687349176364324,1.577713883071084e-15,300000000000000.0,50,52000000000000.0
994215.537,1292430800000.0,4.8780636e+30,0.6505481000493034,1.491132096989959e-15,0.005139260224959358,0.4599487054414569,1.0544953402621266e-15,0.6873994833683179,1.5759613084755944e-15,300000000000000.0,50,52000000000000.0
995215.537,1291784300000.0,4.873129e+30,0.6505956991733105,1.4894738775784173e-15,0.00513888360781127,0.45998236648434077,1.0533226709661667e-15,0.6874497903723118,1.5742087338801049e-15,300000000000000.0,50,52000000000000.0
996215.537,1291057100000.0,4.8720311e+30,0.6506432982973177,1.4878156581668758e-15,0.005138506990663184,0.4600160275272246,1.052150001670207e-15,0.6875000973763057,1.5724561592846152e-15,300000000000000.0,50,52000000000000.0
997215.537,1290379100000.0,4.8476595e+30,0.6506908974213248,1.486157438755334e-15,0.005138130373515096,0.4600496885701085,1.0509773323742471e-15,0.6875504043802996,1.5707035846891257e-15,300000000000000.0,50,52000000000000.0
998215.537,1289656300000.0,4.8273882e+30,0.6507384965453319,1.4844992193437925e-15,0.005137753756367009,0.46008334961299235,1.0498046630782875e-15,0.6876007113842935,1.568951010093636e-15,300000000000000.0,50,52000000000000.0
999215.537,1288692100000.0,4.8450976e+30,0.650786095669339,1.4828409999322523e-15,0.005137377139218922,0.4601170106558762,1.0486319937823288e-15,0.6876510183882872,1.5671984354981481e-15,300000000000000.0,50,52000000000000.0
