t[yr],B[G],L[erg/s],P_fill[s],Pdot_fill[s/s],chi[rad],P_vac[s],Pdot_vac[s/s],P_vacObs[s],Pdot_vacObs[s/s],bpol,etor,btorAvg
0.0,1000000000000000.0,5.2631674e+37,0.001,1.015831286811551e-06,1.0471975511965976,0.001,2.9023751051758594e-07,0.001,6.482674662146759e-07,300000000000000.0,50,52000000000000.0
0.99999997765,994941110000000.0,8.3392774e+35,0.2021824638466087,3.0698490888096226e-09,-12.281400422577374,0.12929420368629976,2.2244217620633235e-09,0.19475340876456013,3.2984628464302064e-09,300000000000000.0,50,52000000000000.0
2.0119999776,990348980000000.0,7.0299828e+35,0.2823118648682405,2.106568628195915e-09,-12.356198459933085,0.18726962788874976,1.5216134129379309e-09,0.28092643865728706,2.265581681985551e-09,300000000000000.0,50,52000000000000.0
3.0299999776,986051420000000.0,7.1033894e+35,0.34293877080067653,1.6972793056041248e-09,-12.391587714418737,0.23100763984197972,1.2228575603432441e-09,0.3460940042147114,1.823092711989073e-09,300000000000000.0,50,52000000000000.0
4.0669999776,981920440000000.0,6.3679722e+35,0.3943803366022245,1.4534852569033661e-09,-12.413614116515845,0.26803465270006954,1.0451158094361277e-09,0.40131341717208135,1.5590940780440204e-09,300000000000000.0,50,52000000000000.0
5.1019999776,978045860000000.0,6.060404e+35,0.4391829414744189,1.289427494708774e-09,-12.428796953164651,0.3002257450274766,9.257050358209896e-10,0.4493445756239458,1.3814707913737222e-09,300000000000000.0,50,52000000000000.0
6.1549999776,974329490000000.0,5.8136597e+35,0.48005213804024344,1.1672722703470358e-09,-12.440271997259169,0.32954912179750917,8.369419271604095e-10,0.4931103660719061,1.249315146853374e-09,300000000000000.0,50,52000000000000.0
7.2079999776,970808310000000.0,5.6205286e+35,0.5173494002699947,1.073013014481515e-09,-12.449215062229964,0.3562787668705552,7.685562529274489e-10,0.5330133499093762,1.147435245276135e-09,300000000000000.0,50,52000000000000.0
8.2779999776,967372120000000.0,5.4606036e+35,0.5523673044164388,9.962721060336113e-10,-12.45654245389123,0.38135071105378415,7.12959976140722e-10,0.5704473955710871,1.0645713520854135e-09,300000000000000.0,50,52000000000000.0
9.3209999776,964177180000000.0,5.3001534e+35,0.5842322688685098,9.34557336551918e-10,-12.46246678764651,0.4041468520054129,6.683062502348809e-10,0.6044874389393982,9.979944403757632e-10,300000000000000.0,50,52000000000000.0
19.407999978,938776320000000.0,4.4681867e+35,0.8246364528537834,6.244337735358833e-10,-12.492617191849538,0.5757002399955201,4.448063275556635e-10,0.8607315482275242,6.645081644608811e-10,300000000000000.0,50,52000000000000.0
29.451999978,919411410000000.0,4.0211176e+35,1.00033246679515,4.928774998932523e-10,-12.505570054945531,0.7007464482694408,3.5050324998229397e-10,1.0475541556149317,5.236934594591921e-10,300000000000000.0,50,52000000000000.0
39.678999978,902815650000000.0,3.716251e+35,1.1464255547840867,4.142982199405382e-10,-12.513332658589647,0.8045875216714096,2.943315801751071e-10,1.2027101060203043,4.3979458578227654e-10,300000000000000.0,50,52000000000000.0
49.868999978,888517940000000.0,3.4786831e+35,1.271258454691816,3.6167493072018164e-10,-12.518556070609247,0.8932452499495132,2.567796212225603e-10,1.3351862645858132,3.836984980169504e-10,300000000000000.0,50,52000000000000.0
60.234999978,875674940000000.0,3.35115e+35,1.3833831358960624,3.2271834880778897e-10,-12.52244493255536,0.9728330373893034,2.2901360379516362e-10,1.4541134983040729,3.4221730700912423e-10,300000000000000.0,50,52000000000000.0
70.621999978,863627190000000.0,3.1351625e+35,1.484453971201921,2.924693366739572e-10,-12.52544757122054,1.0445450620575034,2.0747399655761345e-10,1.56127440580562,3.100361221664474e-10,300000000000000.0,50,52000000000000.0
81.170999978,852832440000000.0,3.0019806e+35,1.5780549147571385,2.682260408703071e-10,-12.527885527975714,1.110935864894937,1.9022240738863963e-10,1.660485284404524,2.842603684087246e-10,300000000000000.0,50,52000000000000.0
91.458999978,843361840000000.0,2.9037721e+35,1.662286295051093,2.4899843611959214e-10,-12.529844475260512,1.1706657724935843,1.7654719005440284e-10,1.7497435653323055,2.638274680368015e-10,300000000000000.0,50,52000000000000.0
192.84099998,768743110000000.0,2.5212647e+35,2.279167456245375,1.5080721228635422e-10,-12.539774551048923,1.6077985178487955,1.0681438091660284e-10,2.4029997818141475,1.5962771838550815e-10,300000000000000.0,50,52000000000000.0
292.85899998,720260920000000.0,2.4651893e+35,2.6907187383409537,1.1212178179288592e-10,-12.543862742349788,1.8992357082841926,7.938336947132294e-11,2.838538512178743,1.1863539777328387e-10,300000000000000.0,50,52000000000000.0
394.71099998,683742070000000.0,2.306869e+35,3.0152320516387014,9.0144804345794e-11,-12.546297553930824,2.128969939977871,6.38097440936241e-11,3.1818687660778044,9.536191304042492e-11,300000000000000.0,50,52000000000000.0
496.20499998,651978690000000.0,1.9936308e+35,3.2805697537097487,7.534950558885133e-11,-12.547929402182385,2.3167790442097127,5.3329490924371854e-11,3.4625449304063265,7.969981670243101e-11,300000000000000.0,50,52000000000000.0
599.45999998,626827890000000.0,1.8955303e+35,3.509949773940597,6.507190447166075e-11,-12.549140760063088,2.479117987466652,4.605092310723431e-11,3.7051574617266394,6.882235881020741e-11,300000000000000.0,50,52000000000000.0
702.90499998,603898670000000.0,1.9298599e+35,3.7101904697192705,5.713395958412299e-11,-12.550075404016324,2.6208221717259086,4.043036726201962e-11,3.9169322876443884,6.042266315262523e-11,300000000000000.0,50,52000000000000.0
807.96599998,585124310000000.0,2.0225385e+35,3.8904248322793826,5.117178004718405e-11,-12.550833992807572,2.748360205075455,3.620921469165552e-11,4.107536384139274,5.41142974541444e-11,300000000000000.0,50,52000000000000.0
910.42999998,571480690000000.0,2.3436753e+35,4.049600070911839,4.687143995692934e-11,-12.551447778611772,2.860990568985689,3.3164794982505286e-11,4.275861398266487,4.956450923778873e-11,300000000000000.0,50,52000000000000.0
1920.154,433752790000000.0,1.7779857e+35,5.087994213423425,2.1557257637725854e-11,-12.554506006350397,3.5956442090337384,1.525008594629577e-11,5.373798607540741,2.279125827533297e-11,300000000000000.0,50,52000000000000.0
2945.446,397048520000000.0,1.0652183e+35,5.693248081420339,1.6108128039103857e-11,-12.55577217588288,4.023797584158891,1.1394369124675965e-11,6.013674618517546,1.7028922555160885e-11,300000000000000.0,50,52000000000000.0
3969.996,393292830000000.0,7.8932146e+34,6.188193828521589,1.4558765516768826e-11,-12.556623377221056,4.37389781122331,1.0297897732265061e-11,6.536900889250936,1.539026128062756e-11,300000000000000.0,50,52000000000000.0
4990.917,421241780000000.0,6.6350611e+34,6.6700815157547995,1.5448998992572835e-11,-12.557331062163678,4.7147466361967005,1.092716867796722e-11,7.046301448208798,1.6330725320169237e-11,300000000000000.0,50,52000000000000.0
6029.562,442391380000000.0,5.1407196e+34,7.182070724009466,1.5809086382383358e-11,-12.55797933522485,5.076873886114933,1.1181485460601837e-11,7.587503206209771,1.6710816778451088e-11,300000000000000.0,50,52000000000000.0
7070.126,442774580000000.0,4.957403e+34,7.6861363665577525,1.481023443222048e-11,-12.558533294347452,5.43338602049822,1.0474728854019972e-11,8.12031351515404,1.565457350242123e-11,300000000000000.0,50,52000000000000.0
8126.921,427082890000000.0,4.8503579e+34,8.15222293444665,1.2978762328982557e-11,-12.558984295803574,5.763028536777922,9.179200860185975e-12,8.612967236265908,1.3718402296362854e-11,300000000000000.0,50,52000000000000.0
9157.61,395793600000000.0,5.193995e+34,8.54059099187741,1.0654404925964497e-11,-12.559322253209341,6.037699108827978,7.535187961978315e-12,9.023465060759536,1.1261413397890874e-11,300000000000000.0,50,52000000000000.0
10215.537,359002890000000.0,5.8040121e+34,8.863636299316939,8.456058528778134e-12,-12.559580528261614,6.26616752298845,5.98036773936382e-12,9.36491341700208,8.937721365856694e-12,300000000000000.0,50,52000000000000.0
11215.537,336551880000000.0,6.1199586e+34,9.113607114999121,7.24327463520155e-12,-12.55976762524361,6.442953465448184,5.1226104766641795e-12,9.629121854098198,7.655795634972515e-12,300000000000000.0,50,52000000000000.0
12215.537,327398830000000.0,6.6583658e+34,9.334384576626181,6.673066486241375e-12,-12.559924515933872,6.599091939106351,4.719314519087708e-12,9.862472471223889,7.053066577918829e-12,300000000000000.0,50,52000000000000.0
13215.537,321112590000000.0,4.5088698e+34,9.539805162841441,6.287212350076965e-12,-12.560063914569952,6.744368786361751,4.4464053908529746e-12,10.079590301374072,6.645201772199498e-12,300000000000000.0,50,52000000000000.0
14215.537,322469190000000.0,3.8237991e+34,9.736975689842316,6.209141803240496e-12,-12.560192169941562,6.883810273777616,4.3911694785592906e-12,10.287987147760424,6.562651838786417e-12,300000000000000.0,50,52000000000000.0
15215.537,325424520000000.0,3.7116967e+34,9.93257704433971,6.187929307965067e-12,-12.560314403274552,7.022141313668988,4.376145951050771e-12,10.494724440631229,6.540199702505276e-12,300000000000000.0,50,52000000000000.0
16215.537,324915750000000.0,6.4503873e+34,10.126257834447905,6.046577448322575e-12,-12.560430792067192,7.15911345091348,4.276160923065659e-12,10.699430859220078,6.390771577754849e-12,300000000000000.0,50,52000000000000.0
17215.537,319592890000000.0,6.5593275e+34,10.313676396639845,5.742064744196803e-12,-12.560539261690515,7.291656309611553,4.06079097485288e-12,10.897517689372107,6.068899267431831e-12,300000000000000.0,50,52000000000000.0
18215.537,307881140000000.0,5.6588142e+34,10.489285446227758,5.2635789049203104e-12,-12.560637358105305,7.415846942386995,3.7223912257278924e-12,11.083122037594652,5.563157360331882e-12,300000000000000.0,50,52000000000000.0
19215.537,303184790000000.0,8.9866682e+34,10.652387851162523,5.013165591270086e-12,-12.56072555702007,7.531192460392144,3.5452873459070318e-12,11.255507271850286,5.298473911512565e-12,300000000000000.0,50,52000000000000.0
20215.537,297150920000000.0,7.6798018e+34,10.80755583334576,4.750790043374984e-12,-12.56080696171607,7.640926414573173,3.3597260840784106e-12,11.419505969235761,5.0211507336255214e-12,300000000000000.0,50,52000000000000.0
21215.537,292845850000000.0,5.356895e+34,10.955193599942367,4.539814345391107e-12,-12.560882276463074,7.745334728358223,3.210516330308014e-12,11.57554544348495,4.798155258846251e-12,300000000000000.0,50,52000000000000.0
22215.537,283648210000000.0,5.123439e+34,11.095124174802166,4.220936613298511e-12,-12.56095181028998,7.844292302864672,2.9850010043132074e-12,11.72343873101652,4.461120132894361e-12,300000000000000.0,50,52000000000000.0
23215.537,283515710000000.0,3.3660127e+34,11.227540056586996,4.163301521797241e-12,-12.561015984708655,7.937935318254946,2.944235030911948e-12,11.863389353251762,4.400195107995427e-12,300000000000000.0,50,52000000000000.0
24215.537,285265580000000.0,3.4179638e+34,11.358798668925132,4.162679871057371e-12,-12.561078122175124,8.030759707474385,2.9437886315492893e-12,12.002116535415013,4.399528165231643e-12,300000000000000.0,50,52000000000000.0
25215.537,286915440000000.0,3.6089128e+34,11.490079236266677,4.163967034469036e-12,-12.56113888478972,8.123599417461238,2.944692322925537e-12,12.140866620910447,4.400878942737721e-12,300000000000000.0,50,52000000000000.0
26215.537,289696720000000.0,3.4924721e+34,11.6216993981776,4.18671001270763e-12,-12.561198393075063,8.216679073678318,2.9607693859641055e-12,12.279975315367437,4.424906505694654e-12,300000000000000.0,50,52000000000000.0
27215.537,289049270000000.0,3.3877819e+34,11.753308799849385,4.131503737527979e-12,-12.561256587519486,8.309750924941355,2.9217223153997373e-12,12.419072351137931,4.366550360638144e-12,300000000000000.0,50,52000000000000.0
28215.537,288697150000000.0,3.3690494e+34,11.883122064040947,4.075187257396401e-12,-12.561312741686907,8.40155239273726,2.8818905484331574e-12,12.556270788693812,4.307021463821679e-12,300000000000000.0,50,52000000000000.0
29215.537,288001120000000.0,3.5047778e+34,12.01111383346781,4.014549466031168e-12,-12.561366908103595,8.492065553829265,2.839003249891765e-12,12.691543841247455,4.242926023917656e-12,300000000000000.0,50,52000000000000.0
30215.537,289803870000000.0,3.2638042e+34,12.137754013625363,4.01786865353132e-12,-12.561419365746707,8.58162272728026,2.841345248944167e-12,12.82538816343727,4.2464263281827745e-12,300000000000000.0,50,52000000000000.0
31215.537,289902780000000.0,2.7538775e+34,12.264193979020993,3.981128715939836e-12,-12.561470669506614,8.67103815130106,2.8153585426927073e-12,12.959020644158683,4.207589018599711e-12,300000000000000.0,50,52000000000000.0
32215.537,289541510000000.0,2.6593613e+34,12.38937314764828,3.931699857350923e-12,-12.561520436621183,8.759561813534324,2.780398830004787e-12,13.091320380254293,4.1553414280254324e-12,300000000000000.0,50,52000000000000.0
33215.537,289014050000000.0,2.5987958e+34,12.512989361661175,3.87877242451334e-12,-12.561568612875362,8.846980044883809,2.7429653226767163e-12,13.221968040251639,4.099396710326824e-12,300000000000000.0,50,52000000000000.0
34215.537,287694410000000.0,2.602054e+34,12.634748285611629,3.8059525451015105e-12,-12.561615115776021,8.933084703320423,2.6914647419955637e-12,13.350652553092011,4.022428561413207e-12,300000000000000.0,50,52000000000000.0
35215.537,286046960000000.0,2.609751e+34,12.754186765212816,3.725346777021953e-12,-12.561659868794083,9.017548273437978,2.6344585547069065e-12,13.476884442360321,3.937232201904551e-12,300000000000000.0,50,52000000000000.0
36215.537,283657380000000.0,2.4973888e+34,12.8710540913218,3.631778493150588e-12,-12.561702865239054,9.10019347373123,2.568286010746415e-12,13.600398758178166,3.838336593433986e-12,300000000000000.0,50,52000000000000.0
37215.537,281032640000000.0,2.3759777e+34,12.985050276123445,3.535222177109206e-12,-12.56174407888471,9.180808174104522,2.5000007794873154e-12,13.72087846900649,3.7362835356773175e-12,300000000000000.0,50,52000000000000.0
38215.537,279473270000000.0,2.3317143e+34,13.09603524403191,3.4652777600707938e-12,-12.56178347044034,9.259293318739775,2.4505350120680188e-12,13.838175534594564,3.6623563999614805e-12,300000000000000.0,50,52000000000000.0
39215.537,277809440000000.0,2.3428501e+34,13.204900121736422,3.394681431087162e-12,-12.561821482401205,9.336279104136844,2.4006084893089953e-12,13.953231791206733,3.5877406517092167e-12,300000000000000.0,50,52000000000000.0
40215.537,275667550000000.0,2.3484541e+34,13.31156648359608,3.3173010449647624e-12,-12.561858133224698,9.411710077057187,2.3458847529478294e-12,14.065964363050357,3.5059553977292207e-12,300000000000000.0,50,52000000000000.0
41215.537,273549380000000.0,2.3581192e+34,13.415698336341974,3.239666176313686e-12,-12.561893323304664,9.485348636253873,2.2909813198374082e-12,14.176018151894526,3.4239015767205277e-12,300000000000000.0,50,52000000000000.0
42215.537,271028850000000.0,2.3820445e+34,13.517517101385828,3.157211670277306e-12,-12.561927233378023,9.557351379804851,2.2326698340563323e-12,14.283627195134352,3.3367543695369462e-12,300000000000000.0,50,52000000000000.0
43215.537,268223220000000.0,2.3826291e+34,13.616579089369209,3.068133487982645e-12,-12.561959709647216,9.627404544680534,2.1696745720181417e-12,14.38832256984005,3.2426071896890713e-12,300000000000000.0,50,52000000000000.0
44215.537,264814520000000.0,2.3977781e+34,13.712908636387867,2.973505783221502e-12,-12.561990851805996,9.695525354667883,2.1027551190177335e-12,14.490130016773096,3.142595247953761e-12,300000000000000.0,50,52000000000000.0
45215.537,262006000000000.0,2.4188466e+34,13.806346615073723,2.890940590288131e-12,-12.562020646382058,9.761601286386844,2.044366057226891e-12,14.588881368089766,3.055332081835983e-12,300000000000000.0,50,52000000000000.0
46215.537,260146550000000.0,2.4027435e+34,13.897179756105073,2.8311395942963095e-12,-12.562049201210066,9.825835107762934,2.002075183659085e-12,14.684879663054593,2.9921278650706177e-12,300000000000000.0,50,52000000000000.0
47215.537,258625720000000.0,2.3828032e+34,13.986292862222898,2.779177799519593e-12,-12.562076876675984,9.88885253120059,1.9653280281339342e-12,14.779060036754009,2.937208804469355e-12,300000000000000.0,50,52000000000000.0
48215.537,257204430000000.0,2.3620655e+34,14.073782322303975,2.731709588873896e-12,-12.562103701650424,9.950721719013844,1.93175868585452e-12,14.871524358673627,2.887039024302852e-12,300000000000000.0,50,52000000000000.0
49215.537,255992180000000.0,2.3513344e+34,14.159725480658608,2.690071721479275e-12,-12.562129709870895,10.011497367611343,1.9023124485710237e-12,14.962354373276469,2.8430312760130783e-12,300000000000000.0,50,52000000000000.0
50215.537,254980190000000.0,2.356259e+34,14.2444359042693,2.6501513978205854e-12,-12.562155050538928,10.071401227807867,1.8740808817012936e-12,15.051881489857221,2.8008388661439586e-12,300000000000000.0,50,52000000000000.0
51215.537,253446810000000.0,2.3857196e+34,14.327937106741329,2.6057641375588215e-12,-12.562179745551335,10.130449929772684,1.8426905654892874e-12,15.140130562358117,2.753925660651604e-12,300000000000000.0,50,52000000000000.0
52215.537,252221220000000.0,2.4001021e+34,14.410035650489313,2.5654647795690838e-12,-12.562203743048128,10.188506682977891,1.8141911391462972e-12,15.226897155486938,2.7113329260088304e-12,300000000000000.0,50,52000000000000.0
53215.537,251249270000000.0,2.4053928e+34,14.490808341219294,2.529120443008617e-12,-12.562227067543159,10.24562580154937,1.7884886287552439e-12,15.312262442420955,2.6729202171170265e-12,300000000000000.0,50,52000000000000.0
54215.537,249537580000000.0,2.4216973e+34,14.570436515906868,2.4837694808829616e-12,-12.562249813861337,10.301935526195164,1.7564170848887684e-12,15.396418080422372,2.6249889001265597e-12,300000000000000.0,50,52000000000000.0
55215.537,247923580000000.0,2.447816e+34,14.648666643221201,2.4434742111814752e-12,-12.562271923203253,10.357256572240319,1.7279207925753026e-12,15.479096126080604,2.582400842262256e-12,300000000000000.0,50,52000000000000.0
56215.537,247505890000000.0,4.4905996e+34,14.725674244082551,2.4082481459707646e-12,-12.562293459274217,10.411713062867051,1.7030092973119106e-12,15.56048208309338,2.5451703096779436e-12,300000000000000.0,50,52000000000000.0
57215.537,244896520000000.0,6.9942166e+34,14.801583387572686,2.350879040505594e-12,-12.562314469712593,10.465392736450719,1.662439274179274e-12,15.640707077583219,2.484537894309402e-12,300000000000000.0,50,52000000000000.0
58215.537,241260830000000.0,5.7635318e+34,14.875676115146835,2.2750720878536604e-12,-12.562334769947027,10.517787885873405,1.6088309051365941e-12,15.719012334366738,2.4044194925338178e-12,300000000000000.0,50,52000000000000.0
59215.537,238065470000000.0,4.2414252e+34,14.947391401155818,2.2031624378529653e-12,-12.56235422472914,10.56850178114181,1.5579786437354918e-12,15.794804935040018,2.328420127765134e-12,300000000000000.0,50,52000000000000.0
60215.537,234807880000000.0,3.5279075e+34,15.016854333545995,2.134443538534385e-12,-12.56237288847969,10.617622882187128,1.5093828379342135e-12,15.868217084071125,2.2557930635637415e-12,300000000000000.0,50,52000000000000.0
61215.537,232091570000000.0,4.4462923e+34,15.084157959318931,2.0762366228192128e-12,-12.562390805226984,10.665216990729895,1.4682207223192853e-12,15.939347122934306,2.1942757474157486e-12,300000000000000.0,50,52000000000000.0
62215.537,230154310000000.0,3.7457248e+34,15.149631080508078,2.0335132043942844e-12,-12.562408079348687,10.711516623506785,1.4380079053011506e-12,16.00854255096089,2.1491223042959263e-12,300000000000000.0,50,52000000000000.0
63215.537,229458250000000.0,4.6622014e+34,15.213759621186691,2.0086234354783095e-12,-12.562424852609537,10.756865406214303,1.4204062812982526e-12,16.07631692134533,2.1228164586765358e-12,300000000000000.0,50,52000000000000.0
64215.537,227300750000000.0,2.9923507e+34,15.277104561936087,1.9641013876747937e-12,-12.562441281391541,10.80166004029106,1.3889216536043606e-12,16.143263109720674,2.0757622744656782e-12,300000000000000.0,50,52000000000000.0
65215.537,224602400000000.0,3.0197863e+34,15.339050244860324,1.9101686670247036e-12,-12.562457214628822,10.845465162097923,1.350782289128361e-12,16.208730459182597,2.018762494171876e-12,300000000000000.0,50,52000000000000.0
66215.537,221542620000000.0,3.1526462e+34,15.399303667936557,1.851859774380985e-12,-12.562472588168411,10.888073575940844,1.3095483608230683e-12,16.272409312901754,1.9571378444370915e-12,300000000000000.0,50,52000000000000.0
67215.537,218397540000000.0,3.3358262e+34,15.457732466607046,1.7943097090656712e-12,-12.562487380505472,10.929391681729827,1.2688510999625202e-12,16.33415978421582,1.896315249796803e-12,300000000000000.0,50,52000000000000.0
68215.537,215569140000000.0,3.0951209e+34,15.514364711282097,1.7443658399790417e-12,-12.56250161084732,10.969439331478608,1.233532636115128e-12,16.394011542174795,1.8435313390194507e-12,300000000000000.0,50,52000000000000.0
69215.537,213640560000000.0,3.8738627e+34,15.56943581976957,1.694554577915151e-12,-12.562515349250116,11.00838300329275,1.1983079949578368e-12,16.452213390525475,1.7908876461421897e-12,300000000000000.0,50,52000000000000.0
70215.537,209677450000000.0,3.8559147e+34,15.622978050151673,1.6387339362469699e-12,-12.56252861369825,11.04624551014936,1.1588338550554969e-12,16.508799423528213,1.7318930180882819e-12,300000000000000.0,50,52000000000000.0
71215.537,206494380000000.0,4.7272459e+34,15.674828117517206,1.5796524625726435e-12,-12.562541373077652,11.08291138626154,1.117053859184457e-12,16.563597075947182,1.6694522554689238e-12,300000000000000.0,50,52000000000000.0
72215.537,202979970000000.0,2.9878106e+34,15.724871075007513,1.5286616897426628e-12,-12.562553608411273,11.11829934823234,1.0809952604184943e-12,16.6164848685939,1.6155621977473597e-12,300000000000000.0,50,52000000000000.0
73215.537,202216980000000.0,3.8067155e+34,15.773199042795973,1.5064204987513103e-12,-12.56256535145526,11.152474540486283,1.0652670054939434e-12,16.667560160659143,1.5920561158565844e-12,300000000000000.0,50,52000000000000.0
74215.537,201407660000000.0,2.9878819e+34,15.82070738925318,1.4917310860181693e-12,-12.562576812781534,11.186070122912072,1.0548790194160315e-12,16.71776921828467,1.5765311382613382e-12,300000000000000.0,50,52000000000000.0
75215.537,201382100000000.0,2.9441709e+34,15.86776711665158,1.483399882972494e-12,-12.56258810003075,11.219348453135758,1.0489872579036924e-12,16.767504138450565,1.567725829538944e-12,300000000000000.0,50,52000000000000.0
76215.537,200922880000000.0,3.0122925e+34,15.914565681316345,1.4749570525006253e-12,-12.562599261171762,11.252442091554853,1.0430165678264447e-12,16.816963034472344,1.5588025607425193e-12,300000000000000.0,50,52000000000000.0
77215.537,200676360000000.0,2.8245578e+34,15.96112295364588,1.4629541381881344e-12,-12.562610303372852,11.285365089924516,1.0345283717849888e-12,16.86616690687963,1.5461168445110283e-12,300000000000000.0,50,52000000000000.0
78215.537,199605780000000.0,2.6997038e+34,16.007370799249312,1.446081327738148e-12,-12.562621212750793,11.318069267340931,1.0225964377039072e-12,16.91504374864088,1.5282844142454837e-12,300000000000000.0,50,52000000000000.0
79215.537,198381570000000.0,2.9222008e+34,16.05305763485347,1.4247392538802653e-12,-12.562631921271127,11.350376715194285,1.0075040796162713e-12,16.963327672937538,1.505728686474553e-12,300000000000000.0,50,52000000000000.0
80215.537,197272510000000.0,3.7813513e+34,16.098014839485735,1.4001599396286208e-12,-12.5626423939618,11.382168193888642,9.90122526130305e-13,17.010840474536145,1.4797517242172319e-12,300000000000000.0,50,52000000000000.0
81215.537,195041350000000.0,4.3629337e+34,16.142271056282958,1.3674683100019918e-12,-12.562652651008131,11.41346396061317,9.67004370973385e-13,17.057612428023134,1.4452013313898722e-12,300000000000000.0,50,52000000000000.0
82215.537,192360050000000.0,3.2102404e+34,16.185679509354113,1.330943914615397e-12,-12.562662662054361,11.444160223446973,9.411758963193693e-13,17.103488414929714,1.4066003282855815e-12,300000000000000.0,50,52000000000000.0
83215.537,190516790000000.0,3.29686e+34,16.2278931217463,1.3005022701798793e-12,-12.562672345161404,11.474011546805665,9.196488573704918e-13,17.148101628408615,1.3744278793835177e-12,300000000000000.0,50,52000000000000.0
84215.537,189275090000000.0,3.4953109e+34,16.26893201212351,1.2752548298447001e-12,-12.562681699045593,11.503032156612596,9.017949167264959e-13,17.191473329324655,1.3477449258540156e-12,300000000000000.0,50,52000000000000.0
85215.537,186944180000000.0,3.0324258e+34,16.30926958213139,1.2487894443770337e-12,-12.56269085283004,11.531556821832874,8.830797219698093e-13,17.23410383440948,1.3197748157905912e-12,300000000000000.0,50,52000000000000.0
86215.537,185416090000000.0,2.9248002e+34,16.34891992190049,1.2212581194648104e-12,-12.562699812442577,11.5595955067309,8.636107629538571e-13,17.27600803538117,1.290678194281972e-12,300000000000000.0,50,52000000000000.0
87215.537,183440440000000.0,2.9625682e+34,16.38758914562354,1.1947718577354225e-12,-12.562708502257369,11.58694038883349,8.448808367088961e-13,17.316875338731244,1.2626860669416857e-12,300000000000000.0,50,52000000000000.0
88215.537,182196000000000.0,2.6498136e+34,16.42533845580526,1.1759760404647802e-12,-12.562716941570232,11.613634748300724,8.315892091130686e-13,17.356770427230682,1.242821551566852e-12,300000000000000.0,50,52000000000000.0
89215.537,181304760000000.0,2.6916564e+34,16.462565249566467,1.1594120354211432e-12,-12.562725232605402,11.639959606014582,8.198758123463525e-13,17.396113290404138,1.2253157236985414e-12,300000000000000.0,50,52000000000000.0
90215.537,180159640000000.0,2.9384491e+34,16.499316170490363,1.1431120251716716e-12,-12.562733383639584,11.665947945549044,8.083491074659328e-13,17.434953222667687,1.208088909195692e-12,300000000000000.0,50,52000000000000.0
91215.537,179103660000000.0,2.9486352e+34,16.53538363956916,1.1278489205883042e-12,-12.562741335796911,11.69145297571144,7.975556597660372e-13,17.47307084261506,1.1919579573558318e-12,300000000000000.0,50,52000000000000.0
92215.537,178176190000000.0,2.7578287e+34,16.571074473294576,1.112754100467516e-12,-12.562749178325202,11.716691664648467,7.868812204170257e-13,17.5107904120415,1.176004864963746e-12,300000000000000.0,50,52000000000000.0
93215.537,177134170000000.0,2.7101029e+34,16.606379849264822,1.0977542902453415e-12,-12.562756908650277,11.74165777351428,7.762739736135722e-13,17.54810260690855,1.1601521925786714e-12,300000000000000.0,50,52000000000000.0
94215.537,175846980000000.0,2.6512331e+34,16.641008180612946,1.07859805439302e-12,-12.562764444633084,11.766145104362412,7.627275337880354e-13,17.584699261617054,1.1399068552258629e-12,300000000000000.0,50,52000000000000.0
95215.537,174282910000000.0,2.6921674e+34,16.675198581404356,1.0576609372864298e-12,-12.56277186291409,11.790322750108638,7.479217561474277e-13,17.620833087757745,1.1177794198785258e-12,300000000000000.0,50,52000000000000.0
96215.537,172560450000000.0,3.1720762e+34,16.708873177981637,1.0347019233412316e-12,-12.562779143230598,11.81413564205973,7.316862084908071e-13,17.656421784421756,1.0935151732182952e-12,300000000000000.0,50,52000000000000.0
97215.537,170120800000000.0,2.9296832e+34,16.74154241523861,1.007229557912206e-12,-12.562786166804804,11.837237590622932,7.122590741510376e-13,17.69094796652881,1.0644810556232798e-12,300000000000000.0,50,52000000000000.0
98215.537,168256180000000.0,3.3619497e+34,16.773639017354682,9.825120032032038e-13,-12.562793049234376,11.859934599065808,6.947800020935328e-13,17.724868960098757,1.0383583439114403e-12,300000000000000.0,50,52000000000000.0
99215.537,166915950000000.0,3.0323832e+34,16.804815865976515,9.642686453861888e-13,-12.562799706919998,11.881981202251913,6.818791476142246e-13,17.75781791412582,1.019077841518456e-12,300000000000000.0,50,52000000000000.0
100215.537,165792870000000.0,3.9528103e+34,16.8353127850991,9.478273078333708e-13,-12.562806191086912,11.903546990907383,6.702525939853154e-13,17.790048284300678,1.0017017991793733e-12,300000000000000.0,50,52000000000000.0
101215.537,164463630000000.0,2.8787334e+34,16.86547326963031,9.307734680077347e-13,-12.562812589186576,11.924874868626238,6.581929163839677e-13,17.82192309334755,9.83678446924539e-13,300000000000000.0,50,52000000000000.0
102215.537,161965240000000.0,3.0218114e+34,16.89492727940808,9.050151025144084e-13,-12.562818805524943,11.94570315999807,6.39977877329033e-13,17.853051263814073,9.564558212672059e-13,300000000000000.0,50,52000000000000.0
103215.537,160269680000000.0,3.1965806e+34,16.92373976405991,8.844023711001082e-13,-12.562824870141869,11.966077796605711,6.2540155949665e-13,17.883501441014374,9.34671314814117e-13,300000000000000.0,50,52000000000000.0
104215.537,159123020000000.0,3.4739552e+34,16.951858185327243,8.69356679946307e-13,-12.562830770611995,11.985961625997406,6.147619591283492e-13,17.91321810009982,9.187702870706435e-13,300000000000000.0,50,52000000000000.0
105215.537,158568780000000.0,3.6647942e+34,16.97933488738662,8.608274754118417e-13,-12.562836510703038,12.005391661950732,6.087304713013396e-13,17.94225655870747,9.097561473587335e-13,300000000000000.0,50,52000000000000.0
106215.537,158085890000000.0,3.7131758e+34,17.006618791167952,8.52865219725438e-13,-12.562842200912389,12.024685359809208,6.03099901341963e-13,17.97109125818206,9.013411849042763e-13,300000000000000.0,50,52000000000000.0
107215.537,157005420000000.0,3.1417082e+34,17.033569814094,8.371803570199432e-13,-12.562847794378262,12.043743657840512,5.920083291652697e-13,17.999574149468177,8.847646785839611e-13,300000000000000.0,50,52000000000000.0
108215.537,155088770000000.0,2.9090988e+34,17.060191675704363,8.216492965814417e-13,-12.562853308135043,12.062569188995926,5.810255211280071e-13,18.02770916747467,8.683507216847236e-13,300000000000000.0,50,52000000000000.0
109215.537,154041870000000.0,2.8581498e+34,17.08628909728261,8.063632833644627e-13,-12.562858694894405,12.081023861663269,5.702160028002513e-13,18.055289932398413,8.521957485103288e-13,300000000000000.0,50,52000000000000.0
110215.537,152539250000000.0,2.8104252e+34,17.11185234736599,7.885567040010596e-13,-12.562863953762553,12.099100794465944,5.576240841197138e-13,18.08230615992136,8.333769530456209e-13,300000000000000.0,50,52000000000000.0
111215.537,150686150000000.0,2.801405e+34,17.137104343591798,7.692814278916117e-13,-12.562869138110377,12.11695762381651,5.439935870221831e-13,18.108993439820868,8.130059875910973e-13,300000000000000.0,50,52000000000000.0
112215.537,148501890000000.0,2.8591538e+34,17.161435953207313,7.48951354460167e-13,-12.562874111363097,12.13416360246336,5.296172043918789e-13,18.134708014388604,7.915202855743116e-13,300000000000000.0,50,52000000000000.0
113215.537,146788400000000.0,2.6454749e+34,17.185559727097797,7.28534438240465e-13,-12.562879037158892,12.151222610267544,5.151794133198223e-13,18.16020293900885,7.699428077317322e-13,300000000000000.0,50,52000000000000.0
114215.537,144540220000000.0,2.5488635e+34,17.208556383141445,7.106314582253085e-13,-12.562883709755488,12.167484578408365,5.025193493857405e-13,18.184506676861734,7.510221675820971e-13,300000000000000.0,50,52000000000000.0
115215.537,143460690000000.0,2.5086297e+34,17.231347785408914,6.944884762672614e-13,-12.562888336317238,12.183601401666772,4.911038603286388e-13,18.2085934936861,7.33961561884944e-13,300000000000000.0,50,52000000000000.0
116215.537,142181190000000.0,2.2587935e+34,17.253305176310548,6.854969261163161e-13,-12.56289277582476,12.199128455110085,4.847454747868521e-13,18.231798891388042,7.244588676820963e-13,300000000000000.0,50,52000000000000.0
117215.537,142056060000000.0,1.7608068e+34,17.275089210603074,6.773192754793654e-13,-12.56289717354631,12.214532919218028,4.789626352589718e-13,18.25482107765072,7.158163349814908e-13,300000000000000.0,50,52000000000000.0
118215.537,141398090000000.0,1.6502104e+34,17.29651615417101,6.708181456782417e-13,-12.56290148519451,12.229684866189078,4.743653412040893e-13,18.277465873596768,7.089456164371653e-13,300000000000000.0,50,52000000000000.0
119215.537,140643270000000.0,1.7064618e+34,17.317777174693347,6.633980802336707e-13,-12.562905754972888,12.244719480165033,4.69118228527216e-13,18.299935313784477,7.011037348572482e-13,300000000000000.0,50,52000000000000.0
120215.537,139672820000000.0,1.7280768e+34,17.338814352933696,6.547383036284516e-13,-12.562909968265828,12.259595803378655,4.629944631665304e-13,18.3221681862732,6.919516835580294e-13,300000000000000.0,50,52000000000000.0
121215.537,139033180000000.0,1.7486175e+34,17.359591058513153,6.48753928412378e-13,-12.562914119890971,12.27428793321976,4.587625942809041e-13,18.344125779241075,6.856270978868184e-13,300000000000000.0,50,52000000000000.0
122215.537,138742120000000.0,1.7548348e+34,17.380100608892274,6.455135931721599e-13,-12.562918208266202,12.288791144127233,4.564711592975716e-13,18.365801030272227,6.822025177045368e-13,300000000000000.0,50,52000000000000.0
123215.537,138921740000000.0,1.7419893e+34,17.400503777556043,6.438732210608987e-13,-12.562922265494255,12.303219126156804,4.553111295303881e-13,18.387363850740755,6.804688383886188e-13,300000000000000.0,50,52000000000000.0
124215.537,138905800000000.0,1.6596751e+34,17.42081268787871,6.436504785664099e-13,-12.562926295124694,12.317580452471994,4.551535688288692e-13,18.40882705335402,6.802333630649054e-13,300000000000000.0,50,52000000000000.0
125215.537,138979750000000.0,1.613996e+34,17.44111410190698,6.425036027902345e-13,-12.562930313253865,12.331936476155525,4.5434251323145556e-13,18.430282331155485,6.790212304844636e-13,300000000000000.0,50,52000000000000.0
126215.537,138758510000000.0,1.5160235e+34,17.46140899579868,6.405529331803217e-13,-12.562934321379451,12.346287887709275,4.529630600034096e-13,18.451730716103956,6.769596196997518e-13,300000000000000.0,50,52000000000000.0
127215.537,138591080000000.0,1.4692655e+34,17.48164064642805,6.380828461254802e-13,-12.562938307500847,12.360594575583558,4.5121630465067537e-13,18.47311226093198,6.743490707396954e-13,300000000000000.0,50,52000000000000.0
128215.537,138280450000000.0,1.4531372e+34,17.501810794860255,6.351076410085739e-13,-12.562942272223822,12.374857771005827,4.4911235887388767e-13,18.49442880572498,6.712046956826708e-13,300000000000000.0,50,52000000000000.0
129215.537,138087780000000.0,1.504006e+34,17.52189467543653,6.311008264091693e-13,-12.562946211673522,12.38905996125903,4.462789179253842e-13,18.515654177478226,6.669700798721276e-13,300000000000000.0,50,52000000000000.0
130215.537,137678530000000.0,1.5107819e+34,17.541871464772647,6.258133918424354e-13,-12.562950119749473,12.403186420880694,4.4253989584485453e-13,18.53676636879142,6.613820603736197e-13,300000000000000.0,50,52000000000000.0
131215.537,136823320000000.0,1.5111854e+34,17.56172539464561,6.186017841735586e-13,-12.562953997351487,12.417226000137271,4.3744020854836836e-13,18.557748716213965,6.537605076528878e-13,300000000000000.0,50,52000000000000.0
132215.537,135715100000000.0,1.5173963e+34,17.581352963773732,6.078450099752039e-13,-12.562957818807213,12.431105507848292,4.2983358215369905e-13,18.57849183452835,6.423922993386536e-13,300000000000000.0,50,52000000000000.0
133215.537,134457570000000.0,1.5258038e+34,17.60081923221143,5.969936691346484e-13,-12.562961604953555,12.444870952173149,4.2216008475407575e-13,18.5990644835351,6.309241513406258e-13,300000000000000.0,50,52000000000000.0
134215.537,133281840000000.0,1.5309874e+34,17.619724791562163,5.858135982963184e-13,-12.562965268358372,12.458239892447445,4.142541321800047e-13,18.619044551756314,6.191085957233097e-13,300000000000000.0,50,52000000000000.0
135215.537,132073250000000.0,1.5367171e+34,17.6385843016631,5.748744719918393e-13,-12.562968921855706,12.471576269136925,4.065185621675561e-13,18.638975953249027,6.075476792208236e-13,300000000000000.0,50,52000000000000.0
136215.537,131231480000000.0,2.6521416e+34,17.656727233889526,5.676847123480506e-13,-12.562972421181511,12.484405919994929,4.014343355406587e-13,18.658150045968576,5.99949232388816e-13,300000000000000.0,50,52000000000000.0
137215.537,130568130000000.0,2.6260986e+34,17.674870166115948,5.604949527042619e-13,-12.562975920507315,12.497235570852933,3.9635010891376127e-13,18.67732413868812,5.923507855568084e-13,300000000000000.0,50,52000000000000.0
138215.537,129825080000000.0,2.6699383e+34,17.692583377436403,5.545065363443662e-13,-12.562979323711385,12.509761345283838,3.921154065156345e-13,18.696044083895327,5.860219645029703e-13,300000000000000.0,50,52000000000000.0
139215.537,129256120000000.0,2.647807e+34,17.710227897387128,5.487101560584498e-13,-12.562982711550285,12.52223854472638,3.8801650152015743e-13,18.714691433112318,5.798960945565562e-13,300000000000000.0,50,52000000000000.0
140215.537,128811600000000.0,2.6832306e+34,17.727615878656213,5.440422225725295e-13,-12.562986040881508,12.534534333075818,3.847155711779104e-13,18.733067660953132,5.749628088622477e-13,300000000000000.0,50,52000000000000.0
141215.537,128551580000000.0,2.6823009e+34,17.74485204359071,5.400420895752336e-13,-12.562989335588629,12.546722764643691,3.818868721037558e-13,18.75128344260589,5.707352793863845e-13,300000000000000.0,50,52000000000000.0
142215.537,127934210000000.0,2.6553144e+34,17.76198569823737,5.345899948930386e-13,-12.562992605589404,12.558838705932741,3.780314297226443e-13,18.769390886544947,5.649732676314782e-13,300000000000000.0,50,52000000000000.0
143215.537,126996790000000.0,2.6405094e+34,17.778935470355005,5.265333773644646e-13,-12.56299583127204,12.570824614460392,3.723342194573327e-13,18.78730399474265,5.564587079307833e-13,300000000000000.0,50,52000000000000.0
144215.537,126008030000000.0,2.5630645e+34,17.795855508768373,5.18771233187953e-13,-12.562999050601865,12.58278949689805,3.6684524398530484e-13,18.805185679157457,5.482553580430689e-13,300000000000000.0,50,52000000000000.0
145215.537,125725800000000.0,2.4521465e+34,17.812219079146683,5.165201752223395e-13,-12.563002151038491,12.594360874817172,3.652533949929998e-13,18.82247926561562,5.458763182228006e-13,300000000000000.0,50,52000000000000.0
146215.537,125718620000000.0,2.3594431e+34,17.828582649524993,5.142691172567259e-13,-12.563005251475115,12.605932252736292,3.636615460006948e-13,18.839772852073786,5.434972784025323e-13,300000000000000.0,50,52000000000000.0
147215.537,125146960000000.0,1.8857048e+34,17.844828707786718,5.040437520120589e-13,-12.56300832032397,12.617420531265156,3.564307274773021e-13,18.856942245370774,5.326907195152915e-13,300000000000000.0,50,52000000000000.0
148215.537,123457370000000.0,1.5064313e+34,17.861025826670073,4.904973876018237e-13,-12.563011376017705,12.628874202022327,3.4685149015688144e-13,18.874059916885525,5.183744157925659e-13,300000000000000.0,50,52000000000000.0
149215.537,120820750000000.0,1.4381717e+34,17.87689403256498,4.771258290405401e-13,-12.563014365663566,12.640095283763088,3.3739586720703704e-13,18.890829980872645,5.042428554329872e-13,300000000000000.0,50,52000000000000.0
150215.537,118842730000000.0,1.4323261e+34,17.892073192083974,4.641204747367287e-13,-12.563017216944413,12.65082911013704,3.281992064661876e-13,18.90687183492108,4.904983176274581e-13,300000000000000.0,50,52000000000000.0
151215.537,117763500000000.0,2.1474545e+34,17.90725235160297,4.5111512043291734e-13,-12.56302006822526,12.661562936510991,3.190025457253382e-13,18.922913688969512,4.767537798219289e-13,300000000000000.0,50,52000000000000.0
152215.537,117581860000000.0,2.3255519e+34,17.921536161169023,4.4750543600012886e-13,-12.563022741461076,12.67166362136729,3.1644996307672074e-13,18.938009304185087,4.729389098454384e-13,300000000000000.0,50,52000000000000.0
153215.537,117243450000000.0,2.3244884e+34,17.935722121075415,4.4492257141152254e-13,-12.563025395238975,12.68169511240522,3.1462348844648306e-13,18.95300150827359,4.702092184791966e-13,300000000000000.0,50,52000000000000.0
154215.537,116852380000000.0,2.3181416e+34,17.949819786496604,4.41462765361687e-13,-12.563028028015466,12.691664165931744,3.121768921741442e-13,18.967900398645607,4.665527466007099e-13,300000000000000.0,50,52000000000000.0
155215.537,116469310000000.0,2.2784165e+34,17.963805288742595,4.368889538501613e-13,-12.563030634113227,12.701553903184836,3.0894253648255663e-13,18.982680749759975,4.617189571952566e-13,300000000000000.0,50,52000000000000.0
156215.537,115663830000000.0,2.3186665e+34,17.977790790988585,4.323151423386356e-13,-12.563033240210988,12.711443640437928,3.057081807909691e-13,18.997461100874343,4.568851677898032e-13,300000000000000.0,50,52000000000000.0
157215.537,114907300000000.0,2.3557876e+34,17.99143739706317,4.2419820558208096e-13,-12.56303577387758,12.721093728383634,2.999683346284521e-13,19.01188329277756,4.4830688764659197e-13,300000000000000.0,50,52000000000000.0
158215.537,113526210000000.0,2.4230014e+34,18.005062149634387,4.158527926549752e-13,-12.563038302873496,12.730728362696674,2.9406692351167516e-13,19.026282389012593,4.394871464075228e-13,300000000000000.0,50,52000000000000.0
159215.537,112407770000000.0,2.412393e+34,18.018420866648462,4.0858499034288074e-13,-12.563040778811233,12.740174871483978,2.8892753702865735e-13,19.04040032902505,4.318062616557036e-13,300000000000000.0,50,52000000000000.0
160215.537,111470740000000.0,2.3310474e+34,18.03137668689758,4.0294917224874144e-13,-12.563043174395174,12.74933647412363,2.849421965049725e-13,19.05409247282538,4.258501147524333e-13,300000000000000.0,50,52000000000000.0
161215.537,111006830000000.0,2.1422791e+34,18.044332507146695,3.9731335415460214e-13,-12.563045569979115,12.758498076763281,2.809568559812876e-13,19.067784616625715,4.19893967849163e-13,300000000000000.0,50,52000000000000.0
162215.537,110635410000000.0,1.9515351e+34,18.05691433315307,3.9382266538020947e-13,-12.563047889428821,12.767395211248296,2.7848842730300775e-13,19.08108150908657,4.1620486696994313e-13,300000000000000.0,50,52000000000000.0
163215.537,110424290000000.0,2.0280898e+34,18.06941106324278,3.90820063653617e-13,-12.563050191555503,12.776232170582261,2.7636514565972546e-13,19.094288468946324,4.130315931743961e-13,300000000000000.0,50,52000000000000.0
164215.537,109813030000000.0,2.033803e+34,18.081860671995813,3.8672860727112444e-13,-12.56305248344938,12.78503580819118,2.734718899014946e-13,19.107445629026923,4.087075822359267e-13,300000000000000.0,50,52000000000000.0
165215.537,108664550000000.0,1.6817819e+34,18.094108833974136,3.779822265156402e-13,-12.563054731597372,12.793696993261339,2.672869447935185e-13,19.120389891817243,3.9946409527329625e-13,300000000000000.0,50,52000000000000.0
166215.537,107487770000000.0,1.6817497e+34,18.106356995952464,3.6923584576015595e-13,-12.563056979745364,12.802358178331497,2.6110199968554243e-13,19.13333415460756,3.902206083106658e-13,300000000000000.0,50,52000000000000.0
167215.537,105781630000000.0,1.690491e+34,18.118221193471495,3.618115915894936e-13,-12.56305915343851,12.810747845482352,2.558519865301302e-13,19.145872630070205,3.8237439025557023e-13,300000000000000.0,50,52000000000000.0
168215.537,105129030000000.0,1.6726831e+34,18.129733516575357,3.5559896653592965e-13,-12.563061258899419,12.818888686975653,2.514587678671943e-13,19.15803923210771,3.7580866357869873e-13,300000000000000.0,50,52000000000000.0
169215.537,104403650000000.0,1.8689757e+34,18.141245839679218,3.4938634148236563e-13,-12.563063364360326,12.827029528468952,2.470655492042584e-13,19.170205834145218,3.692429369018273e-13,300000000000000.0,50,52000000000000.0
170215.537,103706660000000.0,1.8188932e+34,18.152327567384013,3.447562987315313e-13,-12.56306538546948,12.834865877138839,2.437914414526261e-13,19.181917367403546,3.6434973717749393e-13,300000000000000.0,50,52000000000000.0
171215.537,103203570000000.0,1.8737685e+34,18.163308717284078,3.4049591309769027e-13,-12.56306738687588,12.84263110284782,2.4077873389001067e-13,19.193522606403025,3.59847203701799e-13,300000000000000.0,50,52000000000000.0
172215.537,102548190000000.0,1.5491015e+34,18.174269359296595,3.3598513479782413e-13,-12.563069384187823,12.850381826520314,2.3758896343197225e-13,19.205106171906685,3.550800472360789e-13,300000000000000.0,50,52000000000000.0
173215.537,100640740000000.0,1.437329e+34,18.18488032609353,3.272049694505923e-13,-12.563071311686139,12.85788527934529,2.3138013477111833e-13,19.21632018767962,3.4580086578183473e-13,300000000000000.0,50,52000000000000.0
174215.537,99417976000000.0,1.369131e+34,18.19549129289047,3.184248041033604e-13,-12.563073239184453,12.865388732170265,2.2517130611026445e-13,19.22753420345256,3.3652168432759057e-13,300000000000000.0,50,52000000000000.0
175215.537,98650334000000.0,1.4189093e+34,18.205904293821302,3.108243849948632e-13,-12.563075129232795,12.872752194904539,2.1979672516052137e-13,19.238539002072894,3.284892977987644e-13,300000000000000.0,50,52000000000000.0
176215.537,97952954000000.0,1.5288388e+34,18.215739947663785,3.066645744585991e-13,-12.563076910062149,12.879707390936803,2.1685514186058846e-13,19.248933640384966,3.2409306044114547e-13,300000000000000.0,50,52000000000000.0
177215.537,97532373000000.0,1.8355158e+34,18.225575601506268,3.0250476392233504e-13,-12.563078690891503,12.886662586969068,2.1391355856065553e-13,19.259328278697037,3.1969682308352655e-13,300000000000000.0,50,52000000000000.0
178215.537,96676067000000.0,2.2058992e+34,18.23525830319044,2.9717294519403765e-13,-12.563080441872318,12.893509623865079,2.101432006879004e-13,19.269561271668188,3.140619704492416e-13,300000000000000.0,50,52000000000000.0
179215.537,95631362000000.0,2.4404337e+34,18.244720659979077,2.901527160144714e-13,-12.563082149852937,12.90020084528361,2.0517889924033862e-13,19.27956139623034,3.0664275231952775e-13,300000000000000.0,50,52000000000000.0
180215.537,94544596000000.0,2.1406016e+34,18.254183016767712,2.831324868349051e-13,-12.563083857833554,12.906892066702142,2.0021459779277687e-13,19.28956152079249,2.992235341898139e-13,300000000000000.0,50,52000000000000.0
181215.537,92911600000000.0,2.0345246e+34,18.263313829640683,2.7614136253133734e-13,-12.563085503497964,12.913348839372865,1.9527087856688445e-13,19.29921125841328,2.91835076454091e-13,300000000000000.0,50,52000000000000.0
182215.537,91917405000000.0,1.9862056e+34,18.272135952084486,2.691773368902339e-13,-12.563087091141654,12.91958732396422,1.90346322819916e-13,19.30853476143831,2.8447525878314864e-13,300000000000000.0,50,52000000000000.0
183215.537,90780884000000.0,2.0213599e+34,18.280958074528293,2.622133112491304e-13,-12.563088678785343,12.925825808555576,1.8542176707294757e-13,19.31785826446334,2.771154411122063e-13,300000000000000.0,50,52000000000000.0
184215.537,89701701000000.0,1.9997494e+34,18.289406534730922,2.5637469862452787e-13,-12.56309019676829,12.931800060843367,1.8129303784881005e-13,19.32678686860268,2.709449973584099e-13,300000000000000.0,50,52000000000000.0
185215.537,88768692000000.0,1.9544267e+34,18.297583218915886,2.513546334316654e-13,-12.563091664084839,12.9375821288661,1.7774313768282512e-13,19.33542825066094,2.656396217626888e-13,300000000000000.0,50,52000000000000.0
186215.537,87980816000000.0,1.9815699e+34,18.305759903100846,2.4633456823880297e-13,-12.56309313140139,12.943364196888835,1.741932375168402e-13,19.344069632719197,2.603342461669677e-13,300000000000000.0,50,52000000000000.0
187215.537,87376655000000.0,2.036592e+34,18.313656569810714,2.4252806400026604e-13,-12.563094546284443,12.948948252725843,1.7150149648552196e-13,19.352415082788195,2.563114014650479e-13,300000000000000.0,50,52000000000000.0
188215.537,87200411000000.0,2.0239478e+34,18.321360418178884,2.395572105034579e-13,-12.56309592506211,12.954395958568002,1.6940067864998514e-13,19.360556755877184,2.5317169978851555e-13,300000000000000.0,50,52000000000000.0
189215.537,86352505000000.0,2.145393e+34,18.329064266547057,2.3658635700664986e-13,-12.563097303839776,12.959843664410162,1.6729986081444835e-13,19.368698428966173,2.5003199811198316e-13,300000000000000.0,50,52000000000000.0
190215.537,85906546000000.0,2.1052804e+34,18.336609743821597,2.3383872844662363e-13,-12.563098652386875,12.965179379264379,1.6535689480171028e-13,19.376672729955285,2.4712820819785984e-13,300000000000000.0,50,52000000000000.0
191215.537,85764914000000.0,2.0162487e+34,18.34402921882878,2.312687007828208e-13,-12.563099976882112,12.970425992515015,1.6353951791715706e-13,19.384513867349998,2.444121129966906e-13,300000000000000.0,50,52000000000000.0
192215.537,84995173000000.0,1.918656e+34,18.351448693835962,2.28698673119018e-13,-12.56310130137735,12.975672605765649,1.6172214103260384e-13,19.39235500474471,2.4169601779552136e-13,300000000000000.0,50,52000000000000.0
193215.537,84518820000000.0,1.9179425e+34,18.35875010317546,2.2648853436160394e-13,-12.563102603288767,12.980835729714459,1.6015925648965372e-13,19.40007136620882,2.393602649770633e-13,300000000000000.0,50,52000000000000.0
194215.537,84123227000000.0,1.9162372e+34,18.3659195711997,2.246805803932386e-13,-12.563103879962208,12.985905552295415,1.5888077345757318e-13,19.407648287472252,2.3744955421531074e-13,300000000000000.0,50,52000000000000.0
195215.537,83960032000000.0,1.865367e+34,18.373089039223945,2.2287262642487327e-13,-12.563105156635649,12.990975374876372,1.5760229042549265e-13,19.41522520873568,2.3553884345355815e-13,300000000000000.0,50,52000000000000.0
196215.537,83615873000000.0,1.8484842e+34,18.38019819927143,2.2142118763135994e-13,-12.56310642154267,12.99600255105906,1.5657591386762734e-13,19.4227383943608,2.340049093664968e-13,300000000000000.0,50,52000000000000.0
197215.537,83348389000000.0,1.8172449e+34,18.387188932801443,2.2066983617044395e-13,-12.563107663344029,13.000945982690844,1.5604459772096927e-13,19.43012642258403,2.3321085003309476e-13,300000000000000.0,50,52000000000000.0
198215.537,83322710000000.0,1.8613989e+34,18.394179666331453,2.1991848470952796e-13,-12.563108905145388,13.00588941432263,1.555132815743112e-13,19.43751445080726,2.3241679069969273e-13,300000000000000.0,50,52000000000000.0
199215.537,83330293000000.0,1.8451593e+34,18.401158956234973,2.1932565568133045e-13,-12.563110144463167,13.010824753624993,1.5509406308296452e-13,19.444890384932194,2.317902628914137e-13,300000000000000.0,50,52000000000000.0
200215.537,83746654000000.0,1.4688586e+34,18.40807420300105,2.1961998195769433e-13,-12.563111369881833,13.015714804996506,1.5530218816585485e-13,19.452198635617787,2.3210130889300714e-13,300000000000000.0,50,52000000000000.0
201215.537,83868863000000.0,1.3741377e+34,18.414989449767127,2.1991430823405819e-13,-12.563112595300499,13.02060485636802,1.5551031324874518e-13,19.45950688630338,2.3241235489460056e-13,300000000000000.0,50,52000000000000.0
202215.537,83605133000000.0,1.3021691e+34,18.4219046965332,2.2020863451042204e-13,-12.563113820719165,13.025494907739533,1.5571843833163552e-13,19.46681513698897,2.32723400896194e-13,300000000000000.0,50,52000000000000.0
203215.537,83089847000000.0,1.2861223e+34,18.428847409110876,2.1727504824586353e-13,-12.563115048270896,13.030404380837119,1.5364397600992188e-13,19.47415241373022,2.2962308784373505e-13,300000000000000.0,50,52000000000000.0
204215.537,82593311000000.0,1.2736716e+34,18.4357927071846,2.1403760221385129e-13,-12.563116276023425,13.035315682200215,1.5135464216701222e-13,19.481492422841196,2.2620164627378247e-13,300000000000000.0,50,52000000000000.0
205215.537,81891187000000.0,1.2803855e+34,18.442738005258324,2.1080015618183902e-13,-12.563117503775953,13.040226983563311,1.4906530832410253e-13,19.488832431952176,2.2278020470382988e-13,300000000000000.0,50,52000000000000.0
206215.537,81025723000000.0,1.2996127e+34,18.449473795636152,2.0740981814872375e-13,-12.563118692687352,13.044990133249494,1.4666785882765157e-13,19.495951026301988,2.1919718275328023e-13,300000000000000.0,50,52000000000000.0
207215.537,80175733000000.0,1.2853108e+34,18.456083167769275,2.0392722413271098e-13,-12.563119858161771,13.04966388729383,1.4420517167447495e-13,19.502936017609972,2.1551666219769314e-13,300000000000000.0,50,52000000000000.0
208215.537,79614949000000.0,1.2500808e+34,18.462692539902395,2.004446301166982e-13,-12.563121023636192,13.054337641338167,1.4174248452129836e-13,19.509921008917953,2.1183614164210603e-13,300000000000000.0,50,52000000000000.0
209215.537,79197797000000.0,1.2248138e+34,18.469199133789687,1.9715622146160115e-13,-12.563122170249752,13.058938716607868,1.3941711386026653e-13,19.516797380775976,2.0836084251509252e-13,300000000000000.0,50,52000000000000.0
210215.537,78779719000000.0,1.1963295e+34,18.475441265465367,1.9436747778515627e-13,-12.563123268331786,13.063352779642425,1.3744507695103017e-13,19.52339426022072,2.0541360564902195e-13,300000000000000.0,50,52000000000000.0
211215.537,78166215000000.0,1.1924719e+34,18.481683397141047,1.9157873410871136e-13,-12.563124366413822,13.067766842676985,1.354730400417938e-13,19.529991139665466,2.0246636878295138e-13,300000000000000.0,50,52000000000000.0
212215.537,77509631000000.0,1.2076655e+34,18.487925528816728,1.8878999043226648e-13,-12.563125464495856,13.072180905711544,1.3350100313255747e-13,19.536588019110212,1.995191319168808e-13,300000000000000.0,50,52000000000000.0
213215.537,76895864000000.0,1.2078604e+34,18.49390416581351,1.865216627042422e-13,-12.563126514110238,13.07640864067423,1.3189697375783692e-13,19.542906428633817,1.9712188748866338e-13,300000000000000.0,50,52000000000000.0
214215.537,76427029000000.0,1.1958115e+34,18.499847440831886,1.8432317675674046e-13,-12.563127557220074,13.080611369707835,1.3034233238041797e-13,19.549187466445094,1.9479845411725578e-13,300000000000000.0,50,52000000000000.0
215215.537,76085782000000.0,1.1912041e+34,18.505790715850257,1.8212469080923875e-13,-12.563128600329913,13.084814098741438,1.2878769100299903e-13,19.55546850425637,1.9247502074584819e-13,300000000000000.0,50,52000000000000.0
216215.537,75766531000000.0,1.184109e+34,18.511631461648292,1.8011536172937177e-13,-12.563129624494044,13.088944325074483,1.2736681022369038e-13,19.561641185763463,1.9035149447040484e-13,300000000000000.0,50,52000000000000.0
217215.537,75416028000000.0,1.1790183e+34,18.51733530328691,1.7835860807996044e-13,-12.563130623360548,13.092977740749623,1.2612453591565697e-13,19.56766918238274,1.8849489807937794e-13,300000000000000.0,50,52000000000000.0
218215.537,75053193000000.0,1.1817244e+34,18.52303914492553,1.7660185443054913e-13,-12.563131622227052,13.097011156424765,1.2488226160762357e-13,19.573697179002018,1.8663830168835104e-13,300000000000000.0,50,52000000000000.0
219215.537,74670380000000.0,1.1884763e+34,18.528742986564147,1.7484510078113782e-13,-12.563132621093557,13.101044572099907,1.2363998729959016e-13,19.5797251756213,1.847817052973241e-13,300000000000000.0,50,52000000000000.0
220215.537,74280376000000.0,1.2046353e+34,18.5342682208108,1.7318756234594246e-13,-12.563133586767085,13.104951686984762,1.2246787235789977e-13,19.585564413936623,1.830299630608937e-13,300000000000000.0,50,52000000000000.0
221215.537,73961983000000.0,1.2173178e+34,18.539777625619326,1.7153881705798516e-13,-12.563134549498821,13.108847608208906,1.2130197543068686e-13,19.59138692316889,1.812875137340959e-13,300000000000000.0,50,52000000000000.0
222215.537,73664521000000.0,1.2127929e+34,18.545287030427847,1.6989007177002787e-13,-12.563135512230556,13.11274352943305,1.2013607850347397e-13,19.597209432401158,1.7954506440729808e-13,300000000000000.0,50,52000000000000.0
223215.537,73272707000000.0,1.2012692e+34,18.55073117914009,1.6839485764976663e-13,-12.563136462865636,13.11659330533524,1.1907874971706525e-13,19.60296297680189,1.779648716961534e-13,300000000000000.0,50,52000000000000.0
224215.537,72882145000000.0,1.2301385e+34,18.556055133494567,1.671824305969269e-13,-12.56313739122004,13.120358086767142,1.1822139118174076e-13,19.60858949577346,1.7668353734190686e-13,300000000000000.0,50,52000000000000.0
225215.537,72693256000000.0,1.2549329e+34,18.561379087849044,1.659700035440872e-13,-12.563138319574445,13.124122868199047,1.1736403264641625e-13,19.614216014745036,1.7540220298766033e-13,300000000000000.0,50,52000000000000.0
226215.537,72549536000000.0,1.2480109e+34,18.56670304220352,1.6475757649124747e-13,-12.56313924792885,13.12788764963095,1.1650667411109177e-13,19.61984253371661,1.741208686334138e-13,300000000000000.0,50,52000000000000.0
227215.537,72318335000000.0,1.235042e+34,18.5719262184314,1.6326118972584633e-13,-12.563140157343645,13.13158116657992,1.1544851648681873e-13,19.62536254691906,1.7253943720207154e-13,300000000000000.0,50,52000000000000.0
228215.537,71976657000000.0,1.2403272e+34,18.57711158127873,1.6165825725419193e-13,-12.563141059652027,13.135247944085483,1.1431501620018685e-13,19.630842597648357,1.7084540509672771e-13,300000000000000.0,50,52000000000000.0
229215.537,71553953000000.0,1.2249521e+34,18.582296944126053,1.6005532478253753e-13,-12.563141961960412,13.138914721591044,1.1318151591355496e-13,19.63632264837765,1.691513729913839e-13,300000000000000.0,50,52000000000000.0
230215.537,71193982000000.0,1.2078454e+34,18.587474209340435,1.5846470054714378e-13,-12.563142862781973,13.142575772923218,1.1205671928443682e-13,19.641794141260355,1.6747034862472367e-13,300000000000000.0,50,52000000000000.0
231215.537,70942650000000.0,1.2235679e+34,18.59247336223408,1.5714480339206455e-13,-12.56314373089997,13.146110873617934,1.1112336485197929e-13,19.647077399145633,1.6607543731607828e-13,300000000000000.0,50,52000000000000.0
232215.537,70643566000000.0,1.2336963e+34,18.597472515127727,1.5582490623698535e-13,-12.563144599017967,13.14964597431265,1.1019001041952178e-13,19.652360657030908,1.646805260074329e-13,300000000000000.0,50,52000000000000.0
233215.537,70376970000000.0,1.1916171e+34,18.602471668021373,1.5450500908190613e-13,-12.563145467135966,13.153181075007366,1.0925665598706426e-13,19.657643914916186,1.6328561469878753e-13,300000000000000.0,50,52000000000000.0
234215.537,70018953000000.0,1.1978672e+34,18.60742408907861,1.5298743980614953e-13,-12.563146326631433,13.156683129667789,1.0818351979679696e-13,19.662877785039065,1.6168179757759577e-13,300000000000000.0,50,52000000000000.0
235215.537,69796209000000.0,1.1948768e+34,18.612267417945194,1.510084188449453e-13,-12.56314716599821,13.160108040681601,1.0678407290821213e-13,19.667996362898574,1.5959030450610314e-13,300000000000000.0,50,52000000000000.0
236215.537,69334765000000.0,1.1725106e+34,18.617110746811775,1.4902939788374108e-13,-12.563148005364987,13.163532951695414,1.0538462601962728e-13,19.67311494075808,1.574988114346105e-13,300000000000000.0,50,52000000000000.0
237215.537,68708310000000.0,1.1571075e+34,18.621954075678357,1.4705037692253685e-13,-12.563148844731762,13.166957862709227,1.0398517913104243e-13,19.67823351861759,1.5540731836311788e-13,300000000000000.0,50,52000000000000.0
238215.537,68136213000000.0,1.1391237e+34,18.62667977047032,1.4499813430738303e-13,-12.563149662929632,13.170299589844271,1.0253395446816275e-13,19.683227776999505,1.5323844267226648e-13,300000000000000.0,50,52000000000000.0
239215.537,67590377000000.0,1.1294404e+34,18.631285660699596,1.4287131901199942e-13,-12.563150459568,13.173556598259415,1.0102999666969782e-13,19.68809542206216,1.5099075656103375e-13,300000000000000.0,50,52000000000000.0
240215.537,67105337000000.0,1.1265546e+34,18.635891550928875,1.407445037166158e-13,-12.56315125620637,13.176813606674559,9.95260388712329e-14,19.692963067124808,1.48743070449801e-13,300000000000000.0,50,52000000000000.0
241215.537,66659008000000.0,1.1192672e+34,18.64049744115815,1.386176884212322e-13,-12.563152052844739,13.1800706150897,9.802208107276798e-14,19.69783071218746,1.4649538433856828e-13,300000000000000.0,50,52000000000000.0
242215.537,66223400000000.0,1.1132848e+34,18.644940197736034,1.3662152889198043e-13,-12.563152820363868,13.183212265049535,9.6610515376517e-14,19.702525952413968,1.443857795230956e-13,300000000000000.0,50,52000000000000.0
243215.537,65776803000000.0,1.1123388e+34,18.649286767114518,1.3470240688455416e-13,-12.56315357071365,13.186285897119445,9.52534261017936e-14,19.707119538946035,1.4235759048551577e-13,300000000000000.0,50,52000000000000.0
244215.537,65308842000000.0,1.111617e+34,18.653633336493,1.3278328487712786e-13,-12.56315432106343,13.189359529189353,9.38963368270702e-14,19.711713125478102,1.4032940144793592e-13,300000000000000.0,50,52000000000000.0
245215.537,64824747000000.0,1.1108243e+34,18.657979905871485,1.3086416286970158e-13,-12.563155071413213,13.192433161259263,9.25392475523468e-14,19.71630671201017,1.3830121241035606e-13,300000000000000.0,50,52000000000000.0
246215.537,64350511000000.0,1.1078287e+34,18.662160049478224,1.2907928533627362e-13,-12.563155792124178,13.195389106892874,9.1277088082226e-14,19.72072441450541,1.3641489730100993e-13,300000000000000.0,50,52000000000000.0
247215.537,63907120000000.0,1.1024868e+34,18.666268816083818,1.2735198282787334e-13,-12.56315650012359,13.19829457894412,9.00556422870378e-14,19.72506668352081,1.3458942935151728e-13,300000000000000.0,50,52000000000000.0
248215.537,63485890000000.0,1.1004953e+34,18.670377582689415,1.2562468031947303e-13,-12.563157208123,13.201200050995366,8.88341964918496e-14,19.729408952536218,1.3276396140202467e-13,300000000000000.0,50,52000000000000.0
249215.537,63095324000000.0,1.0945706e+34,18.67448634929501,1.2389737781107272e-13,-12.563157916122412,13.204105523046612,8.761275069666141e-14,19.73375122155162,1.3093849345253202e-13,300000000000000.0,50,52000000000000.0
250215.537,62683955000000.0,1.0862717e+34,18.678441395966598,1.2229115507853203e-13,-12.563158596801108,13.206902293485888,8.64769253926968e-14,19.737931034476468,1.2924098653181526e-13,300000000000000.0,50,52000000000000.0
251215.537,62257575000000.0,1.0797742e+34,18.682332647478727,1.2073518154534568e-13,-12.563159266141458,13.209653951775493,8.537663336505161e-14,19.742043426658068,1.2759658459249522e-13,300000000000000.0,50,52000000000000.0
252215.537,61873316000000.0,1.0768346e+34,18.686223898990853,1.1917920801215936e-13,-12.56315993548181,13.212405610065101,8.427634133740642e-14,19.746155818839668,1.259521826531752e-13,300000000000000.0,50,52000000000000.0
253215.537,61493120000000.0,1.0737601e+34,18.690115150502983,1.17623234478973e-13,-12.56316060482216,13.215157268354709,8.317604930976123e-14,19.750268211021265,1.2430778071385518e-13,300000000000000.0,50,52000000000000.0
254215.537,61137440000000.0,1.0751029e+34,18.693877243333784,1.1627727035745805e-13,-12.563161251249715,13.217817593299413,8.222426339383989e-14,19.754244104231947,1.2288532325281514e-13,300000000000000.0,50,52000000000000.0
255215.537,60825794000000.0,1.0703939e+34,18.69756936797659,1.150450730988916e-13,-12.563161885264888,13.220428440899038,8.135292660791249e-14,19.75814605285323,1.215830981510856e-13,300000000000000.0,50,52000000000000.0
256215.537,60523658000000.0,1.0645e+34,18.7012614926194,1.1381287584032512e-13,-12.563162519280061,13.223039288498661,8.04815898219851e-14,19.76204800147451,1.2028087304935607e-13,300000000000000.0,50,52000000000000.0
257215.537,60205588000000.0,1.0652605e+34,18.704953617262206,1.1258067858175867e-13,-12.563163153295235,13.225650136098285,7.961025303605771e-14,19.76594995009579,1.189786479476265e-13,300000000000000.0,50,52000000000000.0
258215.537,59869885000000.0,1.0655987e+34,18.708561681328305,1.11360418193196e-13,-12.563163772357564,13.228201541045996,7.874735737399747e-14,19.76976306083638,1.176890382223653e-13,300000000000000.0,50,52000000000000.0
259215.537,59560381000000.0,1.0603032e+34,18.712093549872993,1.1015097781170065e-13,-12.563164377866096,13.230699065042202,7.789211304933723e-14,19.77349564573588,1.1641086352676434e-13,300000000000000.0,50,52000000000000.0
260215.537,59221333000000.0,1.0551373e+34,18.71562541841768,1.0894153743020529e-13,-12.56316498337463,13.233196589038409,7.703686872467699e-14,19.777228230635384,1.151326888311634e-13,300000000000000.0,50,52000000000000.0
261215.537,58920687000000.0,1.058123e+34,18.719157286962364,1.0773209704870993e-13,-12.563165588883162,13.235694113034615,7.618162440001674e-14,19.780960815534886,1.1385451413556245e-13,300000000000000.0,50,52000000000000.0
262215.537,58581518000000.0,1.052535e+34,18.722635863520917,1.0652118019579429e-13,-12.563166184950482,13.238153952106959,7.532533605925725e-14,19.784637079784606,1.1257477914168084e-13,300000000000000.0,50,52000000000000.0
263215.537,58240085000000.0,1.0634258e+34,18.726007877348216,1.0530731098852722e-13,-12.563166762139138,13.240538436351965,7.446696010242122e-14,19.788200725182943,1.1129192417313864e-13,300000000000000.0,50,52000000000000.0
264215.537,57836370000000.0,1.0534246e+34,18.729379891175512,1.0409344178126014e-13,-12.563167339327793,13.24292292059697,7.360858414558519e-14,19.79176437058128,1.1000906920459644e-13,300000000000000.0,50,52000000000000.0
265215.537,57520988000000.0,1.0429229e+34,18.73275190500281,1.0287957257399307e-13,-12.563167916516448,13.245307404841975,7.275020818874918e-14,19.795328015979617,1.0872621423605424e-13,300000000000000.0,50,52000000000000.0
266215.537,57260636000000.0,1.0322532e+34,18.73611184501853,1.017072806987444e-13,-12.563168491576066,13.247683351207034,7.192123321480091e-14,19.79887890139601,1.0748729945167274e-13,300000000000000.0,50,52000000000000.0
267215.537,57160722000000.0,1.0336994e+34,18.73932080931536,1.0105488823980764e-13,-12.563169040013374,13.249952536541832,7.145989976810558e-14,19.802270230947602,1.0679783012203271e-13,300000000000000.0,50,52000000000000.0
268215.537,57033425000000.0,1.0152282e+34,18.742529773612187,1.004024957808709e-13,-12.56316958845068,13.252221721876632,7.099856632141024e-14,19.8056615604992,1.061083607923927e-13,300000000000000.0,50,52000000000000.0
269215.537,56871447000000.0,1.0129543e+34,18.74573873790901,9.975010332193415e-14,-12.563170136887988,13.254490907211432,7.05372328747149e-14,19.809052890050793,1.0541889146275268e-13,300000000000000.0,50,52000000000000.0
270215.537,56514388000000.0,1.0376963e+34,18.74894770220584,9.909771086299741e-14,-12.563170685325295,13.256760092546232,7.007589942801957e-14,19.81244421960239,1.0472942213311266e-13,300000000000000.0,50,52000000000000.0
271215.537,56459562000000.0,1.1156983e+34,18.75209027993219,9.85050225800685e-14,-12.563171221827693,13.258982333216126,6.965678521943203e-14,19.81576538969151,1.0410305004992703e-13,300000000000000.0,50,52000000000000.0
272215.537,56383989000000.0,1.1250339e+34,18.755210188214367,9.79327218615988e-14,-12.563171754254602,13.261188543392917,6.925208788242529e-14,19.819062601983045,1.0349822418453227e-13,300000000000000.0,50,52000000000000.0
273215.537,56291595000000.0,1.0895382e+34,18.758330096496547,9.736042114312913e-14,-12.56317228668151,13.263394753569706,6.884739054541855e-14,19.82235981427458,1.0289339831913751e-13,300000000000000.0,50,52000000000000.0
274215.537,55970496000000.0,1.0710317e+34,18.761450004778727,9.678812042465943e-14,-12.56317281910842,13.265600963746497,6.844269320841181e-14,19.825657026566116,1.0228857245374275e-13,300000000000000.0,50,52000000000000.0
275215.537,55705514000000.0,1.0440374e+34,18.764542407710124,9.617299450009107e-14,-12.563173346578447,13.267787723760362,6.800771250860058e-14,19.828925170315443,1.0163848767383861e-13,300000000000000.0,50,52000000000000.0
276215.537,55661311000000.0,1.0433357e+34,18.767582922431462,9.547707981165071e-14,-12.563173864697431,13.26993779149034,6.75156029431109e-14,19.832138476930133,1.0090302299526041e-13,300000000000000.0,50,52000000000000.0
277215.537,55567641000000.0,1.040228e+34,18.7706234371528,9.478116512321035e-14,-12.563174382816413,13.272087859220317,6.702349337762122e-14,19.835351783544827,1.0016755831668219e-13,300000000000000.0,50,52000000000000.0
278215.537,55310375000000.0,1.0192151e+34,18.773663951874138,9.408525043477e-14,-12.563174900935397,13.274237926950295,6.653138381213155e-14,19.838565090159516,9.943209363810399e-14,300000000000000.0,50,52000000000000.0
279215.537,54953773000000.0,9.9335562e+33,18.77670446659548,9.338933574632965e-14,-12.563175419054382,13.276387994680272,6.603927424664187e-14,19.841778396774206,9.869662895952579e-14,300000000000000.0,50,52000000000000.0
280215.537,54597596000000.0,9.7191313e+33,18.779659045483864,9.227883434224144e-14,-12.563175921893647,13.278477293689432,6.525399419473709e-14,19.844900883679514,9.752301684193425e-14,300000000000000.0,50,52000000000000.0
281215.537,54220013000000.0,9.5594217e+33,18.78260144785963,9.110958887060758e-14,-12.563176422567883,13.280557982191537,6.442717391444016e-14,19.848010502060717,9.628732226540012e-14,300000000000000.0,50,52000000000000.0
282215.537,53883963000000.0,9.4884839e+33,18.785543850235396,8.994034339897374e-14,-12.563176923242118,13.28263867069364,6.360035363414324e-14,19.851120120441923,9.5051627688866e-14,300000000000000.0,50,52000000000000.0
283215.537,53544955000000.0,9.4707655e+33,18.78848625261116,8.877109792733989e-14,-12.563177423916354,13.284719359195744,6.277353335384632e-14,19.854229738823125,9.381593311233187e-14,300000000000000.0,50,52000000000000.0
284215.537,53241604000000.0,9.4825184e+33,18.79137293095224,8.757801110601843e-14,-12.563177914885216,13.286760643002175,6.192985396591065e-14,19.85728046633059,9.255504235979566e-14,300000000000000.0,50,52000000000000.0
285215.537,52892490000000.0,9.7260343e+33,18.79414780817708,8.633709053534827e-14,-12.563178386381841,13.288722867763681,6.105234954962713e-14,19.860213038979776,9.124359962160335e-14,300000000000000.0,50,52000000000000.0
286215.537,52499737000000.0,1.0060002e+34,18.796922685401917,8.509616996467811e-14,-12.563178857878466,13.29068509252519,6.01748451333436e-14,19.863145611628962,8.993215688341104e-14,300000000000000.0,50,52000000000000.0
287215.537,52148058000000.0,1.0110239e+34,18.799697562626754,8.385524939400795e-14,-12.563179329375092,13.292647317286695,5.929734071706007e-14,19.866078184278148,8.862071414521874e-14,300000000000000.0,50,52000000000000.0
288215.537,51792371000000.0,9.7596413e+33,18.802472439851595,8.261432882333779e-14,-12.563179800871717,13.294609542048201,5.841983630077654e-14,19.869010756927334,8.730927140702644e-14,300000000000000.0,50,52000000000000.0
289215.537,51095723000000.0,9.5498309e+33,18.80511804032413,8.132229481849177e-14,-12.563180249972357,13.296480350063343,5.75061876716871e-14,19.871806705958512,8.594381062896143e-14,300000000000000.0,50,52000000000000.0
290215.537,50720026000000.0,9.4477803e+33,18.807712231354525,8.000993455165397e-14,-12.56318069016679,13.298314804412035,5.6578165585778996e-14,19.874548323921964,8.455686851534466e-14,300000000000000.0,50,52000000000000.0
291215.537,50442673000000.0,9.3669298e+33,18.810306422384922,7.869757428481618e-14,-12.563181130361226,13.300149258760728,5.5650143499870896e-14,19.877289941885415,8.316992640172788e-14,300000000000000.0,50,52000000000000.0
292215.537,50072797000000.0,9.2040319e+33,18.81290061341532,7.738521401797837e-14,-12.56318157055566,13.30198371310942,5.472212141396279e-14,19.88003155984887,8.178298428811111e-14,300000000000000.0,50,52000000000000.0
293215.537,49631284000000.0,9.1222396e+33,18.815490293715968,7.608437801116818e-14,-12.563182009972454,13.303814977741894,5.380224858731605e-14,19.882768410736386,8.040822135762658e-14,300000000000000.0,50,52000000000000.0
294215.537,49265670000000.0,9.0583953e+33,18.81789028854696,7.526816085742184e-14,-12.563182416687857,13.305512108242402,5.322506888518252e-14,19.885304796269335,7.954561814469984e-14,300000000000000.0,50,52000000000000.0
295215.537,48984416000000.0,8.9395139e+33,18.82029028337795,7.445194370367547e-14,-12.563182823403261,13.307209238742908,5.264788918304899e-14,19.887841181802283,7.868301493177312e-14,300000000000000.0,50,52000000000000.0
296215.537,48708328000000.0,8.8579781e+33,18.822690278208942,7.363572654992913e-14,-12.563183230118664,13.308906369243415,5.2070709480915455e-14,19.890377567335232,7.782041171884639e-14,300000000000000.0,50,52000000000000.0
297215.537,48505353000000.0,8.8022789e+33,18.825090273039933,7.281950939618278e-14,-12.563183636834067,13.310603499743921,5.1493529778781925e-14,19.89291395286818,7.695780850591967e-14,300000000000000.0,50,52000000000000.0
298215.537,48323975000000.0,8.8006707e+33,18.827459009577012,7.2012451988127e-14,-12.5631840381328,13.312278526258147,5.092282731298958e-14,19.895417303681587,7.610488561375014e-14,300000000000000.0,50,52000000000000.0
299215.537,48152295000000.0,8.8613382e+33,18.82973626047456,7.123220299113905e-14,-12.563184423578218,13.313888859627992,5.0371082187311695e-14,19.89782396967744,7.528029473284975e-14,300000000000000.0,50,52000000000000.0
300215.537,47909869000000.0,8.9443557e+33,18.83201351137211,7.045195399415111e-14,-12.563184809023635,13.315499192997837,4.981933706163381e-14,19.900230635673292,7.445570385194937e-14,300000000000000.0,50,52000000000000.0
301215.537,47641124000000.0,8.8804233e+33,18.83429076226966,6.967170499716317e-14,-12.563185194469055,13.317109526367682,4.926759193595592e-14,19.902637301669145,7.363111297104899e-14,300000000000000.0,50,52000000000000.0
302215.537,47330253000000.0,8.9555761e+33,18.83656801316721,6.889145600017523e-14,-12.563185579914473,13.318719859737527,4.871584681027804e-14,19.905043967664998,7.280652209014859e-14,300000000000000.0,50,52000000000000.0
303215.537,46941865000000.0,9.1524831e+33,18.83879654835242,6.809653226327638e-14,-12.563185956939478,13.320295744287916,4.8153724633395777e-14,19.907399149413763,7.196642255859807e-14,300000000000000.0,50,52000000000000.0
304215.537,46762754000000.0,8.950045e+33,18.84095455589031,6.72803633298854e-14,-12.563186321773921,13.321821755931344,4.757657919251124e-14,19.909679795398873,7.110387054527332e-14,300000000000000.0,50,52000000000000.0
305215.537,46334790000000.0,8.9361403e+33,18.843112563428203,6.64641943964944e-14,-12.563186686608363,13.323347767574774,4.699943375162669e-14,19.911960441383982,7.024131853194859e-14,300000000000000.0,50,52000000000000.0
306215.537,46043742000000.0,8.8860283e+33,18.845270570966093,6.564802546310339e-14,-12.563187051442805,13.324873779218201,4.6422288310742153e-14,19.914241087369096,6.937876651862384e-14,300000000000000.0,50,52000000000000.0
307215.537,45844464000000.0,8.7455945e+33,18.847428578503987,6.48318565297124e-14,-12.563187416277248,13.32639979086163,4.584514286985761e-14,19.916521733354205,6.851621450529909e-14,300000000000000.0,50,52000000000000.0
308215.537,45582425000000.0,8.589667e+33,18.849525284243555,6.406169262318121e-14,-12.563187770560683,13.32788245357082,4.5300529419644176e-14,19.91873759374481,6.770228201125164e-14,300000000000000.0,50,52000000000000.0
309215.537,45276359000000.0,8.5062039e+33,18.851556530182027,6.334065419077846e-14,-12.563188113577452,13.32931882705701,4.479065455291055e-14,19.92088427423783,6.694026682058214e-14,300000000000000.0,50,52000000000000.0
310215.537,44981834000000.0,8.5300521e+33,18.8535877761205,6.26196157583757e-14,-12.56318845659422,13.330755200543202,4.428077968617692e-14,19.92303095473085,6.617825162991266e-14,300000000000000.0,50,52000000000000.0
311215.537,44714442000000.0,8.6137315e+33,18.85561902205897,6.189857732597293e-14,-12.56318879961099,13.332191574029393,4.3770904819443295e-14,19.92517763522387,6.541623643924318e-14,300000000000000.0,50,52000000000000.0
312215.537,44500089000000.0,8.7626718e+33,18.857650267997442,6.117753889357017e-14,-12.56318914262776,13.333627947515582,4.326102995270967e-14,19.92732431571689,6.465422124857369e-14,300000000000000.0,50,52000000000000.0
313215.537,44350629000000.0,8.7524754e+33,18.85962705029244,6.04409519682269e-14,-12.563189476280181,13.335025807599836,4.2740160170451775e-14,19.929413437386685,6.387577400027158e-14,300000000000000.0,50,52000000000000.0
314215.537,44148652000000.0,8.6036179e+33,18.86154448824694,5.968742318955903e-14,-12.563189799729079,13.336381702947754,4.220731017590959e-14,19.93143984216525,6.3079422154315e-14,300000000000000.0,50,52000000000000.0
315215.537,43893221000000.0,8.3965449e+33,18.863461926201435,5.893389441089118e-14,-12.563190123177977,13.337737598295675,4.16744601813674e-14,19.933466246943812,6.228307030835842e-14,300000000000000.0,50,52000000000000.0
316215.537,43514752000000.0,8.2062332e+33,18.86537936415593,5.818036563222331e-14,-12.563190446626875,13.339093493643594,4.114161018682521e-14,19.935492651722377,6.148671846240185e-14,300000000000000.0,50,52000000000000.0
317215.537,43146152000000.0,8.1516629e+33,18.86729680211043,5.742683685355544e-14,-12.563190770075774,13.340449388991512,4.060876019228302e-14,19.93751905650094,6.069036661644528e-14,300000000000000.0,50,52000000000000.0
318215.537,42922752000000.0,8.1649378e+33,18.869166845229525,5.674586385421779e-14,-12.563191085406885,13.341771769577287,4.012721724749479e-14,19.939495372993917,5.997069388159296e-14,300000000000000.0,50,52000000000000.0
319215.537,42682275000000.0,8.135878e+33,18.870963412542913,5.6177373455565936e-14,-12.56319138815306,13.343042192515552,3.972521518067819e-14,19.94139403804854,5.936989611321338e-14,300000000000000.0,50,52000000000000.0
320215.537,42493267000000.0,8.0604061e+33,18.8727599798563,5.560888305691408e-14,-12.563191690899233,13.344312615453818,3.932321311386159e-14,19.943292703103157,5.876909834483379e-14,300000000000000.0,50,52000000000000.0
321215.537,42285395000000.0,7.9344432e+33,18.874556547169686,5.504039265826222e-14,-12.563191993645408,13.345583038392082,3.8921211047044985e-14,19.94519136815778,5.816830057645421e-14,300000000000000.0,50,52000000000000.0
322215.537,42050622000000.0,7.8289139e+33,18.876353114483074,5.447190225961037e-14,-12.563192296391582,13.346853461330348,3.851920898022839e-14,19.947090033212397,5.756750280807464e-14,300000000000000.0,50,52000000000000.0
323215.537,41852497000000.0,7.7580442e+33,18.878129021452718,5.392654354500486e-14,-12.563192595593227,13.348109274521631,3.81335642401678e-14,19.948966863793746,5.699115129570352e-14,300000000000000.0,50,52000000000000.0
324215.537,41646203000000.0,7.6668188e+33,18.879832916286762,5.346181088333812e-14,-12.563192882440324,13.349314165080948,3.7804933364308584e-14,19.950767589782178,5.650000780913567e-14,300000000000000.0,50,52000000000000.0
325215.537,41465893000000.0,7.6191721e+33,18.881536811120807,5.299707822167139e-14,-12.563193169287423,13.350519055640262,3.747630248844936e-14,19.952568315770613,5.600886432256782e-14,300000000000000.0,50,52000000000000.0
326215.537,41328361000000.0,7.5244751e+33,18.883240705954847,5.253234556000465e-14,-12.56319345613452,13.351723946199579,3.7147671612590145e-14,19.954369041759044,5.5517720835999964e-14,300000000000000.0,50,52000000000000.0
327215.537,41149811000000.0,7.4880922e+33,18.88494460078889,5.206761289833792e-14,-12.56319374298162,13.352928836758894,3.681904073673093e-14,19.956169767747475,5.502657734943211e-14,300000000000000.0,50,52000000000000.0
328215.537,40954812000000.0,7.4246447e+33,18.886648495622932,5.160288023667118e-14,-12.563194029828717,13.35413372731821,3.649040986087171e-14,19.957970493735907,5.453543386286426e-14,300000000000000.0,50,52000000000000.0
329215.537,40759049000000.0,7.3694294e+33,18.88827773318695,5.1097944895760294e-14,-12.56319430385569,13.355285824764275,3.613335013926014e-14,19.959692319670776,5.4001803063075e-14,300000000000000.0,50,52000000000000.0
330215.537,40559595000000.0,7.3285411e+33,18.889904637455437,5.0591753083354466e-14,-12.56319457748199,13.356436272244638,3.577540191879742e-14,19.96141167970859,5.346684438914992e-14,300000000000000.0,50,52000000000000.0
331215.537,40351736000000.0,7.3006979e+33,18.891531541723925,5.008556127094864e-14,-12.563194851108289,13.357586719725001,3.541745369833469e-14,19.963131039746404,5.2931885715224826e-14,300000000000000.0,50,52000000000000.0
332215.537,40131749000000.0,7.3075007e+33,18.893158445992412,4.95793694585428e-14,-12.56319512473459,13.358737167205362,3.505950547787197e-14,19.96485039978422,5.239692704129974e-14,300000000000000.0,50,52000000000000.0
333215.537,39923512000000.0,7.4171571e+33,18.8947853502609,4.9073177646136973e-14,-12.56319539836089,13.359887614685725,3.470155725740924e-14,19.966569759822033,5.1861968367374655e-14,300000000000000.0,50,52000000000000.0
334215.537,39781461000000.0,7.6625378e+33,18.896358478239907,4.847038445998761e-14,-12.563195662792232,13.361000034828129,3.4275298466427e-14,19.968232287465877,5.12249185784521e-14,300000000000000.0,50,52000000000000.0
335215.537,39673917000000.0,7.788222e+33,18.897900159650103,4.7811102033386484e-14,-12.563195921846674,13.362090217859876,3.380909394699457e-14,19.96986158143359,5.05281693326834e-14,300000000000000.0,50,52000000000000.0
336215.537,39415587000000.0,7.9007983e+33,18.8994418410603,4.715181960678535e-14,-12.563196180901114,13.363180400891622,3.334288942756214e-14,19.971490875401308,4.98314200869147e-14,300000000000000.0,50,52000000000000.0
337215.537,39002982000000.0,8.5817686e+33,18.900983522470494,4.649253718018423e-14,-12.563196439955556,13.36427058392337,3.287668490812971e-14,19.97312016936902,4.9134670841146e-14,300000000000000.0,50,52000000000000.0
338215.537,38601860000000.0,9.3743557e+33,18.90252520388069,4.5833254753583096e-14,-12.563196699009998,13.365360766955117,3.241048038869729e-14,19.974749463336735,4.84379215953773e-14,300000000000000.0,50,52000000000000.0
339215.537,38339271000000.0,1.2714712e+34,18.90404370526413,4.511978598727176e-14,-12.563196954125752,13.366434558478765,3.190595860841663e-14,19.97635425996385,4.7683906660724937e-14,300000000000000.0,50,52000000000000.0
340215.537,37905907000000.0,1.1351275e+34,18.90547258406515,4.419681273039601e-14,-12.563197194013082,13.367444974351434,3.12532880833275e-14,19.977864340784524,4.6708481329272277e-14,300000000000000.0,50,52000000000000.0
341215.537,37325027000000.0,9.4256191e+33,18.906901462866173,4.327383947352025e-14,-12.563197433900411,13.368455390224103,3.0600617558238366e-14,19.9793744216052,4.573305599781962e-14,300000000000000.0,50,52000000000000.0
342215.537,36822667000000.0,8.6233184e+33,18.908330341667195,4.235086621664449e-14,-12.563197673787743,13.369465806096771,2.994794703314924e-14,19.980884502425877,4.475763066636696e-14,300000000000000.0,50,52000000000000.0
343215.537,36413031000000.0,8.170392e+33,18.90975922046822,4.142789295976874e-14,-12.563197913675072,13.37047622196944,2.929527650806011e-14,19.982394583246556,4.37822053349143e-14,300000000000000.0,50,52000000000000.0
344215.537,36158081000000.0,7.9372483e+33,18.911188099269243,4.050491970289298e-14,-12.563198153562404,13.371486637842107,2.864260598297098e-14,19.983904664067232,4.280678000346163e-14,300000000000000.0,50,52000000000000.0
345215.537,36230637000000.0,7.867657e+33,18.912505962860415,4.020972758518942e-14,-12.563198374689218,13.372418550513556,2.843386397533064e-14,19.985297420743294,4.249481212324875e-14,300000000000000.0,50,52000000000000.0
346215.537,36363662000000.0,8.2628678e+33,18.913774353342145,4.019430150174558e-14,-12.563198587455547,13.373315478812406,2.8422955437146247e-14,19.986637892779676,4.247850916262579e-14,300000000000000.0,50,52000000000000.0
347215.537,36464673000000.0,9.981299e+33,18.91504274382388,4.017887541830174e-14,-12.563198800221876,13.374212407111258,2.841204689896186e-14,19.987978364816055,4.246220620200283e-14,300000000000000.0,50,52000000000000.0
348215.537,36456303000000.0,1.0863999e+34,18.916311134305612,4.0163449334857905e-14,-12.563199012988205,13.375109335410109,2.8401138360777468e-14,19.989318836852433,4.244590324137987e-14,300000000000000.0,50,52000000000000.0
349215.537,36293472000000.0,1.002955e+34,18.917579524787346,4.0148023251414067e-14,-12.563199225754534,13.376006263708959,2.8390229822593076e-14,19.990659308888816,4.2429600280756913e-14,300000000000000.0,50,52000000000000.0
350215.537,36134283000000.0,1.010991e+34,18.918847674572515,4.010752979143682e-14,-12.563199438466404,13.376903021799496,2.8361595167562565e-14,19.991999526546525,4.238680538760769e-14,300000000000000.0,50,52000000000000.0
351215.537,35881422000000.0,8.9181568e+33,18.920113339111982,3.980821007864713e-14,-12.563199650615953,13.377798022451229,2.8149934403115172e-14,19.993337117687727,4.2070475383339315e-14,300000000000000.0,50,52000000000000.0
352215.537,35626670000000.0,8.2701799e+33,18.92137900365145,3.950889036585744e-14,-12.563199862765503,13.378693023102961,2.7938273638667775e-14,19.994674708828928,4.1754145379070937e-14,300000000000000.0,50,52000000000000.0
353215.537,35416238000000.0,8.0814545e+33,18.922644668190916,3.920957065306775e-14,-12.563200074915054,13.379588023754694,2.772661287422038e-14,19.99601229997013,4.143781537480255e-14,300000000000000.0,50,52000000000000.0
354215.537,35263617000000.0,8.3021099e+33,18.923910332730383,3.891025094027806e-14,-12.563200287064603,13.380483024406427,2.7514952109772982e-14,19.99734989111133,4.1121485370534174e-14,300000000000000.0,50,52000000000000.0
355215.537,35338286000000.0,8.9429618e+33,18.92517599726985,3.861093122748837e-14,-12.563200499214155,13.38137802505816,2.7303291345325586e-14,19.99868748225253,4.080515536626579e-14,300000000000000.0,50,52000000000000.0
356215.537,35405663000000.0,9.9788447e+33,18.926420497780477,3.823255288898198e-14,-12.563200707755293,13.38225805979107,2.7035725160876125e-14,20.00000270661651,4.04052739202692e-14,300000000000000.0,50,52000000000000.0
357215.537,35245396000000.0,9.0274396e+33,18.927632409288343,3.773243772092536e-14,-12.563200910740091,13.383115049555869,2.6682074143506432e-14,20.00128348994991,3.9876737472643926e-14,300000000000000.0,50,52000000000000.0
358215.537,34859010000000.0,8.1093695e+33,18.92884432079621,3.723232255286874e-14,-12.56320111372489,13.38397203932067,2.6328423126136738e-14,20.00256427328331,3.934820102501865e-14,300000000000000.0,50,52000000000000.0
359215.537,34532108000000.0,7.7012378e+33,18.93005623230408,3.6732207384812116e-14,-12.56320131670969,13.384829029085468,2.597477210876704e-14,20.003845056616708,3.881966457739337e-14,300000000000000.0,50,52000000000000.0
360215.537,34308540000000.0,7.4261305e+33,18.931268143811945,3.6232092216755497e-14,-12.56320151969449,13.385686018850267,2.5621121091397348e-14,20.005125839950107,3.82911281297681e-14,300000000000000.0,50,52000000000000.0
361215.537,34107843000000.0,7.1563738e+33,18.93248005531981,3.5731977048698877e-14,-12.563201722679288,13.386543008615066,2.526747007402765e-14,20.006406623283507,3.776259168214282e-14,300000000000000.0,50,52000000000000.0
362215.537,33902624000000.0,6.8926889e+33,18.933636606057203,3.531713138344233e-14,-12.563201916307289,13.387360850611408,2.497411645362045e-14,20.007628899723226,3.732417054733637e-14,300000000000000.0,50,52000000000000.0
363215.537,33714155000000.0,6.6248204e+33,18.934757244142617,3.4957600229743476e-14,-12.563202103865512,13.388153297365374,2.4719877885508105e-14,20.008813222614016,3.6944207411565406e-14,300000000000000.0,50,52000000000000.0
364215.537,33536771000000.0,6.3879496e+33,18.93587788222803,3.4598069076044626e-14,-12.563202291423737,13.388945744119342,2.4465639317395757e-14,20.00999754550481,3.656424427579444e-14,300000000000000.0,50,52000000000000.0
365215.537,33364647000000.0,6.1784082e+33,18.936998520313445,3.423853792234577e-14,-12.563202478981962,13.389738190873308,2.421140074928341e-14,20.0111818683956,3.6184281140023476e-14,300000000000000.0,50,52000000000000.0
366215.537,33185725000000.0,6.015266e+33,18.93811915839886,3.387900676864692e-14,-12.563202666540185,13.390530637627275,2.3957162181171063e-14,20.01236619128639,3.580431800425251e-14,300000000000000.0,50,52000000000000.0
367215.537,33040977000000.0,5.8778572e+33,18.939239796484273,3.351947561494807e-14,-12.56320285409841,13.391323084381241,2.3702923613058715e-14,20.01355051417718,3.5424354868481546e-14,300000000000000.0,50,52000000000000.0
368215.537,32909777000000.0,5.7385493e+33,18.94031207421534,3.3179471451883304e-14,-12.563203033473656,13.392081333633502,2.3462493353429392e-14,20.01468372841801,3.506502844481428e-14,300000000000000.0,50,52000000000000.0
369215.537,32737575000000.0,5.613437e+33,18.941366028936383,3.28468657715214e-14,-12.563203209748496,13.39282662596733,2.3227294853951024e-14,20.015797578360996,3.471352096060391e-14,300000000000000.0,50,52000000000000.0
370215.537,32548256000000.0,5.4858192e+33,18.942419983657427,3.251426009115949e-14,-12.563203386023336,13.393571918301157,2.2992096354472656e-14,20.016911428303978,3.436201347639354e-14,300000000000000.0,50,52000000000000.0
371215.537,32380210000000.0,5.3923973e+33,18.94347393837847,3.218165441079759e-14,-12.563203562298174,13.394317210634986,2.275689785499429e-14,20.01802527824696,3.4010505992183167e-14,300000000000000.0,50,52000000000000.0
372215.537,32222409000000.0,5.30377e+33,18.944527893099515,3.184904873043568e-14,-12.563203738573014,13.395062502968814,2.2521699355515924e-14,20.01913912818994,3.3658998507972795e-14,300000000000000.0,50,52000000000000.0
373215.537,32053098000000.0,5.2506452e+33,18.94558184782056,3.1516443050073777e-14,-12.563203914847854,13.395807795302643,2.2286500856037556e-14,20.020252978132927,3.3307491023762424e-14,300000000000000.0,50,52000000000000.0
374215.537,31896118000000.0,5.1969104e+33,18.946588892426647,3.125334640085987e-14,-12.563204083194442,13.39651991565746,2.21004549043577e-14,20.021317252084078,3.302944271772636e-14,300000000000000.0,50,52000000000000.0
375215.537,31749943000000.0,5.1289819e+33,18.94758015440027,3.101363565664278e-14,-12.56320424887362,13.397220875494904,2.1930946038495088e-14,20.02236484648416,3.277610932043749e-14,300000000000000.0,50,52000000000000.0
376215.537,31631248000000.0,5.0433032e+33,18.94857141637389,3.077392491242569e-14,-12.563204414552796,13.39792183533235,2.1761437172632475e-14,20.023412440884243,3.2522775923148623e-14,300000000000000.0,50,52000000000000.0
377215.537,31529548000000.0,4.9575029e+33,18.94956267834751,3.05342141682086e-14,-12.563204580231973,13.398622795169794,2.1591928306769862e-14,20.024460035284324,3.226944252585976e-14,300000000000000.0,50,52000000000000.0
378215.537,31424577000000.0,4.8275672e+33,18.950553940321132,3.0294503423991507e-14,-12.563204745911149,13.399323755007238,2.142241944090725e-14,20.025507629684405,3.2016109128570884e-14,300000000000000.0,50,52000000000000.0
379215.537,31310404000000.0,4.7250499e+33,18.951545202294756,3.0054792679774415e-14,-12.563204911590326,13.400024714844683,2.1252910575044635e-14,20.026555224084486,3.176277573128202e-14,300000000000000.0,50,52000000000000.0
380215.537,31181154000000.0,4.6565862e+33,18.952505512236232,2.973261678277546e-14,-12.563205072028516,13.400703787286625,2.1025087408639394e-14,20.02757010746245,3.142229078600985e-14,300000000000000.0,50,52000000000000.0
381215.537,31033749000000.0,4.642031e+33,18.953450856332186,2.937056755105643e-14,-12.563205229932601,13.401372276792413,2.0769068264344513e-14,20.028569174492663,3.103966655248217e-14,300000000000000.0,50,52000000000000.0
382215.537,30864097000000.0,4.5905098e+33,18.95439620042814,2.9008518319337404e-14,-12.563205387836684,13.4020407662982,2.0513049120049634e-14,20.029568241522874,3.065704231895449e-14,300000000000000.0,50,52000000000000.0
383215.537,30678908000000.0,4.5857756e+33,18.955341544524092,2.864646908761838e-14,-12.563205545740768,13.402709255803988,2.0257029975754756e-14,20.030567308553085,3.027441808542681e-14,300000000000000.0,50,52000000000000.0
384215.537,30452816000000.0,4.5242026e+33,18.956286888620042,2.828441985589935e-14,-12.56320570364485,13.403377745309774,2.0001010831459875e-14,20.0315663755833,2.9891793851899126e-14,300000000000000.0,50,52000000000000.0
385215.537,30203546000000.0,4.4882869e+33,18.957232232715995,2.792237062418032e-14,-12.563205861548935,13.404046234815562,1.9744991687164997e-14,20.03256544261351,2.9509169618371444e-14,300000000000000.0,50,52000000000000.0
386215.537,29965380000000.0,4.548158e+33,18.95814225900479,2.7502433629016437e-14,-12.563206013508683,13.404689749721282,1.944803786942034e-14,20.033527184750557,2.9065367935566066e-14,300000000000000.0,50,52000000000000.0
387215.537,29720173000000.0,4.6263479e+33,18.95901712266141,2.7024863210457727e-14,-12.563206159550212,13.405308399757223,1.9110329231899172e-14,20.034451765987914,2.856065759734518e-14,300000000000000.0,50,52000000000000.0
388215.537,29469595000000.0,4.6654476e+33,18.95989198631803,2.6547292791899016e-14,-12.563206305591743,13.405927049793162,1.8772620594378003e-14,20.035376347225267,2.80559472591243e-14,300000000000000.0,50,52000000000000.0
389215.537,29223235000000.0,4.6848979e+33,18.960766849974654,2.6069722373340306e-14,-12.563206451633272,13.406545699829103,1.8434911956856837e-14,20.036300928462623,2.7551236920903414e-14,300000000000000.0,50,52000000000000.0
390215.537,28951731000000.0,4.6388035e+33,18.961641713631273,2.5592151954781596e-14,-12.563206597674803,13.407164349865043,1.809720331933567e-14,20.03722550969998,2.704652658268253e-14,300000000000000.0,50,52000000000000.0
391215.537,28657341000000.0,4.58335e+33,18.962516577287893,2.5114581536222885e-14,-12.563206743716332,13.407782999900984,1.7759494681814504e-14,20.038150090937332,2.6541816244461647e-14,300000000000000.0,50,52000000000000.0
392215.537,28347336000000.0,4.7323517e+33,18.963369924854124,2.4652665873722656e-14,-12.563206886148997,13.408386435071664,1.7432856134234608e-14,20.039051933343227,2.605365031226461e-14,300000000000000.0,50,52000000000000.0
393215.537,28093346000000.0,4.7915217e+33,18.96415030738566,2.4243838379109404e-14,-12.56320701634333,13.408938273825363,1.714375830534306e-14,20.03987666417372,2.562158951522924e-14,300000000000000.0,50,52000000000000.0
394215.537,27853119000000.0,4.7373578e+33,18.96493068991719,2.3835010884496152e-14,-12.563207146537666,13.409490112579062,1.6854660476451517e-14,20.040701395004213,2.5189528718193875e-14,300000000000000.0,50,52000000000000.0
395215.537,27593366000000.0,4.7034426e+33,18.965711072448723,2.34261833898829e-14,-12.563207276732,13.410041951332762,1.656556264755997e-14,20.041526125834704,2.475746792115851e-14,300000000000000.0,50,52000000000000.0
396215.537,27357399000000.0,4.7514473e+33,18.966491454980257,2.3017355895269645e-14,-12.563207406926333,13.41059379008646,1.6276464818668422e-14,20.042350856665198,2.4325407124123145e-14,300000000000000.0,50,52000000000000.0
397215.537,27138860000000.0,4.732205e+33,18.96727183751179,2.2608528400656393e-14,-12.563207537120668,13.41114562884016,1.5987366989776878e-14,20.04317558749569,2.389334632708778e-14,300000000000000.0,50,52000000000000.0
398215.537,26912944000000.0,4.8129157e+33,18.968052220043326,2.219970090604314e-14,-12.563207667315002,13.411697467593859,1.569826916088533e-14,20.044000318326184,2.3461285530052414e-14,300000000000000.0,50,52000000000000.0
399215.537,26711627000000.0,4.8713475e+33,18.968762544254922,2.193980633759296e-14,-12.563207785769146,13.412199765383566,1.5514487590532743e-14,20.04475100948481,2.3186621372226592e-14,300000000000000.0,50,52000000000000.0
400215.537,26546278000000.0,4.9182193e+33,18.969460730083156,2.1705716055545843e-14,-12.563207902189173,13.412693479650095,1.5348953233662435e-14,20.045488872446562,2.293922793325172e-14,300000000000000.0,50,52000000000000.0
401215.537,26405115000000.0,4.9132162e+33,18.970158915911394,2.1471625773498726e-14,-12.563208018609199,13.413187193916624,1.518341887679213e-14,20.04622673540831,2.2691834494276846e-14,300000000000000.0,50,52000000000000.0
402215.537,26274982000000.0,4.8882882e+33,18.97085710173963,2.1237535491451608e-14,-12.563208135029226,13.413680908183153,1.5017884519921822e-14,20.046964598370064,2.2444441055301973e-14,300000000000000.0,50,52000000000000.0
403215.537,26146701000000.0,4.8332648e+33,18.971555287567867,2.100344520940449e-14,-12.563208251449252,13.414174622449682,1.4852350163051514e-14,20.047702461331813,2.21970476163271e-14,300000000000000.0,50,52000000000000.0
404215.537,26035679000000.0,4.6228605e+33,18.9722534733961,2.0769354927357373e-14,-12.563208367869278,13.414668336716211,1.468681580618121e-14,20.048440324293562,2.194965417735223e-14,300000000000000.0,50,52000000000000.0
405215.537,25897595000000.0,4.8637747e+33,18.97293380747222,2.0561442449747855e-14,-12.563208481293287,13.415149427313445,1.4539792792423578e-14,20.049159321002904,2.1729926202686207e-14,300000000000000.0,50,52000000000000.0
406215.537,25810735000000.0,4.9591421e+33,18.9735841628628,2.0397490708432886e-14,-12.563208589686047,13.415609318814386,1.4423856124160433e-14,20.049846635362826,2.1556657211387053e-14,300000000000000.0,50,52000000000000.0
407215.537,25696977000000.0,4.9995973e+33,18.974234518253382,2.0233538967117917e-14,-12.563208698078805,13.416069210315328,1.4307919455897292e-14,20.050533949722748,2.13833882200879e-14,300000000000000.0,50,52000000000000.0
408215.537,25607522000000.0,4.8900079e+33,18.974884873643962,2.006958722580295e-14,-12.563208806471563,13.41652910181627,1.4191982787634148e-14,20.05122126408267,2.121011922878875e-14,300000000000000.0,50,52000000000000.0
409215.537,25532688000000.0,4.8250712e+33,18.975535229034545,1.9905635484487982e-14,-12.563208914864322,13.416988993317212,1.4076046119371005e-14,20.051908578442596,2.1036850237489596e-14,300000000000000.0,50,52000000000000.0
410215.537,25420339000000.0,4.8542273e+33,18.976185584425128,1.9741683743173013e-14,-12.56320902325708,13.417448884818153,1.3960109451107863e-14,20.05259589280252,2.0863581246190442e-14,300000000000000.0,50,52000000000000.0
411215.537,25290256000000.0,4.7016564e+33,18.976835939815707,1.9577732001858043e-14,-12.563209131649838,13.417908776319095,1.384417278284472e-14,20.05328320716244,2.0690312254891288e-14,300000000000000.0,50,52000000000000.0
412215.537,25164413000000.0,4.4941561e+33,18.977459442577516,1.9417642999492014e-14,-12.563209235530586,13.418349679279327,1.3730967611741674e-14,20.053942142879574,2.0521125524648382e-14,300000000000000.0,50,52000000000000.0
413215.537,25076190000000.0,4.3741202e+33,18.97807575372607,1.9258588507558442e-14,-12.563209338202938,13.418785496769452,1.3618493984329699e-14,20.054593478289664,2.0353032096776282e-14,300000000000000.0,50,52000000000000.0
414215.537,24957190000000.0,4.203494e+33,18.97869206487463,1.909953401562487e-14,-12.563209440875289,13.419221314259577,1.3506020356917724e-14,20.05524481369976,2.0184938668904182e-14,300000000000000.0,50,52000000000000.0
415215.537,24830547000000.0,4.0646714e+33,18.979308376023184,1.89404795236913e-14,-12.56320954354764,13.419657131749702,1.339354672950575e-14,20.055896149109852,2.0016845241032082e-14,300000000000000.0,50,52000000000000.0
416215.537,24717029000000.0,3.9647176e+33,18.979924687171742,1.8781425031757728e-14,-12.563209646219992,13.420092949239825,1.3281073102093775e-14,20.056547484519946,1.9848751813159985e-14,300000000000000.0,50,52000000000000.0
417215.537,24683761000000.0,3.8736263e+33,18.980540998320297,1.8622370539824156e-14,-12.563209748892342,13.42052876672995,1.31685994746818e-14,20.05719881993004,1.9680658385287885e-14,300000000000000.0,50,52000000000000.0
418215.537,24556399000000.0,3.8406684e+33,18.98115404726961,1.8462603315405178e-14,-12.563209851017138,13.420962277391904,1.305562184709093e-14,20.057846707752788,1.9511811721996672e-14,300000000000000.0,50,52000000000000.0
419215.537,24487030000000.0,3.8013438e+33,18.981736793913665,1.82962155765073e-14,-12.563209948055734,13.421374360113349,1.2937962602553914e-14,20.0584625712152,1.9335968315747402e-14,300000000000000.0,50,52000000000000.0
420215.537,24322382000000.0,3.8601947e+33,18.98231954055772,1.8129827837609427e-14,-12.563210045094332,13.421786442834794,1.2820303358016898e-14,20.05907843467761,1.916012490949813e-14,300000000000000.0,50,52000000000000.0
421215.537,24340628000000.0,4.0262681e+33,18.982902287201775,1.7963440098711553e-14,-12.563210142132927,13.422198525556238,1.2702644113479882e-14,20.05969429814002,1.898428150324886e-14,300000000000000.0,50,52000000000000.0
422215.537,24183491000000.0,3.7142995e+33,18.98348503384583,1.7797052359813675e-14,-12.563210239171525,13.422610608277683,1.2584984868942867e-14,20.06031016160243,1.880843809699959e-14,300000000000000.0,50,52000000000000.0
423215.537,24083198000000.0,3.7425041e+33,18.984067780489887,1.76306646209158e-14,-12.56321033621012,13.423022690999128,1.2467325624405851e-14,20.060926025064845,1.863259469075032e-14,300000000000000.0,50,52000000000000.0
424215.537,23919735000000.0,3.6380629e+33,18.98465052713394,1.7464276882017927e-14,-12.563210433248718,13.423434773720572,1.2349666379868837e-14,20.061541888527255,1.845675128450105e-14,300000000000000.0,50,52000000000000.0
425215.537,23759670000000.0,3.5584306e+33,18.985222683273754,1.7287645715331725e-14,-12.563210528512505,13.423839367484376,1.2224763612757431e-14,20.062146559636478,1.8270082331142693e-14,300000000000000.0,50,52000000000000.0
426215.537,23571732000000.0,3.4802021e+33,18.985769746841612,1.708674432099847e-14,-12.563210619571148,13.424226217314166,1.2082698432293787e-14,20.062724712185176,1.805776390788316e-14,300000000000000.0,50,52000000000000.0
427215.537,23412941000000.0,3.3447487e+33,18.986316810409466,1.688584292666521e-14,-12.563210710629793,13.424613067143955,1.1940633251830143e-14,20.063302864733878,1.784544548462362e-14,300000000000000.0,50,52000000000000.0
428215.537,23258433000000.0,3.3671463e+33,18.986863873977324,1.668494153233195e-14,-12.563210801688436,13.424999916973745,1.17985680713665e-14,20.063881017282576,1.7633127061364087e-14,300000000000000.0,50,52000000000000.0
429215.537,23105321000000.0,3.3081577e+33,18.98741093754518,1.6484040137998696e-14,-12.563210892747081,13.425386766803534,1.1656502890902856e-14,20.064459169831274,1.7420808638104553e-14,300000000000000.0,50,52000000000000.0
430215.537,22991097000000.0,3.1623805e+33,18.987958001113036,1.6283138743665437e-14,-12.563210983805725,13.425773616633323,1.1514437710439212e-14,20.065037322379975,1.720849021484502e-14,300000000000000.0,50,52000000000000.0
431215.537,22900165000000.0,3.1055389e+33,18.988505064680893,1.6082237349332178e-14,-12.563211074864368,13.426160466463113,1.1372372529975568e-14,20.065615474928673,1.6996171791585484e-14,300000000000000.0,50,52000000000000.0
432215.537,22797083000000.0,3.0593965e+33,18.989035236170835,1.5906478294175864e-14,-12.56321116309846,13.426535371248391,1.1248086472950957e-14,20.066175775439262,1.6810424520019288e-14,300000000000000.0,50,52000000000000.0
433215.537,22680604000000.0,3.0402636e+33,18.989538514211397,1.5770747720380168e-14,-12.563211246835653,13.426891258630869,1.1152106108017245e-14,20.066707654172152,1.6666980506029956e-14,300000000000000.0,50,52000000000000.0
434215.537,22570082000000.0,3.0550974e+33,18.990041792251958,1.5635017146584475e-14,-12.563211330572846,13.427247146013347,1.1056125743083535e-14,20.067239532905045,1.652353649204062e-14,300000000000000.0,50,52000000000000.0
435215.537,22425422000000.0,3.0732403e+33,18.990545070292516,1.549928657278878e-14,-12.563211414310038,13.427603033395824,1.0960145378149823e-14,20.067771411637935,1.6380092478051287e-14,300000000000000.0,50,52000000000000.0
436215.537,22305680000000.0,3.0164653e+33,18.991048348333077,1.5363555998993086e-14,-12.563211498047231,13.427958920778304,1.0864165013216113e-14,20.068303290370828,1.6236648464061952e-14,300000000000000.0,50,52000000000000.0
437215.537,22255087000000.0,2.9748826e+33,18.99155162637364,1.522782542519739e-14,-12.563211581784424,13.428314808160781,1.0768184648282402e-14,20.068835169103718,1.609320445007262e-14,300000000000000.0,50,52000000000000.0
438215.537,22223983000000.0,2.9773193e+33,18.9920549044142,1.5092094851401697e-14,-12.563211665521617,13.428670695543259,1.067220428334869e-14,20.06936704783661,1.5949760436083283e-14,300000000000000.0,50,52000000000000.0
439215.537,22102209000000.0,2.9780924e+33,18.99254728803223,1.4952748158275982e-14,-12.563211747435536,13.429018879056072,1.0573666822054319e-14,20.06988741302724,1.580249480532957e-14,300000000000000.0,50,52000000000000.0
440215.537,21972518000000.0,2.9646475e+33,18.993020503095824,1.4807038963599356e-14,-12.563211826141437,13.42935350773891,1.0470630192431771e-14,20.070387520332602,1.5648505103722205e-14,300000000000000.0,50,52000000000000.0
441215.537,21888862000000.0,2.9599169e+33,18.99349371815942,1.466132976892273e-14,-12.56321190484734,13.429688136421746,1.0367593562809224e-14,20.070887627637966,1.5494515402114838e-14,300000000000000.0,50,52000000000000.0
442215.537,21771293000000.0,2.9693258e+33,18.993966933223014,1.4515620574246106e-14,-12.56321198355324,13.430022765104583,1.0264556933186676e-14,20.07138773494333,1.5340525700507472e-14,300000000000000.0,50,52000000000000.0
443215.537,21666265000000.0,2.9753439e+33,18.994440148286607,1.436991137956948e-14,-12.56321206225914,13.430357393787421,1.0161520303564129e-14,20.071887842248692,1.5186535998900105e-14,300000000000000.0,50,52000000000000.0
444215.537,21578674000000.0,2.9753592e+33,18.9949133633502,1.4224202184892855e-14,-12.56321214096504,13.430692022470259,1.0058483673941582e-14,20.072387949554056,1.503254629729274e-14,300000000000000.0,50,52000000000000.0
445215.537,21451709000000.0,2.9871245e+33,18.995386578413793,1.407849299021623e-14,-12.563212219670943,13.431026651153095,9.955447044319034e-15,20.07288805685942,1.4878556595685373e-14,300000000000000.0,50,52000000000000.0
446215.537,21342427000000.0,3.0327829e+33,18.995852422074247,1.3931541289095204e-14,-12.563212297144965,13.431356067230531,9.851531791287276e-15,20.073380373852217,1.4723253778924408e-14,300000000000000.0,50,52000000000000.0
447215.537,21253080000000.0,3.0571845e+33,18.996292839095453,1.3780303733230802e-14,-12.563212370369794,13.43166750314401,9.744585847893335e-15,20.073845819235444,1.456342155240867e-14,300000000000000.0,50,52000000000000.0
448215.537,21149307000000.0,3.1006027e+33,18.99673325611666,1.3629066177366398e-14,-12.563212443594622,13.431978939057487,9.637639904499392e-15,20.07431126461867,1.440358932589293e-14,300000000000000.0,50,52000000000000.0
449215.537,21038659000000.0,3.1319261e+33,18.997173673137866,1.3477828621501995e-14,-12.56321251681945,13.432290374970965,9.53069396110545e-15,20.0747767100019,1.424375709937719e-14,300000000000000.0,50,52000000000000.0
450215.537,20909085000000.0,3.1827614e+33,18.99761409015907,1.3326591065637593e-14,-12.563212590044278,13.432601810884442,9.423748017711506e-15,20.075242155385126,1.4083924872861454e-14,300000000000000.0,50,52000000000000.0
451215.537,20770929000000.0,3.1409242e+33,18.99805450718028,1.3175353509773189e-14,-12.563212663269105,13.43291324679792,9.316802074317563e-15,20.075707600768354,1.3924092646345716e-14,300000000000000.0,50,52000000000000.0
452215.537,20617223000000.0,3.0754819e+33,18.998494924201488,1.3024115953908787e-14,-12.563212736493934,13.433224682711396,9.20985613092362e-15,20.07617304615158,1.3764260419829976e-14,300000000000000.0,50,52000000000000.0
453215.537,20513699000000.0,3.0201326e+33,18.998935341222694,1.2872878398044384e-14,-12.563212809718763,13.433536118624874,9.102910187529678e-15,20.07663849153481,1.3604428193314238e-14,300000000000000.0,50,52000000000000.0
454215.537,20466442000000.0,3.0279275e+33,18.99934216447343,1.274052289539334e-14,-12.563212877336174,13.433823799079896,9.009316478088774e-15,20.07706843404905,1.3464551069437859e-14,300000000000000.0,50,52000000000000.0
455215.537,20342771000000.0,3.0585223e+33,18.999747985383713,1.2608730778319072e-14,-12.563212944786276,13.434110770741096,8.916121160493394e-15,20.07749731726089,1.3325269347813719e-14,300000000000000.0,50,52000000000000.0
456215.537,20185038000000.0,3.0903446e+33,19.000153806293994,1.2476938661244805e-14,-12.563213012236378,13.434397742402295,8.822925842898012e-15,20.077926200472728,1.318598762618958e-14,300000000000000.0,50,52000000000000.0
457215.537,20068327000000.0,3.0800924e+33,19.00055962720428,1.2345146544170538e-14,-12.56321307968648,13.434684714063495,8.72973052530263e-15,20.078355083684567,1.304670590456544e-14,300000000000000.0,50,52000000000000.0
458215.537,19918190000000.0,3.0782273e+33,19.00096544811456,1.221335442709627e-14,-12.563213147136583,13.434971685724696,8.636535207707249e-15,20.078783966896406,1.2907424182941298e-14,300000000000000.0,50,52000000000000.0
459215.537,19797435000000.0,3.0561204e+33,19.001371269024844,1.2081562310022003e-14,-12.563213214586685,13.435258657385894,8.543339890111867e-15,20.079212850108245,1.2768142461317158e-14,300000000000000.0,50,52000000000000.0
460215.537,19752026000000.0,3.0598347e+33,19.001777089935125,1.1949770192947736e-14,-12.563213282036788,13.435545629047095,8.450144572516486e-15,20.079641733320084,1.2628860739693018e-14,300000000000000.0,50,52000000000000.0
461215.537,19683027000000.0,3.078855e+33,19.002164548532402,1.182356684162682e-14,-12.563213346423186,13.435819616004578,8.360901289263715e-15,20.08005121070838,1.2495485389312783e-14,300000000000000.0,50,52000000000000.0
462215.537,19572054000000.0,3.1158067e+33,19.002539731208525,1.170109979780151e-14,-12.563213408761378,13.436084922182086,8.274300094835e-15,20.080447714548097,1.2366058678064044e-14,300000000000000.0,50,52000000000000.0
463215.537,19479235000000.0,3.2018014e+33,19.00291491388465,1.15786327539762e-14,-12.56321347109957,13.436350228359595,8.187698900406287e-15,20.080844218387817,1.2236631966815303e-14,300000000000000.0,50,52000000000000.0
464215.537,19382283000000.0,3.2351193e+33,19.00329009656077,1.145616571015089e-14,-12.563213533437763,13.436615534537106,8.101097705977572e-15,20.081240722227538,1.2107205255566562e-14,300000000000000.0,50,52000000000000.0
465215.537,19258635000000.0,3.2586207e+33,19.0036652792369,1.133369866632558e-14,-12.563213595775954,13.436880840714615,8.014496511548858e-15,20.081637226067258,1.1977778544317821e-14,300000000000000.0,50,52000000000000.0
466215.537,19122117000000.0,3.2922111e+33,19.00404046191302,1.1211231622500269e-14,-12.563213658114147,13.437146146892124,7.927895317120143e-15,20.082033729906975,1.1848351833069082e-14,300000000000000.0,50,52000000000000.0
467215.537,19014784000000.0,3.3801508e+33,19.004415644589145,1.108876457867496e-14,-12.563213720452339,13.437411453069632,7.84129412269143e-15,20.082430233746695,1.1718925121820341e-14,300000000000000.0,50,52000000000000.0
468215.537,18942143000000.0,3.3494584e+33,19.004787710246653,1.0970248373627904e-14,-12.563213782270791,13.43767455508244,7.757486719383132e-15,20.08282344343106,1.1593673770961792e-14,300000000000000.0,50,52000000000000.0
469215.537,18848092000000.0,3.2826372e+33,19.005133959474406,1.0884454639759056e-14,-12.563213839784552,13.43791940129693,7.696818642822107e-15,20.083189369566355,1.1503004471585245e-14,300000000000000.0,50,52000000000000.0
470215.537,18766494000000.0,3.2456743e+33,19.00548020870216,1.0798660905890208e-14,-12.563213897298313,13.43816424751142,7.63615056626108e-15,20.083555295701654,1.1412335172208695e-14,300000000000000.0,50,52000000000000.0
471215.537,18700856000000.0,3.2499456e+33,19.005826457929913,1.0712867172021359e-14,-12.563213954812074,13.43840909372591,7.575482489700055e-15,20.08392122183695,1.1321665872832146e-14,300000000000000.0,50,52000000000000.0
472215.537,18622891000000.0,3.2567415e+33,19.006172707157667,1.0627073438152511e-14,-12.563214012325835,13.4386539399404,7.514814413139028e-15,20.084287147972248,1.1230996573455596e-14,300000000000000.0,50,52000000000000.0
473215.537,18573982000000.0,3.1942802e+33,19.00651895638542,1.0541279704283663e-14,-12.563214069839594,13.438898786154889,7.454146336578e-15,20.084653074107543,1.1140327274079047e-14,300000000000000.0,50,52000000000000.0
474215.537,18497255000000.0,3.1153353e+33,19.006865205613174,1.0455485970414815e-14,-12.563214127353355,13.43914363236938,7.393478260016975e-15,20.08501900024284,1.1049657974702497e-14,300000000000000.0,50,52000000000000.0
475215.537,18415598000000.0,2.9794884e+33,19.007211454840927,1.0369692236545966e-14,-12.563214184867116,13.439388478583869,7.332810183455948e-15,20.085384926378136,1.0958988675325948e-14,300000000000000.0,50,52000000000000.0
476215.537,18343071000000.0,2.8281196e+33,19.00754752227809,1.029707034113687e-14,-12.563214240682212,13.439626124859352,7.28145642384118e-15,20.08574009210265,1.0882239754523441e-14,300000000000000.0,50,52000000000000.0
477215.537,18294677000000.0,2.7920938e+33,19.00787317264529,1.0237924657166407e-14,-12.563214294759394,13.439856404820656,7.239632215090381e-15,20.086084248766326,1.0819732882432875e-14,300000000000000.0,50,52000000000000.0
478215.537,18252542000000.0,2.7359568e+33,19.00819882301249,1.0178778973195945e-14,-12.563214348836574,13.44008668478196,7.197808006339583e-15,20.086428405430006,1.075722601034231e-14,300000000000000.0,50,52000000000000.0
479215.537,18202096000000.0,2.7033787e+33,19.008524473379687,1.0119633289225482e-14,-12.563214402913756,13.440316964743264,7.155983797588787e-15,20.08677256209368,1.0694719138251744e-14,300000000000000.0,50,52000000000000.0
480215.537,18145142000000.0,2.6867157e+33,19.008850123746885,1.006048760525502e-14,-12.563214456990936,13.440547244704568,7.114159588837989e-15,20.08711671875736,1.0632212266161178e-14,300000000000000.0,50,52000000000000.0
481215.537,18098031000000.0,2.7123864e+33,19.00917577411408,1.0001341921284557e-14,-12.563214511068118,13.440777524665872,7.0723353800871905e-15,20.087460875421037,1.0569705394070613e-14,300000000000000.0,50,52000000000000.0
482215.537,18044210000000.0,2.7614018e+33,19.00950142448128,9.942196237314095e-15,-12.563214565145298,13.441007804627176,7.0305111713363924e-15,20.087805032084717,1.0507198521980046e-14,300000000000000.0,50,52000000000000.0
483215.537,17983260000000.0,2.8049159e+33,19.009827074848477,9.883050553343632e-15,-12.56321461922248,13.44123808458848,6.988686962585595e-15,20.088149188748393,1.0444691649889481e-14,300000000000000.0,50,52000000000000.0
484215.537,17921491000000.0,2.8098644e+33,19.010141800131073,9.804390124992213e-15,-12.56321467147508,13.441460638998427,6.93306312509814e-15,20.088481799466198,1.0361561037170852e-14,300000000000000.0,50,52000000000000.0
485215.537,17844624000000.0,2.788037e+33,19.010453018802917,9.719466073525658e-15,-12.56321472314205,13.441680713747811,6.873010038021356e-15,20.088810704296183,1.027181084819764e-14,300000000000000.0,50,52000000000000.0
486215.537,17772324000000.0,2.7422594e+33,19.01076423747476,9.634542022059104e-15,-12.563214774809017,13.441900788497195,6.812956950944573e-15,20.08913960912617,1.0182060659224429e-14,300000000000000.0,50,52000000000000.0
487215.537,17692611000000.0,2.669053e+33,19.011075456146607,9.549617970592548e-15,-12.563214826475987,13.44212086324658,6.75290386386779e-15,20.089468513956156,1.0092310470251216e-14,300000000000000.0,50,52000000000000.0
488215.537,17607184000000.0,2.5873566e+33,19.01138667481845,9.464693919125995e-15,-12.563214878142954,13.442340937995963,6.692850776791007e-15,20.08979741878614,1.0002560281278003e-14,300000000000000.0,50,52000000000000.0
489215.537,17522861000000.0,2.5086745e+33,19.011697893490293,9.37976986765944e-15,-12.563214929809922,13.442561012745346,6.632797689714224e-15,20.09012632361613,9.91281009230479e-15,300000000000000.0,50,52000000000000.0
490215.537,17447346000000.0,2.4191783e+33,19.012009112162136,9.294845816192885e-15,-12.563214981476891,13.44278108749473,6.57274460263744e-15,20.090455228446114,9.823059903331578e-15,300000000000000.0,50,52000000000000.0
491215.537,17360966000000.0,2.3125939e+33,19.012320330833983,9.20992176472633e-15,-12.563215033143859,13.443001162244114,6.512691515560657e-15,20.0907841332761,9.733309714358365e-15,300000000000000.0,50,52000000000000.0
492215.537,17265212000000.0,2.2199401e+33,19.012612724915588,9.10689177299791e-15,-12.563215081674578,13.443207925396402,6.439835020305689e-15,20.091093143735737,9.624424650472538e-15,300000000000000.0,50,52000000000000.0
493215.537,17167649000000.0,2.1399117e+33,19.012902884882237,9.001712956176071e-15,-12.563215129833086,13.443413108719449,6.365459008009538e-15,20.091399793118203,9.51326864684114e-15,300000000000000.0,50,52000000000000.0
494215.537,17059012000000.0,2.0659132e+33,19.01319304484889,8.896534139354233e-15,-12.563215177991593,13.443618292042496,6.291082995713387e-15,20.09170644250067,9.402112643209739e-15,300000000000000.0,50,52000000000000.0
495215.537,16951526000000.0,1.994563e+33,19.01348320481554,8.791355322532395e-15,-12.563215226150101,13.44382347536554,6.216706983417237e-15,20.092013091883135,9.29095663957834e-15,300000000000000.0,50,52000000000000.0
496215.537,16846369000000.0,1.9190536e+33,19.013773364782192,8.686176505710557e-15,-12.563215274308607,13.444028658688588,6.142330971121086e-15,20.0923197412656,9.17980063594694e-15,300000000000000.0,50,52000000000000.0
497215.537,16743415000000.0,1.8461073e+33,19.014063524748842,8.580997688888719e-15,-12.563215322467114,13.444233842011634,6.067954958824935e-15,20.092626390648068,9.06864463231554e-15,300000000000000.0,50,52000000000000.0
498215.537,16641715000000.0,1.7712031e+33,19.014353684715495,8.475818872066881e-15,-12.563215370625622,13.444439025334681,5.993578946528784e-15,20.092933040030534,8.95748862868414e-15,300000000000000.0,50,52000000000000.0
499215.537,16548026000000.0,1.7176601e+33,19.014643844682148,8.370640055245043e-15,-12.563215418784129,13.444644208657728,5.919202934232633e-15,20.093239689413,8.846332625052742e-15,300000000000000.0,50,52000000000000.0
500215.537,16469082000000.0,1.6857907e+33,19.014910072514592,8.293890105377384e-15,-12.56321546296093,13.44483246864239,5.8649300736207276e-15,20.093521046626595,8.765221066310997e-15,300000000000000.0,50,52000000000000.0
501215.537,16396766000000.0,1.6656151e+33,19.015173726987,8.220197037506202e-15,-12.56321550670959,13.445018908904569,5.812818852533712e-15,20.09379968423917,8.687340108451988e-15,300000000000000.0,50,52000000000000.0
502215.537,16319777000000.0,1.6398211e+33,19.01543738145941,8.14650396963502e-15,-12.563215550458247,13.445205349166747,5.760707631446697e-15,20.094078321851743,8.609459150592978e-15,300000000000000.0,50,52000000000000.0
503215.537,16229015000000.0,1.6087018e+33,19.01570103593182,8.072810901763837e-15,-12.563215594206905,13.445391789428925,5.7085964103596815e-15,20.094356959464317,8.531578192733967e-15,300000000000000.0,50,52000000000000.0
504215.537,16135015000000.0,1.5988509e+33,19.015964690404225,7.999117833892655e-15,-12.563215637955564,13.445578229691103,5.656485189272665e-15,20.09463559707689,8.453697234874958e-15,300000000000000.0,50,52000000000000.0
505215.537,16047811000000.0,1.5707902e+33,19.016228344876634,7.925424766021472e-15,-12.563215681704223,13.445764669953281,5.60437396818565e-15,20.094914234689462,8.375816277015948e-15,300000000000000.0,50,52000000000000.0
506215.537,15974358000000.0,1.5151111e+33,19.016491999349043,7.85173169815029e-15,-12.563215725452881,13.445951110215459,5.5522627470986346e-15,20.095192872302036,8.297935319156939e-15,300000000000000.0,50,52000000000000.0
507215.537,15942998000000.0,1.4106064e+33,19.016755653821452,7.778038630279108e-15,-12.56321576920154,13.446137550477637,5.5001515260116184e-15,20.09547150991461,8.220054361297929e-15,300000000000000.0,50,52000000000000.0
508215.537,15921310000000.0,1.4427053e+33,19.017004550620904,7.731636680900413e-15,-12.56321581049428,13.446313555017973,5.4673389097609984e-15,20.09573455119311,8.171015441694227e-15,300000000000000.0,50,52000000000000.0
509215.537,15903761000000.0,1.4543794e+33,19.01724933209381,7.692845136276758e-15,-12.56321585110216,13.446486649451595,5.439907904896256e-15,20.095993243275917,8.13001941652681e-15,300000000000000.0,50,52000000000000.0
510215.537,15878737000000.0,1.434963e+33,19.01749411356672,7.654053591653102e-15,-12.563215891710042,13.446659743885217,5.412476900031513e-15,20.096251935358726,8.089023391359393e-15,300000000000000.0,50,52000000000000.0
511215.537,15852439000000.0,1.4126505e+33,19.017738895039628,7.615262047029446e-15,-12.563215932317924,13.44683283831884,5.385045895166771e-15,20.096510627441532,8.048027366191976e-15,300000000000000.0,50,52000000000000.0
512215.537,15810802000000.0,1.3936258e+33,19.017983676512536,7.57647050240579e-15,-12.563215972925805,13.447005932752463,5.357614890302029e-15,20.09676931952434,8.007031341024558e-15,300000000000000.0,50,52000000000000.0
513215.537,15751388000000.0,1.3710532e+33,19.018228457985444,7.537678957782133e-15,-12.563216013533687,13.447179027186085,5.3301838854372856e-15,20.097028011607147,7.966035315857141e-15,300000000000000.0,50,52000000000000.0
514215.537,15697673000000.0,1.3428867e+33,19.018473239458352,7.498887413158477e-15,-12.563216054141568,13.447352121619708,5.302752880572543e-15,20.097286703689957,7.925039290689724e-15,300000000000000.0,50,52000000000000.0
515215.537,15637625000000.0,1.3157034e+33,19.018718020931257,7.460095868534821e-15,-12.56321609474945,13.44752521605333,5.2753218757078e-15,20.097545395772762,7.884043265522307e-15,300000000000000.0,50,52000000000000.0
516215.537,15572498000000.0,1.2984149e+33,19.01895746253574,7.403969773862434e-15,-12.563216134467103,13.447694534459002,5.2356329415646856e-15,20.097798444528333,7.82472759140852e-15,300000000000000.0,50,52000000000000.0
517215.537,15503441000000.0,1.2908446e+33,19.019192147806667,7.332403429436949e-15,-12.56321617339181,13.447860489476847,5.1850256109831405e-15,20.098046466653177,7.749094219152822e-15,300000000000000.0,50,52000000000000.0
518215.537,15427394000000.0,1.2858452e+33,19.01942683307759,7.260837085011464e-15,-12.563216212316519,13.448026444494692,5.134418280401595e-15,20.098294488778016,7.673460846897125e-15,300000000000000.0,50,52000000000000.0
519215.537,15347572000000.0,1.2798483e+33,19.019661518348514,7.18927074058598e-15,-12.563216251241226,13.448192399512537,5.08381094982005e-15,20.098542510902856,7.597827474641428e-15,300000000000000.0,50,52000000000000.0
520215.537,15267905000000.0,1.2722826e+33,19.01989620361944,7.117704396160495e-15,-12.563216290165933,13.448358354530383,5.033203619238504e-15,20.098790533027696,7.522194102385732e-15,300000000000000.0,50,52000000000000.0
521215.537,15189138000000.0,1.2646486e+33,19.020130888890364,7.0461380517350105e-15,-12.56321632909064,13.448524309548228,4.982596288656959e-15,20.099038555152536,7.446560730130034e-15,300000000000000.0,50,52000000000000.0
522215.537,15108928000000.0,1.2584049e+33,19.020365574161286,6.974571707309526e-15,-12.563216368015347,13.448690264566073,4.931988958075413e-15,20.09928657727738,7.370927357874337e-15,300000000000000.0,50,52000000000000.0
523215.537,15029540000000.0,1.2557482e+33,19.02060025943221,6.903005362884042e-15,-12.563216406940054,13.448856219583918,4.881381627493867e-15,20.09953459940222,7.29529398561864e-15,300000000000000.0,50,52000000000000.0
524215.537,14954433000000.0,1.258295e+33,19.020832263902125,6.832596714583742e-15,-12.563216445419076,13.449020278903667,4.83159294870542e-15,20.099779788379408,7.220884100059387e-15,300000000000000.0,50,52000000000000.0
525215.537,14881732000000.0,1.2673914e+33,19.02104801979009,6.7692049691802034e-15,-12.563216481196767,13.449172848222563,4.78676619387392e-15,20.1000078053876,7.153889880111916e-15,300000000000000.0,50,52000000000000.0
526215.537,14814026000000.0,1.2847108e+33,19.02126377567805,6.7058132237766655e-15,-12.563216516974455,13.449325417541461,4.741939439042421e-15,20.100235822395796,7.086895660164445e-15,300000000000000.0,50,52000000000000.0
527215.537,14757845000000.0,1.3167017e+33,19.021479531566012,6.642421478373127e-15,-12.563216552752145,13.449477986860359,4.697112684210921e-15,20.100463839403993,7.019901440216975e-15,300000000000000.0,50,52000000000000.0
528215.537,14701783000000.0,1.3417957e+33,19.021695287453976,6.579029732969588e-15,-12.563216588529833,13.449630556179255,4.652285929379422e-15,20.100691856412187,6.9529072202695034e-15,300000000000000.0,50,52000000000000.0
529215.537,14636909000000.0,1.370255e+33,19.021911043341937,6.515637987566049e-15,-12.563216624307522,13.449783125498152,4.607459174547923e-15,20.10091987342038,6.885913000322033e-15,300000000000000.0,50,52000000000000.0
530215.537,14561994000000.0,1.3922035e+33,19.022126799229902,6.452246242162511e-15,-12.563216660085212,13.44993569481705,4.5626324197164235e-15,20.101147890428578,6.818918780374562e-15,300000000000000.0,50,52000000000000.0
531215.537,14482731000000.0,1.411092e+33,19.022342555117863,6.3888544967589725e-15,-12.5632166958629,13.450088264135948,4.517805664884924e-15,20.101375907436772,6.751924560427091e-15,300000000000000.0,50,52000000000000.0
532215.537,14398775000000.0,1.4210778e+33,19.022558311005824,6.325462751355434e-15,-12.56321673164059,13.450240833454844,4.4729789100534246e-15,20.101603924444966,6.68493034047962e-15,300000000000000.0,50,52000000000000.0
533215.537,14304245000000.0,1.4317071e+33,19.022763537421802,6.265570887866065e-15,-12.563216765668294,13.450385956976877,4.430627057433014e-15,20.1018208136043,6.621634896927702e-15,300000000000000.0,50,52000000000000.0
534215.537,14210998000000.0,1.4521228e+33,19.022962253411446,6.207843019247258e-15,-12.563216798613974,13.450526476724662,4.3898054494955024e-15,20.102030822357815,6.560626425720455e-15,300000000000000.0,50,52000000000000.0
535215.537,14119846000000.0,1.4853468e+33,19.023160969401093,6.150115150628449e-15,-12.563216831559652,13.450666996472446,4.348983841557991e-15,20.10224083111133,6.499617954513209e-15,300000000000000.0,50,52000000000000.0
536215.537,14033218000000.0,1.5230605e+33,19.02335968539074,6.092387282009641e-15,-12.563216864505332,13.450807516220232,4.308162233620479e-15,20.10245083986485,6.438609483305962e-15,300000000000000.0,50,52000000000000.0
537215.537,13960167000000.0,1.55465e+33,19.023558401380388,6.034659413390833e-15,-12.563216897451012,13.450948035968016,4.267340625682968e-15,20.102660848618367,6.377601012098716e-15,300000000000000.0,50,52000000000000.0
538215.537,13906403000000.0,1.5718337e+33,19.02375711737003,5.976931544772025e-15,-12.56321693039669,13.451088555715803,4.226519017745456e-15,20.102870857371887,6.3165925408914695e-15,300000000000000.0,50,52000000000000.0
539215.537,13864037000000.0,1.5670095e+33,19.02395583335968,5.9192036761532166e-15,-12.56321696334237,13.451229075463587,4.1856974098079445e-15,20.103080866125403,6.2555840696842235e-15,300000000000000.0,50,52000000000000.0
540215.537,13836165000000.0,1.5444467e+33,19.024154549349326,5.861475807534409e-15,-12.563216996288048,13.451369595211373,4.144875801870433e-15,20.103290874878923,6.194575598476977e-15,300000000000000.0,50,52000000000000.0
541215.537,13784054000000.0,1.5086609e+33,19.02435326533897,5.8037479389156e-15,-12.563217029233728,13.451510114959158,4.104054193932921e-15,20.10350088363244,6.133567127269731e-15,300000000000000.0,50,52000000000000.0
542215.537,13728839000000.0,1.4755012e+33,19.02453691157211,5.7466555816053645e-15,-12.563217059675706,13.451639978299447,4.063681981377428e-15,20.10369496623403,6.0732302838053674e-15,300000000000000.0,50,52000000000000.0
543215.537,13678279000000.0,1.4416656e+33,19.024719857751126,5.689592746491445e-15,-12.563217090001375,13.451769346604399,4.023330645143902e-15,20.1038883089983,6.01292464029891e-15,300000000000000.0,50,52000000000000.0
544215.537,13625802000000.0,1.4035204e+33,19.024902803930143,5.632529911377525e-15,-12.563217120327044,13.451898714909351,3.982979308910376e-15,20.10408165176257,5.952618996792454e-15,300000000000000.0,50,52000000000000.0
545215.537,13561588000000.0,1.3623177e+33,19.02508575010916,5.575467076263604e-15,-12.563217150652715,13.452028083214303,3.94262797267685e-15,20.10427499452684,5.892313353285997e-15,300000000000000.0,50,52000000000000.0
546215.537,13476491000000.0,1.317599e+33,19.025268696288176,5.518404241149684e-15,-12.563217180978384,13.452157451519255,3.902276636443323e-15,20.10446833729111,5.8320077097795405e-15,300000000000000.0,50,52000000000000.0
547215.537,13382765000000.0,1.2846012e+33,19.025451642467193,5.461341406035764e-15,-12.563217211304053,13.45228681982421,3.861925300209798e-15,20.10466168005538,5.771702066273083e-15,300000000000000.0,50,52000000000000.0
548215.537,13296469000000.0,1.2548412e+33,19.025634588646213,5.404278570921844e-15,-12.563217241629724,13.452416188129162,3.821573963976271e-15,20.10485502281965,5.711396422766627e-15,300000000000000.0,50,52000000000000.0
549215.537,13226356000000.0,1.2220254e+33,19.02581753482523,5.347215735807924e-15,-12.563217271955393,13.452545556434114,3.781222627742745e-15,20.105048365583915,5.65109077926017e-15,300000000000000.0,50,52000000000000.0
550215.537,13162184000000.0,1.1731715e+33,19.025998066750642,5.292907648757348e-15,-12.563217301880155,13.45267321752703,3.742819280291842e-15,20.105239156895617,5.593696432580388e-15,300000000000000.0,50,52000000000000.0
551215.537,13121644000000.0,1.1240415e+33,19.02616517125951,5.2539207150706566e-15,-12.563217329575176,13.452791383574727,3.715250112302512e-15,20.105415757727762,5.552493920559746e-15,300000000000000.0,50,52000000000000.0
552215.537,13077606000000.0,1.0727689e+33,19.026332275768382,5.214933781383965e-15,-12.563217357270196,13.452909549622426,3.687680944313181e-15,20.105592358559903,5.5112914085391055e-15,300000000000000.0,50,52000000000000.0
553215.537,13034469000000.0,1.0337374e+33,19.02649938027725,5.175946847697274e-15,-12.563217384965217,13.453027715670123,3.6601117763238505e-15,20.105768959392044,5.470088896518465e-15,300000000000000.0,50,52000000000000.0
554215.537,12987160000000.0,9.962744e+32,19.02666648478612,5.136959914010582e-15,-12.563217412660238,13.453145881717822,3.6325426083345205e-15,20.10594556022419,5.428886384497824e-15,300000000000000.0,50,52000000000000.0
555215.537,12937600000000.0,9.6268115e+32,19.026833589294988,5.09797298032389e-15,-12.563217440355258,13.453264047765519,3.60497344034519e-15,20.10612216105633,5.3876838724771835e-15,300000000000000.0,50,52000000000000.0
556215.537,12888322000000.0,9.3326315e+32,19.02700069380386,5.0589860466371985e-15,-12.56321746805028,13.453382213813216,3.57740427235586e-15,20.10629876188847,5.346481360456543e-15,300000000000000.0,50,52000000000000.0
557215.537,12833787000000.0,9.1413619e+32,19.02716779831273,5.0199991129505075e-15,-12.5632174957453,13.453500379860914,3.549835104366529e-15,20.106475362720616,5.305278848435902e-15,300000000000000.0,50,52000000000000.0
558215.537,12778405000000.0,8.9792719e+32,19.027334902821597,4.981012179263816e-15,-12.56321752344032,13.453618545908611,3.5222659363771988e-15,20.106651963552757,5.264076336415261e-15,300000000000000.0,50,52000000000000.0
559215.537,12719416000000.0,8.8150053e+32,19.027499741299792,4.9426954577343115e-15,-12.563217550758944,13.453735109558417,3.495170701368646e-15,20.106826169578554,5.223582123945224e-15,300000000000000.0,50,52000000000000.0
560215.537,12662035000000.0,8.6988275e+32,19.02765584629797,4.90696179235743e-15,-12.563217576626899,13.453845497426881,3.4699020454347928e-15,20.10699114581167,5.18581775976646e-15,300000000000000.0,50,52000000000000.0
561215.537,12609844000000.0,8.6144712e+32,19.02781195129615,4.8712281269805485e-15,-12.563217602494852,13.453955885295345,3.4446333895009397e-15,20.107156122044785,5.148053395587695e-15,300000000000000.0,50,52000000000000.0
562215.537,12554241000000.0,8.5767167e+32,19.02796805629433,4.835494461603667e-15,-12.563217628362807,13.454066273163809,3.419364733567086e-15,20.1073210982779,5.110289031408931e-15,300000000000000.0,50,52000000000000.0
563215.537,12504201000000.0,8.6134003e+32,19.02812416129251,4.799760796226785e-15,-12.563217654230762,13.454176661032273,3.394096077633233e-15,20.107486074511016,5.0725246672301656e-15,300000000000000.0,50,52000000000000.0
564215.537,12455946000000.0,8.7574597e+32,19.02828026629069,4.764027130849903e-15,-12.563217680098717,13.454287048900737,3.36882742169938e-15,20.10765105074413,5.0347603030514005e-15,300000000000000.0,50,52000000000000.0
565215.537,12413004000000.0,8.9750186e+32,19.02843637128887,4.728293465473021e-15,-12.56321770596667,13.4543974367692,3.343558765765527e-15,20.107816026977247,4.996995938872636e-15,300000000000000.0,50,52000000000000.0
566215.537,12371185000000.0,9.249816e+32,19.028592476287052,4.69255980009614e-15,-12.563217731834625,13.454507824637664,3.3182901098316738e-15,20.107981003210362,4.959231574693871e-15,300000000000000.0,50,52000000000000.0
567215.537,12332799000000.0,9.5972624e+32,19.02874858128523,4.656826134719258e-15,-12.56321775770258,13.454618212506128,3.2930214538978203e-15,20.108145979443478,4.921467210515106e-15,300000000000000.0,50,52000000000000.0
568215.537,12303826000000.0,9.9684026e+32,19.028903517069605,4.622032246380399e-15,-12.563217783376373,13.45472777357832,3.268417350616457e-15,20.10830972001785,4.884696029688079e-15,300000000000000.0,50,52000000000000.0
569215.537,12276897000000.0,1.0219444e+33,19.02904937644131,4.594533691175599e-15,-12.563217807542934,13.454830916368298,3.2489720592541782e-15,20.108463868378557,4.85563476634251e-15,300000000000000.0,50,52000000000000.0
570215.537,12250676000000.0,1.0384899e+33,19.029195235813013,4.5670351359707985e-15,-12.563217831709492,13.454934059158276,3.229526767891899e-15,20.10861801673926,4.826573502996941e-15,300000000000000.0,50,52000000000000.0
571215.537,12222109000000.0,1.0525703e+33,19.02934109518472,4.539536580765998e-15,-12.563217855876053,13.455037201948254,3.2100814765296202e-15,20.108772165099968,4.797512239651372e-15,300000000000000.0,50,52000000000000.0
572215.537,12185884000000.0,1.0657269e+33,19.029486954556422,4.512038025561198e-15,-12.563217880042613,13.455140344738233,3.1906361851673415e-15,20.10892631346067,4.768450976305803e-15,300000000000000.0,50,52000000000000.0
573215.537,12139734000000.0,1.0729026e+33,19.029632813928128,4.484539470356397e-15,-12.563217904209171,13.455243487528211,3.1711908938050627e-15,20.109080461821378,4.7393897129602344e-15,300000000000000.0,50,52000000000000.0
574215.537,12096687000000.0,1.0756166e+33,19.029778673299834,4.457040915151597e-15,-12.563217928375732,13.45534663031819,3.1517456024427835e-15,20.10923461018208,4.710328449614665e-15,300000000000000.0,50,52000000000000.0
575215.537,12053099000000.0,1.0666876e+33,19.029924532671536,4.429542359946797e-15,-12.563217952542292,13.455449773108167,3.1323003110805047e-15,20.10938875854279,4.681267186269096e-15,300000000000000.0,50,52000000000000.0
576215.537,12004953000000.0,1.0527762e+33,19.030070392043243,4.402043804741997e-15,-12.56321797670885,13.455552915898146,3.112855019718226e-15,20.109542906903492,4.652205922923527e-15,300000000000000.0,50,52000000000000.0
577215.537,11968893000000.0,1.0315126e+33,19.030216251414945,4.374545249537197e-15,-12.56321800087541,13.455656058688124,3.0934097283559468e-15,20.109697055264196,4.623144659577958e-15,300000000000000.0,50,52000000000000.0
578215.537,11935840000000.0,1.0079908e+33,19.03035510489272,4.348971291607893e-15,-12.563218023878377,13.455754247339685,3.0753253942563312e-15,20.109843799594874,4.5961173661332436e-15,300000000000000.0,50,52000000000000.0
579215.537,11899702000000.0,9.8520016e+32,19.030492951590034,4.323673907509918e-15,-12.563218046714132,13.455851724057867,3.057436636223044e-15,20.10998947993103,4.569382363889107e-15,300000000000000.0,50,52000000000000.0
580215.537,11871635000000.0,9.6279348e+32,19.03063079828735,4.298376523411943e-15,-12.563218069549885,13.455949200776049,3.0395478781897573e-15,20.110135160267184,4.542647361644971e-15,300000000000000.0,50,52000000000000.0
581215.537,11838862000000.0,9.4011968e+32,19.03076864498467,4.273079139313968e-15,-12.563218092385638,13.45604667749423,3.0216591201564702e-15,20.11028084060334,4.515912359400834e-15,300000000000000.0,50,52000000000000.0
582215.537,11804320000000.0,9.2316782e+32,19.030906491681982,4.247781755215992e-15,-12.56321811522139,13.456144154212414,3.003770362123183e-15,20.110426520939498,4.489177357156698e-15,300000000000000.0,50,52000000000000.0
583215.537,11771202000000.0,9.0711103e+32,19.0310443383793,4.222484371118017e-15,-12.563218138057143,13.456241630930595,2.985881604089896e-15,20.110572201275655,4.4624423549125614e-15,300000000000000.0,50,52000000000000.0
584215.537,11733628000000.0,8.9226203e+32,19.031182185076613,4.197186987020042e-15,-12.563218160892898,13.456339107648777,2.9679928460566088e-15,20.110717881611812,4.4357073526684255e-15,300000000000000.0,50,52000000000000.0
585215.537,11696292000000.0,8.7696437e+32,19.03132003177393,4.171889602922066e-15,-12.563218183728651,13.456436584366958,2.9501040880233217e-15,20.11086356194797,4.408972350424289e-15,300000000000000.0,50,52000000000000.0
586215.537,11656416000000.0,8.6340033e+32,19.031457878471247,4.146592218824091e-15,-12.563218206564404,13.45653406108514,2.932215329990035e-15,20.111009242284123,4.382237348180152e-15,300000000000000.0,50,52000000000000.0
587215.537,11615832000000.0,8.5091738e+32,19.031592097144735,4.123172496655738e-15,-12.563218228797714,13.456628972287454,2.9156543392756237e-15,20.111151088420478,4.357486712999681e-15,300000000000000.0,50,52000000000000.0
588215.537,11576569000000.0,8.4143943e+32,19.031722452667804,4.10175212477436e-15,-12.563218250389538,13.456721151706793,2.900507166420621e-15,20.111288851868487,4.334849048634462e-15,300000000000000.0,50,52000000000000.0
589215.537,11541803000000.0,8.3708936e+32,19.03185280819087,4.080331752892983e-15,-12.563218271981363,13.456813331126131,2.8853599935656186e-15,20.111426615316493,4.312211384269243e-15,300000000000000.0,50,52000000000000.0
590215.537,11512214000000.0,8.3525541e+32,19.03198316371394,4.0589113810116045e-15,-12.563218293573186,13.45690551054547,2.8702128207106158e-15,20.111564378764502,4.289573719904024e-15,300000000000000.0,50,52000000000000.0
591215.537,11490196000000.0,8.296244e+32,19.032113519237004,4.037491009130227e-15,-12.563218315165011,13.45699768996481,2.8550656478556134e-15,20.11170214221251,4.266936055538805e-15,300000000000000.0,50,52000000000000.0
592215.537,11474681000000.0,8.245317e+32,19.032243874760074,4.016070637248849e-15,-12.563218336756835,13.457089869384149,2.8399184750006107e-15,20.11183990566052,4.244298391173586e-15,300000000000000.0,50,52000000000000.0
593215.537,11454942000000.0,8.1213842e+32,19.03237423028314,3.9946502653674714e-15,-12.563218358348658,13.457182048803487,2.8247713021456083e-15,20.111977669108526,4.221660726808367e-15,300000000000000.0,50,52000000000000.0
594215.537,11426303000000.0,7.9837016e+32,19.03250458580621,3.973229893486094e-15,-12.563218379940484,13.457274228222827,2.8096241292906055e-15,20.112115432556536,4.199023062443148e-15,300000000000000.0,50,52000000000000.0
595215.537,11388248000000.0,7.9057136e+32,19.032634941329274,3.951809521604716e-15,-12.563218401532307,13.457366407642166,2.794476956435603e-15,20.112253196004545,4.1763853980779294e-15,300000000000000.0,50,52000000000000.0
596215.537,11346925000000.0,7.864576e+32,19.032765296852343,3.930389149723338e-15,-12.563218423124132,13.457458587061504,2.7793297835806004e-15,20.112390959452554,4.1537477337127105e-15,300000000000000.0,50,52000000000000.0
597215.537,11305698000000.0,7.8327221e+32,19.03288958296881,3.899499440454846e-15,-12.563218443708106,13.457546474568854,2.757486477228716e-15,20.112522308577308,4.121102602971918e-15,300000000000000.0,50,52000000000000.0
598215.537,11257606000000.0,7.7935804e+32,19.033013492229824,3.8680217706683235e-15,-12.563218464229502,13.457634095587148,2.7352274013294315e-15,20.11265325943039,4.087836098752305e-15,300000000000000.0,50,52000000000000.0
599215.537,11201837000000.0,7.6824284e+32,19.03313740149084,3.836544100881802e-15,-12.563218484750896,13.45772171660544,2.7129683254301472e-15,20.112784210283472,4.054569594532693e-15,300000000000000.0,50,52000000000000.0
600215.537,11147319000000.0,7.5375467e+32,19.033261310751854,3.8050664310952805e-15,-12.563218505272292,13.457809337623733,2.690709249530863e-15,20.112915161136556,4.021303090313081e-15,300000000000000.0,50,52000000000000.0
601215.537,11096324000000.0,7.4106392e+32,19.033385220012867,3.773588761308759e-15,-12.563218525793689,13.457896958642024,2.668450173631578e-15,20.11304611198964,3.988036586093469e-15,300000000000000.0,50,52000000000000.0
602215.537,11041227000000.0,7.3250522e+32,19.03350912927388,3.742111091522237e-15,-12.563218546315083,13.457984579660318,2.646191097732294e-15,20.113177062842723,3.9547700818738564e-15,300000000000000.0,50,52000000000000.0
603215.537,10993707000000.0,7.1981882e+32,19.033633038534894,3.710633421735715e-15,-12.563218566836479,13.45807220067861,2.6239320218330095e-15,20.113308013695804,3.9215035776542445e-15,300000000000000.0,50,52000000000000.0
604215.537,10950126000000.0,7.119339e+32,19.033756947795908,3.679155751949194e-15,-12.563218587357875,13.458159821696903,2.6016729459337248e-15,20.113438964548887,3.8882370734346325e-15,300000000000000.0,50,52000000000000.0
605215.537,10917325000000.0,7.0276008e+32,19.03388085705692,3.647678082162672e-15,-12.56321860787927,13.458247442715196,2.5794138700344404e-15,20.11356991540197,3.8549705692150206e-15,300000000000000.0,50,52000000000000.0
606215.537,10888142000000.0,6.9190554e+32,19.0340024215213,3.6186704848591355e-15,-12.563218628011747,13.458333405637237,2.5589014777327766e-15,20.11369838820672,3.824314508374058e-15,300000000000000.0,50,52000000000000.0
607215.537,10854200000000.0,6.7785755e+32,19.034116703799622,3.597334140207385e-15,-12.563218646936367,13.458414219044295,2.5438137242918655e-15,20.11381916498839,3.801765647151222e-15,300000000000000.0,50,52000000000000.0
608215.537,10824413000000.0,6.6528622e+32,19.03423098607794,3.575997795555634e-15,-12.563218665860987,13.458495032451355,2.528725970850954e-15,20.113939941770056,3.779216785928387e-15,300000000000000.0,50,52000000000000.0
609215.537,10796171000000.0,6.6084534e+32,19.03434526835626,3.554661450903884e-15,-12.563218684785609,13.458575845858412,2.5136382174100425e-15,20.114060718551723,3.756667924705551e-15,300000000000000.0,50,52000000000000.0
610215.537,10782972000000.0,6.4137306e+32,19.034459550634583,3.5333251062521335e-15,-12.563218703710229,13.458656659265472,2.4985504639691314e-15,20.11418149533339,3.734119063482715e-15,300000000000000.0,50,52000000000000.0
611215.537,10764967000000.0,6.1052845e+32,19.0345738329129,3.511988761600383e-15,-12.563218722634849,13.45873747267253,2.48346271052822e-15,20.11430227211506,3.7115702022598795e-15,300000000000000.0,50,52000000000000.0
612215.537,10730681000000.0,5.9175799e+32,19.034688115191223,3.4906524169486328e-15,-12.563218741559469,13.45881828607959,2.4683749570873084e-15,20.11442304889673,3.6890213410370435e-15,300000000000000.0,50,52000000000000.0
613215.537,10680838000000.0,5.8555941e+32,19.034802397469544,3.469316072296882e-15,-12.563218760484089,13.458899099486647,2.4532872036463973e-15,20.114543825678396,3.6664724798142084e-15,300000000000000.0,50,52000000000000.0
614215.537,10633645000000.0,5.9008504e+32,19.034916679747862,3.4479797276451316e-15,-12.56321877940871,13.458979912893707,2.4381994502054858e-15,20.114664602460063,3.6439236185913725e-15,300000000000000.0,50,52000000000000.0
615215.537,10593538000000.0,5.9205585e+32,19.035030962026184,3.426643382993381e-15,-12.56321879833333,13.459060726300764,2.4231116967645743e-15,20.11478537924173,3.6213747573685366e-15,300000000000000.0,50,52000000000000.0
616215.537,10562806000000.0,5.7623508e+32,19.0351426721924,3.40482566527481e-15,-12.563218816831203,13.459139720868004,2.407683545944265e-15,20.114903437741525,3.598317167437847e-15,300000000000000.0,50,52000000000000.0
617215.537,10525928000000.0,5.6441192e+32,19.03525032293215,3.3822482222848997e-15,-12.56321883465556,13.459215844857992,2.391718164212526e-15,20.115017206122957,3.5744566782960225e-15,300000000000000.0,50,52000000000000.0
618215.537,10476841000000.0,5.6154273e+32,19.035357973671903,3.3596707792949898e-15,-12.563218852479919,13.459291968847978,2.3757527824807864e-15,20.11513097450439,3.550596189154198e-15,300000000000000.0,50,52000000000000.0
619215.537,10428883000000.0,5.6770647e+32,19.035465624411653,3.3370933363050798e-15,-12.563218870304278,13.459368092837964,2.3597874007490472e-15,20.115244742885825,3.5267357000123735e-15,300000000000000.0,50,52000000000000.0
620215.537,10395509000000.0,5.7303678e+32,19.035573275151407,3.31451589331517e-15,-12.563218888128636,13.459444216827952,2.3438220190173076e-15,20.115358511267257,3.5028752108705485e-15,300000000000000.0,50,52000000000000.0
621215.537,10369503000000.0,5.5736141e+32,19.035680925891157,3.29193845032526e-15,-12.563218905952994,13.459520340817939,2.3278566372855684e-15,20.11547227964869,3.479014721728724e-15,300000000000000.0,50,52000000000000.0
622215.537,10339317000000.0,5.4269162e+32,19.035788576630907,3.26936100733535e-15,-12.563218923777352,13.459596464807927,2.311891255553829e-15,20.11558604803012,3.4551542325868995e-15,300000000000000.0,50,52000000000000.0
623215.537,10305780000000.0,5.341525e+32,19.03589622737066,3.24678356434544e-15,-12.563218941601711,13.459672588797913,2.2959258738220896e-15,20.115699816411553,3.4312937434450746e-15,300000000000000.0,50,52000000000000.0
624215.537,10269786000000.0,5.3350227e+32,19.03600387811041,3.22420612135553e-15,-12.56321895942607,13.459748712787901,2.27996049209035e-15,20.115813584792985,3.40743325430325e-15,300000000000000.0,50,52000000000000.0
625215.537,10239175000000.0,5.2366495e+32,19.036111528850164,3.20162867836562e-15,-12.563218977250429,13.459824836777887,2.2639951103586104e-15,20.115927353174417,3.3835727651614256e-15,300000000000000.0,50,52000000000000.0
626215.537,10206655000000.0,5.1462956e+32,19.036216527702244,3.1796940105534114e-15,-12.563218994634997,13.459899085515703,2.2484842598193507e-15,20.116038318964918,3.36039157932385e-15,300000000000000.0,50,52000000000000.0
627215.537,10170506000000.0,5.1019008e+32,19.03631704702713,3.158845108522082e-15,-12.563219011276681,13.45997016660687,2.2337411962641816e-15,20.116144550662632,3.3383578620074282e-15,300000000000000.0,50,52000000000000.0
628215.537,10133262000000.0,5.130827e+32,19.036417566352018,3.137996206490752e-15,-12.563219027918363,13.460041247698038,2.2189981327090125e-15,20.11625078236035,3.3163241446910066e-15,300000000000000.0,50,52000000000000.0
629215.537,10103562000000.0,5.0914625e+32,19.036518085676903,3.1171473044594223e-15,-12.563219044560046,13.460112328789206,2.2042550691538435e-15,20.116357014058064,3.294290427374585e-15,300000000000000.0,50,52000000000000.0
630215.537,10075459000000.0,5.0227565e+32,19.036618605001788,3.0962984024280927e-15,-12.56321906120173,13.460183409880372,2.189512005598675e-15,20.116463245755778,3.272256710058163e-15,300000000000000.0,50,52000000000000.0
631215.537,10042427000000.0,4.9885589e+32,19.036719124326677,3.075449500396763e-15,-12.563219077843414,13.46025449097154,2.1747689420435057e-15,20.116569477453496,3.2502229927417413e-15,300000000000000.0,50,52000000000000.0
632215.537,10005251000000.0,5.0585173e+32,19.03681964365156,3.054600598365433e-15,-12.563219094485097,13.460325572062708,2.1600258784883367e-15,20.11667570915121,3.2281892754253197e-15,300000000000000.0,50,52000000000000.0
633215.537,9976622000000.0,5.0431858e+32,19.03692016297645,3.0337516963341036e-15,-12.56321911112678,13.460396653153875,2.1452828149331676e-15,20.116781940848927,3.206155558108898e-15,300000000000000.0,50,52000000000000.0
634215.537,9948592300000.0,4.9617641e+32,19.037020682301335,3.012902794302774e-15,-12.563219127768463,13.460467734245043,2.130539751377999e-15,20.11688817254664,3.1841218407924765e-15,300000000000000.0,50,52000000000000.0
635215.537,9910852300000.0,4.9138329e+32,19.03712120162622,2.9920538922714444e-15,-12.563219144410146,13.46053881533621,2.11579668782283e-15,20.116994404244355,3.162088123476055e-15,300000000000000.0,50,52000000000000.0
636215.537,9863917800000.0,5.0004901e+32,19.037220429584256,2.9712261846624964e-15,-12.563219160837713,13.460608983252019,2.1010686116962264e-15,20.117099271188565,3.140076805083014e-15,300000000000000.0,50,52000000000000.0
637215.537,9826779200000.0,5.0457734e+32,19.037314256371815,2.9504871231946868e-15,-12.56321917636973,13.46067533179166,2.0864032208216203e-15,20.117198430020984,3.1181591706832233e-15,300000000000000.0,50,52000000000000.0
638215.537,9799654200000.0,4.9548129e+32,19.037408083159374,2.929748061726877e-15,-12.563219191901746,13.460741680331298,2.0717378299470138e-15,20.117297588853408,3.096241536283433e-15,300000000000000.0,50,52000000000000.0
639215.537,9768466300000.0,4.8904889e+32,19.037501909946936,2.9090090002590675e-15,-12.563219207433763,13.460808028870938,2.0570724390724073e-15,20.11739674768583,3.0743239018836428e-15,300000000000000.0,50,52000000000000.0
640215.537,9728280100000.0,4.9322126e+32,19.037595736734495,2.888269938791258e-15,-12.56321922296578,13.460874377410578,2.0424070481978012e-15,20.117495906518254,3.0524062674838525e-15,300000000000000.0,50,52000000000000.0
641215.537,9694131800000.0,5.0453753e+32,19.037689563522054,2.867530877323448e-15,-12.563219238497796,13.460940725950218,2.0277416573231948e-15,20.117595065350674,3.0304886330840623e-15,300000000000000.0,50,52000000000000.0
642215.537,9671173500000.0,4.959417e+32,19.037783390309617,2.8467918158556383e-15,-12.563219254029814,13.461007074489858,2.0130762664485883e-15,20.117694224183097,3.008570998684272e-15,300000000000000.0,50,52000000000000.0
643215.537,9646546000000.0,4.8373006e+32,19.037877217097176,2.8260527543878287e-15,-12.56321926956183,13.461073423029498,1.998410875573982e-15,20.11779338301552,2.9866533642844818e-15,300000000000000.0,50,52000000000000.0
644215.537,9602276000000.0,4.7542154e+32,19.037971043884735,2.805313692920019e-15,-12.563219285093847,13.461139771569139,1.9837454846993757e-15,20.11789254184794,2.9647357298846915e-15,300000000000000.0,50,52000000000000.0
645215.537,9553247000000.0,4.8219549e+32,19.038064870672294,2.7845746314522095e-15,-12.563219300625864,13.461206120108779,1.9690800938247692e-15,20.117991700680363,2.9428180954849013e-15,300000000000000.0,50,52000000000000.0
646215.537,9515603600000.0,4.7251216e+32,19.038158697459856,2.7638355699844e-15,-12.56321931615788,13.461272468648419,1.9544147029501628e-15,20.118090859512787,2.920900461085111e-15,300000000000000.0,50,52000000000000.0
647215.537,9482596300000.0,4.5806474e+32,19.03824678367556,2.7426013504118522e-15,-12.563219330738361,13.46133475780812,1.9393991668338477e-15,20.11818395154439,2.8984595296573096e-15,300000000000000.0,50,52000000000000.0
648215.537,9446773200000.0,4.4617991e+32,19.038333844908912,2.721278720079405e-15,-12.563219345148942,13.461396322163234,1.924321112086415e-15,20.118275960345265,2.8759251632489294e-15,300000000000000.0,50,52000000000000.0
649215.537,9402229300000.0,4.4786406e+32,19.038420906142264,2.6999560897469576e-15,-12.563219359559525,13.461457886518348,1.909243057338983e-15,20.118367969146146,2.8533907968405492e-15,300000000000000.0,50,52000000000000.0
650215.537,9362015500000.0,4.4967854e+32,19.03850796737562,2.67863345941451e-15,-12.563219373970108,13.461519450873462,1.8941650025915503e-15,20.118459977947026,2.830856430432169e-15,300000000000000.0,50,52000000000000.0
651215.537,9329359000000.0,4.3406084e+32,19.03859502860897,2.6573108290820625e-15,-12.563219388380691,13.461581015228578,1.8790869478441178e-15,20.118551986747907,2.808322064023789e-15,300000000000000.0,50,52000000000000.0
652215.537,9295247100000.0,4.2147194e+32,19.03868208984232,2.6359881987496152e-15,-12.563219402791272,13.461642579583692,1.8640088930966856e-15,20.118643995548787,2.7857876976154086e-15,300000000000000.0,50,52000000000000.0
653215.537,9251209400000.0,4.1407054e+32,19.038769151075673,2.614665568417168e-15,-12.563219417201855,13.461704143938807,1.848930838349253e-15,20.118736004349667,2.763253331207028e-15,300000000000000.0,50,52000000000000.0
654215.537,9206506500000.0,4.1566796e+32,19.038856212309025,2.5933429380847206e-15,-12.563219431612438,13.461765708293921,1.833852783601821e-15,20.118828013150548,2.740718964798648e-15,300000000000000.0,50,52000000000000.0
655215.537,9172202300000.0,4.1250235e+32,19.038943273542376,2.572020307752273e-15,-12.563219446023021,13.461827272649035,1.8187747288543883e-15,20.11892002195143,2.7181845983902677e-15,300000000000000.0,50,52000000000000.0
656215.537,9137928700000.0,4.0479301e+32,19.039030334775727,2.5506976774198255e-15,-12.563219460433602,13.461888837004151,1.8036966741069557e-15,20.11901203075231,2.6956502319818875e-15,300000000000000.0,50,52000000000000.0
657215.537,9105719900000.0,3.9894981e+32,19.03911502223084,2.5304660857516004e-15,-12.563219474450845,13.461948722769067,1.7893901349183754e-15,20.11910153087636,2.6742689065046936e-15,300000000000000.0,50,52000000000000.0
658215.537,9064866700000.0,3.9429593e+32,19.039195014403298,2.5123925452547628e-15,-12.563219487690066,13.462005288318428,1.776609637024318e-15,20.119186068891228,2.6551682713584686e-15,300000000000000.0,50,52000000000000.0
659215.537,9032168100000.0,3.9250969e+32,19.039275006575753,2.494319004757925e-15,-12.563219500929288,13.46206185386779,1.7638291391302604e-15,20.1192706069061,2.6360676362122432e-15,300000000000000.0,50,52000000000000.0
660215.537,8998731300000.0,3.8857687e+32,19.03935499874821,2.4762454642610878e-15,-12.56321951416851,13.46211841941715,1.751048641236203e-15,20.11935514492097,2.6169670010660183e-15,300000000000000.0,50,52000000000000.0
661215.537,8965698200000.0,3.8489279e+32,19.039434990920668,2.45817192376425e-15,-12.563219527407732,13.46217498496651,1.7382681433421456e-15,20.11943968293584,2.5978663659197933e-15,300000000000000.0,50,52000000000000.0
662215.537,8931186900000.0,3.811544e+32,19.039514983093124,2.4400983832674124e-15,-12.563219540646955,13.46223155051587,1.7254876454480882e-15,20.119524220950712,2.578765730773568e-15,300000000000000.0,50,52000000000000.0
663215.537,8899276800000.0,3.7854115e+32,19.03959497526558,2.4220248427705747e-15,-12.563219553886176,13.462288116065231,1.7127071475540308e-15,20.119608758965583,2.559665095627343e-15,300000000000000.0,50,52000000000000.0
664215.537,8867984100000.0,3.7628327e+32,19.039674967438035,2.4039513022737374e-15,-12.563219567125397,13.462344681614592,1.6999266496599733e-15,20.119693296980454,2.540564460481118e-15,300000000000000.0,50,52000000000000.0
665215.537,8835701700000.0,3.7379006e+32,19.039754959610494,2.3858777617768998e-15,-12.56321958036462,13.462401247163953,1.6871461517659157e-15,20.119777834995325,2.5214638253348926e-15,300000000000000.0,50,52000000000000.0
666215.537,8804430600000.0,3.7120672e+32,19.03983495178295,2.367804221280062e-15,-12.563219593603842,13.462457812713314,1.6743656538718583e-15,20.119862373010193,2.5023631901886676e-15,300000000000000.0,50,52000000000000.0
667215.537,8772751700000.0,3.6813897e+32,19.039914943955406,2.3497306807832248e-15,-12.563219606843063,13.462514378262675,1.661585155977801e-15,20.119946911025064,2.4832625550424427e-15,300000000000000.0,50,52000000000000.0
668215.537,8744345400000.0,3.6546289e+32,19.03999096517231,2.3330681462429208e-15,-12.56321961942435,13.462568135796136,1.649802434877748e-15,20.120027252420396,2.465653111448042e-15,300000000000000.0,50,52000000000000.0
669215.537,8720928400000.0,3.6300181e+32,19.040064867996023,2.3171583437284906e-15,-12.563219631654647,13.462620395332028,1.6385519996578807e-15,20.12010535503714,2.448839176641237e-15,300000000000000.0,50,52000000000000.0
670215.537,8693723600000.0,3.5857657e+32,19.04013877081973,2.3012485412140604e-15,-12.563219643884945,13.462672654867918,1.6273015644380133e-15,20.12018345765388,2.4320252418344312e-15,300000000000000.0,50,52000000000000.0
671215.537,8665917600000.0,3.5468025e+32,19.040212673643442,2.2853387386996303e-15,-12.563219656115242,13.462724914403807,1.616051129218146e-15,20.12026156027062,2.4152113070276256e-15,300000000000000.0,50,52000000000000.0
672215.537,8636390700000.0,3.5093921e+32,19.04028657646715,2.2694289361852e-15,-12.563219668345539,13.462777173939697,1.6048006939982788e-15,20.12033966288736,2.3983973722208203e-15,300000000000000.0,50,52000000000000.0
673215.537,8606325000000.0,3.4768402e+32,19.040360479290857,2.25351913367077e-15,-12.563219680575838,13.462829433475587,1.5935502587784114e-15,20.120417765504104,2.3815834374140147e-15,300000000000000.0,50,52000000000000.0
674215.537,8575834100000.0,3.4462772e+32,19.04043438211457,2.2376093311563397e-15,-12.563219692806134,13.462881693011477,1.5822998235585442e-15,20.120495868120845,2.364769502607209e-15,300000000000000.0,50,52000000000000.0
675215.537,8543173400000.0,3.4195834e+32,19.040508284938277,2.221699528641909e-15,-12.563219705036431,13.462933952547367,1.571049388338677e-15,20.120573970737585,2.3479555678004034e-15,300000000000000.0,50,52000000000000.0
676215.537,8507226500000.0,3.3934359e+32,19.040582187761988,2.205789726127479e-15,-12.563219717266728,13.462986212083258,1.5597989531188095e-15,20.120652073354325,2.3311416329935977e-15,300000000000000.0,50,52000000000000.0
677215.537,8471941800000.0,3.3757861e+32,19.040656090585696,2.189879923613049e-15,-12.563219729497026,13.463038471619148,1.5485485178989423e-15,20.12073017597107,2.3143276981867925e-15,300000000000000.0,50,52000000000000.0
678215.537,8439897400000.0,3.3524604e+32,19.040729993409407,2.1739701210986187e-15,-12.563219741727323,13.463090731155038,1.537298082679075e-15,20.12080827858781,2.297513763379987e-15,300000000000000.0,50,52000000000000.0
679215.537,8410696200000.0,3.3256341e+32,19.040799567254517,2.160546912390901e-15,-12.563219753240451,13.46313992950313,1.5278060138828398e-15,20.120881806216023,2.2833277321018445e-15,300000000000000.0,50,52000000000000.0
680215.537,8384733800000.0,3.2992634e+32,19.040868022555312,2.1477662029011327e-15,-12.563219764568275,13.463188336885382,1.5187682810738505e-15,20.120954151734583,2.269820712392642e-15,300000000000000.0,50,52000000000000.0
681215.537,8361904800000.0,3.2741681e+32,19.040936477856107,2.1349854934113643e-15,-12.563219775896098,13.463236744267633,1.509730548264861e-15,20.12102649725314,2.25631369268344e-15,300000000000000.0,50,52000000000000.0
682215.537,8338605700000.0,3.2473107e+32,19.041004933156902,2.1222047839215964e-15,-12.563219787223922,13.463285151649885,1.5006928154558719e-15,20.1210988427717,2.2428066729742376e-15,300000000000000.0,50,52000000000000.0
683215.537,8314803300000.0,3.2199103e+32,19.041073388457697,2.109424074431828e-15,-12.563219798551744,13.463333559032135,1.4916550826468825e-15,20.12117118829026,2.2292996532650356e-15,300000000000000.0,50,52000000000000.0
684215.537,8290578000000.0,3.1918484e+32,19.041141843758492,2.0966433649420596e-15,-12.563219809879568,13.463381966414387,1.4826173498378931e-15,20.12124353380882,2.215792633555833e-15,300000000000000.0,50,52000000000000.0
685215.537,8265692400000.0,3.1652501e+32,19.041210299059287,2.0838626554522912e-15,-12.56321982120739,13.463430373796637,1.473579617028904e-15,20.121315879327376,2.202285613846631e-15,300000000000000.0,50,52000000000000.0
686215.537,8239308500000.0,3.1433604e+32,19.041278754360082,2.0710819459625233e-15,-12.563219832535214,13.463478781178887,1.4645418842199146e-15,20.121388224845937,2.1887785941374286e-15,300000000000000.0,50,52000000000000.0
687215.537,8209961200000.0,3.1458904e+32,19.041347209660877,2.058301236472755e-15,-12.563219843863036,13.46352718856114,1.4555041514109252e-15,20.121460570364494,2.1752715744282266e-15,300000000000000.0,50,52000000000000.0
688215.537,8182337900000.0,3.1562729e+32,19.041415664961672,2.0455205269829865e-15,-12.56321985519086,13.46357559594339,1.446466418601936e-15,20.121532915883055,2.161764554719024e-15,300000000000000.0,50,52000000000000.0
689215.537,8160797800000.0,3.11645e+32,19.041484120262467,2.0327398174932186e-15,-12.563219866518683,13.463624003325641,1.4374286857929466e-15,20.121605261401612,2.148257535009822e-15,300000000000000.0,50,52000000000000.0
690215.537,8138677200000.0,3.0731406e+32,19.041549192796477,2.02073512283063e-15,-12.563219877286095,13.46367001862298,1.428939703044369e-15,20.121674031915383,2.1355706300384436e-15,300000000000000.0,50,52000000000000.0
691215.537,8113640900000.0,3.037827e+32,19.0416132008026,2.0089746334225018e-15,-12.56321988787715,13.463715281151575,1.4206234072644475e-15,20.121741677405605,2.123141808187673e-15,300000000000000.0,50,52000000000000.0
692215.537,8085844200000.0,3.0128214e+32,19.04167720880873,1.997214144014373e-15,-12.563219898468205,13.463760543680172,1.4123071114845258e-15,20.121809322895828,2.1107129863369025e-15,300000000000000.0,50,52000000000000.0
693215.537,8060168700000.0,2.9877191e+32,19.041741216814852,1.9854536546062445e-15,-12.56321990905926,13.463805806208768,1.403990815704604e-15,20.12187696838605,2.098284164486132e-15,300000000000000.0,50,52000000000000.0
694215.537,8039215400000.0,2.9638287e+32,19.041805224820976,1.9736931651981163e-15,-12.563219919650315,13.463851068737364,1.3956745199246824e-15,20.121944613876273,2.085855342635362e-15,300000000000000.0,50,52000000000000.0
695215.537,8021269500000.0,2.944426e+32,19.041869232827104,1.9619326757899876e-15,-12.56321993024137,13.46389633126596,1.3873582241447608e-15,20.122012259366496,2.0734265207845913e-15,300000000000000.0,50,52000000000000.0
696215.537,8000053600000.0,2.9220576e+32,19.041933240833227,1.9501721863818594e-15,-12.563219940832424,13.463941593794557,1.3790419283648391e-15,20.12207990485672,2.0609976989338207e-15,300000000000000.0,50,52000000000000.0
697215.537,7973783100000.0,2.8965489e+32,19.041997248839355,1.9384116969737307e-15,-12.563219951423479,13.463986856323153,1.3707256325849174e-15,20.12214755034694,2.0485688770830502e-15,300000000000000.0,50,52000000000000.0
698215.537,7947575700000.0,2.8781615e+32,19.04206125684548,1.9266512075656025e-15,-12.563219962014534,13.46403211885175,1.3624093368049957e-15,20.122215195837164,2.0361400552322797e-15,300000000000000.0,50,52000000000000.0
699215.537,7922076200000.0,2.861666e+32,19.042125264851602,1.914890718157474e-15,-12.563219972605589,13.464077381380346,1.3540930410250742e-15,20.122282841327387,2.023711233381509e-15,300000000000000.0,50,52000000000000.0
700215.537,7897340900000.0,2.845912e+32,19.04218927285773,1.9031302287493456e-15,-12.563219983196644,13.464122643908942,1.3457767452451525e-15,20.12235048681761,2.0112824115307386e-15,300000000000000.0,50,52000000000000.0
701215.537,7872860800000.0,2.8308569e+32,19.042251005393954,1.8913276253125206e-15,-12.563219993410781,13.464166297364985,1.337430669051818e-15,20.122415727526107,1.9988090824291717e-15,300000000000000.0,50,52000000000000.0
702215.537,7848293300000.0,2.8142193e+32,19.042310854552504,1.8794901646263896e-15,-12.563220003312948,13.46420861901201,1.3290599439866722e-15,20.122478977827164,1.986298915238612e-15,300000000000000.0,50,52000000000000.0
703215.537,7823165500000.0,2.7979265e+32,19.04237070371105,1.8676527039402586e-15,-12.563220013215114,13.464250940659037,1.3206892189215267e-15,20.12254222812822,1.9737887480480523e-15,300000000000000.0,50,52000000000000.0
704215.537,7799389100000.0,2.781956e+32,19.0424305528696,1.8558152432541273e-15,-12.56322002311728,13.464293262306063,1.3123184938563811e-15,20.122605478429275,1.961278580857493e-15,300000000000000.0,50,52000000000000.0
705215.537,7776524100000.0,2.765493e+32,19.042490402028147,1.8439777825679963e-15,-12.563220033019448,13.464335583953089,1.3039477687912356e-15,20.122668728730332,1.9487684136669333e-15,300000000000000.0,50,52000000000000.0
706215.537,7753654900000.0,2.7487381e+32,19.042550251186693,1.8321403218818653e-15,-12.563220042921614,13.464377905600115,1.2955770437260898e-15,20.12273197903139,1.9362582464763736e-15,300000000000000.0,50,52000000000000.0
707215.537,7725109600000.0,2.7182365e+32,19.042610100345243,1.8203028611957344e-15,-12.56322005282378,13.46442022724714,1.2872063186609442e-15,20.122795229332443,1.923748079285814e-15,300000000000000.0,50,52000000000000.0
708215.537,7698496200000.0,2.7015323e+32,19.04266994950379,1.808465400509603e-15,-12.563220062725946,13.464462548894168,1.2788355935957987e-15,20.1228584796335,1.9112379120952543e-15,300000000000000.0,50,52000000000000.0
709215.537,7668092400000.0,2.6800882e+32,19.04272979866234,1.796627939823472e-15,-12.563220072628113,13.464504870541194,1.2704648685306531e-15,20.122921729934557,1.898727744904695e-15,300000000000000.0,50,52000000000000.0
710215.537,7641596400000.0,2.6657595e+32,19.042789647820886,1.784790479137341e-15,-12.56322008253028,13.46454719218822,1.2620941434655074e-15,20.12298498023561,1.8862175777141353e-15,300000000000000.0,50,52000000000000.0
711215.537,7619206900000.0,2.652269e+32,19.042849496979436,1.7729530184512097e-15,-12.563220092432447,13.464589513835246,1.2537234184003618e-15,20.123048230536668,1.8737074105235756e-15,300000000000000.0,50,52000000000000.0
712215.537,7597687600000.0,2.6403359e+32,19.042908702634904,1.7612494649451622e-15,-12.563220102228044,13.464631380436423,1.2454473842738889e-15,20.123110800765254,1.8613387602820977e-15,300000000000000.0,50,52000000000000.0
713215.537,7573508000000.0,2.6174318e+32,19.042964297643206,1.750297254511027e-15,-12.563220111425695,13.464670693809712,1.2377026538512218e-15,20.123169555158594,1.8497641509515283e-15,300000000000000.0,50,52000000000000.0
714215.537,7546874500000.0,2.599388e+32,19.043019892651508,1.739345044076892e-15,-12.563220120623344,13.464710007183001,1.2299579234285547e-15,20.123228309551937,1.8381895416209586e-15,300000000000000.0,50,52000000000000.0
715215.537,7520894600000.0,2.5834847e+32,19.04307548765981,1.7283928336427567e-15,-12.563220129820994,13.46474932055629,1.2222131930058876e-15,20.123287063945277,1.8266149322903892e-15,300000000000000.0,50,52000000000000.0
716215.537,7498050000000.0,2.5687151e+32,19.04313108266811,1.7174406232086216e-15,-12.563220139018643,13.46478863392958,1.2144684625832206e-15,20.123345818338617,1.81504032295982e-15,300000000000000.0,50,52000000000000.0
717215.537,7475967500000.0,2.5483131e+32,19.043186677676413,1.7064884127744865e-15,-12.563220148216294,13.464827947302869,1.2067237321605535e-15,20.123404572731957,1.80346571362925e-15,300000000000000.0,50,52000000000000.0
718215.537,7451168000000.0,2.5247943e+32,19.043242272684715,1.6955362023403513e-15,-12.563220157413943,13.464867260676158,1.1989790017378862e-15,20.123463327125297,1.7918911042986808e-15,300000000000000.0,50,52000000000000.0
719215.537,7425898900000.0,2.5033647e+32,19.043297867693017,1.6845839919062162e-15,-12.563220166611593,13.464906574049447,1.1912342713152191e-15,20.123522081518637,1.7803164949681114e-15,300000000000000.0,50,52000000000000.0
720215.537,7400927300000.0,2.487209e+32,19.04335346270132,1.6736317814720811e-15,-12.563220175809242,13.464945887422736,1.183489540892552e-15,20.123580835911977,1.7687418856375419e-15,300000000000000.0,50,52000000000000.0
721215.537,7376293500000.0,2.4720225e+32,19.043409057709624,1.662679571037946e-15,-12.563220185006893,13.464985200796024,1.175744810469885e-15,20.123639590305316,1.7571672763069723e-15,300000000000000.0,50,52000000000000.0
722215.537,7352406400000.0,2.4568958e+32,19.043464652717926,1.651727360603811e-15,-12.563220194204542,13.465024514169313,1.1680000800472179e-15,20.12369834469866,1.745592666976403e-15,300000000000000.0,50,52000000000000.0
723215.537,7331622700000.0,2.4423501e+32,19.043520247726228,1.6407751501696756e-15,-12.563220203402192,13.465063827542602,1.1602553496245508e-15,20.123757099092,1.7340180576458334e-15,300000000000000.0,50,52000000000000.0
724215.537,7310454300000.0,2.4272767e+32,19.04357356254341,1.6309556916725969e-15,-12.563220212222276,13.465101528504805,1.1533116317887446e-15,20.123813443714127,1.7236405729736264e-15,300000000000000.0,50,52000000000000.0
725215.537,7284513900000.0,2.4026223e+32,19.04362515752658,1.6219906112552389e-15,-12.563220220757584,13.465138013306044,1.1469720776479238e-15,20.12386797076647,1.7141660195022749e-15,300000000000000.0,50,52000000000000.0
726215.537,7257628400000.0,2.3842482e+32,19.043676752509754,1.6130255308378808e-15,-12.563220229292893,13.465174498107283,1.1406325235071033e-15,20.12392249781881,1.7046914660309235e-15,300000000000000.0,50,52000000000000.0
727215.537,7230753200000.0,2.3659064e+32,19.043728347492923,1.6040604504205226e-15,-12.563220237828201,13.465210982908522,1.1342929693662828e-15,20.123977024871152,1.6952169125595721e-15,300000000000000.0,50,52000000000000.0
728215.537,7207053100000.0,2.3502436e+32,19.043779942476093,1.5950953700031646e-15,-12.563220246363509,13.46524746770976,1.127953415225462e-15,20.12403155192349,1.6857423590882206e-15,300000000000000.0,50,52000000000000.0
729215.537,7186465000000.0,2.3344962e+32,19.043831537459265,1.5861302895858064e-15,-12.563220254898816,13.465283952511,1.1216138610846415e-15,20.124086078975832,1.6762678056168692e-15,300000000000000.0,50,52000000000000.0
730215.537,7166872600000.0,2.3211569e+32,19.043883132442435,1.5771652091684483e-15,-12.563220263434124,13.465320437312238,1.1152743069438208e-15,20.124140606028174,1.6667932521455177e-15,300000000000000.0,50,52000000000000.0
731215.537,7147106700000.0,2.3137998e+32,19.043934727425608,1.5682001287510903e-15,-12.563220271969431,13.465356922113477,1.1089347528030003e-15,20.124195133080512,1.6573186986741663e-15,300000000000000.0,50,52000000000000.0
732215.537,7131711200000.0,2.3012914e+32,19.043986322408777,1.559235048333732e-15,-12.563220280504739,13.465393406914714,1.1025951986621796e-15,20.124249660132854,1.6478441452028148e-15,300000000000000.0,50,52000000000000.0
733215.537,7116635700000.0,2.2837369e+32,19.04403791739195,1.550269967916374e-15,-12.563220289040046,13.465429891715953,1.096255644521359e-15,20.124304187185196,1.6383695917314634e-15,300000000000000.0,50,52000000000000.0
734215.537,7101743900000.0,2.264744e+32,19.04408951237512,1.5413048874990158e-15,-12.563220297575354,13.465466376517192,1.0899160903805383e-15,20.124358714237538,1.628895038260112e-15,300000000000000.0,50,52000000000000.0
735215.537,7085881900000.0,2.2461017e+32,19.04414110735829,1.5323398070816578e-15,-12.563220306110662,13.46550286131843,1.0835765362397178e-15,20.124413241289876,1.6194204847887605e-15,300000000000000.0,50,52000000000000.0
736215.537,7069296100000.0,2.2309232e+32,19.044190038777014,1.5251530665346445e-15,-12.56322031420493,13.465537462610516,1.0784945147953098e-15,20.124464953411106,1.6118253317471643e-15,300000000000000.0,50,52000000000000.0
737215.537,7050766700000.0,2.2070613e+32,19.044238306231595,1.5184096244068366e-15,-12.56322032218926,13.46557159438795,1.0737259667570348e-15,20.124515963836036,1.6046986691518868e-15,300000000000000.0,50,52000000000000.0
738215.537,7033346100000.0,2.185496e+32,19.044286573686176,1.5116661822790285e-15,-12.563220330173587,13.46560572616538,1.0689574187187597e-15,20.12456697426096,1.5975720065566094e-15,300000000000000.0,50,52000000000000.0
739215.537,7015344800000.0,2.169372e+32,19.044334841140756,1.5049227401512206e-15,-12.563220338157915,13.465639857942811,1.0641888706804845e-15,20.12461798468589,1.5904453439613322e-15,300000000000000.0,50,52000000000000.0
740215.537,6997026000000.0,2.1505842e+32,19.044383108595337,1.4981792980234127e-15,-12.563220346142245,13.465673989720244,1.0594203226422094e-15,20.124668995110817,1.5833186813660548e-15,300000000000000.0,50,52000000000000.0
741215.537,6978214000000.0,2.1323653e+32,19.044431376049918,1.4914358558956048e-15,-12.563220354126573,13.465708121497675,1.0546517746039344e-15,20.124720005535746,1.5761920187707773e-15,300000000000000.0,50,52000000000000.0
742215.537,6963335100000.0,2.1117529e+32,19.044479643504495,1.484692413767797e-15,-12.563220362110902,13.465742253275106,1.0498832265656594e-15,20.124771015960672,1.5690653561754999e-15,300000000000000.0,50,52000000000000.0
743215.537,6947074500000.0,2.0985492e+32,19.044527910959076,1.477948971639989e-15,-12.56322037009523,13.46577638505254,1.0451146785273843e-15,20.1248220263856,1.5619386935802227e-15,300000000000000.0,50,52000000000000.0
744215.537,6931261800000.0,2.0842379e+32,19.044576178413656,1.4712055295121812e-15,-12.563220378079558,13.46581051682997,1.0403461304891093e-15,20.124873036810527,1.5548120309849452e-15,300000000000000.0,50,52000000000000.0
745215.537,6920446300000.0,2.0671643e+32,19.044624445868237,1.4644620873843733e-15,-12.563220386063888,13.465844648607401,1.035577582450834e-15,20.124924047235456,1.5476853683896678e-15,300000000000000.0,50,52000000000000.0
746215.537,6908917700000.0,2.0547573e+32,19.044672713322818,1.4577186452565654e-15,-12.563220394048216,13.465878780384834,1.030809034412559e-15,20.124975057660382,1.5405587057943906e-15,300000000000000.0,50,52000000000000.0
747215.537,6897720800000.0,2.0502687e+32,19.0447209807774,1.4509752031287575e-15,-12.563220402032545,13.465912912162265,1.026040486374284e-15,20.12502606808531,1.5334320431991132e-15,300000000000000.0,50,52000000000000.0
748215.537,6871612600000.0,2.0488097e+32,19.044767112950552,1.4415731141977757e-15,-12.563220409663273,13.465945533999838,1.019391906750544e-15,20.12507482188373,1.5234956467633591e-15,300000000000000.0,50,52000000000000.0
749215.537,6843826500000.0,2.0653224e+32,19.044812836763604,1.4316625745936331e-15,-12.563220417226377,13.465977867070231,1.0123837820664925e-15,20.12512314411551,1.5130219051409905e-15,300000000000000.0,50,52000000000000.0
750215.537,6812282400000.0,2.0121664e+32,19.04485856057666,1.4217520349894903e-15,-12.563220424789483,13.466010200140625,1.005375657382441e-15,20.125171466347286,1.502548163518622e-15,300000000000000.0,50,52000000000000.0
751215.537,6785562500000.0,2.0043796e+32,19.044904284389713,1.4118414953853477e-15,-12.563220432352587,13.466042533211018,9.983675326983896e-16,20.125219788579063,1.4920744218962534e-15,300000000000000.0,50,52000000000000.0
752215.537,6763628900000.0,2.0046051e+32,19.044950008202765,1.401930955781205e-15,-12.563220439915693,13.466074866281412,9.913594080143382e-16,20.125268110810843,1.4816006802738847e-15,300000000000000.0,50,52000000000000.0
753215.537,6746543400000.0,2.0078854e+32,19.044995732015817,1.3920204161770623e-15,-12.563220447478797,13.466107199351805,9.843512833302868e-16,20.12531643304262,1.4711269386515161e-15,300000000000000.0,50,52000000000000.0
754215.537,6727881000000.0,1.9999721e+32,19.045041455828873,1.3821098765729195e-15,-12.563220455041902,13.466139532422199,9.773431586462353e-16,20.1253647552744,1.4606531970291477e-15,300000000000000.0,50,52000000000000.0
755215.537,6708614100000.0,1.9869917e+32,19.045087179641925,1.372199336968777e-15,-12.563220462605006,13.466171865492594,9.703350339621839e-16,20.125413077506177,1.450179455406779e-15,300000000000000.0,50,52000000000000.0
756215.537,6686259100000.0,1.9694615e+32,19.045132903454977,1.3622887973646341e-15,-12.56322047016811,13.466204198562988,9.633269092781325e-16,20.125461399737958,1.4397057137844104e-15,300000000000000.0,50,52000000000000.0
757215.537,6661977700000.0,1.9539577e+32,19.04517862726803,1.3523782577604915e-15,-12.563220477731216,13.466236531633381,9.563187845940811e-16,20.125509721969735,1.429231972162042e-15,300000000000000.0,50,52000000000000.0
758215.537,6634155300000.0,1.9349504e+32,19.045224351081085,1.3424677181563488e-15,-12.56322048529432,13.466268864703775,9.493106599100295e-16,20.12555804420151,1.4187582305396733e-15,300000000000000.0,50,52000000000000.0
759215.537,6609285500000.0,1.9249581e+32,19.045270074894137,1.3325571785522062e-15,-12.563220492857425,13.466301197774168,9.423025352259782e-16,20.125606366433292,1.4082844889173046e-15,300000000000000.0,50,52000000000000.0
760215.537,6583177100000.0,1.9134964e+32,19.045313200455276,1.3229786568082139e-15,-12.56322049999048,13.46633169352045,9.35529193197511e-16,20.125651942758154,1.3981616332991497e-15,300000000000000.0,50,52000000000000.0
761215.537,6557597000000.0,1.9025536e+32,19.045355125190078,1.3135535827683738e-15,-12.56322050692478,13.466361340116126,9.288643599687146e-16,20.12569625001541,1.3882009456190126e-15,300000000000000.0,50,52000000000000.0
762215.537,6535535400000.0,1.8965299e+32,19.045397049924876,1.3041285087285337e-15,-12.563220513859081,13.466390986711803,9.22199526739918e-16,20.125740557272668,1.3782402579388757e-15,300000000000000.0,50,52000000000000.0
763215.537,6511521000000.0,1.8856643e+32,19.045438974659678,1.2947034346886935e-15,-12.563220520793381,13.466420633307479,9.155346935111215e-16,20.125784864529923,1.3682795702587386e-15,300000000000000.0,50,52000000000000.0
764215.537,6486727400000.0,1.8729274e+32,19.045480899394477,1.2852783606488534e-15,-12.563220527727681,13.466450279903157,9.08869860282325e-16,20.125829171787178,1.3583188825786015e-15,300000000000000.0,50,52000000000000.0
765215.537,6458813700000.0,1.8575831e+32,19.04552282412928,1.2758532866090134e-15,-12.563220534661982,13.466479926498833,9.022050270535286e-16,20.125873479044433,1.3483581948984643e-15,300000000000000.0,50,52000000000000.0
766215.537,6429480400000.0,1.8442974e+32,19.045564748864077,1.2664282125691733e-15,-12.563220541596282,13.466509573094509,8.95540193824732e-16,20.125917786301688,1.3383975072183272e-15,300000000000000.0,50,52000000000000.0
767215.537,6399950700000.0,1.8337556e+32,19.04560667359888,1.257003138529333e-15,-12.563220548530582,13.466539219690185,8.888753605959355e-16,20.125962093558943,1.3284368195381903e-15,300000000000000.0,50,52000000000000.0
768215.537,6374178600000.0,1.8318765e+32,19.045648598333678,1.247578064489493e-15,-12.563220555464882,13.466568866285863,8.822105273671391e-16,20.1260064008162,1.3184761318580532e-15,300000000000000.0,50,52000000000000.0
769215.537,6353912300000.0,1.8282686e+32,19.04569052306848,1.238152990449653e-15,-12.563220562399183,13.46659851288154,8.755456941383426e-16,20.126050708073453,1.308515444177916e-15,300000000000000.0,50,52000000000000.0
770215.537,6337596100000.0,1.8271352e+32,19.045732447803278,1.2287279164098127e-15,-12.563220569333483,13.466628159477215,8.68880860909546e-16,20.12609501533071,1.298554756497779e-15,300000000000000.0,50,52000000000000.0
771215.537,6321681800000.0,1.8177091e+32,19.04577437253808,1.2193028423699726e-15,-12.563220576267783,13.466657806072893,8.622160276807496e-16,20.126139322587964,1.2885940688176418e-15,300000000000000.0,50,52000000000000.0
772215.537,6297414900000.0,1.7923919e+32,19.045815083126143,1.2105395077061197e-15,-12.563220583001153,13.4666865940986,8.560191358785271e-16,20.126182346700237,1.2793327262287484e-15,300000000000000.0,50,52000000000000.0
773215.537,6280258000000.0,1.7932029e+32,19.04585333611711,1.2031156229765427e-15,-12.563220589327807,13.466713644262652,8.507694207682379e-16,20.126222773553646,1.2714869526244046e-15,300000000000000.0,50,52000000000000.0
774215.537,6258186400000.0,1.7822141e+32,19.045891589108077,1.1956917382469655e-15,-12.56322059565446,13.466740694426703,8.455197056579488e-16,20.126263200407053,1.2636411790200608e-15,300000000000000.0,50,52000000000000.0
775215.537,6235794700000.0,1.7711456e+32,19.045929842099046,1.1882678535173885e-15,-12.563220601981115,13.466767744590754,8.402699905476596e-16,20.126303627260462,1.2557954054157167e-15,300000000000000.0,50,52000000000000.0
776215.537,6208613700000.0,1.7575499e+32,19.04596809509001,1.1808439687878114e-15,-12.56322060830777,13.466794794754806,8.350202754373705e-16,20.12634405411387,1.247949631811373e-15,300000000000000.0,50,52000000000000.0
777215.537,6187237600000.0,1.762099e+32,19.04600634808098,1.1734200840582344e-15,-12.563220614634425,13.466821844918856,8.297705603270813e-16,20.12638448096728,1.240103858207029e-15,300000000000000.0,50,52000000000000.0
778215.537,6174666500000.0,1.7740612e+32,19.046044601071944,1.1659961993286574e-15,-12.563220620961078,13.466848895082908,8.245208452167922e-16,20.126424907820688,1.232258084602685e-15,300000000000000.0,50,52000000000000.0
779215.537,6165432600000.0,1.7761203e+32,19.046082854062913,1.1585723145990802e-15,-12.563220627287732,13.46687594524696,8.19271130106503e-16,20.126465334674094,1.2244123109983412e-15,300000000000000.0,50,52000000000000.0
780215.537,6150251700000.0,1.7598421e+32,19.04612110705388,1.1511484298695031e-15,-12.563220633614387,13.46690299541101,8.140214149962139e-16,20.126505761527504,1.2165665373939974e-15,300000000000000.0,50,52000000000000.0
781215.537,6129483500000.0,1.7476708e+32,19.046159360044847,1.1437245451399261e-15,-12.563220639941042,13.466930045575062,8.087716998859247e-16,20.12654618838091,1.2087207637896534e-15,300000000000000.0,50,52000000000000.0
782215.537,6104065100000.0,1.750567e+32,19.046197613035815,1.136300660410349e-15,-12.563220646267695,13.466957095739113,8.035219847756356e-16,20.12658661523432,1.2008749901853096e-15,300000000000000.0,50,52000000000000.0
783215.537,6076479700000.0,1.7797842e+32,19.04623586602678,1.128876775680772e-15,-12.56322065259435,13.466984145903165,7.982722696653464e-16,20.126627042087726,1.1930292165809657e-15,300000000000000.0,50,52000000000000.0
784215.537,6059672800000.0,1.814977e+32,19.04627411901775,1.121452890951195e-15,-12.563220658921004,13.467011196067215,7.930225545550573e-16,20.126667468941136,1.1851834429766217e-15,300000000000000.0,50,52000000000000.0
785215.537,6054134000000.0,1.849529e+32,19.046310089701006,1.1160194607012465e-15,-12.56322066486996,13.467036632323492,7.891803665305791e-16,20.12670548378651,1.179441238542696e-15,300000000000000.0,50,52000000000000.0
786215.537,6041925500000.0,1.8842492e+32,19.04634540351667,1.1111589001954187e-15,-12.56322067071021,13.467061604083373,7.857432767837773e-16,20.12674280443544,1.174304459223854e-15,300000000000000.0,50,52000000000000.0
787215.537,6030643900000.0,1.9201606e+32,19.046380717332337,1.1062983396895907e-15,-12.56322067655046,13.467086575843252,7.823061870369757e-16,20.12678012508437,1.1691676799050115e-15,300000000000000.0,50,52000000000000.0
788215.537,6013092000000.0,1.9536682e+32,19.046416031148002,1.1014377791837629e-15,-12.56322068239071,13.467111547603132,7.78869097290174e-16,20.1268174457333,1.1640309005861693e-15,300000000000000.0,50,52000000000000.0
789215.537,5993385500000.0,1.998037e+32,19.046451344963668,1.0965772186779349e-15,-12.56322068823096,13.467136519363011,7.754320075433724e-16,20.12685476638223,1.158894121267327e-15,300000000000000.0,50,52000000000000.0
790215.537,5983512700000.0,2.0188039e+32,19.046486658779337,1.091716658172107e-15,-12.56322069407121,13.467161491122893,7.719949177965706e-16,20.12689208703116,1.1537573419484846e-15,300000000000000.0,50,52000000000000.0
791215.537,5973646800000.0,2.0353116e+32,19.046521972595002,1.086856097666279e-15,-12.563220699911462,13.467186462882772,7.68557828049769e-16,20.126929407680088,1.1486205626296424e-15,300000000000000.0,50,52000000000000.0
792215.537,5955831000000.0,2.0458248e+32,19.046557286410668,1.0819955371604512e-15,-12.56322070575171,13.467211434642651,7.651207383029673e-16,20.126966728329016,1.1434837833108e-15,300000000000000.0,50,52000000000000.0
793215.537,5936380800000.0,2.0770716e+32,19.046592600226333,1.0771349766546232e-15,-12.563220711591962,13.467236406402533,7.616836485561657e-16,20.12700404897795,1.1383470039919578e-15,300000000000000.0,50,52000000000000.0
794215.537,5920631800000.0,2.0989082e+32,19.046627914042,1.0722744161487952e-15,-12.56322071743221,13.467261378162412,7.582465588093639e-16,20.127041369626877,1.1332102246731155e-15,300000000000000.0,50,52000000000000.0
795215.537,5906708900000.0,2.1054415e+32,19.046663227857668,1.0674138556429674e-15,-12.563220723272462,13.467286349922292,7.548094690625623e-16,20.127078690275805,1.1280734453542733e-15,300000000000000.0,50,52000000000000.0
796215.537,5895386100000.0,2.1019388e+32,19.046698541673333,1.0625532951371394e-15,-12.563220729112713,13.467311321682171,7.513723793157606e-16,20.127116010924738,1.1229366660354309e-15,300000000000000.0,50,52000000000000.0
797215.537,5888231400000.0,2.082818e+32,19.04673381995837,1.0577272417708178e-15,-12.563220734947082,13.467336268316975,7.479596908972935e-16,20.127153294023884,1.1178363548474853e-15,300000000000000.0,50,52000000000000.0
798215.537,5881591400000.0,2.0627383e+32,19.046767178141344,1.0547659804186835e-15,-12.563220740463645,13.467359857173573,7.458656687857069e-16,20.127188547904264,1.1147068091370961e-15,300000000000000.0,50,52000000000000.0
799215.537,5877550800000.0,2.0619444e+32,19.046800536324316,1.0518047190665492e-15,-12.563220745980209,13.46738344603017,7.437716466741204e-16,20.12722380178465,1.1115772634267072e-15,300000000000000.0,50,52000000000000.0
800215.537,5878150400000.0,2.0627999e+32,19.046833894507287,1.0488434577144146e-15,-12.563220751496774,13.467407034886767,7.416776245625338e-16,20.12725905566503,1.1084477177163182e-15,300000000000000.0,50,52000000000000.0
801215.537,5875731600000.0,2.0560331e+32,19.046867252690262,1.0458821963622803e-15,-12.563220757013337,13.467430623743365,7.395836024509473e-16,20.127294309545412,1.105318172005929e-15,300000000000000.0,50,52000000000000.0
802215.537,5867393500000.0,2.0353708e+32,19.046900610873234,1.0429209350101458e-15,-12.5632207625299,13.46745421259996,7.374895803393608e-16,20.127329563425796,1.10218862629554e-15,300000000000000.0,50,52000000000000.0
803215.537,5855504900000.0,2.0018253e+32,19.046933969056205,1.0399596736580114e-15,-12.563220768046465,13.467477801456559,7.353955582277743e-16,20.127364817306177,1.0990590805851511e-15,300000000000000.0,50,52000000000000.0
804215.537,5845297200000.0,1.9917093e+32,19.04696732723918,1.036998412305877e-15,-12.563220773563028,13.467501390313156,7.333015361161877e-16,20.12740007118656,1.0959295348747621e-15,300000000000000.0,50,52000000000000.0
805215.537,5835945500000.0,1.9889448e+32,19.04700068542215,1.0340371509537426e-15,-12.563220779079591,13.467524979169752,7.312075140046012e-16,20.12743532506694,1.092799989164373e-15,300000000000000.0,50,52000000000000.0
806215.537,5823197300000.0,1.9946484e+32,19.047034043605123,1.0310758896016082e-15,-12.563220784596156,13.46754856802635,7.291134918930146e-16,20.127470578947324,1.089670443453984e-15,300000000000000.0,50,52000000000000.0
807215.537,5813465700000.0,2.0204087e+32,19.047067401788095,1.0281146282494737e-15,-12.56322079011272,13.467572156882948,7.270194697814281e-16,20.12750583282771,1.086540897743595e-15,300000000000000.0,50,52000000000000.0
808215.537,5803652300000.0,2.0219844e+32,19.04710075997107,1.0251533668973393e-15,-12.563220795629283,13.467595745739544,7.249254476698415e-16,20.12754108670809,1.0834113520332059e-15,300000000000000.0,50,52000000000000.0
809215.537,5793078300000.0,2.005055e+32,19.04713411815404,1.022192105545205e-15,-12.563220801145848,13.467619334596142,7.22831425558255e-16,20.127576340588472,1.080281806322817e-15,300000000000000.0,50,52000000000000.0
810215.537,5779881100000.0,1.9871562e+32,19.047167412988255,1.0191545213173243e-15,-12.563220806651922,13.467642878656388,7.206834326009974e-16,20.127611527520074,1.0770716004189142e-15,300000000000000.0,50,52000000000000.0
811215.537,5764881800000.0,1.9669005e+32,19.047199560337972,1.0147344425152584e-15,-12.563220811968005,13.467665611286092,7.175578244716844e-16,20.127645501757232,1.0724003347895305e-15,300000000000000.0,50,52000000000000.0
812215.537,5750481800000.0,1.945693e+32,19.047231707687693,1.0103143637131922e-15,-12.563220817284087,13.467688343915796,7.144322163423713e-16,20.127679475994395,1.067729069160147e-15,300000000000000.0,50,52000000000000.0
813215.537,5732735000000.0,1.9216262e+32,19.04726385503741,1.0058942849111262e-15,-12.56322082260017,13.4677110765455,7.113066082130583e-16,20.127713450231557,1.0630578035307633e-15,300000000000000.0,50,52000000000000.0
814215.537,5717399500000.0,1.9064566e+32,19.047296002387128,1.00147420610906e-15,-12.563220827916252,13.467733809175204,7.081810000837453e-16,20.127747424468716,1.0583865379013798e-15,300000000000000.0,50,52000000000000.0
815215.537,5706019600000.0,1.8855411e+32,19.04732814973685,9.97054127306994e-16,-12.563220833232334,13.46775654180491,7.050553919544322e-16,20.127781398705878,1.0537152722719963e-15,300000000000000.0,50,52000000000000.0
816215.537,5695365600000.0,1.8551888e+32,19.047360297086566,9.92634048504928e-16,-12.563220838548418,13.467779274434614,7.019297838251192e-16,20.12781537294304,1.0490440066426126e-15,300000000000000.0,50,52000000000000.0
817215.537,5686190100000.0,1.8317872e+32,19.047392444436287,9.88213969702862e-16,-12.5632208438645,13.467802007064318,6.988041756958062e-16,20.1278493471802,1.044372741013229e-15,300000000000000.0,50,52000000000000.0
818215.537,5678049400000.0,1.7985654e+32,19.047424591786005,9.837938909007958e-16,-12.563220849180583,13.467824739694022,6.956785675664931e-16,20.12788332141736,1.0397014753838454e-15,300000000000000.0,50,52000000000000.0
819215.537,5669466700000.0,1.7536089e+32,19.047456739135722,9.793738120987298e-16,-12.563220854496665,13.467847472323726,6.9255295943718e-16,20.127917295654523,1.0350302097544619e-15,300000000000000.0,50,52000000000000.0
820215.537,5659595700000.0,1.7063885e+32,19.047488886485443,9.749537332966636e-16,-12.563220859812747,13.46787020495343,6.89427351307867e-16,20.127951269891682,1.0303589441250782e-15,300000000000000.0,50,52000000000000.0
821215.537,5648641200000.0,1.6589212e+32,19.04752103383516,9.705336544945977e-16,-12.56322086512883,13.467892937583134,6.86301743178554e-16,20.127985244128844,1.0256876784956946e-15,300000000000000.0,50,52000000000000.0
822215.537,5632136800000.0,1.6025785e+32,19.047553181184878,9.661135756925315e-16,-12.563220870444912,13.467915670212838,6.83176135049241e-16,20.128019218366006,1.0210164128663111e-15,300000000000000.0,50,52000000000000.0
823215.537,5614389200000.0,1.5624078e+32,19.0475853285346,9.616934968904655e-16,-12.563220875760994,13.467938402842542,6.800505269199279e-16,20.128053192603165,1.0163451472369274e-15,300000000000000.0,50,52000000000000.0
824215.537,5603786200000.0,1.5268893e+32,19.047615867669563,9.574240131126735e-16,-12.563220880810938,13.467959998241591,6.770314103488228e-16,20.128085467233003,1.0118330347496585e-15,300000000000000.0,50,52000000000000.0
825215.537,5586897400000.0,1.4776546e+32,19.047646178293682,9.531759273454379e-16,-12.563220885823064,13.467981432051813,6.740274251374533e-16,20.128117500366045,1.0073435362938385e-15,300000000000000.0,50,52000000000000.0
826215.537,5572151600000.0,1.453374e+32,19.0476764889178,9.489278415782022e-16,-12.563220890835192,13.468002865862033,6.710234399260837e-16,20.128149533499087,1.0028540378380186e-15,300000000000000.0,50,52000000000000.0
827215.537,5564348300000.0,1.4177749e+32,19.04770679954192,9.446797558109666e-16,-12.56322089584732,13.468024299672255,6.680194547147142e-16,20.128181566632133,9.983645393821985e-16,300000000000000.0,50,52000000000000.0
828215.537,5548955100000.0,1.3782279e+32,19.04773711016604,9.40431670043731e-16,-12.563220900859447,13.468045733482475,6.650154695033446e-16,20.128213599765175,9.938750409263787e-16,300000000000000.0,50,52000000000000.0
829215.537,5537263200000.0,1.3518509e+32,19.04776742079016,9.361835842764951e-16,-12.563220905871574,13.468067167292697,6.620114842919752e-16,20.128245632898217,9.893855424705588e-16,300000000000000.0,50,52000000000000.0
830215.537,5528201200000.0,1.3345403e+32,19.047797731414278,9.319354985092595e-16,-12.563220910883702,13.468088601102917,6.590074990806056e-16,20.12827766603126,9.848960440147388e-16,300000000000000.0,50,52000000000000.0
831215.537,5514132900000.0,1.30178e+32,19.047828042038397,9.276874127420239e-16,-12.56322091589583,13.468110034913137,6.560035138692361e-16,20.1283096991643,9.80406545558919e-16,300000000000000.0,50,52000000000000.0
832215.537,5497769500000.0,1.2847602e+32,19.047858352662516,9.234393269747882e-16,-12.563220920907956,13.468131468723358,6.529995286578665e-16,20.128341732297347,9.759170471030989e-16,300000000000000.0,50,52000000000000.0
833215.537,5486407400000.0,1.2682403e+32,19.04788866328663,9.191912412075526e-16,-12.563220925920083,13.468152902533578,6.49995543446497e-16,20.12837376543039,9.71427548647279e-16,300000000000000.0,50,52000000000000.0
834215.537,5472650500000.0,1.2440275e+32,19.04791897391075,9.14943155440317e-16,-12.56322093093221,13.4681743363438,6.4699155823512745e-16,20.12840579856343,9.669380501914592e-16,300000000000000.0,50,52000000000000.0
835215.537,5458903600000.0,1.2216486e+32,19.04794928453487,9.106950696730811e-16,-12.563220935944338,13.46819577015402,6.43987573023758e-16,20.128437831696473,9.62448551735639e-16,300000000000000.0,50,52000000000000.0
836215.537,5449700700000.0,1.2031594e+32,19.04797959515899,9.064469839058455e-16,-12.563220940956466,13.468217203964242,6.409835878123885e-16,20.12846986482952,9.579590532798192e-16,300000000000000.0,50,52000000000000.0
837215.537,5439585900000.0,1.1874246e+32,19.048009036521634,9.03470679275109e-16,-12.563220945824755,13.468238023086162,6.38878928050145e-16,20.12850097930219,9.548136094489854e-16,300000000000000.0,50,52000000000000.0
838215.537,5431134000000.0,1.1762202e+32,19.048037553179746,9.018472722604235e-16,-12.563220950540034,13.468258188313863,6.377309543255057e-16,20.128531116520683,9.530979464552792e-16,300000000000000.0,50,52000000000000.0
839215.537,5428398400000.0,1.1697963e+32,19.04806606983786,9.002238652457382e-16,-12.563220955255312,13.468278353541562,6.365829806008664e-16,20.128561253739175,9.51382283461573e-16,300000000000000.0,50,52000000000000.0
840215.537,5427044000000.0,1.1615076e+32,19.048094586495974,8.986004582310527e-16,-12.563220959970591,13.468298518769263,6.354350068762272e-16,20.12859139095767,9.496666204678666e-16,300000000000000.0,50,52000000000000.0
841215.537,5424232600000.0,1.1508371e+32,19.048123103154087,8.969770512163675e-16,-12.563220964685868,13.468318683996962,6.342870331515879e-16,20.128621528176165,9.479509574741604e-16,300000000000000.0,50,52000000000000.0
842215.537,5420872500000.0,1.1365171e+32,19.0481516198122,8.95353644201682e-16,-12.563220969401147,13.468338849224663,6.331390594269486e-16,20.128651665394656,9.462352944804543e-16,300000000000000.0,50,52000000000000.0
843215.537,5415757300000.0,1.1223435e+32,19.04818013647031,8.937302371869967e-16,-12.563220974116426,13.468359014452364,6.319910857023094e-16,20.12868180261315,9.445196314867479e-16,300000000000000.0,50,52000000000000.0
844215.537,5405761900000.0,1.1072781e+32,19.048208653128427,8.921068301723113e-16,-12.563220978831705,13.468379179680063,6.308431119776701e-16,20.128711939831646,9.428039684930417e-16,300000000000000.0,50,52000000000000.0
845215.537,5396501000000.0,1.0944769e+32,19.04823716978654,8.90483423157626e-16,-12.563220983546982,13.468399344907764,6.296951382530308e-16,20.128742077050138,9.410883054993355e-16,300000000000000.0,50,52000000000000.0
846215.537,5390545800000.0,1.0834428e+32,19.04826568644465,8.888600161429405e-16,-12.56322098826226,13.468419510135464,6.285471645283916e-16,20.128772214268633,9.393726425056293e-16,300000000000000.0,50,52000000000000.0
847215.537,5386719600000.0,1.0729251e+32,19.048294203102763,8.872366091282552e-16,-12.56322099297754,13.468439675363165,6.273991908037523e-16,20.128802351487128,9.37656979511923e-16,300000000000000.0,50,52000000000000.0
848215.537,5383878100000.0,1.0624899e+32,19.04832271976088,8.856132021135698e-16,-12.563220997692818,13.468459840590864,6.26251217079113e-16,20.128832488705623,9.359413165182168e-16,300000000000000.0,50,52000000000000.0
849215.537,5381719600000.0,1.0498962e+32,19.04835123641899,8.839897950988844e-16,-12.563221002408095,13.468480005818565,6.251032433544737e-16,20.128862625924114,9.342256535245106e-16,300000000000000.0,50,52000000000000.0
850215.537,5378314400000.0,1.034028e+32,19.048379753077104,8.823663880841991e-16,-12.563221007123374,13.468500171046264,6.239552696298345e-16,20.12889276314261,9.325099905308042e-16,300000000000000.0,50,52000000000000.0
851215.537,5372735900000.0,1.0172686e+32,19.048407659614433,8.795389080967885e-16,-12.563221011737605,13.468519904834022,6.21955849520806e-16,20.128922255567996,9.295218288523474e-16,300000000000000.0,50,52000000000000.0
852215.537,5367583600000.0,1.0026385e+32,19.048435479557778,8.765405349374502e-16,-12.563221016337492,13.468539577387832,6.198355842664659e-16,20.12895165647838,9.263530623920897e-16,300000000000000.0,50,52000000000000.0
853215.537,5363865600000.0,9.8605847e+31,19.048463299501122,8.735421617781117e-16,-12.56322102093738,13.468559249941643,6.177153190121258e-16,20.12898105738877,9.23184295931832e-16,300000000000000.0,50,52000000000000.0
854215.537,5357046500000.0,9.7272247e+31,19.048491119444467,8.705437886187733e-16,-12.563221025537269,13.468578922495453,6.155950537577857e-16,20.129010458299156,9.200155294715745e-16,300000000000000.0,50,52000000000000.0
855215.537,5347929400000.0,9.5522954e+31,19.04851893938781,8.67545415459435e-16,-12.563221030137157,13.468598595049263,6.134747885034457e-16,20.12903985920954,9.168467630113169e-16,300000000000000.0,50,52000000000000.0
856215.537,5338816200000.0,9.4852717e+31,19.048546759331153,8.645470423000966e-16,-12.563221034737044,13.468618267603073,6.113545232491056e-16,20.12906926011993,9.136779965510592e-16,300000000000000.0,50,52000000000000.0
857215.537,5327741300000.0,9.3975676e+31,19.048574579274497,8.615486691407581e-16,-12.563221039336932,13.468637940156885,6.092342579947654e-16,20.129098661030316,9.105092300908017e-16,300000000000000.0,50,52000000000000.0
858215.537,5309456500000.0,9.3795451e+31,19.04860239921784,8.585502959814197e-16,-12.56322104393682,13.468657612710695,6.071139927404254e-16,20.1291280619407,9.07340463630544e-16,300000000000000.0,50,52000000000000.0
859215.537,5291150700000.0,9.4510469e+31,19.048630219161186,8.555519228220814e-16,-12.56322104853671,13.468677285264505,6.049937274860853e-16,20.129157462851087,9.041716971702863e-16,300000000000000.0,50,52000000000000.0
860215.537,5283862000000.0,9.4596746e+31,19.04865803910453,8.525535496627429e-16,-12.563221053136596,13.468696957818317,6.028734622317452e-16,20.129186863761475,9.010029307100288e-16,300000000000000.0,50,52000000000000.0
861215.537,5280898100000.0,9.4069333e+31,19.048685859047875,8.495551765034045e-16,-12.563221057736484,13.468716630372127,6.007531969774052e-16,20.12921626467186,8.97834164249771e-16,300000000000000.0,50,52000000000000.0
862215.537,5271673600000.0,9.3405047e+31,19.04871367899122,8.465568033440662e-16,-12.563221062336373,13.468736302925937,5.986329317230651e-16,20.129245665582246,8.946653977895134e-16,300000000000000.0,50,52000000000000.0
863215.537,5260698700000.0,9.3248215e+31,19.048741498934564,8.435584301847278e-16,-12.56322106693626,13.468755975479748,5.965126664687249e-16,20.129275066492635,8.914966313292557e-16,300000000000000.0,50,52000000000000.0
864215.537,5249237600000.0,9.2078258e+31,19.048769259328118,8.4047100636513e-16,-12.563221071526295,13.468775605923605,5.943294300621467e-16,20.1293044044691,8.882337535897987e-16,300000000000000.0,50,52000000000000.0
865215.537,5237508900000.0,9.1109578e+31,19.048795771535865,8.355170474710245e-16,-12.563221075909778,13.468794353727159,5.90826294802576e-16,20.129332423327128,8.82998268314127e-16,300000000000000.0,50,52000000000000.0
866215.537,5228074100000.0,9.0629508e+31,19.04882228374361,8.305630885769192e-16,-12.56322108029326,13.468813101530712,5.873231595430052e-16,20.129360442185153,8.777627830384553e-16,300000000000000.0,50,52000000000000.0
867215.537,5213363100000.0,9.1011738e+31,19.048848795951354,8.256091296828137e-16,-12.563221084676744,13.468831849334265,5.838200242834343e-16,20.129388461043177,8.725272977627837e-16,300000000000000.0,50,52000000000000.0
868215.537,5197358600000.0,9.1975848e+31,19.0488753081591,8.2065517078870825e-16,-12.563221089060228,13.468850597137818,5.803168890238636e-16,20.129416479901202,8.67291812487112e-16,300000000000000.0,50,52000000000000.0
869215.537,5184318600000.0,9.1838067e+31,19.048901820366847,8.157012118946029e-16,-12.563221093443712,13.468869344941371,5.768137537642928e-16,20.129444498759227,8.620563272114403e-16,300000000000000.0,50,52000000000000.0
870215.537,5172176600000.0,9.129284e+31,19.048928332574594,8.107472530004974e-16,-12.563221097827196,13.468888092744924,5.73310618504722e-16,20.129472517617256,8.568208419357687e-16,300000000000000.0,50,52000000000000.0
871215.537,5156381500000.0,9.1221652e+31,19.048954844782337,8.057932941063921e-16,-12.563221102210678,13.468906840548478,5.6980748324515125e-16,20.12950053647528,8.51585356660097e-16,300000000000000.0,50,52000000000000.0
872215.537,5138624200000.0,9.0920071e+31,19.048981356990083,8.008393352122866e-16,-12.563221106594161,13.468925588352029,5.663043479855804e-16,20.129528555333305,8.463498713844254e-16,300000000000000.0,50,52000000000000.0
873215.537,5117989800000.0,9.0195954e+31,19.04900786919783,7.958853763181813e-16,-12.563221110977645,13.468944336155582,5.628012127260097e-16,20.12955657419133,8.411143861087537e-16,300000000000000.0,50,52000000000000.0
874215.537,5100244500000.0,8.9489297e+31,19.049034381405576,7.909314174240758e-16,-12.563221115361129,13.468963083959135,5.592980774664389e-16,20.129584593049355,8.358789008330821e-16,300000000000000.0,50,52000000000000.0
875215.537,5081009600000.0,8.9409086e+31,19.04906089361332,7.859774585299704e-16,-12.563221119744611,13.468981831762688,5.557949422068681e-16,20.129612611907383,8.306434155574104e-16,300000000000000.0,50,52000000000000.0
876215.537,5064892400000.0,8.9232245e+31,19.049087405821066,7.81023499635865e-16,-12.563221124128095,13.469000579566242,5.522918069472973e-16,20.129640630765408,8.254079302817387e-16,300000000000000.0,50,52000000000000.0
877215.537,5044850200000.0,8.9948166e+31,19.049113918028812,7.760695407417596e-16,-12.563221128511579,13.469019327369795,5.487886716877265e-16,20.129668649623433,8.201724450060671e-16,300000000000000.0,50,52000000000000.0
878215.537,5027817100000.0,9.064791e+31,19.04914043023656,7.711155818476542e-16,-12.563221132895062,13.469038075173348,5.452855364281557e-16,20.129696668481458,8.149369597303954e-16,300000000000000.0,50,52000000000000.0
879215.537,5016842100000.0,9.0195293e+31,19.0491647676682,7.672204077220082e-16,-12.563221136918816,13.469055285108901,5.425311086841558e-16,20.129722388973974,8.10820428443961e-16,300000000000000.0,50,52000000000000.0
880215.537,5005028800000.0,8.9997793e+31,19.049189084073173,7.633354703815428e-16,-12.563221140939092,13.469072480175686,5.397839197654848e-16,20.129748087244902,8.067147156845357e-16,300000000000000.0,50,52000000000000.0
881215.537,4992150600000.0,8.9903102e+31,19.049213400478145,7.594505330410772e-16,-12.563221144959368,13.469089675242474,5.370367308468139e-16,20.129773785515834,8.026090029251106e-16,300000000000000.0,50,52000000000000.0
882215.537,4979188400000.0,8.9546043e+31,19.04923771688312,7.555655957006116e-16,-12.563221148979643,13.469106870309261,5.342895419281429e-16,20.129799483786762,7.985032901656854e-16,300000000000000.0,50,52000000000000.0
883215.537,4965034600000.0,8.8405596e+31,19.049262033288095,7.516806583601461e-16,-12.563221152999919,13.469124065376047,5.31542353009472e-16,20.129825182057694,7.943975774062602e-16,300000000000000.0,50,52000000000000.0
884215.537,4948933800000.0,8.7526641e+31,19.049286349693066,7.477957210196805e-16,-12.563221157020195,13.469141260442834,5.28795164090801e-16,20.129850880328622,7.90291864646835e-16,300000000000000.0,50,52000000000000.0
885215.537,4924712900000.0,8.5391321e+31,19.04931066609804,7.439107836792151e-16,-12.56322116104047,13.46915845550962,5.2604797517213005e-16,20.129876578599553,7.861861518874098e-16,300000000000000.0,50,52000000000000.0
886215.537,4904607400000.0,8.437967e+31,19.049334982503012,7.400258463387495e-16,-12.563221165060746,13.469175650576407,5.233007862534592e-16,20.12990227687048,7.820804391279847e-16,300000000000000.0,50,52000000000000.0
887215.537,4895612500000.0,8.3191071e+31,19.049359298907987,7.361409089982839e-16,-12.563221169081023,13.469192845643192,5.205535973347882e-16,20.129927975141413,7.779747263685595e-16,300000000000000.0,50,52000000000000.0
888215.537,4888258200000.0,8.2217986e+31,19.049383615312962,7.322559716578184e-16,-12.563221173101299,13.46921004070998,5.178064084161172e-16,20.129953673412345,7.738690136091343e-16,300000000000000.0,50,52000000000000.0
889215.537,4878721600000.0,8.1526888e+31,19.049407931717933,7.283710343173529e-16,-12.563221177121575,13.469227235776765,5.150592194974463e-16,20.129979371683273,7.697633008497091e-16,300000000000000.0,50,52000000000000.0
890215.537,4867429600000.0,8.1627517e+31,19.04943224812291,7.244860969768874e-16,-12.56322118114185,13.469244430843553,5.123120305787753e-16,20.130005069954205,7.656575880902839e-16,300000000000000.0,50,52000000000000.0
891215.537,4856232300000.0,8.1440661e+31,19.049456564527883,7.206011596364218e-16,-12.563221185162126,13.469261625910338,5.095648416601044e-16,20.130030768225133,7.615518753308588e-16,300000000000000.0,50,52000000000000.0
892215.537,4846160300000.0,8.1038862e+31,19.049480880932855,7.167162222959563e-16,-12.563221189182402,13.469278820977125,5.068176527414334e-16,20.130056466496065,7.574461625714335e-16,300000000000000.0,50,52000000000000.0
893215.537,4836968000000.0,8.069799e+31,19.04950396060437,7.135021304580821e-16,-12.56322119299811,13.46929514150202,5.045448445298544e-16,20.130080857751746,7.540494184995458e-16,300000000000000.0,50,52000000000000.0
894215.537,4829286000000.0,8.0604201e+31,19.04952652703527,7.105664374590234e-16,-12.563221196728923,13.469311099094693,5.0246890286579e-16,20.130104706600083,7.509468942720253e-16,300000000000000.0,50,52000000000000.0
895215.537,4821827000000.0,8.0353345e+31,19.04954909346617,7.076307444599645e-16,-12.563221200459736,13.469327056687368,5.0039296120172555e-16,20.130128555448422,7.478443700445047e-16,300000000000000.0,50,52000000000000.0
896215.537,4813518000000.0,7.9980054e+31,19.049571659897065,7.046950514609058e-16,-12.56322120419055,13.469343014280042,4.983170195376612e-16,20.13015240429676,7.447418458169841e-16,300000000000000.0,50,52000000000000.0
897215.537,4804434400000.0,7.9542441e+31,19.049594226327965,7.01759358461847e-16,-12.563221207921362,13.469358971872717,4.962410778735967e-16,20.1301762531451,7.416393215894636e-16,300000000000000.0,50,52000000000000.0
898215.537,4794745600000.0,7.8949966e+31,19.049616792758865,6.988236654627881e-16,-12.563221211652177,13.469374929465392,4.941651362095322e-16,20.130200101993434,7.38536797361943e-16,300000000000000.0,50,52000000000000.0
899215.537,4784541700000.0,7.8282279e+31,19.049639359189765,6.958879724637294e-16,-12.56322121538299,13.469390887058067,4.920891945454678e-16,20.130223950841774,7.354342731344225e-16,300000000000000.0,50,52000000000000.0
900215.537,4773024800000.0,7.7576135e+31,19.04966192562066,6.929522794646705e-16,-12.563221219113803,13.469406844650742,4.900132528814034e-16,20.13024779969011,7.323317489069019e-16,300000000000000.0,50,52000000000000.0
901215.537,4762181100000.0,7.6722567e+31,19.04968449205156,6.900165864656118e-16,-12.563221222844616,13.469422802243416,4.879373112173389e-16,20.13027164853845,7.2922922467938135e-16,300000000000000.0,50,52000000000000.0
902215.537,4748907200000.0,7.5663311e+31,19.04970705848246,6.87080893466553e-16,-12.563221226575429,13.46943875983609,4.858613695532745e-16,20.130295497386786,7.261267004518607e-16,300000000000000.0,50,52000000000000.0
903215.537,4736184600000.0,7.4976951e+31,19.04972962491336,6.841452004674941e-16,-12.563221230306242,13.469454717428764,4.8378542788921e-16,20.130319346235126,7.230241762243401e-16,300000000000000.0,50,52000000000000.0
904215.537,4724062800000.0,7.4384421e+31,19.049752191344258,6.812095074684354e-16,-12.563221234037057,13.469470675021439,4.817094862251456e-16,20.130343195083462,7.199216519968196e-16,300000000000000.0,50,52000000000000.0
905215.537,4713351300000.0,7.3470806e+31,19.049774757775157,6.782738144693765e-16,-12.56322123776787,13.469486632614114,4.796335445610812e-16,20.130367043931802,7.16819127769299e-16,300000000000000.0,50,52000000000000.0
906215.537,4703396600000.0,7.2597129e+31,19.049797324206057,6.753381214703178e-16,-12.563221241498683,13.469502590206789,4.775576028970167e-16,20.130390892780138,7.137166035417785e-16,300000000000000.0,50,52000000000000.0
907215.537,4695579600000.0,7.1980657e+31,19.04981963436712,6.725854939088136e-16,-12.563221245187105,13.469518366581184,4.756111138577847e-16,20.13041447079519,7.108075480961114e-16,300000000000000.0,50,52000000000000.0
908215.537,4688534400000.0,7.08471e+31,19.049840856904375,6.706098064995773e-16,-12.563221248695617,13.469533373854869,4.742140291375341e-16,20.130436899378335,7.087195851889383e-16,300000000000000.0,50,52000000000000.0
909215.537,4678761300000.0,7.1131354e+31,19.04986207944163,6.6863411909034095e-16,-12.56322125220413,13.469548381128554,4.728169444172834e-16,20.130459327961482,7.066316222817653e-16,300000000000000.0,50,52000000000000.0
910215.537,4668892000000.0,6.8674526e+31,19.04988330197889,6.666584316811047e-16,-12.563221255712643,13.46956338840224,4.714198596970327e-16,20.130481756544626,7.045436593745922e-16,300000000000000.0,50,52000000000000.0
911215.537,4662412300000.0,6.7689858e+31,19.049904524516148,6.646827442718684e-16,-12.563221259221155,13.469578395675926,4.70022774976782e-16,20.130504185127773,7.024556964674192e-16,300000000000000.0,50,52000000000000.0
912215.537,4661724600000.0,6.5974489e+31,19.049925747053404,6.627070568626321e-16,-12.563221262729668,13.469593402949611,4.686256902565314e-16,20.130526613710916,7.003677335602461e-16,300000000000000.0,50,52000000000000.0
913215.537,4661349400000.0,6.4939437e+31,19.04994696959066,6.607313694533958e-16,-12.56322126623818,13.469608410223296,4.672286055362808e-16,20.130549042294064,6.982797706530731e-16,300000000000000.0,50,52000000000000.0
914215.537,4653779400000.0,6.4287197e+31,19.04996819212792,6.587556820441594e-16,-12.563221269746693,13.469623417496983,4.658315208160301e-16,20.130571470877207,6.961918077459e-16,300000000000000.0,50,52000000000000.0
915215.537,4647305100000.0,6.3527165e+31,19.049989414665177,6.567799946349231e-16,-12.563221273255204,13.469638424770668,4.644344360957795e-16,20.130593899460354,6.94103844838727e-16,300000000000000.0,50,52000000000000.0
916215.537,4641833800000.0,6.3056603e+31,19.050010637202433,6.548043072256868e-16,-12.563221276763716,13.469653432044353,4.630373513755289e-16,20.130616328043498,6.920158819315539e-16,300000000000000.0,50,52000000000000.0
917215.537,4636832100000.0,6.2420466e+31,19.05003185973969,6.528286198164505e-16,-12.563221280272229,13.469668439318038,4.616402666552782e-16,20.13063875662664,6.899279190243809e-16,300000000000000.0,50,52000000000000.0
918215.537,4633799500000.0,6.2240937e+31,19.05005308227695,6.508529324072142e-16,-12.563221283780742,13.469683446591725,4.602431819350276e-16,20.13066118520979,6.878399561172078e-16,300000000000000.0,50,52000000000000.0
919215.537,4624850700000.0,6.1816369e+31,19.050074304814206,6.488772449979778e-16,-12.563221287289254,13.46969845386541,4.588460972147769e-16,20.130683613792932,6.857519932100348e-16,300000000000000.0,50,52000000000000.0
920215.537,4612267400000.0,6.1629503e+31,19.050095527351463,6.469015575887415e-16,-12.563221290797767,13.469713461139095,4.574490124945262e-16,20.13070604237608,6.836640303028618e-16,300000000000000.0,50,52000000000000.0
921215.537,4599652000000.0,6.1348077e+31,19.05011674988872,6.449258701795052e-16,-12.56322129430628,13.46972846841278,4.560519277742756e-16,20.130728470959223,6.815760673956887e-16,300000000000000.0,50,52000000000000.0
922215.537,4590063200000.0,6.0946653e+31,19.05013756931558,6.430362230327903e-16,-12.5632212977481,13.469743190631567,4.54715685440524e-16,20.130750473523783,6.795790342970924e-16,300000000000000.0,50,52000000000000.0
923215.537,4580037300000.0,6.0484244e+31,19.05015787271814,6.412567165979048e-16,-12.563221301104551,13.469757547949682,4.534573278500544e-16,20.13077193073912,6.776984010507239e-16,300000000000000.0,50,52000000000000.0
924215.537,4571224900000.0,6.0327578e+31,19.050178176120706,6.394772101630194e-16,-12.563221304461003,13.469771905267796,4.521989702595848e-16,20.130793387954455,6.758177678043555e-16,300000000000000.0,50,52000000000000.0
925215.537,4562999200000.0,6.0155195e+31,19.050198479523267,6.37697703728134e-16,-12.563221307817454,13.46978626258591,4.509406126691152e-16,20.13081484516979,6.739371345579869e-16,300000000000000.0,50,52000000000000.0
926215.537,4555453400000.0,5.9741485e+31,19.05021878292583,6.359181972932484e-16,-12.563221311173903,13.469800619904024,4.496822550786456e-16,20.130836302385127,6.720565013116185e-16,300000000000000.0,50,52000000000000.0
927215.537,4545917000000.0,5.933559e+31,19.05023908632839,6.34138690858363e-16,-12.563221314530354,13.46981497722214,4.48423897488176e-16,20.130857759600467,6.7017586806525e-16,300000000000000.0,50,52000000000000.0
928215.537,4537068200000.0,5.896468e+31,19.050259389730954,6.323591844234775e-16,-12.563221317886805,13.469829334540254,4.471655398977064e-16,20.130879216815803,6.682952348188815e-16,300000000000000.0,50,52000000000000.0
929215.537,4531657200000.0,5.8728303e+31,19.050279693133515,6.305796779885921e-16,-12.563221321243255,13.469843691858367,4.459071823072368e-16,20.13090067403114,6.66414601572513e-16,300000000000000.0,50,52000000000000.0
930215.537,4526882800000.0,5.8549473e+31,19.050299996536076,6.288001715537066e-16,-12.563221324599706,13.469858049176482,4.446488247167672e-16,20.130922131246475,6.645339683261446e-16,300000000000000.0,50,52000000000000.0
931215.537,4521690100000.0,5.8398839e+31,19.05032029993864,6.270206651188211e-16,-12.563221327956157,13.469872406494597,4.433904671262976e-16,20.13094358846181,6.62653335079776e-16,300000000000000.0,50,52000000000000.0
932215.537,4516038200000.0,5.830329e+31,19.0503406033412,6.252411586839356e-16,-12.563221331312608,13.469886763812712,4.4213210953582804e-16,20.130965045677147,6.607727018334076e-16,300000000000000.0,50,52000000000000.0
933215.537,4511291400000.0,5.819692e+31,19.050360906743762,6.234616522490502e-16,-12.563221334669057,13.469901121130825,4.408737519453584e-16,20.130986502892483,6.588920685870392e-16,300000000000000.0,50,52000000000000.0
934215.537,4507651800000.0,5.8017923e+31,19.050381210146327,6.216821458141647e-16,-12.563221338025508,13.46991547844894,4.3961539435488885e-16,20.13100796010782,6.570114353406707e-16,300000000000000.0,50,52000000000000.0
935215.537,4503991100000.0,5.7841572e+31,19.050401513548888,6.199026393792793e-16,-12.56322134138196,13.469929835767054,4.3835703676441923e-16,20.131029417323155,6.551308020943022e-16,300000000000000.0,50,52000000000000.0
936215.537,4500352700000.0,5.7719795e+31,19.05042181695145,6.181231329443938e-16,-12.56322134473841,13.469944193085167,4.370986791739496e-16,20.13105087453849,6.532501688479337e-16,300000000000000.0,50,52000000000000.0
937215.537,4496298700000.0,5.7531338e+31,19.050441744676615,6.164818075198779e-16,-12.563221348032709,13.469958284747314,4.359380347010169e-16,20.13107193472722,6.515155692400731e-16,300000000000000.0,50,52000000000000.0
938215.537,4490825300000.0,5.729165e+31,19.050461206747663,6.150117581868004e-16,-12.563221351249974,13.469972047127486,4.348985061528355e-16,20.131092502799373,6.499619790976613e-16,300000000000000.0,50,52000000000000.0
939215.537,4484438400000.0,5.6963403e+31,19.05048066881871,6.13541708853723e-16,-12.563221354467236,13.469985809507659,4.3385897760465413e-16,20.131113070871525,6.484083889552496e-16,300000000000000.0,50,52000000000000.0
940215.537,4477711500000.0,5.6605996e+31,19.05050013088976,6.120716595206456e-16,-12.5632213576845,13.469999571887831,4.328194490564727e-16,20.13113363894368,6.468547988128379e-16,300000000000000.0,50,52000000000000.0
941215.537,4470931300000.0,5.6290634e+31,19.050519592960807,6.106016101875682e-16,-12.563221360901762,13.470013334268003,4.3177992050829133e-16,20.131154207015832,6.453012086704261e-16,300000000000000.0,50,52000000000000.0
942215.537,4464173000000.0,5.600243e+31,19.050539055031855,6.091315608544908e-16,-12.563221364119027,13.470027096648176,4.3074039196010996e-16,20.131174775087985,6.437476185280143e-16,300000000000000.0,50,52000000000000.0
943215.537,4458444800000.0,5.5718468e+31,19.050558517102903,6.076615115214133e-16,-12.56322136733629,13.470040859028348,4.297008634119286e-16,20.131195343160137,6.421940283856026e-16,300000000000000.0,50,52000000000000.0
944215.537,4454046700000.0,5.5381858e+31,19.05057797917395,6.06191462188336e-16,-12.563221370553553,13.47005462140852,4.286613348637472e-16,20.131215911232292,6.406404382431909e-16,300000000000000.0,50,52000000000000.0
945215.537,4450019400000.0,5.5031595e+31,19.050597441245003,6.047214128552585e-16,-12.563221373770817,13.470068383788693,4.276218063155658e-16,20.131236479304444,6.390868481007791e-16,300000000000000.0,50,52000000000000.0
946215.537,4444911800000.0,5.4674931e+31,19.05061690331605,6.032513635221812e-16,-12.56322137698808,13.470082146168865,4.265822777673844e-16,20.131257047376597,6.375332579583674e-16,300000000000000.0,50,52000000000000.0
947215.537,4436312000000.0,5.4289469e+31,19.0506363653871,6.017813141891037e-16,-12.563221380205343,13.470095908549037,4.2554274921920303e-16,20.13127761544875,6.359796678159556e-16,300000000000000.0,50,52000000000000.0
948215.537,4427747700000.0,5.4079089e+31,19.050655827458147,6.003112648560263e-16,-12.563221383422606,13.47010967092921,4.2450322067102166e-16,20.131298183520904,6.344260776735438e-16,300000000000000.0,50,52000000000000.0
949215.537,4421318200000.0,5.4020287e+31,19.050675289529195,5.988412155229489e-16,-12.56322138663987,13.470123433309382,4.234636921228403e-16,20.131318751593057,6.328724875311321e-16,300000000000000.0,50,52000000000000.0
950215.537,4418026400000.0,5.4045307e+31,19.050694751600243,5.973711661898714e-16,-12.563221389857134,13.470137195689555,4.2242416357465886e-16,20.13133931966521,6.313188973887204e-16,300000000000000.0,50,52000000000000.0
951215.537,4417325500000.0,5.4059236e+31,19.05071421367129,5.959011168567941e-16,-12.563221393074397,13.470150958069727,4.213846350264775e-16,20.131359887737364,6.297653072463087e-16,300000000000000.0,50,52000000000000.0
952215.537,4415348700000.0,5.3901241e+31,19.050733526959124,5.944187022749653e-16,-12.563221396267044,13.470164615239552,4.203363625353827e-16,20.131380298571163,6.281986491573066e-16,300000000000000.0,50,52000000000000.0
953215.537,4409593700000.0,5.3640394e+31,19.050752282702586,5.928899506463332e-16,-12.56322139936745,13.470177878148261,4.192553233365431e-16,20.13140012017614,6.265830207592593e-16,300000000000000.0,50,52000000000000.0
954215.537,4402687700000.0,5.3488329e+31,19.050771038446047,5.913611990177012e-16,-12.563221402467853,13.47019114105697,4.181742841377035e-16,20.13141994178111,6.249673923612118e-16,300000000000000.0,50,52000000000000.0
955215.537,4397912400000.0,5.3420075e+31,19.05078979418951,5.898324473890691e-16,-12.563221405568257,13.47020440396568,4.1709324493886397e-16,20.131439763386087,6.233517639631644e-16,300000000000000.0,50,52000000000000.0
956215.537,4394574500000.0,5.3273496e+31,19.05080854993297,5.88303695760437e-16,-12.563221408668662,13.470217666874388,4.160122057400244e-16,20.131459584991063,6.217361355651169e-16,300000000000000.0,50,52000000000000.0
957215.537,4389895700000.0,5.2989575e+31,19.05082730567643,5.86774944131805e-16,-12.563221411769065,13.470230929783098,4.149311665411848e-16,20.13147940659604,6.201205071670696e-16,300000000000000.0,50,52000000000000.0
958215.537,4383630800000.0,5.2747123e+31,19.05084606141989,5.852461925031729e-16,-12.56322141486947,13.470244192691807,4.1385012734234525e-16,20.131499228201015,6.185048787690221e-16,300000000000000.0,50,52000000000000.0
959215.537,4376872200000.0,5.2575958e+31,19.05086481716335,5.837174408745408e-16,-12.563221417969874,13.470257455600516,4.1276908814350566e-16,20.131519049805988,6.168892503709746e-16,300000000000000.0,50,52000000000000.0
960215.537,4369591500000.0,5.2433189e+31,19.050883572906812,5.821886892459088e-16,-12.563221421070278,13.470270718509225,4.1168804894466607e-16,20.131538871410964,6.152736219729272e-16,300000000000000.0,50,52000000000000.0
961215.537,4362608100000.0,5.2314475e+31,19.050902328650274,5.806599376172767e-16,-12.563221424170683,13.470283981417932,4.106070097458265e-16,20.13155869301594,6.136579935748797e-16,300000000000000.0,50,52000000000000.0
962215.537,4356483400000.0,5.2202876e+31,19.050921084393735,5.791311859886447e-16,-12.563221427271086,13.470297244326641,4.0952597054698694e-16,20.131578514620916,6.120423651768324e-16,300000000000000.0,50,52000000000000.0
963215.537,4350464500000.0,5.2093048e+31,19.050939840137197,5.776024343600125e-16,-12.563221430371492,13.47031050723535,4.0844493134814735e-16,20.131598336225892,6.104267367787849e-16,300000000000000.0,50,52000000000000.0
964215.537,4344499300000.0,5.2000954e+31,19.050958595880658,5.760736827313804e-16,-12.563221433471895,13.47032377014406,4.0736389214930776e-16,20.131618157830864,6.088111083807375e-16,300000000000000.0,50,52000000000000.0
965215.537,4338703500000.0,5.1868542e+31,19.05097735162412,5.745449311027484e-16,-12.563221436572299,13.470337033052768,4.062828529504682e-16,20.13163797943584,6.0719547998269e-16,300000000000000.0,50,52000000000000.0
966215.537,4333328900000.0,5.1718199e+31,19.05099610736758,5.730161794741163e-16,-12.563221439672704,13.470350295961477,4.0520181375162863e-16,20.131657801040816,6.055798515846427e-16,300000000000000.0,50,52000000000000.0
967215.537,4328463100000.0,5.1505915e+31,19.051014863111043,5.714874278454843e-16,-12.563221442773107,13.470363558870186,4.0412077455278904e-16,20.131677622645793,6.039642231865952e-16,300000000000000.0,50,52000000000000.0
968215.537,4323222000000.0,5.1224102e+31,19.051033076194788,5.698823970738938e-16,-12.563221445783743,13.470376438043294,4.0298579543648234e-16,20.131696870752474,6.022679808175918e-16,300000000000000.0,50,52000000000000.0
969215.537,4317708000000.0,5.1022545e+31,19.051051085458795,5.682487163135929e-16,-12.56322144876066,13.47038917308761,4.018305568106093e-16,20.131715903456637,6.005414603244746e-16,300000000000000.0,50,52000000000000.0
970215.537,4312917100000.0,5.0875105e+31,19.051069094722802,5.66615035553292e-16,-12.563221451737578,13.470401908131928,4.006753181847363e-16,20.1317349361608,5.988149398313573e-16,300000000000000.0,50,52000000000000.0
971215.537,4308495200000.0,5.0730634e+31,19.05108710398681,5.649813547929911e-16,-12.563221454714494,13.470414643176245,3.9952007955886323e-16,20.13175396886496,5.9708841933824e-16,300000000000000.0,50,52000000000000.0
972215.537,4303581800000.0,5.0556114e+31,19.05110511325082,5.633476740326901e-16,-12.56322145769141,13.470427378220561,3.983648409329902e-16,20.131773001569123,5.953618988451227e-16,300000000000000.0,50,52000000000000.0
973215.537,4297418300000.0,5.0340461e+31,19.051123122514827,5.617139932723892e-16,-12.563221460668329,13.470440113264877,3.972096023071171e-16,20.131792034273285,5.936353783520054e-16,300000000000000.0,50,52000000000000.0
974215.537,4290403300000.0,5.0147442e+31,19.051141131778834,5.600803125120883e-16,-12.563221463645245,13.470452848309193,3.960543636812441e-16,20.13181106697745,5.919088578588881e-16,300000000000000.0,50,52000000000000.0
975215.537,4283431400000.0,5.0002288e+31,19.051159141042845,5.584466317517874e-16,-12.563221466622164,13.47046558335351,3.9489912505537106e-16,20.13183009968161,5.901823373657708e-16,300000000000000.0,50,52000000000000.0
976215.537,4276006800000.0,4.9874537e+31,19.051177150306852,5.568129509914864e-16,-12.56322146959908,13.470478318397827,3.93743886429498e-16,20.13184913238577,5.884558168726536e-16,300000000000000.0,50,52000000000000.0
977215.537,4268880100000.0,4.9746888e+31,19.05119515957086,5.551792702311855e-16,-12.563221472575998,13.470491053442144,3.9258864780362495e-16,20.131868165089934,5.867292963795363e-16,300000000000000.0,50,52000000000000.0
978215.537,4261573100000.0,4.9457908e+31,19.051213168834867,5.535455894708846e-16,-12.563221475552915,13.470503788486461,3.9143340917775195e-16,20.131887197794097,5.85002775886419e-16,300000000000000.0,50,52000000000000.0
979215.537,4253642900000.0,4.9077689e+31,19.051231178098877,5.519119087105836e-16,-12.563221478529833,13.470516523530776,3.902781705518789e-16,20.13190623049826,5.832762553933017e-16,300000000000000.0,50,52000000000000.0
980215.537,4247132900000.0,4.8627517e+31,19.051249187362885,5.502782279502827e-16,-12.56322148150675,13.470529258575093,3.8912293192600584e-16,20.131925263202422,5.815497349001844e-16,300000000000000.0,50,52000000000000.0
981215.537,4241563900000.0,4.8098975e+31,19.051267196626892,5.486445471899818e-16,-12.563221484483668,13.47054199361941,3.879676933001328e-16,20.131944295906585,5.798232144070671e-16,300000000000000.0,50,52000000000000.0
982215.537,4235504200000.0,4.7526046e+31,19.051285205890903,5.4701086642968085e-16,-12.563221487460584,13.470554728663727,3.8681245467425973e-16,20.131963328610745,5.780966939139498e-16,300000000000000.0,50,52000000000000.0
983215.537,4228616200000.0,4.7021642e+31,19.05130321515491,5.453771856693798e-16,-12.5632214904375,13.470567463708043,3.856572160483867e-16,20.131982361314908,5.763701734208325e-16,300000000000000.0,50,52000000000000.0
984215.537,4221006700000.0,4.6609708e+31,19.051320420666173,5.433458974178025e-16,-12.563221493281475,13.47057963038782,3.842208138538007e-16,20.132000544590213,5.742234499906016e-16,300000000000000.0,50,52000000000000.0
985215.537,4212926000000.0,4.6281979e+31,19.05133761924024,5.4131117741095555e-16,-12.563221496124301,13.470591792162033,3.8278198493290883e-16,20.132018720534084,5.720730997835234e-16,300000000000000.0,50,52000000000000.0
986215.537,4204242700000.0,4.6079821e+31,19.051354817814303,5.392764574041087e-16,-12.563221498967128,13.470603953936248,3.8134315601201696e-16,20.132036896477956,5.699227495764453e-16,300000000000000.0,50,52000000000000.0
987215.537,4195467200000.0,4.594934e+31,19.051372016388367,5.372417373972618e-16,-12.563221501809954,13.470616115710461,3.799043270911251e-16,20.13205507242183,5.677723993693671e-16,300000000000000.0,50,52000000000000.0
988215.537,4186584700000.0,4.5862666e+31,19.051389214962434,5.35207017390415e-16,-12.56322150465278,13.470628277484677,3.784654981702332e-16,20.132073248365703,5.656220491622889e-16,300000000000000.0,50,52000000000000.0
989215.537,4177129200000.0,4.5807253e+31,19.051406413536498,5.331722973835681e-16,-12.563221507495607,13.47064043925889,3.7702666924934135e-16,20.132091424309575,5.634716989552107e-16,300000000000000.0,50,52000000000000.0
990215.537,4168751500000.0,4.5813934e+31,19.05142361211056,5.311375773767213e-16,-12.563221510338433,13.470652601033105,3.755878403284495e-16,20.13210960025345,5.613213487481325e-16,300000000000000.0,50,52000000000000.0
991215.537,4161349100000.0,4.5862717e+31,19.05144081068463,5.291028573698744e-16,-12.56322151318126,13.470664762807319,3.741490114075576e-16,20.132127776197322,5.591709985410543e-16,300000000000000.0,50,52000000000000.0
992215.537,4153752400000.0,4.6039114e+31,19.051458009258692,5.270681373630276e-16,-12.563221516024086,13.470676924581534,3.727101824866657e-16,20.132145952141194,5.570206483339762e-16,300000000000000.0,50,52000000000000.0
993215.537,4146899600000.0,4.6221913e+31,19.051475207832755,5.250334173561807e-16,-12.563221518866913,13.470689086355748,3.7127135356577383e-16,20.132164128085066,5.548702981268979e-16,300000000000000.0,50,52000000000000.0
994215.537,4140699800000.0,4.6301606e+31,19.05149240640682,5.229986973493338e-16,-12.563221521709737,13.470701248129963,3.6983252464488196e-16,20.13218230402894,5.527199479198198e-16,300000000000000.0,50,52000000000000.0
995215.537,4136174500000.0,4.6147208e+31,19.051509604980886,5.20963977342487e-16,-12.563221524552564,13.470713409904176,3.683936957239901e-16,20.132200479972813,5.5056959771274165e-16,300000000000000.0,50,52000000000000.0
996215.537,4128291600000.0,4.5764033e+31,19.05152680355495,5.189292573356401e-16,-12.56322152739539,13.470725571678392,3.6695486680309823e-16,20.132218655916684,5.484192475056634e-16,300000000000000.0,50,52000000000000.0
997215.537,4117722600000.0,4.5407709e+31,19.051544002129013,5.168945373287933e-16,-12.563221530238216,13.470737733452605,3.6551603788220636e-16,20.132236831860556,5.462688972985853e-16,300000000000000.0,50,52000000000000.0
998215.537,4109332700000.0,4.5094506e+31,19.05156120070308,5.148598173219464e-16,-12.563221533081043,13.47074989522682,3.640772089613145e-16,20.13225500780443,5.44118547091507e-16,300000000000000.0,50,52000000000000.0
999215.537,4100496400000.0,4.4785533e+31,19.051578399277144,5.128250973151014e-16,-12.56322153592387,13.470762057001034,3.6263838004042395e-16,20.132273183748303,5.419681968844309e-16,300000000000000.0,50,52000000000000.0
