t[yr],B[G],L[erg/s],P_fill[s],Pdot_fill[s/s],chi[rad],P_vac[s],Pdot_vac[s/s],P_vacObs[s],Pdot_vacObs[s/s],bpol,etor,btorAvg
0.0,100000000000000.0,3.4849793e+37,0.001,1.0167215849599207e-08,1.0471975511965976,0.001,2.904918814171201e-09,0.001,6.48835622888242e-09,300000000000000.0,50,52000000000000.0
0.99999997765,99932005000000.0,2.0466702e+35,0.018942856196798058,3.1417500484818896e-10,0.1606852095706357,0.012916077333317502,2.2463600200998693e-10,0.019275740069093765,3.3620151246648285e-10,300000000000000.0,50,52000000000000.0
2.0119999776,99892573000000.0,1.8514941e+35,0.027152131570781845,2.1625954833639125e-10,0.11301083414405284,0.01878155078686065,1.54358179135814e-10,0.02805044751546008,2.3084580796299188e-10,300000000000000.0,50,52000000000000.0
3.0299999776,99850610000000.0,1.7664613e+35,0.03338796598632462,1.7498401077428223e-10,0.09208331195278888,0.023229022280303456,1.247012711489744e-10,0.03470090246021694,1.8644972235043237e-10,300000000000000.0,50,52000000000000.0
4.0669999776,99806906000000.0,1.7179243e+35,0.038701910273288155,1.5050390977826818e-10,0.07948918977198945,0.027013897480139392,1.0713548559159849e-10,0.04035960647945583,1.6016748698711773e-10,300000000000000.0,50,52000000000000.0
5.1019999776,99762154000000.0,1.6898669e+35,0.04334982974598859,1.3407626359432538e-10,0.07097769760418061,0.030321206635869194,9.536393614967158e-11,0.045303868037301985,1.4255946512050503e-10,300000000000000.0,50,52000000000000.0
6.1549999776,99717937000000.0,1.6626851e+35,0.047607245115060356,1.218739778279649e-10,0.06462831088884653,0.0333484678599153,8.66304540807876e-11,0.0498292208987834,1.2949800322179122e-10,300000000000000.0,50,52000000000000.0
7.2079999776,99674179000000.0,1.6406655e+35,0.05150818206865091,1.1247614358282732e-10,0.059725941365366464,0.03612070189429807,7.991087784652724e-11,0.05397318489064644,1.1944960711006724e-10,300000000000000.0,50,52000000000000.0
8.2779999776,99629214000000.0,1.621256e+35,0.05518507641788326,1.0483979434538356e-10,0.05573728314686298,0.038732544852879365,7.445539065996915e-11,0.05787728696803959,1.1129219399704987e-10,300000000000000.0,50,52000000000000.0
9.3209999776,99585268000000.0,1.6097312e+35,0.058543473887084745,9.870356192725272e-11,0.052529741561406475,0.04111727761318862,7.007471907076905e-11,0.06144183797682471,1.0474232419881521e-10,300000000000000.0,50,52000000000000.0
19.407999978,99176556000000.0,1.479556e+35,0.08426338918682551,6.791823750908035e-11,0.03643319324832478,0.05936095086041596,4.814139918814292e-11,0.08870993382389993,7.195284832586383e-11,300000000000000.0,50,52000000000000.0
29.451999978,98788335000000.0,1.3805041e+35,0.10356471345069762,5.480390739252727e-11,0.029605263778246346,0.07303746728507998,3.8821052380074183e-11,0.10915081077091766,5.802120321625754e-11,300000000000000.0,50,52000000000000.0
39.678999978,98410005000000.0,1.301771e+35,0.11994832621373734,4.694557601768716e-11,0.025536071577994292,0.08464093027235474,3.324263267277481e-11,0.12649302529792011,4.9683244139265765e-11,300000000000000.0,50,52000000000000.0
49.868999978,98049881000000.0,1.2342056e+35,0.1341958541198036,4.164908713247885e-11,0.02280690269560151,0.09472863047557169,2.9485434622074776e-11,0.1415696903629098,4.40675795105055e-11,300000000000000.0,50,52000000000000.0
60.234999978,97698867000000.0,1.1755024e+35,0.147189735002186,3.769813368557921e-11,0.020779967933275183,0.10392692947686728,2.668405563049689e-11,0.15531701730442624,3.988059037331458e-11,300000000000000.0,50,52000000000000.0
70.621999978,97361421000000.0,1.1262317e+35,0.1590683113297006,3.4640455471848004e-11,0.019217439463399846,0.11233453250709684,2.4516793459003792e-11,0.16788256149194533,3.664139931068729e-11,300000000000000.0,50,52000000000000.0
81.170999978,97031909000000.0,1.0871467e+35,0.17021235953154185,3.2152055500939613e-11,0.017950277365642763,0.12022139962121976,2.2753498241367366e-11,0.17966980989419729,3.400599879366339e-11,300000000000000.0,50,52000000000000.0
91.458999978,96722152000000.0,1.0563039e+35,0.18035305107105476,3.0150692123214445e-11,0.016933819630285927,0.12739757336804358,2.1335613715077815e-11,0.1903948755221418,3.188685796101376e-11,300000000000000.0,50,52000000000000.0
192.84099998,94146317000000.0,8.7751749e+34,0.2579299062782151,1.997145393293221e-11,0.011809067970593242,0.18228324198780105,1.4127785455554474e-11,0.2724231724040514,2.1114338302306498e-11,300000000000000.0,50,52000000000000.0
292.85899998,92158673000000.0,6.3738157e+34,0.31382611513183967,1.5728185295856222e-11,0.009691617914949628,0.22182176584964272,1.112481404011523e-11,0.3315144406217878,1.662628245153432e-11,300000000000000.0,50,52000000000000.0
394.71099998,90470107000000.0,4.9416397e+34,0.3602255618327273,1.3204493426283428e-11,0.008434702887210741,0.25463986373721675,9.339185294032847e-12,0.3805617906784072,1.3957604559990162e-11,300000000000000.0,50,52000000000000.0
496.20499998,89005989000000.0,4.2303488e+34,0.3998290168238254,1.1514735375468716e-11,0.00759347238927799,0.28264980457312244,8.143752189619087e-12,0.42242320960482005,1.2170996957577852e-11,300000000000000.0,50,52000000000000.0
599.45999998,87697180000000.0,3.7721141e+34,0.4353744690208301,1.026541640639384e-11,0.006969180673692872,0.30778886824907437,7.259981833315166e-12,0.4599940238398488,1.0850179918747975e-11,300000000000000.0,50,52000000000000.0
702.90499998,86534840000000.0,3.4379208e+34,0.46740640687363805,9.309668691779118e-12,0.00648823488603105,0.3304425202521836,6.583922104277005e-12,0.49385032932463047,9.83979269054836e-12,300000000000000.0,50,52000000000000.0
807.96599998,85459806000000.0,3.1591467e+34,0.49707718953260976,8.538302030376588e-12,0.006098335138717375,0.3514259486192853,6.038309620321506e-12,0.5252104454450975,9.024362572584572e-12,300000000000000.0,50,52000000000000.0
910.42999998,84500175000000.0,2.9421645e+34,0.5237803336498292,7.921952768996392e-12,0.005785249617393912,0.3703103840985859,5.602360048359815e-12,0.553433572329129,8.372826512698283e-12,300000000000000.0,50,52000000000000.0
1920.154,77617098000000.0,1.9054079e+34,0.7203732530334577,4.861458342932375e-12,0.0041972196747775935,0.509335666850823,3.437814301476289e-12,0.7612092303334322,5.137870383462533e-12,300000000000000.0,50,52000000000000.0
2945.446,72920919000000.0,1.6199862e+34,0.8562124101753167,3.6093733779667882e-12,0.0035273269541767904,0.6053943470657815,2.5523461265992886e-12,0.9047704984419372,3.8145225429914385e-12,300000000000000.0,50,52000000000000.0
3969.996,69303079000000.0,1.5340246e+34,0.9613206003859295,2.9040454849257337e-12,0.00313938578887095,0.6797205953206972,2.053557932297187e-12,1.0158522706083206,3.0690751235965157e-12,300000000000000.0,50,52000000000000.0
4990.917,66430142000000.0,1.429835e+34,1.0476329950276986,2.4479663732014893e-12,0.0028792325342130018,0.740755102072545,1.7310370734537944e-12,1.107069312115687,2.587062345118527e-12,300000000000000.0,50,52000000000000.0
6040.826,63669388000000.0,1.4550456e+34,1.1231403599882677,2.098174817186761e-12,0.002684559108439214,0.7941487210344229,1.4836816942873178e-12,1.18686691992622,2.2173856887661276e-12,300000000000000.0,50,52000000000000.0
7040.826,61618290000000.0,1.4967993e+34,1.1858340522548791,1.860520143282351e-12,0.0025418262886960654,0.8384812309522218,1.3156250888820038e-12,1.2531225539414885,1.966222367706827e-12,300000000000000.0,50,52000000000000.0
8040.826,59613898000000.0,1.4014397e+34,1.2416911989128208,1.6631400365708948e-12,0.00242685326906988,0.8779793181973862,1.1760494476018876e-12,1.3121530651932147,1.757624327902514e-12,300000000000000.0,50,52000000000000.0
9040.826,57718216000000.0,1.3612404e+34,1.2918325140395306,1.4985557766537796e-12,0.0023321614905872376,0.9134355134164072,1.0596656912602756e-12,1.3651429040052894,1.583686944261083e-12,300000000000000.0,50,52000000000000.0
10040.826,55857270000000.0,1.3477434e+34,1.33714451131244,1.3558416899298925e-12,0.0022527100443524954,0.9454767216972844,9.587475995817644e-13,1.4130289903893976,1.4328632519062687e-12,300000000000000.0,50,52000000000000.0
11040.826,53985915000000.0,1.3888592e+34,1.3781970121622145,1.2290816794031638e-12,0.0021852710342053516,0.9745058968062333,8.691115242044212e-13,1.456413545404733,1.2989007185315656e-12,300000000000000.0,50,52000000000000.0
12040.826,52293810000000.0,1.3933183e+34,1.4155616772735498,1.1228633740351938e-12,0.002127300437857866,1.0009272872801633,7.940013170558977e-13,1.4959007250545697,1.1866473282931093e-12,300000000000000.0,50,52000000000000.0
13040.826,50955929000000.0,1.336296e+34,1.4499160935573077,1.0406668751614796e-12,0.0020766514221358173,1.0252200396182194,7.358777069250299e-13,1.5322066214228172,1.0997806763067791e-12,300000000000000.0,50,52000000000000.0
14040.826,49777657000000.0,1.3419159e+34,1.481858981128926,9.717695492644944e-13,0.002031683137516983,1.0478075285001194,6.871584008081462e-13,1.5659639746785046,1.0269689061039937e-12,300000000000000.0,50,52000000000000.0
15040.826,48673466000000.0,1.4289966e+34,1.5117598746299563,9.10856527409443e-13,0.001991305029910178,1.0689510647381841,6.440850920549193e-13,1.5975633179848017,9.62595169038216e-13,300000000000000.0,50,52000000000000.0
16040.826,47924373000000.0,1.3266417e+34,1.539951106869259,8.664656439842161e-13,0.0019546835690301065,1.0888856511286635,6.126950191458956e-13,1.627355866732858,9.156822110666713e-13,300000000000000.0,50,52000000000000.0
17040.826,46972477000000.0,1.3758082e+34,1.5667052413470572,8.18931171926194e-13,0.0019211570329494658,1.1078040255583452,5.790821278773142e-13,1.6556296707354698,8.654472179258048e-13,300000000000000.0,50,52000000000000.0
18040.826,46293249000000.0,1.3524426e+34,1.5921056324869827,7.826730445898573e-13,0.0018903651249533423,1.1257651318893775,5.534430206141513e-13,1.6824728225501255,8.271291697050752e-13,300000000000000.0,50,52000000000000.0
19040.826,45961465000000.0,1.3481407e+34,1.616517786114988,7.599863007793185e-13,0.0018616919569392678,1.1430274278998536,5.374005404478276e-13,1.7082715913602653,8.0315343014853e-13,300000000000000.0,50,52000000000000.0
20040.826,45885750000000.0,1.3406014e+34,1.640323845784304,7.459599002932171e-13,0.0018345478910397905,1.1598611358071607,5.274819790528455e-13,1.7334298284787102,7.883299825328192e-13,300000000000000.0,50,52000000000000.0
21040.826,45859101000000.0,1.316001e+34,1.6637251461405167,7.343682941922953e-13,0.001808623190297776,1.1764086238076716,5.192851261952999e-13,1.758160305392296,7.760796553461247e-13,300000000000000.0,50,52000000000000.0
22040.826,45768641000000.0,1.2859835e+34,1.6867518654484708,7.214522169229238e-13,0.0017838170854203863,1.1926912321111776,5.101517342627009e-13,1.7824949153856988,7.624296563524885e-13,300000000000000.0,50,52000000000000.0
23040.826,45613267000000.0,1.2502154e+34,1.70936132796864,7.071969964626407e-13,0.0017601086147975178,1.208678784539741,5.000714283870624e-13,1.8063885597049885,7.473644801486762e-13,300000000000000.0,50,52000000000000.0
24040.826,45435344000000.0,1.2329236e+34,1.7315281812122985,6.927455757242518e-13,0.001737457202789226,1.224353354511701,4.898524030580976e-13,1.8298144468075175,7.320919858818409e-13,300000000000000.0,50,52000000000000.0
25040.826,45180265000000.0,1.2327382e+34,1.7532091872324052,6.762089500047843e-13,0.001715875227423439,1.2396843680008154,4.781589105980702e-13,1.8527268833436257,7.146158780101876e-13,300000000000000.0,50,52000000000000.0
26040.826,44815107000000.0,1.2493148e+34,1.7743730218157223,6.577065575151739e-13,0.0016953002522539535,1.2546496759854966,4.650754072518915e-13,1.8750927672734434,6.950623776845455e-13,300000000000000.0,50,52000000000000.0
27040.826,44454397000000.0,1.2563366e+34,1.794943262224644,6.397562300009373e-13,0.00167578187891244,1.2691952388673513,4.5238229512024533e-13,1.896831335586492,6.760923233488531e-13,300000000000000.0,50,52000000000000.0
28040.826,44096868000000.0,1.2624002e+34,1.8149629017642874,6.225983290090439e-13,0.0016572085663626725,1.2833514585958692,4.4024953552418904e-13,1.9179880244771172,6.579597247796653e-13,300000000000000.0,50,52000000000000.0
29040.826,43751974000000.0,1.2521177e+34,1.834458436634049,6.065330379646838e-13,0.0016395087083053794,1.2971370715120336,4.2888939137956386e-13,1.9385908357037136,6.409818121498039e-13,300000000000000.0,50,52000000000000.0
30040.826,43476346000000.0,1.2404794e+34,1.8534700498862164,5.928276772575241e-13,0.0016226073383791878,1.3105804920709119,4.19198003703842e-13,1.958682235114051,6.264978820024886e-13,300000000000000.0,50,52000000000000.0
31040.826,43314203000000.0,1.2277086e+34,1.872079042643328,5.822146958305655e-13,0.0016063981802859149,1.3237392099344774,4.1169329647397373e-13,1.9783481419003028,6.152819796668671e-13,300000000000000.0,50,52000000000000.0
32040.826,43096781000000.0,1.2156705e+34,1.890351028036828,5.709803851498072e-13,0.0015907950539094118,1.3366596214738728,4.037492453582923e-13,1.9976578961593725,6.034094712563772e-13,300000000000000.0,50,52000000000000.0
33040.826,42905780000000.0,1.2295878e+34,1.9082757305971192,5.601709030622687e-13,0.0015757803272908014,1.3493344609885278,3.9610560476674384e-13,2.0166006391939955,5.919859311344932e-13,300000000000000.0,50,52000000000000.0
34040.826,42583937000000.0,1.2269663e+34,1.925846105579877,5.468927400040849e-13,0.0015613338364912294,1.3617587472740997,3.8671632866687367e-13,2.0351689265217052,5.77953511968374e-13,300000000000000.0,50,52000000000000.0
35040.826,42189519000000.0,1.1930525e+34,1.9429929188972324,5.326792113397173e-13,0.0015474860207127655,1.373883524077416,3.766656486910638e-13,2.053289592271935,5.629326146483756e-13,300000000000000.0,50,52000000000000.0
36040.826,41908754000000.0,1.1684617e+34,1.9597165411897617,5.207987438580572e-13,0.0015342098181037767,1.3857090537385406,3.6826471907340706e-13,2.070963028520272,5.503772947722217e-13,300000000000000.0,50,52000000000000.0
37040.826,41658378000000.0,1.1425704e+34,1.9760658623285925,5.102856913343466e-13,0.0015214577429868608,1.3972699071144121,3.608307155592603e-13,2.0882409019463695,5.392670609554828e-13,300000000000000.0,50,52000000000000.0
38040.826,41398986000000.0,1.1262939e+34,1.9920884771473752,4.998635134938084e-13,0.0015091631510994279,1.4085997395176075,3.534609761591344e-13,2.1051735109379854,5.282528709358673e-13,300000000000000.0,50,52000000000000.0
39040.826,41123182000000.0,1.1161298e+34,2.0078025712175744,4.89438928184317e-13,0.0014972864516525032,1.4197114104860553,3.4608953911215884e-13,2.121780074276714,5.17236143836596e-13,300000000000000.0,50,52000000000000.0
40040.826,40891413000000.0,1.1025809e+34,2.023172237375998,4.804692689180495e-13,0.0014858636788969252,1.4305795294375594,3.397469067768487e-13,2.138022645345111,5.077569812986586e-13,300000000000000.0,50,52000000000000.0
41040.826,40721653000000.0,1.0885287e+34,2.0382862332364766,4.727765996793454e-13,0.0014747879365069922,1.441266858594187,3.343072564940074e-13,2.1539950232567775,4.996273393964054e-13,300000000000000.0,50,52000000000000.0
42040.826,40578591000000.0,1.0774138e+34,2.05315411775329,4.659098825954238e-13,0.0014640604176099868,1.4517801571506552,3.2945165256899445e-13,2.169707309730924,4.923705638226738e-13,300000000000000.0,50,52000000000000.0
43040.826,40406082000000.0,1.0650266e+34,2.0678201274613484,4.587878240801889e-13,0.001453620324347671,1.4621507056880652,3.244154958505848e-13,2.185206254082022,4.848439493691454e-13,300000000000000.0,50,52000000000000.0
44040.826,40238135000000.0,1.0565374e+34,2.082245840502142,4.5157603558207907e-13,0.0014435065161134228,1.472351335436888,3.193158929610087e-13,2.2004512521641346,4.772225136904953e-13,300000000000000.0,50,52000000000000.0
45040.826,40006435000000.0,1.0553257e+34,2.0964623665267186,4.4369426377850173e-13,0.0014336644851094774,1.482404044799195,3.137425379297211e-13,2.2154751809328497,4.688930481935814e-13,300000000000000.0,50,52000000000000.0
46040.826,39833102000000.0,1.0428608e+34,2.1104194362017212,4.3665455667484587e-13,0.0014241401798544783,1.492273287497069,3.0876462184505316e-13,2.230224915927261,4.614534754101663e-13,300000000000000.0,50,52000000000000.0
47040.826,39591590000000.0,1.0307974e+34,2.124155401151175,4.2869193089085167e-13,0.0014148876717212473,1.5019861827027334,3.031340994908887e-13,2.2447409871705224,4.530385725649145e-13,300000000000000.0,50,52000000000000.0
48040.826,39323208000000.0,1.0207518e+34,2.1376550719000584,4.2038428845285595e-13,0.0014059040021610445,1.511531989852059,2.9725961353738285e-13,2.2590073427265107,4.442590624115403e-13,300000000000000.0,50,52000000000000.0
49040.826,39091067000000.0,1.009821e+34,2.150882180761474,4.129590537332161e-13,0.001397217917230678,1.5208850635061513,2.920090931131286e-13,2.272985655091743,4.36412078378872e-13,300000000000000.0,50,52000000000000.0
50040.826,38914831000000.0,9.9515735e+33,2.163878007898944,4.0664472524483816e-13,0.0013887893320877016,1.5300745935727942,2.875441121828133e-13,2.286719549034248,4.297390952323064e-13,300000000000000.0,50,52000000000000.0
51040.826,38735425000000.0,9.8483359e+33,2.1766846057396103,4.0031283860765564e-13,0.0013805784645795367,1.5391303160305758,2.8306671752400246e-13,2.3002534654331344,4.230475596089484e-13,300000000000000.0,50,52000000000000.0
52040.826,38495652000000.0,9.7732221e+33,2.1892982881862015,3.933419434762254e-13,0.0013725827241893465,1.5480496244371627,2.7813747303246334e-13,2.3135835089210737,4.1568072749734043e-13,300000000000000.0,50,52000000000000.0
53040.826,38265326000000.0,9.7354602e+33,2.201693014058149,3.864537826789129e-13,0.0013648155423674443,1.5568141047449224,2.7326673304523996e-13,2.3266821594213853,4.084013312982529e-13,300000000000000.0,50,52000000000000.0
54040.826,38065404000000.0,9.675773e+33,2.213857875438751,3.8031638285983597e-13,0.001357284061337437,1.5654160438124238,2.6892686829154015e-13,2.3395378895256242,4.019153363243067e-13,300000000000000.0,50,52000000000000.0
55040.826,37866869000000.0,9.5740477e+33,2.225834846469155,3.745314600832131e-13,0.0013499479303706525,1.5738851222681907,2.6483624637599165e-13,2.3521950573914796,3.9580183862671066e-13,300000000000000.0,50,52000000000000.0
56040.826,37720042000000.0,9.508606e+33,2.2376352299522067,3.6942831253665324e-13,0.0013427958785849682,1.5822293325196954,2.6122771833557684e-13,2.3646656077954096,3.90408837654774e-13,300000000000000.0,50,52000000000000.0
57040.826,37562260000000.0,9.4765044e+33,2.2492780467640534,3.644298895131595e-13,0.0013358123388691875,1.590462124524381,2.576932436956444e-13,2.3769696419060833,3.8512651064853225e-13,300000000000000.0,50,52000000000000.0
58040.826,37389648000000.0,9.3451632e+33,2.2607652358108656,3.5903632626447204e-13,0.0013289924199811982,1.5985848693452847,2.538793613797559e-13,2.389109208798871,3.794266045997845e-13,300000000000000.0,50,52000000000000.0
59040.826,37150504000000.0,9.2404973e+33,2.2720836197454144,3.5309854319748697e-13,0.001322340226740373,1.6065882491406076,2.4968065528000545e-13,2.401070382816692,3.731515735171537e-13,300000000000000.0,50,52000000000000.0
60040.826,36943361000000.0,9.2018649e+33,2.28321593526694,3.4738602596469856e-13,0.0013158620243152047,1.6144600568389669,2.456412389160392e-13,2.4128349203045176,3.671146034117606e-13,300000000000000.0,50,52000000000000.0
61040.826,36747840000000.0,9.2200278e+33,2.294169431100314,3.4186612632920727e-13,0.0013095496784181213,1.6222054181482821,2.41738026212282e-13,2.4244104817121785,3.612811917878882e-13,300000000000000.0,50,52000000000000.0
62040.826,36504412000000.0,9.0954636e+33,2.3049496727164174,3.3577017401829806e-13,0.0013033962173858366,1.629828268523535,2.374274802854065e-13,2.435802948638182,3.5483901442729666e-13,300000000000000.0,50,52000000000000.0
63040.826,36211631000000.0,8.9673113e+33,2.3155383673038155,3.2915437396855673e-13,0.0012974083663547218,1.6373156729143516,2.327493444444999e-13,2.4469929894517417,3.478474683165619e-13,300000000000000.0,50,52000000000000.0
64040.826,35943923000000.0,8.9308333e+33,2.3259193246136483,3.227846077164407e-13,0.0012915914237978617,1.644656183022312,2.2824518351170355e-13,2.4579634944957296,3.411159303963674e-13,300000000000000.0,50,52000000000000.0
65040.826,35680025000000.0,8.8611792e+33,2.3361003897537973,3.1676680926164955e-13,0.00128593714944871,1.6518553462635568,2.2398990470092607e-13,2.4687227544693493,3.34756350646245e-13,300000000000000.0,50,52000000000000.0
66040.826,35441653000000.0,8.8143032e+33,2.346092919350116,3.113520852287927e-13,0.0012804356129154293,1.658921193091595,2.2016106861995458e-13,2.479282771009226,3.290340961178051e-13,300000000000000.0,50,52000000000000.0
67040.826,35257379000000.0,8.7922914e+33,2.3559159019924905,3.069482184495431e-13,0.0012750730729149929,1.6658671506164728,2.1704702358895273e-13,2.4896636111379493,3.24380107798381e-13,300000000000000.0,50,52000000000000.0
68040.826,35147804000000.0,8.6858177e+33,2.3656006472439493,3.035113076066414e-13,0.0012698295680494422,1.6727153582619652,2.1461672622321562e-13,2.4998983625646147,3.2074799086988315e-13,300000000000000.0,50,52000000000000.0
69040.826,35051522000000.0,8.5847226e+33,2.3751776273769614,3.003787703503464e-13,0.0012646861777577385,1.6794873633870677,2.1240165591840206e-13,2.5100192281483227,3.174375340966922e-13,300000000000000.0,50,52000000000000.0
70040.826,34911995000000.0,8.4989221e+33,2.3846588893012646,2.967848575274827e-13,0.001259634341332293,1.6861916845365124,2.0986034163882146e-13,2.520038938985239,3.1363950070618245e-13,300000000000000.0,50,52000000000000.0
71040.826,34715083000000.0,8.4555462e+33,2.394033333948267,2.925017090782271e-13,0.0012546780328018833,1.6928204734367462,2.0683166068991212e-13,2.529945765710419,3.0911309035978e-13,300000000000000.0,50,52000000000000.0
72040.826,34515895000000.0,8.4621294e+33,2.4032788981161533,2.8805704106316313e-13,0.0012498269105252265,1.6993581289375037,2.036887678566688e-13,2.5397163921657278,3.0441598861029205e-13,300000000000000.0,50,52000000000000.0
73040.826,34386239000000.0,8.3679857e+33,2.4123642395668243,2.8483015654576463e-13,0.0012451016721308186,1.7057824885018433,2.014069858009062e-13,2.5493176960989707,3.010058301404983e-13,300000000000000.0,50,52000000000000.0
74040.826,34264898000000.0,8.3056049e+33,2.4213494347630666,2.8176686796240095e-13,0.0012404630652299291,1.712136033035439,1.992408849696432e-13,2.558813165876726,2.977685590432311e-13,300000000000000.0,50,52000000000000.0
75040.826,34146445000000.0,8.3056513e+33,2.430241620836396,2.787775354677629e-13,0.0012359051699430067,1.7184238093161988,1.9712707986238248e-13,2.5682103439863617,2.946094447149488e-13,300000000000000.0,50,52000000000000.0
76040.826,34025961000000.0,8.2808719e+33,2.4390441530327296,2.7579752538592427e-13,0.0012314246172788203,1.7246481898971187,1.950198671753926e-13,2.5775127762449936,2.914601828667654e-13,300000000000000.0,50,52000000000000.0
77040.826,33899600000000.0,8.2110713e+33,2.4477588491340403,2.7278093506434337e-13,0.0012270189071410182,1.7308104601703684,1.9288678855456214e-13,2.5867223836911903,2.882722639903165e-13,300000000000000.0,50,52000000000000.0
78040.826,33766077000000.0,8.1565875e+33,2.456381720826936,2.696928105978237e-13,0.0012226900174016834,1.7369077999499993,1.907031276690599e-13,2.5958349515138,2.8500874915022717e-13,300000000000000.0,50,52000000000000.0
79040.826,33612646000000.0,8.1607759e+33,2.4648877152637723,2.664489064517611e-13,0.00121845575762888,1.7429224940023518,1.8840931355712964e-13,2.604824004023554,2.815806086320901e-13,300000000000000.0,50,52000000000000.0
80040.826,33488002000000.0,8.1769237e+33,2.473299010257304,2.635856599045566e-13,0.0012142952942048185,1.7488702246331684,1.8638466750903133e-13,2.6137129786684885,2.785547439194175e-13,300000000000000.0,50,52000000000000.0
81040.826,33385928000000.0,8.1755419e+33,2.4816262368509507,2.60638303006204e-13,0.0012102019644534814,1.7547585091987983,1.8430054635887077e-13,2.6225131102531836,2.754399927604645e-13,300000000000000.0,50,52000000000000.0
82040.826,33202815000000.0,8.0249625e+33,2.4898755860365864,2.5737553690792267e-13,0.0012061713720850026,1.7605917254395826,1.8199339581681308e-13,2.631230941377934,2.7199192076047276e-13,300000000000000.0,50,52000000000000.0
83040.826,33115100000000.0,8.0180135e+33,2.497999233986463,2.5484556915237665e-13,0.001202233768410863,1.7663360564683317,1.8020441641795455e-13,2.6398159321851375,2.693182634870125e-13,300000000000000.0,50,52000000000000.0
84040.826,32941082000000.0,7.9441442e+33,2.5060425371197317,2.5179650510991974e-13,0.0011983605409898882,1.7720235744324067,1.7804837803500807e-13,2.6483160149918965,2.6609603093908165e-13,300000000000000.0,50,52000000000000.0
85040.826,32804097000000.0,7.9202445e+33,2.5140047400854084,2.487380958041059e-13,0.0011945477547273126,1.7776537452577448,1.758857317990412e-13,2.656730391617029,2.6286392285824537e-13,300000000000000.0,50,52000000000000.0
86040.826,32669720000000.0,7.8752016e+33,2.5218816359605634,2.459320597564932e-13,0.001190796342315694,1.783223594188824,1.7390154206402944e-13,2.665054616242971,2.598985207590096e-13,300000000000000.0,50,52000000000000.0
87040.826,32572945000000.0,7.8557498e+33,2.5296390324190194,2.4374147450105537e-13,0.0011871328705331658,1.7887089433101446,1.723525454529673e-13,2.6732525546026444,2.57583521462089e-13,300000000000000.0,50,52000000000000.0
88040.826,32481322000000.0,7.8104772e+33,2.5373359890149128,2.4126312491775936e-13,0.001183517332440386,1.7941515544727162,1.706000674418465e-13,2.681386620424606,2.5496441609707277e-13,300000000000000.0,50,52000000000000.0
89040.826,32322175000000.0,7.7108782e+33,2.544972537743266,2.385908228623755e-13,0.0011799479985763735,1.7995514503181347,1.6871044351816812e-13,2.689456847547345,2.5214034406682504e-13,300000000000000.0,50,52000000000000.0
90040.826,32189121000000.0,7.6522868e+33,2.5525144417866255,2.358341545893447e-13,0.0011764470618041013,1.804884421515581,1.6676116355215016e-13,2.6974270547538173,2.4922711517201036e-13,300000000000000.0,50,52000000000000.0
91040.826,32038058000000.0,7.5835369e+33,2.5599610361593945,2.329408734860037e-13,0.0011730126554344543,1.810149997867856,1.6471528333074588e-13,2.7052965393274517,2.4616951571982055e-13,300000000000000.0,50,52000000000000.0
92040.826,31877840000000.0,7.528611e+33,2.567337837470189,2.3004616234816755e-13,0.001169625837758105,1.8153662225491274,1.6266839213515042e-13,2.7130922670697815,2.43110405354712e-13,300000000000000.0,50,52000000000000.0
93040.826,31737419000000.0,7.4833399e+33,2.574618146227717,2.2725405859730632e-13,0.0011663036154759053,1.8205142159799774,1.6069405614690864e-13,2.7207860221592073,2.4015972986381125e-13,300000000000000.0,50,52000000000000.0
94040.826,31561388000000.0,7.4583588e+33,2.5817935770685176,2.2434645795223258e-13,0.0011630512146609507,1.8255880487549767,1.5863805124929373e-13,2.728368943008204,2.370869989412372e-13,300000000000000.0,50,52000000000000.0
95040.826,31413161000000.0,7.4591958e+33,2.5889029286715024,2.2148005547015557e-13,0.0011598418554127563,1.8306151559775536,1.56611178254193e-13,2.7358820318008283,2.340578060964888e-13,300000000000000.0,50,52000000000000.0
96040.826,31260417000000.0,7.5003485e+33,2.595911391709581,2.1879317710144915e-13,0.0011566972390480365,1.835570923496049,1.5471124917794031e-13,2.7432885023092077,2.312183328885094e-13,300000000000000.0,50,52000000000000.0
97040.826,31125745000000.0,7.5147351e+33,2.6028231523675607,2.1628997119007238e-13,0.0011536150156589379,1.8404583114161848,1.52941197338261e-13,2.7505927784567867,2.285729632051893e-13,300000000000000.0,50,52000000000000.0
98040.826,30991535000000.0,7.4892774e+33,2.6096800335903274,2.138744394889018e-13,0.0011505683248642263,1.8453068933228423,1.512331411208469e-13,2.757839058420721,2.2602024693180502e-13,300000000000000.0,50,52000000000000.0
99040.826,30871950000000.0,7.4592024e+33,2.6164374461747975,2.1156936284013028e-13,0.001147586399588138,1.8500851395652378,1.4960318924644973e-13,2.764980220653202,2.2358425880024758e-13,300000000000000.0,50,52000000000000.0
100040.826,30727316000000.0,7.4434804e+33,2.623127453154623,2.0912092232313287e-13,0.0011446482418688963,1.8548157223636892,1.478718632800993e-13,2.772050149136036,2.209967655378237e-13,300000000000000.0,50,52000000000000.0
101040.826,30575539000000.0,7.4158762e+33,2.6297691595294483,2.0656975204639395e-13,0.001141741446519092,1.859512151130128,1.4606789602526208e-13,2.7790690338930193,2.1830070875876117e-13,300000000000000.0,50,52000000000000.0
102040.826,30437858000000.0,7.3675101e+33,2.6362852844202544,2.0420498548409893e-13,0.0011389120802503716,1.8641197795185398,1.4439573733817576e-13,2.7859552051206844,2.1580164190881512e-13,300000000000000.0,50,52000000000000.0
103040.826,30299561000000.0,7.288059e+33,2.642757602583339,2.0184967256597524e-13,0.001136109780772286,1.8686964315723882,1.4273026354274705e-13,2.792795081740406,2.1331256573360145e-13,300000000000000.0,50,52000000000000.0
104040.826,30157877000000.0,7.2264613e+33,2.649146922935628,1.995000366506411e-13,0.0011333587755899671,1.8732143947422397,1.4106880422886497e-13,2.7995472469212603,2.1082948926582793e-13,300000000000000.0,50,52000000000000.0
105040.826,30018753000000.0,7.1636999e+33,2.6554557288664906,1.9720059295095663e-13,0.001130656564663707,1.8776754250764516,1.3944283660749252e-13,2.8062143251046545,2.0839945567929883e-13,300000000000000.0,50,52000000000000.0
106040.826,29881618000000.0,7.0939751e+33,2.6617212574873617,1.9492812807118258e-13,0.0011279805811400395,1.8821058534398234,1.3783594612722934e-13,2.8128356681725237,2.059979331740619e-13,300000000000000.0,50,52000000000000.0
107040.826,29746387000000.0,7.0284244e+33,2.667870882118211,1.9274171171291884e-13,0.001125374077061885,1.8864543245329872,1.3628990182334524e-13,2.8193345248411705,2.0368734621579862e-13,300000000000000.0,50,52000000000000.0
108040.826,29613856000000.0,6.9673277e+33,2.673987766084228,1.9058854157688204e-13,0.0011227870586916597,1.8907796442631193,1.3476736638176882e-13,2.825798781442175,2.0141189361354994e-13,300000000000000.0,50,52000000000000.0
109040.826,29484240000000.0,6.8959496e+33,2.6800128846849955,1.8853391294843495e-13,0.0011202545702850102,1.8950400754741092,1.3331451098587198e-13,2.832166061154685,1.9924057891023323e-13,300000000000000.0,50,52000000000000.0
110040.826,29364296000000.0,6.8251546e+33,2.6859841873913832,1.8654675777797366e-13,0.001117753970040264,1.8992624527460793,1.3190936696764795e-13,2.8384764686708652,1.9714056959354637e-13,300000000000000.0,50,52000000000000.0
111040.826,29244287000000.0,6.7465578e+33,2.691895688769224,1.8463458050160093e-13,0.001115288804576797,1.9034425436984401,1.3055724081346647e-13,2.8447236786329224,1.9511979628885998e-13,300000000000000.0,50,52000000000000.0
112040.826,29131939000000.0,6.6842915e+33,2.6977328659909867,1.8279394345870414e-13,0.001112867726432771,1.9075700790449153,1.292557017393695e-13,2.8508923434347833,1.9317462615271402e-13,300000000000000.0,50,52000000000000.0
113040.826,29019785000000.0,6.6096288e+33,2.7035369076802875,1.8098520080726434e-13,0.0011104663034975165,1.911674183812736,1.279767156268228e-13,2.8570259908769757,1.9126316176416851e-13,300000000000000.0,50,52000000000000.0
114040.826,28895619000000.0,6.531726e+33,2.7092499780008255,1.791588971323777e-13,0.0011081186675194427,1.9157139615093763,1.2668531210281528e-13,2.86306350052332,1.89333139366979e-13,300000000000000.0,50,52000000000000.0
115040.826,28784924000000.0,6.4643562e+33,2.714946452707153,1.7733984114085567e-13,0.0011057807863260637,1.9197420042259081,1.253990335326748e-13,2.869083472061669,1.8741077629237307e-13,300000000000000.0,50,52000000000000.0
116040.826,28684193000000.0,6.397765e+33,2.72054105670554,1.7575064251770688e-13,0.0011035017660003244,1.923698012816905,1.2427528993822737e-13,2.8749957874932894,1.8573132423150316e-13,300000000000000.0,50,52000000000000.0
117040.826,28585352000000.0,6.3314068e+33,2.7261197423021395,1.741867497935006e-13,0.001101232152513356,1.9276427652931643,1.2316944046479606e-13,2.880891280488558,1.8407861520903763e-13,300000000000000.0,50,52000000000000.0
118040.826,28494846000000.0,6.2522127e+33,2.731620608367212,1.727465688103847e-13,0.0010990085257903898,1.9315324905382125,1.2215106912724162e-13,2.886704534441648,1.8255664360279933e-13,300000000000000.0,50,52000000000000.0
119040.826,28407773000000.0,6.167173e+33,2.737098250428072,1.7132660575206814e-13,0.0010967987879250184,1.935405793777617,1.211469941593315e-13,2.8924932454550603,1.8105603814064608e-13,300000000000000.0,50,52000000000000.0
120040.826,28319514000000.0,6.0896239e+33,2.7425127866690744,1.6996158019327292e-13,0.0010946267897938204,1.939234474043291,1.2018176624463197e-13,2.8982152667488204,1.796134901963683e-13,300000000000000.0,50,52000000000000.0
121040.826,28238631000000.0,6.018817e+33,2.747899274825683,1.6861510348651695e-13,0.0010924715379214962,1.9430433211316036,1.1922965448685555e-13,2.9039076470543788,1.7819054455030826e-13,300000000000000.0,50,52000000000000.0
122040.826,28155443000000.0,5.953639e+33,2.7532306555326636,1.6730507062081123e-13,0.0010903491882468543,1.9468132010017964,1.1830331268708434e-13,2.9095417902539262,1.7680611250276925e-13,300000000000000.0,50,52000000000000.0
123040.826,28072437000000.0,5.8999937e+33,2.758531690519701,1.6600663603871526e-13,0.0010882448571672774,1.950561623006646,1.1738517222115205e-13,2.9151438643441447,1.7543393747512457e-13,300000000000000.0,50,52000000000000.0
124040.826,27990013000000.0,5.8549304e+33,2.7637819678091664,1.6472760129860477e-13,0.0010861706648486438,1.954274153563157,1.164807496971066e-13,2.920692298113561,1.7408226412317292e-13,300000000000000.0,50,52000000000000.0
125040.826,27909823000000.0,5.8214815e+33,2.769001738385681,1.6343072551151314e-13,0.0010841143865724394,1.957965112416053,1.1556371162289975e-13,2.9262084926406344,1.72711736639195e-13,300000000000000.0,50,52000000000000.0
126040.826,27826889000000.0,5.7991192e+33,2.7741715434715397,1.6210462872418836e-13,0.001082087448852232,1.961620740004084,1.1462601114056212e-13,2.9316718840497633,1.7131032887129005e-13,300000000000000.0,50,52000000000000.0
127040.826,27727720000000.0,5.7825277e+33,2.7793115377169735,1.6072022093514556e-13,0.0010800774896297266,1.9652552879547063,1.1364707834549333e-13,2.937103771617138,1.6984729878148138e-13,300000000000000.0,50,52000000000000.0
128040.826,27625241000000.0,5.7524948e+33,2.784396552660144,1.592282717905747e-13,0.001078098843377396,1.968850959317478,1.1259210194506682e-13,2.9424775575270754,1.6827062036060214e-13,300000000000000.0,50,52000000000000.0
129040.826,27516958000000.0,5.7114688e+33,2.7894533469910816,1.5769544138030702e-13,0.0010761354247445047,1.9724266755229183,1.1150821798997085e-13,2.9478215201481337,1.6665073915738886e-13,300000000000000.0,50,52000000000000.0
130040.826,27400170000000.0,5.6605123e+33,2.794441415742713,1.5606305293619296e-13,0.0010742090898913288,1.975953794988625,1.1035393554654185e-13,2.9530928541958597,1.6492564633725136e-13,300000000000000.0,50,52000000000000.0
131040.826,27275627000000.0,5.6020727e+33,2.7994082381894625,1.544282740111933e-13,0.0010722937330593229,1.9794658909243619,1.0919796280059943e-13,2.9583417353475614,1.6319802733464566e-13,300000000000000.0,50,52000000000000.0
132040.826,27149887000000.0,5.5421008e+33,2.8042885099013866,1.527837570221684e-13,0.0010704230972178371,1.9829167857446195,1.0803510429614844e-13,2.963499150493263,1.614601174626327e-13,300000000000000.0,50,52000000000000.0
133040.826,27031589000000.0,5.4860198e+33,2.8091611622669017,1.5115343094140812e-13,0.0010685563153304738,1.986362292829859,1.0688228035258076e-13,2.968648513586337,1.597372043956646e-13,300000000000000.0,50,52000000000000.0
134040.826,26923321000000.0,5.4304467e+33,2.8139310697642044,1.4971446549990426e-13,0.0010667415029936673,1.9897351477354086,1.0586476980470866e-13,2.973689296882451,1.5821651927258015e-13,300000000000000.0,50,52000000000000.0
135040.826,26819022000000.0,5.3724414e+33,2.8187009772615075,1.4827550005840037e-13,0.0010649266906568608,1.9931080026409584,1.0484725925683656e-13,2.9787300801785648,1.566958341494957e-13,300000000000000.0,50,52000000000000.0
136040.826,26714499000000.0,5.3124377e+33,2.823381933441382,1.4689338003614918e-13,0.0010631575118816765,1.9964179589520596,1.0386994486799472e-13,2.9836768605603696,1.5523522280348693e-13,300000000000000.0,50,52000000000000.0
137040.826,26611487000000.0,5.252624e+33,2.828053700755008,1.455171322704248e-13,0.0010613930471535268,1.999721417700356,1.0289678283057047e-13,2.988613930234885,1.5378081721045105e-13,300000000000000.0,50,52000000000000.0
138040.826,26511701000000.0,5.1936689e+33,2.8326578820787995,1.4421878618013806e-13,0.0010596629970940278,2.002977085548491,1.0197870602834871e-13,2.9934795756760075,1.5240873734619788e-13,300000000000000.0,50,52000000000000.0
139040.826,26405242000000.0,5.1347774e+33,2.8372342600798057,1.4295248704859277e-13,0.0010579471044382062,2.0062130933187508,1.0108329002578088e-13,2.9983158388291637,1.510705243945476e-13,300000000000000.0,50,52000000000000.0
140040.826,26337319000000.0,5.0971399e+33,2.8417682752847653,1.4167249089535736e-13,0.0010562528482210211,2.009419145824454,1.0017818876667206e-13,3.0031073333799223,1.4971783667965206e-13,300000000000000.0,50,52000000000000.0
141040.826,26245407000000.0,5.0574055e+33,2.8462554571600096,1.4037735227767672e-13,0.0010545825117296117,2.0125920818951575,9.926238016868818e-14,3.0078493349105617,1.483491466839138e-13,300000000000000.0,50,52000000000000.0
142040.826,26115961000000.0,4.9990306e+33,2.850723630953801,1.39046449911911e-13,0.0010529216483048454,2.0157515771154464,9.832128265521773e-14,3.0125712488841105,1.469426620172699e-13,300000000000000.0,50,52000000000000.0
143040.826,25980894000000.0,4.9705864e+33,2.8551181015601528,1.3757687483290179e-13,0.0010512975163728476,2.0188589558967425,9.728212823459172e-14,3.0172152740402574,1.453896298034236e-13,300000000000000.0,50,52000000000000.0
144040.826,25876918000000.0,4.9581781e+33,2.8595125721665045,1.3610729975389256e-13,0.0010496733844408495,2.021966334678038,9.62429738139657e-14,3.021859299196404,1.438365975895773e-13,300000000000000.0,50,52000000000000.0
145040.826,25793556000000.0,4.9358869e+33,2.8638110179918166,1.3507448511483938e-13,0.0010480948317278126,2.025005813168201,9.551265763002463e-14,3.026401846326412,1.4274512884964277e-13,300000000000000.0,50,52000000000000.0
146040.826,25725304000000.0,4.8964175e+33,2.868098579506314,1.3409117682538322e-13,0.001046521445372673,2.0280375952297427,9.481734794464782e-14,3.030932891025844,1.4170597785786096e-13,300000000000000.0,50,52000000000000.0
147040.826,25653393000000.0,4.8419457e+33,2.8723458783516596,1.3296685167947274e-13,0.0010449688342847084,2.031040907050445,9.40223237434973e-14,3.0354213865135704,1.4051780199681613e-13,300000000000000.0,50,52000000000000.0
148040.826,25544762000000.0,4.7887428e+33,2.876560742420416,1.3172892625988692e-13,0.0010434329593238718,2.0340212838318035,9.31469715832211e-14,3.039875605233143,1.3920957477199555e-13,300000000000000.0,50,52000000000000.0
149040.826,25433495000000.0,4.7441123e+33,2.880759668458294,1.3052526078524464e-13,0.0010419046868763865,2.036990390637169,9.229584502454522e-14,3.044312980800798,1.3793755307985054e-13,300000000000000.0,50,52000000000000.0
150040.826,25343638000000.0,4.7072192e+33,2.8848815223390303,1.2948726746173827e-13,0.0010404131781990423,2.0399049987803504,9.15618671517853e-14,3.0486689072822206,1.3684061189327176e-13,300000000000000.0,50,52000000000000.0
151040.826,25269310000000.0,4.6822478e+33,2.889003376219766,1.284492741382319e-13,0.0010389216695216982,2.0428196069235316,9.082788927902538e-14,3.053024833763643,1.35743670706693e-13,300000000000000.0,50,52000000000000.0
152040.826,25193240000000.0,4.6650064e+33,2.8930657772634754,1.2737913399600503e-13,0.001037459252588391,2.0456921752328694,9.007118011016689e-14,3.0573179310686958,1.346127572512862e-13,300000000000000.0,50,52000000000000.0
153040.826,25100254000000.0,4.6126761e+33,2.897108374224184,1.262982855630058e-13,0.0010360065262828547,2.048550739831024,8.930689901543997e-14,3.0615900996126344,1.3347052743714503e-13,300000000000000.0,50,52000000000000.0
154040.826,25001317000000.0,4.566573e+33,2.9011266888146072,1.2523474505111287e-13,0.0010345653514441443,2.051392134069323,8.855485656816678e-14,3.0658366067905094,1.3234658846935757e-13,300000000000000.0,50,52000000000000.0
155040.826,24910819000000.0,4.5342074e+33,2.905085414350992,1.2421367826126471e-13,0.0010331525239608542,2.0541913921615502,8.783284782089483e-14,3.0700201408520424,1.3126753532692234e-13,300000000000000.0,50,52000000000000.0
156040.826,24831658000000.0,4.4942657e+33,2.9090441398873765,1.2319261147141658e-13,0.0010317396964775638,2.0569906502537774,8.71108390736229e-14,3.074203674913576,1.3018848218448708e-13,300000000000000.0,50,52000000000000.0
157040.826,24759121000000.0,4.4422933e+33,2.912939343067786,1.222416770560306e-13,0.0010303569686100536,2.0597449909154135,8.643842176172189e-14,3.0783200791864296,1.2918354420224468e-13,300000000000000.0,50,52000000000000.0
158040.826,24681283000000.0,4.3914081e+33,2.9168175474554476,1.2130951029622175e-13,0.0010289822954993699,2.062487311523926,8.577927528209705e-14,3.0824185193056017,1.281984396822258e-13,300000000000000.0,50,52000000000000.0
159040.826,24596840000000.0,4.3471809e+33,2.9206772552746503,1.2036501637492131e-13,0.0010276164322122864,2.065216552983395,8.511141215284939e-14,3.086497412435995,1.272003079962609e-13,300000000000000.0,50,52000000000000.0
160040.826,24510713000000.0,4.3068485e+33,2.924480753571212,1.1938306124212662e-13,0.001026277341241388,2.0679060480041715,8.441705985533173e-14,3.090516903904359,1.261625878438831e-13,300000000000000.0,50,52000000000000.0
161040.826,24425782000000.0,4.2668987e+33,2.928284251867774,1.1840110610933193e-13,0.0010249382502704896,2.0705955430249476,8.372270755781405e-14,3.0945363953727227,1.251248676915053e-13,300000000000000.0,50,52000000000000.0
162040.826,24344332000000.0,4.2267429e+33,2.932034569204156,1.1747454141044257e-13,0.001023623728489591,2.073247433148462,8.306752249116715e-14,3.098499685745682,1.2414568356588535e-13,300000000000000.0,50,52000000000000.0
163040.826,24267525000000.0,4.186103e+33,2.9357580913246553,1.1657588517032054e-13,0.0010223215858900364,2.0758803760522007,8.243207182576463e-14,3.102434659208244,1.2319599280534657e-13,300000000000000.0,50,52000000000000.0
164040.826,24190725000000.0,4.1459546e+33,2.939478614005742,1.156751979757342e-13,0.0010210208344076496,2.0785111980161566,8.179518505355907e-14,3.1063664628937886,1.2224415576126169e-13,300000000000000.0,50,52000000000000.0
165040.826,24109312000000.0,4.1090391e+33,2.943127753899623,1.1472617668586643e-13,0.0010197531897185958,2.0810915443503855,8.112412079275276e-14,3.110222829976944,1.2124123993858287e-13,300000000000000.0,50,52000000000000.0
166040.826,24023119000000.0,4.0853706e+33,2.946776893793504,1.1377715539599867e-13,0.001018485545029542,2.0836718906846143,8.045305653194645e-14,3.1140791970600987,1.2023832411590406e-13,300000000000000.0,50,52000000000000.0
167040.826,23934112000000.0,4.0564241e+33,2.9503962574892895,1.1281115377668145e-13,0.0010172312969533408,2.0862311819144135,7.976998532604509e-14,3.117904096966987,1.192174637304974e-13,300000000000000.0,50,52000000000000.0
168040.826,23843869000000.0,4.0292075e+33,2.9539655688543687,1.1181660905517291e-13,0.001015999567927244,2.088755080544841,7.906673103348022e-14,3.1216761020916795,1.181664394139818e-13,300000000000000.0,50,52000000000000.0
169040.826,23751723000000.0,3.9058346e+33,2.9575348802194483,1.1082206433366438e-13,0.0010147678389011473,2.091278979175269,7.836347674091535e-14,3.1254481072163713,1.171154150974662e-13,300000000000000.0,50,52000000000000.0
170040.826,23654714000000.0,3.8545701e+33,2.961047884081857,1.0978835288171422e-13,0.0010135607491527994,2.093763062107015,7.763252728427453e-14,3.1291606071692706,1.1602299993527068e-13,300000000000000.0,50,52000000000000.0
171040.826,23553163000000.0,3.8137392e+33,2.964532177017712,1.0873467050106491e-13,0.0010123662228544404,2.096226843204258,7.688745619580905e-14,3.1328427657194102,1.1490947977864364e-13,300000000000000.0,50,52000000000000.0
172040.826,23452256000000.0,3.7740295e+33,2.968016469953567,1.076809881204156e-13,0.0010111716965560814,2.098690624301501,7.614238510734357e-14,3.1365249242695503,1.1379595962201658e-13,300000000000000.0,50,52000000000000.0
173040.826,23354919000000.0,3.7356073e+33,2.971417690902072,1.0669269531045938e-13,0.0010100124765321176,2.1010956642285654,7.544355175988942e-14,3.1401192932409097,1.1275154247793582e-13,300000000000000.0,50,52000000000000.0
174040.826,23261275000000.0,3.6991581e+33,2.9748104450689135,1.0571106707222957e-13,0.0010088568549596441,2.1034947171956637,7.474943101015035e-14,3.143704714608876,1.1171416838336198e-13,300000000000000.0,50,52000000000000.0
175040.826,23168924000000.0,3.6643922e+33,2.978193847080151,1.0473353601827992e-13,0.001007705194071985,2.10588715714471,7.405820743132399e-14,3.147280252720052,1.1068112415516777e-13,300000000000000.0,50,52000000000000.0
176040.826,23077577000000.0,3.6307719e+33,2.981499935201027,1.0378987622029092e-13,0.0010065862760047506,2.1082249275422376,7.339093464671044e-14,3.1507740863489313,1.0968387475639591e-13,300000000000000.0,50,52000000000000.0
177040.826,22985488000000.0,3.5977706e+33,2.984806023321904,1.0284621642230193e-13,0.0010054673579375163,2.1105626979397645,7.27236618620969e-14,3.1542679199778108,1.0868662535762406e-13,300000000000000.0,50,52000000000000.0
178040.826,22891593000000.0,3.566228e+33,2.988089862017094,1.018982307729395e-13,0.0010043577742696464,2.1128847355104137,7.205333024014196e-14,3.157738240655905,1.0768480447992762e-13,300000000000000.0,50,52000000000000.0
179040.826,22795964000000.0,3.5368653e+33,2.991311281225195,1.0093810919576633e-13,0.001003274377723585,2.115162635538007,7.137441722554187e-14,3.1611425970997447,1.0667015858041981e-13,300000000000000.0,50,52000000000000.0
180040.826,22698314000000.0,3.5091204e+33,2.9945327004332967,9.997798761859315e-14,0.0010021909811775236,2.1174405355655996,7.069550421094179e-14,3.164546953543584,1.0565551268091198e-13,300000000000000.0,50,52000000000000.0
181040.826,22602273000000.0,3.4830899e+33,2.9977216064930308,9.90212218570423e-14,0.0010011209524698895,2.1196954451718786,7.001896415512957e-14,3.167916950450616,1.0464441320501157e-13,300000000000000.0,50,52000000000000.0
182040.826,22506311000000.0,3.4585701e+33,3.0008554786848713,9.807013636710183e-14,0.0010000735510343284,2.121911439696938,6.934644072357576e-14,3.1712287881726864,1.0363931663618437e-13,300000000000000.0,50,52000000000000.0
183040.826,22408851000000.0,3.4363701e+33,3.003989350876712,9.711905087716136e-14,0.000999026149598767,2.1241274342219967,6.867391729202196e-14,3.1745406258947564,1.0263422006735716e-13,300000000000000.0,50,52000000000000.0
184040.826,22307912000000.0,3.4161896e+33,3.0070850655635915,9.615711625924175e-14,0.0009979942015806004,2.1263164471387275,6.799372235558526e-14,3.1778121391899306,1.0161765831756014e-13,300000000000000.0,50,52000000000000.0
185040.826,22205627000000.0,3.4000137e+33,3.0101308042051422,9.518097220828339e-14,0.0009969824933734222,2.128470121422018,6.730347981576978e-14,3.1810308383561803,1.0058608027137685e-13,300000000000000.0,50,52000000000000.0
186040.826,22102946000000.0,3.386135e+33,3.0131765428466926,9.420482815732504e-14,0.0009959707851662438,2.130623795705308,6.661323727595431e-14,3.18424953752243,9.955450222519355e-14,300000000000000.0,50,52000000000000.0
187040.826,21998208000000.0,3.3704547e+33,3.0161812148663363,9.322207568935836e-14,0.0009949753627783023,2.1327484313140506,6.591832188407488e-14,3.1874248379448686,9.851594053056842e-14,300000000000000.0,50,52000000000000.0
188040.826,21888340000000.0,3.3508284e+33,3.0191350266934056,9.223113882866488e-14,0.0009940001100528296,2.134837103103249,6.5217619258067e-14,3.1905463898882456,9.74687297265663e-14,300000000000000.0,50,52000000000000.0
189040.826,21782687000000.0,3.3367817e+33,3.022088838520475,9.124020196797141e-14,0.000993024857327357,2.136925774892448,6.451691663205912e-14,3.1936679418316225,9.642151892256417e-14,300000000000000.0,50,52000000000000.0
190040.826,21676821000000.0,3.3178678e+33,3.0250035825168506,9.02533836840818e-14,0.0009920648090366595,2.1389868213781127,6.381912632245625e-14,3.1967482073358586,9.537866062039491e-14,300000000000000.0,50,52000000000000.0
191040.826,21565444000000.0,3.2944773e+33,3.027862556674617,8.92724447223754e-14,0.0009911264652751998,2.1410084323821486,6.31254933825614e-14,3.1997695359089486,9.434201557144324e-14,300000000000000.0,50,52000000000000.0
192040.826,21456562000000.0,3.2739208e+33,3.0307215308323836,8.829150576066901e-14,0.00099018812151374,2.143030043386184,6.243186044266656e-14,3.2027908644820386,9.330537052249157e-14,300000000000000.0,50,52000000000000.0
193040.826,21351665000000.0,3.2540362e+33,3.0335492304735605,8.734929629045548e-14,0.000989261771306002,2.145029539828833,6.176561355685316e-14,3.205779142504537,9.230965435062117e-14,300000000000000.0,50,52000000000000.0
194040.826,21253688000000.0,3.2338036e+33,3.036312796923244,8.648650758082451e-14,0.0009883600157191065,2.1469836869725984,6.115552597395508e-14,3.208699645305508,9.139786911670751e-14,300000000000000.0,50,52000000000000.0
195040.826,21159239000000.0,3.2154145e+33,3.0390763633729274,8.562371887119354e-14,0.0009874582601322108,2.1489378341163636,6.054543839105701e-14,3.211620148106478,9.048608388279386e-14,300000000000000.0,50,52000000000000.0
196040.826,21065370000000.0,3.1982628e+33,3.0418234286096295,8.476524171772587e-14,0.0009865628521206957,2.1508803130671748,5.993839956561199e-14,3.2145232126144228,8.957885506369175e-14,300000000000000.0,50,52000000000000.0
197040.826,20970157000000.0,3.1808724e+33,3.0445017140126542,8.392473585619484e-14,0.0009856939018719776,2.1527741570254184,5.934406847448793e-14,3.2173535913813067,8.869061814859398e-14,300000000000000.0,50,52000000000000.0
198040.826,20874005000000.0,3.1607553e+33,3.047179999415679,8.308422999466382e-14,0.0009848249516232596,2.154668000983662,5.874973738336388e-14,3.2201839701481907,8.78023812334962e-14,300000000000000.0,50,52000000000000.0
199040.826,20776838000000.0,3.1392751e+33,3.0498575917395785,8.224414926163352e-14,0.0009839562648871704,2.156561354857908,5.815570690551045e-14,3.2230136164770373,8.691459358953624e-14,300000000000000.0,50,52000000000000.0
200040.826,20680312000000.0,3.11713e+33,3.0524514474117543,8.145543183753549e-14,0.000983119415302743,2.158395497609586,5.759799601635013e-14,3.2257547708766636,8.608108612723113e-14,300000000000000.0,50,52000000000000.0
201040.826,20587313000000.0,3.0969349e+33,3.0550453030839297,8.066671441343744e-14,0.0009822825657183156,2.1602296403612637,5.70402851271898e-14,3.2284959252762895,8.524757866492602e-14,300000000000000.0,50,52000000000000.0
202040.826,20499794000000.0,3.082156e+33,3.0576391587561056,7.98779969893394e-14,0.0009814457161338881,2.162063783112942,5.648257423802948e-14,3.2312370796759153,8.44140712026209e-14,300000000000000.0,50,52000000000000.0
203040.826,20416581000000.0,3.0714007e+33,3.060170926865059,7.919655410854007e-14,0.0009806323311869654,2.163854023056045,5.600071834436639e-14,3.2339126206559814,8.369393019194996e-14,300000000000000.0,50,52000000000000.0
204040.826,20337820000000.0,3.0681827e+33,3.0626842664459852,7.854695193504697e-14,0.000979825910899428,2.165631231981398,5.5541377360905405e-14,3.2365686865805183,8.300743805913795e-14,300000000000000.0,50,52000000000000.0
205040.826,20266893000000.0,3.0663753e+33,3.065197606026911,7.789734976155387e-14,0.000979019490611891,2.1674084409067516,5.5082036377444425e-14,3.2392247525050553,8.232094592632592e-14,300000000000000.0,50,52000000000000.0
206040.826,20198820000000.0,3.067767e+33,3.0676785037552303,7.7354333081034e-14,0.000978225516746955,2.169162709834227,5.4698063134891496e-14,3.241846534251527,8.174709203540957e-14,300000000000000.0,50,52000000000000.0
207040.826,20151981000000.0,3.0614529e+33,3.070124450255791,7.692614627431764e-14,0.000977444952034585,2.1708922643565067,5.439528732301987e-14,3.244431379941027,8.129458894694784e-14,300000000000000.0,50,52000000000000.0
208040.826,20115874000000.0,3.1098909e+33,3.072570396756352,7.649795946760127e-14,0.000976664387322215,2.172621818878786,5.409251151114824e-14,3.2470162256305275,8.084208585848613e-14,300000000000000.0,50,52000000000000.0
209040.826,20063483000000.0,3.1739096e+33,3.075010106932302,7.602795715891503e-14,0.0009758863757495717,2.174346963624264,5.376016752269607e-14,3.249594480841053,8.034539267791591e-14,300000000000000.0,50,52000000000000.0
210040.826,19975108000000.0,3.1563237e+33,3.077410908635343,7.529706764067564e-14,0.0009751242932335587,2.1760445957414007,5.32433474735421e-14,3.2521316180071116,7.957299720329239e-14,300000000000000.0,50,52000000000000.0
211040.826,19896486000000.0,3.1458496e+33,3.079811710338384,7.456617812243625e-14,0.0009743622107175457,2.177742227858537,5.272652742438813e-14,3.2546687551731703,7.880060172866885e-14,300000000000000.0,50,52000000000000.0
212040.826,19797380000000.0,3.1593238e+33,3.082212512041425,7.383528860419685e-14,0.0009736001282015328,2.179439859975674,5.2209707375234155e-14,3.257205892339229,7.802820625404533e-14,300000000000000.0,50,52000000000000.0
213040.826,19679631000000.0,3.1480746e+33,3.084555321270015,7.298473000698723e-14,0.0009728593431409609,2.181096484973748,5.1608268097472944e-14,3.2596817437381365,7.712934604846091e-14,300000000000000.0,50,52000000000000.0
214040.826,19561180000000.0,3.1426528e+33,3.0868778101731884,7.209223985486469e-14,0.0009721260206215067,2.1827387412453336,5.0977178588745086e-14,3.26213612085536,7.618617311935206e-14,300000000000000.0,50,52000000000000.0
215040.826,19450075000000.0,3.1450121e+33,3.089200299076362,7.119974970274216e-14,0.0009713926981020526,2.1843809975169193,5.0346089080017234e-14,3.2645904979725833,7.524300019024322e-14,300000000000000.0,50,52000000000000.0
216040.826,19343269000000.0,3.140091e+33,3.091494833491946,7.032855611927534e-14,0.0009706692509328392,2.1860034868658142,4.9730058611560184e-14,3.2670153331213285,7.43223332273555e-14,300000000000000.0,50,52000000000000.0
217040.826,19233078000000.0,3.1423142e+33,3.093720139229805,6.951010302276785e-14,0.0009699702598527271,2.1875770238625605,4.915132152730329e-14,3.269367008230611,7.345740179807337e-14,300000000000000.0,50,52000000000000.0
218040.826,19123173000000.0,3.1138719e+33,3.095945444967663,6.869164992626036e-14,0.000969271268772615,2.1891505608593067,4.8572584443046395e-14,3.271718683339894,7.259247036879123e-14,300000000000000.0,50,52000000000000.0
219040.826,19020595000000.0,3.0697667e+33,3.0981707507055214,6.787319682975288e-14,0.000968572277692503,2.190724097856053,4.7993847358789497e-14,3.2740703584491766,7.172753893950908e-14,300000000000000.0,50,52000000000000.0
220040.826,18925700000000.0,3.0362553e+33,3.10032553684677,6.716579607779396e-14,0.0009678980688881049,2.192247769679218,4.74936365801945e-14,3.2763475092934176,7.097996627556673e-14,300000000000000.0,50,52000000000000.0
221040.826,18835337000000.0,3.0117417e+33,3.102460271828509,6.648997134699134e-14,0.000967230906541532,2.1937572631094615,4.701575354532238e-14,3.2786034703124534,7.026576276625418e-14,300000000000000.0,50,52000000000000.0
222040.826,18748647000000.0,2.9951285e+33,3.1045950068102472,6.58141466161887e-14,0.000966563744194959,2.1952667565397044,4.653787051045025e-14,3.280859431331489,6.955155925694163e-14,300000000000000.0,50,52000000000000.0
223040.826,18663002000000.0,2.9896665e+33,3.106713590402489,6.514778575539643e-14,0.0009659022997705805,2.196764829146355,4.606667948406164e-14,3.283098323754877,6.884735705676769e-14,300000000000000.0,50,52000000000000.0
224040.826,18577242000000.0,3.0026105e+33,3.108772321661101,6.451649523362375e-14,0.0009652620442963491,2.198220579515396,4.562028708719582e-14,3.285273964946443,6.818021678810247e-14,300000000000000.0,50,52000000000000.0
225040.826,18492705000000.0,3.0178406e+33,3.1108310529197123,6.388520471185108e-14,0.0009646217888221176,2.1996763298844373,4.5173894690330005e-14,3.2874496061380083,6.751307651943724e-14,300000000000000.0,50,52000000000000.0
226040.826,18408541000000.0,3.0183861e+33,3.112889784178324,6.32539141900784e-14,0.0009639815333478862,2.201132080253478,4.472750229346419e-14,3.289625247329574,6.6845936250772e-14,300000000000000.0,50,52000000000000.0
227040.826,18322092000000.0,3.0126184e+33,3.1149060621382336,6.264070011206104e-14,0.0009633562227811101,2.202557811433083,4.429389195661845e-14,3.2917560243831163,6.61978989665735e-14,300000000000000.0,50,52000000000000.0
228040.826,18237162000000.0,3.0174332e+33,3.116892643345284,6.20401307919113e-14,0.0009627413664131074,2.2039625437156176,4.3869222872609365e-14,3.293855418263622,6.556322452168129e-14,300000000000000.0,50,52000000000000.0
229040.826,18156054000000.0,3.0316155e+33,3.118879224552335,6.143956147176158e-14,0.0009621265100451046,2.2053672759981526,4.3444553788600275e-14,3.2959548121441284,6.492855007678909e-14,300000000000000.0,50,52000000000000.0
230040.826,18075944000000.0,3.0470995e+33,3.1208658057593857,6.083899215161186e-14,0.0009615116536771017,2.2067720082806876,4.301988470459119e-14,3.2980542060246347,6.429387563189688e-14,300000000000000.0,50,52000000000000.0
231040.826,17999417000000.0,3.0563185e+33,3.1227892336680787,6.029094595371779e-14,0.0009609188618732846,2.208132084180577,4.2632355292591674e-14,3.300086860257887,6.371470699521818e-14,300000000000000.0,50,52000000000000.0
232040.826,17925419000000.0,3.0593812e+33,3.1247060595914196,5.974839047274298e-14,0.0009603283766778846,2.209487491744975,4.224870842634956e-14,3.3021125375923064,6.314134088259339e-14,300000000000000.0,50,52000000000000.0
233040.826,17850148000000.0,3.0641718e+33,3.12662288551476,5.920583499176817e-14,0.0009597378914824847,2.2108428993093736,4.186506156010744e-14,3.304138214926726,6.256797476996861e-14,300000000000000.0,50,52000000000000.0
234040.826,17772012000000.0,3.0631722e+33,3.128529310656132,5.86566557175571e-14,0.0009591510354723816,2.212190952368014,4.1476730945076795e-14,3.306152900839743,6.19876087232127e-14,300000000000000.0,50,52000000000000.0
235040.826,17691345000000.0,3.0446344e+33,3.130382094605209,5.807331476514009e-14,0.0009585828966920947,2.2135010751576822,4.106424427426309e-14,3.308110899385327,6.137114108198962e-14,300000000000000.0,50,52000000000000.0
236040.826,17607231000000.0,3.0203551e+33,3.1322348785542857,5.74899738127231e-14,0.0009580147579118078,2.214811197947351,4.065175760344938e-14,3.310068897930911,6.075467344076654e-14,300000000000000.0,50,52000000000000.0
237040.826,17520635000000.0,2.9915291e+33,3.134087662503363,5.69066328603061e-14,0.0009574466191315209,2.21612132073702,4.0239270932635677e-14,3.3120268964764956,6.013820579954348e-14,300000000000000.0,50,52000000000000.0
238040.826,17434308000000.0,2.956702e+33,3.135915354386962,5.6344188024086933e-14,0.0009568870558886148,2.217413700656914,3.9841560131729845e-14,3.313958378031708,5.95438209220082e-14,300000000000000.0,50,52000000000000.0
239040.826,17353788000000.0,2.9214778e+33,3.1376981622555937,5.581912160109533e-14,0.0009563428323373929,2.2186743426063638,3.9470280011338274e-14,3.3158424267044513,5.898893710096188e-14,300000000000000.0,50,52000000000000.0
240040.826,17278498000000.0,2.8934513e+33,3.1394809701242252,5.529405517810373e-14,0.0009557986087861709,2.219934984555814,3.9098999890946697e-14,3.317726475377195,5.843405327991556e-14,300000000000000.0,50,52000000000000.0
241040.826,17205151000000.0,2.8743121e+33,3.141263777992857,5.476898875511213e-14,0.000955254385234949,2.2211956265052644,3.8727719770555126e-14,3.319610524049938,5.787916945886924e-14,300000000000000.0,50,52000000000000.0
242040.826,17131295000000.0,2.8573615e+33,3.143015035982419,5.4275144729006476e-14,0.0009547209270962373,2.2224339591955684,3.8378517341710845e-14,3.3214612311935237,5.735728108564009e-14,300000000000000.0,50,52000000000000.0
243040.826,17057224000000.0,2.8433304e+33,3.1447338338280724,5.3813423916236265e-14,0.0009541985449695301,2.2236493389686594,3.805202958138219e-14,3.323277634851122,5.686934013205334e-14,300000000000000.0,50,52000000000000.0
244040.826,16987038000000.0,2.8317056e+33,3.146452631673726,5.335170310346605e-14,0.0009536761628428228,2.2248647187417503,3.772554182105353e-14,3.32509403850872,5.6381399178466586e-14,300000000000000.0,50,52000000000000.0
245040.826,16922674000000.0,2.8237146e+33,3.1481714295193792,5.2889982290695836e-14,0.0009531537807161155,2.2260800985148417,3.739905406072488e-14,3.3269104421663185,5.589345822487984e-14,300000000000000.0,50,52000000000000.0
246040.826,16865419000000.0,2.818546e+33,3.1498579461128187,5.2500364952208346e-14,0.0009526424318109474,2.227272651866761,3.712355142380244e-14,3.328692731388196,5.5481715318076626e-14,300000000000000.0,50,52000000000000.0
247040.826,16814863000000.0,2.812847e+33,3.1515195408304892,5.216641316896923e-14,0.0009521396008088244,2.228447582691868,3.688741048521767e-14,3.330448683474099,5.5128799071503623e-14,300000000000000.0,50,52000000000000.0
248040.826,16767449000000.0,2.8040944e+33,3.15318113554816,5.1832461385730116e-14,0.0009516367698067014,2.229622513516975,3.6651269546632896e-14,3.332204635560003,5.477588282493062e-14,300000000000000.0,50,52000000000000.0
249040.826,16720670000000.0,2.7922761e+33,3.1548427302658304,5.1498509602491007e-14,0.0009511339388045784,2.230797444342082,3.641512860804812e-14,3.3339605876459064,5.442296657835762e-14,300000000000000.0,50,52000000000000.0
250040.826,16672682000000.0,2.7780487e+33,3.1564802798420617,5.1173060820056576e-14,0.00095063956276838,2.2319553725861194,3.6185000237415565e-14,3.3356911291141964,5.407903620665903e-14,300000000000000.0,50,52000000000000.0
251040.826,16624164000000.0,2.7614574e+33,3.1580998279791532,5.085397782473426e-14,0.000950151516557893,2.2331005718167254,3.595937318678287e-14,3.3374026468771114,5.374183312662849e-14,300000000000000.0,50,52000000000000.0
252040.826,16575649000000.0,2.7437907e+33,3.1597193761162448,5.053489482941195e-14,0.000949663470347406,2.2342457710473314,3.573374613615017e-14,3.3391141646400264,5.3404630046597936e-14,300000000000000.0,50,52000000000000.0
253040.826,16527590000000.0,2.7229086e+33,3.1613389242533367,5.0215811834089636e-14,0.000949175424136919,2.2353909702779373,3.550811908551747e-14,3.340825682402941,5.3067426966567385e-14,300000000000000.0,50,52000000000000.0
254040.826,16481968000000.0,2.6870867e+33,3.1629374673370325,4.989782297582695e-14,0.0009486947249937711,2.2365213166072118,3.5283265717498946e-14,3.3425150022775156,5.2731380167140684e-14,300000000000000.0,50,52000000000000.0
255040.826,16436663000000.0,2.6448578e+33,3.1645161875625063,4.958086667498742e-14,0.0009482209594142502,2.2376376459781984,3.5059142488103735e-14,3.344183373593423,5.2396424571151656e-14,300000000000000.0,50,52000000000000.0
256040.826,16390232000000.0,2.6068853e+33,3.1660949077879805,4.9263910374147885e-14,0.0009477471938347293,2.2387539753491854,3.4835019258708525e-14,3.34585174490933,5.206146897516263e-14,300000000000000.0,50,52000000000000.0
257040.826,16338206000000.0,2.5678752e+33,3.1676736280134548,4.8946954073308353e-14,0.0009472734282552084,2.2398703047201725,3.461089602931331e-14,3.3475201162252373,5.17265133791736e-14,300000000000000.0,50,52000000000000.0
258040.826,16284197000000.0,2.5341161e+33,3.1692362290389675,4.8629791277189664e-14,0.0009468052413993063,2.240975236030477,3.438662679017876e-14,3.3491714529650354,5.139133956947491e-14,300000000000000.0,50,52000000000000.0
259040.826,16229933000000.0,2.4980421e+33,3.1707737338676596,4.831230698582425e-14,0.0009463457401324087,2.2420624215485003,3.416213022653897e-14,3.350796268346713,5.1055826019949175e-14,300000000000000.0,50,52000000000000.0
260040.826,16177311000000.0,2.4558547e+33,3.172311238696352,4.799482269445884e-14,0.0009458862388655111,2.243149607066524,3.3937633662899176e-14,3.352421083728391,5.0720312470423435e-14,300000000000000.0,50,52000000000000.0
261040.826,16130150000000.0,2.4169386e+33,3.173848743525044,4.7677338403093425e-14,0.0009454267375986136,2.2442367925845472,3.371313709925938e-14,3.354045899110069,5.03847989208977e-14,300000000000000.0,50,52000000000000.0
262040.826,16089494000000.0,2.3846367e+33,3.1753778298897455,4.737930779451507e-14,0.0009449701162584058,2.245318025315965,3.350239643742533e-14,3.355661817961077,5.006984377700467e-14,300000000000000.0,50,52000000000000.0
263040.826,16052206000000.0,2.344624e+33,3.1768733792159076,4.7158775754565345e-14,0.000944524967820202,2.246375543646036,3.334645582100223e-14,3.3572422952764036,4.983678813909525e-14,300000000000000.0,50,52000000000000.0
264040.826,16016714000000.0,2.2980125e+33,3.1783689285420698,4.693824371461562e-14,0.0009440798193819981,2.2474330619761074,3.319051520457912e-14,3.3588227725917306,4.9603732501185827e-14,300000000000000.0,50,52000000000000.0
265040.826,15986293000000.0,2.2447406e+33,3.1798644778682315,4.67177116746659e-14,0.0009436346709437942,2.2484905803061785,3.303457458815601e-14,3.360403249907057,4.937067686327641e-14,300000000000000.0,50,52000000000000.0
266040.826,15955463000000.0,2.1839125e+33,3.1813600271943936,4.649717963471618e-14,0.0009431895225055903,2.2495480986362497,3.2878633971732906e-14,3.3619837272223836,4.913762122536698e-14,300000000000000.0,50,52000000000000.0
267040.826,15920474000000.0,2.1358937e+33,3.182827675456913,4.6297283452424085e-14,0.0009427543245413739,2.25058588781919,3.273728519087752e-14,3.363534719025369,4.892637330896692e-14,300000000000000.0,50,52000000000000.0
268040.826,15887032000000.0,2.0908983e+33,3.1842936075167962,4.609865658781005e-14,0.0009423197386337411,2.251622463456483,3.259683395812257e-14,3.365083897165812,4.8716466791935335e-14,300000000000000.0,50,52000000000000.0
269040.826,15856724000000.0,2.0422783e+33,3.1857595395766793,4.590002972319602e-14,0.0009418851527261083,2.2526590390937766,3.245638272536762e-14,3.3666330753062548,4.850656027490375e-14,300000000000000.0,50,52000000000000.0
270040.826,15831604000000.0,1.9905579e+33,3.1872254716365624,4.570140285858199e-14,0.0009414505668184754,2.25369561473107,3.231593149261267e-14,3.368182253446698,4.829665375787217e-14,300000000000000.0,50,52000000000000.0
271040.826,15804083000000.0,1.9560005e+33,3.1886747533595674,4.5547763574950414e-14,0.0009410219598196492,2.254720416732683,3.220729144500301e-14,3.369713835708415,4.8134289543531345e-14,300000000000000.0,50,52000000000000.0
272040.826,15800989000000.0,1.9496854e+33,3.1901135761476294,4.542238331011066e-14,0.0009405971084816661,2.2557378231067764,3.211863364269703e-14,3.37123436509161,4.800178910038704e-14,300000000000000.0,50,52000000000000.0
273040.826,15782980000000.0,1.9253134e+33,3.1915523989356913,4.529700304527091e-14,0.0009401722571436829,2.25675522948087,3.2029975840391056e-14,3.372754894474806,4.786928865724273e-14,300000000000000.0,50,52000000000000.0
274040.826,15761821000000.0,1.9194101e+33,3.1929912217237533,4.517162278043116e-14,0.0009397474058056997,2.2577726358549635,3.194131803808508e-14,3.374275423858001,4.7736788214098425e-14,300000000000000.0,50,52000000000000.0
275040.826,15734863000000.0,1.8949289e+33,3.194426289105409,4.503724252518171e-14,0.0009393240224916876,2.258787386738743,3.184629625150315e-14,3.37579198457026,4.7594776699163445e-14,300000000000000.0,50,52000000000000.0
276040.826,15713592000000.0,1.8828904e+33,3.195847721250557,4.48701848485004e-14,0.0009389059693209077,2.259792495992685,3.172816792961348e-14,3.377294135719085,4.74182321139668e-14,300000000000000.0,50,52000000000000.0
277040.826,15684851000000.0,1.8786888e+33,3.197269153395706,4.470312717181908e-14,0.0009384879161501278,2.2607976052466268,3.161003960772381e-14,3.3787962868679102,4.7241687528770153e-14,300000000000000.0,50,52000000000000.0
278040.826,15649545000000.0,1.8982807e+33,3.198690585540854,4.453606949513777e-14,0.0009380698629793478,2.2618027145005684,3.1491911285834134e-14,3.380298438016735,4.7065142943573504e-14,300000000000000.0,50,52000000000000.0
279040.826,15631454000000.0,1.8744228e+33,3.2001120176860023,4.436901181845645e-14,0.0009376518098085679,2.26280782375451,3.1373782963944466e-14,3.3818005891655605,4.6888598358376855e-14,300000000000000.0,50,52000000000000.0
280040.826,15607101000000.0,1.8453334e+33,3.201515879008911,4.4188219278248474e-14,0.000937240142309805,2.2638005084866535,3.1245942584651055e-14,3.3832841716763826,4.6697538954969573e-14,300000000000000.0,50,52000000000000.0
281040.826,15576490000000.0,1.8392936e+33,3.2029137628582918,4.400275423142622e-14,0.0009368306471729791,2.2647889664814755,3.111479822986716e-14,3.3847614372635806,4.6501541709700036e-14,300000000000000.0,50,52000000000000.0
282040.826,15548464000000.0,1.7967932e+33,3.204311646707673,4.381728918460397e-14,0.0009364211520361532,2.2657774244762976,3.0983653875083253e-14,3.3862387028507785,4.6305544464430506e-14,300000000000000.0,50,52000000000000.0
283040.826,15513222000000.0,1.8080332e+33,3.205709530557054,4.363182413778172e-14,0.0009360116568993274,2.266765882471119,3.0852509520299356e-14,3.3877159684379765,4.610954721916097e-14,300000000000000.0,50,52000000000000.0
284040.826,15485841000000.0,1.7766841e+33,3.2071020029725883,4.344748832634704e-14,0.0009356040710132812,2.2677505139821243,3.0722163660936996e-14,3.3891875152865487,4.5914743337530983e-14,300000000000000.0,50,52000000000000.0
285040.826,15451555000000.0,1.7819096e+33,3.2084733186479,4.32675674149962e-14,0.0009352039496041017,2.2687201853316683,3.0594939628558014e-14,3.3906367039448666,4.572460507415055e-14,300000000000000.0,50,52000000000000.0
286040.826,15425668000000.0,1.7698709e+33,3.209844634323212,4.3087646503645364e-14,0.0009348038281949223,2.2696898566812127,3.046771559617903e-14,3.3920858926031845,4.553446681077012e-14,300000000000000.0,50,52000000000000.0
287040.826,15402246000000.0,1.7390146e+33,3.2112159499985244,4.290772559229453e-14,0.0009344037067857428,2.270659528030757,3.034049156380005e-14,3.3935350812615024,4.5344328547389695e-14,300000000000000.0,50,52000000000000.0
288040.826,15370020000000.0,1.7419264e+33,3.2125872656738363,4.272780468094369e-14,0.0009340035853765633,2.271629199380301,3.021326753142107e-14,3.3949842699198203,4.515419028400926e-14,300000000000000.0,50,52000000000000.0
289040.826,15340632000000.0,1.7212849e+33,3.21394319754125,4.25157486402683e-14,0.000933608860937596,2.2725879926720394,3.006332042523731e-14,3.3964172011542733,4.493009203946429e-14,300000000000000.0,50,52000000000000.0
290040.826,15308787000000.0,1.6939125e+33,3.2152883200583253,4.2281113022851034e-14,0.0009332179286508821,2.2735391425546423,2.9897407072781295e-14,3.397838709196802,4.468213199579246e-14,300000000000000.0,50,52000000000000.0
291040.826,15265399000000.0,1.6981224e+33,3.2166334425754006,4.204647740543377e-14,0.0009328269963641681,2.274490292437245,2.973149372032529e-14,3.3992602172393305,4.4434171952120636e-14,300000000000000.0,50,52000000000000.0
292040.826,15218261000000.0,1.7027722e+33,3.217978565092476,4.1811841788016506e-14,0.0009324360640774542,2.2754414423198486,2.956558036786928e-14,3.4006817252818595,4.4186211908448816e-14,300000000000000.0,50,52000000000000.0
293040.826,15176887000000.0,1.66191e+33,3.2193236876095517,4.157720617059924e-14,0.0009320451317907403,2.2763925922024515,2.939966701541327e-14,3.402103233324388,4.393825186477699e-14,300000000000000.0,50,52000000000000.0
294040.826,15142446000000.0,1.6328926e+33,3.2206377103577877,4.1399584649284834e-14,0.0009316645755652501,2.2773217511061676,2.927406891991632e-14,3.4034918755125143,4.3750543589148284e-14,300000000000000.0,50,52000000000000.0
295040.826,15115921000000.0,1.6119285e+33,3.2219481187075485,4.122858927567844e-14,0.0009312852252400371,2.2782483542300973,2.915315624198726e-14,3.4048766980486476,4.3569837741726146e-14,300000000000000.0,50,52000000000000.0
296040.826,15092147000000.0,1.5879168e+33,3.2232585270573093,4.105759390207205e-14,0.0009309058749148242,2.2791749573540274,2.9032243564058194e-14,3.406261520584781,4.338913189430401e-14,300000000000000.0,50,52000000000000.0
297040.826,15064145000000.0,1.582929e+33,3.22456893540707,4.088659852846566e-14,0.0009305265245896111,2.280101560477957,2.8911330886129134e-14,3.407646343120914,4.3208426046881876e-14,300000000000000.0,50,52000000000000.0
298040.826,15034484000000.0,1.5525585e+33,3.2258760493003376,4.069813517084224e-14,0.000930148312579797,2.2810258340560723,2.8778066419624233e-14,3.409027684115179,4.300926026259806e-14,300000000000000.0,50,52000000000000.0
299040.826,14987765000000.0,1.5598048e+33,3.2271607475501836,4.0390818793984415e-14,0.0009297778457237374,2.281934257290307,2.856075977837543e-14,3.410385336527967,4.26844921633163e-14,300000000000000.0,50,52000000000000.0
300040.826,14934018000000.0,1.5425462e+33,3.22844544580003,4.0083502417126585e-14,0.0009294073788676777,2.282842680524542,2.8343453137126627e-14,3.4117429889407553,4.2359724064034536e-14,300000000000000.0,50,52000000000000.0
301040.826,14874328000000.0,1.5221077e+33,3.2297301440498765,3.977618604026876e-14,0.0009290369120116181,2.283751103758777,2.8126146495877822e-14,3.413100641353543,4.2034955964752776e-14,300000000000000.0,50,52000000000000.0
302040.826,14816828000000.0,1.5003075e+33,3.231014842299723,3.946886966341094e-14,0.0009286664451555584,2.284659526993012,2.7908839854629017e-14,3.414458293766331,4.171018786547101e-14,300000000000000.0,50,52000000000000.0
303040.826,14758673000000.0,1.4872581e+33,3.23228625827644,3.916131057482146e-14,0.0009283001973808489,2.2855585581922657,2.769136159264601e-14,3.4158019096391783,4.138516327642614e-14,300000000000000.0,50,52000000000000.0
304040.826,14704459000000.0,1.4740444e+33,3.2335239982985,3.885313611345724e-14,0.0009279446466902052,2.286433776769907,2.747344820242801e-14,3.417109937184786,4.1059488381703275e-14,300000000000000.0,50,52000000000000.0
305040.826,14649186000000.0,1.4649475e+33,3.2347617383205596,3.8544961652093025e-14,0.0009275890959995613,2.287308995347548,2.7255534812210006e-14,3.418417964730394,4.073381348698042e-14,300000000000000.0,50,52000000000000.0
306040.826,14592137000000.0,1.4575514e+33,3.2359994783426194,3.823678719072881e-14,0.0009272335453089176,2.288184213925189,2.7037621421992003e-14,3.4197259922760015,4.0408138592257553e-14,300000000000000.0,50,52000000000000.0
307040.826,14534164000000.0,1.4725841e+33,3.2372372183646796,3.7928612729364586e-14,0.0009268779946182737,2.28905943250283,2.6819708031774003e-14,3.4210340198216094,4.008246369753469e-14,300000000000000.0,50,52000000000000.0
308040.826,14481403000000.0,1.4356786e+33,3.2384577897074855,3.763629720210337e-14,0.0009265278373914033,2.2899225109275028,2.6613008658985138e-14,3.42232390372292,3.9773548323365876e-14,300000000000000.0,50,52000000000000.0
309040.826,14433751000000.0,1.4393627e+33,3.239647674519231,3.737232722587381e-14,0.0009261873202009711,2.290763890584576,2.6426352720467647e-14,3.4235813584841637,3.9494588168258185e-14,300000000000000.0,50,52000000000000.0
310040.826,14389927000000.0,1.4024581e+33,3.240837559330976,3.710835724964426e-14,0.0009258468030105388,2.2916052702416487,2.6239696781950157e-14,3.4248388132454073,3.921562801315049e-14,300000000000000.0,50,52000000000000.0
311040.826,14343110000000.0,1.4058801e+33,3.242027444142722,3.68443872734147e-14,0.0009255062858201066,2.292446649898722,2.6053040843432667e-14,3.426096268006651,3.89366678580428e-14,300000000000000.0,50,52000000000000.0
312040.826,14294255000000.0,1.3978171e+33,3.2432173289544672,3.6580417297185146e-14,0.0009251657686296744,2.293288029555795,2.5866384904915177e-14,3.427353722767895,3.865770770293511e-14,300000000000000.0,50,52000000000000.0
313040.826,14237051000000.0,1.4217981e+33,3.24439244253634,3.629625602184327e-14,0.0009248299063524377,2.294118964321315,2.566545149707348e-14,3.4285955674789528,3.835740965169169e-14,300000000000000.0,50,52000000000000.0
314040.826,14179593000000.0,1.4241281e+33,3.2455406697997633,3.597534291862337e-14,0.0009245025168618009,2.294930887489095,2.5438530504568795e-14,3.429808999066397,3.8018272757949984e-14,300000000000000.0,50,52000000000000.0
315040.826,14126325000000.0,1.4003329e+33,3.2466888970631866,3.565442981540347e-14,0.0009241751273711641,2.2957428106568756,2.5211609512064108e-14,3.431022430653842,3.767913586420828e-14,300000000000000.0,50,52000000000000.0
316040.826,14053267000000.0,1.4735825e+33,3.2478371243266104,3.5333516712183566e-14,0.0009238477378805273,2.2965547338246557,2.4984688519559424e-14,3.4322358622412863,3.7339998970466577e-14,300000000000000.0,50,52000000000000.0
317040.826,13992130000000.0,1.4248049e+33,3.2489853515900338,3.501260360896367e-14,0.0009235203483898906,2.2973666569924363,2.4757767527054737e-14,3.4334492938287307,3.700086207672487e-14,300000000000000.0,50,52000000000000.0
318040.826,13929947000000.0,1.4589894e+33,3.2501197329212395,3.468889503675155e-14,0.0009231972090596738,2.2981687895575598,2.4528869832962356e-14,3.434648093210771,3.665877097228345e-14,300000000000000.0,50,52000000000000.0
319040.826,13871495000000.0,1.423743e+33,3.2512164926680427,3.4357590733823673e-14,0.0009228856180865092,2.29894431950912,2.4294601128493048e-14,3.435807134579991,3.6308652810838326e-14,300000000000000.0,50,52000000000000.0
320040.826,13822210000000.0,1.40068e+33,3.252313252414846,3.4026286430895795e-14,0.0009225740271133447,2.299719849460681,2.406033242402374e-14,3.4369661759492116,3.595853464939319e-14,300000000000000.0,50,52000000000000.0
321040.826,13768158000000.0,1.3990566e+33,3.253410012161649,3.3694982127967917e-14,0.00092226243614018,2.300495379412242,2.3826063719554435e-14,3.4381252173184316,3.560841648794806e-14,300000000000000.0,50,52000000000000.0
322040.826,13691100000000.0,1.3763227e+33,3.254506771908453,3.336367782504004e-14,0.0009219508451670154,2.301270909363802,2.3591795015085127e-14,3.439284258687652,3.525829832650293e-14,300000000000000.0,50,52000000000000.0
323040.826,13601881000000.0,1.3690891e+33,3.2555980915418172,3.3034909117766853e-14,0.0009216409036713761,2.3020425925547983,2.335931925706257e-14,3.4404375510143805,3.4910859750948985e-14,300000000000000.0,50,52000000000000.0
324040.826,13515561000000.0,1.359689e+33,3.2566408530704085,3.272877297520877e-14,0.0009213456853066764,2.302779939806912,2.314284722440203e-14,3.441539527755358,3.458733898775594e-14,300000000000000.0,50,52000000000000.0
325040.826,13459233000000.0,1.3539974e+33,3.2576836145990002,3.2422636832650676e-14,0.0009210504669419768,2.3035172870590257,2.2926375191741493e-14,3.4426415044963363,3.4263818224562886e-14,300000000000000.0,50,52000000000000.0
326040.826,13409098000000.0,1.3562032e+33,3.2587263761275915,3.211650069009259e-14,0.0009207552485772772,2.30425463431114,2.2709903159080952e-14,3.4437434812373144,3.3940297461369833e-14,300000000000000.0,50,52000000000000.0
327040.826,13347285000000.0,1.3498336e+33,3.259769137656183,3.18103645475345e-14,0.0009204600302125777,2.3049919815632536,2.2493431126420414e-14,3.4448454579782926,3.361677669817679e-14,300000000000000.0,50,52000000000000.0
328040.826,13293787000000.0,1.3399455e+33,3.2608118991847745,3.150422840497641e-14,0.0009201648118478781,2.3057293288153677,2.2276959093759876e-14,3.4459474347192707,3.3293255934983735e-14,300000000000000.0,50,52000000000000.0
329040.826,13248828000000.0,1.3337577e+33,3.261811639720176,3.126345556718133e-14,0.0009198825736692304,2.306436255478246,2.2106706123474263e-14,3.4470039474244314,3.303881026721531e-14,300000000000000.0,50,52000000000000.0
330040.826,13204604000000.0,1.3296168e+33,3.2628036935912355,3.103436134828242e-14,0.0009196026546916488,2.3071377468212675,2.1944711224245078e-14,3.4480523369609477,3.279670641290944e-14,300000000000000.0,50,52000000000000.0
331040.826,13160545000000.0,1.3241946e+33,3.263795747462295,3.080526712938352e-14,0.0009193227357140672,2.307839238164289,2.1782716325015893e-14,3.4491007264974636,3.255460255860357e-14,300000000000000.0,50,52000000000000.0
332040.826,13111976000000.0,1.3164925e+33,3.264787801333355,3.057617291048462e-14,0.0009190428167364857,2.308540729507311,2.1620721425786705e-14,3.4501491160339794,3.231249870429771e-14,300000000000000.0,50,52000000000000.0
333040.826,13059885000000.0,1.3097556e+33,3.265779855204414,3.034707869158572e-14,0.0009187628977589042,2.3092422208503325,2.145872652655752e-14,3.4511975055704958,3.2070394849991846e-14,300000000000000.0,50,52000000000000.0
334040.826,13012575000000.0,1.302397e+33,3.2667522163394995,3.0095136796076424e-14,0.0009184889807675165,2.309929787255418,2.128057580768405e-14,3.4522250840743105,3.1804145876297427e-14,300000000000000.0,50,52000000000000.0
335040.826,12967631000000.0,1.2921382e+33,3.267705706424679,2.982130055099007e-14,0.0009182208153274188,2.310604009745312,2.108694337620463e-14,3.4532327198928012,3.151475924648648e-14,300000000000000.0,50,52000000000000.0
336040.826,12931414000000.0,1.2815554e+33,3.2686591965098586,2.954746430590372e-14,0.0009179526498873212,2.3112782322352063,2.0893310944725208e-14,3.4542403557112924,3.122537261667554e-14,300000000000000.0,50,52000000000000.0
337040.826,12881901000000.0,1.2715697e+33,3.269612686595038,2.9273628060817365e-14,0.0009176844844472236,2.3119524547251005,2.0699678513245786e-14,3.455247991529783,3.09359859868646e-14,300000000000000.0,50,52000000000000.0
338040.826,12799762000000.0,1.2593649e+33,3.2705661766802177,2.8999791815731006e-14,0.000917416319007126,2.3126266772149946,2.0506046081766368e-14,3.4562556273482743,3.064659935705365e-14,300000000000000.0,50,52000000000000.0
339040.826,12715239000000.0,1.2438151e+33,3.271515634296812,2.871945405074374e-14,0.000917149357090517,2.3132980483047874,2.0307816360561738e-14,3.457259001705711,3.0350342007478155e-14,300000000000000.0,50,52000000000000.0
340040.826,12633543000000.0,1.2319714e+33,3.2724222794024524,2.837008998434586e-14,0.0009168951729207034,2.313939146226793,2.0060777451493262e-14,3.458217132350962,2.998113858058472e-14,300000000000000.0,50,52000000000000.0
341040.826,12552739000000.0,1.2201724e+33,3.2733289245080925,2.802072591794798e-14,0.0009166409887508898,2.314580244148798,1.981373854242479e-14,3.459175262996213,2.961193515369129e-14,300000000000000.0,50,52000000000000.0
342040.826,12474389000000.0,1.2125104e+33,3.274235569613733,2.76713618515501e-14,0.0009163868045810762,2.3152213420708034,1.9566699633356314e-14,3.460133393641464,2.924273172679786e-14,300000000000000.0,50,52000000000000.0
343040.826,12398103000000.0,1.2068137e+33,3.2751422147193736,2.732199778515222e-14,0.0009161326204112626,2.315862439992809,1.9319660724287842e-14,3.461091524286715,2.887352829990443e-14,300000000000000.0,50,52000000000000.0
344040.826,12326930000000.0,1.2010525e+33,3.276048859825014,2.6972633718754335e-14,0.000915878436241449,2.316503537914814,1.907262181521937e-14,3.462049654931966,2.8504324873011e-14,300000000000000.0,50,52000000000000.0
345040.826,12259982000000.0,1.1957024e+33,3.2769206851641894,2.6702210395981223e-14,0.0009156344288329014,2.3171200144233746,1.8881402708213106e-14,3.462970988498356,2.8218544993707325e-14,300000000000000.0,50,52000000000000.0
346040.826,12202360000000.0,1.1887543e+33,3.277766592765044,2.6490545811241955e-14,0.0009153979963928909,2.317718164233754,1.8731732502013564e-14,3.4638649325340936,2.7994860581884685e-14,300000000000000.0,50,52000000000000.0
347040.826,12157547000000.0,1.176385e+33,3.2786125003658984,2.6278881226502684e-14,0.0009151615639528805,2.318316314044133,1.8582062295814026e-14,3.464758876569831,2.7771176170062045e-14,300000000000000.0,50,52000000000000.0
348040.826,12116107000000.0,1.1615665e+33,3.2794584079667533,2.6067216641763412e-14,0.0009149251315128702,2.3189144638545125,1.8432392089614484e-14,3.465652820605569,2.7547491758239405e-14,300000000000000.0,50,52000000000000.0
349040.826,12074418000000.0,1.1459623e+33,3.2803043155676077,2.585555205702414e-14,0.0009146886990728597,2.319512613664892,1.8282721883414942e-14,3.4665467646413064,2.7323807346416762e-14,300000000000000.0,50,52000000000000.0
350040.826,12033360000000.0,1.1308813e+33,3.281150223168462,2.564388747228487e-14,0.0009144522666328493,2.3201107634752707,1.8133051677215403e-14,3.467440708677044,2.7100122934594122e-14,300000000000000.0,50,52000000000000.0
351040.826,11991294000000.0,1.1184113e+33,3.2819598251487005,2.547655587029146e-14,0.000914226615408963,2.3206832412076754,1.8014729775625543e-14,3.4682962853996884,2.6923289043312476e-14,300000000000000.0,50,52000000000000.0
352040.826,11950529000000.0,1.1074606e+33,3.2827683360305495,2.5310556614232924e-14,0.0009140012881946197,2.3212549474131805,1.789734998944559e-14,3.4691507090635834,2.6747863157915463e-14,300000000000000.0,50,52000000000000.0
353040.826,11914819000000.0,1.0966073e+33,3.283576846912399,2.5144557358174387e-14,0.0009137759609802763,2.3218266536186856,1.7779970203265635e-14,3.470005132727479,2.657243727251845e-14,300000000000000.0,50,52000000000000.0
354040.826,11882824000000.0,1.0856745e+33,3.2843853577942483,2.497855810211585e-14,0.0009135506337659329,2.3223983598241906,1.766259041708568e-14,3.470859556391374,2.6397011387121437e-14,300000000000000.0,50,52000000000000.0
355040.826,11846451000000.0,1.0758313e+33,3.2851938686760978,2.4812558846057313e-14,0.0009133253065515895,2.3229700660296957,1.7545210630905727e-14,3.471713980055269,2.6221585501724424e-14,300000000000000.0,50,52000000000000.0
356040.826,11805079000000.0,1.0688926e+33,3.2859941160848383,2.4630230743024115e-14,0.0009131024509067816,2.323535929048131,1.7416284553663415e-14,3.4725596709867355,2.6028903507846366e-14,300000000000000.0,50,52000000000000.0
357040.826,11765427000000.0,1.0711199e+33,3.2867728213553655,2.4405334790640318e-14,0.000912886038423564,2.3240865593984363,1.7257258324263192e-14,3.473382596462746,2.5791236376478895e-14,300000000000000.0,50,52000000000000.0
358040.826,11719693000000.0,1.0783988e+33,3.2875515266258923,2.418043883825652e-14,0.0009126696259403466,2.3246371897487412,1.709823209486297e-14,3.474205521938756,2.5553569245111424e-14,300000000000000.0,50,52000000000000.0
359040.826,11666352000000.0,1.1003187e+33,3.288330231896419,2.3955542885872726e-14,0.0009124532134571292,2.3251878200990466,1.6939205865462748e-14,3.475028447414767,2.5315902113743957e-14,300000000000000.0,50,52000000000000.0
360040.826,11605920000000.0,1.1465217e+33,3.289108937166946,2.373064693348893e-14,0.0009122368009739116,2.3257384504493515,1.6780179636062525e-14,3.4758513728907774,2.5078234982376486e-14,300000000000000.0,50,52000000000000.0
361040.826,11533260000000.0,1.1623948e+33,3.2898876424374732,2.350575098110513e-14,0.0009120203884906942,2.326289080799657,1.6621153406662303e-14,3.4766742983667878,2.4840567851009015e-14,300000000000000.0,50,52000000000000.0
362040.826,11485306000000.0,1.1326216e+33,3.2906461956059654,2.3322039921077935e-14,0.0009118098522646098,2.326825461392387,1.64912494320503e-14,3.477475927362222,2.4646424374644563e-14,300000000000000.0,50,52000000000000.0
363040.826,11443556000000.0,1.120476e+33,3.2913838634496915,2.3181012242211707e-14,0.0009116054060999206,2.3273470737582453,1.6391527308847056e-14,3.4782554850167893,2.4497388136631665e-14,300000000000000.0,50,52000000000000.0
364040.826,11409283000000.0,1.0688659e+33,3.2921215312934176,2.303998456334548e-14,0.0009114009599352314,2.3278686861241034,1.6291805185643807e-14,3.479035042671356,2.434835189861877e-14,300000000000000.0,50,52000000000000.0
365040.826,11380989000000.0,1.0418878e+33,3.2928591991371436,2.289895688447925e-14,0.0009111965137705422,2.328390298489962,1.619208306244056e-14,3.4798146003259225,2.4199315660605874e-14,300000000000000.0,50,52000000000000.0
366040.826,11357112000000.0,1.0178364e+33,3.2935968669808697,2.2757929205613026e-14,0.000910992067605853,2.3289119108558203,1.6092360939237315e-14,3.480594157980489,2.4050279422592976e-14,300000000000000.0,50,52000000000000.0
367040.826,11325116000000.0,1.0063732e+33,3.2943345348245963,2.2616901526746798e-14,0.0009107876214411639,2.3294335232216783,1.599263881603407e-14,3.4813737156350557,2.390124318458008e-14,300000000000000.0,50,52000000000000.0
368040.826,11287441000000.0,9.979238e+32,3.2950562293780425,2.24530803924164e-14,0.000910587919460937,2.3299438407095807,1.5876799213203777e-14,3.482136392921803,2.3728119126915847e-14,300000000000000.0,50,52000000000000.0
369040.826,11243184000000.0,1.0035791e+33,3.2957677449494542,2.227473412458968e-14,0.0009103912407130917,2.3304469605345224,1.5750688743651452e-14,3.4828883131911943,2.3539645101949775e-14,300000000000000.0,50,52000000000000.0
370040.826,11197523000000.0,1.0015518e+33,3.296479260520866,2.2096387856762962e-14,0.0009101945619652464,2.3309500803594645,1.562457827409913e-14,3.483640233460585,2.33511710769837e-14,300000000000000.0,50,52000000000000.0
371040.826,11156952000000.0,1.0095184e+33,3.2971907760922776,2.1918041588936244e-14,0.0009099978832174011,2.331453200184406,1.5498467804546806e-14,3.484392153729976,2.3162697052017627e-14,300000000000000.0,50,52000000000000.0
372040.826,11111107000000.0,1.0287331e+33,3.2979022916636893,2.1739695321109522e-14,0.0009098012044695558,2.331956320009348,1.5372357334994482e-14,3.485144073999367,2.2974223027051554e-14,300000000000000.0,50,52000000000000.0
373040.826,11064983000000.0,1.0363857e+33,3.298613807235101,2.1561349053282804e-14,0.0009096045257217105,2.33245943983429,1.524624686544216e-14,3.485895994268758,2.278574900208548e-14,300000000000000.0,50,52000000000000.0
374040.826,11016284000000.0,1.0414268e+33,3.2993039849318264,2.138074465340771e-14,0.0009094140519068252,2.332947471429864,1.5118539650624884e-14,3.486625364948661,2.2594888616951515e-14,300000000000000.0,50,52000000000000.0
375040.826,10965252000000.0,1.0417851e+33,3.299981889947996,2.119884146751519e-14,0.0009092271469178523,2.333426824887529,1.498991405265769e-14,3.4873417660187718,2.2402655694183696e-14,300000000000000.0,50,52000000000000.0
376040.826,10912146000000.0,1.0385343e+33,3.300659794964165,2.1016938281622675e-14,0.0009090402419288793,2.333906178345195,1.4861288454690497e-14,3.4880581670888824,2.221042277141588e-14,300000000000000.0,50,52000000000000.0
377040.826,10858063000000.0,1.0287728e+33,3.3013376999803348,2.0835035095730155e-14,0.0009088533369399065,2.3343855318028606,1.4732662856723303e-14,3.488774568158993,2.2018189848648066e-14,300000000000000.0,50,52000000000000.0
378040.826,10809465000000.0,1.0038397e+33,3.302015604996504,2.0653131909837638e-14,0.0009086664319509335,2.3348648852605263,1.460403725875611e-14,3.4894909692291036,2.182595692588025e-14,300000000000000.0,50,52000000000000.0
379040.826,10775630000000.0,9.7042775e+32,3.3026935100126735,2.0471228723945118e-14,0.0009084795269619606,2.335344238718192,1.4475411660788916e-14,3.4902073702992142,2.1633724003112435e-14,300000000000000.0,50,52000000000000.0
380040.826,10754350000000.0,9.4011646e+32,3.3033518449106425,2.0336408874972827e-14,0.0009082982659263582,2.3358097539456835,1.43800791656587e-14,3.490903089922752,2.1491248131492474e-14,300000000000000.0,50,52000000000000.0
381040.826,10733639000000.0,9.2847962e+32,3.3039949114982874,2.0238322733576634e-14,0.0009081214082178402,2.3362644727952238,1.431072144597795e-14,3.491582674194371,2.1387591958863067e-14,300000000000000.0,50,52000000000000.0
382040.826,10718208000000.0,9.0982673e+32,3.3046379780859327,2.014023659218044e-14,0.0009079445505093221,2.336719191644764,1.42413637262972e-14,3.492262258465991,2.128393578623366e-14,300000000000000.0,50,52000000000000.0
383040.826,10693209000000.0,9.0159088e+32,3.3052810446735776,2.0042150450784246e-14,0.0009077676928008041,2.3371739104943043,1.417200600661645e-14,3.492941842737611,2.1180279613604258e-14,300000000000000.0,50,52000000000000.0
384040.826,10664977000000.0,8.9044524e+32,3.3059241112612225,1.9944064309388052e-14,0.0009075908350922861,2.3376286293438446,1.4102648286935702e-14,3.4936214270092303,2.107662344097485e-14,300000000000000.0,50,52000000000000.0
385040.826,10625600000000.0,8.8417777e+32,3.3065671778488674,1.984597816799186e-14,0.000907413977383768,2.3380833481933854,1.4033290567254952e-14,3.49430101128085,2.0972967268345445e-14,300000000000000.0,50,52000000000000.0
386040.826,10602747000000.0,8.5732774e+32,3.3072028017716106,1.9750913753985268e-14,0.0009072393271600665,2.338532804258004,1.3966069542186049e-14,3.49497273023993,2.0872504418487518e-14,300000000000000.0,50,52000000000000.0
387040.826,10580111000000.0,8.4846861e+32,3.307826777191608,1.9660578640606724e-14,0.0009070681318672647,2.338974023546493,1.3902192654382645e-14,3.495632139211133,2.077703943291102e-14,300000000000000.0,50,52000000000000.0
388040.826,10560632000000.0,8.3817147e+32,3.3084507526116056,1.957024352722818e-14,0.0009068969365744629,2.339415242834982,1.3838315766579242e-14,3.496291548182336,2.0681574447334517e-14,300000000000000.0,50,52000000000000.0
389040.826,10540784000000.0,8.3090984e+32,3.309074728031603,1.9479908413849633e-14,0.0009067257412816611,2.3398564621234708,1.377443887877584e-14,3.496950957153539,2.0586109461758018e-14,300000000000000.0,50,52000000000000.0
390040.826,10517172000000.0,8.2677239e+32,3.3096987034516,1.938957330047109e-14,0.0009065545459888592,2.34029768141196,1.3710561990972436e-14,3.497610366124742,2.049064447618152e-14,300000000000000.0,50,52000000000000.0
391040.826,10489851000000.0,8.2243322e+32,3.3103226788715974,1.9299238187092546e-14,0.0009063833506960575,2.340738900700449,1.3646685103169034e-14,3.498269775095945,2.039517949060502e-14,300000000000000.0,50,52000000000000.0
392040.826,10461461000000.0,8.1991647e+32,3.310944553359211,1.9202483570997583e-14,0.00090621277804472,2.34117863439804,1.3578268920817235e-14,3.498926963828835,2.029293045994223e-14,300000000000000.0,50,52000000000000.0
393040.826,10425632000000.0,8.1706676e+32,3.3115506602821503,1.9057550381882713e-14,0.0009060468783374688,2.341607218688474,1.3475785187828002e-14,3.499567489602241,2.0139766954124824e-14,300000000000000.0,50,52000000000000.0
394040.826,10389802000000.0,8.1269413e+32,3.312156767205089,1.8912617192767844e-14,0.0009058809786302177,2.3420358029789083,1.3373301454838771e-14,3.5002080153756467,1.9986603448307416e-14,300000000000000.0,50,52000000000000.0
395040.826,10352214000000.0,8.0962606e+32,3.312762874128028,1.8767684003652974e-14,0.0009057150789229665,2.342464387269343,1.327081772184954e-14,3.5008485411490526,1.9833439942490013e-14,300000000000000.0,50,52000000000000.0
396040.826,10311236000000.0,8.0272139e+32,3.313368981050967,1.8622750814538108e-14,0.0009055491792157155,2.342892971559777,1.3168333988860308e-14,3.5014890669224585,1.9680276436672605e-14,300000000000000.0,50,52000000000000.0
397040.826,10266705000000.0,8.060946e+32,3.313975087973906,1.8477817625423238e-14,0.0009053832795084643,2.343321555850211,1.3065850255871077e-14,3.5021295926958644,1.9527112930855198e-14,300000000000000.0,50,52000000000000.0
398040.826,10227299000000.0,8.0640176e+32,3.3145811948968453,1.8332884436308368e-14,0.0009052173798012132,2.3437501401406453,1.2963366522881847e-14,3.5027701184692703,1.937394942503779e-14,300000000000000.0,50,52000000000000.0
399040.826,10183852000000.0,8.1065543e+32,3.315165646423461,1.8206537629360883e-14,0.0009050576811059648,2.344163411679955,1.2874025409293965e-14,3.5033877591020053,1.924042776484349e-14,300000000000000.0,50,52000000000000.0
400040.826,10142579000000.0,8.0682358e+32,3.3157426189604324,1.808660988571141e-14,0.0009049001240156938,2.344571394749575,1.2789223280489633e-14,3.503997496035934,1.911368968680138e-14,300000000000000.0,50,52000000000000.0
401040.826,10108720000000.0,7.9658673e+32,3.3163195914974044,1.7966682142061936e-14,0.0009047425669254228,2.344979377819195,1.2704421151685298e-14,3.504607232969863,1.898695160875927e-14,300000000000000.0,50,52000000000000.0
402040.826,10079576000000.0,7.882236e+32,3.316896564034376,1.7846754398412463e-14,0.0009045850098351516,2.345387360888815,1.2619619022880966e-14,3.5052169699037914,1.8860213530717162e-14,300000000000000.0,50,52000000000000.0
403040.826,10053203000000.0,7.8244066e+32,3.317473536571348,1.7726826654762987e-14,0.0009044274527448806,2.345795343958435,1.2534816894076631e-14,3.5058267068377202,1.8733475452675053e-14,300000000000000.0,50,52000000000000.0
404040.826,10025785000000.0,7.8121239e+32,3.31805050910832,1.7606898911113513e-14,0.0009042698956546095,2.346203327028055,1.2450014765272299e-14,3.506436443771649,1.8606737374632943e-14,300000000000000.0,50,52000000000000.0
405040.826,9994123200000.0,7.8298803e+32,3.3186209809101155,1.748749857659173e-14,0.0009041142039289454,2.3466067133616324,1.2365585573382527e-14,3.5070393108132825,1.8480556656519692e-14,300000000000000.0,50,52000000000000.0
406040.826,9961267000000.0,7.8297938e+32,3.319173453549244,1.7369558526549227e-14,0.0009039636770038898,2.346997372303995,1.228218896504032e-14,3.5076231565741565,1.8355919150328193e-14,300000000000000.0,50,52000000000000.0
407040.826,9928914900000.0,7.820309e+32,3.3197259261883723,1.7251618476506723e-14,0.0009038131500788343,2.3473880312463584,1.2198792356698116e-14,3.50820700233503,1.823128164413669e-14,300000000000000.0,50,52000000000000.0
408040.826,9896326900000.0,7.8011646e+32,3.320278398827501,1.7133678426464222e-14,0.0009036626231537788,2.3477786901887217,1.2115395748355912e-14,3.508790848095904,1.810664413794519e-14,300000000000000.0,50,52000000000000.0
409040.826,9866672300000.0,7.7541958e+32,3.3208308714666295,1.701573837642172e-14,0.0009035120962287233,2.348169349131085,1.2031999140013706e-14,3.509374693856778,1.798200663175369e-14,300000000000000.0,50,52000000000000.0
410040.826,9833518200000.0,7.7837932e+32,3.3213833441057576,1.689779832637922e-14,0.0009033615693036678,2.348560008073448,1.1948602531671501e-14,3.5099585396176516,1.7857369125562188e-14,300000000000000.0,50,52000000000000.0
411040.826,9796343900000.0,7.7885056e+32,3.3219358167448862,1.6779858276336715e-14,0.0009032110423786122,2.348950667015811,1.1865205923329295e-14,3.5105423853785256,1.773273161937069e-14,300000000000000.0,50,52000000000000.0
412040.826,9756619700000.0,7.844253e+32,3.3224715895770816,1.6632172958145793e-14,0.0009030652803203368,2.3493295173549247,1.1760776139579136e-14,3.511108583001305,1.757665971105309e-14,300000000000000.0,50,52000000000000.0
413040.826,9711814500000.0,7.9889163e+32,3.322999576517111,1.6470619608355394e-14,0.0009029217397691172,2.349702862210538,1.1646540132541987e-14,3.511666552594822,1.740593225215111e-14,300000000000000.0,50,52000000000000.0
414040.826,9663430200000.0,8.3336164e+32,3.323527563457141,1.6309066258565e-14,0.0009027781992178976,2.350076207066151,1.1532304125504836e-14,3.512224522188338,1.723520479324913e-14,300000000000000.0,50,52000000000000.0
415040.826,9609881900000.0,8.400111e+32,3.3240555503971705,1.6147512908774603e-14,0.0009026346586666781,2.350449551921764,1.1418068118467689e-14,3.512782491781855,1.7064477334347146e-14,300000000000000.0,50,52000000000000.0
416040.826,9557733800000.0,8.2796421e+32,3.3245835373372,1.5985959558984207e-14,0.0009024911181154586,2.350822896777377,1.1303832111430539e-14,3.513340461375371,1.6893749875445166e-14,300000000000000.0,50,52000000000000.0
417040.826,9509438600000.0,8.1172891e+32,3.3251115242772293,1.5824406209193812e-14,0.000902347577564239,2.3511962416329903,1.1189596104393391e-14,3.513898430968888,1.6723022416543185e-14,300000000000000.0,50,52000000000000.0
418040.826,9467926000000.0,7.9088877e+32,3.325639511217259,1.5662852859403413e-14,0.0009022040370130195,2.351569586488603,1.1075360097356241e-14,3.514456400562404,1.6552294957641205e-14,300000000000000.0,50,52000000000000.0
419040.826,9436686400000.0,7.6898915e+32,3.326133697404717,1.5589070500046587e-14,0.000902069968523977,2.3519190304903272,1.1023187838964548e-14,3.514978649964399,1.6474322719799682e-14,300000000000000.0,50,52000000000000.0
420040.826,9411809000000.0,7.4105037e+32,3.326627598523839,1.5516028382498166e-14,0.0009019359799202861,2.3522682729173487,1.0971539012988358e-14,3.5155005981099188,1.6397132759704348e-14,300000000000000.0,50,52000000000000.0
421040.826,9390418100000.0,7.1902391e+32,3.327121499642961,1.5442986264949746e-14,0.0009018019913165951,2.3526175153443702,1.091989018701217e-14,3.5160225462554386,1.631994279960901e-14,300000000000000.0,50,52000000000000.0
422040.826,9373720500000.0,7.0211417e+32,3.327615400762083,1.5369944147401326e-14,0.0009016680027129042,2.3529667577713913,1.0868241361035981e-14,3.5165444944009585,1.6242752839513675e-14,300000000000000.0,50,52000000000000.0
423040.826,9356896100000.0,6.8945517e+32,3.328109301881205,1.5296902029852905e-14,0.0009015340141092133,2.353316000198413,1.0816592535059791e-14,3.5170664425464784,1.616556287941834e-14,300000000000000.0,50,52000000000000.0
424040.826,9338198900000.0,6.8237798e+32,3.3286032030003265,1.5223859912304485e-14,0.0009014000255055224,2.3536652426254343,1.0764943709083603e-14,3.5175883906919982,1.6088372919323006e-14,300000000000000.0,50,52000000000000.0
425040.826,9316960600000.0,6.7558514e+32,3.3290940902303836,1.514815765357796e-14,0.0009012669048990489,2.3540123539007713,1.0711413870927502e-14,3.5181071537987423,1.6008371757776866e-14,300000000000000.0,50,52000000000000.0
426040.826,9296146800000.0,6.6973508e+32,3.3295723296915325,1.5061292127008028e-14,0.0009011374268381302,2.354350521809771,1.064999037548964e-14,3.5186125509077573,1.5916573404782622e-14,300000000000000.0,50,52000000000000.0
427040.826,9267911400000.0,6.6258454e+32,3.330050569152682,1.4974426600438098e-14,0.0009010079487772115,2.354688689718771,1.0588566880051777e-14,3.5191179480167722,1.5824775051788382e-14,300000000000000.0,50,52000000000000.0
428040.826,9243328100000.0,6.5632924e+32,3.3305288086138307,1.488756107386817e-14,0.0009008784707162929,2.35502685762777,1.0527143384613915e-14,3.519623345125787,1.5732976698794138e-14,300000000000000.0,50,52000000000000.0
429040.826,9213908900000.0,6.5015498e+32,3.3310070480749796,1.4800695547298237e-14,0.0009007489926553742,2.35536502553677,1.0465719889176053e-14,3.5201287422348018,1.5641178345799894e-14,300000000000000.0,50,52000000000000.0
430040.826,9187792600000.0,6.4493274e+32,3.331485287536129,1.4713830020728307e-14,0.0009006195145944556,2.3557031934457697,1.040429639373819e-14,3.5206341393438167,1.5549379992805653e-14,300000000000000.0,50,52000000000000.0
431040.826,9159297500000.0,6.4044039e+32,3.331963526997278,1.4626964494158378e-14,0.0009004900365335369,2.3560413613547695,1.0342872898300328e-14,3.5211395364528313,1.545758163981141e-14,300000000000000.0,50,52000000000000.0
432040.826,9131358600000.0,6.3525253e+32,3.33243641619304,1.453896302461604e-14,0.0009003620767101045,2.356375746036814,1.028064616666075e-14,3.521639279471323,1.536458283804254e-14,300000000000000.0,50,52000000000000.0
433040.826,9105265100000.0,6.3171319e+32,3.3328957270571173,1.4448078668087692e-14,0.0009002379699912706,2.3567005293427172,1.021638091790467e-14,3.522124673086382,1.5268537441300323e-14,300000000000000.0,50,52000000000000.0
434040.826,9076352700000.0,6.2655895e+32,3.3333550379211943,1.435719431155934e-14,0.0009001138632724366,2.3570253126486205,1.0152115669148591e-14,3.522610066701441,1.5172492044558107e-14,300000000000000.0,50,52000000000000.0
435040.826,9049857900000.0,6.2286052e+32,3.333814348785271,1.4266309955030994e-14,0.0008999897565536028,2.3573500959545237,1.0087850420392512e-14,3.5230954603165006,1.507644664781589e-14,300000000000000.0,50,52000000000000.0
436040.826,9021171400000.0,6.1851629e+32,3.334273659649348,1.4175425598502645e-14,0.0008998656498347689,2.357674879260427,1.0023585171636431e-14,3.5235808539315596,1.4980401251073673e-14,300000000000000.0,50,52000000000000.0
437040.826,8994368000000.0,6.1548129e+32,3.3347329705134254,1.4084541241974296e-14,0.000899741543115935,2.35799966256633,9.959319922880352e-15,3.5240662475466187,1.4884355854331457e-14,300000000000000.0,50,52000000000000.0
438040.826,8962295100000.0,6.1062687e+32,3.3351922813775023,1.3993656885445947e-14,0.0008996174363971011,2.3583244458722334,9.895054674124272e-15,3.5245516411616777,1.478831045758924e-14,300000000000000.0,50,52000000000000.0
439040.826,8933635800000.0,6.0758381e+32,3.3356463494804194,1.3904987283376313e-14,0.000899494806064891,2.3586455219686346,9.83235550077307e-15,3.525031494295461,1.4694605584483026e-14,300000000000000.0,50,52000000000000.0
440040.826,8903109500000.0,6.035369e+32,3.3360855339168425,1.3822605144291496e-14,0.0008993763670443685,2.3589560736737525,9.77410225645064e-15,3.525495618565576,1.460754522028323e-14,300000000000000.0,50,52000000000000.0
441040.826,8876306400000.0,6.0057415e+32,3.3365247183532656,1.3740223005206679e-14,0.0008992579280238462,2.3592666253788703,9.715849012128212e-15,3.5259597428356906,1.452048485608343e-14,300000000000000.0,50,52000000000000.0
442040.826,8848998500000.0,5.968093e+32,3.3369639027896887,1.3657840866121863e-14,0.0008991394890033238,2.359577177083988,9.657595767805782e-15,3.5264238671058057,1.4433424491883634e-14,300000000000000.0,50,52000000000000.0
443040.826,8824055200000.0,5.9330137e+32,3.337403087226112,1.3575458727037046e-14,0.0008990210499828015,2.3598877287891056,9.599342523483354e-15,3.5268879913759204,1.4346364127683838e-14,300000000000000.0,50,52000000000000.0
444040.826,8798584600000.0,5.8902783e+32,3.3378422716625344,1.3493076587952228e-14,0.0008989026109622791,2.3601982804942234,9.541089279160924e-15,3.527352115646035,1.4259303763484042e-14,300000000000000.0,50,52000000000000.0
445040.826,8774336300000.0,5.848272e+32,3.3382814560989575,1.3410694448867411e-14,0.0008987841719417566,2.3605088321993413,9.482836034838494e-15,3.52781623991615,1.4172243399284245e-14,300000000000000.0,50,52000000000000.0
446040.826,8751632700000.0,5.8106908e+32,3.338718339341118,1.332869087851026e-14,0.0008986663799410576,2.3608177567067057,9.424850480411331e-15,3.5282779323143467,1.4085583101727031e-14,300000000000000.0,50,52000000000000.0
447040.826,8726421600000.0,5.7619489e+32,3.339138983458038,1.324935880142082e-14,0.0008985531538460328,2.3611151983642595,9.368753966733643e-15,3.528722463417954,1.4001746004461299e-14,300000000000000.0,50,52000000000000.0
448040.826,8701071700000.0,5.7210191e+32,3.3395596275749577,1.317002672433138e-14,0.0008984399277510081,2.3614126400218134,9.312657453055955e-15,3.5291669945215616,1.3917908907195566e-14,300000000000000.0,50,52000000000000.0
449040.826,8675629700000.0,5.6758731e+32,3.339980271691877,1.309069464724194e-14,0.0008983267016559834,2.361710081679367,9.256560939378268e-15,3.529611525625169,1.3834071809929834e-14,300000000000000.0,50,52000000000000.0
450040.826,8648126000000.0,5.6312646e+32,3.340400915808797,1.30113625701525e-14,0.0008982134755609587,2.3620075233369207,9.20046442570058e-15,3.5300560567287764,1.3750234712664102e-14,300000000000000.0,50,52000000000000.0
451040.826,8620935800000.0,5.5923098e+32,3.340821559925717,1.2932030493063059e-14,0.000898100249465934,2.362304964994474,9.144367912022892e-15,3.530500587832384,1.366639761539837e-14,300000000000000.0,50,52000000000000.0
452040.826,8595309400000.0,5.5506251e+32,3.341242204042637,1.285269841597362e-14,0.0008979870233709093,2.362602406652028,9.088271398345203e-15,3.5309451189359913,1.3582560518132637e-14,300000000000000.0,50,52000000000000.0
453040.826,8570488000000.0,5.5091146e+32,3.3416628481595567,1.2773366338884179e-14,0.0008978737972758845,2.3628998483095818,9.032174884667515e-15,3.531389650039599,1.3498723420866905e-14,300000000000000.0,50,52000000000000.0
454040.826,8546981500000.0,5.4693717e+32,3.342067676302749,1.2696850790809131e-14,0.0008977650008458265,2.363186106332229,8.978069967865273e-15,3.5318174670298697,1.3417862795589005e-14,300000000000000.0,50,52000000000000.0
455040.826,8526192100000.0,5.4397835e+32,3.342470176146962,1.262074986922147e-14,0.000897656856515007,2.363470717991131,8.92425823775223e-15,3.5322428235043537,1.3337440342301812e-14,300000000000000.0,50,52000000000000.0
456040.826,8505662100000.0,5.4211141e+32,3.342872675991175,1.254464894763381e-14,0.0008975487121841873,2.3637553296500333,8.870446507639186e-15,3.532668179978838,1.325701788901462e-14,300000000000000.0,50,52000000000000.0
457040.826,8482966400000.0,5.4273736e+32,3.3432751758353874,1.246854802604615e-14,0.0008974405678533678,2.3640399413089352,8.816634777526144e-15,3.5330935364533227,1.3176595435727426e-14,300000000000000.0,50,52000000000000.0
458040.826,8455628300000.0,5.5228162e+32,3.3436776756796003,1.239244710445849e-14,0.0008973324235225482,2.364324552967837,8.7628230474131e-15,3.5335188929278067,1.3096172982440234e-14,300000000000000.0,50,52000000000000.0
459040.826,8422525800000.0,5.6260676e+32,3.3440801755238128,1.231634618287083e-14,0.0008972242791917287,2.3646091646267395,8.709011317300055e-15,3.5339442494022912,1.3015750529153042e-14,300000000000000.0,50,52000000000000.0
460040.826,8391868800000.0,5.5979022e+32,3.3444826753680257,1.2240245261283169e-14,0.0008971161348609091,2.3648937762856415,8.655199587187013e-15,3.5343696058767753,1.293532807586585e-14,300000000000000.0,50,52000000000000.0
461040.826,8369714600000.0,5.4833317e+32,3.344876308322183,1.2158149171746495e-14,0.0008970104648401246,2.365172118077049,8.597148614603027e-15,3.53478559193844,1.2848570009919175e-14,300000000000000.0,50,52000000000000.0
462040.826,8347159800000.0,5.3922043e+32,3.345261119819558,1.2070088633046839e-14,0.000896907256451198,2.365444222127287,8.534880121105115e-15,3.5351922556005686,1.275550879451194e-14,300000000000000.0,50,52000000000000.0
463040.826,8299106100000.0,5.3015924e+32,3.345645931316933,1.1982028094347184e-14,0.0008968040480622715,2.365716326177525,8.472611627607201e-15,3.5355989192626978,1.2662447579104707e-14,300000000000000.0,50,52000000000000.0
464040.826,8263013900000.0,5.2169847e+32,3.3460307428143077,1.1893967555647529e-14,0.000896700839673345,2.365988430227763,8.410343134109289e-15,3.536005582924827,1.2569386363697472e-14,300000000000000.0,50,52000000000000.0
465040.826,8233108200000.0,5.1572611e+32,3.3464155543116827,1.1805907016947874e-14,0.0008965976312844185,2.3662605342780014,8.348074640611375e-15,3.536412246586956,1.2476325148290237e-14,300000000000000.0,50,52000000000000.0
466040.826,8209138400000.0,5.1163759e+32,3.3468003658090577,1.171784647824822e-14,0.0008964944228954919,2.3665326383282395,8.285806147113463e-15,3.5368189102490852,1.2383263932883002e-14,300000000000000.0,50,52000000000000.0
467040.826,8181745300000.0,5.0637751e+32,3.3471851773064323,1.1629785939548564e-14,0.0008963912145065654,2.3668047423784775,8.22353765361555e-15,3.5372255739112144,1.2290202717475768e-14,300000000000000.0,50,52000000000000.0
468040.826,8154370000000.0,5.0244089e+32,3.3475697596377385,1.1541794964737999e-14,0.0008962880694333512,2.3670766843830813,8.161318349451515e-15,3.537631995393666,1.2197215016280064e-14,300000000000000.0,50,52000000000000.0
469040.826,8126994600000.0,4.9711795e+32,3.347933770085159,1.1460048632760455e-14,0.0008961906081138042,2.367334079801474,8.103514695782079e-15,3.5380166767806567,1.2110826572258972e-14,300000000000000.0,50,52000000000000.0
470040.826,8094049100000.0,4.9547386e+32,3.3482977805325795,1.1378302300782912e-14,0.0008960931467942571,2.367591475219867,8.04571104211264e-15,3.538401358167648,1.202443812823788e-14,300000000000000.0,50,52000000000000.0
471040.826,8065922200000.0,4.8596156e+32,3.34866179098,1.1296555968805368e-14,0.0008959956854747102,2.3678488706382597,7.987907388443204e-15,3.5387860395546387,1.1938049684216788e-14,300000000000000.0,50,52000000000000.0
472040.826,8042331700000.0,4.7985779e+32,3.3490258014274206,1.1214809636827825e-14,0.0008958982241551632,2.3681062660566523,7.930103734773766e-15,3.53917072094163,1.1851661240195695e-14,300000000000000.0,50,52000000000000.0
473040.826,8015511600000.0,4.7901808e+32,3.349389811874841,1.1133063304850281e-14,0.0008958007628356162,2.3683636614750454,7.87230008110433e-15,3.5395554023286206,1.1765272796174603e-14,300000000000000.0,50,52000000000000.0
474040.826,7983918200000.0,4.8427929e+32,3.3497538223222616,1.1051316972872738e-14,0.0008957033015160691,2.368621056893438,7.814496427434893e-15,3.539940083715612,1.167888435215351e-14,300000000000000.0,50,52000000000000.0
475040.826,7951255500000.0,4.791662e+32,3.350117832769682,1.0969570640895194e-14,0.0008956058401965221,2.3688784523118307,7.756692773765454e-15,3.5403247651026026,1.1592495908132417e-14,300000000000000.0,50,52000000000000.0
476040.826,7924380400000.0,4.7373054e+32,3.3504740148262777,1.0894232986398014e-14,0.0008955105357192448,2.369130312196322,7.703420760270761e-15,3.540701173549559,1.1512880069623057e-14,300000000000000.0,50,52000000000000.0
477040.826,7903594000000.0,4.6659227e+32,3.3508184016691454,1.0828551431384464e-14,0.0008954184810050565,2.369373831566531,7.656976671645972e-15,3.5410651169704246,1.1443468669203315e-14,300000000000000.0,50,52000000000000.0
478040.826,7880907700000.0,4.6574165e+32,3.3511627885120125,1.0762869876370915e-14,0.0008953264262908682,2.3696173509367404,7.61053258302118e-15,3.54142906039129,1.1374057268783573e-14,300000000000000.0,50,52000000000000.0
479040.826,7853987600000.0,4.6301508e+32,3.3515071753548797,1.0697188321357365e-14,0.0008952343715766799,2.36986087030695,7.56408849439639e-15,3.5417930038121557,1.1304645868363833e-14,300000000000000.0,50,52000000000000.0
480040.826,7824206600000.0,4.624198e+32,3.351851562197747,1.0631506766343817e-14,0.0008951423168624916,2.3701043896771594,7.5176444057716e-15,3.542156947233021,1.123523446794409e-14,300000000000000.0,50,52000000000000.0
481040.826,7795892800000.0,4.580018e+32,3.3521959490406146,1.0565825211330267e-14,0.0008950502621483034,2.3703479090473687,7.471200317146809e-15,3.5425208906538868,1.1165823067524348e-14,300000000000000.0,50,52000000000000.0
482040.826,7771414800000.0,4.5361512e+32,3.3525403358834818,1.0500143656316719e-14,0.0008949582074341151,2.370591428417578,7.424756228522019e-15,3.5428848340747527,1.1096411667104606e-14,300000000000000.0,50,52000000000000.0
483040.826,7756006200000.0,4.4663173e+32,3.352884722726349,1.0434462101303169e-14,0.0008948661527199268,2.3708349477877877,7.378312139897229e-15,3.5432487774956183,1.1027000266684864e-14,300000000000000.0,50,52000000000000.0
484040.826,7742279900000.0,4.4230488e+32,3.3532184853736693,1.0392778070217365e-14,0.0008947770303354051,2.3710709546823945,7.348836940080594e-15,3.543601493406856,1.0982949129956617e-14,300000000000000.0,50,52000000000000.0
485040.826,7727024200000.0,4.4028256e+32,3.3535468486006756,1.0363290041886951e-14,0.0008946893982171627,2.3713031435925536,7.327985655601364e-15,3.543948503281973,1.0951786566515772e-14,300000000000000.0,50,52000000000000.0
486040.826,7712177600000.0,4.3675243e+32,3.3538752118276824,1.0333802013556536e-14,0.0008946017660989204,2.3715353325027126,7.307134371122133e-15,3.5442955131570897,1.0920624003074927e-14,300000000000000.0,50,52000000000000.0
487040.826,7700381500000.0,4.318159e+32,3.3542035750546892,1.0304313985226122e-14,0.000894514133980678,2.3717675214128717,7.286283086642903e-15,3.5446425230322065,1.0889461439634081e-14,300000000000000.0,50,52000000000000.0
488040.826,7690809400000.0,4.2949027e+32,3.354531938281696,1.0274825956895707e-14,0.0008944265018624355,2.3719997103230313,7.265431802163673e-15,3.5449895329073233,1.0858298876193236e-14,300000000000000.0,50,52000000000000.0
489040.826,7684937700000.0,4.3186308e+32,3.354860301508703,1.0245337928565293e-14,0.0008943388697441932,2.3722318992331903,7.244580517684442e-15,3.54533654278244,1.082713631275239e-14,300000000000000.0,50,52000000000000.0
490040.826,7678329400000.0,4.3224836e+32,3.355188664735709,1.0215849900234879e-14,0.0008942512376259508,2.3724640881433494,7.223729233205212e-15,3.545683552657557,1.0795973749311545e-14,300000000000000.0,50,52000000000000.0
491040.826,7669246000000.0,4.3116711e+32,3.355517027962716,1.0186361871904464e-14,0.0008941636055077084,2.3726962770535085,7.202877948725981e-15,3.546030562532674,1.07648111858707e-14,300000000000000.0,50,52000000000000.0
492040.826,7660731800000.0,4.2883146e+32,3.355839532820444,1.0133652615515694e-14,0.0008940776424841417,2.3729243234512194,7.165606703002135e-15,3.5463713813596036,1.0709108739387275e-14,300000000000000.0,50,52000000000000.0
493040.826,7650057500000.0,4.2643409e+32,3.3561605851713523,1.007518595625768e-14,0.0008939920932909913,2.3731513427665996,7.124264340464613e-15,3.546710665196287,1.064732194660291e-14,300000000000000.0,50,52000000000000.0
494040.826,7636953600000.0,4.2302555e+32,3.3564816375222613,1.0016719296999667e-14,0.000893906544097841,2.3733783620819793,7.082921977927091e-15,3.5470499490329703,1.0585535153818542e-14,300000000000000.0,50,52000000000000.0
495040.826,7615886500000.0,4.1871616e+32,3.35680268987317,9.958252637741655e-15,0.0008938209949046906,2.373605381397359,7.041579615389569e-15,3.5473892328696537,1.0523748361034177e-14,300000000000000.0,50,52000000000000.0
496040.826,7589740700000.0,4.1449933e+32,3.357123742224079,9.899785978483642e-15,0.0008937354457115402,2.3738324007127387,7.000237252852047e-15,3.547728516706337,1.046196156824981e-14,300000000000000.0,50,52000000000000.0
497040.826,7561422200000.0,4.1188345e+32,3.3574447945749877,9.841319319225629e-15,0.0008936498965183898,2.3740594200281184,6.958894890314525e-15,3.54806780054302,1.0400174775465445e-14,300000000000000.0,50,52000000000000.0
498040.826,7531657900000.0,4.114276e+32,3.3577658469258966,9.782852659967615e-15,0.0008935643473252394,2.3742864393434986,6.917552527777003e-15,3.5484070843797033,1.0338387982681078e-14,300000000000000.0,50,52000000000000.0
499040.826,7498826900000.0,4.1222707e+32,3.3580868992768056,9.724386000709602e-15,0.000893478798132089,2.3745134586588783,6.8762101652394806e-15,3.5487463682163867,1.0276601189896712e-14,300000000000000.0,50,52000000000000.0
500040.826,7464906600000.0,4.1239361e+32,3.35839599359977,9.651226910149385e-15,0.0008933965365541946,2.3747320223324824,6.824478638925052e-15,3.5490730149671803,1.0199287633067043e-14,300000000000000.0,50,52000000000000.0
501040.826,7430933800000.0,4.1093077e+32,3.3587023147360293,9.574660497300285e-15,0.0008933150374072764,2.374948625057888,6.7703377612533295e-15,3.549396731050916,1.0118373263811058e-14,300000000000000.0,50,52000000000000.0
502040.826,7398472300000.0,4.0873385e+32,3.359008635872289,9.498094084451187e-15,0.0008932335382603581,2.3751652277832935,6.716196883581607e-15,3.5497204471346517,1.0037458894555071e-14,300000000000000.0,50,52000000000000.0
503040.826,7365391400000.0,4.059386e+32,3.3593149570085483,9.421527671602087e-15,0.0008931520391134397,2.375381830508699,6.662056005909885e-15,3.550044163218388,9.956544525299086e-15,300000000000000.0,50,52000000000000.0
504040.826,7335303700000.0,4.0244657e+32,3.359621278144808,9.344961258752988e-15,0.0008930705399665214,2.375598433234105,6.607915128238162e-15,3.5503678793021236,9.875630156043101e-15,300000000000000.0,50,52000000000000.0
505040.826,7304584600000.0,3.9870394e+32,3.3599275992810678,9.268394845903888e-15,0.0008929890408196031,2.3758150359595107,6.55377425056644e-15,3.5506915953858593,9.794715786787116e-15,300000000000000.0,50,52000000000000.0
506040.826,7279279400000.0,3.9302878e+32,3.3602339204173273,9.191828433054789e-15,0.0008929075416726848,2.3760316386849163,6.499633372894718e-15,3.551015311469595,9.71380141753113e-15,300000000000000.0,50,52000000000000.0
507040.826,7256210000000.0,3.8805188e+32,3.3605402415535868,9.11526202020569e-15,0.0008928260425257664,2.3762482414103223,6.4454924952229945e-15,3.5513390275533308,9.632887048275145e-15,300000000000000.0,50,52000000000000.0
508040.826,7240557500000.0,3.8374479e+32,3.360832991273261,9.056135068051737e-15,0.0008927482323224186,2.3764552476510836,6.403683234364417e-15,3.5516484015440777,9.570402468833966e-15,300000000000000.0,50,52000000000000.0
509040.826,7214666400000.0,3.8543549e+32,3.3611197070338266,9.00476183799898e-15,0.0008926720622525471,2.376657987218903,6.367356707834552e-15,3.5519513989268936,9.516111919650111e-15,300000000000000.0,50,52000000000000.0
510040.826,7184164100000.0,3.8616542e+32,3.3614064227943916,8.953388607946224e-15,0.0008925958921826757,2.3768607267867217,6.331030181304688e-15,3.5522543963097095,9.461821370466255e-15,300000000000000.0,50,52000000000000.0
511040.826,7154293000000.0,3.7824753e+32,3.361693138554957,8.902015377893466e-15,0.0008925197221128042,2.377063466354541,6.294703654774824e-15,3.5525573936925254,9.4075308212824e-15,300000000000000.0,50,52000000000000.0
512040.826,7137180000000.0,3.7033891e+32,3.361979854315522,8.850642147840709e-15,0.0008924435520429326,2.3772662059223597,6.25837712824496e-15,3.5528603910753414,9.353240272098545e-15,300000000000000.0,50,52000000000000.0
513040.826,7123821800000.0,3.6384579e+32,3.3622665700760876,8.79926891778795e-15,0.0008923673819730611,2.377468945490179,6.222050601715096e-15,3.5531633884581573,9.298949722914688e-15,300000000000000.0,50,52000000000000.0
514040.826,7108506600000.0,3.5999655e+32,3.3625532858366527,8.747895687735194e-15,0.0008922912119031896,2.3776716850579978,6.1857240751852316e-15,3.553466385840973,9.244659173730833e-15,300000000000000.0,50,52000000000000.0
515040.826,7092483500000.0,3.5654062e+32,3.362840001597218,8.696522457682435e-15,0.0008922150418333181,2.377874424625817,6.1493975486553674e-15,3.553769383223789,9.190368624546978e-15,300000000000000.0,50,52000000000000.0
516040.826,7075197400000.0,3.5296913e+32,3.3631208265018318,8.644633870081045e-15,0.0008921404817752882,2.3780729987102744,6.112706607950163e-15,3.554066155228048,9.135533452812406e-15,300000000000000.0,50,52000000000000.0
517040.826,7056349000000.0,3.512512e+32,3.363394173834729,8.592091112175522e-15,0.0008920679653895378,2.3782662853287295,6.0755530972631206e-15,3.554355025033542,9.080006963175182e-15,300000000000000.0,50,52000000000000.0
518040.826,7039130700000.0,3.5075977e+32,3.3636675211676264,8.539548354270002e-15,0.0008919954490037874,2.378459571947185,6.0383995865760776e-15,3.5546438948390366,9.024480473537958e-15,300000000000000.0,50,52000000000000.0
519040.826,7022014400000.0,3.4953065e+32,3.363940868500524,8.487005596364479e-15,0.000891922932618037,2.37865285856564,6.0012460758890346e-15,3.5549327646445312,8.968953983900732e-15,300000000000000.0,50,52000000000000.0
520040.826,7000158300000.0,3.4743759e+32,3.364214215833421,8.434462838458957e-15,0.0008918504162322866,2.378846145184095,5.964092565201992e-15,3.555221634450026,8.913427494263507e-15,300000000000000.0,50,52000000000000.0
521040.826,6978788400000.0,3.4636338e+32,3.3644875631663185,8.381920080553434e-15,0.0008917778998465362,2.3790394318025507,5.926939054514949e-15,3.5555105042555204,8.857901004626282e-15,300000000000000.0,50,52000000000000.0
522040.826,6959101200000.0,3.4293469e+32,3.3647609104992156,8.329377322647912e-15,0.0008917053834607858,2.379232718421006,5.889785543827906e-15,3.555799374061015,8.802374514989057e-15,300000000000000.0,50,52000000000000.0
523040.826,6929973800000.0,3.3969303e+32,3.365034257832113,8.27683456474239e-15,0.0008916328670750355,2.3794260050394613,5.852632033140863e-15,3.5560882438665096,8.746848025351833e-15,300000000000000.0,50,52000000000000.0
524040.826,6901218800000.0,3.376082e+32,3.3653068426717745,8.22296571922187e-15,0.0008915605581166824,2.3796187524913077,5.814540832752445e-15,3.556376307879266,8.6899201441248e-15,300000000000000.0,50,52000000000000.0
525040.826,6865981400000.0,3.3366497e+32,3.365566294865131,8.146257274865123e-15,0.0008914918217416867,2.3798022137173396,5.760299525561073e-15,3.556650493485596,8.608855681451963e-15,300000000000000.0,50,52000000000000.0
526040.826,6832058000000.0,3.3090128e+32,3.3658257470584867,8.069548830508378e-15,0.0008914230853666911,2.379985674943371,5.706058218369701e-15,3.5569246790919253,8.527791218779128e-15,300000000000000.0,50,52000000000000.0
527040.826,6799988700000.0,3.2830421e+32,3.3660851992518426,7.992840386151631e-15,0.0008913543489916954,2.3801691361694024,5.6518169111783296e-15,3.557198864698255,8.446726756106292e-15,300000000000000.0,50,52000000000000.0
528040.826,6767732900000.0,3.2639105e+32,3.3663446514451985,7.916131941794884e-15,0.0008912856126166997,2.380352597395434,5.597575603986957e-15,3.557473050304585,8.365662293433457e-15,300000000000000.0,50,52000000000000.0
529040.826,6735097800000.0,3.2560667e+32,3.3666041036385543,7.839423497438137e-15,0.000891216876241704,2.3805360586214652,5.5433342967955856e-15,3.5577472359109144,8.28459783076062e-15,300000000000000.0,50,52000000000000.0
530040.826,6698589500000.0,3.2316409e+32,3.36686355583191,7.762715053081392e-15,0.0008911481398667082,2.3807195198474966,5.489092989604214e-15,3.5580214215172443,8.203533368087784e-15,300000000000000.0,50,52000000000000.0
531040.826,6666495600000.0,3.2173078e+32,3.367123008025266,7.686006608724645e-15,0.0008910794034917125,2.380902981073528,5.4348516824128416e-15,3.558295607123574,8.12246890541495e-15,300000000000000.0,50,52000000000000.0
532040.826,6640065600000.0,3.1913099e+32,3.367382460218622,7.609298164367898e-15,0.0008910106671167168,2.3810864422995595,5.38061037522147e-15,3.5585697927299034,8.041404442742113e-15,300000000000000.0,50,52000000000000.0
533040.826,6607937100000.0,3.145972e+32,3.3676309302198817,7.542820073672572e-15,0.0008909448845050785,2.381262137907866,5.333603053208861e-15,3.558832372501847,7.971151281488826e-15,300000000000000.0,50,52000000000000.0
534040.826,6583883200000.0,3.1221756e+32,3.3678697666312414,7.485316059449608e-15,0.000890881692937614,2.3814310215085315,5.29294139023627e-15,3.5590847716242484,7.910381804662861e-15,300000000000000.0,50,52000000000000.0
535040.826,6566055400000.0,3.1047294e+32,3.368108603042601,7.427812045226644e-15,0.0008908185013701495,2.381599905109197,5.252279727263679e-15,3.5593371707466503,7.849612327836894e-15,300000000000000.0,50,52000000000000.0
536040.826,6539552000000.0,3.0713825e+32,3.3683474394539603,7.370308031003681e-15,0.000890755309802685,2.381768788709862,5.2116180642910874e-15,3.5595895698690523,7.78884285101093e-15,300000000000000.0,50,52000000000000.0
537040.826,6511145100000.0,3.0448909e+32,3.36858627586532,7.312804016780716e-15,0.0008906921182352206,2.3819376723105274,5.170956401318496e-15,3.559841968991454,7.728073374184963e-15,300000000000000.0,50,52000000000000.0
538040.826,6483865600000.0,3.0195188e+32,3.3688251122766797,7.255300002557753e-15,0.0008906289266677561,2.382106555911193,5.130294738345905e-15,3.5600943681138557,7.667303897358998e-15,300000000000000.0,50,52000000000000.0
539040.826,6459640700000.0,3.004467e+32,3.3690639486880394,7.19779598833479e-15,0.0008905657351002916,2.382275439511858,5.089633075373314e-15,3.5603467672362576,7.606534420533031e-15,300000000000000.0,50,52000000000000.0
540040.826,6433891400000.0,2.9915017e+32,3.3693027850993986,7.140291974111825e-15,0.0008905025435328271,2.3824443231125234,5.0489714124007225e-15,3.5605991663586596,7.545764943707066e-15,300000000000000.0,50,52000000000000.0
541040.826,6408499900000.0,2.9809502e+32,3.3695416215107583,7.082787959888862e-15,0.0008904393519653626,2.382613206713189,5.0083097494281314e-15,3.5608515654810615,7.484995466881101e-15,300000000000000.0,50,52000000000000.0
542040.826,6384945400000.0,2.9676579e+32,3.36976676343242,7.038212194303908e-15,0.0008903798468986555,2.382772406803369,4.976789780008572e-15,3.5610894924490304,7.437888390797595e-15,300000000000000.0,50,52000000000000.0
543040.826,6364795900000.0,2.9564947e+32,3.3699898939957684,6.995535246487961e-15,0.0008903208832814006,2.38293018464199,4.946612483571512e-15,3.561325293840306,7.392787960008701e-15,300000000000000.0,50,52000000000000.0
544040.826,6343758800000.0,2.9393214e+32,3.3702130245591166,6.952858298672012e-15,0.0008902619196641458,2.3830879624806114,4.9164351871344525e-15,3.561561095231581,7.347687529219808e-15,300000000000000.0,50,52000000000000.0
545040.826,6323986500000.0,2.9334328e+32,3.370436155122465,6.9101813508560635e-15,0.0008902029560468908,2.383245740319232,4.886257890697393e-15,3.5617968966228566,7.302587098430915e-15,300000000000000.0,50,52000000000000.0
546040.826,6305243000000.0,2.9292198e+32,3.370659285685813,6.867504403040115e-15,0.000890143992429636,2.3834035181578535,4.856080594260333e-15,3.562032698014132,7.257486667642022e-15,300000000000000.0,50,52000000000000.0
547040.826,6286722400000.0,2.9170923e+32,3.3708824162491613,6.824827455224167e-15,0.0008900850288123811,2.3835612959964747,4.825903297823273e-15,3.5622684994054077,7.21238623685313e-15,300000000000000.0,50,52000000000000.0
548040.826,6268096500000.0,2.9010882e+32,3.3711055468125095,6.782150507408219e-15,0.0008900260651951262,2.383719073835096,4.7957260013862135e-15,3.562504300796683,7.167285806064236e-15,300000000000000.0,50,52000000000000.0
549040.826,6249857800000.0,2.8815036e+32,3.3713286773758577,6.73947355959227e-15,0.0008899671015778713,2.383876851673717,4.765548704949153e-15,3.5627401021879583,7.122185375275343e-15,300000000000000.0,50,52000000000000.0
550040.826,6233823500000.0,2.865496e+32,3.371550975138826,6.697740291832059e-15,0.0008899083626061458,2.3840340406308647,4.736038694080277e-15,3.5629750234868696,7.0780822129671524e-15,300000000000000.0,50,52000000000000.0
551040.826,6219944900000.0,2.8571355e+32,3.3717622599356334,6.6684862649191704e-15,0.0008898525943506589,2.3841834422095443,4.715352878730513e-15,3.56319830642963,7.047166945734706e-15,300000000000000.0,50,52000000000000.0
552040.826,6207584400000.0,2.8555854e+32,3.371973544732441,6.639232238006283e-15,0.0008897968260951721,2.384332843788224,4.694667063380748e-15,3.5634215893723904,7.016251678502259e-15,300000000000000.0,50,52000000000000.0
553040.826,6195427600000.0,2.8485612e+32,3.3721848295292483,6.609978211093394e-15,0.0008897410578396852,2.384482245366903,4.673981248030983e-15,3.563644872315151,6.985336411269812e-15,300000000000000.0,50,52000000000000.0
554040.826,6182529000000.0,2.842307e+32,3.372396114326056,6.5807241841805055e-15,0.0008896852895841983,2.3846316469455826,4.6532954326812184e-15,3.5638681552579112,6.954421144037365e-15,300000000000000.0,50,52000000000000.0
555040.826,6168910700000.0,2.8454383e+32,3.372607399122863,6.551470157267618e-15,0.0008896295213287114,2.384781048524262,4.632609617331453e-15,3.5640914382006716,6.923505876804919e-15,300000000000000.0,50,52000000000000.0
556040.826,6155211900000.0,2.8470445e+32,3.3728186839196708,6.522216130354729e-15,0.0008895737530732245,2.384930450102942,4.611923801981688e-15,3.564314721143432,6.8925906095724714e-15,300000000000000.0,50,52000000000000.0
557040.826,6141485400000.0,2.841469e+32,3.373029968716478,6.492962103441841e-15,0.0008895179848177376,2.3850798516816214,4.591237986631924e-15,3.5645380040861925,6.861675342340025e-15,300000000000000.0,50,52000000000000.0
558040.826,6127023200000.0,2.8332557e+32,3.3732412535132856,6.463708076528953e-15,0.0008894622165622507,2.385229253260301,4.570552171282159e-15,3.564761287028953,6.830760075107578e-15,300000000000000.0,50,52000000000000.0
559040.826,6111779700000.0,2.8194449e+32,3.3734515025055773,6.433687294573506e-15,0.0008894067292425356,2.385377922411236,4.549324175865031e-15,3.5649834753472533,6.7990345114784795e-15,300000000000000.0,50,52000000000000.0
560040.826,6095967000000.0,2.7960495e+32,3.373654535248337,6.398324678678434e-15,0.0008893531991479537,2.3855214888798706,4.5243189168833055e-15,3.5651980376288592,6.761663769725288e-15,300000000000000.0,50,52000000000000.0
561040.826,6080624100000.0,2.773229e+32,3.373857567991096,6.362962062783362e-15,0.0008892996690533717,2.3856650553485053,4.49931365790158e-15,3.565412599910465,6.724293027972097e-15,300000000000000.0,50,52000000000000.0
562040.826,6064970800000.0,2.7493028e+32,3.3740606007338556,6.327599446888291e-15,0.0008892461389587898,2.38580862181714,4.474308398919855e-15,3.5656271621920714,6.686922286218905e-15,300000000000000.0,50,52000000000000.0
563040.826,6048666100000.0,2.7286815e+32,3.374263633476615,6.292236830993219e-15,0.0008891926088642079,2.3859521882857746,4.449303139938129e-15,3.5658417244736773,6.649551544465714e-15,300000000000000.0,50,52000000000000.0
564040.826,6033002500000.0,2.7251478e+32,3.3744666662193747,6.256874215098147e-15,0.000889139078769626,2.3860957547544093,4.424297880956403e-15,3.566056286755283,6.612180802712523e-15,300000000000000.0,50,52000000000000.0
565040.826,6016437200000.0,2.7129636e+32,3.3746696989621343,6.2215115992030755e-15,0.0008890855486750441,2.386239321223044,4.3992926219746775e-15,3.566270849036889,6.574810060959331e-15,300000000000000.0,50,52000000000000.0
566040.826,5998480200000.0,2.7133586e+32,3.374872731704894,6.186148983308004e-15,0.000889032018580462,2.3863828876916786,4.374287362992952e-15,3.566485411318495,6.5374393192061394e-15,300000000000000.0,50,52000000000000.0
567040.826,5979558400000.0,2.7115857e+32,3.375075764447653,6.150786367412932e-15,0.0008889784884858801,2.3865264541603133,4.349282104011227e-15,3.5666999736001013,6.500068577452948e-15,300000000000000.0,50,52000000000000.0
568040.826,5960052700000.0,2.7122342e+32,3.375278439754841,6.1153717742326406e-15,0.00088892505459113,2.3866697678826845,4.3242400913867885e-15,3.566914158148553,6.462642906819165e-15,300000000000000.0,50,52000000000000.0
569040.826,5939858600000.0,2.7218554e+32,3.3754713350789816,6.0785350031588425e-15,0.0008888742528706748,2.386806166081338,4.29819244297451e-15,3.5671180073411053,6.423714298135391e-15,300000000000000.0,50,52000000000000.0
570040.826,5926203000000.0,2.7532791e+32,3.3756642304031224,6.041698232085045e-15,0.0008888234511502197,2.386942564279992,4.272144794562232e-15,3.5673218565336575,6.384785689451618e-15,300000000000000.0,50,52000000000000.0
571040.826,5911128300000.0,2.7584815e+32,3.3758571257272627,6.004861461011247e-15,0.0008887726494297644,2.3870789624786455,4.246097146149953e-15,3.56752570572621,6.345857080767844e-15,300000000000000.0,50,52000000000000.0
572040.826,5891751500000.0,2.781211e+32,3.3760500210514035,5.96802468993745e-15,0.0008887218477093093,2.387215360677299,4.220049497737675e-15,3.5677295549187624,6.306928472084071e-15,300000000000000.0,50,52000000000000.0
573040.826,5869084300000.0,2.8374069e+32,3.376242916375544,5.931187918863652e-15,0.0008886710459888542,2.3873517588759525,4.1940018493253965e-15,3.5679334041113147,6.267999863400297e-15,300000000000000.0,50,52000000000000.0
574040.826,5841486800000.0,2.8063857e+32,3.3764358116996847,5.8943511477898545e-15,0.0008886202442683989,2.387488157074606,4.1679542009131186e-15,3.5681372533038673,6.2290712547165235e-15,300000000000000.0,50,52000000000000.0
575040.826,5820973000000.0,2.8017693e+32,3.376628707023825,5.8575143767160565e-15,0.0008885694425479438,2.38762455527326,4.14190655250084e-15,3.5683411024964196,6.1901426460327494e-15,300000000000000.0,50,52000000000000.0
576040.826,5810557200000.0,2.7290755e+32,3.376821602347966,5.820677605642259e-15,0.0008885186408274885,2.3877609534719135,4.115858904088562e-15,3.5685449516889722,6.1512140373489754e-15,300000000000000.0,50,52000000000000.0
577040.826,5798039300000.0,2.7325293e+32,3.377014497672106,5.783840834568461e-15,0.0008884678391070334,2.387897351670567,4.089811255676283e-15,3.5687488008815245,6.112285428665202e-15,300000000000000.0,50,52000000000000.0
578040.826,5778536500000.0,2.7265452e+32,3.377198838146325,5.750942294158728e-15,0.0008884193307880718,2.388027700649474,4.066548369499669e-15,3.5689436094227047,6.077518689707516e-15,300000000000000.0,50,52000000000000.0
579040.826,5763466800000.0,2.7195013e+32,3.3773810017057655,5.719045897867494e-15,0.0008883714060608331,2.388156510310218,4.043994109438167e-15,3.5691361174293625,6.0438110033101634e-15,300000000000000.0,50,52000000000000.0
580040.826,5753510700000.0,2.6869284e+32,3.377563165265206,5.68714950157626e-15,0.0008883234813335943,2.3882853199709624,4.0214398493766636e-15,3.5693286254360204,6.0101033169128116e-15,300000000000000.0,50,52000000000000.0
581040.826,5732948600000.0,2.7252261e+32,3.377745328824646,5.6552531052850265e-15,0.0008882755566063554,2.3884141296317067,3.998885589315161e-15,3.569521133442678,5.976395630515459e-15,300000000000000.0,50,52000000000000.0
582040.826,5715654500000.0,2.7293232e+32,3.3779274923840865,5.623356708993793e-15,0.0008882276318791166,2.3885429392924507,3.976331329253659e-15,3.569713641449336,5.942687944118106e-15,300000000000000.0,50,52000000000000.0
583040.826,5704006100000.0,2.6915383e+32,3.378109655943527,5.591460312702559e-15,0.0008881797071518779,2.388671748953195,3.9537770691921566e-15,3.569906149455994,5.908980257720754e-15,300000000000000.0,50,52000000000000.0
584040.826,5684733100000.0,2.7048528e+32,3.378291819502967,5.559563916411325e-15,0.0008881317824246391,2.388800558613939,3.9312228091306535e-15,3.570098657462652,5.875272571323401e-15,300000000000000.0,50,52000000000000.0
585040.826,5667935900000.0,2.6690307e+32,3.3784739830624075,5.527667520120091e-15,0.0008880838576974003,2.3889293682746833,3.908668549069151e-15,3.57029116546931,5.841564884926049e-15,300000000000000.0,50,52000000000000.0
586040.826,5654795400000.0,2.6252564e+32,3.378656146621848,5.4957711238288575e-15,0.0008880359329701615,2.389058177935427,3.886114289007649e-15,3.5704836734759677,5.8078571985286965e-15,300000000000000.0,50,52000000000000.0
587040.826,5635396100000.0,2.6187039e+32,3.378834449675694,5.466327928754143e-15,0.0008879890426936827,2.389184257794148,3.865294711969882e-15,3.570672101751777,5.776742022423963e-15,300000000000000.0,50,52000000000000.0
588040.826,5616722500000.0,2.5804968e+32,3.3790071696305315,5.4404325760397955e-15,0.0008879436484494906,2.389306389787855,3.8469838496156e-15,3.5708546298829815,5.7493761587579774e-15,300000000000000.0,50,52000000000000.0
589040.826,5603338000000.0,2.5334193e+32,3.379179889585369,5.414537223325448e-15,0.0008878982542052986,2.3894285217815616,3.828672987261317e-15,3.5710371580141858,5.7220102950919914e-15,300000000000000.0,50,52000000000000.0
590040.826,5598048600000.0,2.4765775e+32,3.379352609540207,5.388641870611101e-15,0.0008878528599611064,2.3895506537752684,3.810362124907035e-15,3.57121968614539,5.6946444314260055e-15,300000000000000.0,50,52000000000000.0
591040.826,5586215200000.0,2.4762286e+32,3.3795253294950447,5.362746517896754e-15,0.0008878074657169144,2.3896727857689752,3.7920512625527534e-15,3.571402214276594,5.66727856776002e-15,300000000000000.0,50,52000000000000.0
592040.826,5565190600000.0,2.466974e+32,3.3796980494498823,5.3368511651824065e-15,0.0008877620714727223,2.389794917762682,3.773740400198471e-15,3.5715847424077984,5.639912704094034e-15,300000000000000.0,50,52000000000000.0
593040.826,5547905400000.0,2.441302e+32,3.37987076940472,5.310955812468059e-15,0.0008877166772285302,2.3899170497563884,3.755429537844189e-15,3.5717672705390027,5.612546840428048e-15,300000000000000.0,50,52000000000000.0
594040.826,5538263700000.0,2.3758619e+32,3.380043489359558,5.285060459753712e-15,0.0008876712829843381,2.390039181750095,3.737118675489906e-15,3.571949798670207,5.5851809767620624e-15,300000000000000.0,50,52000000000000.0
595040.826,5532771200000.0,2.3248641e+32,3.3802162093143955,5.259165107039365e-15,0.000887625888740146,2.390161313743802,3.718807813135624e-15,3.572132326801411,5.5578151130960765e-15,300000000000000.0,50,52000000000000.0
596040.826,5518879800000.0,2.3654312e+32,3.380388929269233,5.2332697543250175e-15,0.000887580494495954,2.390283445737509,3.700496950781341e-15,3.5723148549326154,5.530449249430091e-15,300000000000000.0,50,52000000000000.0
597040.826,5496457200000.0,2.3148792e+32,3.3805548881259937,5.2049755406697954e-15,0.0008875369138758375,2.390400796891286,3.6804898302536606e-15,3.57249023802547,5.500548302002069e-15,300000000000000.0,50,52000000000000.0
598040.826,5478399100000.0,2.3278524e+32,3.380719816517639,5.176315714433969e-15,0.000887493609671818,2.390517419392895,3.6602241814730165e-15,3.5726645321365234,5.4702609801492135e-15,300000000000000.0,50,52000000000000.0
599040.826,5461952400000.0,2.2999545e+32,3.380884744909284,5.147655888198143e-15,0.0008874503054677984,2.3906340418945042,3.639958532692372e-15,3.5728388262475765,5.439973658296358e-15,300000000000000.0,50,52000000000000.0
600040.826,5453942100000.0,2.2397567e+32,3.3810496733009296,5.1189960619623164e-15,0.0008874070012637789,2.390750664396114,3.6196928839117275e-15,3.5730131203586297,5.409686336443502e-15,300000000000000.0,50,52000000000000.0
601040.826,5440068700000.0,2.2131087e+32,3.381214601692575,5.09033623572649e-15,0.0008873636970597595,2.390867286897723,3.599427235131083e-15,3.573187414469683,5.379399014590647e-15,300000000000000.0,50,52000000000000.0
602040.826,5426739400000.0,2.2124672e+32,3.38137953008422,5.061676409490664e-15,0.0008873203928557399,2.3909839093993326,3.579161586350439e-15,3.573361708580736,5.349111692737791e-15,300000000000000.0,50,52000000000000.0
603040.826,5411453100000.0,2.2076349e+32,3.381544458475865,5.0330165832548374e-15,0.0008872770886517204,2.3911005319009417,3.558895937569794e-15,3.5735360026917893,5.318824370884936e-15,300000000000000.0,50,52000000000000.0
604040.826,5399232400000.0,2.1893834e+32,3.3817093868675108,5.004356757019012e-15,0.000887233784447701,2.391217154402551,3.5386302887891502e-15,3.5737102968028425,5.2885370490320806e-15,300000000000000.0,50,52000000000000.0
605040.826,5382235200000.0,2.1869715e+32,3.381874315259156,4.9756969307831856e-15,0.0008871904802436815,2.3913337769041605,3.5183646400085057e-15,3.5738845909138957,5.258249727179225e-15,300000000000000.0,50,52000000000000.0
606040.826,5365822000000.0,2.1964927e+32,3.382037740520447,4.946885380761861e-15,0.0008871475773580377,2.391449336527315,3.4979917058739754e-15,3.5740572965368527,5.227802065725882e-15,300000000000000.0,50,52000000000000.0
607040.826,5349366100000.0,2.1669377e+32,3.382193905304776,4.917340968785895e-15,0.0008871066129355579,2.391559762194845,3.477100557974246e-15,3.574222329384659,5.196579925883186e-15,300000000000000.0,50,52000000000000.0
608040.826,5333173300000.0,2.1623393e+32,3.382350070089105,4.88779655680993e-15,0.0008870656485130781,2.391670187862375,3.4562094100745173e-15,3.574387362232465,5.1653577860404906e-15,300000000000000.0,50,52000000000000.0
609040.826,5318991600000.0,2.1488587e+32,3.382506234873434,4.8582521448339645e-15,0.0008870246840905983,2.391780613529905,3.435318262174788e-15,3.5745523950802713,5.134135646197795e-15,300000000000000.0,50,52000000000000.0
610040.826,5301002100000.0,2.125251e+32,3.3826623996577627,4.828707732858e-15,0.0008869837196681185,2.391891039197435,3.414427114275059e-15,3.5747174279280776,5.102913506355099e-15,300000000000000.0,50,52000000000000.0
611040.826,5285044100000.0,2.1179694e+32,3.3828185644420916,4.799163320882034e-15,0.0008869427552456389,2.392001464864965,3.39353596637533e-15,3.574882460775884,5.071691366512403e-15,300000000000000.0,50,52000000000000.0
612040.826,5268613200000.0,2.0981062e+32,3.3829747292264205,4.769618908906069e-15,0.0008869017908231591,2.3921118905324947,3.372644818475601e-15,3.5750474936236896,5.0404692266697075e-15,300000000000000.0,50,52000000000000.0
613040.826,5252390300000.0,2.0696617e+32,3.3831308940107494,4.740074496930103e-15,0.0008868608264006793,2.3922223162000247,3.351753670575872e-15,3.575212526471496,5.009247086827012e-15,300000000000000.0,50,52000000000000.0
614040.826,5237808700000.0,2.0649221e+32,3.3832870587950783,4.7105300849541384e-15,0.0008868198619781995,2.3923327418675546,3.330862522676143e-15,3.575377559319302,4.978024946984316e-15,300000000000000.0,50,52000000000000.0
615040.826,5218558100000.0,2.0509579e+32,3.383443223579407,4.680985672978173e-15,0.0008867788975557197,2.3924431675350846,3.3099713747764137e-15,3.5755425921671082,4.94680280714162e-15,300000000000000.0,50,52000000000000.0
616040.826,5205458600000.0,2.043157e+32,3.3835964725370644,4.652652775204147e-15,0.0008867387091375145,2.3925515313925403,3.28993690064718e-15,3.575704543608245,4.916860979342804e-15,300000000000000.0,50,52000000000000.0
617040.826,5188686000000.0,2.0168461e+32,3.383743456293713,4.626923043137154e-15,0.0008867001881101769,2.3926554650639766,3.2717431509418932e-15,3.575859874068664,4.889670142330222e-15,300000000000000.0,50,52000000000000.0
618040.826,5174782400000.0,2.0137216e+32,3.383890440050362,4.601193311070161e-15,0.0008866616670828393,2.392759398735413,3.253549401236606e-15,3.5760152045290825,4.8624793053176406e-15,300000000000000.0,50,52000000000000.0
619040.826,5162123000000.0,1.998419e+32,3.3840374238070106,4.575463579003168e-15,0.0008866231460555017,2.3928633324068493,3.2353556515313192e-15,3.576170534989501,4.835288468305059e-15,300000000000000.0,50,52000000000000.0
620040.826,5145084600000.0,1.9856755e+32,3.3841844075636596,4.5497338469361754e-15,0.000886584625028164,2.3929672660782857,3.2171619018260324e-15,3.57632586544992,4.8080976312924774e-15,300000000000000.0,50,52000000000000.0
621040.826,5133830700000.0,1.9879447e+32,3.3843313913203086,4.5240041148691826e-15,0.0008865461040008264,2.393071199749722,3.1989681521207456e-15,3.5764811959103384,4.780906794279896e-15,300000000000000.0,50,52000000000000.0
622040.826,5116607300000.0,1.9632202e+32,3.384478375076957,4.4982743828021905e-15,0.0008865075829734887,2.393175133421159,3.1807744024154584e-15,3.576636526370757,4.753715957267314e-15,300000000000000.0,50,52000000000000.0
623040.826,5102684300000.0,1.9516963e+32,3.384625358833606,4.472544650735198e-15,0.0008864690619461511,2.393279067092595,3.1625806527101716e-15,3.576791856831176,4.726525120254733e-15,300000000000000.0,50,52000000000000.0
624040.826,5088433400000.0,1.9295121e+32,3.3847723425902547,4.446814918668205e-15,0.0008864305409188135,2.3933830007640315,3.1443869030048848e-15,3.5769471872915943,4.699334283242151e-15,300000000000000.0,50,52000000000000.0
625040.826,5071513600000.0,1.9119955e+32,3.3849193263469037,4.421085186601212e-15,0.0008863920198914759,2.393486934435468,3.126193153299598e-15,3.577102517752013,4.6721434462295695e-15,300000000000000.0,50,52000000000000.0
626040.826,5061692700000.0,1.9142534e+32,3.385063844780902,4.394537870089657e-15,0.0008863541545700759,2.3935891248527135,3.107421281589126e-15,3.5772552428923996,4.6440885970454835e-15,300000000000000.0,50,52000000000000.0
627040.826,5045356700000.0,1.885421e+32,3.3852027028933898,4.366113399357738e-15,0.0008863177947337382,2.393687312800266,3.0873220556596055e-15,3.577401986280655,4.614049996696645e-15,300000000000000.0,50,52000000000000.0
628040.826,5027774800000.0,1.8733517e+32,3.3853415610058777,4.337688928625819e-15,0.0008862814348974005,2.393785500747819,3.067222829730085e-15,3.57754872966891,4.584011396347806e-15,300000000000000.0,50,52000000000000.0
629040.826,5012281300000.0,1.8623556e+32,3.3854804191183656,4.3092644578939e-15,0.0008862450750610626,2.3938836886953716,3.0471236038005644e-15,3.5776954730571653,4.553972795998967e-15,300000000000000.0,50,52000000000000.0
630040.826,4995071300000.0,1.8477924e+32,3.385619277230853,4.280839987161981e-15,0.0008862087152247249,2.393981876642924,3.027024377871044e-15,3.5778422164454207,4.523934195650128e-15,300000000000000.0,50,52000000000000.0
631040.826,4975071400000.0,1.8362168e+32,3.385758135343341,4.252415516430062e-15,0.0008861723553883871,2.394080064590477,3.0069251519415234e-15,3.577988959833676,4.4938955953012896e-15,300000000000000.0,50,52000000000000.0
632040.826,4962823000000.0,1.8440882e+32,3.385896993455829,4.2239910456981435e-15,0.0008861359955520494,2.3941782525380297,2.986825926012003e-15,3.5781357032219314,4.46385699495245e-15,300000000000000.0,50,52000000000000.0
633040.826,4944402300000.0,1.8216515e+32,3.386035851568317,4.1955665749662244e-15,0.0008860996357157115,2.3942764404855823,2.9667267000824827e-15,3.578282446610187,4.433818394603612e-15,300000000000000.0,50,52000000000000.0
634040.826,4924230600000.0,1.8065666e+32,3.386174709680805,4.167142104234305e-15,0.0008860632758793738,2.394374628433135,2.946627474152962e-15,3.578429189998442,4.4037797942547725e-15,300000000000000.0,50,52000000000000.0
635040.826,4909636500000.0,1.7928026e+32,3.3863135677932927,4.138717633502386e-15,0.000886026916043036,2.394472816380688,2.9265282482234416e-15,3.5785759333866975,4.373741193905934e-15,300000000000000.0,50,52000000000000.0
636040.826,4894599600000.0,1.7782249e+32,3.386451273385684,4.110544732796638e-15,0.0008859908615746792,2.394570189369819,2.9066069099763214e-15,3.5787214588071357,4.3439684494175064e-15,300000000000000.0,50,52000000000000.0
637040.826,4879256500000.0,1.7682771e+32,3.386581008837678,4.084111540088042e-15,0.0008859569188488328,2.3946619265934133,2.8879157366593304e-15,3.5788585614898425,4.316034205220583e-15,300000000000000.0,50,52000000000000.0
638040.826,4862845400000.0,1.7586571e+32,3.386710744289672,4.057678347379446e-15,0.0008859229761229864,2.3947536638170077,2.86922456334234e-15,3.5789956641725493,4.2880999610236594e-15,300000000000000.0,50,52000000000000.0
639040.826,4844178200000.0,1.7471353e+32,3.386840479741666,4.0312451546708504e-15,0.0008858890333971399,2.3948454010406026,2.850533390025349e-15,3.579132766855256,4.260165716826736e-15,300000000000000.0,50,52000000000000.0
640040.826,4825503100000.0,1.7424055e+32,3.3869702151936596,4.0048119619622546e-15,0.0008858550906712936,2.394937138264197,2.8318422167083582e-15,3.5792698695379634,4.2322314726298125e-15,300000000000000.0,50,52000000000000.0
641040.826,4809395700000.0,1.7372662e+32,3.3870999506456534,3.978378769253659e-15,0.0008858211479454471,2.3950288754877915,2.8131510433913676e-15,3.5794069722206703,4.204297228432889e-15,300000000000000.0,50,52000000000000.0
642040.826,4792103600000.0,1.7214941e+32,3.3872296860976476,3.951945576545063e-15,0.0008857872052196007,2.395120612711386,2.7944598700743766e-15,3.579544074903377,4.1763629842359655e-15,300000000000000.0,50,52000000000000.0
643040.826,4777452700000.0,1.7105705e+32,3.3873594215496414,3.925512383836467e-15,0.0008857532624937542,2.395212349934981,2.7757686967573856e-15,3.579681177586084,4.148428740039042e-15,300000000000000.0,50,52000000000000.0
644040.826,4758776100000.0,1.6899379e+32,3.387489157001635,3.89907919112787e-15,0.0008857193197679078,2.3953040871585753,2.757077523440395e-15,3.579818280268791,4.1204944958421185e-15,300000000000000.0,50,52000000000000.0
645040.826,4746659200000.0,1.6855005e+32,3.387618892453629,3.8726459984192745e-15,0.0008856853770420614,2.39539582438217,2.7383863501234044e-15,3.5799553829514976,4.092560251645195e-15,300000000000000.0,50,52000000000000.0
646040.826,4734453700000.0,1.6731649e+32,3.3877486279056233,3.8462128057106786e-15,0.0008856514343162149,2.3954875616057643,2.7196951768064135e-15,3.580092485634205,4.0646260074482715e-15,300000000000000.0,50,52000000000000.0
647040.826,4722837400000.0,1.6681669e+32,3.387871606211741,3.823953993248814e-15,0.0008856192791371211,2.395574520784342,2.7039557492409847e-15,3.580222447455607,4.041103192391122e-15,300000000000000.0,50,52000000000000.0
648040.826,4712292400000.0,1.664464e+32,3.3879927201140014,3.802846958590314e-15,0.0008855876171705643,2.39566016162442,2.6890307552050574e-15,3.5803504389999707,4.018797560691498e-15,300000000000000.0,50,52000000000000.0
649040.826,4700429500000.0,1.6582312e+32,3.3881138340162615,3.781739923931814e-15,0.0008855559552040075,2.3957458024644973,2.6741057611691297e-15,3.5804784305443347,3.9964919289918744e-15,300000000000000.0,50,52000000000000.0
650040.826,4689992600000.0,1.6536532e+32,3.388234947918522,3.760632889273314e-15,0.0008855242932374507,2.395831443304575,2.659180767133202e-15,3.5806064220886986,3.974186297292251e-15,300000000000000.0,50,52000000000000.0
651040.826,4677536500000.0,1.640995e+32,3.3883560618207826,3.739525854614814e-15,0.0008854926312708938,2.3959170841446524,2.6442557730972743e-15,3.580734413633063,3.9518806655926275e-15,300000000000000.0,50,52000000000000.0
652040.826,4662442500000.0,1.6222207e+32,3.3884771757230427,3.718418819956313e-15,0.000885460969304337,2.39600272498473,2.6293307790613466e-15,3.580862405177427,3.929575033893004e-15,300000000000000.0,50,52000000000000.0
653040.826,4646645700000.0,1.609619e+32,3.3885982896253033,3.697311785297813e-15,0.0008854293073377802,2.3960883658248076,2.614405785025419e-15,3.580990396721791,3.90726940219338e-15,300000000000000.0,50,52000000000000.0
654040.826,4631483800000.0,1.5959514e+32,3.3887194035275634,3.6762047506393126e-15,0.0008853976453712234,2.3961740066648853,2.599480790989491e-15,3.581118388266155,3.884963770493756e-15,300000000000000.0,50,52000000000000.0
655040.826,4617198300000.0,1.5837803e+32,3.388840517429824,3.655097715980813e-15,0.0008853659834046666,2.396259647504963,2.5845557969535634e-15,3.5812463798105187,3.862658138794133e-15,300000000000000.0,50,52000000000000.0
656040.826,4604347800000.0,1.5724933e+32,3.3889616313320845,3.633990681322313e-15,0.0008853343214381097,2.3963452883450405,2.5696308029176357e-15,3.581374371354883,3.840352507094509e-15,300000000000000.0,50,52000000000000.0
657040.826,4590249900000.0,1.5623504e+32,3.3890808355718014,3.6131024703193e-15,0.0008853031648187386,2.3964295788437493,2.554860541291242e-15,3.5815003447934326,3.818278125346262e-15,300000000000000.0,50,52000000000000.0
658040.826,4576950700000.0,1.5505077e+32,3.3891949531562595,3.592797126955167e-15,0.0008852733542628005,2.3965102725179577,2.540502431239605e-15,3.5816209427227927,3.796819710426877e-15,300000000000000.0,50,52000000000000.0
659040.826,4562537900000.0,1.5373484e+32,3.389309070740718,3.572491783591035e-15,0.0008852435437068625,2.3965909661921656,2.526144321187968e-15,3.5817415406521524,3.775361295507492e-15,300000000000000.0,50,52000000000000.0
660040.826,4547249400000.0,1.5240959e+32,3.3894231883251766,3.5521864402269017e-15,0.0008852137331509243,2.396671659866374,2.5117862111363313e-15,3.5818621385815126,3.753902880588107e-15,300000000000000.0,50,52000000000000.0
661040.826,4533510800000.0,1.5113873e+32,3.389537305909635,3.5318810968627695e-15,0.0008851839225949863,2.3967523535405824,2.4974281010846944e-15,3.5819827365108727,3.7324444656687225e-15,300000000000000.0,50,52000000000000.0
662040.826,4520931000000.0,1.4994415e+32,3.3896514234940938,3.511575753498637e-15,0.0008851541120390482,2.3968330472147903,2.483069991033058e-15,3.5821033344402324,3.710986050749337e-15,300000000000000.0,50,52000000000000.0
663040.826,4508756700000.0,1.488067e+32,3.3897655410785523,3.4912704101345043e-15,0.0008851243014831101,2.3969137408889987,2.468711880981421e-15,3.5822239323695926,3.689527635829952e-15,300000000000000.0,50,52000000000000.0
664040.826,4496691600000.0,1.4773788e+32,3.389879658663011,3.4709650667703717e-15,0.0008850944909271721,2.396994434563207,2.454353770929784e-15,3.5823445302989527,3.668069220910567e-15,300000000000000.0,50,52000000000000.0
665040.826,4484542200000.0,1.4669753e+32,3.3899937762474694,3.450659723406239e-15,0.0008850646803712339,2.397075128237415,2.439995660878147e-15,3.5824651282283124,3.646610805991182e-15,300000000000000.0,50,52000000000000.0
666040.826,4472328000000.0,1.457186e+32,3.390107893831928,3.4303543800421065e-15,0.0008850348698152959,2.3971558219116234,2.4256375508265106e-15,3.5825857261576726,3.6251523910717974e-15,300000000000000.0,50,52000000000000.0
667040.826,4460120900000.0,1.4473991e+32,3.390222011416386,3.410049036677974e-15,0.0008850050592593577,2.3972365155858313,2.4112794407748737e-15,3.5827063240870327,3.603693976152412e-15,300000000000000.0,50,52000000000000.0
668040.826,4447813400000.0,1.4383362e+32,3.390332085126123,3.390685549951024e-15,0.0008849763169852435,2.397314349796043,2.3975873269473758e-15,3.582822648503746,3.583230902769545e-15,300000000000000.0,50,52000000000000.0
669040.826,4435425000000.0,1.4291781e+32,3.3904393626612634,3.37197331871139e-15,0.0008849483133844815,2.3973902068034136,2.3843557223719008e-15,3.5829360179605945,3.563456067502566e-15,300000000000000.0,50,52000000000000.0
670040.826,4423038900000.0,1.4200542e+32,3.3905466401964035,3.353261087471756e-15,0.0008849203097837196,2.3974660638107848,2.371124117796426e-15,3.583049387417443,3.5436812322355866e-15,300000000000000.0,50,52000000000000.0
671040.826,4410618900000.0,1.411074e+32,3.3906539177315436,3.3345488562321218e-15,0.0008848923061829578,2.3975419208181554,2.357892513220951e-15,3.5831627568742914,3.5239063969686075e-15,300000000000000.0,50,52000000000000.0
672040.826,4398190000000.0,1.4020285e+32,3.3907611952666836,3.3158366249924877e-15,0.0008848643025821958,2.397617777825526,2.3446609086454765e-15,3.5832761263311403,3.5041315617016283e-15,300000000000000.0,50,52000000000000.0
673040.826,4385788600000.0,1.3930291e+32,3.390868472801824,3.2971243937528533e-15,0.000884836298981434,2.3976936348328968,2.3314293040700015e-15,3.583389495787989,3.484356726434649e-15,300000000000000.0,50,52000000000000.0
674040.826,4373473400000.0,1.3845826e+32,3.390975750336964,3.2784121625132193e-15,0.000884808295380672,2.397769491840268,2.318197699494527e-15,3.5835028652448373,3.4645818911676696e-15,300000000000000.0,50,52000000000000.0
675040.826,4361170500000.0,1.3774164e+32,3.3910830278721042,3.2596999312735853e-15,0.0008847802917799102,2.3978453488476386,2.3049660949190518e-15,3.5836162347016858,3.4448070559006904e-15,300000000000000.0,50,52000000000000.0
676040.826,4348798900000.0,1.3715868e+32,3.3911903054072443,3.2409877000339512e-15,0.0008847522881791482,2.3979212058550092,2.291734490343577e-15,3.5837296041585347,3.4250322206337112e-15,300000000000000.0,50,52000000000000.0
677040.826,4336398400000.0,1.3671489e+32,3.3912975829423844,3.2222754687943172e-15,0.0008847242845783864,2.39799706286238,2.278502885768102e-15,3.583842973615383,3.405257385366732e-15,300000000000000.0,50,52000000000000.0
678040.826,4324003100000.0,1.3634338e+32,3.391404860477525,3.203563237554683e-15,0.0008846962809776244,2.398072919869751,2.2652712811926275e-15,3.5839563430722317,3.385482550099753e-15,300000000000000.0,50,52000000000000.0
679040.826,4311768500000.0,1.3593462e+32,3.391507424994345,3.1863234976000033e-15,0.0008846695209619973,2.398145444255054,2.253080889858101e-15,3.5840647318744647,3.36726382393545e-15,300000000000000.0,50,52000000000000.0
680040.826,4299785800000.0,1.3549903e+32,3.391608296616121,3.1696126699112083e-15,0.0008846432076365736,2.398216771577456,2.2412644976502015e-15,3.584171331647897,3.349604045182157e-15,300000000000000.0,50,52000000000000.0
681040.826,4288054600000.0,1.3502812e+32,3.3917091682378975,3.1529018422224133e-15,0.0008846168943111497,2.398288098899858,2.229448105442302e-15,3.584277931421329,3.331944266428864e-15,300000000000000.0,50,52000000000000.0
682040.826,4276367300000.0,1.3462835e+32,3.3918100398596733,3.1361910145336183e-15,0.000884590580985726,2.3983594262222603,2.2176317132344025e-15,3.5843845311947615,3.3142844876755715e-15,300000000000000.0,50,52000000000000.0
683040.826,4264748100000.0,1.3443513e+32,3.3919109114814496,3.1194801868448237e-15,0.0008845642676603021,2.398430753544662,2.205815321026503e-15,3.5844911309681935,3.2966247089222786e-15,300000000000000.0,50,52000000000000.0
684040.826,4253331600000.0,1.342271e+32,3.392011783103226,3.1027693591560287e-15,0.0008845379543348784,2.3985020808670643,2.193998928818604e-15,3.584597730741626,3.2789649301689857e-15,300000000000000.0,50,52000000000000.0
685040.826,4242291200000.0,1.3410539e+32,3.3921126547250022,3.0860585314672337e-15,0.0008845116410094545,2.3985734081894665,2.1821825366107043e-15,3.584704330515058,3.2613051514156928e-15,300000000000000.0,50,52000000000000.0
686040.826,4231696600000.0,1.34301e+32,3.392213526346778,3.0693477037784387e-15,0.0008844853276840308,2.3986447355118687,2.1703661444028048e-15,3.58481093028849,3.2436453726624e-15,300000000000000.0,50,52000000000000.0
687040.826,4221113800000.0,1.3511424e+32,3.3923143979685544,3.0526368760896437e-15,0.000884459014358607,2.3987160628342705,2.1585497521949053e-15,3.5849175300619223,3.225985593909107e-15,300000000000000.0,50,52000000000000.0
688040.826,4210541400000.0,1.36906e+32,3.3924152695903307,3.0359260484008487e-15,0.0008844327010331832,2.3987873901566727,2.1467333599870057e-15,3.5850241298353542,3.2083258151558144e-15,300000000000000.0,50,52000000000000.0
689040.826,4198693200000.0,1.3856053e+32,3.3925161412121065,3.0192152207120537e-15,0.0008844063877077595,2.398858717479075,2.1349169677791066e-15,3.5851307296087866,3.1906660364025215e-15,300000000000000.0,50,52000000000000.0
690040.826,4186549600000.0,1.4012856e+32,3.3926129216722236,3.0045321173668154e-15,0.0008843811530483655,2.39892715190044,2.1245343995857863e-15,3.585233005897404,3.1751491295531222e-15,300000000000000.0,50,52000000000000.0
691040.826,4175241300000.0,1.4024535e+32,3.39270797949469,2.9907028141372877e-15,0.0008843563725755497,2.398994368227615,2.1147555619308137e-15,3.585333461725639,3.160534507220507e-15,300000000000000.0,50,52000000000000.0
692040.826,4164745500000.0,1.393395e+32,3.3928030373171563,2.9768735109077603e-15,0.000884331592102734,2.399061584554791,2.1049767242758414e-15,3.5854339175538734,3.145919884887892e-15,300000000000000.0,50,52000000000000.0
693040.826,4155081700000.0,1.381679e+32,3.392898095139623,2.9630442076782326e-15,0.0008843068116299183,2.3991288008819662,2.095197886620869e-15,3.5855343733821083,3.1313052625552767e-15,300000000000000.0,50,52000000000000.0
694040.826,4145836200000.0,1.3701857e+32,3.3929931529620894,2.9492149044487053e-15,0.0008842820311571025,2.399196017209142,2.085419048965897e-15,3.585634829210343,3.116690640222662e-15,300000000000000.0,50,52000000000000.0
695040.826,4136508300000.0,1.364002e+32,3.393088210784556,2.9353856012191776e-15,0.0008842572506842868,2.3992632335363173,2.0756402113109242e-15,3.5857352850385777,3.1020760178900468e-15,300000000000000.0,50,52000000000000.0
696040.826,4127026400000.0,1.36231e+32,3.3931832686070225,2.92155629798965e-15,0.000884232470211471,2.399330449863493,2.065861373655952e-15,3.5858357408668122,3.0874613955574316e-15,300000000000000.0,50,52000000000000.0
697040.826,4117509000000.0,1.3635632e+32,3.3932783264294892,2.9077269947601226e-15,0.0008842076897386553,2.3993976661906684,2.0560825360009797e-15,3.585936196695047,3.0728467732248165e-15,300000000000000.0,50,52000000000000.0
698040.826,4108364500000.0,1.3669483e+32,3.3933733842519556,2.893897691530595e-15,0.0008841829092658396,2.399464882517844,2.046303698346007e-15,3.586036652523282,3.0582321508922013e-15,300000000000000.0,50,52000000000000.0
699040.826,4099488400000.0,1.3713598e+32,3.3934684420744223,2.8800683883010675e-15,0.0008841581287930238,2.39953209884502,2.0365248606910348e-15,3.5861371083515166,3.0436175285595865e-15,300000000000000.0,50,52000000000000.0
700040.826,4090790300000.0,1.3714584e+32,3.3935634998968887,2.8662390850715398e-15,0.000884133348320208,2.3995993151721953,2.0267460230360625e-15,3.5862375641797515,3.0290029062269714e-15,300000000000000.0,50,52000000000000.0
701040.826,4082182300000.0,1.3691318e+32,3.393656150879971,2.8536218683123935e-15,0.0008841092025497872,2.3996648295993395,2.0178242637531755e-15,3.586335476492378,3.0156692006206782e-15,300000000000000.0,50,52000000000000.0
702040.826,4073715700000.0,1.3628737e+32,3.3937463191516213,2.842254947255392e-15,0.0008840857114898145,2.3997285884765738,2.0097866009693472e-15,3.5864307651088323,3.0036567907444024e-15,300000000000000.0,50,52000000000000.0
703040.826,4065384000000.0,1.3529454e+32,3.393836487423271,2.8308880261983903e-15,0.0008840622204298418,2.3997923473538076,2.0017489381855186e-15,3.5865260537252865,2.9916443808681263e-15,300000000000000.0,50,52000000000000.0
704040.826,4057138500000.0,1.3408068e+32,3.3939266556949206,2.8195211051413886e-15,0.0008840387293698692,2.3998561062310415,1.9937112754016903e-15,3.586621342341741,2.9796319709918505e-15,300000000000000.0,50,52000000000000.0
705040.826,4048838700000.0,1.3264958e+32,3.3940168239665707,2.8081541840843866e-15,0.0008840152383098965,2.399919865108276,1.9856736126178617e-15,3.586716630958195,2.9676195611155747e-15,300000000000000.0,50,52000000000000.0
706040.826,4040283100000.0,1.311828e+32,3.3941069922382203,2.796787263027385e-15,0.0008839917472499238,2.3999836239855097,1.9776359498340334e-15,3.5868119195746493,2.9556071512392985e-15,300000000000000.0,50,52000000000000.0
707040.826,4031800700000.0,1.29808e+32,3.39419716050987,2.7854203419703834e-15,0.0008839682561899511,2.4000473828627436,1.9695982870502047e-15,3.5869072081911035,2.9435947413630228e-15,300000000000000.0,50,52000000000000.0
708040.826,4023622000000.0,1.2830965e+32,3.39428732878152,2.7740534209133818e-15,0.0008839447651299785,2.4001111417399774,1.9615606242663765e-15,3.587002496807558,2.9315823314867466e-15,300000000000000.0,50,52000000000000.0
709040.826,4015756200000.0,1.2661759e+32,3.3943774970531697,2.76268649985638e-15,0.0008839212740700058,2.4001749006172117,1.953522961482548e-15,3.587097785424012,2.919569921610471e-15,300000000000000.0,50,52000000000000.0
710040.826,4008029600000.0,1.2491166e+32,3.39446766532482,2.7513195787993785e-15,0.0008838977830100331,2.4002386594944456,1.945485298698719e-15,3.5871930740404663,2.907557511734195e-15,300000000000000.0,50,52000000000000.0
711040.826,4000377900000.0,1.2342393e+32,3.3945578335964695,2.739952657742377e-15,0.0008838742919500605,2.4003024183716795,1.937447635914891e-15,3.5872883626569205,2.895545101857919e-15,300000000000000.0,50,52000000000000.0
712040.826,3992639400000.0,1.2213684e+32,3.3946475998094217,2.7285971837625296e-15,0.0008838509069725898,2.400365892949215,1.9294180674782204e-15,3.58738322638313,2.8835447891072598e-15,300000000000000.0,50,52000000000000.0
713040.826,3984867100000.0,1.2106181e+32,3.3947336837767073,2.7173465475849624e-15,0.0008838284935493615,2.4004267637742647,1.921462630940504e-15,3.5874741987614547,2.8716552676133087e-15,300000000000000.0,50,52000000000000.0
714040.826,3976959500000.0,1.2020242e+32,3.3948197677439933,2.7060959114073948e-15,0.000883806080126133,2.400487634599315,1.9135071944027872e-15,3.58756517113978,2.859765746119358e-15,300000000000000.0,50,52000000000000.0
715040.826,3968918100000.0,1.1949158e+32,3.3949058517112793,2.6948452752298276e-15,0.0008837836667029047,2.4005485054243647,1.9055517578650707e-15,3.587656143518105,2.8478762246254074e-15,300000000000000.0,50,52000000000000.0
716040.826,3960547700000.0,1.1907531e+32,3.394991935678565,2.6835946390522604e-15,0.0008837612532796764,2.400609376249415,1.8975963213273545e-15,3.5877471158964296,2.8359867031314563e-15,300000000000000.0,50,52000000000000.0
717040.826,3952035100000.0,1.1904405e+32,3.395078019645851,2.6723440028746928e-15,0.000883738839856448,2.4006702470744647,1.889640884789638e-15,3.5878380882747547,2.8240971816375056e-15,300000000000000.0,50,52000000000000.0
718040.826,3943508700000.0,1.1937879e+32,3.3951641036131366,2.6610933666971256e-15,0.0008837164264332196,2.4007311178995145,1.8816854482519214e-15,3.5879290606530794,2.8122076601435546e-15,300000000000000.0,50,52000000000000.0
719040.826,3934997600000.0,1.1986633e+32,3.3952501875804226,2.649842730519558e-15,0.0008836940130099912,2.400791988724565,1.873730011714205e-15,3.5880200330314045,2.800318138649604e-15,300000000000000.0,50,52000000000000.0
720040.826,3926585300000.0,1.2015516e+32,3.3953362715477082,2.6385920943419908e-15,0.0008836715995867628,2.4008528595496146,1.8657745751764886e-15,3.588111005409729,2.7884286171556532e-15,300000000000000.0,50,52000000000000.0
721040.826,3918314500000.0,1.1944049e+32,3.3954223555149943,2.6273414581644236e-15,0.0008836491861635344,2.400913730374665,1.857819138638772e-15,3.5882019777880543,2.776539095661702e-15,300000000000000.0,50,52000000000000.0
722040.826,3909796000000.0,1.1819761e+32,3.39550843948228,2.616090821986856e-15,0.0008836267727403061,2.4009746011997146,1.849863702101056e-15,3.588292950166379,2.7646495741677515e-15,300000000000000.0,50,52000000000000.0
723040.826,3901485600000.0,1.1687358e+32,3.395594523449566,2.6048401858092888e-15,0.0008836043593170777,2.4010354720247644,1.8419082655633393e-15,3.588383922544704,2.7527600526738004e-15,300000000000000.0,50,52000000000000.0
724040.826,3893231100000.0,1.1552794e+32,3.3956784738758072,2.5940851725390056e-15,0.0008835825079050708,2.40109483420176,1.8343032889143835e-15,3.588472640225454,2.741394298840074e-15,300000000000000.0,50,52000000000000.0
725040.826,3885063400000.0,1.141362e+32,3.395760449573595,2.583788889912665e-15,0.0008835611766703313,2.401152800028661,1.8270226852677332e-15,3.588559271039646,2.7305133254160496e-15,300000000000000.0,50,52000000000000.0
726040.826,3877066000000.0,1.127124e+32,3.3958424252713826,2.573492607286325e-15,0.0008835398454355918,2.4012107658555615,1.819742081621083e-15,3.5886459018538375,2.719632351992025e-15,300000000000000.0,50,52000000000000.0
727040.826,3869164200000.0,1.1142979e+32,3.39592440096917,2.5631963246599846e-15,0.0008835185142008523,2.4012687316824626,1.8124614779744328e-15,3.5887325326680295,2.7087513785680008e-15,300000000000000.0,50,52000000000000.0
728040.826,3861473800000.0,1.1026712e+32,3.3960063766669575,2.552900042033644e-15,0.0008834971829661128,2.4013266975093632,1.805180874327783e-15,3.5888191634822215,2.6978704051439763e-15,300000000000000.0,50,52000000000000.0
729040.826,3853696900000.0,1.0925088e+32,3.396088352364745,2.542603759407304e-15,0.0008834758517313732,2.401384663336264,1.7979002706811327e-15,3.5889057942964135,2.686989431719952e-15,300000000000000.0,50,52000000000000.0
730040.826,3845916200000.0,1.0825712e+32,3.396170328062533,2.5323074767809635e-15,0.0008834545204966337,2.401442629163165,1.7906196670344825e-15,3.588992425110605,2.6761084582959274e-15,300000000000000.0,50,52000000000000.0
731040.826,3838175900000.0,1.0737234e+32,3.3962523037603205,2.522011194154623e-15,0.0008834331892618942,2.4015005949900656,1.7833390633878323e-15,3.589079055924797,2.665227484871903e-15,300000000000000.0,50,52000000000000.0
732040.826,3830489600000.0,1.0653734e+32,3.396334279458108,2.511714911528283e-15,0.0008834118580271547,2.4015585608169663,1.7760584597411822e-15,3.589165686738989,2.6543465114478785e-15,300000000000000.0,50,52000000000000.0
733040.826,3822878200000.0,1.0570123e+32,3.396416255155896,2.5014186289019425e-15,0.0008833905267924152,2.4016165266438674,1.768777856094532e-15,3.589252317553181,2.643465538023854e-15,300000000000000.0,50,52000000000000.0
734040.826,3815353200000.0,1.0482367e+32,3.3964982308536835,2.491122346275602e-15,0.0008833691955576757,2.401674492470768,1.761497252447882e-15,3.589338948367373,2.6325845645998296e-15,300000000000000.0,50,52000000000000.0
735040.826,3807971600000.0,1.0387149e+32,3.396580206551471,2.480826063649262e-15,0.0008833478643229362,2.4017324582976687,1.7542166488012317e-15,3.589425579181565,2.621703591175805e-15,300000000000000.0,50,52000000000000.0
736040.826,3800597100000.0,1.0302036e+32,3.396659309320453,2.4706059748014505e-15,0.0008833272893503441,2.4017883926480943,1.746989922565555e-15,3.589509173923116,2.6109031383664254e-15,300000000000000.0,50,52000000000000.0
737040.826,3793137300000.0,1.0247562e+32,3.39673746408993,2.4604110281235956e-15,0.0008833069639266235,2.40184365665866,1.7397809746189939e-15,3.5895917668315014,2.600129255482011e-15,300000000000000.0,50,52000000000000.0
738040.826,3785717300000.0,1.0191544e+32,3.396815618859407,2.4502160814457404e-15,0.0008832866385029028,2.4018989206692254,1.7325720266724327e-15,3.589674359739887,2.5893553725975967e-15,300000000000000.0,50,52000000000000.0
739040.826,3777646700000.0,1.0104818e+32,3.396893773628884,2.440021134767885e-15,0.0008832663130791822,2.4019541846797914,1.7253630787258714e-15,3.589756952648272,2.5785814897131827e-15,300000000000000.0,50,52000000000000.0
740040.826,3769083100000.0,1.0032871e+32,3.3969719283983615,2.4298261880900303e-15,0.0008832459876554616,2.402009448690357,1.7181541307793103e-15,3.5898395455566576,2.5678076068287684e-15,300000000000000.0,50,52000000000000.0
741040.826,3760895800000.0,9.9570325e+31,3.3970500831678385,2.419631241412175e-15,0.0008832256622317409,2.4020647127009225,1.710945182832749e-15,3.5899221384650435,2.557033723944354e-15,300000000000000.0,50,52000000000000.0
742040.826,3752936000000.0,9.8689981e+31,3.3971282379373156,2.4094362947343198e-15,0.0008832053368080202,2.402119976711488,1.703736234886188e-15,3.590004731373429,2.54625984105994e-15,300000000000000.0,50,52000000000000.0
743040.826,3744904300000.0,9.790031e+31,3.3972063927067926,2.399241348056465e-15,0.0008831850113842996,2.402175240722054,1.6965272869396266e-15,3.5900873242818143,2.5354859581755257e-15,300000000000000.0,50,52000000000000.0
744040.826,3737313200000.0,9.706896e+31,3.3972845474762696,2.3890464013786097e-15,0.000883164685960579,2.4022305047326196,1.6893183389930655e-15,3.5901699171901997,2.5247120752911113e-15,300000000000000.0,50,52000000000000.0
745040.826,3729508500000.0,9.6342339e+31,3.397362702245747,2.3788514547007544e-15,0.0008831443605368584,2.402285768743185,1.6821093910465042e-15,3.590252510098585,2.5139381924066974e-15,300000000000000.0,50,52000000000000.0
746040.826,3721504900000.0,9.5718406e+31,3.397440857015224,2.368656508022899e-15,0.0008831240351131377,2.4023410327537507,1.674900443099943e-15,3.5903351030069706,2.503164309522283e-15,300000000000000.0,50,52000000000000.0
747040.826,3713499300000.0,9.5138628e+31,3.397519011784701,2.3584615613450443e-15,0.000883103709689417,2.4023962967643167,1.6676914951533818e-15,3.590417695915356,2.4923904266378687e-15,300000000000000.0,50,52000000000000.0
748040.826,3705526600000.0,9.4560036e+31,3.397594117313139,2.348465123553886e-15,0.0008830841857030197,2.40244940462629,1.6606229148404947e-15,3.5904970664267166,2.4818263253277455e-15,300000000000000.0,50,52000000000000.0
749040.826,3697473800000.0,9.397727e+31,3.3976684272274684,2.338520481100948e-15,0.0008830648708292617,2.4025019499016333,1.6535909595330785e-15,3.5905755961437604,2.4713169606481757e-15,300000000000000.0,50,52000000000000.0
750040.826,3689270800000.0,9.3386148e+31,3.397742737141798,2.3285758386480096e-15,0.0008830455559555037,2.4025544951769766,1.646559004225662e-15,3.5906541258608047,2.4608075959686055e-15,300000000000000.0,50,52000000000000.0
751040.826,3681041600000.0,9.2913472e+31,3.3978170470561273,2.318631196195071e-15,0.0008830262410817457,2.40260704045232,1.6395270489182457e-15,3.5907326555778485,2.4502982312890353e-15,300000000000000.0,50,52000000000000.0
752040.826,3672945300000.0,9.2545911e+31,3.3978913569704563,2.3086865537421328e-15,0.0008830069262079876,2.4026595857276636,1.6324950936108293e-15,3.5908111852948923,2.4397888666094655e-15,300000000000000.0,50,52000000000000.0
753040.826,3665045500000.0,9.2200591e+31,3.3979656668847857,2.2987419112891948e-15,0.0008829876113342296,2.402712131003007,1.6254631383034128e-15,3.590889715011936,2.4292795019298953e-15,300000000000000.0,50,52000000000000.0
754040.826,3657210700000.0,9.1824712e+31,3.398039976799115,2.2887972688362564e-15,0.0008829682964604715,2.40276467627835,1.6184311829959966e-15,3.59096824472898,2.418770137250325e-15,300000000000000.0,50,52000000000000.0
755040.826,3649570600000.0,9.1408724e+31,3.3981142867134446,2.278852626383318e-15,0.0008829489815867135,2.402817221553694,1.6113992276885802e-15,3.5910467744460237,2.4082607725707554e-15,300000000000000.0,50,52000000000000.0
756040.826,3642024400000.0,9.0917799e+31,3.3981885966277736,2.2689079839303795e-15,0.0008829296667129555,2.402869766829037,1.6043672723811638e-15,3.5911253041630675,2.397751407891185e-15,300000000000000.0,50,52000000000000.0
757040.826,3634374800000.0,9.0505896e+31,3.398262906542103,2.2589633414774415e-15,0.0008829103518391974,2.4029223121043803,1.5973353170737474e-15,3.5912038338801113,2.3872420432116154e-15,300000000000000.0,50,52000000000000.0
758040.826,3626595200000.0,9.0164961e+31,3.3983372164564325,2.249018699024503e-15,0.0008828910369654394,2.4029748573797236,1.590303361766331e-15,3.591282363597155,2.3767326785320452e-15,300000000000000.0,50,52000000000000.0
759040.826,3618703400000.0,9.0002183e+31,3.398411526370762,2.2390740565715647e-15,0.0008828717220916814,2.4030274026550673,1.5832714064589148e-15,3.591360893314199,2.366223313852475e-15,300000000000000.0,50,52000000000000.0
760040.826,3610877600000.0,9.00818e+31,3.398483397912929,2.2293663295313713e-15,0.000882853047238055,2.4030782237332713,1.5764069764102505e-15,3.5914368461922668,2.3559643182327833e-15,300000000000000.0,50,52000000000000.0
761040.826,3603211500000.0,9.0166471e+31,3.398553896372342,2.2197920129985914e-15,0.0008828347327890538,2.403128073891042,1.5696368822661853e-15,3.5915113480149072,2.3458463090644673e-15,300000000000000.0,50,52000000000000.0
762040.826,3595398800000.0,9.002139e+31,3.3986243948317547,2.210217696465812e-15,0.0008828164183400526,2.403177924048813,1.5628667881221202e-15,3.591585849837548,2.3357282998961513e-15,300000000000000.0,50,52000000000000.0
763040.826,3587527600000.0,8.9646306e+31,3.3986948932911676,2.200643379933032e-15,0.0008827981038910513,2.4032277742065835,1.5560966939780551e-15,3.591660351660189,2.3256102907278357e-15,300000000000000.0,50,52000000000000.0
764040.826,3579806200000.0,8.9037764e+31,3.3987653917505805,2.1910690634002525e-15,0.0008827797894420501,2.403277624364354,1.54932659983399e-15,3.59173485348283,2.3154922815595197e-15,300000000000000.0,50,52000000000000.0
765040.826,3572222700000.0,8.8289787e+31,3.3988358902099933,2.1814947468674726e-15,0.0008827614749930488,2.403327474522125,1.542556505689925e-15,3.5918093553054704,2.3053742723912037e-15,300000000000000.0,50,52000000000000.0
766040.826,3564655400000.0,8.7567264e+31,3.398906388669406,2.171920430334693e-15,0.0008827431605440476,2.4033773246798957,1.5357864115458598e-15,3.5918838571281113,2.2952562632228877e-15,300000000000000.0,50,52000000000000.0
767040.826,3556940200000.0,8.6903942e+31,3.398976887128819,2.162346113801913e-15,0.0008827248460950464,2.4034271748376663,1.5290163174017947e-15,3.591958358950752,2.2851382540545717e-15,300000000000000.0,50,52000000000000.0
768040.826,3549057400000.0,8.6397529e+31,3.399047385588232,2.1527717972691333e-15,0.0008827065316460451,2.403477024995437,1.5222462232577296e-15,3.5920328607733927,2.2750202448862557e-15,300000000000000.0,50,52000000000000.0
769040.826,3541037900000.0,8.5987781e+31,3.399117884047645,2.1431974807363538e-15,0.000882688217197044,2.403526875153208,1.5154761291136645e-15,3.5921073625960336,2.2649022357179397e-15,300000000000000.0,50,52000000000000.0
770040.826,3532882300000.0,8.580976e+31,3.3991883825070577,2.133623164203574e-15,0.0008826699027480426,2.4035767253109785,1.5087060349695994e-15,3.5921818644186745,2.2547842265496237e-15,300000000000000.0,50,52000000000000.0
771040.826,3524942800000.0,8.5680851e+31,3.3992588809664706,2.1240488476707944e-15,0.0008826515882990415,2.403626575468749,1.5019359408255343e-15,3.5922563662413154,2.2446662173813077e-15,300000000000000.0,50,52000000000000.0
772040.826,3517149200000.0,8.5380277e+31,3.3993283025689305,2.1146614621696807e-15,0.000882633556167402,2.4036756641702923,1.4952980274735994e-15,3.592329730055986,2.234745754427095e-15,300000000000000.0,50,52000000000000.0
773040.826,3509303900000.0,8.5025545e+31,3.399395071825685,2.105734495963711e-15,0.0008826162193957547,2.4037228773718904,1.4889856811856332e-15,3.5924002909073254,2.225311856425984e-15,300000000000000.0,50,52000000000000.0
774040.826,3501694100000.0,8.4579135e+31,3.3994618410824398,2.096807529757741e-15,0.0008825988826241074,2.403770090573489,1.482673334897667e-15,3.5924708517586645,2.215877958424873e-15,300000000000000.0,50,52000000000000.0
775040.826,3494305100000.0,8.4056916e+31,3.3995286103391944,2.0878805635517715e-15,0.0008825815458524601,2.403817303775087,1.476360988609701e-15,3.592541412610004,2.206444060423762e-15,300000000000000.0,50,52000000000000.0
776040.826,3486885700000.0,8.3603192e+31,3.399595379595949,2.078953597345802e-15,0.0008825642090808127,2.403864516976685,1.4700486423217347e-15,3.5926119734613433,2.197010162422651e-15,300000000000000.0,50,52000000000000.0
777040.826,3479445800000.0,8.3276291e+31,3.3996621488527032,2.070026631139832e-15,0.0008825468723091654,2.403911730178283,1.4637362960337686e-15,3.5926825343126825,2.18757626442154e-15,300000000000000.0,50,52000000000000.0
778040.826,3471890400000.0,8.3085164e+31,3.399728918109458,2.0610996649338623e-15,0.0008825295355375181,2.4039589433798816,1.4574239497458024e-15,3.5927530951640216,2.178142366420429e-15,300000000000000.0,50,52000000000000.0
779040.826,3464303200000.0,8.3086537e+31,3.3997956873662125,2.0521726987278926e-15,0.0008825121987658709,2.4040061565814796,1.4511116034578362e-15,3.592823656015361,2.168708468419318e-15,300000000000000.0,50,52000000000000.0
780040.826,3456894500000.0,8.3212151e+31,3.399862456622967,2.0432457325219226e-15,0.0008824948619942236,2.4040533697830777,1.44479925716987e-15,3.5928942168667004,2.1592745704182068e-15,300000000000000.0,50,52000000000000.0
781040.826,3449482600000.0,8.3269628e+31,3.399929225879722,2.034318766315953e-15,0.0008824775252225763,2.4041005829846758,1.4384869108819039e-15,3.5929647777180396,2.149840672417096e-15,300000000000000.0,50,52000000000000.0
782040.826,3442131800000.0,8.3182849e+31,3.399995995136476,2.0253918001099834e-15,0.000882460188450929,2.4041477961862743,1.4321745645939377e-15,3.5930353385693787,2.1404067744159848e-15,300000000000000.0,50,52000000000000.0
783040.826,3434815500000.0,8.3276515e+31,3.4000627643932306,2.0164648339040138e-15,0.0008824428516792817,2.4041950093878723,1.4258622183059716e-15,3.593105899420718,2.130972876414874e-15,300000000000000.0,50,52000000000000.0
784040.826,3427658500000.0,8.3632547e+31,3.4001295336499853,2.0075378676980438e-15,0.0008824255149076344,2.4042422225894704,1.4195498720180054e-15,3.593176460272057,2.1215389784137628e-15,300000000000000.0,50,52000000000000.0
785040.826,3419180400000.0,8.3668862e+31,3.4001936989875863,1.9983559776226804e-15,0.0008824088602133892,2.404287594534025,1.4130572665690637e-15,3.5932442693366045,2.1118356803421136e-15,300000000000000.0,50,52000000000000.0
786040.826,3409332600000.0,8.3421453e+31,3.40025693463378,1.989083070692725e-15,0.000882392449044946,2.404332309084571,1.4065003022121768e-15,3.593311095915758,2.1020361968991e-15,300000000000000.0,50,52000000000000.0
787040.826,3399976200000.0,8.3353739e+31,3.4003201702799735,1.979810163762769e-15,0.0008823760378765029,2.4043770236351163,1.3999433378552898e-15,3.5933779224949114,2.0922367134560857e-15,300000000000000.0,50,52000000000000.0
788040.826,3391743300000.0,8.3744495e+31,3.400383405926167,1.9705372568328138e-15,0.0008823596267080597,2.4044217381856616,1.3933863734984027e-15,3.5934447490740644,2.082437230013072e-15,300000000000000.0,50,52000000000000.0
789040.826,3383426200000.0,8.3827524e+31,3.4004466415723607,1.9612643499028583e-15,0.0008823432155396165,2.4044664527362074,1.3868294091415156e-15,3.593511575653218,2.072637746570058e-15,300000000000000.0,50,52000000000000.0
790040.826,3374252400000.0,8.2925269e+31,3.4005098772185542,1.9519914429729025e-15,0.0008823268043711733,2.4045111672867527,1.3802724447846287e-15,3.593578402232371,2.0628382631270444e-15,300000000000000.0,50,52000000000000.0
791040.826,3365530400000.0,8.1816842e+31,3.400573112864748,1.942718536042947e-15,0.0008823103932027301,2.404555881837298,1.3737154804277417e-15,3.5936452288115244,2.0530387796840306e-15,300000000000000.0,50,52000000000000.0
792040.826,3358244600000.0,8.0655627e+31,3.4006363485109414,1.9334456291129917e-15,0.0008822939820342869,2.404600596387844,1.3671585160708546e-15,3.5937120553906774,2.043239296241017e-15,300000000000000.0,50,52000000000000.0
793040.826,3351714900000.0,7.9652834e+31,3.400699584157135,1.924172722183036e-15,0.0008822775708658437,2.404645310938389,1.3606015517139677e-15,3.593778881969831,2.0334398127980027e-15,300000000000000.0,50,52000000000000.0
794040.826,3344731000000.0,7.8993026e+31,3.4007628198033286,1.9148998152530804e-15,0.0008822611596974004,2.404690025488935,1.3540445873570807e-15,3.593845708548984,2.023640329354989e-15,300000000000000.0,50,52000000000000.0
795040.826,3337721900000.0,7.8451726e+31,3.4008260554495218,1.9056269083231246e-15,0.0008822447485289573,2.4047347400394803,1.3474876230001936e-15,3.5939125351281374,2.013840845911975e-15,300000000000000.0,50,52000000000000.0
796040.826,3330627100000.0,7.7787464e+31,3.4008892910957154,1.896354001393169e-15,0.0008822283373605141,2.4047794545900256,1.3409306586433067e-15,3.5939793617072904,2.0040413624689614e-15,300000000000000.0,50,52000000000000.0
797040.826,3323395300000.0,7.7143111e+31,3.400952526741909,1.8870810944632138e-15,0.0008822119261920709,2.4048241691405714,1.3343736942864196e-15,3.594046188286444,1.9942418790259476e-15,300000000000000.0,50,52000000000000.0
798040.826,3316008700000.0,7.6540662e+31,3.401012103418906,1.87855374709302e-15,0.0008821964717995435,2.4048662963977483,1.3283439224980617e-15,3.594109148116116,1.98523029293407e-15,300000000000000.0,50,52000000000000.0
799040.826,3308493800000.0,7.596708e+31,3.4010716088207236,1.8700409229090896e-15,0.0008821810360446078,2.40490837325554,1.3223244201989335e-15,3.594172032623136,1.9762340547508026e-15,300000000000000.0,50,52000000000000.0
800040.826,3300939400000.0,7.5378953e+31,3.4011311142225416,1.861528098725159e-15,0.0008821656002896722,2.404950450113332,1.3163049178998056e-15,3.594234917130157,1.967237816567535e-15,300000000000000.0,50,52000000000000.0
801040.826,3293373700000.0,7.4802478e+31,3.401190619624359,1.853015274541229e-15,0.0008821501645347367,2.4049925269711236,1.3102854156006774e-15,3.594297801637177,1.9582415783842675e-15,300000000000000.0,50,52000000000000.0
802040.826,3285795200000.0,7.4214322e+31,3.4012501250261766,1.8445024503572982e-15,0.0008821347287798011,2.4050346038289154,1.3042659133015493e-15,3.5943606861441975,1.949245340201e-15,300000000000000.0,50,52000000000000.0
803040.826,3278200000000.0,7.3635367e+31,3.4013096304279946,1.8359896261733676e-15,0.0008821192930248654,2.405076680686707,1.2982464110024211e-15,3.5944235706512178,1.9402491020177327e-15,300000000000000.0,50,52000000000000.0
804040.826,3270594700000.0,7.3063855e+31,3.401369135829812,1.827476801989437e-15,0.0008821038572699299,2.405118757544499,1.2922269087032932e-15,3.5944864551582385,1.9312528638344654e-15,300000000000000.0,50,52000000000000.0
805040.826,3262993900000.0,7.2506433e+31,3.40142864123163,1.8189639778055065e-15,0.0008820884215149943,2.405160834402291,1.286207406404165e-15,3.594549339665259,1.922256625651198e-15,300000000000000.0,50,52000000000000.0
806040.826,3255391800000.0,7.1974649e+31,3.4014881466334477,1.8104511536215763e-15,0.0008820729857600587,2.4052029112600826,1.2801879041050369e-15,3.594612224172279,1.9132603874679302e-15,300000000000000.0,50,52000000000000.0
807040.826,3247785700000.0,7.1453374e+31,3.4015476520352657,1.8019383294376457e-15,0.0008820575500051232,2.4052449881178743,1.2741684018059087e-15,3.5946751086792994,1.904264149284663e-15,300000000000000.0,50,52000000000000.0
808040.826,3240164500000.0,7.0946236e+31,3.401607157437083,1.793425505253715e-15,0.0008820421142501875,2.405287064975666,1.2681488995067808e-15,3.59473799318632,1.8952679111013955e-15,300000000000000.0,50,52000000000000.0
809040.826,3232504300000.0,7.0446546e+31,3.4016666628389007,1.7849126810697845e-15,0.0008820266784952519,2.405329141833458,1.2621293972076527e-15,3.5948008776933404,1.886271672918128e-15,300000000000000.0,50,52000000000000.0
810040.826,3224841900000.0,6.9966422e+31,3.4017261076171708,1.7764048847222935e-15,0.0008820112585809355,2.4053711758237384,1.2561134501419076e-15,3.59486369813421,1.8772807480854932e-15,300000000000000.0,50,52000000000000.0
811040.826,3217183100000.0,6.9506989e+31,3.4017821328395472,1.7681806905114514e-15,0.0008819967321788615,2.4054107918121765,1.2502980409806588e-15,3.5949229048343714,1.8685895302163525e-15,300000000000000.0,50,52000000000000.0
812040.826,3209528500000.0,6.9060521e+31,3.4018381580619237,1.7599564963006095e-15,0.0008819822057767877,2.4054504078006147,1.24448263181941e-15,3.5949821115345326,1.8598983123472123e-15,300000000000000.0,50,52000000000000.0
813040.826,3201888200000.0,6.8632091e+31,3.4018941832843,1.7517323020897674e-15,0.0008819676793747138,2.4054900237890524,1.2386672226581613e-15,3.595041318234694,1.8512070944780716e-15,300000000000000.0,50,52000000000000.0
814040.826,3194274800000.0,6.8218521e+31,3.4019502085066766,1.7435081078789255e-15,0.00088195315297264,2.4055296397774906,1.2328518134969125e-15,3.595100524934855,1.842515876608931e-15,300000000000000.0,50,52000000000000.0
815040.826,3186691900000.0,6.7812505e+31,3.402006233729053,1.7352839136680835e-15,0.0008819386265705661,2.4055692557659287,1.2270364043356637e-15,3.5951597316350163,1.8338246587397902e-15,300000000000000.0,50,52000000000000.0
816040.826,3179104700000.0,6.7427615e+31,3.4020622589514296,1.7270597194572414e-15,0.0008819241001684923,2.405608871754367,1.221220995174415e-15,3.5952189383351776,1.8251334408706495e-15,300000000000000.0,50,52000000000000.0
817040.826,3171576600000.0,6.7035475e+31,3.402118284173806,1.7188355252463995e-15,0.0008819095737664184,2.4056484877428046,1.2154055860131662e-15,3.595278145035339,1.816442223001509e-15,300000000000000.0,50,52000000000000.0
818040.826,3164102700000.0,6.666032e+31,3.4021743093961825,1.7106113310355574e-15,0.0008818950473643446,2.4056881037312428,1.2095901768519174e-15,3.5953373517355,1.8077510051323685e-15,300000000000000.0,50,52000000000000.0
819040.826,3156649100000.0,6.6297154e+31,3.402230334618559,1.7023871368247153e-15,0.0008818805209622708,2.405727719719681,1.2037747676906684e-15,3.5953965584356613,1.799059787263228e-15,300000000000000.0,50,52000000000000.0
820040.826,3149192300000.0,6.5935205e+31,3.4022863598409354,1.6941629426138734e-15,0.0008818659945601969,2.4057673357081186,1.1979593585294197e-15,3.5954557651358225,1.790368569394087e-15,300000000000000.0,50,52000000000000.0
821040.826,3141705200000.0,6.5610546e+31,3.402342385063312,1.6859387484030313e-15,0.0008818514681581231,2.405806951696557,1.1921439493681709e-15,3.595514971835984,1.7816773515249465e-15,300000000000000.0,50,52000000000000.0
822040.826,3134180200000.0,6.5315741e+31,3.4023984102856883,1.6777145541921894e-15,0.0008818369417560492,2.405846567684995,1.1863285402069221e-15,3.595574178536145,1.772986133655806e-15,300000000000000.0,50,52000000000000.0
823040.826,3126615900000.0,6.5039459e+31,3.402454435508065,1.6694903599813474e-15,0.0008818224153539754,2.4058861836734327,1.1805131310456733e-15,3.5956333852363063,1.7642949157866653e-15,300000000000000.0,50,52000000000000.0
824040.826,3119025600000.0,6.4787119e+31,3.402507579945928,1.6618619037979503e-15,0.0008818086408806161,2.4059237626306165,1.1751189741545372e-15,3.5956895475621256,1.756233265873439e-15,300000000000000.0,50,52000000000000.0
825040.826,3111410000000.0,6.4550921e+31,3.4025601883025156,1.6543443076945506e-15,0.0008817950063326497,2.405960962519422,1.1698032075259196e-15,3.5957451433644607,1.7482887714056281e-15,300000000000000.0,50,52000000000000.0
826040.826,3103817700000.0,6.4318815e+31,3.4026127966591035,1.646826711591151e-15,0.0008817813717846832,2.405998162408227,1.164487440897302e-15,3.5958007391667954,1.7403442769378175e-15,300000000000000.0,50,52000000000000.0
827040.826,3096262000000.0,6.4097573e+31,3.402665405015691,1.6393091154877513e-15,0.0008817677372367168,2.406035362297033,1.1591716742686843e-15,3.59585633496913,1.7323997824700067e-15,300000000000000.0,50,52000000000000.0
828040.826,3088788000000.0,6.3904673e+31,3.402718013372279,1.6317915193843514e-15,0.0008817541026887503,2.4060725621858383,1.1538559076400667e-15,3.5959119307714653,1.724455288002196e-15,300000000000000.0,50,52000000000000.0
829040.826,3081451000000.0,6.3717765e+31,3.4027706217288665,1.6242739232809517e-15,0.0008817404681407838,2.4061097620746437,1.1485401410114491e-15,3.5959675265738,1.7165107935343852e-15,300000000000000.0,50,52000000000000.0
830040.826,3074224900000.0,6.351083e+31,3.4028232300854544,1.616756327177552e-15,0.0008817268335928174,2.4061469619634495,1.1432243743828316e-15,3.5960231223761348,1.7085662990665746e-15,300000000000000.0,50,52000000000000.0
831040.826,3067091200000.0,6.3313109e+31,3.402875838442042,1.6092387310741524e-15,0.0008817131990448509,2.406184161852255,1.1379086077542138e-15,3.59607871817847,1.7006218045987637e-15,300000000000000.0,50,52000000000000.0
832040.826,3060069100000.0,6.3108256e+31,3.4029284467986294,1.6017211349707525e-15,0.0008816995644968844,2.40622136174106,1.1325928411255963e-15,3.5961343139808046,1.692677310130953e-15,300000000000000.0,50,52000000000000.0
833040.826,3053164400000.0,6.2885804e+31,3.4029810551552173,1.5942035388673528e-15,0.0008816859299489179,2.406258561629866,1.1272770744969787e-15,3.5961899097831393,1.6847328156631423e-15,300000000000000.0,50,52000000000000.0
834040.826,3046435400000.0,6.2673225e+31,3.403033663511805,1.5866859427639531e-15,0.0008816722954009514,2.4062957615186713,1.121961307868361e-15,3.596245505585474,1.6767883211953316e-15,300000000000000.0,50,52000000000000.0
835040.826,3039864100000.0,6.2455703e+31,3.4030862718683927,1.5791683466605533e-15,0.000881658660852985,2.4063329614074767,1.1166455412397434e-15,3.5963011013878092,1.6688438267275208e-15,300000000000000.0,50,52000000000000.0
836040.826,3033434000000.0,6.224238e+31,3.4031388802249802,1.5716507505571536e-15,0.0008816450263050185,2.4063701612962825,1.1113297746111258e-15,3.596356697190144,1.6608993322597102e-15,300000000000000.0,50,52000000000000.0
837040.826,3027113700000.0,6.2014878e+31,3.403190045870718,1.5649525214220386e-15,0.0008816317680760316,2.406406341029963,1.1065933904722838e-15,3.596410768355054,1.653820733777547e-15,300000000000000.0,50,52000000000000.0
838040.826,3020908600000.0,6.1790867e+31,3.403239480130693,1.5592376080381054e-15,0.0008816189614644451,2.4064412964836306,1.1025523186296501e-15,3.596463009814773,1.6477812901484957e-15,300000000000000.0,50,52000000000000.0
839040.826,3014805900000.0,6.1561165e+31,3.4032889143906684,1.5535226946541724e-15,0.0008816061548528585,2.4064762519372978,1.0985112467870166e-15,3.596515251274492,1.6417418465194443e-15,300000000000000.0,50,52000000000000.0
840040.826,3008858300000.0,6.1338289e+31,3.4033383486506437,1.5478077812702392e-15,0.0008815933482412718,2.4065112073909654,1.094470174944383e-15,3.596567492734211,1.635702402890393e-15,300000000000000.0,50,52000000000000.0
841040.826,3003049600000.0,6.1100844e+31,3.403387782910619,1.542092867886306e-15,0.0008815805416296852,2.4065461628446325,1.0904291031017494e-15,3.59661973419393,1.6296629592613416e-15,300000000000000.0,50,52000000000000.0
842040.826,2997301900000.0,6.0846194e+31,3.403437217170594,1.5363779545023728e-15,0.0008815677350180987,2.4065811182983,1.0863880312591157e-15,3.596671975653649,1.6236235156322903e-15,300000000000000.0,50,52000000000000.0
843040.826,2991745100000.0,6.0547503e+31,3.4034866514305695,1.5306630411184396e-15,0.000881554928406512,2.4066160737519673,1.082346959416482e-15,3.5967242171133686,1.617584072003239e-15,300000000000000.0,50,52000000000000.0
844040.826,2986303700000.0,6.0210124e+31,3.4035360856905448,1.5249481277345067e-15,0.0008815421217949254,2.406651029205635,1.0783058875738485e-15,3.5967764585730877,1.6115446283741876e-15,300000000000000.0,50,52000000000000.0
845040.826,2980890600000.0,5.9879288e+31,3.40358551995052,1.5192332143505735e-15,0.0008815293151833388,2.4066859846593025,1.0742648157312148e-15,3.5968287000328067,1.6055051847451362e-15,300000000000000.0,50,52000000000000.0
846040.826,2975501700000.0,5.9553698e+31,3.4036349542104953,1.5135183009666403e-15,0.0008815165085717523,2.4067209401129697,1.0702237438885813e-15,3.596880941492526,1.599465741116085e-15,300000000000000.0,50,52000000000000.0
847040.826,2970222500000.0,5.9224649e+31,3.4036843884704706,1.507803387582707e-15,0.0008815037019601656,2.4067558955666373,1.0661826720459477e-15,3.596933182952245,1.5934262974870337e-15,300000000000000.0,50,52000000000000.0
848040.826,2965037800000.0,5.8890961e+31,3.403733822730446,1.5020884741987739e-15,0.000881490895348579,2.4067908510203044,1.0621416002033142e-15,3.596985424411964,1.5873868538579824e-15,300000000000000.0,50,52000000000000.0
849040.826,2959932100000.0,5.8566357e+31,3.403783256990421,1.496373560814841e-15,0.0008814780887369924,2.406825806473972,1.0581005283606805e-15,3.597037665871683,1.581347410228931e-15,300000000000000.0,50,52000000000000.0
850040.826,2954917900000.0,5.8228943e+31,3.4038326912503964,1.4906586474309077e-15,0.0008814652821254058,2.406860761927639,1.054059456518047e-15,3.5970899073314024,1.5753079665998797e-15,300000000000000.0,50,52000000000000.0
851040.826,2949995100000.0,5.7891777e+31,3.4038800455662677,1.4856550926585956e-15,0.0008814530184313975,2.4068942466322354,1.0505213933925929e-15,3.5971399507341566,1.570020277186188e-15,300000000000000.0,50,52000000000000.0
852040.826,2945130900000.0,5.7582673e+31,3.4039270276177334,1.4807788554860034e-15,0.000881440851907736,2.4069274681049837,1.0470733578024259e-15,3.5971896007328916,1.564867135299883e-15,300000000000000.0,50,52000000000000.0
853040.826,2940288300000.0,5.7270847e+31,3.4039740096691986,1.475902618313411e-15,0.0008814286853840744,2.4069606895777325,1.0436253222122589e-15,3.5972392507316266,1.559713993413578e-15,300000000000000.0,50,52000000000000.0
854040.826,2935479200000.0,5.6943592e+31,3.4040209917206643,1.4710263811408185e-15,0.000881416518860413,2.4069939110504808,1.0401772866220917e-15,3.5972889007303617,1.5545608515272728e-15,300000000000000.0,50,52000000000000.0
855040.826,2930709200000.0,5.6634653e+31,3.4040679737721296,1.466150143968226e-15,0.0008814043523367514,2.407027132523229,1.0367292510319247e-15,3.5973385507290967,1.5494077096409678e-15,300000000000000.0,50,52000000000000.0
856040.826,2925978100000.0,5.6327646e+31,3.4041149558235952,1.4612739067956339e-15,0.0008813921858130898,2.407060353995978,1.0332812154417576e-15,3.5973882007278317,1.5442545677546628e-15,300000000000000.0,50,52000000000000.0
857040.826,2921251700000.0,5.6023576e+31,3.4041619378750605,1.4563976696230414e-15,0.0008813800192894283,2.407093575468726,1.0298331798515904e-15,3.5974378507265667,1.5391014258683578e-15,300000000000000.0,50,52000000000000.0
858040.826,2916498100000.0,5.5730209e+31,3.404208919926526,1.451521432450449e-15,0.0008813678527657667,2.4071267969414745,1.0263851442614234e-15,3.5974875007253018,1.5339482839820526e-15,300000000000000.0,50,52000000000000.0
859040.826,2911718100000.0,5.5440007e+31,3.4042559019779914,1.4466451952778568e-15,0.0008813556862421051,2.4071600184142232,1.0229371086712564e-15,3.597537150724037,1.5287951420957476e-15,300000000000000.0,50,52000000000000.0
860040.826,2906928700000.0,5.514809e+31,3.404302884029457,1.4417689581052643e-15,0.0008813435197184437,2.4071932398869715,1.0194890730810892e-15,3.597586800722772,1.5236420002094426e-15,300000000000000.0,50,52000000000000.0
861040.826,2902033500000.0,5.4864733e+31,3.4043498660809224,1.4368927209326719e-15,0.0008813313531947821,2.40722646135972,1.0160410374909222e-15,3.5976364507215073,1.5184888583231375e-15,300000000000000.0,50,52000000000000.0
862040.826,2897055000000.0,5.4588323e+31,3.404396848132388,1.4320164837600795e-15,0.0008813191866711206,2.4072596828324686,1.0125930019007552e-15,3.5976861007202423,1.5133357164368325e-15,300000000000000.0,50,52000000000000.0
863040.826,2891943000000.0,5.4325328e+31,3.4044438301838533,1.4271402465874872e-15,0.000881307020147459,2.407292904305217,1.009144966310588e-15,3.5977357507189773,1.5081825745505275e-15,300000000000000.0,50,52000000000000.0
864040.826,2886712700000.0,5.4053774e+31,3.4044907685107986,1.4222546696094436e-15,0.0008812948650379053,2.407326094859924,1.0056903264520513e-15,3.597785354510227,1.5030195624842178e-15,300000000000000.0,50,52000000000000.0
865040.826,2881367600000.0,5.3796455e+31,3.404535624190712,1.416924227416241e-15,0.0008812832535948697,2.4073578127542925,1.001921118020898e-15,3.5978327573880935,1.497386422878926e-15,300000000000000.0,50,52000000000000.0
866040.826,2875972800000.0,5.3540524e+31,3.4045804798706256,1.4115937852230384e-15,0.000881271642151834,2.407389530648661,9.98151909589745e-16,3.5978801602659605,1.4917532832736343e-15,300000000000000.0,50,52000000000000.0
867040.826,2870569100000.0,5.3318148e+31,3.404625335550539,1.4062633430298358e-15,0.0008812600307087984,2.407421248543029,9.943827011585916e-16,3.597927563143827,1.4861201436683426e-15,300000000000000.0,50,52000000000000.0
868040.826,2865153900000.0,5.3092165e+31,3.4046701912304527,1.4009329008366333e-15,0.0008812484192657628,2.4074529664373974,9.906134927274386e-16,3.5979749660216935,1.4804870040630508e-15,300000000000000.0,50,52000000000000.0
869040.826,2859717200000.0,5.2857879e+31,3.404715046910366,1.3956024586434306e-15,0.0008812368078227272,2.4074846843317657,9.868442842962853e-16,3.59802236889956,1.474853864457759e-15,300000000000000.0,50,52000000000000.0
870040.826,2854277300000.0,5.2636954e+31,3.4047599025902797,1.3902720164502281e-15,0.0008812251963796915,2.407516402226134,9.830750758651322e-16,3.5980697717774266,1.4692207248524673e-15,300000000000000.0,50,52000000000000.0
871040.826,2848849200000.0,5.2425082e+31,3.4048047582701932,1.3849415742570254e-15,0.0008812135849366559,2.4075481201205022,9.793058674339791e-16,3.598117174655293,1.4635875852471756e-15,300000000000000.0,50,52000000000000.0
872040.826,2843357000000.0,5.2176485e+31,3.4048496139501063,1.379611132063823e-15,0.0008812019734936203,2.4075798380148705,9.755366590028259e-16,3.5981645775331597,1.4579544456418838e-15,300000000000000.0,50,52000000000000.0
873040.826,2837802100000.0,5.1862884e+31,3.40489446963002,1.3742806898706203e-15,0.0008811903620505846,2.407611555909239,9.717674505716728e-16,3.598211980411026,1.452321306036592e-15,300000000000000.0,50,52000000000000.0
874040.826,2832248100000.0,5.1549293e+31,3.4049393253099334,1.3689502476774176e-15,0.000881178750607549,2.407643273803607,9.679982421405195e-16,3.5982593832888927,1.4466881664313003e-15,300000000000000.0,50,52000000000000.0
875040.826,2826748700000.0,5.1269232e+31,3.404984180989847,1.3636198054842151e-15,0.0008811671391645134,2.4076749916979754,9.642290337093664e-16,3.5983067861667593,1.4410550268260086e-15,300000000000000.0,50,52000000000000.0
876040.826,2821245700000.0,5.0975887e+31,3.4050290366697604,1.3582893632910125e-15,0.0008811555277214778,2.4077067095923437,9.604598252782132e-16,3.598354189044626,1.4354218872207168e-15,300000000000000.0,50,52000000000000.0
877040.826,2815717100000.0,5.0660382e+31,3.405073892349674,1.35295892109781e-15,0.0008811439162784421,2.407738427486712,9.5669061684706e-16,3.5984015919224923,1.429788747615425e-15,300000000000000.0,50,52000000000000.0
878040.826,2810211100000.0,5.0376886e+31,3.4051187480295875,1.3476284789046073e-15,0.0008811323048354066,2.4077701453810803,9.529214084159068e-16,3.598448994800359,1.4241556080101333e-15,300000000000000.0,50,52000000000000.0
879040.826,2804788900000.0,5.0113784e+31,3.4051613169668227,1.3425747826776558e-15,0.0008811212892860903,2.407800246297069,9.493478898064606e-16,3.5984939810793244,1.4188149298342638e-15,300000000000000.0,50,52000000000000.0
880040.826,2799475800000.0,4.9854037e+31,3.4052038104059688,1.3375302233736564e-15,0.0008811102934105386,2.407830293827611,9.457808320059926e-16,3.5985388875729245,1.4134839074361582e-15,300000000000000.0,50,52000000000000.0
881040.826,2794208900000.0,4.960052e+31,3.4052463038451153,1.332485664069657e-15,0.0008810992975349869,2.407860341358153,9.422137742055247e-16,3.5985837940665246,1.4081528850380526e-15,300000000000000.0,50,52000000000000.0
882040.826,2788976600000.0,4.9349108e+31,3.4052887972842614,1.3274411047656576e-15,0.0008810883016594352,2.4078903888886956,9.386467164050565e-16,3.5986287005601247,1.402821862639947e-15,300000000000000.0,50,52000000000000.0
883040.826,2783737300000.0,4.9098132e+31,3.4053312907234075,1.3223965454616581e-15,0.0008810773057838835,2.4079204364192375,9.350796586045885e-16,3.5986736070537253,1.3974908402418413e-15,300000000000000.0,50,52000000000000.0
884040.826,2778526300000.0,4.8840352e+31,3.4053737841625535,1.3173519861576587e-15,0.0008810663099083319,2.40795048394978,9.315126008041206e-16,3.5987185135473254,1.3921598178437356e-15,300000000000000.0,50,52000000000000.0
885040.826,2773319900000.0,4.8571599e+31,3.4054162776016996,1.3123074268536593e-15,0.0008810553140327802,2.407980531480322,9.279455430036526e-16,3.5987634200409255,1.38682879544563e-15,300000000000000.0,50,52000000000000.0
886040.826,2768078700000.0,4.8275939e+31,3.4054587710408457,1.30726286754966e-15,0.0008810443181572285,2.408010579010864,9.243784852031847e-16,3.5988083265345256,1.3814977730475244e-15,300000000000000.0,50,52000000000000.0
887040.826,2762769400000.0,4.7970306e+31,3.405501264479992,1.3022183082456605e-15,0.0008810333222816769,2.4080406265414065,9.208114274027167e-16,3.598853233028126,1.3761667506494185e-15,300000000000000.0,50,52000000000000.0
888040.826,2757399200000.0,4.7695655e+31,3.4055437579191383,1.2971737489416611e-15,0.0008810223264061252,2.408070674071949,9.172443696022487e-16,3.5988981395217263,1.3708357282513129e-15,300000000000000.0,50,52000000000000.0
889040.826,2752031700000.0,4.7413514e+31,3.4055862513582844,1.2921291896376617e-15,0.0008810113305305735,2.408100721602491,9.136773118017808e-16,3.5989430460153264,1.3655047058532072e-15,300000000000000.0,50,52000000000000.0
890040.826,2746659700000.0,4.7126044e+31,3.4056287447974305,1.2870846303336623e-15,0.0008810003346550218,2.408130769133033,9.101102540013128e-16,3.5989879525089266,1.3601736834551016e-15,300000000000000.0,50,52000000000000.0
891040.826,2741268600000.0,4.684679e+31,3.4056712382365766,1.2820400710296629e-15,0.0008809893387794702,2.4081608166635755,9.065431962008446e-16,3.599032859002527,1.354842661056996e-15,300000000000000.0,50,52000000000000.0
892040.826,2735841100000.0,4.6565425e+31,3.4057137316757227,1.2769955117256635e-15,0.0008809783429039184,2.4081908641941174,9.029761384003767e-16,3.5990777654961272,1.3495116386588903e-15,300000000000000.0,50,52000000000000.0
893040.826,2730376100000.0,4.6287275e+31,3.4057546643948116,1.2719710001747529e-15,0.0008809677534383449,2.4082198081240636,8.994232565742588e-16,3.59912102264177,1.3442018024712465e-15,300000000000000.0,50,52000000000000.0
894040.826,2724851700000.0,4.6034735e+31,3.4057948859259404,1.2669556239716912e-15,0.0008809573491654212,2.408248249165966,8.958768344474503e-16,3.599163528213546,1.3389016204030105e-15,300000000000000.0,50,52000000000000.0
895040.826,2719282200000.0,4.5792352e+31,3.405835107457069,1.2619402477686295e-15,0.0008809469448924975,2.408276690207868,8.92330412320642e-16,3.5992060337853222,1.3336014383347743e-15,300000000000000.0,50,52000000000000.0
896040.826,2713670100000.0,4.5552097e+31,3.405875328988198,1.2569248715655679e-15,0.0008809365406195739,2.4083051312497705,8.887839901938337e-16,3.5992485393570983,1.3283012562665382e-15,300000000000000.0,50,52000000000000.0
897040.826,2707961100000.0,4.5334366e+31,3.405915550519327,1.2519094953625062e-15,0.0008809261363466502,2.408333572291673,8.852375680670252e-16,3.599291044928874,1.3230010741983022e-15,300000000000000.0,50,52000000000000.0
898040.826,2702138700000.0,4.5126137e+31,3.4059557720504556,1.2468941191594445e-15,0.0008809157320737265,2.4083620133335755,8.816911459402168e-16,3.59933355050065,1.317700892130066e-15,300000000000000.0,50,52000000000000.0
899040.826,2696269700000.0,4.4918098e+31,3.405995993581585,1.2418787429563829e-15,0.0008809053278008029,2.4083904543754775,8.781447238134084e-16,3.599376056072426,1.3124007100618298e-15,300000000000000.0,50,52000000000000.0
900040.826,2690478700000.0,4.4713347e+31,3.4060362151127137,1.2368633667533212e-15,0.0008808949235278793,2.40841889541738,8.745983016866e-16,3.5994185616442023,1.3071005279935936e-15,300000000000000.0,50,52000000000000.0
901040.826,2684839000000.0,4.4510658e+31,3.4060764366438425,1.2318479905502597e-15,0.0008808845192549556,2.4084473364592824,8.710518795597916e-16,3.599461067215978,1.3018003459253576e-15,300000000000000.0,50,52000000000000.0
902040.826,2679377600000.0,4.4317529e+31,3.4061166581749713,1.226832614347198e-15,0.000880874114982032,2.4084757775011845,8.675054574329832e-16,3.599503572787754,1.2965001638571214e-15,300000000000000.0,50,52000000000000.0
903040.826,2674062600000.0,4.4138626e+31,3.4061568797061,1.2218172381441364e-15,0.0008808637107091083,2.408504218543087,8.639590353061748e-16,3.59954607835953,1.2911999817888852e-15,300000000000000.0,50,52000000000000.0
904040.826,2668983200000.0,4.3947524e+31,3.406197101237229,1.2168018619410747e-15,0.0008808533064361846,2.4085326595849894,8.604126131793664e-16,3.599588583931306,1.2858997997206493e-15,300000000000000.0,50,52000000000000.0
905040.826,2664069000000.0,4.3759087e+31,3.406237322768358,1.211786485738013e-15,0.0008808429021632609,2.4085611006268914,8.56866191052558e-16,3.5996310895030823,1.280599617652413e-15,300000000000000.0,50,52000000000000.0
906040.826,2659221100000.0,4.3576372e+31,3.4062775442994866,1.2067711095349514e-15,0.0008808324978903373,2.408589541668794,8.533197689257496e-16,3.599673595074858,1.2752994355841769e-15,300000000000000.0,50,52000000000000.0
907040.826,2654344700000.0,4.3393002e+31,3.4063173672850127,1.2018874108998978e-15,0.000880822197294681,2.4086177008951575,8.498664573099698e-16,3.599715679469005,1.270138408597676e-15,300000000000000.0,50,52000000000000.0
908040.826,2649312500000.0,4.3232501e+31,3.406355293314451,1.19763045751613e-15,0.0008808123901713452,2.4086445187651067,8.468563234617837e-16,3.59975575918549,1.2656397175579052e-15,300000000000000.0,50,52000000000000.0
909040.826,2644195300000.0,4.3060702e+31,3.4063932193438893,1.1933735041323623e-15,0.0008808025830480094,2.408671336635056,8.438461896135977e-16,3.599795838901975,1.2611410265181346e-15,300000000000000.0,50,52000000000000.0
910040.826,2639010200000.0,4.2881457e+31,3.4064311453733276,1.1891165507485946e-15,0.0008807927759246735,2.408698154505005,8.408360557654115e-16,3.59983591861846,1.2566423354783639e-15,300000000000000.0,50,52000000000000.0
911040.826,2633839800000.0,4.2703412e+31,3.406469071402766,1.1848595973648269e-15,0.0008807829688013376,2.408724972374954,8.3782592191722545e-16,3.5998759983349453,1.2521436444385933e-15,300000000000000.0,50,52000000000000.0
912040.826,2628762100000.0,4.2528471e+31,3.406506997432204,1.180602643981059e-15,0.0008807731616780018,2.4087517902449034,8.348157880690394e-16,3.59991607805143,1.2476449533988226e-15,300000000000000.0,50,52000000000000.0
913040.826,2623967700000.0,4.2351923e+31,3.4065449234616425,1.1763456905972912e-15,0.0008807633545546659,2.4087786081148526,8.318056542208533e-16,3.5999561577679153,1.2431462623590518e-15,300000000000000.0,50,52000000000000.0
914040.826,2619435300000.0,4.216275e+31,3.406582849491081,1.1720887372135235e-15,0.00088075354743133,2.4088054259848017,8.287955203726673e-16,3.5999962374844006,1.2386475713192813e-15,300000000000000.0,50,52000000000000.0
915040.826,2615044400000.0,4.1953703e+31,3.406620775520519,1.1678317838297558e-15,0.0008807437403079942,2.408832243854751,8.257853865244812e-16,3.600036317200886,1.2341488802795105e-15,300000000000000.0,50,52000000000000.0
916040.826,2610707200000.0,4.1741349e+31,3.4066587015499574,1.163574830445988e-15,0.0008807339331846584,2.4088590617247,8.227752526762951e-16,3.6000763969173706,1.22965018923974e-15,300000000000000.0,50,52000000000000.0
917040.826,2606373500000.0,4.1512663e+31,3.4066966275793957,1.1593178770622203e-15,0.0008807241260613226,2.408885879594649,8.197651188281091e-16,3.600116476633856,1.2251514981999692e-15,300000000000000.0,50,52000000000000.0
918040.826,2601973600000.0,4.1261412e+31,3.406734553608834,1.1550609236784526e-15,0.0008807143189379867,2.408912697464598,8.16754984979923e-16,3.600156556350341,1.2206528071601987e-15,300000000000000.0,50,52000000000000.0
919040.826,2597459200000.0,4.1015682e+31,3.4067724796382723,1.1508039702946847e-15,0.0008807045118146508,2.408939515334547,8.137448511317369e-16,3.600196636066826,1.216154116120428e-15,300000000000000.0,50,52000000000000.0
920040.826,2592782100000.0,4.0786956e+31,3.4068104056677107,1.146547016910917e-15,0.000880694704691315,2.4089663332044964,8.107347172835509e-16,3.600236715783311,1.2116554250806574e-15,300000000000000.0,50,52000000000000.0
921040.826,2587937200000.0,4.0564442e+31,3.406848331697149,1.1422900635271492e-15,0.0008806848975679791,2.4089931510744456,8.077245834353648e-16,3.6002767954997963,1.2071567340408866e-15,300000000000000.0,50,52000000000000.0
922040.826,2583118200000.0,4.0326731e+31,3.406885417724545,1.1382771559592424e-15,0.0008806753089519485,2.4090193749706414,8.048870167980519e-16,3.6003159875134294,1.2029159473351032e-15,300000000000000.0,50,52000000000000.0
923040.826,2578503100000.0,4.0090062e+31,3.4069213636883497,1.1345954710974652e-15,0.0008806660168973674,2.409044792716594,8.022836610132095e-16,3.600353974723203,1.199025192327771e-15,300000000000000.0,50,52000000000000.0
924040.826,2574030500000.0,3.9850869e+31,3.406957309652154,1.1309137862356879e-15,0.0008806567248427864,2.409070210462546,7.996803052283672e-16,3.600391961932977,1.1951344373204386e-15,300000000000000.0,50,52000000000000.0
925040.826,2569692500000.0,3.9627893e+31,3.4069932556159586,1.1272321013739107e-15,0.0008806474327882054,2.4090956282084983,7.970769494435249e-16,3.6004299491427507,1.1912436823131064e-15,300000000000000.0,50,52000000000000.0
926040.826,2565404400000.0,3.9414909e+31,3.4070292015797627,1.1235504165121334e-15,0.0008806381407336244,2.4091210459544503,7.944735936586825e-16,3.6004679363525245,1.187352927305774e-15,300000000000000.0,50,52000000000000.0
927040.826,2561134200000.0,3.9245874e+31,3.4070651475435674,1.119868731650356e-15,0.0008806288486790433,2.4091464637004028,7.918702378738401e-16,3.6005059235622983,1.183462172298442e-15,300000000000000.0,50,52000000000000.0
928040.826,2556871700000.0,3.9127752e+31,3.4071010935073716,1.1161870467885788e-15,0.0008806195566244624,2.409171881446355,7.892668820889978e-16,3.600543910772072,1.1795714172911097e-15,300000000000000.0,50,52000000000000.0
929040.826,2552712300000.0,3.89728e+31,3.407137039471176,1.1125053619268015e-15,0.0008806102645698813,2.409197299192307,7.866635263041555e-16,3.600581897981846,1.1756806622837775e-15,300000000000000.0,50,52000000000000.0
930040.826,2548691600000.0,3.8884077e+31,3.4071729854349804,1.1088236770650243e-15,0.0008806009725153003,2.4092227169382596,7.840601705193131e-16,3.6006198851916196,1.1717899072764452e-15,300000000000000.0,50,52000000000000.0
931040.826,2544795400000.0,3.8802596e+31,3.4072089313987846,1.105141992203247e-15,0.0008805916804607193,2.4092481346842116,7.814568147344708e-16,3.6006578724013933,1.167899152269113e-15,300000000000000.0,50,52000000000000.0
932040.826,2540887200000.0,3.8169629e+31,3.407244877362589,1.1014603073414698e-15,0.0008805823884061383,2.409273552430164,7.788534589496284e-16,3.600695859611167,1.1640083972617808e-15,300000000000000.0,50,52000000000000.0
933040.826,2536877500000.0,3.8003528e+31,3.4072808233263934,1.0977786224796925e-15,0.0008805730963515572,2.409298970176116,7.76250103164786e-16,3.600733846820941,1.1601176422544485e-15,300000000000000.0,50,52000000000000.0
934040.826,2532759500000.0,3.7825699e+31,3.407316769290198,1.0940969376179151e-15,0.0008805638042969761,2.4093243879220685,7.736467473799437e-16,3.6007718340307147,1.1562268872471163e-15,300000000000000.0,50,52000000000000.0
935040.826,2528593500000.0,3.7628485e+31,3.407352715254002,1.090415252756138e-15,0.0008805545122423952,2.409349805668021,7.710433915951014e-16,3.6008098212404884,1.152336132239784e-15,300000000000000.0,50,52000000000000.0
936040.826,2524389100000.0,3.7514154e+31,3.407388661217807,1.0867335678943606e-15,0.0008805452201878141,2.409375223413973,7.68440035810259e-16,3.600847808450262,1.148445377232452e-15,300000000000000.0,50,52000000000000.0
937040.826,2520169300000.0,3.7255322e+31,3.4074238502162846,1.0831333410053079e-15,0.0008805361250255426,2.409400105902255,7.658942797663169e-16,3.6008849957092672,1.144640705918226e-15,300000000000000.0,50,52000000000000.0
938040.826,2515992900000.0,3.7044691e+31,3.4074580558409253,1.0796389361881305e-15,0.0008805272856461172,2.409424293037169,7.634233515595734e-16,3.6009211437520374,1.1409478659503318e-15,300000000000000.0,50,52000000000000.0
939040.826,2511880400000.0,3.6868533e+31,3.407492261465566,1.0761445313709534e-15,0.0008805184462666918,2.4094484801720837,7.609524233528298e-16,3.6009572917948076,1.1372550259824373e-15,300000000000000.0,50,52000000000000.0
940040.826,2507840500000.0,3.6709393e+31,3.407526467090207,1.072650126553776e-15,0.0008805096068872665,2.4094726673069977,7.584814951460863e-16,3.600993439837578,1.133562186014543e-15,300000000000000.0,50,52000000000000.0
941040.826,2503830000000.0,3.6551773e+31,3.4075606727148475,1.0691557217365988e-15,0.0008805007675078411,2.409496854441912,7.560105669393427e-16,3.601029587880348,1.1298693460466487e-15,300000000000000.0,50,52000000000000.0
942040.826,2499860000000.0,3.6380661e+31,3.4075948783394883,1.0656613169194215e-15,0.0008804919281284158,2.4095210415768262,7.535396387325991e-16,3.601065735923118,1.1261765060787544e-15,300000000000000.0,50,52000000000000.0
943040.826,2495891600000.0,3.6202532e+31,3.407629083964129,1.0621669121022441e-15,0.0008804830887489904,2.4095452287117407,7.510687105258556e-16,3.6011018839658884,1.12248366611086e-15,300000000000000.0,50,52000000000000.0
944040.826,2491941200000.0,3.601829e+31,3.4076632895887697,1.0586725072850668e-15,0.0008804742493695652,2.4095694158466547,7.48597782319112e-16,3.6011380320086586,1.1187908261429656e-15,300000000000000.0,50,52000000000000.0
945040.826,2487984600000.0,3.5827274e+31,3.4076974952134105,1.0551781024678897e-15,0.0008804654099901398,2.409593602981569,7.461268541123684e-16,3.6011741800514288,1.1150979861750713e-15,300000000000000.0,50,52000000000000.0
946040.826,2483997800000.0,3.5624957e+31,3.407731700838051,1.0516836976507124e-15,0.0008804565706107144,2.4096177901164837,7.436559259056248e-16,3.601210328094199,1.1114051462071768e-15,300000000000000.0,50,52000000000000.0
947040.826,2479945200000.0,3.5431291e+31,3.407765906462692,1.048189292833535e-15,0.0008804477312312891,2.4096419772513977,7.411849976988813e-16,3.601246476136969,1.1077123062392825e-15,300000000000000.0,50,52000000000000.0
948040.826,2475817000000.0,3.5229185e+31,3.4078001120873327,1.0446948880163577e-15,0.0008804388918518637,2.409666164386312,7.387140694921377e-16,3.6012826241797393,1.1040194662713882e-15,300000000000000.0,50,52000000000000.0
949040.826,2471573700000.0,3.5001946e+31,3.4078343177119734,1.0412004831991804e-15,0.0008804300524724384,2.4096903515212262,7.362431412853942e-16,3.6013187722225095,1.1003266263034937e-15,300000000000000.0,50,52000000000000.0
950040.826,2467282300000.0,3.4785797e+31,3.407868523336614,1.037706078382003e-15,0.000880421213093013,2.4097145386561407,7.337722130786507e-16,3.6013549202652797,1.0966337863355994e-15,300000000000000.0,50,52000000000000.0
951040.826,2462971500000.0,3.4624132e+31,3.407902728961255,1.034211673564826e-15,0.0008804123737135878,2.4097387257910547,7.313012848719071e-16,3.60139106830805,1.0929409463677051e-15,300000000000000.0,50,52000000000000.0
952040.826,2458658500000.0,3.4473872e+31,3.407936595679785,1.0306919730989005e-15,0.0008804036224328254,2.4097626732821062,7.28812469863997e-16,3.6014268581994044,1.0892213743021387e-15,300000000000000.0,50,52000000000000.0
953040.826,2454368500000.0,3.4319707e+31,3.407969122627631,1.0270722733484924e-15,0.0008803952194255292,2.4097856734080567,7.262529443818804e-16,3.6014612322391377,1.0853961243523416e-15,300000000000000.0,50,52000000000000.0
954040.826,2450076900000.0,3.4167999e+31,3.408001649575478,1.0234525735980842e-15,0.0008803868164182331,2.4098086735340076,7.236934188997638e-16,3.6014956062788706,1.0815708744025447e-15,300000000000000.0,50,52000000000000.0
955040.826,2445797400000.0,3.4020774e+31,3.4080341765233246,1.019832873847676e-15,0.0008803784134109369,2.409831673659958,7.211338934176471e-16,3.601529980318604,1.0777456244527477e-15,300000000000000.0,50,52000000000000.0
956040.826,2441553200000.0,3.3857295e+31,3.4080667034711714,1.0162131740972678e-15,0.0008803700104036407,2.409854673785909,7.185743679355306e-16,3.6015643543583367,1.0739203745029506e-15,300000000000000.0,50,52000000000000.0
957040.826,2437339700000.0,3.3699283e+31,3.408099230419018,1.0125934743468596e-15,0.0008803616073963446,2.4098776739118595,7.160148424534139e-16,3.60159872839807,1.0700951245531537e-15,300000000000000.0,50,52000000000000.0
958040.826,2433165400000.0,3.353383e+31,3.4081317573668644,1.0089737745964515e-15,0.0008803532043890484,2.40990067403781,7.134553169712973e-16,3.6016331024378028,1.0662698746033567e-15,300000000000000.0,50,52000000000000.0
959040.826,2428983800000.0,3.3361381e+31,3.408164284314711,1.0053540748460433e-15,0.0008803448013817523,2.409923674163761,7.108957914891807e-16,3.601667476477536,1.0624446246535596e-15,300000000000000.0,50,52000000000000.0
960040.826,2424762300000.0,3.3167916e+31,3.408196811262558,1.001734375095635e-15,0.0008803363983744562,2.4099466742897113,7.08336266007064e-16,3.6017018505172693,1.0586193747037628e-15,300000000000000.0,50,52000000000000.0
961040.826,2420471100000.0,3.2953138e+31,3.4082293382104045,9.98114675345227e-16,0.00088032799536716,2.4099696744156622,7.057767405249475e-16,3.601736224557002,1.0547941247539657e-15,300000000000000.0,50,52000000000000.0
962040.826,2416051000000.0,3.2778001e+31,3.4082618651582512,9.944949755948187e-16,0.0008803195923598638,2.4099926745416127,7.032172150428308e-16,3.6017705985967354,1.0509688748041686e-15,300000000000000.0,50,52000000000000.0
963040.826,2411515200000.0,3.2637041e+31,3.4082943921060975,9.908752758444106e-16,0.0008803111893525676,2.410015674667563,7.006576895607142e-16,3.6018049726364683,1.0471436248543718e-15,300000000000000.0,50,52000000000000.0
964040.826,2406896100000.0,3.2479247e+31,3.4083269190539442,9.872555760940024e-16,0.0008803027863452715,2.410038674793514,6.980981640785976e-16,3.6018393466762015,1.0433183749045747e-15,300000000000000.0,50,52000000000000.0
965040.826,2402292400000.0,3.2310146e+31,3.408359446001791,9.836358763435941e-16,0.0008802943833379753,2.4100616749194645,6.95538638596481e-16,3.6018737207159344,1.0394931249547776e-15,300000000000000.0,50,52000000000000.0
966040.826,2397726000000.0,3.2183332e+31,3.4083919729496377,9.80016176593186e-16,0.0008802859803306791,2.4100846750454155,6.929791131143643e-16,3.6019080947556676,1.0356678750049808e-15,300000000000000.0,50,52000000000000.0
967040.826,2393212000000.0,3.2050498e+31,3.4084244998974844,9.763964768427778e-16,0.000880277577323383,2.410107675171366,6.904195876322478e-16,3.6019424687954005,1.0318426250551837e-15,300000000000000.0,50,52000000000000.0
968040.826,2388728400000.0,3.1929298e+31,3.4084557526030017,9.72862025495132e-16,0.0008802695051967104,2.410129774267967,6.879203421435451e-16,3.601975496233001,1.0281074644768656e-15,300000000000000.0,50,52000000000000.0
969040.826,2384296000000.0,3.1829869e+31,3.4084865124025003,9.693605501755937e-16,0.0008802615610622157,2.4101515248258485,6.85444414332274e-16,3.6020080027741574,1.0244071525238575e-15,300000000000000.0,50,52000000000000.0
970040.826,2379906000000.0,3.1625057e+31,3.4085172722019985,9.658590748560554e-16,0.000880253616927721,2.41017327538373,6.829684865210029e-16,3.6020405093153145,1.020706840570849e-15,300000000000000.0,50,52000000000000.0
971040.826,2375600300000.0,3.1473677e+31,3.408548032001497,9.623575995365172e-16,0.0008802456727932265,2.4101950259416114,6.804925587097318e-16,3.602073015856471,1.0170065286178407e-15,300000000000000.0,50,52000000000000.0
972040.826,2371344700000.0,3.1276109e+31,3.4085787918009953,9.588561242169791e-16,0.0008802377286587318,2.410216776499493,6.780166308984606e-16,3.602105522397628,1.0133062166648325e-15,300000000000000.0,50,52000000000000.0
973040.826,2367128600000.0,3.1085519e+31,3.408609551600494,9.553546488974408e-16,0.0008802297845242372,2.4102385270573743,6.755407030871895e-16,3.6021380289387848,1.0096059047118242e-15,300000000000000.0,50,52000000000000.0
974040.826,2362918000000.0,3.0895046e+31,3.408640311399992,9.518531735779026e-16,0.0008802218403897425,2.410260277615256,6.730647752759184e-16,3.602170535479942,1.0059055927588158e-15,300000000000000.0,50,52000000000000.0
975040.826,2358676800000.0,3.0716211e+31,3.4086710711994908,9.483516982583643e-16,0.000880213896255248,2.4102820281731376,6.705888474646472e-16,3.6022030420210984,1.0022052808058076e-15,300000000000000.0,50,52000000000000.0
976040.826,2354364300000.0,3.0540571e+31,3.408701830998989,9.448502229388263e-16,0.0008802059521207533,2.410303778731019,6.681129196533762e-16,3.6022355485622555,9.985049688527993e-16,300000000000000.0,50,52000000000000.0
977040.826,2349952900000.0,3.0386274e+31,3.4087325907984876,9.41348747619288e-16,0.0008801980079862587,2.4103255292889005,6.65636991842105e-16,3.602268055103412,9.94804656899791e-16,300000000000000.0,50,52000000000000.0
978040.826,2345449700000.0,3.0250669e+31,3.4087633505979857,9.378472722997498e-16,0.000880190063851764,2.410347279846782,6.631610640308339e-16,3.602300561644569,9.911043449467827e-16,300000000000000.0,50,52000000000000.0
979040.826,2340930400000.0,3.0121332e+31,3.408794110397484,9.343457969802115e-16,0.0008801821197172695,2.4103690304046634,6.606851362195628e-16,3.6023330681857257,9.874040329937744e-16,300000000000000.0,50,52000000000000.0
980040.826,2336467000000.0,2.9989952e+31,3.4088248701969825,9.308443216606735e-16,0.0008801741755827748,2.410390780962545,6.582092084082916e-16,3.602365574726883,9.83703721040766e-16,300000000000000.0,50,52000000000000.0
981040.826,2332090400000.0,2.9867559e+31,3.4088556299964807,9.273428463411352e-16,0.0008801662314482802,2.4104125315204263,6.557332805970205e-16,3.6023980812680394,9.800034090877578e-16,300000000000000.0,50,52000000000000.0
982040.826,2327818600000.0,2.9723335e+31,3.4088863897959794,9.23841371021597e-16,0.0008801582873137855,2.410434282078308,6.532573527857495e-16,3.6024305878091964,9.763030971347495e-16,300000000000000.0,50,52000000000000.0
983040.826,2323646300000.0,2.9569611e+31,3.4089171495954775,9.203398957020587e-16,0.000880150343179291,2.4104560326361892,6.507814249744783e-16,3.602463094350353,9.72602785181741e-16,300000000000000.0,50,52000000000000.0
984040.826,2319528700000.0,2.9430442e+31,3.408946192183913,9.172145468398993e-16,0.0008801428446413823,2.410476568937153,6.4857145990174475e-16,3.602493786165989,9.692999586061636e-16,300000000000000.0,50,52000000000000.0
985040.826,2315460800000.0,2.9285199e+31,3.408975214750211,9.140935834931632e-16,0.0008801353512989888,2.4104970910802654,6.463645958703473e-16,3.6025244568225,9.66001766584256e-16,300000000000000.0,50,52000000000000.0
986040.826,2311408500000.0,2.912988e+31,3.4090042373165086,9.10972620146427e-16,0.0008801278579565953,2.4105176132233783,6.441577318389498e-16,3.602555127479011,9.627035745623482e-16,300000000000000.0,50,52000000000000.0
987040.826,2307393100000.0,2.8987118e+31,3.409033259882807,9.07851656799691e-16,0.0008801203646142019,2.4105381353664908,6.419508678075523e-16,3.602585798135522,9.594053825404405e-16,300000000000000.0,50,52000000000000.0
988040.826,2303372700000.0,2.8843269e+31,3.4090622824491046,9.04730693452955e-16,0.0008801128712718083,2.410558657509603,6.397440037761548e-16,3.602616468792033,9.561071905185328e-16,300000000000000.0,50,52000000000000.0
989040.826,2299348200000.0,2.8712478e+31,3.4090913050154024,9.016097301062187e-16,0.0008801053779294148,2.4105791796527156,6.375371397447573e-16,3.602647139448544,9.528089984966252e-16,300000000000000.0,50,52000000000000.0
990040.826,2295304800000.0,2.8571735e+31,3.4091203275817,8.984887667594826e-16,0.0008800978845870214,2.410599701795828,6.353302757133598e-16,3.602677810105055,9.495108064747173e-16,300000000000000.0,50,52000000000000.0
991040.826,2291230700000.0,2.8454092e+31,3.4091493501479984,8.953678034127466e-16,0.0008800903912446279,2.4106202239389405,6.331234116819623e-16,3.602708480761566,9.462126144528096e-16,300000000000000.0,50,52000000000000.0
992040.826,2287159600000.0,2.8331072e+31,3.409178372714296,8.922468400660105e-16,0.0008800828979022344,2.4106407460820534,6.309165476505648e-16,3.6027391514180773,9.429144224309019e-16,300000000000000.0,50,52000000000000.0
993040.826,2283112000000.0,2.8222412e+31,3.409207395280594,8.891258767192743e-16,0.0008800754045598408,2.410661268225166,6.287096836191673e-16,3.6027698220745883,9.396162304089942e-16,300000000000000.0,50,52000000000000.0
994040.826,2279081000000.0,2.8115221e+31,3.409236417846892,8.860049133725382e-16,0.0008800679112174474,2.4106817903682782,6.265028195877698e-16,3.6028004927310993,9.363180383870865e-16,300000000000000.0,50,52000000000000.0
995040.826,2275087800000.0,2.8007578e+31,3.40926544041319,8.828839500258022e-16,0.0008800604178750539,2.4107023125113907,6.242959555563723e-16,3.6028311633876102,9.330198463651786e-16,300000000000000.0,50,52000000000000.0
996040.826,2271160800000.0,2.7898448e+31,3.4092944629794877,8.797629866790661e-16,0.0008800529245326604,2.410722834654503,6.220890915249748e-16,3.602861834044121,9.297216543432709e-16,300000000000000.0,50,52000000000000.0
997040.826,2267320500000.0,2.7785564e+31,3.4093234855457855,8.766420233323299e-16,0.0008800454311902668,2.410743356797616,6.198822274935773e-16,3.602892504700632,9.264234623213632e-16,300000000000000.0,50,52000000000000.0
998040.826,2263563500000.0,2.7659742e+31,3.4093525081120837,8.735210599855939e-16,0.0008800379378478734,2.4107638789407284,6.176753634621798e-16,3.602923175357143,9.231252702994555e-16,300000000000000.0,50,52000000000000.0
999040.826,2259881000000.0,2.7536305e+31,3.4093815306783815,8.704000966388577e-16,0.0008800304445054799,2.410784401083841,6.154684994307823e-16,3.602953846013654,9.198270782775478e-16,300000000000000.0,50,52000000000000.0
