target:h_c,target:sigma_k,predicted:h_c,predicted:sigma_k
0.36299213767051697,105.5748062133789,0.3545737862586975,108.743896484375
1.329606294631958,292.7086486816406,1.2876843214035034,412.37255859375
0.33181101083755493,89.06298828125,0.16983091831207275,111.12693786621094
0.19149605929851532,661.472412109375,0.1488369107246399,572.002685546875
0.16031496226787567,595.4251708984375,0.38132768869400024,426.28936767578125
1.236063003540039,325.7322692871094,1.148787021636963,340.0721435546875
0.752755880355835,116.58268737792969,0.5136801600456238,171.16615295410156
2.0,127.5905532836914,1.681309700012207,206.18731689453125
0.14472442865371704,331.2362060546875,0.08615715801715851,385.08233642578125
0.8307086825370789,479.842529296875,0.8964963555335999,473.7964782714844
1.8908661603927612,661.472412109375,1.720015525817871,528.97216796875
0.09795275330543518,193.63780212402344,0.030334871262311935,234.318603515625
1.5478739738464355,485.3464660644531,1.2830601930618286,516.9057006835938
1.0957480669021606,606.4330444335938,1.1869902610778809,601.3135986328125
1.2204724550247192,518.3700561523438,1.232279658317566,474.23333740234375
0.4565354287624359,380.77166748046875,0.45740407705307007,385.5241394042969
1.1425197124481201,512.8661499023438,1.3133255243301392,409.8616638183594
0.6124409437179565,23.0157470703125,0.7117689251899719,-9.383790016174316
1.6570079326629639,243.17323303222656,1.5674266815185547,255.7100830078125
1.6725984811782837,78.05511474609375,1.6300674676895142,179.6724090576172
0.8774803280830383,331.2362060546875,1.2773113250732422,355.09912109375
1.9220472574234009,694.4960327148438,1.6332217454910278,665.662353515625
1.9844094514846802,166.11810302734375,1.3422954082489014,336.19854736328125
1.812913417816162,166.11810302734375,1.6015983819961548,175.75454711914062
0.238267719745636,160.61416625976562,0.2780987322330475,159.82537841796875
0.40976378321647644,309.220458984375,0.2662464380264282,344.159912109375
0.7059842348098755,677.9842529296875,0.5574896335601807,632.5609130859375
0.16031496226787567,320.22833251953125,0.13649596273899078,291.5077209472656
1.4543306827545166,386.2756042480469,1.3437739610671997,341.29541015625
1.2672441005706787,424.80316162109375,1.3422484397888184,452.8922119140625
0.4409448802471161,468.8346862792969,0.22138425707817078,559.1688232421875
1.8752756118774414,584.4172973632812,1.5421172380447388,524.7830810546875
0.8930708765983582,463.33074951171875,0.7113033533096313,547.9067993164062
0.22267717123031616,155.1102294921875,0.4182312488555908,107.4856948852539
0.42535433173179626,364.2598876953125,0.16334497928619385,469.2740478515625
1.6881890296936035,644.9606323242188,1.3369494676589966,554.0186767578125
1.3451968431472778,265.18896484375,1.1600923538208008,296.84344482421875
0.8930708765983582,595.4251708984375,0.6021291613578796,513.2135620117188
1.828503966331482,700.0,1.5279648303985596,610.195068359375
0.20708660781383514,380.77166748046875,0.5922573208808899,300.93658447265625
1.2984251976013184,342.24407958984375,1.3710323572158813,361.1544494628906
0.26944881677627563,441.3149719238281,0.17188626527786255,678.376708984375
1.812913417816162,479.842529296875,2.1305058002471924,432.2823181152344
0.40976378321647644,94.56694030761719,0.19577057659626007,91.74268341064453
1.7193701267242432,320.22833251953125,1.426572322845459,280.1493835449219
0.5656692981719971,694.4960327148438,0.6704872846603394,576.2346801757812
0.3162204623222351,336.7401428222656,0.7176495790481567,255.9920196533203
0.05118110775947571,232.16537475585938,0.13213571906089783,208.3273468017578
1.9844094514846802,446.8188781738281,1.8371626138687134,508.82440185546875
0.5812598466873169,67.0472412109375,0.5882434844970703,63.45292663574219
1.0801575183868408,364.2598876953125,1.2262201309204102,367.1339111328125
0.5344882011413574,193.63780212402344,0.5440805554389954,162.69847106933594
0.6280314922332764,529.3779296875,0.5696374773979187,475.6592712402344
0.48771652579307556,512.8661499023438,0.5850898623466492,514.3856201171875
0.815118134021759,23.0157470703125,0.8322115540504456,17.736988067626953
0.4565354287624359,474.3385925292969,0.5416070818901062,378.5838928222656
1.906456708908081,628.4487915039062,1.7493836879730225,616.8223876953125
0.3941732347011566,232.16537475585938,0.16822075843811035,344.0027160644531
1.2204724550247192,474.3385925292969,1.4187678098678589,467.2723388671875
1.6881890296936035,17.511810302734375,1.3562769889831543,50.54371643066406
1.501102328300476,270.6929016113281,0.9456776976585388,418.47314453125
1.4855117797851562,171.62203979492188,1.716658592224121,219.73806762695312
0.9242519736289978,28.519685745239258,0.8123238682746887,7.722309589385986
0.238267719745636,584.4172973632812,0.41794219613075256,497.8483581542969
1.9844094514846802,501.8582763671875,1.9290213584899902,593.229736328125
0.6748031377792358,633.9527587890625,0.9749493598937988,621.9865112304688
0.3006299138069153,155.1102294921875,0.26937219500541687,176.74740600585938
0.6280314922332764,149.60629272460938,0.8424860835075378,93.81351470947266
0.22267717123031616,573.409423828125,0.2900105118751526,503.154296875
0.9554330706596375,270.6929016113281,1.0239828824996948,279.7167053222656
1.017795443534851,633.9527587890625,0.9544546604156494,604.0397338867188
1.2048819065093994,336.7401428222656,0.7502978444099426,436.0220642089844
0.8618897795677185,468.8346862792969,0.6028200387954712,461.1683654785156
0.40976378321647644,435.81103515625,0.14085718989372253,411.0660705566406
1.4387401342391968,419.2992248535156,0.7867849469184875,463.0430908203125
0.6280314922332764,468.8346862792969,0.9727402329444885,353.4279479980469
0.6748031377792358,61.54330825805664,0.5845375657081604,64.34480285644531
1.1269291639328003,435.81103515625,1.4381535053253174,454.6055908203125
1.1737008094787598,397.2834777832031,1.1972051858901978,470.7056579589844
1.5322834253311157,485.3464660644531,1.7156672477722168,489.9294738769531
0.42535433173179626,380.77166748046875,0.49477317929267883,444.95574951171875
1.1269291639328003,545.8897705078125,1.378711462020874,713.3892211914062
0.7059842348098755,556.8976440429688,0.7235804200172424,537.9236450195312
1.812913417816162,270.6929016113281,1.8783659934997559,236.31883239746094
0.19149605929851532,111.07874298095703,0.016380179673433304,153.2578887939453
0.33181101083755493,611.93701171875,0.09281270205974579,666.6315307617188
1.8440945148468018,259.6850280761719,1.4739669561386108,475.74835205078125
0.4565354287624359,111.07874298095703,0.5859125256538391,90.56645202636719
1.1737008094787598,166.11810302734375,1.279900312423706,164.6026153564453
0.815118134021759,298.21258544921875,0.9716522693634033,276.0635070800781
0.6436220407485962,661.472412109375,1.2561123371124268,523.5999755859375
1.3919684886932373,259.6850280761719,0.7765113115310669,356.8210754394531
0.6748031377792358,34.02362060546875,0.6810036301612854,51.88169860839844
0.3006299138069153,441.3149719238281,0.0008268598467111588,505.8697814941406
0.03559055179357529,655.968505859375,-0.09730719029903412,601.49853515625
1.2984251976013184,199.14173889160156,1.6940960884094238,142.83119201660156
1.5322834253311157,116.58268737792969,1.5040671825408936,155.17425537109375
0.3785826861858368,188.13388061523438,0.30437472462654114,136.26390075683594
0.6748031377792358,72.55117797851562,0.5295161008834839,90.7973861694336
1.3451968431472778,397.2834777832031,1.2819132804870605,340.07635498046875
0.5656692981719971,622.9448852539062,0.814362108707428,472.0130615234375
1.7973228693008423,386.2756042480469,1.4637831449508667,524.9995727539062
1.8440945148468018,364.2598876953125,1.344490647315979,366.0505065917969
1.9532283544540405,463.33074951171875,1.5788379907608032,484.3435974121094
0.06677165627479553,210.1496124267578,-0.019486773759126663,197.4391326904297
1.6102361679077148,556.8976440429688,1.5920103788375854,466.27032470703125
0.3162204623222351,694.4960327148438,0.5569858551025391,503.6623840332031
0.16031496226787567,518.3700561523438,0.5160685777664185,458.66497802734375
0.14472442865371704,138.59841918945312,0.07696396112442017,135.4759521484375
1.2672441005706787,672.4802856445312,0.9233932495117188,606.4766235351562
0.6436220407485962,171.62203979492188,0.188807874917984,219.3439178466797
0.47212597727775574,485.3464660644531,0.8704560995101929,503.55169677734375
1.064566969871521,683.4881591796875,1.5396044254302979,667.4578857421875
0.8930708765983582,122.08661651611328,0.7885433435440063,161.5844268798828
1.1737008094787598,127.5905532836914,1.4766204357147217,69.44535827636719
1.9532283544540405,133.094482421875,2.0947816371917725,144.1023406982422
0.03559055179357529,6.503936767578125,0.03511250019073486,49.827545166015625
0.8307086825370789,402.78741455078125,1.1141555309295654,369.77734375
0.659212589263916,111.07874298095703,0.5218257904052734,157.2005157470703
1.2048819065093994,562.4015502929688,1.350239872932434,477.24267578125
1.828503966331482,413.7952880859375,1.7081648111343384,492.9962463378906
0.1759055107831955,17.511810302734375,0.21785488724708557,10.18950366973877
0.2538582682609558,28.519685745239258,0.2791498005390167,10.116905212402344
0.238267719745636,479.842529296875,0.16544783115386963,527.9373168945312
0.3785826861858368,672.4802856445312,0.4541212022304535,553.3453979492188
0.7371653318405151,56.039371490478516,0.7296967506408691,65.33203887939453
0.6124409437179565,276.19683837890625,0.7064865827560425,294.5409240722656
0.5812598466873169,700.0,1.2389025688171387,461.38983154296875
1.6258267164230347,452.32281494140625,1.3889092206954956,514.7005004882812
1.6570079326629639,12.00787353515625,1.5497175455093384,-5.640052318572998
0.019999999552965164,496.3543395996094,-0.08877377212047577,542.4622802734375
0.4565354287624359,677.9842529296875,1.1677099466323853,544.161376953125
1.7973228693008423,325.7322692871094,1.4241094589233398,487.1735534667969
0.7371653318405151,419.2992248535156,0.3886125683784485,492.68719482421875
1.8752756118774414,380.77166748046875,1.519669771194458,456.0031433105469
1.0957480669021606,67.0472412109375,1.0522735118865967,20.98894691467285
1.7505512237548828,545.8897705078125,1.4992974996566772,512.1165771484375
0.019999999552965164,639.4566650390625,0.058542490005493164,503.82135009765625
1.9532283544540405,34.02362060546875,1.6099492311477661,20.21488380432129
1.2828346490859985,199.14173889160156,1.1717923879623413,294.2984313964844
1.15811026096344,28.519685745239258,1.549180269241333,-39.993263244628906
0.9866141676902771,485.3464660644531,1.0694608688354492,467.9326477050781
0.9554330706596375,452.32281494140625,1.3237851858139038,394.4497375488281
0.3162204623222351,485.3464660644531,0.32817980647087097,407.500244140625
1.8440945148468018,622.9448852539062,1.513513445854187,438.0900573730469
0.8774803280830383,243.17323303222656,0.3288058340549469,395.6621398925781
1.516692876815796,496.3543395996094,1.4538748264312744,422.41375732421875
1.2672441005706787,105.5748062133789,0.7758989334106445,232.9423828125
1.0801575183868408,490.85040283203125,1.0401546955108643,498.8221740722656
1.5322834253311157,457.8267517089844,1.7286478281021118,428.116943359375
0.659212589263916,133.094482421875,0.6678076982498169,194.8555450439453
0.8307086825370789,573.409423828125,1.2403794527053833,481.4450378417969
0.08236220479011536,17.511810302734375,0.08811686933040619,2.985271453857422
0.33181101083755493,501.8582763671875,0.2758456766605377,516.0526123046875
1.4387401342391968,375.26776123046875,1.4438254833221436,302.3262634277344
0.47212597727775574,380.77166748046875,0.13241776823997498,597.7474365234375
0.6124409437179565,298.21258544921875,0.9807632565498352,345.1539611816406
1.9532283544540405,111.07874298095703,1.2744966745376587,342.5467529296875
1.3607873916625977,237.66929626464844,1.1555345058441162,359.6747131347656
0.47212597727775574,166.11810302734375,0.16629500687122345,262.0393981933594
0.8930708765983582,127.5905532836914,0.6910967826843262,188.88868713378906
0.42535433173179626,551.3936767578125,0.9542553424835205,369.2436828613281
0.40976378321647644,518.3700561523438,0.22116276621818542,535.8010864257812
0.6748031377792358,424.80316162109375,0.7216794490814209,321.0403137207031
0.7059842348098755,463.33074951171875,0.8495475649833679,517.53564453125
1.9532283544540405,45.031494140625,1.2905995845794678,97.86514282226562
1.4699212312698364,655.968505859375,1.658155918121338,532.1181640625
0.238267719745636,677.9842529296875,0.1478533148765564,555.9254760742188
0.5656692981719971,160.61416625976562,0.40997153520584106,188.6924591064453
0.113543301820755,94.56694030761719,0.23392976820468903,43.45458984375
1.4075590372085571,672.4802856445312,1.6858174800872803,541.3709106445312
1.0489764213562012,193.63780212402344,0.9878465533256531,219.5359649658203
1.0957480669021606,446.8188781738281,0.477039635181427,536.9050903320312
0.22267717123031616,314.7243957519531,0.2594599723815918,315.5912780761719
0.40976378321647644,50.53543472290039,0.3133385181427002,93.98759460449219
0.7059842348098755,600.9291381835938,1.112404704093933,551.9205322265625
1.0801575183868408,540.3858032226562,1.5022554397583008,415.1344909667969
1.1892913579940796,1.0,1.2491523027420044,-46.86936950683594
0.8307086825370789,700.0,1.0947104692459106,644.21923828125
1.4075590372085571,430.3070983886719,1.7202248573303223,464.3914794921875
0.908661425113678,342.24407958984375,0.49638596177101135,457.6217041015625
1.5478739738464355,23.0157470703125,1.5407902002334595,-2.4000322818756104
1.3607873916625977,298.21258544921875,1.3319268226623535,280.1084289550781
1.501102328300476,17.511810302734375,1.3851292133331299,74.40836334228516
1.7193701267242432,56.039371490478516,1.7116191387176514,84.52655792236328
0.7371653318405151,320.22833251953125,0.6680058240890503,302.49615478515625
0.9866141676902771,149.60629272460938,0.9246023893356323,145.46817016601562
1.9844094514846802,534.8818969726562,1.815299391746521,573.2022094726562
0.9554330706596375,650.4645385742188,0.7258244752883911,624.8817138671875
0.5344882011413574,182.62994384765625,0.4081953167915344,241.7923126220703
1.8908661603927612,72.55117797851562,1.624841570854187,75.41986846923828
1.3451968431472778,353.251953125,1.380683422088623,338.4632873535156
1.5478739738464355,160.61416625976562,1.5868098735809326,208.03321838378906
0.6124409437179565,562.4015502929688,0.34446677565574646,787.4893798828125
0.7371653318405151,237.66929626464844,0.7691428661346436,195.68545532226562
0.3162204623222351,463.33074951171875,0.717578113079071,315.73583984375
1.0333858728408813,45.031494140625,0.7756224274635315,49.629974365234375
0.1759055107831955,573.409423828125,0.3187595307826996,538.6649169921875
0.7215747833251953,463.33074951171875,1.3013038635253906,365.4505310058594
1.2516535520553589,204.6456756591797,1.1471165418624878,209.98854064941406
0.47212597727775574,12.00787353515625,0.5809100866317749,-14.17316722869873
0.16031496226787567,540.3858032226562,0.3999805152416229,521.358154296875
0.908661425113678,595.4251708984375,1.4705463647842407,409.8782653808594
0.42535433173179626,259.6850280761719,0.580202043056488,221.29786682128906
1.6414172649383545,397.2834777832031,1.3105201721191406,456.4012451171875
1.8752756118774414,204.6456756591797,1.2338745594024658,333.7716369628906
1.6881890296936035,347.7480163574219,1.585310459136963,433.79766845703125
1.594645619392395,287.2047119140625,1.4343568086624146,220.72242736816406
0.5812598466873169,1.0,0.6550557613372803,-13.628722190856934
0.14472442865371704,639.4566650390625,0.2232494056224823,650.3631591796875
0.12913386523723602,534.8818969726562,0.01898338831961155,593.3531494140625
0.09795275330543518,1.0,0.21624410152435303,-27.000537872314453
0.6436220407485962,496.3543395996094,0.6079097390174866,415.1837158203125
1.0489764213562012,94.56694030761719,0.7971862554550171,94.00443267822266
0.9242519736289978,430.3070983886719,1.247867226600647,271.4898376464844
1.9688189029693604,116.58268737792969,2.070805788040161,101.46381378173828
1.9220472574234009,303.7165222167969,1.620298981666565,358.3890380859375
1.9220472574234009,12.00787353515625,1.6107524633407593,27.258060455322266
0.40976378321647644,347.7480163574219,0.2688803970813751,433.61602783203125
1.812913417816162,243.17323303222656,1.9247664213180542,226.53334045410156
0.8307086825370789,325.7322692871094,0.977288544178009,349.8689270019531
1.4387401342391968,182.62994384765625,1.3485897779464722,260.3145446777344
0.9710236191749573,215.65354919433594,1.0762702226638794,171.4828643798828
0.3785826861858368,507.3622131347656,0.5551252365112305,346.578857421875
0.22267717123031616,391.779541015625,0.12889324128627777,511.7492370605469
1.3919684886932373,611.93701171875,1.133143663406372,749.7246704101562
1.1113386154174805,12.00787353515625,1.451921820640564,-57.75292205810547
1.0333858728408813,347.7480163574219,1.0794469118118286,409.63970947265625
1.594645619392395,226.66140747070312,1.4809726476669312,335.0222473144531
1.5634645223617554,364.2598876953125,1.4016313552856445,517.3233032226562
1.0801575183868408,435.81103515625,1.1612908840179443,433.91119384765625
1.8752756118774414,133.094482421875,1.4097803831100464,344.3902893066406
1.9844094514846802,287.2047119140625,1.7068419456481934,159.8590850830078
1.3451968431472778,435.81103515625,1.1574839353561401,574.955078125
1.1892913579940796,430.3070983886719,1.1116762161254883,585.8361206054688
0.9554330706596375,298.21258544921875,0.8422390818595886,298.8709716796875
1.3919684886932373,479.842529296875,0.7135633230209351,571.1513061523438
0.5500787496566772,688.9921264648438,0.647251307964325,594.465087890625
1.812913417816162,358.7558898925781,1.444612979888916,397.5777893066406
0.20708660781383514,254.1811065673828,0.0013025496155023575,328.0171203613281
0.7059842348098755,611.93701171875,0.7591125965118408,558.6400146484375
0.1759055107831955,391.779541015625,-0.03128839656710625,439.5971374511719
0.7215747833251953,292.7086486816406,0.6630392670631409,308.2076416015625
1.4699212312698364,666.9763793945312,1.404316782951355,611.763427734375
0.06677165627479553,611.93701171875,0.01857883296906948,555.4855346679688
0.40976378321647644,672.4802856445312,0.9876871109008789,299.204345703125
0.9242519736289978,270.6929016113281,0.8551932573318481,391.51409912109375
0.4565354287624359,523.8740234375,0.6786091327667236,444.3666076660156
1.6725984811782837,600.9291381835938,1.205335021018982,587.23974609375
1.2828346490859985,617.44091796875,1.1201822757720947,571.8727416992188
0.3785826861858368,111.07874298095703,0.5367040038108826,80.23908233642578
1.8440945148468018,61.54330825805664,1.2439345121383667,118.62516021728516
0.7371653318405151,111.07874298095703,0.8236770033836365,114.93168640136719
1.7661417722702026,17.511810302734375,1.501250982284546,-10.147130966186523
0.12913386523723602,199.14173889160156,-0.06673136353492737,311.9307861328125
0.3006299138069153,138.59841918945312,0.3249445855617523,153.45401000976562
0.09795275330543518,639.4566650390625,0.0673765316605568,514.246826171875
1.1269291639328003,402.78741455078125,0.8948569893836975,587.0826416015625
1.6881890296936035,78.05511474609375,1.2507212162017822,137.17982482910156
0.9710236191749573,309.220458984375,1.0283775329589844,300.947998046875
1.4855117797851562,199.14173889160156,1.332982063293457,154.30926513671875
1.6570079326629639,188.13388061523438,1.352685809135437,195.18553161621094
1.7193701267242432,391.779541015625,1.4529883861541748,428.6279296875
0.4565354287624359,386.2756042480469,0.4878022372722626,347.779541015625
1.6725984811782837,496.3543395996094,1.284557819366455,515.9249267578125
0.9398425221443176,402.78741455078125,0.8240494132041931,458.5068664550781
0.6124409437179565,468.8346862792969,0.924039363861084,448.44873046875
0.752755880355835,353.251953125,0.5642209053039551,386.46630859375
0.9710236191749573,567.905517578125,1.3254343271255493,530.9529418945312
0.8930708765983582,83.55905151367188,0.7357063293457031,113.02607727050781
1.4075590372085571,589.9212646484375,1.2552636861801147,542.0352783203125
1.8440945148468018,595.4251708984375,1.8231492042541504,509.7684631347656
0.4409448802471161,666.9763793945312,0.6664333939552307,498.9924011230469
1.0957480669021606,171.62203979492188,1.169245958328247,100.31373596191406
1.2984251976013184,413.7952880859375,1.2037508487701416,562.5127563476562
1.6102361679077148,89.06298828125,1.4101334810256958,149.6219482421875
0.5188976526260376,171.62203979492188,0.4875622093677521,176.16526794433594
0.238267719745636,430.3070983886719,0.5226601362228394,313.6081848144531
1.6881890296936035,375.26776123046875,1.7985767126083374,433.0724792480469
1.3919684886932373,89.06298828125,1.2766906023025513,128.69772338867188
0.7371653318405151,578.9133911132812,0.8360775113105774,698.7578125
1.6414172649383545,655.968505859375,1.3931151628494263,521.2896118164062
0.238267719745636,611.93701171875,0.8225070834159851,400.1485290527344
0.7059842348098755,622.9448852539062,0.9956909418106079,435.69085693359375
0.8462992310523987,1.0,0.8785378932952881,-19.74947738647461
0.5344882011413574,111.07874298095703,0.5275643467903137,53.25511169433594
0.3785826861858368,683.4881591796875,0.6760063767433167,545.38427734375
0.19149605929851532,584.4172973632812,0.33239150047302246,501.0049133300781
0.5968503952026367,518.3700561523438,0.45868587493896484,497.1426696777344
1.9532283544540405,677.9842529296875,1.5378880500793457,651.772705078125
1.5634645223617554,116.58268737792969,1.5189932584762573,233.17352294921875
1.329606294631958,622.9448852539062,1.3427945375442505,617.2346801757812
1.0022047758102417,457.8267517089844,1.2565850019454956,548.9951782226562
1.4075590372085571,314.7243957519531,0.9111858606338501,449.1242370605469
1.4075590372085571,644.9606323242188,1.4427685737609863,722.596923828125
0.48771652579307556,551.3936767578125,1.0914517641067505,357.1004333496094
1.5790550708770752,127.5905532836914,1.3290126323699951,234.74215698242188
1.6414172649383545,336.7401428222656,1.4888713359832764,387.21563720703125
0.5033071041107178,584.4172973632812,0.8381590247154236,573.4091796875
0.42535433173179626,61.54330825805664,0.44758591055870056,53.20610809326172
0.47212597727775574,281.7007751464844,0.4362000823020935,261.7313232421875
0.34740158915519714,127.5905532836914,0.25393807888031006,167.35763549804688
1.2984251976013184,177.1259765625,1.397953987121582,179.04212951660156
1.812913417816162,573.409423828125,1.40238356590271,486.95263671875
0.33181101083755493,358.7558898925781,0.4307866096496582,342.7708740234375
1.8596850633621216,688.9921264648438,1.7107328176498413,602.4271850585938
1.906456708908081,397.2834777832031,1.2848390340805054,495.1889343261719
1.812913417816162,50.53543472290039,1.4125453233718872,118.9295883178711
0.815118134021759,45.031494140625,0.9172841310501099,59.08745574951172
0.48771652579307556,155.1102294921875,0.42320430278778076,156.75762939453125
1.1425197124481201,545.8897705078125,1.1553032398223877,479.3316955566406
1.6881890296936035,364.2598876953125,1.6160107851028442,398.0790100097656
0.9866141676902771,622.9448852539062,0.6669941544532776,688.9149169921875
1.9688189029693604,171.62203979492188,1.5268827676773071,332.839111328125
1.9220472574234009,578.9133911132812,1.7383030652999878,683.3930053710938
1.5790550708770752,17.511810302734375,1.3644276857376099,41.8471794128418
0.47212597727775574,122.08661651611328,0.5350844860076904,102.33500671386719
1.4387401342391968,254.1811065673828,1.5235909223556519,183.94515991210938
0.4409448802471161,529.3779296875,0.5515779256820679,603.0587158203125
0.2538582682609558,254.1811065673828,-0.10461406409740448,346.7262268066406
2.0,441.3149719238281,1.567489743232727,419.5628356933594
0.3006299138069153,1.0,0.3439239263534546,-7.441256523132324
1.1737008094787598,655.968505859375,1.1554169654846191,469.79022216796875
0.5033071041107178,501.8582763671875,0.4240812063217163,390.9383544921875
1.4075590372085571,397.2834777832031,1.2673527002334595,332.77496337890625
1.812913417816162,78.05511474609375,1.9251751899719238,-8.634164810180664
1.0489764213562012,694.4960327148438,1.1868525743484497,530.6061401367188
0.113543301820755,639.4566650390625,0.015477458946406841,617.1077880859375
1.1737008094787598,331.2362060546875,0.9597517848014832,370.81719970703125
1.7817323207855225,633.9527587890625,1.541741132736206,644.2041015625
0.20708660781383514,633.9527587890625,0.3251441419124603,590.8424072265625
1.3607873916625977,512.8661499023438,1.7967733144760132,456.73992919921875
0.08236220479011536,430.3070983886719,0.16633407771587372,392.242431640625
0.22267717123031616,611.93701171875,0.43246257305145264,480.3847961425781
0.6748031377792358,408.2913513183594,0.997955858707428,439.11004638671875
0.7683464288711548,336.7401428222656,0.8476633429527283,379.3138427734375
1.5790550708770752,672.4802856445312,1.7477240562438965,636.7696533203125
1.734960675239563,144.10235595703125,1.2896848917007446,242.04234313964844
1.0333858728408813,490.85040283203125,1.2034037113189697,522.4644775390625
1.1113386154174805,424.80316162109375,1.087820291519165,408.758056640625
1.5790550708770752,655.968505859375,1.9294509887695312,515.7598266601562
1.5478739738464355,320.22833251953125,1.3290464878082275,504.86407470703125
0.6280314922332764,474.3385925292969,1.0664312839508057,314.5389404296875
1.8908661603927612,457.8267517089844,1.9441182613372803,355.41131591796875
1.7973228693008423,226.66140747070312,1.688124418258667,262.26165771484375
0.12913386523723602,501.8582763671875,0.3352935016155243,354.2154541015625
1.501102328300476,265.18896484375,1.0866637229919434,402.1927490234375
0.6124409437179565,463.33074951171875,1.1147769689559937,327.4126892089844
0.7371653318405151,155.1102294921875,0.8396411538124084,136.7908172607422
1.0801575183868408,149.60629272460938,0.7932115197181702,228.34567260742188
1.0957480669021606,611.93701171875,0.8960278034210205,721.2218627929688
0.3785826861858368,435.81103515625,0.4276329576969147,404.07177734375
0.3006299138069153,287.2047119140625,0.27909350395202637,347.94720458984375
1.6102361679077148,452.32281494140625,1.8494117259979248,386.5065002441406
1.2048819065093994,100.07086944580078,1.0869747400283813,123.15681457519531
1.7037795782089233,127.5905532836914,1.3324997425079346,156.71815490722656
0.8618897795677185,204.6456756591797,0.7937553524971008,312.6459045410156
1.4543306827545166,650.4645385742188,1.7531499862670898,368.2430114746094
0.9710236191749573,67.0472412109375,0.9806854128837585,17.756933212280273
0.5812598466873169,144.10235595703125,0.43671512603759766,199.7108917236328
1.9220472574234009,408.2913513183594,1.2684513330459595,595.8489379882812
0.9710236191749573,402.78741455078125,0.9790798425674438,460.2367248535156
0.8930708765983582,204.6456756591797,0.7189395427703857,198.65663146972656
0.3006299138069153,78.05511474609375,0.20052893459796906,86.62892150878906
1.4075590372085571,243.17323303222656,1.1948332786560059,331.6428527832031
1.516692876815796,424.80316162109375,1.4496896266937256,419.5106506347656
0.238267719745636,188.13388061523438,0.3436710238456726,164.35536193847656
1.017795443534851,83.55905151367188,0.7644035816192627,108.9498519897461
0.14472442865371704,111.07874298095703,0.22602961957454681,60.44187545776367
1.3140157461166382,325.7322692871094,1.1021984815597534,335.3370361328125
1.3451968431472778,72.55117797851562,1.3694490194320679,79.25784301757812
1.7505512237548828,501.8582763671875,1.6643257141113281,533.3621826171875
1.5634645223617554,287.2047119140625,1.5583558082580566,330.2444763183594
1.236063003540039,364.2598876953125,1.0787854194641113,340.46380615234375
1.6570079326629639,34.02362060546875,0.9456349611282349,151.60057067871094
0.16031496226787567,628.4487915039062,0.16029907763004303,642.5679321289062
1.734960675239563,347.7480163574219,1.5151797533035278,476.9698181152344
0.7683464288711548,457.8267517089844,1.0183850526809692,337.1269836425781
1.0489764213562012,633.9527587890625,0.9769678711891174,574.4951171875
0.40976378321647644,606.4330444335938,0.6139929294586182,496.8471984863281
0.4409448802471161,413.7952880859375,0.3359401524066925,429.00653076171875
1.0489764213562012,501.8582763671875,0.9624464511871338,623.5885620117188
1.4855117797851562,287.2047119140625,1.3275337219238281,402.94952392578125
1.017795443534851,683.4881591796875,1.3331884145736694,598.957763671875
0.6280314922332764,336.7401428222656,0.41586291790008545,393.5389099121094
0.9554330706596375,644.9606323242188,1.2515205144882202,504.404052734375
0.908661425113678,375.26776123046875,0.8795481324195862,336.9388122558594
1.812913417816162,666.9763793945312,1.4055544137954712,645.349365234375
0.1759055107831955,380.77166748046875,0.29283303022384644,351.7494812011719
0.9710236191749573,369.7638244628906,0.689889669418335,483.6669616699219
1.8440945148468018,204.6456756591797,1.5008823871612549,260.9266052246094
0.16031496226787567,155.1102294921875,0.10178916156291962,184.622314453125
1.3607873916625977,188.13388061523438,1.6208986043930054,133.13320922851562
0.5344882011413574,567.905517578125,0.44762951135635376,569.4104614257812
1.9688189029693604,413.7952880859375,1.5784183740615845,556.5311279296875
0.1759055107831955,116.58268737792969,0.2920246720314026,82.12907409667969
1.1269291639328003,353.251953125,1.1379300355911255,424.0355529785156
1.9220472574234009,320.22833251953125,1.6089576482772827,337.3388366699219
0.08236220479011536,188.13388061523438,-0.11055661737918854,228.51878356933594
0.48771652579307556,204.6456756591797,0.40358972549438477,162.2686309814453
1.7973228693008423,309.220458984375,1.6246483325958252,315.6504211425781
0.5500787496566772,331.2362060546875,0.2013564556837082,459.89434814453125
1.6258267164230347,171.62203979492188,1.4423202276229858,201.45372009277344
0.47212597727775574,639.4566650390625,0.5562961101531982,753.5370483398438
1.5478739738464355,534.8818969726562,1.1040401458740234,732.5846557617188
1.2516535520553589,347.7480163574219,1.2774871587753296,371.3548278808594
0.3785826861858368,254.1811065673828,0.4161277115345001,255.0585479736328
0.34740158915519714,210.1496124267578,0.23482607305049896,228.83419799804688
1.5634645223617554,666.9763793945312,1.0517711639404297,597.2229614257812
1.8908661603927612,122.08661651611328,1.7754844427108765,219.23439025878906
1.15811026096344,661.472412109375,1.180269479751587,485.236328125
1.5634645223617554,155.1102294921875,1.5297695398330688,154.94369506835938
0.14472442865371704,270.6929016113281,0.03512370586395264,365.0812072753906
0.3162204623222351,342.24407958984375,0.5206989645957947,266.1535949707031
0.8774803280830383,89.06298828125,0.8457193970680237,44.658721923828125
0.908661425113678,364.2598876953125,1.15558660030365,377.7232360839844
0.06677165627479553,193.63780212402344,0.17064210772514343,192.84423828125
1.064566969871521,545.8897705078125,0.8271811604499817,634.8221435546875
1.2516535520553589,672.4802856445312,1.1662933826446533,559.0468139648438
1.0489764213562012,17.511810302734375,1.112253189086914,9.311219215393066
1.5790550708770752,144.10235595703125,1.1133583784103394,278.1373596191406
1.5322834253311157,105.5748062133789,1.3687732219696045,130.75277709960938
0.1759055107831955,402.78741455078125,0.16567596793174744,478.3565673828125
0.9242519736289978,474.3385925292969,1.116716980934143,486.0248718261719
1.812913417816162,23.0157470703125,1.774827241897583,-1.2921645641326904
1.2984251976013184,474.3385925292969,1.135009527206421,528.0045166015625
0.5344882011413574,617.44091796875,0.4456322193145752,496.6464538574219
1.1269291639328003,666.9763793945312,1.0532817840576172,627.369873046875
0.12913386523723602,116.58268737792969,0.2746022939682007,72.09580993652344
0.28503936529159546,353.251953125,0.4276825487613678,323.50042724609375
1.4699212312698364,281.7007751464844,1.1723437309265137,382.53192138671875
1.6414172649383545,683.4881591796875,1.4650516510009766,604.6453857421875
0.14472442865371704,573.409423828125,0.20834419131278992,466.3360900878906
1.6414172649383545,237.66929626464844,1.4143751859664917,251.47103881835938
0.238267719745636,100.07086944580078,0.18925006687641144,108.81703186035156
1.906456708908081,507.3622131347656,1.4672842025756836,541.3139038085938
1.2516535520553589,573.409423828125,1.1949182748794556,617.0700073242188
0.08236220479011536,248.6771697998047,0.1391977071762085,193.66224670410156
1.7193701267242432,155.1102294921875,1.2797603607177734,250.1276092529297
0.5500787496566772,622.9448852539062,0.6756975650787354,582.5156860351562
2.0,259.6850280761719,1.5245320796966553,338.5098571777344
1.3763779401779175,353.251953125,1.1842619180679321,447.4155578613281
1.0957480669021606,199.14173889160156,0.706203043460846,342.9564514160156
1.9220472574234009,386.2756042480469,1.7623538970947266,318.2350158691406
0.4565354287624359,408.2913513183594,0.6094638109207153,367.9552001953125
0.08236220479011536,369.7638244628906,0.28371742367744446,302.06500244140625
1.4855117797851562,408.2913513183594,1.1576964855194092,475.2203674316406
0.22267717123031616,386.2756042480469,0.6170931458473206,210.10507202148438
1.4699212312698364,534.8818969726562,1.461962342262268,393.5563049316406
1.516692876815796,353.251953125,1.2557437419891357,348.3833923339844
0.5344882011413574,72.55117797851562,0.3963320553302765,101.15182495117188
0.815118134021759,556.8976440429688,1.298290729522705,540.6429443359375
1.6570079326629639,28.519685745239258,1.7840914726257324,-10.032821655273438
0.22267717123031616,34.02362060546875,0.1429373323917389,28.91311264038086
0.03559055179357529,303.7165222167969,0.24498064815998077,254.8123321533203
0.238267719745636,155.1102294921875,0.08657778799533844,199.77078247070312
1.2516535520553589,430.3070983886719,1.2626700401306152,388.2687072753906
1.5322834253311157,281.7007751464844,1.2049287557601929,334.2335510253906
1.15811026096344,215.65354919433594,0.9270080924034119,307.42779541015625
0.12913386523723602,507.3622131347656,0.23209090530872345,546.4837646484375
1.906456708908081,303.7165222167969,1.8542683124542236,264.7287292480469
0.5188976526260376,199.14173889160156,0.18009783327579498,282.5062561035156
0.6748031377792358,298.21258544921875,0.63409423828125,304.6189270019531
1.3451968431472778,606.4330444335938,1.8799923658370972,406.0548095703125
0.113543301820755,122.08661651611328,0.021131061017513275,115.79039764404297
0.48771652579307556,441.3149719238281,0.5221863985061646,464.8677062988281
0.4565354287624359,501.8582763671875,0.42210620641708374,411.3869934082031
1.3451968431472778,177.1259765625,0.9380623698234558,368.307373046875
0.9242519736289978,633.9527587890625,1.1219737529754639,594.8619995117188
1.8752756118774414,28.519685745239258,2.015702486038208,0.07014423608779907
1.8752756118774414,672.4802856445312,1.8884539604187012,550.108642578125
0.9554330706596375,457.8267517089844,1.2337701320648193,335.68438720703125
1.501102328300476,155.1102294921875,1.0088907480239868,227.4744110107422
1.1892913579940796,67.0472412109375,1.5484784841537476,29.714601516723633
1.5322834253311157,606.4330444335938,1.6599305868148804,538.014404296875
1.906456708908081,342.24407958984375,1.5903875827789307,336.9718017578125
0.7371653318405151,700.0,0.6259123682975769,674.2320556640625
1.6725984811782837,155.1102294921875,1.235347032546997,220.42271423339844
0.7995275855064392,34.02362060546875,0.5971468687057495,102.4003677368164
1.4543306827545166,182.62994384765625,1.6270204782485962,111.0386734008789
0.7215747833251953,551.3936767578125,0.9143161773681641,579.0469360351562
0.908661425113678,232.16537475585938,0.7655913233757019,326.3692932128906
0.8307086825370789,56.039371490478516,0.8351202607154846,28.003894805908203
1.0489764213562012,39.527557373046875,1.0775715112686157,38.94160842895508
0.9242519736289978,611.93701171875,1.2059149742126465,435.22686767578125
0.7683464288711548,265.18896484375,0.7944179177284241,305.6243591308594
1.329606294631958,666.9763793945312,1.3383536338806152,502.2927551269531
1.1269291639328003,155.1102294921875,1.0673884153366089,127.41459655761719
0.7995275855064392,347.7480163574219,0.7838281989097595,384.0457458496094
1.2048819065093994,347.7480163574219,0.9642540216445923,495.1591491699219
1.7973228693008423,111.07874298095703,1.416454553604126,290.6614074707031
0.42535433173179626,160.61416625976562,0.3344714343547821,170.0492401123047
0.815118134021759,215.65354919433594,0.5039334297180176,278.26055908203125
1.7505512237548828,122.08661651611328,1.4737346172332764,191.49310302734375
0.6748031377792358,116.58268737792969,0.7648533582687378,90.21086883544922
0.5033071041107178,100.07086944580078,0.582348644733429,95.58699798583984
1.1425197124481201,122.08661651611328,0.9634209275245667,130.95516967773438
1.0489764213562012,452.32281494140625,0.9810972809791565,486.80877685546875
0.47212597727775574,424.80316162109375,0.939961314201355,342.770263671875
0.9554330706596375,34.02362060546875,1.1731810569763184,-8.265637397766113
1.9844094514846802,606.4330444335938,1.4527490139007568,609.2063598632812
0.48771652579307556,56.039371490478516,0.4866483211517334,55.90776824951172
1.9532283544540405,413.7952880859375,1.463573932647705,432.4743957519531
1.6102361679077148,259.6850280761719,1.500120759010315,259.41375732421875
0.6436220407485962,655.968505859375,1.05996835231781,452.1288757324219
1.6414172649383545,606.4330444335938,1.6799848079681396,625.4553833007812
1.9688189029693604,694.4960327148438,1.5280135869979858,528.7073974609375
1.0022047758102417,633.9527587890625,0.6712877750396729,611.5162353515625
1.0957480669021606,622.9448852539062,1.4905062913894653,482.4371032714844
0.20708660781383514,523.8740234375,0.5016222596168518,369.3313903808594
0.3162204623222351,391.779541015625,0.6077256202697754,298.105224609375
1.3140157461166382,419.2992248535156,1.1089882850646973,418.88385009765625
1.594645619392395,188.13388061523438,1.5558605194091797,203.36968994140625
0.7059842348098755,430.3070983886719,0.560146152973175,484.0341491699219
1.4543306827545166,512.8661499023438,0.836819589138031,482.0885314941406
0.4565354287624359,292.7086486816406,0.32243093848228455,467.31585693359375
1.7037795782089233,287.2047119140625,1.334067702293396,466.73187255859375
0.03559055179357529,589.9212646484375,0.32806283235549927,567.1345825195312
1.0489764213562012,650.4645385742188,0.9877294301986694,576.1918334960938
0.20708660781383514,666.9763793945312,0.3763972520828247,541.1414794921875
1.9532283544540405,39.527557373046875,1.87665593624115,31.3781681060791
0.09795275330543518,144.10235595703125,0.09335213899612427,112.90949249267578
0.3941732347011566,677.9842529296875,0.33553069829940796,449.2546691894531
0.9554330706596375,320.22833251953125,1.0936992168426514,271.3676452636719
1.6258267164230347,584.4172973632812,1.0977635383605957,573.0209350585938
1.7037795782089233,523.8740234375,1.3581843376159668,395.3544616699219
1.7193701267242432,463.33074951171875,1.5606160163879395,448.1277160644531
0.3941732347011566,562.4015502929688,0.5756686329841614,522.9851684570312
0.08236220479011536,127.5905532836914,0.13376083970069885,83.48917388916016
1.1892913579940796,556.8976440429688,1.4206008911132812,406.9596862792969
0.06677165627479553,369.7638244628906,-0.008910145610570908,418.67010498046875
1.5634645223617554,6.503936767578125,1.5441302061080933,15.445320129394531
1.15811026096344,116.58268737792969,1.1393489837646484,129.36952209472656
1.6725984811782837,606.4330444335938,1.4145389795303345,668.1502685546875
0.34740158915519714,331.2362060546875,0.38915011286735535,364.4334411621094
0.6280314922332764,6.503936767578125,0.6252558827400208,-24.008285522460938
1.2204724550247192,78.05511474609375,1.230767011642456,45.197078704833984
0.22267717123031616,441.3149719238281,0.18802551925182343,467.7202453613281
0.3006299138069153,562.4015502929688,0.3581128418445587,561.6348876953125
1.7817323207855225,688.9921264648438,1.2423149347305298,643.2926025390625
1.5634645223617554,122.08661651611328,1.4370402097702026,260.4429626464844
1.2984251976013184,694.4960327148438,1.1884523630142212,673.1478881835938
0.7371653318405151,94.56694030761719,0.6029017567634583,118.23209381103516
0.8307086825370789,12.00787353515625,0.7818574905395508,12.32456111907959
1.6258267164230347,265.18896484375,1.0188524723052979,435.6581726074219
0.8930708765983582,336.7401428222656,0.6507239937782288,348.41973876953125
0.05118110775947571,28.519685745239258,0.1889268308877945,-15.130605697631836
1.828503966331482,232.16537475585938,1.5789968967437744,248.540771484375
1.1269291639328003,292.7086486816406,1.1573736667633057,252.058837890625
1.734960675239563,529.3779296875,1.2817537784576416,507.61956787109375
0.4409448802471161,149.60629272460938,0.5256298184394836,138.67041015625
0.5812598466873169,485.3464660644531,0.7092263102531433,537.5330810546875
0.019999999552965164,243.17323303222656,0.08921875059604645,225.87109375
0.5188976526260376,435.81103515625,0.7382331490516663,449.26824951171875
0.03559055179357529,474.3385925292969,0.023102279752492905,464.885986328125
0.42535433173179626,441.3149719238281,0.5190621614456177,482.95611572265625
0.3941732347011566,512.8661499023438,0.845382571220398,431.4328308105469
0.5033071041107178,639.4566650390625,0.707981526851654,671.8894653320312
1.7037795782089233,700.0,1.4847115278244019,595.2540893554688
1.7817323207855225,347.7480163574219,1.5414702892303467,417.93194580078125
0.238267719745636,50.53543472290039,0.4200860559940338,18.46019172668457
2.0,545.8897705078125,1.624346375465393,483.2420349121094
1.329606294631958,325.7322692871094,1.5186744928359985,237.8721466064453
1.3451968431472778,452.32281494140625,1.5048795938491821,564.8926391601562
1.4387401342391968,83.55905151367188,1.3049063682556152,62.06600570678711
1.3763779401779175,611.93701171875,1.571728229522705,558.191650390625
1.0957480669021606,45.031494140625,0.795495867729187,74.43413543701172
1.15811026096344,573.409423828125,1.375408411026001,540.3841552734375
1.0333858728408813,259.6850280761719,1.1322184801101685,237.9209747314453
1.5322834253311157,188.13388061523438,0.8206067085266113,333.08697509765625
1.7817323207855225,479.842529296875,1.0422471761703491,512.778076171875
0.3785826861858368,595.4251708984375,0.5301948189735413,476.9526672363281
0.36299213767051697,375.26776123046875,0.45010530948638916,388.51190185546875
1.5790550708770752,320.22833251953125,1.4878147840499878,305.6097717285156
0.42535433173179626,424.80316162109375,0.5942496657371521,401.003662109375
0.03559055179357529,204.6456756591797,0.09550341963768005,147.43069458007812
1.329606294631958,452.32281494140625,1.3211703300476074,537.2763061523438
1.8440945148468018,540.3858032226562,1.7050118446350098,413.4748840332031
1.236063003540039,628.4487915039062,1.2505747079849243,539.0792236328125
0.4565354287624359,479.842529296875,0.6163095235824585,535.10595703125
0.6280314922332764,34.02362060546875,0.659387469291687,18.55206871032715
0.8774803280830383,78.05511474609375,0.8820593357086182,98.48568725585938
0.5033071041107178,391.779541015625,0.2710230052471161,368.4378356933594
1.0957480669021606,270.6929016113281,0.7672287821769714,444.2142639160156
1.423149585723877,45.031494140625,1.1101073026657104,106.80709075927734
0.48771652579307556,485.3464660644531,0.42907336354255676,419.2220458984375
0.019999999552965164,540.3858032226562,0.5991014838218689,356.8845520019531
1.0489764213562012,567.905517578125,1.1947484016418457,537.0503540039062
1.0333858728408813,89.06298828125,0.6725335717201233,125.01029205322266
0.08236220479011536,556.8976440429688,0.2063756138086319,384.3490905761719
0.9554330706596375,226.66140747070312,0.9159953594207764,183.99774169921875
1.6414172649383545,226.66140747070312,1.3639098405838013,357.8937683105469
0.26944881677627563,83.55905151367188,0.3145039975643158,78.65066528320312
1.2204724550247192,364.2598876953125,1.3542026281356812,397.0657958984375
0.14472442865371704,347.7480163574219,0.22726990282535553,388.98919677734375
0.9398425221443176,358.7558898925781,0.9760732054710388,419.25250244140625
1.7505512237548828,298.21258544921875,1.2228811979293823,438.0115051269531
0.9242519736289978,501.8582763671875,1.2629868984222412,397.144775390625
0.26944881677627563,6.503936767578125,0.22680260241031647,-9.724926948547363
0.908661425113678,116.58268737792969,0.6081878542900085,161.8490753173828
0.3162204623222351,386.2756042480469,0.46925216913223267,383.45770263671875
1.4387401342391968,655.968505859375,1.2918963432312012,615.2981567382812
1.4075590372085571,578.9133911132812,0.8665069937705994,508.1307067871094
1.4855117797851562,39.527557373046875,1.5110033750534058,22.40007209777832
0.9554330706596375,408.2913513183594,1.2937005758285522,555.108642578125
0.09795275330543518,6.503936767578125,0.16415740549564362,13.222576141357422
0.05118110775947571,666.9763793945312,0.18656812608242035,530.5198364257812
0.8307086825370789,463.33074951171875,1.2609608173370361,316.7165222167969
1.8908661603927612,144.10235595703125,1.1728936433792114,174.37100219726562
1.812913417816162,1.0,1.84998619556427,37.14701461791992
1.812913417816162,325.7322692871094,1.3480255603790283,341.0430908203125
0.2538582682609558,683.4881591796875,0.3354966640472412,437.53936767578125
1.6414172649383545,529.3779296875,1.1465212106704712,657.8900756835938
1.5790550708770752,496.3543395996094,1.3268803358078003,485.24493408203125
0.08236220479011536,677.9842529296875,0.39303484559059143,464.2254638671875
0.6124409437179565,160.61416625976562,0.7121151685714722,129.70263671875
1.5478739738464355,683.4881591796875,0.9907379746437073,594.0406494140625
0.06677165627479553,700.0,0.15195883810520172,639.5111083984375
0.6436220407485962,149.60629272460938,0.5522874593734741,93.32942962646484
0.03559055179357529,226.66140747070312,0.2789229452610016,181.42718505859375
0.3162204623222351,281.7007751464844,0.5488334894180298,156.24554443359375
1.828503966331482,12.00787353515625,1.5705276727676392,14.847676277160645
0.4565354287624359,490.85040283203125,0.7309796214103699,415.2288513183594
1.064566969871521,700.0,0.7559634447097778,685.30712890625
0.238267719745636,364.2598876953125,0.0021799635142087936,519.7522583007812
0.6748031377792358,644.9606323242188,0.910436749458313,601.5740966796875
1.6414172649383545,12.00787353515625,1.4800304174423218,-20.623371124267578
0.6436220407485962,83.55905151367188,0.40947189927101135,119.00647735595703
0.8774803280830383,479.842529296875,0.9326966404914856,576.219970703125
0.7995275855064392,221.15748596191406,0.5061309933662415,322.7425842285156
0.7839370369911194,116.58268737792969,0.7847697734832764,83.14773559570312
1.8440945148468018,413.7952880859375,1.266684651374817,478.47576904296875
0.9554330706596375,606.4330444335938,1.567243218421936,551.9401245117188
1.7817323207855225,584.4172973632812,1.671294927597046,562.8756713867188
1.5634645223617554,589.9212646484375,1.5032275915145874,515.7459106445312
1.6414172649383545,589.9212646484375,1.5304211378097534,616.2188720703125
0.113543301820755,144.10235595703125,0.23166611790657043,97.10851287841797
1.423149585723877,700.0,1.7022160291671753,598.0357055664062
1.4543306827545166,573.409423828125,0.9509381651878357,583.0079345703125
1.329606294631958,56.039371490478516,1.4004805088043213,44.41675567626953
0.09795275330543518,435.81103515625,-0.0066223833709955215,479.8043212890625
0.8462992310523987,221.15748596191406,0.5935276746749878,241.6513671875
1.3763779401779175,94.56694030761719,1.5728816986083984,101.9138412475586
0.659212589263916,61.54330825805664,0.5401619672775269,49.01104736328125
1.0489764213562012,419.2992248535156,0.8051955103874207,412.053466796875
1.236063003540039,606.4330444335938,0.9316948652267456,734.319580078125
0.3162204623222351,644.9606323242188,0.411609947681427,481.96575927734375
0.7059842348098755,6.503936767578125,0.62333744764328,-5.6562113761901855
0.3162204623222351,490.85040283203125,0.0344330295920372,518.1015014648438
1.8596850633621216,441.3149719238281,1.6872564554214478,335.9828796386719
1.7973228693008423,17.511810302734375,1.521836519241333,18.808311462402344
0.7059842348098755,375.26776123046875,0.6703842878341675,387.6277160644531
1.0801575183868408,606.4330444335938,1.3362371921539307,700.8265380859375
1.2672441005706787,688.9921264648438,1.0966198444366455,616.7550659179688
1.7505512237548828,688.9921264648438,1.6610428094863892,536.0757446289062
0.19149605929851532,28.519685745239258,0.050738587975502014,56.13948059082031
1.4543306827545166,639.4566650390625,1.3101565837860107,578.0643920898438
0.238267719745636,655.968505859375,0.4934958219528198,416.9612731933594
0.40976378321647644,67.0472412109375,0.3033811151981354,70.95484924316406
1.9532283544540405,122.08661651611328,1.459348440170288,246.20751953125
1.3919684886932373,177.1259765625,1.183057188987732,254.94923400878906
0.4565354287624359,578.9133911132812,0.40476781129837036,502.8074645996094
0.42535433173179626,358.7558898925781,0.4951819181442261,244.61431884765625
0.113543301820755,133.094482421875,0.37529852986335754,85.17811584472656
1.501102328300476,446.8188781738281,1.4077619314193726,477.2324523925781
1.7505512237548828,320.22833251953125,1.806705117225647,204.2886199951172
0.659212589263916,424.80316162109375,0.4127378463745117,483.65008544921875
0.19149605929851532,523.8740234375,0.42467156052589417,473.5628662109375
0.5812598466873169,380.77166748046875,0.1553022712469101,612.5507202148438
1.4387401342391968,463.33074951171875,1.5044907331466675,457.5792236328125
0.4409448802471161,12.00787353515625,0.5476235747337341,-13.7186918258667
1.0957480669021606,111.07874298095703,0.8927988409996033,106.36810302734375
0.5344882011413574,100.07086944580078,0.5833283066749573,39.058448791503906
1.3763779401779175,83.55905151367188,1.3818604946136475,108.06957244873047
0.48771652579307556,331.2362060546875,0.3670705556869507,357.7210693359375
0.8307086825370789,309.220458984375,1.1172142028808594,243.18389892578125
1.734960675239563,523.8740234375,1.6316556930541992,580.9522705078125
0.3785826861858368,364.2598876953125,0.3354134261608124,388.58319091796875
0.4409448802471161,204.6456756591797,0.2366160750389099,211.61915588378906
1.064566969871521,364.2598876953125,1.4139623641967773,240.78147888183594
1.5634645223617554,540.3858032226562,1.2244477272033691,493.19403076171875
1.0801575183868408,303.7165222167969,1.328904390335083,223.70558166503906
0.815118134021759,116.58268737792969,0.8509249091148376,131.58990478515625
0.34740158915519714,584.4172973632812,0.2960895597934723,636.329345703125
1.0489764213562012,518.3700561523438,1.2798484563827515,522.5327758789062
0.6124409437179565,672.4802856445312,0.43917301297187805,548.2509155273438
1.2048819065093994,595.4251708984375,0.7140575647354126,612.0834350585938
0.5968503952026367,578.9133911132812,0.6747410893440247,493.27294921875
0.113543301820755,589.9212646484375,-0.07107384502887726,713.589111328125
0.14472442865371704,644.9606323242188,0.49962109327316284,508.2298889160156
1.0022047758102417,320.22833251953125,1.100091814994812,338.9991149902344
0.7839370369911194,331.2362060546875,0.6242722272872925,381.3358154296875
1.4699212312698364,193.63780212402344,1.2802655696868896,258.89764404296875
0.6436220407485962,188.13388061523438,0.44842302799224854,249.12474060058594
1.6570079326629639,111.07874298095703,1.3812015056610107,99.65925598144531
1.7817323207855225,578.9133911132812,1.6471750736236572,533.10986328125
0.22267717123031616,45.031494140625,0.34841302037239075,26.693864822387695
1.2048819065093994,534.8818969726562,1.0631024837493896,422.1761474609375
1.2048819065093994,430.3070983886719,0.8650262355804443,558.9197387695312
1.6725984811782837,375.26776123046875,1.3219891786575317,605.2760620117188
1.516692876815796,199.14173889160156,1.5302470922470093,171.96604919433594
1.3607873916625977,281.7007751464844,1.4216111898422241,252.41725158691406
0.752755880355835,611.93701171875,0.7588604688644409,584.8741455078125
0.8774803280830383,17.511810302734375,0.7636296153068542,16.725189208984375
1.501102328300476,254.1811065673828,1.2541064023971558,303.0288391113281
0.8307086825370789,265.18896484375,1.0960856676101685,241.02496337890625
0.36299213767051697,111.07874298095703,0.45758017897605896,45.023380279541016
1.2672441005706787,50.53543472290039,1.333378791809082,29.382183074951172
1.1269291639328003,182.62994384765625,1.3166807889938354,177.69436645507812
0.9554330706596375,237.66929626464844,0.637959361076355,345.89105224609375
0.3785826861858368,611.93701171875,0.342279851436615,513.9032592773438
0.19149605929851532,182.62994384765625,0.15180455148220062,145.85214233398438
1.064566969871521,457.8267517089844,0.9087223410606384,513.67236328125
1.0489764213562012,45.031494140625,1.0207091569900513,64.92765808105469
0.113543301820755,270.6929016113281,0.23808220028877258,165.53988647460938
1.2204724550247192,457.8267517089844,1.3445460796356201,440.1799011230469
1.5790550708770752,617.44091796875,1.1848034858703613,537.55517578125
1.9220472574234009,232.16537475585938,1.6517674922943115,311.57977294921875
1.8440945148468018,639.4566650390625,1.530540108680725,583.2776489257812
0.238267719745636,89.06298828125,0.16593492031097412,125.4847183227539
0.9554330706596375,540.3858032226562,0.8792020678520203,576.2111206054688
0.659212589263916,254.1811065673828,0.3052295744419098,308.2532653808594
0.33181101083755493,441.3149719238281,0.22017669677734375,458.414794921875
1.3451968431472778,666.9763793945312,1.1913219690322876,636.4537353515625
1.7973228693008423,430.3070983886719,1.6780272722244263,408.472412109375
1.812913417816162,347.7480163574219,1.7865997552871704,440.71209716796875
1.5634645223617554,138.59841918945312,1.4223246574401855,256.0157165527344
1.4075590372085571,683.4881591796875,1.3362071514129639,598.8525390625
0.8774803280830383,171.62203979492188,0.8185325264930725,143.9156036376953
1.1425197124481201,534.8818969726562,1.5865403413772583,377.3124694824219
1.3140157461166382,391.779541015625,0.8831873536109924,547.9517211914062
1.501102328300476,628.4487915039062,0.6754306554794312,566.85546875
0.8618897795677185,287.2047119140625,1.2748165130615234,262.6433410644531
0.9866141676902771,402.78741455078125,0.585888683795929,457.97601318359375
1.9220472574234009,248.6771697998047,1.3703839778900146,380.2687683105469
1.1269291639328003,309.220458984375,1.2935712337493896,296.2309875488281
0.42535433173179626,243.17323303222656,0.6174131035804749,212.9239959716797
0.9242519736289978,457.8267517089844,1.0657854080200195,466.61175537109375
0.8462992310523987,540.3858032226562,1.3223663568496704,477.7021179199219
1.2828346490859985,600.9291381835938,0.9387152194976807,727.1842651367188
0.3941732347011566,700.0,0.6021122336387634,580.90283203125
0.19149605929851532,17.511810302734375,0.1991683542728424,44.61042404174805
1.15811026096344,700.0,1.0201669931411743,642.4512329101562
1.236063003540039,347.7480163574219,1.0726287364959717,523.6902465820312
1.3763779401779175,419.2992248535156,1.115816593170166,454.8139343261719
1.2672441005706787,578.9133911132812,0.952894389629364,529.09912109375
0.6748031377792358,512.8661499023438,1.0476884841918945,603.0507202148438
0.9242519736289978,369.7638244628906,0.8090184330940247,474.6108093261719
1.7661417722702026,204.6456756591797,1.4943500757217407,356.05963134765625
1.2672441005706787,149.60629272460938,1.0337796211242676,159.74876403808594
1.4075590372085571,666.9763793945312,1.4226332902908325,651.745849609375
1.5790550708770752,193.63780212402344,1.484839677810669,120.67491912841797
1.3763779401779175,12.00787353515625,1.1118425130844116,7.10732364654541
1.906456708908081,556.8976440429688,1.447835087776184,551.794921875
1.0489764213562012,479.842529296875,0.6529461741447449,572.469970703125
1.9532283544540405,127.5905532836914,1.768472671508789,126.02425384521484
2.0,661.472412109375,1.8521901369094849,688.6431274414062
1.7505512237548828,342.24407958984375,1.5786311626434326,279.871337890625
0.908661425113678,100.07086944580078,0.6682885885238647,112.42927551269531
1.2048819065093994,50.53543472290039,1.136691927909851,66.6489028930664
0.34740158915519714,479.842529296875,0.3663998246192932,468.90325927734375
1.516692876815796,243.17323303222656,1.5566811561584473,235.35968017578125
0.20708660781383514,556.8976440429688,0.2891177237033844,586.6390380859375
0.6748031377792358,441.3149719238281,0.7000641226768494,497.0360107421875
0.40976378321647644,419.2992248535156,0.560113251209259,312.8098449707031
0.05118110775947571,496.3543395996094,-0.06253620982170105,624.2806396484375
1.15811026096344,479.842529296875,1.0072797536849976,445.284423828125
0.14472442865371704,666.9763793945312,0.18116599321365356,516.3064575195312
1.6258267164230347,463.33074951171875,1.6422628164291382,460.0536804199219
0.12913386523723602,556.8976440429688,0.5609116554260254,460.1679992675781
1.9220472574234009,644.9606323242188,1.752027153968811,531.091552734375
1.734960675239563,248.6771697998047,1.5073341131210327,418.5389404296875
1.5634645223617554,160.61416625976562,1.7256073951721191,187.34320068359375
1.15811026096344,644.9606323242188,1.5698683261871338,428.1217956542969
0.40976378321647644,199.14173889160156,0.46687209606170654,197.74856567382812
0.3162204623222351,584.4172973632812,0.19024083018302917,509.82757568359375
0.8930708765983582,584.4172973632812,0.9236406683921814,658.825927734375
0.16031496226787567,452.32281494140625,0.37448614835739136,342.6710205078125
0.8930708765983582,89.06298828125,0.9945319890975952,114.4374771118164
0.6748031377792358,28.519685745239258,0.7288253903388977,19.789661407470703
0.12913386523723602,89.06298828125,0.14595071971416473,85.62122344970703
1.8752756118774414,78.05511474609375,1.414832592010498,196.5868377685547
1.9220472574234009,402.78741455078125,1.8170485496520996,374.79345703125
0.19149605929851532,287.2047119140625,0.17629188299179077,329.0195617675781
1.7973228693008423,210.1496124267578,1.6580270528793335,189.03399658203125
0.3162204623222351,573.409423828125,0.5543160438537598,517.5145874023438
0.06677165627479553,386.2756042480469,0.3479572832584381,240.72879028320312
1.1113386154174805,617.44091796875,1.0313321352005005,622.4295043945312
0.7839370369911194,672.4802856445312,0.754070520401001,680.5733032226562
1.3919684886932373,375.26776123046875,1.5010417699813843,301.5587463378906
0.05118110775947571,435.81103515625,0.329161673784256,356.4485778808594
1.1113386154174805,105.5748062133789,0.982812762260437,85.73301696777344
1.7973228693008423,243.17323303222656,1.505551815032959,302.6353759765625
0.7371653318405151,380.77166748046875,0.5078316330909729,503.7828063964844
0.03559055179357529,545.8897705078125,0.16451145708560944,582.3652954101562
2.0,34.02362060546875,1.9959036111831665,-0.9320070743560791
0.7215747833251953,441.3149719238281,1.3185498714447021,430.8482666015625
1.3919684886932373,677.9842529296875,1.3769453763961792,485.5353698730469
0.14472442865371704,188.13388061523438,0.11176982522010803,220.46141052246094
1.828503966331482,331.2362060546875,1.5571686029434204,472.8487548828125
0.7215747833251953,688.9921264648438,0.45866459608078003,622.154296875
0.7995275855064392,232.16537475585938,0.8091843724250793,220.49948120117188
1.6414172649383545,78.05511474609375,1.5298473834991455,64.13910675048828
0.28503936529159546,210.1496124267578,0.1743456870317459,262.6341552734375
0.7059842348098755,166.11810302734375,0.7612666487693787,122.3995132446289
1.0333858728408813,83.55905151367188,0.9110766053199768,134.41123962402344
1.6102361679077148,336.7401428222656,1.2580281496047974,577.7417602539062
1.1269291639328003,551.3936767578125,0.898553729057312,687.1519165039062
1.4075590372085571,611.93701171875,1.2450255155563354,605.1527709960938
0.40976378321647644,694.4960327148438,0.4283949136734009,683.130859375
0.7839370369911194,34.02362060546875,0.7459531426429749,39.973976135253906
0.05118110775947571,485.3464660644531,0.14875754714012146,405.0643310546875
0.28503936529159546,622.9448852539062,0.7465637922286987,405.4210205078125
0.8462992310523987,490.85040283203125,1.0056354999542236,500.00433349609375
0.6436220407485962,331.2362060546875,0.7837722301483154,350.8490295410156
1.4075590372085571,160.61416625976562,1.3176733255386353,179.30709838867188
0.5188976526260376,276.19683837890625,0.6022726893424988,230.32839965820312
0.34740158915519714,155.1102294921875,0.31369489431381226,158.82334899902344
0.8618897795677185,391.779541015625,1.3108317852020264,173.3963623046875
0.7059842348098755,100.07086944580078,0.5737024545669556,108.72300720214844
0.9398425221443176,523.8740234375,0.5481631755828857,495.26947021484375
0.8930708765983582,688.9921264648438,1.129741907119751,554.1868896484375
0.7683464288711548,501.8582763671875,0.8290410041809082,538.534912109375
1.6258267164230347,540.3858032226562,1.7740322351455688,672.7557983398438
0.12913386523723602,331.2362060546875,0.0788390189409256,367.0010681152344
1.1113386154174805,584.4172973632812,1.025181531906128,631.2434692382812
1.064566969871521,320.22833251953125,0.8848352432250977,306.1547546386719
1.5478739738464355,314.7243957519531,1.2153862714767456,439.37689208984375
1.2672441005706787,89.06298828125,1.1558207273483276,104.08506774902344
1.4543306827545166,325.7322692871094,1.2197372913360596,407.70184326171875
1.6102361679077148,226.66140747070312,1.7882291078567505,298.0350341796875
0.22267717123031616,666.9763793945312,0.26307085156440735,432.6115417480469
0.7371653318405151,529.3779296875,0.8989986777305603,480.9952392578125
1.5790550708770752,584.4172973632812,1.775848150253296,615.275390625
1.7193701267242432,303.7165222167969,1.281773567199707,399.1023254394531
1.9220472574234009,116.58268737792969,1.6064949035644531,131.21853637695312
0.019999999552965164,419.2992248535156,0.10276533663272858,426.6473693847656
0.14472442865371704,94.56694030761719,0.18579669296741486,69.62981414794922
1.6570079326629639,127.5905532836914,1.4541041851043701,165.3784942626953
0.659212589263916,380.77166748046875,0.9191359877586365,378.0074768066406
1.7505512237548828,188.13388061523438,1.2725794315338135,367.5909423828125
1.2204724550247192,413.7952880859375,0.9793065786361694,384.7787780761719
0.09795275330543518,243.17323303222656,0.44905129075050354,123.94158935546875
1.1892913579940796,270.6929016113281,1.1999876499176025,349.08001708984375
0.9554330706596375,474.3385925292969,1.0397788286209106,414.8036193847656
1.2984251976013184,672.4802856445312,1.0932960510253906,657.3458251953125
0.8462992310523987,215.65354919433594,0.4472433626651764,434.4613342285156
0.7839370369911194,61.54330825805664,0.7118080258369446,93.59986114501953
1.7505512237548828,149.60629272460938,1.3326539993286133,355.56353759765625
0.19149605929851532,138.59841918945312,0.09567515552043915,182.0137176513672
1.7193701267242432,567.905517578125,1.6743874549865723,433.0773620605469
0.8462992310523987,578.9133911132812,0.8082944750785828,521.8472290039062
0.7215747833251953,584.4172973632812,0.9527149796485901,420.8468933105469
0.14472442865371704,490.85040283203125,0.31173068284988403,397.216064453125
1.8908661603927612,39.527557373046875,2.0344812870025635,-52.90186309814453
0.22267717123031616,199.14173889160156,0.397140771150589,157.8766632080078
1.7193701267242432,518.3700561523438,1.369608998298645,445.5978088378906
0.7215747833251953,523.8740234375,0.7721649408340454,628.4362182617188
1.2204724550247192,237.66929626464844,1.3878560066223145,278.4245300292969
0.8930708765983582,485.3464660644531,0.6968851089477539,520.9766845703125
1.4387401342391968,336.7401428222656,1.469234824180603,492.54827880859375
1.6570079326629639,204.6456756591797,1.5272735357284546,311.3010559082031
0.6903936862945557,28.519685745239258,0.8744502663612366,4.914355278015137
1.0022047758102417,6.503936767578125,1.0623656511306763,1.4592818021774292
1.7973228693008423,12.00787353515625,1.7055535316467285,10.775829315185547
1.5634645223617554,23.0157470703125,1.2579054832458496,35.09038162231445
0.26944881677627563,276.19683837890625,0.42055222392082214,264.0793762207031
1.2204724550247192,512.8661499023438,1.230516791343689,477.60919189453125
1.2516535520553589,622.9448852539062,0.9839500188827515,715.1069946289062
1.812913417816162,369.7638244628906,1.3176348209381104,317.9631042480469
1.3607873916625977,672.4802856445312,1.4021178483963013,678.8675537109375
0.8618897795677185,474.3385925292969,1.3344038724899292,406.63531494140625
1.0333858728408813,419.2992248535156,1.0939381122589111,371.08258056640625
1.2204724550247192,589.9212646484375,1.130076289176941,647.4635009765625
1.501102328300476,424.80316162109375,1.392926812171936,563.4736328125
0.9710236191749573,221.15748596191406,0.8666151165962219,247.0380859375
0.26944881677627563,111.07874298095703,0.3390221893787384,77.7834243774414
0.03559055179357529,155.1102294921875,0.19323866069316864,128.53799438476562
0.03559055179357529,369.7638244628906,0.15077731013298035,337.3423767089844
0.7371653318405151,584.4172973632812,0.9204859733581543,685.3541259765625
1.6414172649383545,485.3464660644531,1.3075535297393799,454.78143310546875
1.2204724550247192,468.8346862792969,1.2168498039245605,543.6458129882812
0.48771652579307556,490.85040283203125,0.5370480418205261,476.8027648925781
1.2204724550247192,100.07086944580078,1.3610926866531372,47.635250091552734
1.6570079326629639,446.8188781738281,1.4888873100280762,533.593505859375
1.2828346490859985,441.3149719238281,1.3071471452713013,425.368408203125
1.3451968431472778,67.0472412109375,1.3686727285385132,72.86785888671875
0.6903936862945557,347.7480163574219,0.7543541193008423,385.3194885253906
1.4543306827545166,193.63780212402344,1.106712818145752,375.8413391113281
1.6102361679077148,595.4251708984375,1.27825927734375,607.4222412109375
0.2538582682609558,138.59841918945312,0.24447211623191833,103.78837585449219
0.3785826861858368,408.2913513183594,0.4230722188949585,385.4346008300781
1.2204724550247192,545.8897705078125,1.0333646535873413,677.99169921875
1.7973228693008423,545.8897705078125,1.7132230997085571,433.9403381347656
0.752755880355835,237.66929626464844,0.7895997166633606,231.9676055908203
1.9220472574234009,435.81103515625,1.416661024093628,481.74639892578125
0.9554330706596375,446.8188781738281,0.7183395028114319,597.6786499023438
1.7661417722702026,617.44091796875,1.4588273763656616,481.8323669433594
1.3140157461166382,259.6850280761719,1.589015007019043,162.4371337890625
1.9532283544540405,56.039371490478516,1.8423826694488525,77.10733795166016
0.019999999552965164,193.63780212402344,0.08855447173118591,187.79286193847656
1.6258267164230347,94.56694030761719,1.5967514514923096,130.20651245117188
0.9710236191749573,430.3070983886719,1.0995395183563232,436.16632080078125
0.7683464288711548,83.55905151367188,0.24435769021511078,152.6659698486328
1.7817323207855225,166.11810302734375,1.363727331161499,206.4647674560547
1.7193701267242432,133.094482421875,1.252669095993042,185.1021270751953
1.594645619392395,1.0,1.4620288610458374,19.15289878845215
0.40976378321647644,160.61416625976562,0.7122482657432556,124.29729461669922
1.329606294631958,661.472412109375,1.1875847578048706,669.0155639648438
0.16031496226787567,468.8346862792969,0.15791450440883636,436.2604064941406
1.6258267164230347,1.0,1.7097214460372925,30.35250473022461
0.113543301820755,281.7007751464844,-0.01436348631978035,355.7001647949219
1.0022047758102417,479.842529296875,0.8893538117408752,481.6080017089844
0.08236220479011536,617.44091796875,0.09739983081817627,525.121337890625
1.0957480669021606,72.55117797851562,1.2611136436462402,36.77048873901367
0.7371653318405151,589.9212646484375,0.6138007640838623,655.8504028320312
1.516692876815796,309.220458984375,1.3529173135757446,410.7831726074219
0.6748031377792358,281.7007751464844,0.5887233018875122,309.8036804199219
1.5634645223617554,193.63780212402344,1.816179633140564,241.0553741455078
0.5188976526260376,485.3464660644531,0.6962769031524658,563.2604370117188
0.8930708765983582,254.1811065673828,0.6520601511001587,330.5922546386719
1.5322834253311157,540.3858032226562,1.1986619234085083,581.9806518554688
0.1759055107831955,556.8976440429688,0.11896193027496338,538.6515502929688
1.9376378059387207,545.8897705078125,1.4798260927200317,559.8035278320312
1.2984251976013184,50.53543472290039,1.4036650657653809,-0.5965157747268677
0.2538582682609558,226.66140747070312,0.2048681229352951,219.2925262451172
0.5344882011413574,122.08661651611328,0.38604509830474854,73.48208618164062
1.4075590372085571,78.05511474609375,1.3064566850662231,109.83808898925781
1.6414172649383545,50.53543472290039,1.243965983390808,67.74431610107422
0.33181101083755493,677.9842529296875,0.3869915306568146,552.3348999023438
1.1269291639328003,485.3464660644531,0.9393899440765381,583.5925903320312
0.9866141676902771,463.33074951171875,1.1908442974090576,384.5718078613281
1.1892913579940796,287.2047119140625,0.9827536940574646,333.8272705078125
1.8908661603927612,56.039371490478516,1.8847806453704834,55.707191467285156
1.2828346490859985,424.80316162109375,1.0781662464141846,401.5453796386719
0.3162204623222351,661.472412109375,0.13137218356132507,691.4017333984375
1.7505512237548828,325.7322692871094,1.5013474225997925,210.07028198242188
0.8774803280830383,188.13388061523438,0.8027433753013611,200.02220153808594
1.064566969871521,628.4487915039062,1.3349404335021973,695.6546020507812
1.906456708908081,463.33074951171875,1.8241815567016602,460.26904296875
1.7817323207855225,567.905517578125,1.7616139650344849,558.2222900390625
1.8908661603927612,320.22833251953125,1.3842352628707886,409.6493225097656
0.28503936529159546,34.02362060546875,0.2751847207546234,27.116018295288086
0.752755880355835,303.7165222167969,0.7349729537963867,396.8052673339844
0.8462992310523987,276.19683837890625,1.0276457071304321,256.8193359375
0.5656692981719971,589.9212646484375,0.804645299911499,421.1797790527344
0.815118134021759,468.8346862792969,0.9521273970603943,575.8897705078125
0.6903936862945557,89.06298828125,0.4541339576244354,60.675758361816406
0.36299213767051697,639.4566650390625,0.2835922837257385,661.3856201171875
0.03559055179357529,622.9448852539062,0.28688791394233704,553.184814453125
1.8440945148468018,17.511810302734375,1.6847723722457886,49.74452590942383
0.5033071041107178,650.4645385742188,0.3621622622013092,649.6578979492188
1.3607873916625977,578.9133911132812,1.5496419668197632,624.83251953125
0.40976378321647644,430.3070983886719,0.29445743560791016,468.32000732421875
0.40976378321647644,413.7952880859375,0.39272135496139526,360.80096435546875
0.36299213767051697,138.59841918945312,0.4305862784385681,126.7417221069336
1.3451968431472778,556.8976440429688,1.150075078010559,580.6971435546875
0.06677165627479553,441.3149719238281,0.5265428423881531,350.9538879394531
0.7839370369911194,364.2598876953125,1.1865615844726562,282.87457275390625
0.12913386523723602,380.77166748046875,0.04789267107844353,429.71807861328125
0.26944881677627563,23.0157470703125,0.31475770473480225,13.844952583312988
1.5322834253311157,589.9212646484375,1.6003814935684204,430.7220153808594
1.0801575183868408,61.54330825805664,1.3760719299316406,18.960289001464844
0.33181101083755493,622.9448852539062,0.6914114356040955,463.50006103515625
0.3006299138069153,518.3700561523438,0.35099872946739197,418.9778137207031
1.3763779401779175,452.32281494140625,1.486478567123413,528.0673828125
1.6881890296936035,56.039371490478516,1.5603337287902832,104.53069305419922
0.42535433173179626,413.7952880859375,0.3508768379688263,462.56195068359375
1.594645619392395,534.8818969726562,1.3691290616989136,540.8028564453125
0.815118134021759,474.3385925292969,0.32809993624687195,524.8570556640625
1.2048819065093994,402.78741455078125,1.0247490406036377,399.6738586425781
0.3162204623222351,419.2992248535156,0.446231484413147,407.8787536621094
1.1113386154174805,50.53543472290039,1.1731352806091309,33.17600631713867
1.9688189029693604,67.0472412109375,1.7616301774978638,50.597599029541016
0.7683464288711548,243.17323303222656,0.576296865940094,344.1022644042969
0.22267717123031616,254.1811065673828,0.16238437592983246,285.5671691894531
1.9220472574234009,199.14173889160156,1.649788737297058,243.5528106689453
1.5634645223617554,534.8818969726562,1.1478718519210815,526.0738525390625
1.7505512237548828,78.05511474609375,1.1168705224990845,197.51583862304688
0.42535433173179626,501.8582763671875,0.5812975168228149,458.659423828125
1.4699212312698364,386.2756042480469,1.5509673357009888,460.6154479980469
0.752755880355835,188.13388061523438,0.7730419039726257,166.33030700683594
0.6436220407485962,292.7086486816406,0.1760026514530182,485.4004211425781
0.7995275855064392,666.9763793945312,1.0357580184936523,510.9950256347656
0.33181101083755493,644.9606323242188,0.5083515048027039,522.2651977539062
0.03559055179357529,562.4015502929688,0.1664479523897171,457.43316650390625
1.2828346490859985,628.4487915039062,1.6910531520843506,386.8873291015625
0.9398425221443176,67.0472412109375,0.9095216989517212,71.35948181152344
1.5634645223617554,1.0,1.800367832183838,-32.70934295654297
1.4387401342391968,540.3858032226562,1.6595104932785034,535.2581787109375
1.2828346490859985,138.59841918945312,1.4696601629257202,183.6471405029297
0.6748031377792358,127.5905532836914,0.6977032423019409,69.6080322265625
1.3607873916625977,545.8897705078125,1.2544749975204468,658.757080078125
1.7037795782089233,441.3149719238281,1.041816234588623,570.1635131835938
0.6436220407485962,28.519685745239258,0.7845969796180725,30.996789932250977
0.5968503952026367,468.8346862792969,0.7054789066314697,372.599365234375
1.7973228693008423,677.9842529296875,1.6543176174163818,620.7899169921875
2.0,606.4330444335938,1.957275152206421,422.29571533203125
0.7839370369911194,518.3700561523438,1.246692419052124,452.98199462890625
0.5968503952026367,369.7638244628906,0.6907239556312561,348.2179870605469
1.5790550708770752,281.7007751464844,1.1331521272659302,501.10015869140625
1.6414172649383545,578.9133911132812,1.4078567028045654,523.6837768554688
1.3140157461166382,133.094482421875,1.1230648756027222,110.62103271484375
0.40976378321647644,633.9527587890625,0.5535734295845032,570.998046875
1.9688189029693604,100.07086944580078,1.8111375570297241,136.28028869628906
0.8307086825370789,138.59841918945312,0.9014691114425659,129.28732299804688
1.4855117797851562,78.05511474609375,1.1730730533599854,147.0849151611328
1.734960675239563,545.8897705078125,1.5767885446548462,553.955078125
1.7505512237548828,650.4645385742188,1.7202949523925781,498.661376953125
1.3451968431472778,138.59841918945312,0.9042199850082397,275.7952575683594
1.6414172649383545,298.21258544921875,1.3752331733703613,461.7940979003906
0.9554330706596375,661.472412109375,0.8193967938423157,634.1640625
0.019999999552965164,199.14173889160156,0.21021713316440582,157.32473754882812
0.47212597727775574,215.65354919433594,0.36631980538368225,280.67010498046875
1.6102361679077148,45.031494140625,1.4304606914520264,41.95127487182617
0.7995275855064392,215.65354919433594,1.1114908456802368,246.6987762451172
1.4855117797851562,182.62994384765625,0.6509145498275757,286.6988830566406
1.0333858728408813,677.9842529296875,0.9409640431404114,583.8013916015625
0.5500787496566772,666.9763793945312,0.5095441937446594,585.9647216796875
0.8930708765983582,683.4881591796875,1.37132728099823,480.0876159667969
1.064566969871521,67.0472412109375,1.0623784065246582,107.0916748046875
1.6570079326629639,45.031494140625,1.4882056713104248,99.07237243652344
0.7059842348098755,408.2913513183594,0.7418164610862732,417.6967468261719
0.12913386523723602,232.16537475585938,0.03647841513156891,216.60105895996094
0.9866141676902771,28.519685745239258,0.7988029718399048,101.99501037597656
1.017795443534851,446.8188781738281,0.8190243244171143,397.4427185058594
0.8930708765983582,474.3385925292969,1.301039695739746,332.255126953125
1.6725984811782837,314.7243957519531,1.4349418878555298,364.0789794921875
1.1425197124481201,507.3622131347656,1.2525349855422974,434.24371337890625
2.0,490.85040283203125,1.6865553855895996,405.9742431640625
0.6903936862945557,50.53543472290039,0.8874452114105225,27.713499069213867
0.33181101083755493,380.77166748046875,0.2352941781282425,454.9453430175781
0.5033071041107178,188.13388061523438,0.44201892614364624,266.4775390625
1.6881890296936035,166.11810302734375,1.2769285440444946,190.4781036376953
1.423149585723877,369.7638244628906,1.2317131757736206,576.6415405273438
0.9866141676902771,496.3543395996094,0.9618319272994995,563.6995849609375
1.4699212312698364,441.3149719238281,1.520838975906372,514.449951171875
0.05118110775947571,122.08661651611328,0.03331194072961807,100.64519500732422
0.3162204623222351,215.65354919433594,0.31447017192840576,210.55862426757812
1.8752756118774414,314.7243957519531,1.8025702238082886,368.54119873046875
1.7817323207855225,221.15748596191406,1.73586905002594,277.8590087890625
1.329606294631958,50.53543472290039,1.4492127895355225,46.293800354003906
1.1269291639328003,6.503936767578125,1.1777942180633545,-37.10569763183594
0.019999999552965164,688.9921264648438,0.10472586750984192,490.2867126464844
0.08236220479011536,259.6850280761719,0.08918383717536926,218.5205841064453
0.9398425221443176,155.1102294921875,0.9611504673957825,141.15789794921875
1.15811026096344,523.8740234375,1.3238426446914673,502.0610046386719
1.1425197124481201,600.9291381835938,0.9831311702728271,537.5811767578125
0.05118110775947571,463.33074951171875,0.40011703968048096,386.07171630859375
0.22267717123031616,331.2362060546875,0.41192275285720825,220.48304748535156
0.3162204623222351,529.3779296875,0.5022903680801392,411.6874694824219
0.8930708765983582,479.842529296875,1.0869414806365967,513.5628051757812
0.3162204623222351,171.62203979492188,0.29907622933387756,134.27978515625
1.4387401342391968,700.0,1.4709842205047607,557.1492919921875
0.47212597727775574,199.14173889160156,0.3077962100505829,226.4117431640625
0.4565354287624359,655.968505859375,0.4001302421092987,549.48974609375
1.828503966331482,133.094482421875,1.5284696817398071,259.78985595703125
0.9398425221443176,562.4015502929688,0.5737817883491516,614.5044555664062
1.0489764213562012,149.60629272460938,1.3868333101272583,97.00028991699219
0.5344882011413574,133.094482421875,0.5722081065177917,116.86091613769531
0.47212597727775574,45.031494140625,0.4820120334625244,37.18244171142578
1.1269291639328003,507.3622131347656,1.621039628982544,327.3291320800781
0.9866141676902771,672.4802856445312,0.8779663443565369,638.0980834960938
0.6436220407485962,298.21258544921875,0.551712691783905,314.4254455566406
0.7839370369911194,309.220458984375,1.2430168390274048,301.60455322265625
1.236063003540039,600.9291381835938,1.5319854021072388,484.70281982421875
1.1113386154174805,628.4487915039062,1.0101423263549805,546.721435546875
0.16031496226787567,380.77166748046875,0.22071333229541779,398.5551452636719
1.8596850633621216,402.78741455078125,1.317305564880371,480.6923828125
0.5344882011413574,441.3149719238281,0.5749076008796692,345.33697509765625
1.017795443534851,193.63780212402344,0.7102765440940857,287.2901611328125
0.2538582682609558,292.7086486816406,0.11119045317173004,314.8505554199219
0.08236220479011536,122.08661651611328,0.07144458591938019,145.7183380126953
1.4075590372085571,402.78741455078125,1.4110709428787231,374.8250732421875
1.2204724550247192,534.8818969726562,1.1346700191497803,498.7596435546875
0.19149605929851532,578.9133911132812,0.32710856199264526,434.75732421875
0.7371653318405151,226.66140747070312,0.6431629657745361,244.05279541015625
1.2516535520553589,23.0157470703125,1.6167649030685425,21.229711532592773
1.5478739738464355,100.07086944580078,0.9175957441329956,156.57737731933594
1.7193701267242432,628.4487915039062,1.6253172159194946,603.2017822265625
1.828503966331482,78.05511474609375,1.4336926937103271,183.44021606445312
0.908661425113678,413.7952880859375,0.4630213677883148,550.481689453125
1.501102328300476,496.3543395996094,1.190067172050476,296.21856689453125
0.7215747833251953,512.8661499023438,0.9257892370223999,482.5711364746094
1.9844094514846802,314.7243957519531,1.7237560749053955,440.6444091796875
1.3451968431472778,89.06298828125,1.084856629371643,127.17897033691406
0.09795275330543518,122.08661651611328,0.19670510292053223,93.2884750366211
0.815118134021759,633.9527587890625,0.5765628218650818,578.2613525390625
0.06677165627479553,160.61416625976562,0.30571886897087097,109.94434356689453
1.7973228693008423,413.7952880859375,1.3420734405517578,482.0729064941406
1.5478739738464355,1.0,1.155153751373291,25.23111343383789
1.2984251976013184,336.7401428222656,0.7160226702690125,483.406005859375
0.752755880355835,270.6929016113281,0.4305395483970642,342.93109130859375
1.9220472574234009,100.07086944580078,1.4640649557113647,93.10247802734375
0.06677165627479553,270.6929016113281,0.3338549733161926,272.18756103515625
0.5968503952026367,529.3779296875,0.43522125482559204,571.1365966796875
0.8774803280830383,441.3149719238281,1.3108187913894653,314.8642578125
0.019999999552965164,452.32281494140625,0.056014541536569595,491.23455810546875
1.1425197124481201,347.7480163574219,1.129858136177063,428.8985290527344
1.017795443534851,397.2834777832031,0.9299969673156738,466.68499755859375
1.4387401342391968,89.06298828125,1.4007422924041748,76.7721176147461
1.9844094514846802,672.4802856445312,0.9976640343666077,748.1130981445312
0.019999999552965164,435.81103515625,-0.2614981532096863,568.3818969726562
0.9554330706596375,177.1259765625,1.1261560916900635,104.60775756835938
1.4075590372085571,358.7558898925781,1.191144585609436,367.8255310058594
1.9532283544540405,617.44091796875,1.2664133310317993,540.6475219726562
1.4543306827545166,611.93701171875,0.9430142641067505,517.570068359375
0.113543301820755,342.24407958984375,0.09798023104667664,414.4230041503906
0.42535433173179626,325.7322692871094,0.451710045337677,362.1487121582031
1.3607873916625977,606.4330444335938,1.3003649711608887,629.2677612304688
1.5478739738464355,419.2992248535156,1.4567965269088745,498.7884521484375
1.6102361679077148,39.527557373046875,1.4701632261276245,51.11300277709961
0.3162204623222351,408.2913513183594,0.29356756806373596,422.00360107421875
1.9844094514846802,105.5748062133789,1.5625196695327759,319.77667236328125
1.0022047758102417,644.9606323242188,0.9743629693984985,714.6663818359375
1.423149585723877,468.8346862792969,1.5346078872680664,481.8523864746094
1.594645619392395,50.53543472290039,1.4407600164413452,63.06795883178711
1.15811026096344,628.4487915039062,1.1650571823120117,558.9136962890625
0.752755880355835,122.08661651611328,0.5811514854431152,198.3734588623047
1.3607873916625977,567.905517578125,1.6826661825180054,424.4007263183594
1.7505512237548828,468.8346862792969,1.6163091659545898,380.3240051269531
0.28503936529159546,391.779541015625,0.22546687722206116,395.6072998046875
0.9554330706596375,391.779541015625,0.7147892117500305,358.8812561035156
0.5656692981719971,1.0,0.5846222043037415,-23.208105087280273
0.6748031377792358,17.511810302734375,0.6268680095672607,35.557193756103516
1.4855117797851562,226.66140747070312,1.1622314453125,399.1121520996094
0.5812598466873169,672.4802856445312,0.42503228783607483,735.1785888671875
1.0489764213562012,182.62994384765625,1.0465068817138672,196.56396484375
0.9398425221443176,23.0157470703125,0.8573763966560364,36.49279022216797
1.6881890296936035,111.07874298095703,1.6726176738739014,96.71954345703125
1.7661417722702026,111.07874298095703,1.6783994436264038,146.69798278808594
0.6748031377792358,243.17323303222656,0.29022693634033203,375.39337158203125
1.1892913579940796,12.00787353515625,1.3846752643585205,-57.077083587646484
1.9376378059387207,589.9212646484375,1.1248210668563843,770.0994873046875
0.22267717123031616,111.07874298095703,0.245805025100708,92.73039245605469
1.9376378059387207,314.7243957519531,1.7893638610839844,390.1688232421875
0.48771652579307556,600.9291381835938,0.9854812622070312,465.9088134765625
1.1892913579940796,408.2913513183594,1.307641863822937,344.44927978515625
0.7059842348098755,254.1811065673828,0.8715207576751709,233.35220336914062
1.5634645223617554,677.9842529296875,1.646889567375183,576.1886596679688
0.8930708765983582,28.519685745239258,1.0453414916992188,23.54786491394043
1.7037795782089233,430.3070983886719,1.322872519493103,610.3746337890625
1.7193701267242432,507.3622131347656,1.3843575716018677,487.8504333496094
1.4699212312698364,254.1811065673828,1.7996329069137573,279.7943115234375
0.40976378321647644,39.527557373046875,0.35703369975090027,37.636199951171875
1.236063003540039,518.3700561523438,1.1652805805206299,542.35986328125
1.4699212312698364,617.44091796875,1.6887915134429932,509.85491943359375
1.3140157461166382,617.44091796875,1.2658960819244385,469.03924560546875
0.7371653318405151,479.842529296875,0.7441022396087646,651.2655029296875
0.7059842348098755,177.1259765625,0.45331504940986633,271.1753234863281
0.28503936529159546,545.8897705078125,0.31476935744285583,423.4284362792969
1.516692876815796,600.9291381835938,1.4524534940719604,610.9600830078125
1.4855117797851562,358.7558898925781,1.7168169021606445,483.41943359375
0.47212597727775574,243.17323303222656,0.33393198251724243,305.9161376953125
1.3451968431472778,677.9842529296875,1.4204561710357666,561.494140625
1.5478739738464355,457.8267517089844,1.4576653242111206,395.9998779296875
0.08236220479011536,611.93701171875,0.17808416485786438,446.1624755859375
0.3162204623222351,177.1259765625,0.2126178741455078,220.69960021972656
1.2672441005706787,83.55905151367188,1.3167939186096191,143.82899475097656
0.8307086825370789,188.13388061523438,0.4548124074935913,412.44329833984375
0.7995275855064392,501.8582763671875,1.040972352027893,520.8175048828125
1.0022047758102417,380.77166748046875,0.6931161284446716,337.5184326171875
1.828503966331482,320.22833251953125,1.8274701833724976,324.8533630371094
1.15811026096344,265.18896484375,0.9723760485649109,300.9219665527344
1.9688189029693604,617.44091796875,1.675870656967163,527.88525390625
1.329606294631958,408.2913513183594,0.9890725612640381,359.8056640625
0.14472442865371704,424.80316162109375,0.48807886242866516,264.9025573730469
1.8596850633621216,617.44091796875,1.7699223756790161,514.8543090820312
0.42535433173179626,430.3070983886719,0.14187531173229218,435.6976623535156
1.1425197124481201,633.9527587890625,1.1003321409225464,644.092041015625
0.5656692981719971,606.4330444335938,0.6747375130653381,488.3487854003906
0.9554330706596375,78.05511474609375,0.7357579469680786,110.83987426757812
0.7839370369911194,694.4960327148438,0.843208372592926,670.8463134765625
0.48771652579307556,320.22833251953125,0.4151765704154968,430.5489196777344
1.2984251976013184,573.409423828125,1.0514397621154785,609.5176391601562
1.1113386154174805,474.3385925292969,0.9551726579666138,562.6271362304688
0.6748031377792358,276.19683837890625,0.575516939163208,332.4828186035156
1.3919684886932373,666.9763793945312,1.2902828454971313,549.838134765625
1.1113386154174805,446.8188781738281,1.480634093284607,402.58758544921875
1.6570079326629639,259.6850280761719,1.7813936471939087,208.1329803466797
0.22267717123031616,402.78741455078125,0.27355387806892395,350.59881591796875
0.7215747833251953,215.65354919433594,0.662706732749939,212.75340270996094
0.7371653318405151,490.85040283203125,0.8852282166481018,586.328857421875
0.659212589263916,545.8897705078125,0.5754338502883911,551.8009033203125
0.8618897795677185,298.21258544921875,0.5382339358329773,383.6497497558594
1.7505512237548828,523.8740234375,1.4745118618011475,502.25494384765625
0.08236220479011536,655.968505859375,-0.0442296527326107,598.7039794921875
0.36299213767051697,617.44091796875,0.3477014899253845,574.6874389648438
1.3607873916625977,584.4172973632812,1.5351394414901733,389.61328125
0.7683464288711548,386.2756042480469,0.9572547674179077,429.9701843261719
1.906456708908081,193.63780212402344,1.6299421787261963,275.43603515625
0.8774803280830383,644.9606323242188,0.7835337519645691,669.017333984375
1.7661417722702026,441.3149719238281,1.5779088735580444,467.8136901855469
0.3785826861858368,144.10235595703125,0.5027645230293274,110.20762634277344
0.05118110775947571,622.9448852539062,0.16216738522052765,608.4645385742188
0.19149605929851532,463.33074951171875,0.43864768743515015,373.96746826171875
0.659212589263916,105.5748062133789,0.4737266004085541,107.64136505126953
1.2984251976013184,496.3543395996094,1.5878708362579346,540.3565063476562
0.7683464288711548,127.5905532836914,0.8487159609794617,110.64704132080078
1.064566969871521,402.78741455078125,1.1036001443862915,404.54095458984375
1.828503966331482,171.62203979492188,1.769439935684204,125.03832244873047
1.8440945148468018,479.842529296875,1.4139893054962158,491.5727844238281
0.5656692981719971,633.9527587890625,0.6166404485702515,554.7005004882812
0.34740158915519714,276.19683837890625,0.30355292558670044,283.6886901855469
0.19149605929851532,325.7322692871094,0.4770366847515106,273.9090576171875
1.0333858728408813,672.4802856445312,1.0887537002563477,573.9754638671875
0.8462992310523987,347.7480163574219,0.9364057183265686,305.17626953125
0.28503936529159546,474.3385925292969,0.3194776177406311,499.85955810546875
1.0489764213562012,639.4566650390625,1.4790865182876587,449.521728515625
0.908661425113678,314.7243957519531,0.7489306926727295,324.8713073730469
0.19149605929851532,127.5905532836914,0.09880070388317108,119.32722473144531
0.05118110775947571,94.56694030761719,0.1603575050830841,71.73277282714844
1.906456708908081,45.031494140625,1.913822889328003,53.48737716674805
1.0333858728408813,28.519685745239258,0.9123117923736572,57.5430908203125
0.4565354287624359,639.4566650390625,0.7056106925010681,517.5574951171875
0.3006299138069153,232.16537475585938,0.25814753770828247,300.606201171875
1.2828346490859985,226.66140747070312,1.0674140453338623,215.99977111816406
0.28503936529159546,688.9921264648438,0.4637340307235718,438.9915771484375
1.9844094514846802,628.4487915039062,1.9308868646621704,590.6858520507812
1.8596850633621216,149.60629272460938,1.8447318077087402,145.37374877929688
1.9220472574234009,56.039371490478516,1.7854042053222656,150.16665649414062
1.516692876815796,215.65354919433594,1.2434080839157104,344.7549133300781
1.8752756118774414,457.8267517089844,1.6701327562332153,479.7466735839844
0.42535433173179626,666.9763793945312,0.620585560798645,511.126220703125
1.8440945148468018,298.21258544921875,1.4145604372024536,536.7883911132812
0.5968503952026367,435.81103515625,0.8809669613838196,331.3115234375
0.1759055107831955,309.220458984375,0.12764590978622437,308.2234802246094
0.5500787496566772,243.17323303222656,0.5219281911849976,272.8501281738281
0.5344882011413574,89.06298828125,0.6194334030151367,94.94090270996094
1.0489764213562012,551.3936767578125,1.3103446960449219,453.45538330078125
0.5344882011413574,413.7952880859375,0.5899481773376465,290.52410888671875
0.5188976526260376,694.4960327148438,0.39392024278640747,689.4004516601562
1.2984251976013184,633.9527587890625,1.1646376848220825,531.969482421875
1.5478739738464355,50.53543472290039,0.8929520845413208,193.28900146484375
1.8596850633621216,292.7086486816406,1.5077135562896729,378.66436767578125
1.4543306827545166,1.0,1.8482290506362915,-49.2857666015625
1.1892913579940796,155.1102294921875,1.0777193307876587,142.95481872558594
0.659212589263916,67.0472412109375,0.42363569140434265,94.23554229736328
1.594645619392395,72.55117797851562,1.482326865196228,59.313560485839844
1.906456708908081,529.3779296875,1.729251742362976,476.2519226074219
0.2538582682609558,50.53543472290039,0.23800595104694366,28.614910125732422
1.4075590372085571,94.56694030761719,1.2121375799179077,147.3818359375
0.8462992310523987,138.59841918945312,0.6308914422988892,152.23110961914062
1.3451968431472778,628.4487915039062,1.2150678634643555,745.4572143554688
1.3607873916625977,661.472412109375,1.5659886598587036,663.70703125
0.5968503952026367,39.527557373046875,0.43270182609558105,43.33943557739258
1.734960675239563,430.3070983886719,1.764914631843567,433.9076232910156
0.40976378321647644,133.094482421875,0.3759814202785492,213.8250732421875
1.5790550708770752,171.62203979492188,1.1589469909667969,230.61050415039062
1.5478739738464355,6.503936767578125,1.3735326528549194,8.532869338989258
0.7059842348098755,56.039371490478516,0.6414961814880371,48.667457580566406
1.3451968431472778,182.62994384765625,1.2442876100540161,150.30538940429688
0.6748031377792358,149.60629272460938,0.4887840449810028,170.58834838867188
0.7371653318405151,127.5905532836914,0.6424779295921326,139.22384643554688
1.2828346490859985,391.779541015625,0.9087735414505005,529.9954833984375
1.1737008094787598,265.18896484375,1.25016188621521,322.9392395019531
1.812913417816162,419.2992248535156,1.6273375749588013,506.93682861328125
0.019999999552965164,6.503936767578125,0.10125686228275299,-15.006023406982422
0.26944881677627563,237.66929626464844,0.038224466145038605,288.6187744140625
0.9866141676902771,177.1259765625,1.1279276609420776,139.6136474609375
1.4075590372085571,534.8818969726562,1.3934155702590942,436.04803466796875
1.6102361679077148,606.4330444335938,1.411001205444336,500.7366943359375
1.3763779401779175,127.5905532836914,1.2641042470932007,112.806884765625
1.6102361679077148,342.24407958984375,0.9526312947273254,580.0460815429688
1.9532283544540405,155.1102294921875,1.9199212789535522,64.82415008544922
1.8440945148468018,265.18896484375,1.5548440217971802,236.28805541992188
1.4855117797851562,496.3543395996094,1.4813967943191528,572.61767578125
1.594645619392395,353.251953125,1.424641728401184,540.8931274414062
1.812913417816162,507.3622131347656,1.6988621950149536,491.575439453125
0.5188976526260376,265.18896484375,0.5547906756401062,246.01490783691406
1.2984251976013184,397.2834777832031,0.8333161473274231,467.7413024902344
1.5322834253311157,155.1102294921875,1.462548017501831,96.30523681640625
1.9844094514846802,34.02362060546875,1.8516453504562378,-8.397015571594238
1.2516535520553589,540.3858032226562,1.4451934099197388,389.5726623535156
1.7817323207855225,446.8188781738281,1.7236751317977905,329.4156188964844
1.15811026096344,534.8818969726562,1.174745798110962,508.2110290527344
0.26944881677627563,182.62994384765625,0.32494625449180603,145.77682495117188
1.3451968431472778,683.4881591796875,1.5163518190383911,416.21380615234375
0.5968503952026367,28.519685745239258,0.6970721483230591,26.54875946044922
0.5188976526260376,116.58268737792969,0.43011674284935,115.96720886230469
1.0957480669021606,534.8818969726562,0.7185018062591553,639.89111328125
0.34740158915519714,215.65354919433594,0.43444812297821045,158.39707946777344
1.017795443534851,17.511810302734375,1.0468827486038208,13.414728164672852
1.828503966331482,336.7401428222656,1.1346018314361572,463.9944763183594
0.9242519736289978,226.66140747070312,1.267319917678833,119.18101501464844
1.9844094514846802,116.58268737792969,1.368422031402588,211.56349182128906
1.0333858728408813,622.9448852539062,1.0681283473968506,606.454833984375
1.8752756118774414,556.8976440429688,1.6025307178497314,507.540283203125
1.3140157461166382,149.60629272460938,1.3029998540878296,199.58822631835938
1.8596850633621216,160.61416625976562,1.5827876329421997,334.4500732421875
0.20708660781383514,661.472412109375,0.3524502217769623,497.2457275390625
0.3785826861858368,628.4487915039062,0.610425591468811,451.1651306152344
1.236063003540039,188.13388061523438,1.3254228830337524,108.15690612792969
1.0489764213562012,72.55117797851562,0.7374166250228882,93.18574523925781
1.5478739738464355,644.9606323242188,1.43211030960083,635.3054809570312
0.08236220479011536,358.7558898925781,0.09987321496009827,359.110595703125
1.7817323207855225,342.24407958984375,1.6556675434112549,389.8410949707031
1.0801575183868408,232.16537475585938,0.8905912637710571,341.4783935546875
0.6124409437179565,353.251953125,0.957638680934906,191.24513244628906
0.4565354287624359,166.11810302734375,0.38109585642814636,145.31619262695312
1.5790550708770752,72.55117797851562,1.0567017793655396,116.74113464355469
1.0489764213562012,61.54330825805664,0.727111279964447,94.16553497314453
1.3451968431472778,232.16537475585938,1.5293831825256348,179.31356811523438
1.9532283544540405,688.9921264648438,2.0409176349639893,587.6949462890625
1.5322834253311157,391.779541015625,1.363481044769287,395.2688293457031
1.2828346490859985,633.9527587890625,1.5090022087097168,357.0727233886719
0.752755880355835,655.968505859375,1.049797773361206,572.595947265625
1.15811026096344,419.2992248535156,0.8958495855331421,481.17132568359375
0.4409448802471161,452.32281494140625,0.6502782106399536,349.27978515625
1.2672441005706787,320.22833251953125,1.2766972780227661,330.8807678222656
0.8618897795677185,94.56694030761719,0.8399965167045593,112.86293029785156
0.33181101083755493,650.4645385742188,0.4448229670524597,592.7552490234375
0.5968503952026367,424.80316162109375,0.864966630935669,546.6301879882812
0.09795275330543518,402.78741455078125,0.1750534325838089,406.0801696777344
0.7371653318405151,342.24407958984375,0.6727501749992371,421.74896240234375
1.8440945148468018,149.60629272460938,1.4191769361495972,311.0316467285156
1.4075590372085571,39.527557373046875,1.740747094154358,-14.043611526489258
1.1737008094787598,100.07086944580078,1.0274580717086792,151.57801818847656
1.1269291639328003,232.16537475585938,0.9855101108551025,232.7181854248047
0.03559055179357529,89.06298828125,0.06345914304256439,67.41736602783203
1.516692876815796,78.05511474609375,1.2250486612319946,102.73776245117188
0.28503936529159546,204.6456756591797,0.3520108759403229,166.35400390625
1.5322834253311157,331.2362060546875,1.4736827611923218,369.7012023925781
1.5790550708770752,556.8976440429688,1.6313364505767822,468.50531005859375
0.06677165627479553,644.9606323242188,0.11674132943153381,706.9268188476562
1.0333858728408813,424.80316162109375,0.6857677102088928,567.2625732421875
0.9554330706596375,402.78741455078125,1.0295205116271973,447.2522888183594
0.48771652579307556,193.63780212402344,0.41487279534339905,216.26686096191406
0.9242519736289978,534.8818969726562,0.9021987915039062,554.2843017578125
0.5812598466873169,463.33074951171875,0.5837367177009583,335.9898376464844
1.9376378059387207,633.9527587890625,1.2507624626159668,509.7076416015625
0.48771652579307556,105.5748062133789,0.49120935797691345,104.0977783203125
0.2538582682609558,182.62994384765625,0.315558522939682,165.8126220703125
1.4387401342391968,402.78741455078125,1.3062453269958496,517.247314453125
1.0957480669021606,325.7322692871094,1.031013011932373,375.98797607421875
1.9844094514846802,540.3858032226562,1.896279215812683,530.8644409179688
1.4543306827545166,199.14173889160156,1.1740317344665527,311.1820068359375
0.7839370369911194,94.56694030761719,0.7718856334686279,106.74158477783203
0.48771652579307556,149.60629272460938,0.5009980201721191,146.69090270996094
1.2984251976013184,353.251953125,0.9856472015380859,534.1136474609375
1.4699212312698364,45.031494140625,1.4171558618545532,38.40971374511719
1.3919684886932373,160.61416625976562,1.0541211366653442,183.88449096679688
1.8908661603927612,694.4960327148438,1.5479307174682617,660.3201904296875
0.9710236191749573,155.1102294921875,0.5364012718200684,308.4320373535156
1.6258267164230347,413.7952880859375,1.5310242176055908,336.6353759765625
1.4075590372085571,133.094482421875,1.3104091882705688,200.31185913085938
0.12913386523723602,177.1259765625,0.24596312642097473,131.29226684570312
1.6725984811782837,534.8818969726562,1.565308928489685,479.5972595214844
1.501102328300476,430.3070983886719,1.2724043130874634,433.1801452636719
1.7973228693008423,259.6850280761719,1.515639066696167,310.81182861328125
0.4565354287624359,17.511810302734375,0.3645671606063843,28.025009155273438
1.0801575183868408,474.3385925292969,1.5305384397506714,354.0823669433594
0.42535433173179626,127.5905532836914,0.43343180418014526,100.41038513183594
1.4075590372085571,650.4645385742188,1.611807942390442,615.6428833007812
1.3763779401779175,254.1811065673828,1.3674436807632446,301.32843017578125
0.3941732347011566,276.19683837890625,0.635199785232544,266.60809326171875
1.734960675239563,397.2834777832031,1.4122374057769775,383.7265625
0.05118110775947571,67.0472412109375,-0.018050260841846466,72.77757263183594
0.9710236191749573,127.5905532836914,1.2459827661514282,99.74370574951172
1.6414172649383545,83.55905151367188,1.2267097234725952,142.79971313476562
0.7683464288711548,419.2992248535156,0.9040786623954773,580.0482177734375
0.5968503952026367,309.220458984375,0.18022291362285614,398.1229248046875
1.7037795782089233,6.503936767578125,1.6462864875793457,7.5325846672058105
1.7817323207855225,523.8740234375,1.8445247411727905,476.30316162109375
0.22267717123031616,463.33074951171875,0.3309221863746643,467.087890625
0.3785826861858368,127.5905532836914,0.24766604602336884,151.29397583007812
0.48771652579307556,144.10235595703125,0.23329441249370575,226.3009796142578
0.06677165627479553,633.9527587890625,0.32995152473449707,420.72564697265625
1.812913417816162,545.8897705078125,1.586418867111206,524.0435791015625
0.4565354287624359,144.10235595703125,0.2859586477279663,213.1873321533203
1.8440945148468018,309.220458984375,1.7253522872924805,338.54754638671875
1.9220472574234009,617.44091796875,1.3199896812438965,567.1853637695312
1.017795443534851,155.1102294921875,1.077687382698059,139.95623779296875
1.828503966331482,144.10235595703125,1.5906389951705933,222.04934692382812
0.2538582682609558,364.2598876953125,0.20982226729393005,471.9258117675781
0.7059842348098755,358.7558898925781,0.8355681300163269,327.6620788574219
1.812913417816162,248.6771697998047,1.2852470874786377,380.7815856933594
1.423149585723877,584.4172973632812,1.0497504472732544,693.4622802734375
0.113543301820755,512.8661499023438,-0.05960193648934364,615.806884765625
0.5188976526260376,155.1102294921875,0.4543362855911255,198.49343872070312
0.7683464288711548,551.3936767578125,0.6087045073509216,625.9256591796875
1.1892913579940796,672.4802856445312,1.0829894542694092,637.6531372070312
1.7193701267242432,364.2598876953125,1.0775524377822876,415.7220764160156
0.3162204623222351,182.62994384765625,0.38831156492233276,126.32022857666016
1.6102361679077148,617.44091796875,1.42954421043396,651.1908569335938
1.734960675239563,17.511810302734375,1.5794037580490112,-3.1833505630493164
1.9688189029693604,347.7480163574219,1.5855284929275513,401.0828857421875
0.8618897795677185,485.3464660644531,0.9116985201835632,637.3381958007812
0.09795275330543518,633.9527587890625,-0.016881100833415985,672.4576416015625
0.7683464288711548,600.9291381835938,1.0886280536651611,519.1032104492188
0.7371653318405151,628.4487915039062,0.4333873689174652,582.7589721679688
0.6436220407485962,144.10235595703125,0.7725636959075928,136.52882385253906
0.7839370369911194,408.2913513183594,0.7300674319267273,490.5995178222656
0.4409448802471161,56.039371490478516,0.4176561236381531,60.04399108886719
0.7995275855064392,463.33074951171875,0.9872614741325378,363.4477844238281
0.5188976526260376,100.07086944580078,0.30552196502685547,142.4853973388672
1.5322834253311157,39.527557373046875,1.3284295797348022,43.321285247802734
1.2516535520553589,501.8582763671875,0.8163139224052429,730.9943237304688
1.2204724550247192,683.4881591796875,1.2431060075759888,624.4680786132812
1.2516535520553589,386.2756042480469,1.7218750715255737,387.93310546875
1.7505512237548828,529.3779296875,1.1825895309448242,654.361083984375
1.516692876815796,221.15748596191406,1.2013651132583618,226.71743774414062
1.828503966331482,221.15748596191406,1.4780625104904175,276.5652160644531
1.2984251976013184,56.039371490478516,1.1307506561279297,96.13508605957031
0.5812598466873169,270.6929016113281,0.4350639283657074,364.2341003417969
1.0489764213562012,474.3385925292969,1.3263218402862549,538.9303588867188
1.6258267164230347,61.54330825805664,1.3984930515289307,183.28538513183594
1.5322834253311157,89.06298828125,1.3047220706939697,53.94821548461914
0.908661425113678,666.9763793945312,1.2747496366500854,634.5681762695312
0.2538582682609558,193.63780212402344,-0.06284452974796295,333.139404296875
0.752755880355835,672.4802856445312,0.7925609350204468,594.2322998046875
1.2828346490859985,155.1102294921875,0.8165859580039978,244.01649475097656
0.7683464288711548,490.85040283203125,0.9003661274909973,558.2327880859375
1.2984251976013184,105.5748062133789,1.0213344097137451,187.2484130859375
0.05118110775947571,523.8740234375,0.1912594884634018,374.6634521484375
0.9710236191749573,446.8188781738281,1.246574878692627,430.8525390625
1.7193701267242432,243.17323303222656,1.6074720621109009,245.56927490234375
0.9242519736289978,375.26776123046875,0.8147551417350769,498.28521728515625
0.113543301820755,578.9133911132812,0.11506155133247375,657.9290771484375
0.7839370369911194,452.32281494140625,1.267080307006836,281.8361511230469
0.7683464288711548,606.4330444335938,0.6844371557235718,596.2377319335938
1.2048819065093994,375.26776123046875,0.9890053868293762,469.02044677734375
1.3451968431472778,584.4172973632812,1.293044090270996,527.61181640625
1.6102361679077148,138.59841918945312,1.547819972038269,109.26914978027344
1.8596850633621216,677.9842529296875,1.4797751903533936,586.4178466796875
0.6748031377792358,413.7952880859375,0.8201849460601807,428.9965515136719
1.516692876815796,556.8976440429688,1.306843876838684,553.8976440429688
0.815118134021759,611.93701171875,1.0828455686569214,456.7890319824219
0.815118134021759,402.78741455078125,0.6905823349952698,645.7600708007812
0.6124409437179565,303.7165222167969,0.970253586769104,232.1608123779297
1.3140157461166382,589.9212646484375,1.181223750114441,656.4155883789062
0.3785826861858368,56.039371490478516,0.25247418880462646,68.07664489746094
1.6725984811782837,166.11810302734375,1.521976351737976,229.77197265625
0.6436220407485962,342.24407958984375,0.853736162185669,279.9960632324219
1.2984251976013184,700.0,1.1271218061447144,548.8277587890625
0.7995275855064392,45.031494140625,0.7714737057685852,29.7724552154541
1.0489764213562012,375.26776123046875,0.9556323885917664,422.76788330078125
0.26944881677627563,430.3070983886719,0.2806028127670288,434.0470275878906
1.516692876815796,89.06298828125,1.203588604927063,127.55078887939453
1.329606294631958,380.77166748046875,1.282278060913086,361.04669189453125
1.906456708908081,34.02362060546875,1.584856390953064,104.8346176147461
1.812913417816162,644.9606323242188,1.7867188453674316,653.0284423828125
0.5812598466873169,408.2913513183594,0.6965777277946472,340.20489501953125
1.2204724550247192,6.503936767578125,1.282421588897705,5.425802230834961
0.7839370369911194,281.7007751464844,0.8565574884414673,354.7054138183594
0.7683464288711548,391.779541015625,0.808579683303833,474.0994567871094
0.26944881677627563,485.3464660644531,0.09860633313655853,542.3515014648438
0.4409448802471161,595.4251708984375,0.5165308117866516,479.8516540527344
0.7995275855064392,314.7243957519531,0.509017825126648,418.9636535644531
0.08236220479011536,490.85040283203125,0.25752905011177063,523.2220458984375
0.815118134021759,265.18896484375,1.2728511095046997,127.54988098144531
0.659212589263916,386.2756042480469,0.7452235817909241,405.0485534667969
1.9532283544540405,1.0,1.5456364154815674,-19.61865997314453
1.1737008094787598,413.7952880859375,1.4521909952163696,360.6815185546875
1.3763779401779175,369.7638244628906,1.132287621498108,424.2911376953125
0.908661425113678,61.54330825805664,1.026838779449463,58.481468200683594
1.516692876815796,61.54330825805664,1.224483609199524,61.85529708862305
1.6725984811782837,23.0157470703125,1.6884950399398804,27.737817764282227
0.19149605929851532,78.05511474609375,0.013081503100693226,103.81159210205078
1.906456708908081,386.2756042480469,1.311564326286316,504.1136169433594
1.6258267164230347,468.8346862792969,1.4659957885742188,465.07476806640625
0.22267717123031616,479.842529296875,0.22107967734336853,403.97186279296875
1.2204724550247192,485.3464660644531,1.0037084817886353,521.0953979492188
1.6881890296936035,226.66140747070312,1.430193543434143,283.2713317871094
1.1892913579940796,479.842529296875,1.370375394821167,433.0062255859375
1.4855117797851562,12.00787353515625,1.3845115900039673,11.148005485534668
1.3763779401779175,441.3149719238281,1.2747656106948853,469.1413879394531
0.8462992310523987,166.11810302734375,0.5949383974075317,223.5215301513672
0.5500787496566772,325.7322692871094,0.610069751739502,293.83770751953125
0.5188976526260376,204.6456756591797,0.4177614748477936,230.53939819335938
1.7661417722702026,342.24407958984375,1.3887157440185547,376.33001708984375
1.4075590372085571,391.779541015625,1.6712112426757812,456.3649597167969
1.1892913579940796,534.8818969726562,1.1657252311706543,433.89398193359375
1.4387401342391968,446.8188781738281,1.0386282205581665,602.0943603515625
0.12913386523723602,672.4802856445312,0.3264450132846832,504.2352600097656
1.9532283544540405,199.14173889160156,1.360079288482666,350.16436767578125
1.0022047758102417,204.6456756591797,1.1314973831176758,213.42543029785156
1.8440945148468018,171.62203979492188,1.371354103088379,359.5252990722656
0.5344882011413574,683.4881591796875,0.43688467144966125,609.81494140625
1.4699212312698364,215.65354919433594,1.0898346900939941,294.05462646484375
1.7193701267242432,441.3149719238281,1.4548652172088623,504.22186279296875
1.3140157461166382,468.8346862792969,1.1913856267929077,583.96630859375
1.8908661603927612,270.6929016113281,1.3157563209533691,401.3361511230469
0.12913386523723602,457.8267517089844,0.23654070496559143,347.624755859375
0.20708660781383514,303.7165222167969,0.3860142230987549,234.8968963623047
0.9866141676902771,248.6771697998047,0.8421701192855835,337.07623291015625
1.1892913579940796,628.4487915039062,1.4973150491714478,614.8121948242188
1.5634645223617554,248.6771697998047,1.580452799797058,193.89901733398438
1.236063003540039,314.7243957519531,1.265687346458435,381.73443603515625
0.4409448802471161,292.7086486816406,0.08629770576953888,436.861328125
1.4855117797851562,221.15748596191406,1.6165995597839355,174.5015106201172
0.5500787496566772,72.55117797851562,0.20229020714759827,133.7930450439453
1.516692876815796,325.7322692871094,1.3412096500396729,485.56549072265625
1.1113386154174805,677.9842529296875,1.4216279983520508,431.1148986816406
1.3607873916625977,683.4881591796875,1.3827896118164062,624.1124877929688
0.5812598466873169,17.511810302734375,0.6127946972846985,-7.12255859375
1.064566969871521,589.9212646484375,1.1497045755386353,517.2212524414062
1.8908661603927612,347.7480163574219,1.1977384090423584,386.0467529296875
1.3763779401779175,424.80316162109375,1.1492717266082764,450.1094970703125
0.20708660781383514,45.031494140625,0.17767322063446045,33.07581329345703
2.0,39.527557373046875,1.9049041271209717,50.74755096435547
1.2672441005706787,551.3936767578125,1.8725494146347046,379.6123962402344
1.8752756118774414,281.7007751464844,1.7156546115875244,323.5010070800781
1.7817323207855225,248.6771697998047,1.6840786933898926,291.0457763671875
0.1759055107831955,639.4566650390625,0.2662964165210724,621.3978271484375
0.09795275330543518,584.4172973632812,0.04838266968727112,483.36505126953125
0.5344882011413574,474.3385925292969,0.6638150811195374,511.8635559082031
0.5968503952026367,259.6850280761719,0.8057973980903625,238.41908264160156
0.20708660781383514,446.8188781738281,0.45415306091308594,344.5169677734375
2.0,463.33074951171875,1.395836591720581,630.6045532226562
0.06677165627479553,512.8661499023438,0.3198903203010559,480.1348876953125
1.4387401342391968,23.0157470703125,1.517397403717041,9.975841522216797
1.423149585723877,61.54330825805664,1.668524980545044,81.62579345703125
0.3941732347011566,78.05511474609375,0.5091992616653442,22.663087844848633
0.2538582682609558,221.15748596191406,0.3457581400871277,206.7097625732422
1.7505512237548828,655.968505859375,1.7187440395355225,773.4083251953125
0.4565354287624359,34.02362060546875,0.39520734548568726,-3.5158743858337402
1.6881890296936035,606.4330444335938,1.680951476097107,534.305908203125
0.34740158915519714,523.8740234375,0.48437583446502686,409.6087646484375
0.5033071041107178,309.220458984375,0.470516562461853,456.87774658203125
0.2538582682609558,688.9921264648438,0.1056375503540039,617.5599975585938
1.1892913579940796,413.7952880859375,0.8105987310409546,394.8544921875
1.2048819065093994,397.2834777832031,1.213039517402649,524.3775024414062
0.113543301820755,606.4330444335938,0.036566801369190216,445.5635681152344
0.48771652579307556,45.031494140625,0.43053948879241943,68.52061462402344
0.7215747833251953,182.62994384765625,0.6074810028076172,254.33480834960938
1.329606294631958,127.5905532836914,1.3182646036148071,150.6742401123047
0.3006299138069153,402.78741455078125,0.5297048091888428,324.33203125
0.14472442865371704,584.4172973632812,0.21232105791568756,656.9878540039062
0.9866141676902771,292.7086486816406,0.8948023915290833,309.0182800292969
0.7215747833251953,452.32281494140625,0.5407732129096985,410.9273681640625
1.0801575183868408,485.3464660644531,1.3247777223587036,467.3406982421875
0.6124409437179565,677.9842529296875,0.8980132937431335,517.3966674804688
1.812913417816162,688.9921264648438,1.287105679512024,543.3110961914062
0.08236220479011536,391.779541015625,0.20907852053642273,322.8426208496094
1.594645619392395,617.44091796875,1.3448909521102905,505.0703430175781
1.2828346490859985,298.21258544921875,1.255339503288269,353.33245849609375
1.9376378059387207,133.094482421875,1.8327195644378662,106.56861877441406
0.815118134021759,336.7401428222656,0.9044645428657532,396.22998046875
1.4387401342391968,353.251953125,1.3087025880813599,358.2942810058594
0.42535433173179626,105.5748062133789,0.3182993233203888,132.8074951171875
1.3919684886932373,320.22833251953125,1.475582242012024,269.1375732421875
1.017795443534851,61.54330825805664,0.8602299690246582,70.10501861572266
0.09795275330543518,281.7007751464844,0.23412373661994934,264.2915954589844
1.0957480669021606,28.519685745239258,1.0345672369003296,19.961179733276367
0.3006299138069153,617.44091796875,0.37125927209854126,486.0198059082031
0.5033071041107178,661.472412109375,0.9144965410232544,632.4392700195312
1.15811026096344,551.3936767578125,1.4939314126968384,516.6968994140625
1.6414172649383545,259.6850280761719,1.1356513500213623,528.4276733398438
0.48771652579307556,122.08661651611328,0.22764213383197784,173.3985137939453
0.019999999552965164,111.07874298095703,0.08132923394441605,117.6955795288086
1.9688189029693604,138.59841918945312,1.5061999559402466,94.31430053710938
0.7683464288711548,193.63780212402344,0.6468454003334045,194.53126525878906
1.2204724550247192,160.61416625976562,1.0457628965377808,181.51547241210938
0.5188976526260376,138.59841918945312,0.5622453689575195,156.31048583984375
0.08236220479011536,639.4566650390625,-0.052538517862558365,622.6240234375
1.7505512237548828,292.7086486816406,1.4577165842056274,312.87945556640625
1.5634645223617554,358.7558898925781,1.829302430152893,375.3420715332031
1.3140157461166382,83.55905151367188,1.2533174753189087,94.50822448730469
1.6414172649383545,435.81103515625,1.466368556022644,601.1963500976562
0.752755880355835,6.503936767578125,0.7550088167190552,-8.876660346984863
1.8440945148468018,457.8267517089844,1.6936484575271606,528.1342163085938
0.5344882011413574,127.5905532836914,0.5372999310493469,130.5586395263672
0.5500787496566772,556.8976440429688,0.7040874361991882,490.3542785644531
0.7059842348098755,303.7165222167969,0.7267414331436157,415.7232666015625
1.3140157461166382,215.65354919433594,1.526672124862671,201.43380737304688
1.9376378059387207,380.77166748046875,1.711617350578308,396.237548828125
0.09795275330543518,116.58268737792969,0.0761849582195282,132.47500610351562
2.0,457.8267517089844,1.5240235328674316,604.8038330078125
1.2048819065093994,232.16537475585938,1.0372117757797241,231.4712371826172
1.5634645223617554,430.3070983886719,1.4504979848861694,461.44818115234375
1.9688189029693604,578.9133911132812,1.5608347654342651,613.8944702148438
1.4075590372085571,545.8897705078125,1.3573410511016846,533.3623046875
0.26944881677627563,424.80316162109375,0.4037541151046753,475.8525085449219
0.7371653318405151,666.9763793945312,0.7066470384597778,621.6810302734375
1.0489764213562012,655.968505859375,1.5060936212539673,438.8748474121094
1.9844094514846802,666.9763793945312,1.3403615951538086,650.6014404296875
1.2204724550247192,248.6771697998047,1.5663459300994873,162.26193237304688
0.14472442865371704,380.77166748046875,0.1476859599351883,444.53363037109375
1.734960675239563,292.7086486816406,1.5848866701126099,368.02093505859375
1.1737008094787598,677.9842529296875,1.4626392126083374,560.7288208007812
0.3941732347011566,320.22833251953125,0.2401001900434494,433.765380859375
0.908661425113678,111.07874298095703,0.9060298204421997,199.32286071777344
1.594645619392395,397.2834777832031,1.188960313796997,550.4082641601562
0.47212597727775574,116.58268737792969,0.5368094444274902,74.53421020507812
1.1269291639328003,622.9448852539062,1.2476705312728882,541.4721069335938
1.8440945148468018,606.4330444335938,1.28258216381073,684.2012939453125
0.8307086825370789,446.8188781738281,1.1476185321807861,395.55877685546875
1.3919684886932373,655.968505859375,1.6149786710739136,514.9060668945312
0.26944881677627563,193.63780212402344,0.3674178719520569,147.48582458496094
0.6124409437179565,556.8976440429688,0.9078004360198975,565.653076171875
1.516692876815796,111.07874298095703,1.430220603942871,48.6861572265625
1.9688189029693604,17.511810302734375,1.6043806076049805,2.4875001907348633
1.0333858728408813,523.8740234375,1.2692142724990845,436.2943115234375
0.9866141676902771,254.1811065673828,1.2250479459762573,250.27774047851562
1.0022047758102417,133.094482421875,1.3100531101226807,26.211442947387695
0.5656692981719971,474.3385925292969,0.8992425799369812,438.90667724609375
0.4565354287624359,342.24407958984375,0.26906371116638184,451.5189208984375
0.5188976526260376,534.8818969726562,0.2938554286956787,621.2394409179688
1.4699212312698364,512.8661499023438,1.5502476692199707,423.369140625
0.6124409437179565,518.3700561523438,0.2929171323776245,559.3117065429688
0.113543301820755,507.3622131347656,0.2301274687051773,526.7047119140625
1.9220472574234009,545.8897705078125,1.7917888164520264,711.2520751953125
0.659212589263916,369.7638244628906,0.886405885219574,371.8192138671875
0.752755880355835,342.24407958984375,0.7371971011161804,344.3297424316406
0.6280314922332764,562.4015502929688,0.6671013832092285,436.0303955078125
0.3785826861858368,700.0,0.5399503111839294,555.270263671875
1.423149585723877,144.10235595703125,1.3531221151351929,162.56838989257812
0.7371653318405151,518.3700561523438,0.4578239619731903,617.5470581054688
1.6414172649383545,700.0,1.4249929189682007,666.9679565429688
0.40976378321647644,287.2047119140625,0.34881117939949036,315.3316650390625
1.4855117797851562,309.220458984375,1.623734712600708,308.45440673828125
0.3785826861858368,160.61416625976562,0.3605419993400574,151.21002197265625
1.7973228693008423,138.59841918945312,1.6781585216522217,137.84567260742188
1.2984251976013184,303.7165222167969,1.123815655708313,475.0603942871094
0.2538582682609558,463.33074951171875,0.5441670417785645,400.83392333984375
1.0957480669021606,540.3858032226562,1.0707170963287354,505.1127014160156
1.734960675239563,386.2756042480469,1.1750065088272095,457.24530029296875
1.2672441005706787,17.511810302734375,1.4930986166000366,-31.626544952392578
0.8774803280830383,606.4330444335938,1.32091224193573,541.6777954101562
0.06677165627479553,606.4330444335938,0.0090705044567585,588.9182739257812
1.2984251976013184,100.07086944580078,1.0838137865066528,144.98626708984375
1.812913417816162,127.5905532836914,1.23466157913208,231.68838500976562
0.7683464288711548,567.905517578125,0.8569671511650085,578.6028442382812
1.2204724550247192,149.60629272460938,1.2490530014038086,146.9573211669922
0.33181101083755493,94.56694030761719,0.3473222851753235,83.20044708251953
0.8774803280830383,336.7401428222656,0.5178222060203552,463.1341247558594
0.113543301820755,523.8740234375,0.12303456664085388,534.232666015625
2.0,578.9133911132812,1.702761173248291,499.9961242675781
0.05118110775947571,633.9527587890625,0.32305708527565,397.0091552734375
1.9844094514846802,254.1811065673828,1.7794601917266846,199.27684020996094
0.6748031377792358,419.2992248535156,0.569961667060852,503.81170654296875
1.501102328300476,353.251953125,1.5513277053833008,367.7846984863281
0.659212589263916,292.7086486816406,0.6995023488998413,324.83868408203125
0.12913386523723602,237.66929626464844,0.3426709473133087,167.78921508789062
0.06677165627479553,391.779541015625,0.03408607840538025,462.9792175292969
0.36299213767051697,512.8661499023438,0.38691458106040955,408.9684143066406
0.36299213767051697,435.81103515625,0.49740710854530334,462.75775146484375
0.05118110775947571,347.7480163574219,0.08114932477474213,349.77532958984375
1.5634645223617554,149.60629272460938,1.5797353982925415,147.531005859375
0.5344882011413574,342.24407958984375,0.3172284662723541,464.2752990722656
0.20708660781383514,694.4960327148438,0.1417606621980667,617.6780395507812
1.9688189029693604,314.7243957519531,1.5821231603622437,422.923583984375
1.5790550708770752,402.78741455078125,1.5277535915374756,285.95501708984375
1.734960675239563,210.1496124267578,1.5043838024139404,295.4557189941406
0.7995275855064392,1.0,0.7780934572219849,-19.849578857421875
0.8618897795677185,50.53543472290039,0.6666596531867981,71.52135467529297
1.329606294631958,672.4802856445312,1.5932260751724243,556.4590454101562
0.09795275330543518,369.7638244628906,0.05657275766134262,381.42559814453125
1.1425197124481201,133.094482421875,0.9970160722732544,111.3221206665039
1.8908661603927612,292.7086486816406,1.6829992532730103,408.9563903808594
1.2204724550247192,331.2362060546875,1.0630838871002197,408.11041259765625
1.7817323207855225,435.81103515625,1.6519547700881958,535.3116455078125
1.4387401342391968,661.472412109375,1.5907002687454224,531.990478515625
0.7995275855064392,408.2913513183594,0.6516017317771912,450.4377136230469
0.36299213767051697,171.62203979492188,0.5177335739135742,119.70806884765625
1.064566969871521,534.8818969726562,1.2045906782150269,466.2523498535156
1.3919684886932373,688.9921264648438,1.3979092836380005,568.4467163085938
0.5656692981719971,419.2992248535156,0.7994952201843262,304.7480773925781
1.1737008094787598,512.8661499023438,1.206955075263977,561.0428466796875
1.0333858728408813,298.21258544921875,1.4477238655090332,259.14349365234375
0.7059842348098755,259.6850280761719,0.793777346611023,255.56109619140625
0.3941732347011566,474.3385925292969,0.27145835757255554,555.720703125
0.7839370369911194,144.10235595703125,0.49389156699180603,203.10231018066406
1.7973228693008423,314.7243957519531,1.4302054643630981,277.4577331542969
0.7371653318405151,391.779541015625,0.6492865085601807,452.3482971191406
0.659212589263916,265.18896484375,0.5352948904037476,246.94174194335938
1.017795443534851,23.0157470703125,1.1104837656021118,35.613956451416016
1.7661417722702026,633.9527587890625,1.8692033290863037,470.42083740234375
1.064566969871521,314.7243957519531,1.2712754011154175,540.0592041015625
0.6436220407485962,578.9133911132812,0.8522800803184509,514.4517211914062
1.828503966331482,259.6850280761719,1.2275843620300293,404.2649841308594
1.4387401342391968,331.2362060546875,1.6250776052474976,409.6385803222656
1.1269291639328003,694.4960327148438,1.4907790422439575,526.193359375
0.5188976526260376,529.3779296875,0.1931987702846527,600.86572265625
0.20708660781383514,50.53543472290039,0.17604410648345947,54.475364685058594
0.4565354287624359,138.59841918945312,0.2958173155784607,159.50857543945312
2.0,512.8661499023438,1.8691672086715698,457.96380615234375
1.516692876815796,562.4015502929688,1.349246621131897,636.1458129882812
0.19149605929851532,171.62203979492188,0.11371463537216187,167.80035400390625
0.7683464288711548,78.05511474609375,0.8105599284172058,84.14659118652344
0.6124409437179565,237.66929626464844,0.46279484033584595,287.02874755859375
0.6903936862945557,105.5748062133789,0.7760147452354431,133.15838623046875
1.2204724550247192,28.519685745239258,1.164089322090149,-1.7003328800201416
0.6903936862945557,133.094482421875,0.7212530374526978,161.339599609375
1.4699212312698364,83.55905151367188,1.4000128507614136,88.5698471069336
0.5968503952026367,672.4802856445312,0.7950761914253235,687.1893920898438
1.3451968431472778,457.8267517089844,1.4629380702972412,441.6041564941406
1.594645619392395,182.62994384765625,1.5255619287490845,352.7967834472656
1.8908661603927612,617.44091796875,1.7396774291992188,620.5691528320312
0.019999999552965164,446.8188781738281,0.3910297751426697,365.88751220703125
0.238267719745636,551.3936767578125,0.2695879340171814,472.3069152832031
1.9844094514846802,281.7007751464844,1.4200713634490967,397.1647033691406
0.12913386523723602,155.1102294921875,0.2641277611255646,116.09172821044922
1.017795443534851,254.1811065673828,0.7286937236785889,401.70404052734375
1.501102328300476,380.77166748046875,1.8057712316513062,346.37664794921875
0.06677165627479553,254.1811065673828,0.25601840019226074,201.71449279785156
0.815118134021759,430.3070983886719,0.9264499545097351,372.0571594238281
1.3763779401779175,314.7243957519531,1.084531307220459,529.8800048828125
1.2048819065093994,512.8661499023438,1.309926152229309,574.9623413085938
1.0489764213562012,292.7086486816406,0.9416049122810364,386.612548828125
1.3140157461166382,688.9921264648438,1.7337069511413574,521.4293823242188
1.828503966331482,210.1496124267578,1.3442885875701904,320.01239013671875
0.14472442865371704,430.3070983886719,0.2680484652519226,440.90179443359375
1.906456708908081,331.2362060546875,1.9279965162277222,393.032958984375
1.5790550708770752,133.094482421875,1.1903918981552124,283.098876953125
0.28503936529159546,182.62994384765625,0.2001575082540512,160.22389221191406
1.6258267164230347,23.0157470703125,1.838347315788269,-59.082672119140625
1.2984251976013184,28.519685745239258,1.218921184539795,28.281307220458984
1.4699212312698364,56.039371490478516,1.2863913774490356,72.17723083496094
1.6102361679077148,50.53543472290039,1.4655667543411255,54.45869445800781
0.9242519736289978,199.14173889160156,0.7974734306335449,240.7815704345703
1.3451968431472778,122.08661651611328,1.2763254642486572,123.86866760253906
0.6124409437179565,424.80316162109375,0.8945810794830322,374.0964050292969
1.812913417816162,160.61416625976562,1.6080430746078491,254.79229736328125
0.34740158915519714,375.26776123046875,0.20677201449871063,456.1957092285156
0.238267719745636,83.55905151367188,0.09049887955188751,63.559417724609375
0.7371653318405151,12.00787353515625,0.6462820768356323,19.054107666015625
1.3451968431472778,94.56694030761719,1.3530741930007935,120.99974060058594
0.019999999552965164,72.55117797851562,0.022485829889774323,74.8365478515625
0.5500787496566772,402.78741455078125,0.7868241667747498,381.670166015625
0.752755880355835,397.2834777832031,1.032830834388733,300.15496826171875
1.1892913579940796,45.031494140625,1.1592532396316528,29.20560646057129
1.6570079326629639,320.22833251953125,1.7744795083999634,339.42279052734375
1.4855117797851562,177.1259765625,1.3011407852172852,189.89532470703125
0.1759055107831955,23.0157470703125,0.12002730369567871,7.345504283905029
1.3140157461166382,622.9448852539062,1.507866382598877,621.3937377929688
0.4565354287624359,562.4015502929688,0.6580575704574585,472.9791564941406
1.1425197124481201,177.1259765625,1.050018072128296,201.34408569335938
0.06677165627479553,127.5905532836914,0.1971672773361206,127.7914047241211
0.16031496226787567,446.8188781738281,0.3020641505718231,481.9945373535156
2.0,17.511810302734375,1.8139433860778809,86.07036590576172
0.815118134021759,457.8267517089844,0.8774431347846985,552.47998046875
0.8462992310523987,413.7952880859375,0.9671386480331421,384.846923828125
0.16031496226787567,644.9606323242188,0.2884788513183594,465.363037109375
0.2538582682609558,320.22833251953125,0.42239630222320557,342.14459228515625
0.09795275330543518,518.3700561523438,0.5916813611984253,295.1192932128906
1.15811026096344,61.54330825805664,0.930773138999939,101.05293273925781
1.7817323207855225,518.3700561523438,1.528217077255249,600.7695922851562
0.5812598466873169,364.2598876953125,0.3706547021865845,315.7632141113281
1.7037795782089233,474.3385925292969,1.3968555927276611,554.1018676757812
1.4855117797851562,298.21258544921875,1.8549689054489136,269.694580078125
0.48771652579307556,562.4015502929688,0.8358614444732666,378.17779541015625
0.9554330706596375,89.06298828125,0.8901229500770569,93.70329284667969
1.6258267164230347,677.9842529296875,1.2859315872192383,552.2586669921875
0.5812598466873169,116.58268737792969,0.6248250007629395,89.39537048339844
0.47212597727775574,232.16537475585938,0.7773968577384949,178.7168426513672
0.9398425221443176,479.842529296875,0.8922343850135803,556.6497192382812
0.14472442865371704,556.8976440429688,0.21516351401805878,443.99969482421875
0.26944881677627563,435.81103515625,0.425645649433136,407.92987060546875
0.5188976526260376,34.02362060546875,0.6121394038200378,37.02668380737305
1.6414172649383545,122.08661651611328,1.2964926958084106,113.75287628173828
1.423149585723877,50.53543472290039,1.2811897993087769,138.775390625
1.828503966331482,562.4015502929688,1.7646135091781616,566.1895751953125
1.9844094514846802,545.8897705078125,1.578364610671997,526.06201171875
1.0022047758102417,622.9448852539062,0.8316178917884827,633.78759765625
1.3140157461166382,562.4015502929688,1.182988166809082,575.2102661132812
0.26944881677627563,694.4960327148438,0.4956311583518982,543.11767578125
0.2538582682609558,617.44091796875,0.8977055549621582,408.0846862792969
1.329606294631958,23.0157470703125,1.3560261726379395,11.465004920959473
0.6748031377792358,358.7558898925781,0.889471173286438,294.5323181152344
0.8462992310523987,600.9291381835938,0.8292753100395203,449.3758850097656
1.2204724550247192,496.3543395996094,1.3217438459396362,387.2364196777344
1.1892913579940796,584.4172973632812,1.4609324932098389,365.9217224121094
1.6414172649383545,177.1259765625,1.294368028640747,199.69439697265625
1.8908661603927612,688.9921264648438,1.4811376333236694,524.9906616210938
0.03559055179357529,12.00787353515625,0.02385091595351696,27.309667587280273
1.828503966331482,540.3858032226562,1.3974406719207764,543.4683837890625
1.9220472574234009,166.11810302734375,1.3106820583343506,315.9523010253906
0.5656692981719971,171.62203979492188,0.5575050115585327,129.6516571044922
1.1269291639328003,105.5748062133789,1.1943726539611816,66.39979553222656
0.113543301820755,100.07086944580078,0.13267634809017181,70.34219360351562
0.16031496226787567,138.59841918945312,0.01780671626329422,171.56227111816406
1.7193701267242432,479.842529296875,1.5699994564056396,513.5775756835938
0.16031496226787567,1.0,0.1473768800497055,-11.146154403686523
1.1113386154174805,578.9133911132812,1.5617924928665161,516.5693359375
1.15811026096344,226.66140747070312,1.1768057346343994,183.8218536376953
1.7505512237548828,375.26776123046875,1.651485800743103,525.8046875
0.5812598466873169,188.13388061523438,0.6085129380226135,233.4477996826172
1.5790550708770752,89.06298828125,1.6850906610488892,27.066715240478516
1.812913417816162,188.13388061523438,1.4176820516586304,222.27166748046875
2.0,628.4487915039062,1.0257956981658936,689.4097900390625
1.8440945148468018,72.55117797851562,1.7186795473098755,52.90983963012695
1.4543306827545166,485.3464660644531,1.5279440879821777,496.226806640625
1.2204724550247192,617.44091796875,1.5043150186538696,488.91741943359375
1.236063003540039,89.06298828125,1.1829785108566284,141.23406982421875
2.0,265.18896484375,1.6747831106185913,487.7013854980469
1.6725984811782837,435.81103515625,1.5409218072891235,448.5196838378906
1.0957480669021606,452.32281494140625,1.0008269548416138,600.8580322265625
1.594645619392395,694.4960327148438,1.383640170097351,564.9739379882812
1.1892913579940796,402.78741455078125,1.4062451124191284,534.9879150390625
0.5188976526260376,331.2362060546875,0.5353866219520569,450.1776428222656
1.4543306827545166,523.8740234375,1.6528089046478271,392.4392395019531
0.5968503952026367,523.8740234375,0.9944626688957214,487.6741027832031
0.9710236191749573,210.1496124267578,1.0564584732055664,203.08319091796875
1.7505512237548828,116.58268737792969,1.4364228248596191,206.08860778808594
1.3763779401779175,617.44091796875,1.426294207572937,477.1452331542969
1.5790550708770752,474.3385925292969,1.458412528038025,403.7624206542969
1.1113386154174805,441.3149719238281,0.8185757994651794,529.8121337890625
0.36299213767051697,606.4330444335938,0.24957111477851868,508.675048828125
0.815118134021759,144.10235595703125,0.7647890448570251,142.43045043945312
0.09795275330543518,210.1496124267578,0.2307293713092804,172.16102600097656
1.3607873916625977,556.8976440429688,1.1237256526947021,614.3594360351562
0.6748031377792358,56.039371490478516,0.6751531362533569,48.2932243347168
1.423149585723877,325.7322692871094,1.415715217590332,315.80096435546875
1.2048819065093994,127.5905532836914,1.1908926963806152,191.587158203125
1.6102361679077148,243.17323303222656,1.7675961256027222,263.28729248046875
0.3941732347011566,402.78741455078125,0.6245571374893188,349.8707275390625
1.3451968431472778,694.4960327148438,1.2522090673446655,665.0520629882812
0.36299213767051697,419.2992248535156,0.266694039106369,438.6463317871094
2.0,562.4015502929688,1.640288233757019,562.14453125
0.7059842348098755,369.7638244628906,0.9181625247001648,366.1864318847656
1.329606294631958,138.59841918945312,0.9594138264656067,214.30982971191406
1.329606294631958,567.905517578125,1.324342131614685,511.95037841796875
0.09795275330543518,452.32281494140625,0.16858460009098053,379.0680847167969
0.19149605929851532,628.4487915039062,0.2624455690383911,541.893310546875
0.7215747833251953,160.61416625976562,0.49125340580940247,158.84840393066406
0.6903936862945557,512.8661499023438,0.6842125058174133,506.37994384765625
1.1737008094787598,441.3149719238281,0.6711188554763794,567.9967651367188
0.1759055107831955,540.3858032226562,0.14917807281017303,479.6625061035156
1.3451968431472778,391.779541015625,1.092689871788025,442.8156433105469
0.4565354287624359,298.21258544921875,0.5515698194503784,275.8768005371094
0.4409448802471161,215.65354919433594,0.34719210863113403,296.3496398925781
0.12913386523723602,463.33074951171875,0.22708772122859955,328.9639892578125
0.9398425221443176,435.81103515625,0.593340277671814,555.7454833984375
1.2048819065093994,600.9291381835938,0.8063434362411499,538.1306762695312
0.9242519736289978,551.3936767578125,1.4517772197723389,465.655517578125
1.0801575183868408,545.8897705078125,0.8086575865745544,579.2471313476562
1.6414172649383545,100.07086944580078,1.2540724277496338,88.39927673339844
0.9866141676902771,276.19683837890625,0.5989106893539429,383.1612854003906
0.1759055107831955,424.80316162109375,0.5686315298080444,470.3832702636719
0.5344882011413574,485.3464660644531,0.5143649578094482,375.28900146484375
1.3607873916625977,386.2756042480469,1.356811285018921,339.22882080078125
0.42535433173179626,534.8818969726562,0.5763793587684631,586.7056884765625
1.594645619392395,369.7638244628906,1.516489028930664,392.3534240722656
0.5188976526260376,353.251953125,0.7048451900482178,338.44671630859375
0.9554330706596375,155.1102294921875,0.5574859380722046,312.4621276855469
1.9532283544540405,364.2598876953125,1.3208719491958618,510.8024597167969
1.1737008094787598,138.59841918945312,1.1578103303909302,122.24125671386719
1.7193701267242432,67.0472412109375,1.8196494579315186,81.93366241455078
0.34740158915519714,177.1259765625,0.12914350628852844,257.802001953125
1.5478739738464355,529.3779296875,1.1554460525512695,558.6053466796875
1.9220472574234009,243.17323303222656,1.750028371810913,319.2894287109375
1.6570079326629639,540.3858032226562,1.4421077966690063,489.7019958496094
0.12913386523723602,700.0,0.4979565739631653,527.73486328125
0.019999999552965164,1.0,0.0034972485154867172,41.88648986816406
0.05118110775947571,281.7007751464844,-0.045885611325502396,353.1625061035156
0.3162204623222351,639.4566650390625,0.3294084966182709,561.1819458007812
1.8596850633621216,144.10235595703125,1.3882931470870972,325.3309020996094
1.6725984811782837,204.6456756591797,1.4683395624160767,293.76751708984375
0.4409448802471161,116.58268737792969,0.29872605204582214,169.35195922851562
1.3140157461166382,694.4960327148438,0.9600638747215271,758.0892333984375
1.9844094514846802,562.4015502929688,1.6361083984375,504.86175537109375
0.34740158915519714,595.4251708984375,0.2639520466327667,536.3856811523438
1.1269291639328003,133.094482421875,1.1211774349212646,116.67195129394531
0.06677165627479553,182.62994384765625,0.1135750561952591,204.3015594482422
0.9710236191749573,386.2756042480469,0.8790711164474487,497.30047607421875
1.2516535520553589,606.4330444335938,1.059613585472107,581.9261474609375
1.0333858728408813,111.07874298095703,0.7767919301986694,212.8776397705078
0.659212589263916,155.1102294921875,0.5256099700927734,160.34518432617188
0.7059842348098755,468.8346862792969,1.2764263153076172,402.9612121582031
0.7059842348098755,89.06298828125,0.694475531578064,66.91647338867188
0.7215747833251953,45.031494140625,0.6127912402153015,69.2273178100586
1.812913417816162,210.1496124267578,1.290435552597046,340.4531555175781
1.4543306827545166,331.2362060546875,1.2387357950210571,430.1395263671875
0.8774803280830383,556.8976440429688,0.9132694602012634,497.5865173339844
1.4543306827545166,644.9606323242188,1.0981202125549316,807.2564086914062
0.5033071041107178,94.56694030761719,0.43004459142684937,104.52816009521484
0.5656692981719971,166.11810302734375,0.5306010842323303,199.39324951171875
1.6725984811782837,320.22833251953125,1.109328031539917,336.6933288574219
0.03559055179357529,386.2756042480469,0.3665769100189209,351.1082458496094
1.7037795782089233,501.8582763671875,1.3782886266708374,442.7896728515625
1.6258267164230347,347.7480163574219,1.5320311784744263,292.5185241699219
0.908661425113678,292.7086486816406,0.7889643311500549,354.92718505859375
1.1113386154174805,402.78741455078125,1.2713555097579956,379.7209777832031
1.0333858728408813,292.7086486816406,0.9456982612609863,398.11541748046875
1.5634645223617554,419.2992248535156,0.950943112373352,631.8295288085938
1.2828346490859985,661.472412109375,0.7604101896286011,560.6460571289062
1.8596850633621216,221.15748596191406,1.4269986152648926,315.08038330078125
1.1113386154174805,551.3936767578125,0.6256647706031799,596.3197631835938
1.4543306827545166,39.527557373046875,1.6288734674453735,17.99576759338379
0.36299213767051697,287.2047119140625,0.41386961936950684,313.7980041503906
0.14472442865371704,133.094482421875,0.2877112925052643,90.04256439208984
1.0957480669021606,12.00787353515625,0.9988424777984619,7.5311503410339355
1.5790550708770752,94.56694030761719,2.004613161087036,-17.68074607849121
0.3785826861858368,199.14173889160156,0.714345395565033,116.17938995361328
2.0,67.0472412109375,2.003344774246216,3.659621000289917
1.0801575183868408,287.2047119140625,1.404491662979126,157.08627319335938
1.5478739738464355,67.0472412109375,1.5594491958618164,44.831905364990234
1.2516535520553589,111.07874298095703,1.1978622674942017,144.86892700195312
1.5790550708770752,56.039371490478516,1.6373372077941895,69.22073364257812
0.8774803280830383,34.02362060546875,0.7702563405036926,57.895328521728516
0.238267719745636,78.05511474609375,0.27455657720565796,63.72661590576172
0.5033071041107178,28.519685745239258,0.3948592245578766,54.49052429199219
0.6280314922332764,221.15748596191406,0.5283237099647522,179.46157836914062
0.8618897795677185,375.26776123046875,1.1404449939727783,496.91339111328125
1.3607873916625977,270.6929016113281,1.347842812538147,246.329345703125
2.0,281.7007751464844,1.3719929456710815,339.13958740234375
0.9710236191749573,83.55905151367188,0.5696619749069214,153.69248962402344
1.4855117797851562,210.1496124267578,1.2770546674728394,217.9303741455078
0.752755880355835,89.06298828125,0.8663754463195801,101.75721740722656
1.4543306827545166,661.472412109375,1.381725788116455,559.1826782226562
0.9866141676902771,479.842529296875,1.4340736865997314,584.6965942382812
0.4565354287624359,94.56694030761719,0.35799017548561096,98.97188568115234
1.1269291639328003,430.3070983886719,1.448050618171692,305.87432861328125
1.6102361679077148,402.78741455078125,1.7326176166534424,482.6628723144531
0.8774803280830383,419.2992248535156,0.5783558487892151,615.2273559570312
0.7215747833251953,6.503936767578125,0.7054837942123413,10.547846794128418
0.8774803280830383,474.3385925292969,0.8508941531181335,388.8310241699219
1.7505512237548828,248.6771697998047,0.8446677923202515,435.9001159667969
1.828503966331482,655.968505859375,1.4347156286239624,515.466796875
1.6414172649383545,193.63780212402344,1.4687472581863403,198.15811157226562
1.8440945148468018,600.9291381835938,1.2866336107254028,708.1083374023438
0.2538582682609558,573.409423828125,0.21685591340065002,594.46533203125
1.7037795782089233,138.59841918945312,1.666077971458435,199.99478149414062
0.8618897795677185,435.81103515625,0.7164114117622375,422.9070129394531
1.828503966331482,270.6929016113281,1.551116704940796,313.90338134765625
0.4409448802471161,551.3936767578125,0.4377261698246002,411.50311279296875
1.2516535520553589,677.9842529296875,1.131575107574463,569.8787231445312
0.14472442865371704,655.968505859375,0.08577728271484375,582.4719848632812
0.5344882011413574,199.14173889160156,0.7822456359863281,101.38656616210938
1.4543306827545166,23.0157470703125,1.7204855680465698,-12.423101425170898
1.812913417816162,375.26776123046875,1.5869038105010986,487.753662109375
0.9710236191749573,171.62203979492188,0.9063622355461121,242.41510009765625
0.19149605929851532,364.2598876953125,0.2587653696537018,369.0787353515625
1.501102328300476,144.10235595703125,1.3282818794250488,132.5521240234375
1.9688189029693604,479.842529296875,1.3733388185501099,620.3958740234375
0.9554330706596375,683.4881591796875,1.4384433031082153,480.4812927246094
0.7059842348098755,221.15748596191406,0.5677800178527832,306.2568054199219
1.4855117797851562,336.7401428222656,1.7209900617599487,321.5864562988281
1.5322834253311157,347.7480163574219,1.356295108795166,366.82574462890625
1.501102328300476,221.15748596191406,1.1935771703720093,316.4865417480469
0.752755880355835,424.80316162109375,0.8463854193687439,508.6026611328125
0.4409448802471161,501.8582763671875,0.4563119113445282,450.37744140625
1.906456708908081,694.4960327148438,1.4635450839996338,620.0323486328125
1.2672441005706787,336.7401428222656,0.9103794693946838,464.7941589355469
1.5634645223617554,298.21258544921875,1.0553617477416992,362.241943359375
1.2984251976013184,237.66929626464844,1.443975806236267,293.6129150390625
0.815118134021759,287.2047119140625,0.775042712688446,319.5977478027344
0.3785826861858368,105.5748062133789,0.3896002173423767,99.8841552734375
1.3919684886932373,562.4015502929688,1.537266731262207,526.2063598632812
1.2516535520553589,144.10235595703125,1.1919784545898438,188.38906860351562
0.113543301820755,661.472412109375,0.5930929183959961,471.7711181640625
0.4565354287624359,402.78741455078125,0.386369913816452,404.24334716796875
1.9376378059387207,573.409423828125,1.5275986194610596,592.9706420898438
0.03559055179357529,683.4881591796875,0.4774969518184662,521.1626586914062
1.3451968431472778,155.1102294921875,1.259985089302063,237.28939819335938
0.5033071041107178,127.5905532836914,0.5388939380645752,99.79059600830078
0.36299213767051697,100.07086944580078,0.2767965793609619,113.40045928955078
0.6748031377792358,303.7165222167969,0.6663006544113159,263.8038024902344
1.8752756118774414,479.842529296875,1.2924331426620483,551.4310302734375
0.9866141676902771,650.4645385742188,1.0706795454025269,688.4169921875
2.0,529.3779296875,1.5713489055633545,531.01611328125
0.7995275855064392,562.4015502929688,1.256003499031067,498.14251708984375
0.9710236191749573,56.039371490478516,0.780543863773346,44.79796600341797
1.516692876815796,155.1102294921875,1.2711838483810425,148.95968627929688
0.8930708765983582,50.53543472290039,0.9719334244728088,39.68246078491211
1.7817323207855225,644.9606323242188,1.6641546487808228,697.5739135742188
0.9554330706596375,331.2362060546875,0.9031848311424255,446.0335693359375
1.15811026096344,204.6456756591797,1.0001684427261353,290.50274658203125
0.1759055107831955,138.59841918945312,0.21207812428474426,99.68563842773438
1.8908661603927612,485.3464660644531,1.7408238649368286,516.2610473632812
1.3919684886932373,457.8267517089844,1.375428557395935,504.13824462890625
1.3919684886932373,441.3149719238281,1.5469878911972046,490.07342529296875
1.423149585723877,314.7243957519531,1.2610492706298828,421.560546875
1.236063003540039,534.8818969726562,1.4569741487503052,409.87628173828125
0.33181101083755493,133.094482421875,0.38406309485435486,87.74606323242188
1.7193701267242432,248.6771697998047,1.4058560132980347,382.9488830566406
0.9554330706596375,584.4172973632812,1.2400023937225342,373.6253356933594
0.42535433173179626,369.7638244628906,0.26554474234580994,366.4462890625
1.8596850633621216,1.0,1.8116981983184814,-3.540314197540283
0.5188976526260376,512.8661499023438,0.8520627617835999,522.4114990234375
1.1892913579940796,562.4015502929688,1.3695306777954102,571.2127685546875
0.22267717123031616,633.9527587890625,0.5083960890769958,507.21661376953125
1.6570079326629639,578.9133911132812,1.538793921470642,575.2471923828125
1.812913417816162,199.14173889160156,0.928324818611145,366.31561279296875
0.9398425221443176,573.409423828125,1.4088996648788452,499.04522705078125
1.5790550708770752,298.21258544921875,1.6948704719543457,330.9376525878906
0.20708660781383514,677.9842529296875,0.4673893451690674,639.8072509765625
0.3941732347011566,595.4251708984375,0.7266057729721069,481.5626220703125
1.6725984811782837,617.44091796875,1.6988000869750977,528.00830078125
1.3451968431472778,45.031494140625,1.3248836994171143,88.39615631103516
0.22267717123031616,259.6850280761719,0.3227391242980957,188.70875549316406
0.34740158915519714,694.4960327148438,0.350155770778656,584.8421630859375
1.2672441005706787,353.251953125,1.1570425033569336,456.79522705078125
0.019999999552965164,391.779541015625,0.3449692726135254,336.8040466308594
1.2672441005706787,644.9606323242188,0.7784683704376221,683.374755859375
0.3941732347011566,353.251953125,0.5477816462516785,319.3596496582031
1.017795443534851,700.0,0.9080785512924194,658.5234985351562
1.2048819065093994,408.2913513183594,0.9611221551895142,644.286376953125
1.0022047758102417,67.0472412109375,0.7233056426048279,111.03791809082031
0.3785826861858368,83.55905151367188,0.2365117073059082,102.78630828857422
0.8930708765983582,111.07874298095703,0.7761028409004211,148.95335388183594
0.5344882011413574,215.65354919433594,0.5184924602508545,182.35971069335938
1.0022047758102417,650.4645385742188,1.5999692678451538,622.7744140625
1.2672441005706787,364.2598876953125,1.2848608493804932,322.5135192871094
0.3162204623222351,672.4802856445312,0.5553597211837769,592.625244140625
0.3785826861858368,380.77166748046875,0.30978989601135254,391.4294128417969
0.12913386523723602,72.55117797851562,0.11829154193401337,49.382591247558594
0.34740158915519714,298.21258544921875,0.3710506558418274,365.0089111328125
0.14472442865371704,677.9842529296875,0.12948782742023468,514.9761962890625
1.3140157461166382,595.4251708984375,1.5574742555618286,665.9694213867188
0.5812598466873169,61.54330825805664,0.5842207670211792,79.49844360351562
0.3162204623222351,116.58268737792969,0.19471298158168793,160.8564910888672
1.9532283544540405,149.60629272460938,1.5408700704574585,98.202392578125
1.7817323207855225,122.08661651611328,1.4843218326568604,103.76554870605469
0.9710236191749573,424.80316162109375,1.0714576244354248,380.76824951171875
0.7839370369911194,595.4251708984375,0.7232726812362671,597.5894775390625
0.6124409437179565,144.10235595703125,0.7281899452209473,136.8004150390625
1.0489764213562012,688.9921264648438,1.0166481733322144,589.2339477539062
0.36299213767051697,523.8740234375,0.09240858256816864,565.619140625
0.28503936529159546,237.66929626464844,0.15406058728694916,275.2770080566406
0.5968503952026367,386.2756042480469,0.8074057102203369,379.77899169921875
0.7839370369911194,501.8582763671875,0.6179066300392151,507.31768798828125
1.7505512237548828,622.9448852539062,0.9641594886779785,621.5895385742188
0.33181101083755493,661.472412109375,0.03877514600753784,692.5121459960938
1.8752756118774414,67.0472412109375,1.2327669858932495,163.623779296875
0.8618897795677185,111.07874298095703,0.6693228483200073,122.29884338378906
1.7193701267242432,331.2362060546875,1.7660166025161743,332.58270263671875
0.6280314922332764,584.4172973632812,0.64335697889328,603.0737915039062
1.329606294631958,391.779541015625,0.8988624811172485,538.6742553710938
1.423149585723877,446.8188781738281,1.3618342876434326,479.55511474609375
1.7193701267242432,617.44091796875,1.241196632385254,554.7937622070312
0.3785826861858368,430.3070983886719,0.3111707270145416,537.484375
1.1892913579940796,677.9842529296875,1.4183931350708008,524.550048828125
0.33181101083755493,127.5905532836914,0.30170029401779175,141.2941436767578
0.9242519736289978,149.60629272460938,1.147219181060791,131.97006225585938
0.9554330706596375,534.8818969726562,1.5671050548553467,472.7215576171875
0.7371653318405151,89.06298828125,0.6858062148094177,119.48213195800781
0.5656692981719971,331.2362060546875,0.7057703733444214,215.63433837890625
1.7661417722702026,683.4881591796875,1.7076442241668701,677.2325439453125
0.8930708765983582,215.65354919433594,1.0690971612930298,153.5594940185547
1.3451968431472778,573.409423828125,1.6758403778076172,504.4075927734375
0.5500787496566772,457.8267517089844,0.7947829365730286,442.4903259277344
1.594645619392395,204.6456756591797,1.2514022588729858,257.3456726074219
1.7661417722702026,6.503936767578125,1.3142825365066528,70.69933319091797
0.5968503952026367,127.5905532836914,0.4449094533920288,167.39744567871094
0.5033071041107178,666.9763793945312,0.635151207447052,495.81671142578125
1.6881890296936035,89.06298828125,1.463763952255249,81.40816497802734
0.34740158915519714,391.779541015625,0.2381322979927063,342.8358154296875
1.2672441005706787,100.07086944580078,1.3760877847671509,46.118003845214844
1.3607873916625977,562.4015502929688,1.3960471153259277,528.8073120117188
1.9532283544540405,226.66140747070312,1.7951675653457642,199.0232696533203
0.6124409437179565,6.503936767578125,0.6432315707206726,-2.9692630767822266
1.6258267164230347,105.5748062133789,1.3122649192810059,138.69598388671875
1.9532283544540405,562.4015502929688,1.7485413551330566,535.8442993164062
0.9554330706596375,441.3149719238281,0.8406398296356201,603.0646362304688
1.828503966331482,666.9763793945312,1.2197785377502441,577.2142944335938
1.9532283544540405,507.3622131347656,1.9471994638442993,342.4932861328125
0.8307086825370789,78.05511474609375,0.8333047032356262,93.3480224609375
0.1759055107831955,1.0,0.3384914994239807,-58.76545333862305
2.0,1.0,1.2658326625823975,126.7384033203125
0.238267719745636,666.9763793945312,0.32781359553337097,496.62591552734375
1.9376378059387207,551.3936767578125,1.6361066102981567,646.889404296875
0.7683464288711548,694.4960327148438,1.0788339376449585,447.2115173339844
1.7973228693008423,347.7480163574219,1.6419906616210938,414.6198425292969
1.15811026096344,303.7165222167969,1.6973614692687988,306.5842590332031
0.8462992310523987,386.2756042480469,0.8015940189361572,453.3199157714844
1.4855117797851562,6.503936767578125,1.2538607120513916,27.012737274169922
0.113543301820755,331.2362060546875,0.33242547512054443,352.23486328125
0.8462992310523987,457.8267517089844,0.8087244033813477,599.9161376953125
1.7193701267242432,265.18896484375,1.41664719581604,288.1414489746094
1.7817323207855225,292.7086486816406,1.6443572044372559,269.7669982910156
0.14472442865371704,694.4960327148438,0.4375210702419281,534.3408203125
0.28503936529159546,501.8582763671875,0.3871755003929138,378.4454345703125
0.05118110775947571,584.4172973632812,0.3548320233821869,490.423095703125
1.3919684886932373,650.4645385742188,1.4828161001205444,492.0198974609375
1.423149585723877,578.9133911132812,1.4817557334899902,556.0791625976562
0.6124409437179565,78.05511474609375,0.7203670740127563,42.483795166015625
1.2204724550247192,1.0,1.1980624198913574,-23.16242027282715
0.6748031377792358,6.503936767578125,0.7109291553497314,-4.987715721130371
0.659212589263916,589.9212646484375,0.7960086464881897,574.171875
0.3941732347011566,446.8188781738281,0.41883569955825806,360.43414306640625
1.4075590372085571,369.7638244628906,1.3279627561569214,298.3404846191406
1.329606294631958,529.3779296875,0.9524000883102417,570.0588989257812
0.113543301820755,226.66140747070312,0.027566952630877495,231.21481323242188
2.0,221.15748596191406,1.9233851432800293,194.1322021484375
0.08236220479011536,523.8740234375,0.14858797192573547,471.89117431640625
0.14472442865371704,45.031494140625,0.09923873841762543,59.055267333984375
1.017795443534851,171.62203979492188,0.8156324625015259,225.17152404785156
0.6436220407485962,600.9291381835938,1.3268059492111206,412.8598937988281
1.6881890296936035,463.33074951171875,1.3804937601089478,575.3002319335938
0.9242519736289978,364.2598876953125,0.6359584331512451,485.45391845703125
1.2204724550247192,523.8740234375,1.244991421699524,539.2307739257812
0.9866141676902771,243.17323303222656,1.1799737215042114,310.70654296875
0.908661425113678,56.039371490478516,1.0214288234710693,60.358619689941406
0.8618897795677185,292.7086486816406,0.9150876998901367,258.8590393066406
1.064566969871521,28.519685745239258,1.1796412467956543,11.32211971282959
0.8307086825370789,122.08661651611328,0.7530418634414673,95.87239074707031
0.7839370369911194,204.6456756591797,0.7968852519989014,169.66607666015625
1.3607873916625977,254.1811065673828,1.1680525541305542,253.5615692138672
1.6258267164230347,666.9763793945312,1.4592880010604858,635.9877319335938
1.9688189029693604,474.3385925292969,2.0177676677703857,594.6610717773438
0.09795275330543518,292.7086486816406,0.2054692804813385,311.65582275390625
0.659212589263916,628.4487915039062,0.7010751366615295,542.2263793945312
1.9376378059387207,672.4802856445312,1.4111676216125488,689.732177734375
1.4387401342391968,155.1102294921875,1.0595684051513672,294.9956359863281
0.659212589263916,182.62994384765625,0.6976247429847717,144.21517944335938
0.8462992310523987,479.842529296875,0.8502115607261658,642.5701904296875
0.22267717123031616,595.4251708984375,0.23675835132598877,424.2405700683594
0.36299213767051697,127.5905532836914,0.2939774990081787,141.9892120361328
1.6258267164230347,589.9212646484375,1.4512336254119873,684.2242431640625
0.7371653318405151,221.15748596191406,0.6970670819282532,215.27867126464844
1.8596850633621216,232.16537475585938,1.73281729221344,186.90240478515625
0.1759055107831955,226.66140747070312,0.5791500210762024,113.98339080810547
1.4543306827545166,441.3149719238281,1.2165762186050415,389.4690856933594
0.5344882011413574,265.18896484375,0.7399983406066895,209.9959716796875
0.7683464288711548,639.4566650390625,0.7844014167785645,520.4422607421875
0.8307086825370789,127.5905532836914,0.679624617099762,162.23538208007812
1.2204724550247192,23.0157470703125,1.0925506353378296,61.7070426940918
1.0022047758102417,419.2992248535156,0.7838658690452576,474.7723388671875
1.812913417816162,386.2756042480469,1.4269274473190308,439.88623046875
0.8618897795677185,457.8267517089844,1.2723171710968018,442.89422607421875
1.5478739738464355,259.6850280761719,0.8135019540786743,423.6080017089844
0.06677165627479553,424.80316162109375,0.17623400688171387,423.2526550292969
0.40976378321647644,397.2834777832031,0.25160831212997437,527.0501708984375
0.19149605929851532,193.63780212402344,0.13595597445964813,237.22286987304688
0.3006299138069153,28.519685745239258,0.290201872587204,27.03119659423828
1.501102328300476,435.81103515625,1.650563359260559,311.1792297363281
0.6280314922332764,155.1102294921875,0.608271062374115,252.68446350097656
1.4075590372085571,700.0,1.6215734481811523,643.8909301757812
1.7661417722702026,386.2756042480469,1.3377875089645386,537.4778442382812
0.12913386523723602,666.9763793945312,0.22168618440628052,594.3109741210938
1.3919684886932373,501.8582763671875,1.1716450452804565,477.3160705566406
1.1737008094787598,45.031494140625,1.6349624395370483,11.230195999145508
1.9532283544540405,650.4645385742188,1.55484938621521,637.77099609375
1.6570079326629639,501.8582763671875,1.3646398782730103,627.943115234375
0.8307086825370789,6.503936767578125,0.8118835091590881,-7.198803901672363
0.815118134021759,259.6850280761719,0.5548364520072937,330.1102600097656
1.594645619392395,314.7243957519531,1.2593698501586914,387.2090759277344
0.908661425113678,622.9448852539062,1.3215354681015015,406.84002685546875
1.812913417816162,353.251953125,0.9593750834465027,514.5536499023438
0.48771652579307556,402.78741455078125,0.6910780668258667,382.0506286621094
1.7037795782089233,17.511810302734375,1.5674293041229248,-7.322620391845703
0.16031496226787567,584.4172973632812,0.2577997148036957,503.5577087402344
0.9710236191749573,578.9133911132812,1.0239993333816528,557.1178588867188
0.8930708765983582,94.56694030761719,0.869993269443512,139.75038146972656
1.7505512237548828,666.9763793945312,1.6865956783294678,617.8529052734375
0.7215747833251953,1.0,0.9532018899917603,-31.220138549804688
0.6280314922332764,50.53543472290039,0.4668510854244232,76.60652923583984
1.7661417722702026,485.3464660644531,1.473647952079773,575.1356811523438
1.9844094514846802,397.2834777832031,1.4915605783462524,507.67926025390625
0.5188976526260376,402.78741455078125,0.9554712176322937,259.4826354980469
1.064566969871521,325.7322692871094,0.9129248261451721,484.6255187988281
0.6124409437179565,133.094482421875,0.46999186277389526,130.62750244140625
1.8908661603927612,402.78741455078125,1.4202710390090942,339.406494140625
0.9554330706596375,545.8897705078125,0.9710865616798401,578.1332397460938
0.42535433173179626,463.33074951171875,0.6006407141685486,486.3973693847656
0.6124409437179565,540.3858032226562,0.6954939961433411,560.8538208007812
0.5188976526260376,226.66140747070312,0.5259591341018677,199.8732147216797
0.019999999552965164,683.4881591796875,-0.05345793440937996,789.90234375
0.6124409437179565,336.7401428222656,0.7317396402359009,303.1510925292969
0.6124409437179565,369.7638244628906,0.7205066680908203,358.84674072265625
0.238267719745636,34.02362060546875,0.2140539288520813,62.77555465698242
1.594645619392395,17.511810302734375,1.6170158386230469,41.19038009643555
1.6102361679077148,655.968505859375,1.1327433586120605,580.7840576171875
1.2516535520553589,298.21258544921875,0.8018466830253601,354.8017272949219
0.03559055179357529,259.6850280761719,0.009968622587621212,290.1789855957031
0.5033071041107178,611.93701171875,0.21875351667404175,506.7418518066406
1.8752756118774414,606.4330444335938,1.7131435871124268,507.19085693359375
1.6414172649383545,243.17323303222656,1.4425392150878906,273.1970520019531
1.1737008094787598,545.8897705078125,1.087478518486023,516.0104370117188
1.2516535520553589,325.7322692871094,1.3475873470306396,295.27740478515625
0.20708660781383514,292.7086486816406,0.338332861661911,221.8154754638672
0.20708660781383514,298.21258544921875,0.1604493409395218,373.39483642578125
0.238267719745636,644.9606323242188,0.18275876343250275,622.6185302734375
0.659212589263916,419.2992248535156,0.501201868057251,413.9900207519531
0.19149605929851532,688.9921264648438,0.1405634582042694,544.7811279296875
1.9532283544540405,292.7086486816406,1.583683729171753,184.314697265625
1.1269291639328003,314.7243957519531,1.1455432176589966,343.4773254394531
0.34740158915519714,133.094482421875,0.2648991346359253,160.55203247070312
1.7505512237548828,72.55117797851562,1.8144047260284424,113.41969299316406
0.05118110775947571,221.15748596191406,0.22453796863555908,217.24378967285156
1.594645619392395,199.14173889160156,1.6227525472640991,272.18035888671875
1.8596850633621216,463.33074951171875,1.9202759265899658,412.7953186035156
1.4075590372085571,303.7165222167969,1.2420092821121216,413.63800048828125
1.3763779401779175,111.07874298095703,1.3431451320648193,93.64710998535156
1.6258267164230347,287.2047119140625,1.184995174407959,346.37677001953125
0.8307086825370789,204.6456756591797,0.711463212966919,202.16758728027344
1.7973228693008423,94.56694030761719,1.6333719491958618,82.15657806396484
1.5478739738464355,298.21258544921875,1.7075966596603394,270.86669921875
1.828503966331482,419.2992248535156,1.2926223278045654,639.2432250976562
0.6748031377792358,523.8740234375,0.8216638565063477,455.02734375
1.423149585723877,485.3464660644531,1.6554049253463745,457.2642517089844
1.8908661603927612,655.968505859375,2.112104892730713,360.81146240234375
0.09795275330543518,204.6456756591797,0.23578739166259766,190.08523559570312
1.1113386154174805,45.031494140625,1.3076666593551636,0.062263309955596924
1.8440945148468018,342.24407958984375,1.6429067850112915,412.82623291015625
0.3006299138069153,259.6850280761719,0.7342928051948547,138.6831817626953
1.3607873916625977,45.031494140625,1.2663062810897827,40.8478889465332
0.908661425113678,683.4881591796875,1.0264664888381958,486.69036865234375
0.5344882011413574,309.220458984375,0.45509469509124756,332.5597229003906
1.329606294631958,314.7243957519531,1.2199300527572632,371.4661865234375
0.7059842348098755,694.4960327148438,0.8948155641555786,534.3755493164062
1.1892913579940796,386.2756042480469,1.501651406288147,382.35272216796875
1.3763779401779175,633.9527587890625,1.134077548980713,595.3368530273438
1.9220472574234009,430.3070983886719,1.9024702310562134,438.71893310546875
1.7037795782089233,320.22833251953125,1.709607481956482,211.31483459472656
0.9710236191749573,512.8661499023438,1.1416536569595337,495.0308532714844
1.6570079326629639,78.05511474609375,1.4541953802108765,62.24532699584961
1.5322834253311157,463.33074951171875,1.7283533811569214,453.85357666015625
1.6102361679077148,700.0,1.384900450706482,780.9572143554688
1.4075590372085571,199.14173889160156,1.3853073120117188,324.2590026855469
0.6124409437179565,595.4251708984375,0.13679088652133942,652.8284912109375
1.2828346490859985,105.5748062133789,1.099344253540039,114.34659576416016
0.2538582682609558,17.511810302734375,0.1950044482946396,31.1293888092041
0.113543301820755,413.7952880859375,0.21931281685829163,357.45208740234375
1.9844094514846802,336.7401428222656,1.2288882732391357,526.4368286132812
1.329606294631958,606.4330444335938,1.0758650302886963,708.9557495117188
1.2984251976013184,215.65354919433594,1.3157503604888916,161.70204162597656
1.4855117797851562,501.8582763671875,1.5784116983413696,547.0714721679688
0.6903936862945557,700.0,0.3765965700149536,559.6541137695312
0.6748031377792358,45.031494140625,0.6950622200965881,64.84638977050781
1.1113386154174805,397.2834777832031,1.1048051118850708,367.8346252441406
0.36299213767051697,430.3070983886719,0.06063070520758629,518.0853271484375
0.9398425221443176,386.2756042480469,1.133097529411316,496.49688720703125
0.659212589263916,644.9606323242188,0.9606534838676453,419.9703369140625
0.9242519736289978,479.842529296875,1.3453842401504517,363.0299987792969
0.19149605929851532,226.66140747070312,0.24819152057170868,195.145263671875
0.1759055107831955,501.8582763671875,0.20705516636371613,503.7289733886719
1.6570079326629639,661.472412109375,1.5931055545806885,536.9751586914062
0.3941732347011566,155.1102294921875,0.5631069540977478,133.4108428955078
1.064566969871521,584.4172973632812,1.2231175899505615,464.62646484375
1.0489764213562012,584.4172973632812,0.9320058226585388,541.0800170898438
0.019999999552965164,600.9291381835938,0.06571692228317261,601.7677001953125
1.3451968431472778,518.3700561523438,1.1720759868621826,639.9329833984375
1.3140157461166382,369.7638244628906,1.077236533164978,490.76483154296875
1.5322834253311157,342.24407958984375,1.3769640922546387,412.34759521484375
0.3006299138069153,512.8661499023438,0.6698967218399048,349.3869323730469
0.5656692981719971,600.9291381835938,0.6890610456466675,434.6586608886719
1.0957480669021606,243.17323303222656,1.1992436647415161,183.6871795654297
0.16031496226787567,589.9212646484375,-0.018641792237758636,603.6641235351562
0.7059842348098755,325.7322692871094,0.8035284280776978,302.8471374511719
0.1759055107831955,364.2598876953125,0.2012639045715332,428.7381286621094
1.6258267164230347,490.85040283203125,1.695469617843628,558.9984130859375
1.0801575183868408,650.4645385742188,1.5011250972747803,572.4599609375
1.906456708908081,210.1496124267578,1.4447450637817383,269.3166198730469
0.40976378321647644,474.3385925292969,0.30419522523880005,478.32928466796875
0.5033071041107178,573.409423828125,0.9326608777046204,425.8333740234375
1.0022047758102417,397.2834777832031,1.279632568359375,451.5718688964844
0.5500787496566772,111.07874298095703,0.421242892742157,105.691162109375
1.0957480669021606,34.02362060546875,1.2088282108306885,-1.0489661693572998
1.2828346490859985,276.19683837890625,1.6512879133224487,287.91107177734375
0.9398425221443176,567.905517578125,1.1383159160614014,573.439697265625
0.6436220407485962,534.8818969726562,0.8928978443145752,502.8927917480469
1.7193701267242432,111.07874298095703,1.481199860572815,115.23767852783203
0.48771652579307556,518.3700561523438,0.8815836906433105,361.2371520996094
0.2538582682609558,144.10235595703125,0.2854290008544922,174.90106201171875
1.8596850633621216,551.3936767578125,2.021108865737915,474.75689697265625
0.9710236191749573,545.8897705078125,1.29903244972229,433.5250244140625
1.329606294631958,496.3543395996094,1.424440860748291,341.071044921875
1.7973228693008423,595.4251708984375,1.425240159034729,673.656005859375
0.4409448802471161,534.8818969726562,0.8194435834884644,492.74755859375
1.017795443534851,677.9842529296875,1.4172114133834839,612.9529418945312
1.4699212312698364,457.8267517089844,1.3051317930221558,506.30145263671875
0.09795275330543518,430.3070983886719,0.31391850113868713,418.8141174316406
0.752755880355835,292.7086486816406,0.40461498498916626,426.19000244140625
0.2538582682609558,375.26776123046875,0.06399161368608475,413.4808044433594
1.7037795782089233,600.9291381835938,1.4964781999588013,559.7640380859375
1.15811026096344,166.11810302734375,1.1873483657836914,226.18690490722656
0.752755880355835,375.26776123046875,0.859261691570282,356.5566711425781
1.423149585723877,353.251953125,1.6627980470657349,317.1768798828125
1.6414172649383545,160.61416625976562,1.9087185859680176,110.07382202148438
1.329606294631958,303.7165222167969,1.4327683448791504,265.3521423339844
0.03559055179357529,78.05511474609375,0.054217927157878876,32.82013702392578
0.3785826861858368,512.8661499023438,0.5419982075691223,554.5328979492188
1.812913417816162,89.06298828125,1.8817614316940308,105.1232681274414
1.9532283544540405,474.3385925292969,1.7966030836105347,614.3129272460938
0.19149605929851532,215.65354919433594,0.2818585932254791,187.83604431152344
1.3451968431472778,600.9291381835938,1.1745054721832275,596.6585083007812
0.9710236191749573,100.07086944580078,0.8790319561958313,73.8062515258789
0.48771652579307556,177.1259765625,0.5279045701026917,141.6807861328125
0.08236220479011536,116.58268737792969,0.03365323692560196,121.19401550292969
0.36299213767051697,540.3858032226562,0.37795352935791016,477.4693298339844
1.0957480669021606,700.0,1.3147333860397339,528.7923583984375
1.1737008094787598,94.56694030761719,1.1224929094314575,108.4228286743164
1.0489764213562012,298.21258544921875,0.9949178099632263,366.60394287109375
0.238267719745636,105.5748062133789,0.07355434447526932,144.2094268798828
0.8462992310523987,507.3622131347656,1.1619541645050049,449.6403503417969
1.501102328300476,479.842529296875,1.438434362411499,446.09539794921875
0.36299213767051697,446.8188781738281,0.32154691219329834,384.4389953613281
1.3763779401779175,155.1102294921875,1.0743381977081299,166.2067108154297
1.4699212312698364,111.07874298095703,1.3826745748519897,117.29026794433594
1.2204724550247192,210.1496124267578,1.0334758758544922,263.0799560546875
1.236063003540039,221.15748596191406,1.2124013900756836,137.9425811767578
0.6436220407485962,358.7558898925781,0.4540250599384308,443.09332275390625
0.12913386523723602,485.3464660644531,0.1790667325258255,479.53302001953125
0.03559055179357529,639.4566650390625,-0.013258341699838638,643.2710571289062
0.113543301820755,595.4251708984375,0.4014638662338257,446.7108459472656
0.09795275330543518,661.472412109375,0.09938643872737885,588.1679077148438
0.08236220479011536,435.81103515625,0.025444822385907173,437.02581787109375
1.9532283544540405,468.8346862792969,1.4219436645507812,565.7630004882812
1.3763779401779175,78.05511474609375,1.3704535961151123,95.1519775390625
1.516692876815796,617.44091796875,1.5980972051620483,535.1368408203125
0.5188976526260376,408.2913513183594,0.7929539680480957,353.60089111328125
1.8596850633621216,545.8897705078125,1.7029188871383667,513.462158203125
0.48771652579307556,94.56694030761719,0.33342161774635315,95.5590591430664
2.0,78.05511474609375,1.7633413076400757,71.23147583007812
1.9376378059387207,270.6929016113281,1.1896742582321167,438.84613037109375
1.1269291639328003,188.13388061523438,1.1822996139526367,160.5465850830078
0.5033071041107178,435.81103515625,0.4965299963951111,490.9128723144531
0.9554330706596375,397.2834777832031,1.0228288173675537,445.1635437011719
0.03559055179357529,347.7480163574219,0.1777360737323761,313.1361999511719
1.6414172649383545,474.3385925292969,1.2730971574783325,558.2099609375
1.7661417722702026,358.7558898925781,1.8312989473342896,445.3336181640625
1.6881890296936035,523.8740234375,1.7325445413589478,526.5819702148438
0.7683464288711548,303.7165222167969,1.5009989738464355,226.30325317382812
1.5478739738464355,661.472412109375,1.340684175491333,656.9210205078125
0.47212597727775574,419.2992248535156,0.6680828332901001,319.84283447265625
0.48771652579307556,39.527557373046875,0.39445066452026367,52.90188217163086
0.3162204623222351,133.094482421875,0.22685541212558746,138.15003967285156
2.0,270.6929016113281,1.343024730682373,467.0544738769531
1.1425197124481201,254.1811065673828,1.0300805568695068,410.9393005371094
1.734960675239563,270.6929016113281,1.4860560894012451,303.82647705078125
0.26944881677627563,199.14173889160156,0.2913112938404083,161.3749237060547
0.7995275855064392,457.8267517089844,0.7269799113273621,399.2005920410156
1.906456708908081,419.2992248535156,1.909690499305725,501.48779296875
1.1892913579940796,309.220458984375,1.3778538703918457,246.7668914794922
0.33181101083755493,199.14173889160156,0.2792786955833435,230.12307739257812
0.7995275855064392,523.8740234375,0.8201082944869995,551.1414794921875
0.14472442865371704,413.7952880859375,0.13812075555324554,443.1642150878906
0.7995275855064392,133.094482421875,0.8551598191261292,112.22998046875
0.5656692981719971,292.7086486816406,0.45637840032577515,376.7397766113281
0.09795275330543518,391.779541015625,0.290073961019516,386.7408447265625
0.47212597727775574,479.842529296875,0.8147976398468018,332.4118957519531
0.2538582682609558,435.81103515625,0.2722099721431732,353.9862060546875
0.7215747833251953,127.5905532836914,0.6543721556663513,88.32479095458984
1.064566969871521,204.6456756591797,1.1198450326919556,217.60890197753906
1.4855117797851562,661.472412109375,1.2205694913864136,552.9110107421875
1.5790550708770752,435.81103515625,1.68583345413208,371.5296325683594
0.16031496226787567,573.409423828125,0.2758881151676178,562.7710571289062
1.5322834253311157,34.02362060546875,1.6468459367752075,-20.293973922729492
1.1113386154174805,122.08661651611328,0.8711603879928589,162.95738220214844
0.5344882011413574,276.19683837890625,0.7405930161476135,223.5247039794922
0.8618897795677185,650.4645385742188,0.5721064805984497,633.7179565429688
1.4387401342391968,138.59841918945312,1.3290867805480957,128.0509033203125
0.4565354287624359,78.05511474609375,0.32452312111854553,72.70977783203125
1.017795443534851,320.22833251953125,0.9518253207206726,250.4770050048828
0.752755880355835,386.2756042480469,1.0380910634994507,323.3092346191406
0.5344882011413574,254.1811065673828,0.7327020764350891,189.31539916992188
0.3941732347011566,540.3858032226562,0.3878128230571747,444.379638671875
1.9220472574234009,501.8582763671875,1.6099330186843872,607.44677734375
0.815118134021759,72.55117797851562,0.7507011294364929,78.07781982421875
0.7683464288711548,688.9921264648438,0.6230841279029846,616.1953125
0.6280314922332764,1.0,0.6677868366241455,-13.382589340209961
0.3785826861858368,171.62203979492188,0.47488799691200256,142.43165588378906
0.08236220479011536,468.8346862792969,0.2009674459695816,461.6854553222656
1.5478739738464355,408.2913513183594,1.6890296936035156,474.93865966796875
0.2538582682609558,6.503936767578125,0.31149569153785706,-18.563098907470703
1.0022047758102417,567.905517578125,1.3117402791976929,448.9933166503906
0.33181101083755493,408.2913513183594,0.3809220790863037,352.1302490234375
0.3785826861858368,391.779541015625,0.7486075758934021,322.564697265625
1.501102328300476,347.7480163574219,1.566697120666504,457.5707702636719
0.5188976526260376,248.6771697998047,0.5987976789474487,214.45123291015625
1.9532283544540405,281.7007751464844,1.3627485036849976,410.0736389160156
1.0022047758102417,17.511810302734375,1.2879539728164673,-8.848686218261719
0.16031496226787567,683.4881591796875,0.38504669070243835,551.2256469726562
0.42535433173179626,56.039371490478516,0.32044538855552673,38.3085823059082
1.5634645223617554,688.9921264648438,1.3038427829742432,756.148193359375
1.8596850633621216,116.58268737792969,1.6986589431762695,142.86485290527344
0.22267717123031616,133.094482421875,0.1932404637336731,139.9114532470703
1.1113386154174805,155.1102294921875,1.2212374210357666,172.76141357421875
1.8752756118774414,347.7480163574219,1.249306082725525,577.1918334960938
0.6280314922332764,606.4330444335938,0.9663246273994446,522.3603515625
0.8462992310523987,463.33074951171875,0.9912839531898499,498.1195373535156
1.7037795782089233,237.66929626464844,1.1331384181976318,388.634765625
1.501102328300476,408.2913513183594,1.1688798666000366,552.9968872070312
1.2048819065093994,204.6456756591797,1.0276894569396973,270.4367370605469
1.2984251976013184,144.10235595703125,1.0573140382766724,140.71910095214844
0.47212597727775574,193.63780212402344,0.4485556483268738,193.38726806640625
1.0957480669021606,61.54330825805664,1.347171664237976,39.91856384277344
1.6570079326629639,529.3779296875,1.1143003702163696,549.0861206054688
1.423149585723877,182.62994384765625,1.488934874534607,176.47750854492188
1.501102328300476,402.78741455078125,1.3843985795974731,453.1527404785156
1.3919684886932373,61.54330825805664,1.4030388593673706,79.14923858642578
0.28503936529159546,408.2913513183594,0.3140445947647095,388.8484191894531
0.7215747833251953,210.1496124267578,0.686100959777832,196.07589721679688
0.08236220479011536,380.77166748046875,-0.130933478474617,477.3340148925781
0.113543301820755,441.3149719238281,0.17370444536209106,374.8587646484375
1.516692876815796,683.4881591796875,1.5225374698638916,493.3268127441406
0.08236220479011536,303.7165222167969,0.23403063416481018,345.6864318847656
0.7371653318405151,325.7322692871094,0.9594091773033142,146.154541015625
0.5188976526260376,188.13388061523438,0.4282894730567932,266.2064514160156
0.36299213767051697,303.7165222167969,0.37829893827438354,278.9339904785156
0.7839370369911194,28.519685745239258,0.6787135004997253,77.41606140136719
0.47212597727775574,111.07874298095703,0.40468230843544006,156.5083465576172
1.4075590372085571,441.3149719238281,1.2405966520309448,441.8060607910156
0.7995275855064392,138.59841918945312,0.879989504814148,146.4834747314453
0.22267717123031616,474.3385925292969,0.1633690893650055,588.8580322265625
1.0801575183868408,700.0,0.5796410441398621,633.6304321289062
1.9688189029693604,56.039371490478516,1.9677635431289673,-0.08007538318634033
1.6881890296936035,193.63780212402344,1.1928396224975586,309.1344299316406
0.5812598466873169,83.55905151367188,0.568025529384613,67.6249771118164
0.815118134021759,105.5748062133789,0.9255720973014832,44.57432556152344
0.5812598466873169,34.02362060546875,0.4643399715423584,2.18275785446167
1.0801575183868408,501.8582763671875,1.1516778469085693,694.627685546875
0.5656692981719971,210.1496124267578,0.7942756414413452,138.4560089111328
1.6102361679077148,573.409423828125,1.1954972743988037,521.1802978515625
0.19149605929851532,672.4802856445312,0.09647196531295776,577.0321655273438
1.5322834253311157,683.4881591796875,1.7857588529586792,488.4785461425781
0.2538582682609558,100.07086944580078,0.17653167247772217,107.9679946899414
0.8618897795677185,639.4566650390625,1.0903563499450684,533.54931640625
0.7215747833251953,204.6456756591797,0.8570462465286255,188.47076416015625
1.6881890296936035,413.7952880859375,1.5483988523483276,376.2688903808594
1.7193701267242432,39.527557373046875,1.4583966732025146,107.25785827636719
0.752755880355835,661.472412109375,1.029710292816162,468.5090637207031
1.6570079326629639,193.63780212402344,1.3779330253601074,274.1981201171875
1.8752756118774414,56.039371490478516,1.5646189451217651,137.1942901611328
1.6258267164230347,144.10235595703125,1.5484541654586792,76.21662902832031
0.5188976526260376,314.7243957519531,0.7064686417579651,267.9345397949219
1.2516535520553589,160.61416625976562,1.180849313735962,170.23623657226562
0.752755880355835,688.9921264648438,0.7895629405975342,632.9705810546875
0.05118110775947571,408.2913513183594,0.16200165450572968,411.25164794921875
1.6570079326629639,369.7638244628906,1.5911617279052734,432.9158935546875
0.1759055107831955,221.15748596191406,0.1465669870376587,225.3882598876953
0.752755880355835,331.2362060546875,0.6904247403144836,391.3534851074219
1.4543306827545166,463.33074951171875,1.400080680847168,645.1983642578125
0.4409448802471161,364.2598876953125,0.4698023498058319,256.99560546875
1.9688189029693604,105.5748062133789,1.757490634918213,113.58138275146484
1.1892913579940796,474.3385925292969,1.4636000394821167,374.1740417480469
1.2828346490859985,644.9606323242188,1.9610761404037476,596.999267578125
0.9866141676902771,633.9527587890625,1.3217334747314453,580.8837890625
1.2828346490859985,303.7165222167969,1.046058177947998,421.4172058105469
0.22267717123031616,232.16537475585938,0.28516000509262085,177.3967742919922
0.6903936862945557,138.59841918945312,0.3000287413597107,186.24009704589844
0.9242519736289978,160.61416625976562,1.1312869787216187,229.87545776367188
1.2984251976013184,248.6771697998047,1.4062541723251343,218.93472290039062
1.501102328300476,160.61416625976562,1.3093950748443604,215.59446716308594
1.9532283544540405,243.17323303222656,0.9539944529533386,386.9992370605469
1.1892913579940796,446.8188781738281,1.3516967296600342,397.6125793457031
1.7973228693008423,67.0472412109375,1.5886338949203491,26.98751449584961
1.6102361679077148,232.16537475585938,1.6013950109481812,367.61907958984375
0.3785826861858368,419.2992248535156,0.47472402453422546,325.16949462890625
0.5500787496566772,336.7401428222656,0.6441318392753601,318.7480773925781
0.6436220407485962,254.1811065673828,0.3959471881389618,266.6888122558594
1.8752756118774414,567.905517578125,1.631022572517395,586.154296875
0.6280314922332764,177.1259765625,0.5413943529129028,237.65768432617188
1.4855117797851562,600.9291381835938,1.8484007120132446,395.4997253417969
0.6748031377792358,199.14173889160156,0.9093144536018372,162.9723358154297
1.3451968431472778,419.2992248535156,1.070691704750061,537.7612915039062
1.8908661603927612,188.13388061523438,1.6744029521942139,266.333251953125
1.017795443534851,628.4487915039062,1.3599371910095215,501.3582458496094
0.3941732347011566,138.59841918945312,0.36432504653930664,185.4215850830078
1.9532283544540405,622.9448852539062,1.3233808279037476,616.1057739257812
0.12913386523723602,127.5905532836914,0.12757709622383118,120.35627746582031
0.5812598466873169,325.7322692871094,1.0840065479278564,173.51824951171875
0.9242519736289978,485.3464660644531,0.8108353018760681,558.5020751953125
2.0,331.2362060546875,1.5851056575775146,483.81964111328125
1.3140157461166382,446.8188781738281,1.2024016380310059,465.79150390625
0.05118110775947571,314.7243957519531,0.21849730610847473,278.87945556640625
0.9710236191749573,94.56694030761719,0.7837563753128052,179.51242065429688
0.6124409437179565,397.2834777832031,0.5262886881828308,624.6384887695312
1.3763779401779175,204.6456756591797,1.1897203922271729,289.123779296875
0.47212597727775574,254.1811065673828,0.42236581444740295,246.73683166503906
1.3763779401779175,45.031494140625,1.5807311534881592,0.7926335334777832
1.6881890296936035,567.905517578125,1.6838568449020386,519.403076171875
0.6903936862945557,193.63780212402344,0.8081855177879333,133.278076171875
0.6903936862945557,463.33074951171875,0.9041943550109863,422.69281005859375
1.7037795782089233,28.519685745239258,1.652988314628601,-8.848594665527344
1.9376378059387207,127.5905532836914,1.8323707580566406,234.3824005126953
0.815118134021759,595.4251708984375,0.8438410758972168,522.588623046875
0.6124409437179565,441.3149719238281,0.783299446105957,388.96600341796875
1.2984251976013184,89.06298828125,1.17439603805542,104.28780364990234
1.423149585723877,617.44091796875,1.1326913833618164,713.7514038085938
0.9554330706596375,490.85040283203125,1.221222162246704,583.6587524414062
0.9554330706596375,127.5905532836914,1.1049554347991943,105.6129379272461
1.3607873916625977,408.2913513183594,1.2115750312805176,495.9754638671875
0.12913386523723602,281.7007751464844,0.20948252081871033,288.8249816894531
1.2048819065093994,496.3543395996094,0.8744176030158997,528.9011840820312
0.659212589263916,490.85040283203125,0.3911600410938263,607.8495483398438
0.20708660781383514,336.7401428222656,0.24691443145275116,294.4295654296875
1.2516535520553589,309.220458984375,0.5481693744659424,446.2876892089844
1.6725984811782837,353.251953125,1.4542917013168335,416.346435546875
1.1269291639328003,83.55905151367188,0.9056450724601746,143.93116760253906
0.7371653318405151,540.3858032226562,1.0201959609985352,415.29534912109375
1.423149585723877,611.93701171875,1.4861191511154175,509.8456115722656
1.1425197124481201,529.3779296875,0.5716775059700012,489.0334167480469
0.659212589263916,347.7480163574219,0.6362792253494263,427.5997314453125
1.8752756118774414,633.9527587890625,1.9268717765808105,577.8361206054688
1.5634645223617554,303.7165222167969,1.2761316299438477,343.6446838378906
0.5344882011413574,144.10235595703125,0.5592198967933655,146.36862182617188
0.6436220407485962,265.18896484375,0.45143696665763855,302.3772888183594
0.20708660781383514,424.80316162109375,0.4042486250400543,456.9855651855469
1.3919684886932373,391.779541015625,0.9143095016479492,507.29168701171875
0.47212597727775574,100.07086944580078,0.3434678018093109,70.18468475341797
0.19149605929851532,683.4881591796875,0.32858702540397644,674.6287841796875
0.40976378321647644,441.3149719238281,0.49534720182418823,439.3932189941406
0.2538582682609558,584.4172973632812,0.4710477888584137,584.1272583007812
0.6124409437179565,232.16537475585938,0.6975535750389099,207.73623657226562
1.236063003540039,485.3464660644531,0.9477360844612122,472.6099853515625
1.423149585723877,210.1496124267578,1.6368176937103271,145.75357055664062
1.9688189029693604,72.55117797851562,1.562308430671692,107.01898956298828
1.0957480669021606,166.11810302734375,1.0549774169921875,177.520263671875
0.019999999552965164,188.13388061523438,0.02942477911710739,217.3724822998047
0.20708660781383514,419.2992248535156,-0.08481328189373016,466.614501953125
1.4543306827545166,127.5905532836914,1.2439848184585571,121.8995590209961
1.7037795782089233,386.2756042480469,1.6045641899108887,445.8940124511719
0.7683464288711548,523.8740234375,0.5223727226257324,633.630126953125
0.12913386523723602,298.21258544921875,0.028588246554136276,376.139404296875
0.09795275330543518,226.66140747070312,0.43204495310783386,171.41615295410156
0.33181101083755493,556.8976440429688,0.7233635187149048,439.1426086425781
0.019999999552965164,149.60629272460938,0.1851121336221695,122.16767883300781
1.0801575183868408,397.2834777832031,1.132198452949524,450.44378662109375
1.017795443534851,215.65354919433594,0.8655281066894531,301.8268127441406
1.8596850633621216,188.13388061523438,1.6466035842895508,154.9337921142578
0.06677165627479553,28.519685745239258,0.16324464976787567,20.722511291503906
0.2538582682609558,397.2834777832031,0.22711192071437836,370.4465026855469
1.017795443534851,56.039371490478516,1.1449973583221436,67.1078872680664
0.12913386523723602,122.08661651611328,0.17092019319534302,66.23310852050781
0.42535433173179626,149.60629272460938,0.4091393053531647,138.26605224609375
1.9532283544540405,232.16537475585938,1.561968445777893,339.34912109375
1.0022047758102417,237.66929626464844,0.648551344871521,280.76397705078125
0.8618897795677185,281.7007751464844,1.1225826740264893,190.36598205566406
0.42535433173179626,650.4645385742188,1.1091639995574951,442.3005676269531
1.0957480669021606,182.62994384765625,1.3786979913711548,148.9224090576172
0.3006299138069153,50.53543472290039,0.31310439109802246,88.68733978271484
1.5790550708770752,578.9133911132812,1.7868202924728394,618.1713256835938
1.9376378059387207,578.9133911132812,1.63789963722229,507.58807373046875
0.4565354287624359,276.19683837890625,0.3211793899536133,327.2586364746094
1.4855117797851562,534.8818969726562,1.5634500980377197,535.3590087890625
0.7371653318405151,116.58268737792969,0.6364343166351318,167.0100555419922
1.236063003540039,210.1496124267578,0.9025893807411194,279.8029479980469
1.7661417722702026,628.4487915039062,1.6510359048843384,705.6767578125
0.238267719745636,435.81103515625,0.11295147240161896,535.8277587890625
0.6748031377792358,683.4881591796875,1.5590834617614746,448.0485534667969
0.03559055179357529,210.1496124267578,0.025137457996606827,268.52197265625
0.4565354287624359,232.16537475585938,0.662416934967041,210.45465087890625
1.7817323207855225,677.9842529296875,1.3412928581237793,661.4896850585938
0.7995275855064392,386.2756042480469,0.9452246427536011,449.7841796875
0.4409448802471161,45.031494140625,0.5079261064529419,40.37822341918945
1.594645619392395,545.8897705078125,1.8862820863723755,426.98138427734375
1.8908661603927612,644.9606323242188,1.6036255359649658,605.1629028320312
0.7215747833251953,67.0472412109375,0.5947220921516418,79.48571014404297
0.19149605929851532,336.7401428222656,0.28147366642951965,305.1883850097656
1.3451968431472778,160.61416625976562,1.6656943559646606,161.33677673339844
0.1759055107831955,496.3543395996094,0.18019554018974304,487.8223876953125
0.4409448802471161,507.3622131347656,0.5680840015411377,376.0603942871094
1.0333858728408813,567.905517578125,1.1813685894012451,455.1681213378906
0.019999999552965164,28.519685745239258,0.0823424905538559,44.83358383178711
1.0022047758102417,94.56694030761719,0.5539914965629578,158.45216369628906
0.3162204623222351,204.6456756591797,0.5744065642356873,151.84552001953125
1.0022047758102417,292.7086486816406,0.7760313749313354,355.99468994140625
1.6881890296936035,529.3779296875,1.13627290725708,621.4725341796875
1.3763779401779175,160.61416625976562,1.1160235404968262,185.77650451660156
1.1892913579940796,419.2992248535156,1.6220123767852783,368.51007080078125
1.501102328300476,336.7401428222656,1.7144039869308472,279.8830871582031
1.8440945148468018,1.0,1.7924481630325317,9.932350158691406
0.9866141676902771,578.9133911132812,1.4408854246139526,565.858642578125
1.3919684886932373,694.4960327148438,1.339798927307129,552.7174682617188
0.019999999552965164,457.8267517089844,0.09739919006824493,371.986572265625
1.734960675239563,78.05511474609375,1.5625194311141968,118.7603988647461
0.9866141676902771,309.220458984375,1.1298565864562988,406.3119201660156
0.06677165627479553,287.2047119140625,0.1436855047941208,278.77545166015625
0.8307086825370789,672.4802856445312,0.6158257126808167,651.8528442382812
1.9376378059387207,584.4172973632812,1.2454928159713745,603.3116455078125
0.5968503952026367,666.9763793945312,0.5801765322685242,505.1683349609375
1.1425197124481201,83.55905151367188,1.3422547578811646,-43.11186981201172
0.5656692981719971,496.3543395996094,0.615132749080658,446.5380859375
0.752755880355835,402.78741455078125,0.3724271059036255,547.0331420898438
1.1892913579940796,633.9527587890625,1.5545998811721802,524.6863403320312
0.815118134021759,182.62994384765625,0.6845011115074158,124.3470687866211
0.36299213767051697,507.3622131347656,0.3684585988521576,366.2944030761719
1.9220472574234009,83.55905151367188,1.5093469619750977,188.00115966796875
0.8462992310523987,281.7007751464844,0.6354593634605408,374.192626953125
0.47212597727775574,375.26776123046875,0.4789225459098816,364.6552734375
1.4699212312698364,325.7322692871094,1.2627314329147339,495.4841613769531
0.22267717123031616,628.4487915039062,0.20178985595703125,611.2614135742188
0.42535433173179626,347.7480163574219,0.3151015639305115,447.7520446777344
1.2204724550247192,397.2834777832031,1.1262820959091187,376.8632507324219
1.3140157461166382,628.4487915039062,1.351253867149353,562.6085815429688
1.5478739738464355,83.55905151367188,1.3435533046722412,110.01451110839844
0.09795275330543518,188.13388061523438,0.2917426824569702,128.3566436767578
0.7059842348098755,672.4802856445312,0.9187687039375305,534.0597534179688
1.423149585723877,221.15748596191406,1.2720746994018555,284.1018981933594
0.33181101083755493,562.4015502929688,0.15490823984146118,462.67669677734375
0.6124409437179565,331.2362060546875,0.4410940408706665,311.31109619140625
1.828503966331482,292.7086486816406,1.0639333724975586,490.6591796875
0.12913386523723602,595.4251708984375,0.07079066336154938,665.384521484375
0.3006299138069153,485.3464660644531,0.17579345405101776,496.5248718261719
0.7839370369911194,100.07086944580078,0.771518349647522,49.578521728515625
1.6725984811782837,485.3464660644531,1.4728832244873047,365.4482421875
0.5812598466873169,611.93701171875,0.6119059324264526,492.8046875
1.6725984811782837,358.7558898925781,1.6562458276748657,396.1464538574219
0.42535433173179626,600.9291381835938,0.9373294115066528,620.3165893554688
1.3140157461166382,540.3858032226562,0.7821691632270813,546.019287109375
0.4565354287624359,688.9921264648438,0.24009692668914795,630.5653076171875
1.6414172649383545,424.80316162109375,1.5916783809661865,511.95086669921875
1.501102328300476,441.3149719238281,1.220176339149475,516.3135375976562
1.6881890296936035,474.3385925292969,1.3093880414962769,551.5353393554688
2.0,105.5748062133789,1.4872510433197021,234.88543701171875
1.5478739738464355,364.2598876953125,1.4368342161178589,443.0604248046875
1.6102361679077148,133.094482421875,1.937617301940918,73.18621826171875
0.7371653318405151,655.968505859375,0.9807887077331543,526.4291381835938
1.828503966331482,215.65354919433594,1.2866977453231812,448.9114074707031
1.734960675239563,380.77166748046875,1.3732948303222656,431.59326171875
0.14472442865371704,457.8267517089844,0.2877628803253174,430.6295166015625
1.812913417816162,501.8582763671875,1.4322720766067505,506.4825134277344
1.1113386154174805,490.85040283203125,1.0382506847381592,537.0851440429688
0.42535433173179626,133.094482421875,0.21872542798519135,123.98535919189453
0.3785826861858368,573.409423828125,0.14291098713874817,617.8694458007812
0.47212597727775574,23.0157470703125,0.4903181791305542,-2.1418557167053223
0.815118134021759,6.503936767578125,0.8452343940734863,-1.6720004081726074
0.09795275330543518,595.4251708984375,0.10864929854869843,566.7078857421875
0.9866141676902771,424.80316162109375,1.128969669342041,350.9721374511719
1.423149585723877,452.32281494140625,1.1956931352615356,485.2711486816406
0.48771652579307556,479.842529296875,0.7751336097717285,448.0850524902344
0.1759055107831955,314.7243957519531,0.1523904800415039,389.15374755859375
1.8908661603927612,490.85040283203125,1.7485681772232056,575.9570922851562
1.423149585723877,215.65354919433594,1.191243290901184,230.34866333007812
0.238267719745636,595.4251708984375,0.7662007808685303,248.9972381591797
0.7371653318405151,369.7638244628906,0.7214580178260803,356.9066162109375
0.5656692981719971,45.031494140625,0.6495054960250854,22.706830978393555
1.236063003540039,501.8582763671875,0.9920282959938049,575.449462890625
1.3919684886932373,243.17323303222656,1.0342165231704712,409.8551025390625
1.1737008094787598,430.3070983886719,1.5848010778427124,439.21673583984375
1.6414172649383545,215.65354919433594,1.7104772329330444,206.54190063476562
1.7973228693008423,182.62994384765625,1.5016589164733887,314.9434814453125
0.7839370369911194,380.77166748046875,0.7032806873321533,402.07147216796875
1.7505512237548828,353.251953125,1.4642510414123535,480.10198974609375
0.09795275330543518,408.2913513183594,0.08490219712257385,408.76324462890625
0.48771652579307556,644.9606323242188,0.8105859756469727,534.0425415039062
1.828503966331482,204.6456756591797,1.4705582857131958,252.81674194335938
1.5790550708770752,666.9763793945312,1.300126075744629,588.5989990234375
0.08236220479011536,243.17323303222656,0.26449501514434814,208.4451141357422
1.9376378059387207,56.039371490478516,2.0995280742645264,24.29320526123047
1.516692876815796,650.4645385742188,1.453025460243225,570.633056640625
0.7059842348098755,413.7952880859375,1.2483272552490234,480.7841796875
1.9220472574234009,584.4172973632812,1.340477466583252,571.4104614257812
1.7193701267242432,386.2756042480469,1.5119298696517944,392.9093322753906
0.14472442865371704,12.00787353515625,0.31722986698150635,-21.919218063354492
1.4543306827545166,105.5748062133789,1.394655704498291,102.32085418701172
0.3785826861858368,551.3936767578125,0.6737669706344604,452.60443115234375
1.7661417722702026,622.9448852539062,1.6532279253005981,602.654052734375
1.516692876815796,622.9448852539062,1.865238070487976,564.7566528320312
0.06677165627479553,353.251953125,-0.12832313776016235,527.8496704101562
1.2984251976013184,606.4330444335938,1.3988232612609863,591.0208740234375
0.22267717123031616,375.26776123046875,0.23578648269176483,332.25762939453125
0.6280314922332764,160.61416625976562,0.5992093682289124,218.04664611816406
1.064566969871521,633.9527587890625,1.4606552124023438,402.75994873046875
1.501102328300476,573.409423828125,1.5120733976364136,541.0597534179688
0.12913386523723602,512.8661499023438,0.44540148973464966,388.4061584472656
1.7193701267242432,347.7480163574219,1.402738094329834,491.3211975097656
0.8930708765983582,259.6850280761719,1.005144476890564,262.4788513183594
1.6414172649383545,353.251953125,1.547121286392212,431.52642822265625
1.7661417722702026,567.905517578125,1.260388731956482,649.7081298828125
1.6414172649383545,496.3543395996094,1.296328067779541,561.8314819335938
0.4409448802471161,144.10235595703125,0.5908275246620178,120.31800079345703
0.20708660781383514,540.3858032226562,0.4695006310939789,374.3760986328125
0.8462992310523987,116.58268737792969,0.7427710890769958,164.2955322265625
1.2048819065093994,78.05511474609375,1.237231969833374,22.15403175354004
0.47212597727775574,259.6850280761719,0.7820490598678589,196.08282470703125
0.3785826861858368,122.08661651611328,0.4475376307964325,107.01276397705078
1.2828346490859985,430.3070983886719,0.5583144426345825,548.1792602539062
0.03559055179357529,578.9133911132812,0.1070801168680191,478.0462951660156
1.4543306827545166,364.2598876953125,1.4927916526794434,435.3026428222656
1.064566969871521,232.16537475585938,1.0390182733535767,329.06268310546875
1.8908661603927612,199.14173889160156,1.6092592477798462,215.4811553955078
0.8307086825370789,182.62994384765625,0.9631980061531067,224.5719757080078
0.33181101083755493,391.779541015625,0.6634899973869324,441.5464782714844
0.8307086825370789,248.6771697998047,0.8341580033302307,308.98883056640625
1.2204724550247192,83.55905151367188,1.1248565912246704,56.889854431152344
0.2538582682609558,358.7558898925781,0.42199963331222534,306.5929260253906
0.2538582682609558,105.5748062133789,0.11738063395023346,121.40678405761719
0.3162204623222351,331.2362060546875,0.643721878528595,198.41053771972656
0.5968503952026367,644.9606323242188,0.7573602795600891,544.357177734375
1.0333858728408813,562.4015502929688,1.1425079107284546,628.21826171875
0.8618897795677185,694.4960327148438,1.109889268875122,448.9534912109375
1.0957480669021606,105.5748062133789,1.1585270166397095,65.8156509399414
1.516692876815796,144.10235595703125,1.2382901906967163,176.76942443847656
1.4543306827545166,562.4015502929688,1.867817759513855,508.77630615234375
0.36299213767051697,314.7243957519531,0.21938365697860718,333.525390625
1.4699212312698364,342.24407958984375,1.5842119455337524,280.03216552734375
1.3763779401779175,622.9448852539062,1.3081610202789307,476.6393127441406
1.906456708908081,584.4172973632812,1.3976033926010132,729.36328125
1.5634645223617554,28.519685745239258,1.7532473802566528,-6.754942893981934
1.2672441005706787,243.17323303222656,1.2755486965179443,240.1249542236328
0.5188976526260376,83.55905151367188,0.42692431807518005,92.94966888427734
1.7505512237548828,243.17323303222656,1.5833237171173096,303.536376953125
1.594645619392395,600.9291381835938,1.0210959911346436,608.624267578125
0.9866141676902771,17.511810302734375,1.2084821462631226,-10.677685737609863
0.238267719745636,331.2362060546875,0.024755001068115234,413.2589111328125
1.1269291639328003,221.15748596191406,1.0777891874313354,212.14181518554688
1.2984251976013184,94.56694030761719,1.0928266048431396,119.27685546875
1.2828346490859985,50.53543472290039,1.3440178632736206,88.26898193359375
1.8752756118774414,50.53543472290039,1.8706600666046143,10.855307579040527
1.4855117797851562,606.4330444335938,1.2201509475708008,606.3146362304688
1.3919684886932373,430.3070983886719,1.590218186378479,502.5476989746094
1.8752756118774414,589.9212646484375,1.5018912553787231,535.921875
1.8908661603927612,67.0472412109375,1.5169321298599243,127.13983917236328
0.8930708765983582,188.13388061523438,0.930881917476654,198.59359741210938
0.9554330706596375,518.3700561523438,1.0814964771270752,535.5977783203125
0.9554330706596375,369.7638244628906,1.0620760917663574,359.6961669921875
1.0333858728408813,479.842529296875,1.2757097482681274,374.4964294433594
0.9710236191749573,573.409423828125,1.10715913772583,548.4046020507812
0.20708660781383514,700.0,0.7881211042404175,489.910888671875
0.9242519736289978,584.4172973632812,1.2887580394744873,526.49658203125
0.7995275855064392,556.8976440429688,0.6679370403289795,558.0715942382812
1.0801575183868408,622.9448852539062,1.1001068353652954,450.6844177246094
0.238267719745636,639.4566650390625,0.40522119402885437,654.919921875
0.5968503952026367,353.251953125,0.6912327408790588,361.1619873046875
1.8752756118774414,562.4015502929688,1.5495868921279907,622.6394653320312
1.15811026096344,402.78741455078125,1.5974392890930176,280.14801025390625
1.7037795782089233,622.9448852539062,1.5724478960037231,705.3160400390625
0.3162204623222351,28.519685745239258,0.05500691011548042,64.30854797363281
1.064566969871521,6.503936767578125,0.9685459136962891,-9.66179084777832
0.03559055179357529,281.7007751464844,0.15867239236831665,279.076416015625
0.08236220479011536,45.031494140625,0.21246932446956635,29.588197708129883
0.06677165627479553,402.78741455078125,0.02296794019639492,426.7771911621094
0.08236220479011536,276.19683837890625,0.2290647327899933,218.78302001953125
1.7505512237548828,105.5748062133789,1.503877878189087,143.47430419921875
1.6725984811782837,50.53543472290039,1.4081530570983887,95.77667236328125
0.6903936862945557,661.472412109375,1.3741713762283325,438.7370300292969
1.329606294631958,435.81103515625,1.581156611442566,440.82269287109375
1.9376378059387207,292.7086486816406,1.639618992805481,397.99859619140625
0.47212597727775574,155.1102294921875,0.4512180984020233,180.26376342773438
0.5812598466873169,633.9527587890625,0.5306313633918762,602.5728149414062
1.1269291639328003,584.4172973632812,0.8415750861167908,596.7293701171875
1.423149585723877,435.81103515625,1.3346800804138184,510.9479064941406
1.2984251976013184,688.9921264648438,1.0653595924377441,646.5001220703125
1.7193701267242432,562.4015502929688,1.8666069507598877,451.8633728027344
0.33181101083755493,463.33074951171875,0.7411682605743408,406.5198059082031
0.019999999552965164,116.58268737792969,0.11796513199806213,109.93473815917969
1.3607873916625977,292.7086486816406,1.5542851686477661,282.54754638671875
0.3941732347011566,628.4487915039062,0.4526653587818146,615.6710205078125
1.0801575183868408,507.3622131347656,1.1158549785614014,580.4711303710938
1.5634645223617554,127.5905532836914,1.4529500007629395,193.15464782714844
1.4855117797851562,545.8897705078125,1.5519189834594727,665.5964965820312
0.08236220479011536,507.3622131347656,0.27363845705986023,605.057373046875
1.423149585723877,111.07874298095703,0.9568566679954529,221.478271484375
1.3607873916625977,111.07874298095703,1.4224811792373657,120.05599212646484
1.9532283544540405,83.55905151367188,1.5672221183776855,142.04014587402344
1.3763779401779175,556.8976440429688,1.2265117168426514,548.5758666992188
0.6903936862945557,446.8188781738281,0.6859287023544312,449.8263854980469
1.516692876815796,204.6456756591797,1.5728646516799927,145.34854125976562
0.05118110775947571,188.13388061523438,0.15138490498065948,178.11883544921875
1.329606294631958,193.63780212402344,1.116518259048462,221.65542602539062
1.3763779401779175,23.0157470703125,1.5801655054092407,-25.244770050048828
0.8462992310523987,188.13388061523438,0.8896936774253845,141.98175048828125
1.906456708908081,215.65354919433594,1.3065215349197388,304.53704833984375
1.017795443534851,545.8897705078125,0.9929441809654236,539.37890625
1.1269291639328003,298.21258544921875,1.2138996124267578,290.1119384765625
0.47212597727775574,50.53543472290039,0.5732709169387817,38.0827751159668
1.5478739738464355,292.7086486816406,1.2630349397659302,359.48443603515625
0.019999999552965164,50.53543472290039,0.15620437264442444,24.970375061035156
0.5812598466873169,276.19683837890625,0.41304874420166016,300.4460754394531
1.7193701267242432,149.60629272460938,1.1783447265625,216.51431274414062
1.828503966331482,534.8818969726562,1.6281771659851074,634.301025390625
0.36299213767051697,276.19683837890625,0.4972367286682129,203.62806701660156
1.329606294631958,347.7480163574219,1.4242671728134155,251.99049377441406
0.06677165627479553,551.3936767578125,0.14518442749977112,507.97088623046875
0.5968503952026367,72.55117797851562,0.5635700821876526,100.6318130493164
1.7817323207855225,127.5905532836914,1.3057749271392822,149.6891632080078
1.15811026096344,309.220458984375,0.9768657684326172,332.0223693847656
0.7215747833251953,342.24407958984375,0.42017483711242676,438.8504333496094
1.1269291639328003,419.2992248535156,1.2545793056488037,472.9512023925781
0.4565354287624359,89.06298828125,0.4020971953868866,82.2732162475586
0.2538582682609558,287.2047119140625,0.43125033378601074,247.18540954589844
1.7817323207855225,364.2598876953125,1.424426555633545,394.3953552246094
1.4855117797851562,56.039371490478516,1.4147576093673706,30.53236198425293
1.329606294631958,518.3700561523438,1.4491195678710938,377.55511474609375
1.423149585723877,12.00787353515625,1.5288398265838623,-15.377531051635742
1.7973228693008423,600.9291381835938,1.7785004377365112,485.5624084472656
1.812913417816162,452.32281494140625,1.4623651504516602,628.7064208984375
0.6280314922332764,688.9921264648438,0.7243404984474182,454.1983947753906
0.7995275855064392,67.0472412109375,0.8058684468269348,64.04704284667969
1.5478739738464355,650.4645385742188,1.4744563102722168,521.7504272460938
0.9242519736289978,452.32281494140625,0.6854035258293152,392.624267578125
0.238267719745636,446.8188781738281,0.2238345444202423,507.09393310546875
0.9242519736289978,655.968505859375,1.0735597610473633,595.0701293945312
0.33181101083755493,688.9921264648438,0.5343570113182068,532.4578247070312
1.7505512237548828,567.905517578125,1.045459270477295,588.3858032226562
0.3162204623222351,446.8188781738281,0.01185682788491249,521.2881469726562
1.2984251976013184,551.3936767578125,1.0474289655685425,590.3822021484375
1.1737008094787598,364.2598876953125,0.9843415021896362,376.2398376464844
1.2984251976013184,166.11810302734375,0.8128687143325806,238.4488983154297
0.7995275855064392,94.56694030761719,0.8467139005661011,86.97642517089844
0.8930708765983582,193.63780212402344,0.5408931374549866,287.8135070800781
1.3607873916625977,215.65354919433594,1.039610743522644,458.51055908203125
1.5634645223617554,694.4960327148438,1.4981199502944946,570.3004150390625
1.5634645223617554,672.4802856445312,1.4575644731521606,561.0045166015625
0.9866141676902771,353.251953125,1.1248738765716553,312.2761535644531
0.48771652579307556,171.62203979492188,0.46138903498649597,181.5672607421875
1.017795443534851,12.00787353515625,0.9659704566001892,44.78251266479492
1.5634645223617554,457.8267517089844,1.530792474746704,381.4590759277344
0.7683464288711548,485.3464660644531,0.7397392392158508,616.8048095703125
0.9710236191749573,391.779541015625,0.7196399569511414,497.6741943359375
0.5968503952026367,1.0,0.5518822073936462,1.8855868577957153
1.4543306827545166,72.55117797851562,1.1323964595794678,86.40576934814453
1.329606294631958,655.968505859375,1.3268402814865112,617.6202392578125
1.3607873916625977,232.16537475585938,1.2109297513961792,319.6584777832031
0.47212597727775574,314.7243957519531,0.4448115825653076,399.238037109375
0.8462992310523987,606.4330444335938,0.9400784969329834,523.6203002929688
1.4075590372085571,215.65354919433594,0.9981858134269714,311.8218078613281
0.47212597727775574,430.3070983886719,0.5483106374740601,457.49591064453125
0.08236220479011536,1.0,0.10817864537239075,-38.55792999267578
1.734960675239563,204.6456756591797,1.4960097074508667,297.18731689453125
0.34740158915519714,666.9763793945312,0.5088344812393188,521.6995239257812
0.03559055179357529,419.2992248535156,0.0018377546221017838,584.1201782226562
1.3919684886932373,551.3936767578125,1.34713876247406,553.3302001953125
0.9242519736289978,446.8188781738281,1.360018014907837,346.0841064453125
1.6258267164230347,435.81103515625,1.4116334915161133,483.6017761230469
1.3763779401779175,534.8818969726562,1.5647896528244019,546.27978515625
0.26944881677627563,688.9921264648438,0.1635981649160385,568.6979370117188
0.3785826861858368,402.78741455078125,0.37261122465133667,374.29705810546875
0.26944881677627563,507.3622131347656,0.10298874974250793,576.302001953125
1.6102361679077148,369.7638244628906,1.41610586643219,430.1679382324219
1.7661417722702026,578.9133911132812,1.5687072277069092,478.7333679199219
0.7059842348098755,94.56694030761719,0.44651830196380615,114.52642822265625
0.33181101083755493,430.3070983886719,0.21653924882411957,509.476806640625
0.05118110775947571,265.18896484375,0.2566179633140564,243.37490844726562
0.40976378321647644,485.3464660644531,0.7378396987915039,442.5843200683594
0.4565354287624359,270.6929016113281,0.6108328700065613,211.40464782714844
0.6903936862945557,413.7952880859375,0.38549569249153137,571.746826171875
0.4409448802471161,655.968505859375,0.43541419506073,515.0556640625
1.6102361679077148,309.220458984375,1.8027632236480713,344.2283630371094
0.3785826861858368,545.8897705078125,0.38358935713768005,531.8025512695312
1.9376378059387207,507.3622131347656,1.1560828685760498,524.8527221679688
0.8774803280830383,309.220458984375,0.6229140162467957,434.9629211425781
1.812913417816162,556.8976440429688,1.2350491285324097,579.1754760742188
0.09795275330543518,606.4330444335938,0.25810524821281433,371.5115051269531
0.9866141676902771,342.24407958984375,1.272215485572815,304.3857727050781
0.2538582682609558,628.4487915039062,0.18124979734420776,633.3128662109375
0.5033071041107178,144.10235595703125,0.45916619896888733,177.5228271484375
0.9554330706596375,94.56694030761719,1.0900100469589233,73.85797119140625
0.9866141676902771,325.7322692871094,0.7214215993881226,398.9026184082031
0.2538582682609558,232.16537475585938,0.21605616807937622,256.631103515625
0.12913386523723602,276.19683837890625,0.093272864818573,268.2498474121094
0.9398425221443176,375.26776123046875,0.7065388560295105,350.36297607421875
0.5500787496566772,496.3543395996094,0.591848611831665,625.9283447265625
1.2984251976013184,600.9291381835938,1.6595914363861084,558.4148559570312
0.7215747833251953,23.0157470703125,0.8278336524963379,2.4686317443847656
0.6280314922332764,463.33074951171875,0.8490374088287354,388.775634765625
1.2204724550247192,463.33074951171875,1.4558217525482178,495.5679016113281
1.2672441005706787,12.00787353515625,1.4781348705291748,-46.199771881103516
2.0,111.07874298095703,1.9748387336730957,119.30136108398438
0.6903936862945557,56.039371490478516,0.7863778471946716,36.545867919921875
0.19149605929851532,589.9212646484375,0.3991380035877228,532.3814697265625
1.5322834253311157,672.4802856445312,1.7423784732818604,482.61309814453125
0.8774803280830383,661.472412109375,1.2467793226242065,611.7701416015625
0.659212589263916,226.66140747070312,0.5880478024482727,245.72398376464844
1.1113386154174805,501.8582763671875,1.0805003643035889,576.3052368164062
0.26944881677627563,540.3858032226562,0.5284654498100281,597.5697631835938
1.423149585723877,419.2992248535156,1.264138102531433,511.9820861816406
1.7661417722702026,188.13388061523438,1.7354400157928467,148.67481994628906
1.516692876815796,595.4251708984375,1.7607884407043457,469.4168701171875
1.2984251976013184,72.55117797851562,1.188754677772522,156.19422912597656
1.8908661603927612,221.15748596191406,1.7726397514343262,175.6886749267578
0.03559055179357529,364.2598876953125,0.19058120250701904,309.71649169921875
1.0489764213562012,336.7401428222656,1.3200629949569702,425.8484191894531
1.2984251976013184,116.58268737792969,1.264181137084961,103.6280746459961
0.9398425221443176,474.3385925292969,0.748162031173706,459.81427001953125
0.05118110775947571,364.2598876953125,0.3618538975715637,285.424560546875
0.36299213767051697,199.14173889160156,0.06521390378475189,302.2811584472656
1.8440945148468018,468.8346862792969,1.7989720106124878,492.7265319824219
0.7683464288711548,397.2834777832031,0.8687188029289246,389.2041015625
0.7995275855064392,177.1259765625,0.473130464553833,245.42904663085938
1.017795443534851,342.24407958984375,1.112352728843689,323.2198181152344
0.6124409437179565,622.9448852539062,0.46970415115356445,585.3768920898438
0.5812598466873169,160.61416625976562,0.46972164511680603,154.4764404296875
0.9554330706596375,358.7558898925781,0.8419758081436157,547.115478515625
1.1892913579940796,485.3464660644531,1.2001867294311523,558.302734375
1.2984251976013184,320.22833251953125,1.5319254398345947,266.355224609375
0.3941732347011566,237.66929626464844,0.12291724979877472,311.79608154296875
0.22267717123031616,567.905517578125,0.43665263056755066,556.1234130859375
1.0801575183868408,270.6929016113281,0.8718460202217102,373.2019348144531
1.3451968431472778,226.66140747070312,0.9752531051635742,273.4288024902344
1.2828346490859985,28.519685745239258,1.347185492515564,-7.1074018478393555
0.6748031377792358,430.3070983886719,0.7235104441642761,415.3943786621094
0.47212597727775574,386.2756042480469,0.663517951965332,374.80889892578125
1.423149585723877,474.3385925292969,1.2670525312423706,528.4894409179688
0.9242519736289978,155.1102294921875,1.1548384428024292,82.5897445678711
0.9866141676902771,419.2992248535156,0.7657792568206787,478.8134765625
0.6124409437179565,606.4330444335938,0.6820273399353027,602.6932373046875
1.6258267164230347,210.1496124267578,1.0368540287017822,391.69873046875
1.4387401342391968,391.779541015625,1.190364122390747,460.07098388671875
0.8618897795677185,138.59841918945312,0.8079869151115417,152.33096313476562
0.8930708765983582,375.26776123046875,1.0699169635772705,296.07037353515625
0.28503936529159546,364.2598876953125,0.49239280819892883,291.9786682128906
0.03559055179357529,435.81103515625,0.16756053268909454,411.1965637207031
0.09795275330543518,353.251953125,0.2914648652076721,258.3017578125
1.7817323207855225,551.3936767578125,1.1439846754074097,549.3357543945312
0.1759055107831955,413.7952880859375,0.2225848287343979,459.4952697753906
1.8440945148468018,683.4881591796875,1.5148122310638428,567.7503662109375
0.42535433173179626,386.2756042480469,0.2412540316581726,431.34783935546875
1.6881890296936035,369.7638244628906,1.2336393594741821,513.2298583984375
1.6414172649383545,171.62203979492188,1.2167352437973022,348.4836120605469
0.36299213767051697,259.6850280761719,0.4476110339164734,241.096435546875
0.8774803280830383,1.0,0.8856592178344727,13.525421142578125
1.4855117797851562,83.55905151367188,1.8135857582092285,93.08979034423828
0.7059842348098755,215.65354919433594,0.9138229489326477,114.30684661865234
1.8596850633621216,265.18896484375,1.8288639783859253,220.64874267578125
0.3006299138069153,408.2913513183594,0.21841907501220703,468.3254089355469
0.659212589263916,452.32281494140625,0.41561979055404663,509.7221374511719
0.06677165627479553,501.8582763671875,0.4120129346847534,415.5537414550781
1.9220472574234009,507.3622131347656,1.8838021755218506,478.5691223144531
0.5188976526260376,617.44091796875,0.5598241090774536,586.9439086914062
1.3919684886932373,298.21258544921875,1.3765559196472168,193.63516235351562
1.4699212312698364,155.1102294921875,1.338362216949463,135.9503631591797
0.908661425113678,567.905517578125,1.0915149450302124,533.365478515625
1.9532283544540405,116.58268737792969,1.5719786882400513,123.60131072998047
0.4565354287624359,353.251953125,0.29316458106040955,435.1727294921875
1.5322834253311157,127.5905532836914,1.5593174695968628,132.03790283203125
0.7371653318405151,435.81103515625,1.2057757377624512,352.8288879394531
1.017795443534851,364.2598876953125,1.1383086442947388,338.39593505859375
1.9688189029693604,94.56694030761719,1.8453583717346191,96.74718475341797
0.28503936529159546,644.9606323242188,0.6895608901977539,417.0826416015625
0.03559055179357529,567.905517578125,-0.10915011167526245,620.4382934570312
1.7973228693008423,215.65354919433594,1.491715669631958,225.04324340820312
0.20708660781383514,204.6456756591797,0.35960814356803894,135.9266815185547
1.064566969871521,331.2362060546875,1.091790795326233,344.18072509765625
1.2516535520553589,655.968505859375,1.711681842803955,533.7454223632812
1.2048819065093994,639.4566650390625,0.9887239336967468,664.3998413085938
1.8440945148468018,188.13388061523438,1.4263733625411987,182.46620178222656
1.4387401342391968,474.3385925292969,1.1088992357254028,535.2422485351562
1.5634645223617554,292.7086486816406,1.3877428770065308,362.3890075683594
1.5634645223617554,270.6929016113281,1.597946047782898,244.5204315185547
1.423149585723877,270.6929016113281,1.3411312103271484,232.83277893066406
1.5478739738464355,309.220458984375,1.4111080169677734,437.76763916015625
0.8307086825370789,369.7638244628906,0.6470025181770325,423.8247985839844
0.48771652579307556,617.44091796875,0.7753782868385315,628.763427734375
1.4075590372085571,237.66929626464844,1.5786775350570679,163.80459594726562
0.9242519736289978,331.2362060546875,0.9995577931404114,336.46136474609375
1.0801575183868408,34.02362060546875,1.6511726379394531,-24.61859130859375
0.16031496226787567,292.7086486816406,0.09474049508571625,269.4200744628906
1.1425197124481201,419.2992248535156,0.9080866575241089,424.4836730957031
1.423149585723877,463.33074951171875,1.4618769884109497,499.58148193359375
1.7505512237548828,127.5905532836914,1.4929406642913818,135.34628295898438
0.20708660781383514,138.59841918945312,0.26977846026420593,110.09258270263672
0.6748031377792358,171.62203979492188,0.8791695237159729,104.96092987060547
0.7371653318405151,122.08661651611328,0.41198670864105225,227.96669006347656
0.5033071041107178,545.8897705078125,0.35577332973480225,622.139404296875
1.2048819065093994,292.7086486816406,0.7884573936462402,406.95379638671875
0.7995275855064392,628.4487915039062,0.41434746980667114,697.2280883789062
1.6725984811782837,551.3936767578125,1.814297080039978,571.774658203125
0.7683464288711548,292.7086486816406,0.413320928812027,416.0113830566406
1.1269291639328003,573.409423828125,1.338538646697998,548.0015258789062
1.8752756118774414,600.9291381835938,1.3354593515396118,588.768798828125
0.8774803280830383,628.4487915039062,0.9099516272544861,506.95062255859375
1.6258267164230347,232.16537475585938,1.5922077894210815,171.43051147460938
0.8462992310523987,419.2992248535156,0.824828565120697,328.84320068359375
0.5344882011413574,259.6850280761719,0.9812226295471191,165.94273376464844
0.6280314922332764,452.32281494140625,0.8400423526763916,429.7445068359375
0.34740158915519714,468.8346862792969,0.30286791920661926,476.89007568359375
0.05118110775947571,589.9212646484375,0.25595784187316895,441.79058837890625
1.0022047758102417,617.44091796875,0.8767443299293518,542.9795532226562
0.7683464288711548,573.409423828125,1.150733470916748,515.2516479492188
0.16031496226787567,144.10235595703125,0.176394522190094,101.53263854980469
0.26944881677627563,589.9212646484375,0.24180427193641663,487.784912109375
0.3162204623222351,441.3149719238281,0.34004294872283936,395.1807556152344
1.5634645223617554,105.5748062133789,1.1751923561096191,174.78421020507812
0.5188976526260376,56.039371490478516,0.4095737040042877,20.22065544128418
1.9376378059387207,83.55905151367188,1.831864833831787,56.6653938293457
1.0333858728408813,23.0157470703125,0.9127146601676941,36.32443618774414
1.2828346490859985,479.842529296875,1.3680834770202637,460.7359313964844
1.7037795782089233,270.6929016113281,1.52775239944458,312.9688720703125
1.0801575183868408,320.22833251953125,1.0882854461669922,226.54885864257812
0.9554330706596375,12.00787353515625,1.0992013216018677,-17.473419189453125
1.3451968431472778,61.54330825805664,1.4445397853851318,89.34833526611328
1.7505512237548828,67.0472412109375,1.5450414419174194,37.74444580078125
1.8908661603927612,78.05511474609375,1.3514326810836792,136.4808349609375
1.1269291639328003,226.66140747070312,1.0257612466812134,230.80062866210938
1.2828346490859985,606.4330444335938,1.2677931785583496,509.8560791015625
1.0333858728408813,149.60629272460938,1.0515183210372925,91.22911834716797
1.9844094514846802,325.7322692871094,1.677086353302002,363.731201171875
0.9866141676902771,639.4566650390625,1.117645263671875,634.3519287109375
1.7193701267242432,545.8897705078125,1.4431849718093872,639.7095947265625
1.6102361679077148,644.9606323242188,2.183228015899658,451.7369384765625
0.08236220479011536,237.66929626464844,0.14824910461902618,208.342041015625
1.3919684886932373,17.511810302734375,1.4866405725479126,-15.390373229980469
0.9710236191749573,551.3936767578125,1.0830683708190918,597.4555053710938
1.594645619392395,589.9212646484375,1.5152277946472168,636.2359008789062
1.4075590372085571,551.3936767578125,1.8091530799865723,455.49652099609375
0.9554330706596375,507.3622131347656,1.1817256212234497,518.6383666992188
1.9220472574234009,479.842529296875,1.6434385776519775,575.9777221679688
0.03559055179357529,23.0157470703125,-0.08507174253463745,48.75459671020508
0.4409448802471161,265.18896484375,0.5582023859024048,221.1388702392578
1.2828346490859985,94.56694030761719,1.2149784564971924,93.32183074951172
0.05118110775947571,606.4330444335938,-0.050201233476400375,523.8123779296875
0.3785826861858368,12.00787353515625,0.4267660975456238,10.957651138305664
0.2538582682609558,419.2992248535156,0.39480292797088623,423.3734130859375
1.4855117797851562,364.2598876953125,1.3691797256469727,387.6835632324219
0.3785826861858368,298.21258544921875,0.11986356973648071,443.27459716796875
0.9398425221443176,364.2598876953125,0.929111897945404,427.5791931152344
1.8596850633621216,424.80316162109375,1.2035040855407715,523.8876342773438
0.7995275855064392,6.503936767578125,0.681765079498291,5.600630283355713
1.4543306827545166,446.8188781738281,1.372556447982788,551.7445678710938
0.7371653318405151,215.65354919433594,0.8088714480400085,197.90728759765625
0.40976378321647644,507.3622131347656,0.1144580990076065,521.0327758789062
1.7973228693008423,397.2834777832031,1.2993865013122559,528.5505981445312
1.6725984811782837,430.3070983886719,1.1827361583709717,641.0535278320312
0.1759055107831955,545.8897705078125,0.3706876039505005,523.9380493164062
1.2672441005706787,540.3858032226562,1.4197452068328857,574.5603637695312
1.0801575183868408,50.53543472290039,0.7898969054222107,127.18177795410156
1.6258267164230347,342.24407958984375,1.2934397459030151,460.7255859375
0.908661425113678,529.3779296875,0.6897076964378357,553.3488159179688
0.5968503952026367,34.02362060546875,0.570148766040802,57.364070892333984
1.1113386154174805,666.9763793945312,0.8455232381820679,712.5875854492188
1.0022047758102417,199.14173889160156,1.073014259338379,156.59115600585938
1.1737008094787598,501.8582763671875,1.3710707426071167,586.0950927734375
1.906456708908081,380.77166748046875,1.3952879905700684,579.1412963867188
0.6436220407485962,523.8740234375,0.3888958692550659,543.4520263671875
1.6102361679077148,34.02362060546875,1.5820263624191284,32.07732391357422
0.36299213767051697,650.4645385742188,0.6315298676490784,515.7151489257812
1.4855117797851562,188.13388061523438,1.4286750555038452,226.7733612060547
0.5500787496566772,639.4566650390625,0.8113778829574585,555.925048828125
1.7817323207855225,452.32281494140625,1.7187206745147705,475.715087890625
0.7839370369911194,457.8267517089844,0.6359201073646545,532.4657592773438
0.05118110775947571,50.53543472290039,-0.10723291337490082,106.27330017089844
0.4409448802471161,199.14173889160156,0.6668991446495056,105.62482452392578
0.4565354287624359,518.3700561523438,0.7479340434074402,314.20709228515625
1.3919684886932373,452.32281494140625,1.3659847974777222,361.5336608886719
1.7661417722702026,144.10235595703125,1.283111810684204,336.4176940917969
1.0022047758102417,127.5905532836914,0.8309856057167053,128.36624145507812
0.8774803280830383,386.2756042480469,0.9299932718276978,492.9808044433594
0.8618897795677185,127.5905532836914,0.9076436161994934,114.55656433105469
0.4409448802471161,677.9842529296875,0.45199936628341675,579.0862426757812
0.42535433173179626,402.78741455078125,0.23970790207386017,463.6282043457031
1.8752756118774414,551.3936767578125,1.2344661951065063,505.2624816894531
1.0333858728408813,276.19683837890625,1.1634668111801147,276.1951599121094
1.2672441005706787,441.3149719238281,1.5704870223999023,469.5905456542969
1.017795443534851,507.3622131347656,1.308935284614563,462.0131530761719
1.501102328300476,314.7243957519531,1.5787793397903442,324.6868896484375
0.08236220479011536,342.24407958984375,0.23026056587696075,351.81365966796875
0.908661425113678,402.78741455078125,0.2931816875934601,469.9095153808594
1.064566969871521,578.9133911132812,1.2592418193817139,449.7755126953125
1.2516535520553589,457.8267517089844,1.466408371925354,471.90069580078125
0.16031496226787567,556.8976440429688,0.02969643846154213,603.134765625
1.8752756118774414,72.55117797851562,1.5171339511871338,114.00200653076172
0.5033071041107178,17.511810302734375,0.523597776889801,13.820215225219727
0.33181101083755493,188.13388061523438,0.39954277873039246,138.97694396972656
0.20708660781383514,358.7558898925781,0.3329295814037323,410.5790710449219
0.5500787496566772,89.06298828125,0.4893254339694977,97.09899139404297
0.5188976526260376,683.4881591796875,0.3625480532646179,478.2145690917969
0.5344882011413574,595.4251708984375,0.840211033821106,457.0978698730469
0.3785826861858368,446.8188781738281,0.44929954409599304,316.0025939941406
0.113543301820755,336.7401428222656,0.3280852735042572,268.18475341796875
0.14472442865371704,281.7007751464844,0.16545766592025757,278.06451416015625
1.5478739738464355,133.094482421875,1.217394471168518,142.3672637939453
0.5656692981719971,182.62994384765625,0.6712632179260254,225.966064453125
0.6436220407485962,138.59841918945312,0.9102939367294312,87.86018371582031
1.9376378059387207,67.0472412109375,1.7297031879425049,35.745826721191406
1.2048819065093994,166.11810302734375,0.8475829362869263,277.8212585449219
1.9844094514846802,248.6771697998047,1.5564866065979004,340.79736328125
0.5500787496566772,160.61416625976562,0.5333045125007629,136.65187072753906
1.423149585723877,397.2834777832031,1.5921257734298706,348.48175048828125
1.9376378059387207,430.3070983886719,1.3978159427642822,610.4328002929688
0.8462992310523987,380.77166748046875,1.130433440208435,337.21722412109375
1.906456708908081,573.409423828125,1.839076280593872,498.760498046875
0.7371653318405151,287.2047119140625,0.7863571643829346,264.4145202636719
0.7995275855064392,578.9133911132812,1.0907036066055298,528.7488403320312
0.7839370369911194,67.0472412109375,0.718690812587738,96.1811294555664
1.064566969871521,127.5905532836914,0.769559919834137,207.5559844970703
0.36299213767051697,463.33074951171875,0.45527520775794983,523.688720703125
2.0,89.06298828125,1.3548215627670288,287.18255615234375
1.329606294631958,501.8582763671875,1.408340334892273,415.48382568359375
1.1269291639328003,287.2047119140625,1.2364803552627563,299.574951171875
1.6881890296936035,45.031494140625,1.703696846961975,37.858238220214844
1.4543306827545166,309.220458984375,1.245627999305725,389.456298828125
0.113543301820755,182.62994384765625,0.2711154818534851,116.4403305053711
0.5033071041107178,589.9212646484375,0.7013616561889648,597.1298217773438
0.3785826861858368,45.031494140625,0.4273544251918793,47.658817291259766
1.6414172649383545,188.13388061523438,1.860034704208374,94.313232421875
1.0801575183868408,441.3149719238281,1.625443935394287,313.5853271484375
0.7215747833251953,694.4960327148438,0.925549328327179,629.5392456054688
1.3140157461166382,611.93701171875,1.4249253273010254,452.6869201660156
1.734960675239563,419.2992248535156,1.0584166049957275,526.8685913085938
1.6102361679077148,611.93701171875,1.713117241859436,536.9547119140625
1.516692876815796,127.5905532836914,1.2618763446807861,187.77890014648438
1.5478739738464355,424.80316162109375,1.2631930112838745,538.3878784179688
1.2048819065093994,441.3149719238281,1.814566731452942,527.54931640625
0.019999999552965164,171.62203979492188,0.00835347268730402,248.80001831054688
1.9220472574234009,622.9448852539062,1.8135114908218384,555.1353149414062
1.6102361679077148,424.80316162109375,1.059446930885315,555.46484375
1.9844094514846802,353.251953125,1.809838891029358,450.3349304199219
1.0489764213562012,666.9763793945312,1.447921872138977,554.049560546875
1.9532283544540405,221.15748596191406,1.3922784328460693,267.2868347167969
0.26944881677627563,446.8188781738281,0.3177890181541443,372.23687744140625
1.064566969871521,672.4802856445312,1.1340346336364746,500.50372314453125
1.0489764213562012,446.8188781738281,0.7753311991691589,444.00421142578125
1.2828346490859985,39.527557373046875,1.2267919778823853,59.340511322021484
1.8752756118774414,12.00787353515625,1.6510001420974731,7.185726165771484
1.017795443534851,639.4566650390625,0.8722074031829834,620.3004150390625
1.7817323207855225,628.4487915039062,1.3730541467666626,636.7545166015625
1.828503966331482,573.409423828125,1.7294363975524902,422.4547119140625
0.5656692981719971,325.7322692871094,0.29936960339546204,350.22137451171875
0.6903936862945557,496.3543395996094,0.4635789394378662,562.1119384765625
0.7371653318405151,424.80316162109375,1.1478841304779053,353.3705139160156
0.19149605929851532,166.11810302734375,-0.004726141691207886,219.32199096679688
0.40976378321647644,320.22833251953125,0.34855878353118896,374.162109375
0.7059842348098755,314.7243957519531,0.2873784303665161,423.8008117675781
1.3919684886932373,468.8346862792969,1.4723856449127197,501.6198425292969
0.36299213767051697,188.13388061523438,0.3412989675998688,184.99826049804688
0.09795275330543518,441.3149719238281,0.37216252088546753,350.1929016113281
1.2672441005706787,611.93701171875,1.3084218502044678,566.8870239257812
0.3006299138069153,254.1811065673828,0.47821244597435,143.88201904296875
0.40976378321647644,303.7165222167969,0.5868071913719177,220.514404296875
0.5656692981719971,435.81103515625,0.6367369890213013,460.744140625
1.906456708908081,204.6456756591797,1.626741647720337,411.02386474609375
0.5344882011413574,270.6929016113281,0.7356587648391724,250.18853759765625
1.7505512237548828,518.3700561523438,1.902980089187622,492.98126220703125
0.019999999552965164,408.2913513183594,0.3462194800376892,296.3193054199219
1.2516535520553589,551.3936767578125,1.475744366645813,558.3531494140625
0.9554330706596375,56.039371490478516,0.9429495930671692,32.04694366455078
0.3162204623222351,56.039371490478516,0.33313506841659546,24.5488338470459
0.3162204623222351,155.1102294921875,0.28962674736976624,151.7742919921875
0.28503936529159546,507.3622131347656,0.11417233943939209,551.474853515625
1.064566969871521,391.779541015625,0.7070692181587219,478.2489929199219
1.8440945148468018,474.3385925292969,1.5635043382644653,396.33526611328125
1.3763779401779175,479.842529296875,1.6269742250442505,589.5798950195312
1.9844094514846802,292.7086486816406,1.6885651350021362,274.29754638671875
1.4855117797851562,700.0,1.5706546306610107,560.4725341796875
0.659212589263916,457.8267517089844,0.647009015083313,470.57916259765625
0.26944881677627563,39.527557373046875,0.11064611375331879,45.0344123840332
1.017795443534851,276.19683837890625,1.2463992834091187,327.5215148925781
1.9376378059387207,490.85040283203125,1.6485915184020996,362.82568359375
1.017795443534851,666.9763793945312,1.0544638633728027,577.5422973632812
0.7995275855064392,210.1496124267578,1.08595871925354,169.8724365234375
1.3140157461166382,644.9606323242188,1.3627533912658691,722.946533203125
1.2672441005706787,61.54330825805664,1.136820673942566,97.21368408203125
1.4699212312698364,89.06298828125,1.1326096057891846,135.92230224609375
0.6748031377792358,435.81103515625,0.7109798192977905,393.7041320800781
0.7059842348098755,534.8818969726562,1.173510193824768,409.66259765625
0.3785826861858368,606.4330444335938,0.40070807933807373,492.50262451171875
1.5634645223617554,628.4487915039062,1.3197107315063477,598.1263427734375
0.9866141676902771,628.4487915039062,0.9127879738807678,672.1246948242188
0.8930708765983582,182.62994384765625,0.7393246293067932,215.94808959960938
0.40976378321647644,226.66140747070312,0.3512473702430725,199.96974182128906
0.08236220479011536,215.65354919433594,0.0764208659529686,279.3822937011719
1.7973228693008423,408.2913513183594,1.514565348625183,543.7400512695312
0.8462992310523987,320.22833251953125,0.6677948236465454,312.7225646972656
1.6258267164230347,188.13388061523438,1.504334568977356,222.0487060546875
0.4409448802471161,353.251953125,0.45708534121513367,346.812255859375
0.19149605929851532,529.3779296875,0.38273394107818604,512.3031005859375
0.9554330706596375,435.81103515625,0.6314256191253662,538.1197509765625
0.019999999552965164,177.1259765625,-0.0034195147454738617,204.926513671875
1.501102328300476,474.3385925292969,1.6089885234832764,552.5320434570312
1.828503966331482,551.3936767578125,1.4269847869873047,576.5811767578125
0.12913386523723602,694.4960327148438,-0.24072010815143585,595.472412109375
1.1892913579940796,237.66929626464844,1.401405692100525,252.44317626953125
0.12913386523723602,50.53543472290039,0.07875971496105194,50.41188049316406
1.828503966331482,386.2756042480469,1.4211608171463013,415.3377685546875
1.6258267164230347,655.968505859375,0.88265061378479,615.3555908203125
1.064566969871521,688.9921264648438,0.9725587964057922,566.2073364257812
0.6903936862945557,265.18896484375,0.47665950655937195,352.4851379394531
1.6725984811782837,650.4645385742188,1.3478974103927612,706.5416259765625
1.4075590372085571,567.905517578125,1.5773743391036987,516.4871215820312
1.6725984811782837,254.1811065673828,1.7101788520812988,264.4281921386719
0.6903936862945557,600.9291381835938,0.4610808491706848,714.100830078125
1.1113386154174805,138.59841918945312,1.2668706178665161,122.36264038085938
0.47212597727775574,39.527557373046875,0.38390177488327026,21.160924911499023
2.0,50.53543472290039,2.0598537921905518,60.95378112792969
0.019999999552965164,12.00787353515625,0.09193086624145508,8.18185043334961
0.5812598466873169,314.7243957519531,0.8284503221511841,249.94578552246094
0.6280314922332764,441.3149719238281,0.569667637348175,457.701904296875
0.908661425113678,578.9133911132812,0.9946170449256897,609.4901733398438
1.9844094514846802,523.8740234375,1.657988429069519,538.9005737304688
1.828503966331482,628.4487915039062,1.4169120788574219,613.0119018554688
1.1737008094787598,122.08661651611328,0.9900187849998474,91.79885864257812
1.3451968431472778,490.85040283203125,1.3864836692810059,345.7850036621094
1.3763779401779175,402.78741455078125,1.5457757711410522,348.7092590332031
1.5790550708770752,232.16537475585938,1.133811593055725,413.8753662109375
0.8774803280830383,457.8267517089844,1.1853686571121216,457.75189208984375
1.6881890296936035,512.8661499023438,1.6362807750701904,500.6241149902344
1.906456708908081,672.4802856445312,1.7249161005020142,566.614013671875
0.33181101083755493,204.6456756591797,0.19707666337490082,285.9698486328125
0.4409448802471161,138.59841918945312,0.3457311987876892,162.96604919433594
1.8908661603927612,611.93701171875,1.694820761680603,585.6068725585938
0.113543301820755,221.15748596191406,0.025398246943950653,244.38507080078125
0.3162204623222351,237.66929626464844,0.21271678805351257,231.18408203125
1.7193701267242432,430.3070983886719,1.4867521524429321,567.6978759765625
1.15811026096344,89.06298828125,1.0412776470184326,61.48738479614258
1.4075590372085571,28.519685745239258,1.3197722434997559,79.24027252197266
1.2048819065093994,39.527557373046875,1.1603081226348877,59.696048736572266
0.5812598466873169,628.4487915039062,0.9483288526535034,486.8631286621094
1.5478739738464355,672.4802856445312,1.1822190284729004,578.830810546875
0.5968503952026367,584.4172973632812,0.49752989411354065,452.2674255371094
0.238267719745636,17.511810302734375,0.33754464983940125,2.2631702423095703
0.7683464288711548,369.7638244628906,1.0958092212677002,258.54217529296875
0.6280314922332764,353.251953125,0.4783235788345337,432.17230224609375
0.28503936529159546,199.14173889160156,0.2047339230775833,202.81024169921875
1.0489764213562012,177.1259765625,0.737136721611023,283.712646484375
0.7371653318405151,386.2756042480469,0.7074374556541443,397.43304443359375
0.40976378321647644,545.8897705078125,0.4340539276599884,421.18194580078125
0.05118110775947571,369.7638244628906,0.0640874058008194,383.2236328125
0.8462992310523987,545.8897705078125,0.5397289991378784,658.1470336914062
0.238267719745636,562.4015502929688,0.1480993777513504,548.5194091796875
0.9242519736289978,353.251953125,0.424800843000412,517.8803100585938
0.9866141676902771,700.0,1.3898179531097412,574.5227661132812
1.4387401342391968,551.3936767578125,1.3631168603897095,499.9490966796875
0.28503936529159546,419.2992248535156,0.4982445240020752,408.3986511230469
1.0801575183868408,243.17323303222656,0.8527086973190308,272.0213317871094
0.9710236191749573,72.55117797851562,1.0633465051651,18.539133071899414
1.734960675239563,655.968505859375,1.5059335231781006,595.2092895507812
1.9532283544540405,512.8661499023438,1.7115470170974731,461.50408935546875
0.47212597727775574,144.10235595703125,0.35404521226882935,142.7515869140625
0.03559055179357529,237.66929626464844,0.2462845742702484,190.9612274169922
1.4387401342391968,303.7165222167969,0.9957044720649719,342.8197937011719
0.7839370369911194,23.0157470703125,0.9791481494903564,-4.011485576629639
1.423149585723877,507.3622131347656,1.1729249954223633,483.387451171875
0.3006299138069153,578.9133911132812,0.43980899453163147,411.0561828613281
0.238267719745636,380.77166748046875,0.15587785840034485,522.8348388671875
1.3919684886932373,39.527557373046875,1.859738826751709,-34.32453155517578
1.4075590372085571,287.2047119140625,1.1868360042572021,352.4036560058594
1.15811026096344,617.44091796875,1.4789186716079712,546.51318359375
2.0,138.59841918945312,1.4877924919128418,240.40818786621094
1.3607873916625977,160.61416625976562,1.4943100214004517,110.98906707763672
1.2516535520553589,567.905517578125,1.2581008672714233,459.0829772949219
1.8596850633621216,540.3858032226562,2.0627241134643555,457.7315673828125
1.7973228693008423,435.81103515625,1.5153290033340454,604.949951171875
1.8752756118774414,485.3464660644531,1.5496230125427246,421.42730712890625
1.9376378059387207,199.14173889160156,1.6276494264602661,243.6020965576172
0.3785826861858368,309.220458984375,0.46880364418029785,298.6908874511719
1.3607873916625977,358.7558898925781,1.081551194190979,444.9195861816406
0.8462992310523987,474.3385925292969,1.0138487815856934,469.57403564453125
1.2672441005706787,628.4487915039062,0.8185034990310669,675.5087280273438
1.2204724550247192,633.9527587890625,1.5539491176605225,566.6962280273438
1.2984251976013184,490.85040283203125,0.7766484022140503,512.10400390625
0.5500787496566772,364.2598876953125,0.3058960735797882,495.6234436035156
0.7371653318405151,23.0157470703125,0.745334267616272,61.3930549621582
1.5478739738464355,397.2834777832031,1.421199917793274,381.6199645996094
0.3941732347011566,435.81103515625,0.10803119838237762,524.8031005859375
1.5634645223617554,45.031494140625,1.5070931911468506,88.02003479003906
1.4543306827545166,694.4960327148438,1.2744981050491333,644.7013549804688
0.6124409437179565,210.1496124267578,0.729021430015564,251.62933349609375
1.812913417816162,45.031494140625,1.8097337484359741,32.39924621582031
1.6881890296936035,617.44091796875,1.0206243991851807,576.220458984375
1.064566969871521,138.59841918945312,0.9325058460235596,147.8845977783203
0.6903936862945557,672.4802856445312,1.077400803565979,607.6953125
1.7661417722702026,331.2362060546875,1.5817091464996338,415.5773620605469
0.5344882011413574,210.1496124267578,0.5991108417510986,276.08880615234375
1.8440945148468018,320.22833251953125,1.2561511993408203,334.02703857421875
1.7973228693008423,177.1259765625,1.3914481401443481,308.7635498046875
0.113543301820755,529.3779296875,0.48794814944267273,431.7305603027344
0.7839370369911194,369.7638244628906,0.8486637473106384,476.04315185546875
0.9554330706596375,116.58268737792969,0.9758325815200806,37.40123748779297
1.064566969871521,94.56694030761719,0.9878215193748474,81.63459777832031
1.6258267164230347,281.7007751464844,1.2894489765167236,474.27545166015625
1.7817323207855225,600.9291381835938,1.3582947254180908,595.7900390625
0.7215747833251953,639.4566650390625,0.8977311849594116,516.7220458984375
0.019999999552965164,303.7165222167969,0.17854063212871552,275.58807373046875
0.019999999552965164,644.9606323242188,0.05571260303258896,693.8040161132812
0.9242519736289978,144.10235595703125,0.7357669472694397,193.02818298339844
0.5656692981719971,281.7007751464844,0.52568519115448,339.2837219238281
0.6124409437179565,551.3936767578125,0.6433966159820557,522.8165893554688
1.236063003540039,490.85040283203125,1.4576325416564941,436.6654357910156
1.6725984811782837,677.9842529296875,1.8307685852050781,674.1890869140625
1.1425197124481201,270.6929016113281,0.5356111526489258,463.39447021484375
1.6258267164230347,133.094482421875,1.2960299253463745,224.5858917236328
0.5033071041107178,474.3385925292969,0.6911182403564453,427.304931640625
1.3451968431472778,446.8188781738281,1.7479215860366821,228.36392211914062
0.8307086825370789,193.63780212402344,0.9075976014137268,256.687744140625
1.9376378059387207,556.8976440429688,1.5683525800704956,456.1192626953125
1.7973228693008423,160.61416625976562,1.3502997159957886,253.9138946533203
1.4855117797851562,94.56694030761719,1.8488653898239136,83.60469818115234
1.9688189029693604,78.05511474609375,1.5147877931594849,125.12902069091797
0.908661425113678,166.11810302734375,0.6167413592338562,249.57388305664062
0.5656692981719971,17.511810302734375,0.6534488797187805,0.3475160598754883
1.9844094514846802,556.8976440429688,1.7421797513961792,591.1329956054688
1.8440945148468018,391.779541015625,1.8774713277816772,356.8063049316406
1.3451968431472778,700.0,1.6309438943862915,738.3416137695312
1.3763779401779175,303.7165222167969,1.351597547531128,364.2283020019531
1.0333858728408813,551.3936767578125,1.1288232803344727,482.2389221191406
0.14472442865371704,309.220458984375,0.12966424226760864,362.5339050292969
1.1269291639328003,193.63780212402344,0.9953649044036865,167.1361083984375
1.7193701267242432,551.3936767578125,1.1616239547729492,559.43359375
1.15811026096344,314.7243957519531,0.8866380453109741,466.22314453125
0.752755880355835,617.44091796875,0.9851332306861877,590.3037719726562
0.6280314922332764,237.66929626464844,0.5638092160224915,234.5699920654297
1.6258267164230347,89.06298828125,1.7758842706680298,141.27969360351562
1.7973228693008423,650.4645385742188,1.4524781703948975,717.984375
0.42535433173179626,67.0472412109375,0.4767826199531555,33.857215881347656
0.06677165627479553,45.031494140625,0.16664762794971466,53.61332702636719
0.14472442865371704,512.8661499023438,0.10152681171894073,531.5343627929688
1.6881890296936035,149.60629272460938,1.6199674606323242,172.0494384765625
1.8440945148468018,677.9842529296875,1.4156519174575806,723.4029541015625
0.05118110775947571,397.2834777832031,-0.11965516209602356,403.1994323730469
