target:h_c,target:sigma_k,predicted:h_c,predicted:sigma_k
1.15811026096344,501.8582763671875,1.019183874130249,551.6614379882812
1.2672441005706787,226.66140747070312,1.3132562637329102,223.8912811279297
1.236063003540039,375.26776123046875,1.2109813690185547,386.0716857910156
1.7505512237548828,292.7086486816406,1.5562366247177124,241.06101989746094
0.42535433173179626,45.031494140625,0.42243605852127075,26.359853744506836
0.113543301820755,391.779541015625,0.15644970536231995,395.2467956542969
1.7193701267242432,606.4330444335938,1.503750205039978,590.5435180664062
0.42535433173179626,39.527557373046875,0.44997891783714294,43.863285064697266
1.7193701267242432,463.33074951171875,1.5861409902572632,412.48883056640625
1.4075590372085571,67.0472412109375,1.4372823238372803,88.83418273925781
1.3919684886932373,380.77166748046875,1.8398411273956299,356.75262451171875
1.812913417816162,650.4645385742188,1.6284716129302979,521.2258911132812
2.0,606.4330444335938,1.4860566854476929,646.7577514648438
1.1892913579940796,83.55905151367188,0.9272557497024536,134.57440185546875
1.2048819065093994,160.61416625976562,1.0431923866271973,199.3175048828125
1.9532283544540405,391.779541015625,1.6772733926773071,484.2840576171875
1.2672441005706787,501.8582763671875,1.8167247772216797,432.8472900390625
1.6258267164230347,413.7952880859375,1.3999149799346924,412.11627197265625
1.6881890296936035,111.07874298095703,1.7436933517456055,108.52275848388672
0.5656692981719971,122.08661651611328,0.44787484407424927,87.48818969726562
0.7215747833251953,342.24407958984375,0.5378743410110474,303.8131408691406
0.6124409437179565,78.05511474609375,0.7708975076675415,25.369422912597656
0.752755880355835,523.8740234375,0.9138994216918945,635.5771484375
0.6124409437179565,215.65354919433594,0.7020719051361084,210.06182861328125
1.8440945148468018,683.4881591796875,1.906773328781128,541.236328125
1.6570079326629639,661.472412109375,1.9191879034042358,496.5104064941406
0.28503936529159546,479.842529296875,0.49876952171325684,346.55096435546875
0.8307086825370789,622.9448852539062,1.3689038753509521,533.6021118164062
1.6570079326629639,182.62994384765625,1.5661354064941406,197.59906005859375
1.0957480669021606,155.1102294921875,1.3423269987106323,95.89185333251953
0.5033071041107178,688.9921264648438,0.6155872344970703,514.8767700195312
1.9220472574234009,573.409423828125,1.870810627937317,644.4826049804688
0.4409448802471161,127.5905532836914,0.40030357241630554,137.70785522460938
1.3919684886932373,254.1811065673828,1.5525572299957275,123.3978500366211
1.6881890296936035,391.779541015625,1.2054200172424316,480.3433837890625
1.8908661603927612,298.21258544921875,1.922287940979004,254.4264373779297
0.6436220407485962,133.094482421875,0.5118468999862671,138.12356567382812
0.9398425221443176,61.54330825805664,0.9895275235176086,73.9675521850586
0.36299213767051697,391.779541015625,0.3158135414123535,437.68505859375
1.1425197124481201,496.3543395996094,1.4343998432159424,462.91546630859375
1.7505512237548828,116.58268737792969,1.6788372993469238,141.57577514648438
1.236063003540039,617.44091796875,1.6916605234146118,511.8828430175781
1.5322834253311157,144.10235595703125,1.4557874202728271,204.1538848876953
0.6748031377792358,446.8188781738281,0.5865523219108582,469.7435302734375
0.752755880355835,386.2756042480469,0.3338374197483063,549.8970947265625
1.7973228693008423,309.220458984375,1.7907823324203491,417.7387390136719
1.5790550708770752,408.2913513183594,1.4881620407104492,470.280517578125
0.8774803280830383,474.3385925292969,0.9381327629089355,478.04937744140625
1.8908661603927612,193.63780212402344,1.848530888557434,160.55735778808594
1.3607873916625977,551.3936767578125,1.4524470567703247,433.8824462890625
0.6280314922332764,485.3464660644531,0.7200667858123779,597.7369384765625
0.3941732347011566,166.11810302734375,0.42335447669029236,106.41355895996094
0.33181101083755493,342.24407958984375,0.8639362454414368,208.27944946289062
1.017795443534851,540.3858032226562,0.9717226624488831,459.4076843261719
1.15811026096344,72.55117797851562,0.839115560054779,171.7766571044922
0.5500787496566772,479.842529296875,0.5851593017578125,528.9862670898438
1.9376378059387207,562.4015502929688,1.603763222694397,494.7973327636719
0.19149605929851532,320.22833251953125,0.11763070523738861,424.8023376464844
0.12913386523723602,226.66140747070312,0.1036885529756546,264.6261291503906
0.14472442865371704,474.3385925292969,0.28207460045814514,439.35638427734375
0.4409448802471161,50.53543472290039,0.36919230222702026,98.44526672363281
0.9710236191749573,540.3858032226562,1.0655162334442139,606.1769409179688
1.9376378059387207,435.81103515625,2.117097854614258,431.4039306640625
1.017795443534851,248.6771697998047,0.7038117051124573,311.1582336425781
0.815118134021759,116.58268737792969,0.732292652130127,111.35250091552734
0.5500787496566772,292.7086486816406,1.0472056865692139,259.0344543457031
1.4699212312698364,6.503936767578125,1.4537273645401,-3.2768373489379883
1.1269291639328003,100.07086944580078,1.2162246704101562,66.14373016357422
0.5812598466873169,210.1496124267578,0.7696382403373718,197.7196502685547
1.734960675239563,276.19683837890625,1.73740553855896,440.32244873046875
0.34740158915519714,567.905517578125,0.18352971971035004,540.1007690429688
1.8440945148468018,463.33074951171875,1.7760326862335205,545.2493286132812
1.2204724550247192,606.4330444335938,1.558022379875183,576.70166015625
0.752755880355835,562.4015502929688,0.5482218265533447,670.4461669921875
0.3006299138069153,496.3543395996094,0.28543826937675476,597.1179809570312
0.3006299138069153,661.472412109375,0.4765603840351105,589.8178100585938
1.423149585723877,391.779541015625,1.6178486347198486,405.60260009765625
1.1737008094787598,259.6850280761719,1.2647403478622437,344.15374755859375
0.3785826861858368,419.2992248535156,0.4307982325553894,333.8159484863281
0.33181101083755493,650.4645385742188,0.631374180316925,496.3171691894531
0.5812598466873169,105.5748062133789,0.40285760164260864,150.97244262695312
0.8774803280830383,50.53543472290039,0.8423888683319092,60.96072769165039
1.0333858728408813,424.80316162109375,1.0648846626281738,491.411865234375
1.1113386154174805,380.77166748046875,0.8806499242782593,435.0641174316406
1.0333858728408813,408.2913513183594,1.0704319477081299,491.5299987792969
1.017795443534851,83.55905151367188,0.5864580869674683,243.73130798339844
1.4699212312698364,386.2756042480469,1.1060298681259155,481.4745788574219
0.20708660781383514,463.33074951171875,0.40355631709098816,286.5399169921875
0.4409448802471161,441.3149719238281,0.4165392816066742,453.9407653808594
0.5500787496566772,573.409423828125,0.3629726767539978,469.85888671875
1.6570079326629639,408.2913513183594,1.7374427318572998,415.52691650390625
0.9866141676902771,39.527557373046875,0.9871687889099121,30.643434524536133
1.3451968431472778,298.21258544921875,1.152122974395752,317.23583984375
0.47212597727775574,281.7007751464844,0.5279869437217712,308.3194580078125
1.0957480669021606,39.527557373046875,0.9407709836959839,113.00547790527344
1.017795443534851,89.06298828125,0.8859530687332153,131.93548583984375
0.8618897795677185,287.2047119140625,0.9508268237113953,348.52410888671875
0.815118134021759,133.094482421875,0.8929463028907776,106.42913818359375
1.329606294631958,677.9842529296875,1.5083900690078735,613.90087890625
1.5790550708770752,501.8582763671875,1.6800651550292969,649.3992919921875
1.7505512237548828,182.62994384765625,1.7342554330825806,201.88902282714844
0.03559055179357529,380.77166748046875,-0.0028413888067007065,431.2449035644531
1.4387401342391968,28.519685745239258,1.671974778175354,16.498332977294922
1.1892913579940796,584.4172973632812,1.4729260206222534,403.5685729980469
1.8596850633621216,243.17323303222656,1.7293602228164673,271.8150634765625
0.5188976526260376,314.7243957519531,0.5621146559715271,381.6990661621094
0.5968503952026367,210.1496124267578,0.6462675333023071,198.0448455810547
0.9242519736289978,342.24407958984375,0.8141048550605774,426.5962219238281
1.7193701267242432,413.7952880859375,1.5380549430847168,507.55853271484375
1.501102328300476,380.77166748046875,1.0681085586547852,430.359130859375
0.815118134021759,545.8897705078125,0.7279849648475647,524.993408203125
1.516692876815796,446.8188781738281,1.568016529083252,470.36419677734375
0.8618897795677185,545.8897705078125,1.1470121145248413,461.1441955566406
1.236063003540039,540.3858032226562,1.4347307682037354,521.5362548828125
0.9866141676902771,694.4960327148438,1.0446006059646606,782.9993896484375
0.16031496226787567,166.11810302734375,0.13037525117397308,177.94644165039062
1.423149585723877,270.6929016113281,1.5943639278411865,193.1662139892578
0.48771652579307556,281.7007751464844,0.5554659962654114,216.67262268066406
1.6102361679077148,94.56694030761719,1.471961259841919,60.27704620361328
0.5188976526260376,567.905517578125,0.7455323338508606,433.7972106933594
2.0,182.62994384765625,1.7134759426116943,132.50616455078125
0.20708660781383514,111.07874298095703,0.2257014662027359,133.21937561035156
1.6414172649383545,122.08661651611328,1.6127161979675293,60.828975677490234
0.5656692981719971,149.60629272460938,0.6533597111701965,102.83478546142578
0.5344882011413574,182.62994384765625,0.3458748161792755,177.88145446777344
1.1892913579940796,375.26776123046875,1.2456083297729492,363.0744323730469
1.8440945148468018,457.8267517089844,1.5551518201828003,523.3901977539062
1.15811026096344,122.08661651611328,1.222612977027893,119.6463394165039
0.7059842348098755,700.0,0.8022679090499878,645.7325439453125
0.28503936529159546,111.07874298095703,0.3535768687725067,93.73616027832031
0.40976378321647644,226.66140747070312,0.4752686321735382,182.36143493652344
0.8618897795677185,435.81103515625,0.7593855857849121,487.2725830078125
1.516692876815796,303.7165222167969,1.3754422664642334,396.65399169921875
1.0333858728408813,144.10235595703125,1.4153480529785156,82.86661529541016
1.2984251976013184,534.8818969726562,1.4568986892700195,496.73480224609375
0.9398425221443176,28.519685745239258,1.2043377161026,-12.824512481689453
0.3941732347011566,639.4566650390625,0.5248276591300964,466.0135803222656
0.03559055179357529,501.8582763671875,-0.07715435326099396,602.4530639648438
0.7215747833251953,111.07874298095703,0.7422546744346619,101.97067260742188
0.7995275855064392,694.4960327148438,0.9141706824302673,568.0440673828125
0.3785826861858368,364.2598876953125,0.5549327731132507,425.1892395019531
1.2204724550247192,446.8188781738281,1.384247064590454,406.927490234375
0.8774803280830383,72.55117797851562,0.8779637813568115,76.85293579101562
1.7505512237548828,94.56694030761719,1.5379178524017334,106.26112365722656
0.113543301820755,419.2992248535156,0.3897400498390198,343.71331787109375
0.34740158915519714,501.8582763671875,0.14455266296863556,626.3399047851562
1.017795443534851,193.63780212402344,0.7904624342918396,301.8663024902344
1.1737008094787598,232.16537475585938,1.4603502750396729,255.6157989501953
1.3763779401779175,287.2047119140625,1.7910367250442505,246.420166015625
0.42535433173179626,177.1259765625,0.4793089032173157,117.82903289794922
1.6725984811782837,386.2756042480469,1.707658052444458,443.76727294921875
1.6258267164230347,650.4645385742188,1.2531341314315796,556.7367553710938
0.5812598466873169,628.4487915039062,0.9996630549430847,473.61004638671875
1.9532283544540405,364.2598876953125,1.5870141983032227,504.5055847167969
1.828503966331482,298.21258544921875,1.7670475244522095,386.2407531738281
0.48771652579307556,611.93701171875,0.6866216063499451,585.2762451171875
0.815118134021759,149.60629272460938,0.8902446627616882,141.9269256591797
0.16031496226787567,331.2362060546875,-0.025449354201555252,327.99725341796875
1.4387401342391968,94.56694030761719,1.551301121711731,83.72602844238281
0.33181101083755493,402.78741455078125,0.4207567870616913,410.6499328613281
0.26944881677627563,100.07086944580078,0.21733655035495758,143.08546447753906
0.47212597727775574,254.1811065673828,0.623718798160553,279.8414611816406
1.2672441005706787,215.65354919433594,1.1158336400985718,383.4928894042969
0.16031496226787567,160.61416625976562,0.320482462644577,158.78550720214844
0.20708660781383514,325.7322692871094,0.24110841751098633,351.0483703613281
0.5188976526260376,287.2047119140625,0.564586341381073,379.4310302734375
1.3140157461166382,578.9133911132812,1.3495641946792603,575.9439086914062
0.7215747833251953,309.220458984375,0.8730958700180054,239.66680908203125
0.113543301820755,595.4251708984375,0.11873820424079895,478.7911682128906
1.2984251976013184,56.039371490478516,1.210252046585083,101.47676849365234
1.8752756118774414,303.7165222167969,1.654358148574829,362.8977966308594
0.908661425113678,215.65354919433594,1.083884596824646,148.9619140625
0.8618897795677185,463.33074951171875,0.8615314364433289,478.0728759765625
0.09795275330543518,182.62994384765625,0.3473132848739624,134.36094665527344
0.659212589263916,281.7007751464844,0.7505044341087341,312.7996520996094
1.236063003540039,512.8661499023438,1.6368153095245361,397.09320068359375
1.516692876815796,419.2992248535156,1.678709626197815,494.638671875
1.7193701267242432,364.2598876953125,1.4238642454147339,565.2202758789062
1.3451968431472778,226.66140747070312,1.4002487659454346,300.4276428222656
1.423149585723877,655.968505859375,1.8108621835708618,638.8214111328125
0.238267719745636,595.4251708984375,0.5743082165718079,437.5583190917969
0.9554330706596375,507.3622131347656,1.3558380603790283,350.746826171875
1.7505512237548828,661.472412109375,1.5932646989822388,626.1060791015625
1.1892913579940796,507.3622131347656,1.6309459209442139,493.8487854003906
1.3919684886932373,276.19683837890625,1.6237651109695435,315.2757263183594
1.6881890296936035,633.9527587890625,1.6733686923980713,553.3935546875
1.0333858728408813,457.8267517089844,1.0889787673950195,450.1228942871094
1.236063003540039,424.80316162109375,1.48363196849823,428.4283447265625
0.5033071041107178,353.251953125,0.41019153594970703,362.2347717285156
1.9376378059387207,111.07874298095703,1.5740128755569458,81.72473907470703
1.594645619392395,221.15748596191406,1.320000410079956,178.85740661621094
1.4075590372085571,45.031494140625,1.5220842361450195,2.698021411895752
1.6414172649383545,50.53543472290039,1.4815562963485718,154.81729125976562
0.8462992310523987,578.9133911132812,0.8005931973457336,564.2836303710938
1.1113386154174805,397.2834777832031,1.2042503356933594,464.8962097167969
0.7683464288711548,199.14173889160156,0.7287746071815491,237.677734375
1.3763779401779175,292.7086486816406,0.9378370642662048,351.1011657714844
1.7193701267242432,182.62994384765625,0.8794927597045898,445.53411865234375
0.48771652579307556,677.9842529296875,0.6880742907524109,496.5292053222656
1.1737008094787598,441.3149719238281,1.3922107219696045,439.51043701171875
0.5500787496566772,446.8188781738281,0.6317621469497681,449.9532775878906
0.28503936529159546,688.9921264648438,0.4617597460746765,575.2240600585938
1.9376378059387207,281.7007751464844,1.6458616256713867,322.116943359375
0.5500787496566772,672.4802856445312,0.3991295397281647,634.3385620117188
0.48771652579307556,292.7086486816406,0.6736333966255188,320.0126953125
1.1425197124481201,661.472412109375,1.3547167778015137,480.0401611328125
0.06677165627479553,523.8740234375,0.2094041109085083,449.9945068359375
1.6725984811782837,364.2598876953125,1.3642147779464722,421.84600830078125
0.7839370369911194,347.7480163574219,1.066261649131775,279.3320007324219
1.7037795782089233,23.0157470703125,1.6587061882019043,37.26814651489258
0.14472442865371704,331.2362060546875,0.36441171169281006,339.0705871582031
0.4565354287624359,556.8976440429688,0.4002512991428375,592.385009765625
1.6725984811782837,655.968505859375,2.1662051677703857,558.5494995117188
1.9220472574234009,512.8661499023438,1.7389241456985474,449.18133544921875
1.423149585723877,512.8661499023438,1.8376911878585815,536.8677978515625
1.906456708908081,441.3149719238281,1.5568394660949707,472.5576171875
1.1425197124481201,155.1102294921875,1.4155563116073608,119.94039916992188
0.908661425113678,309.220458984375,0.9698160290718079,270.4626159667969
0.8774803280830383,138.59841918945312,0.5749021172523499,219.91973876953125
0.22267717123031616,166.11810302734375,0.4067285656929016,119.27227020263672
1.4543306827545166,45.031494140625,1.2222875356674194,100.90088653564453
0.8930708765983582,182.62994384765625,0.561029314994812,252.0888671875
1.7973228693008423,127.5905532836914,1.6851961612701416,183.9102783203125
0.5968503952026367,177.1259765625,0.9055958390235901,137.12594604492188
0.908661425113678,683.4881591796875,1.189810872077942,570.4229125976562
1.0022047758102417,127.5905532836914,1.0347614288330078,114.83165740966797
1.0957480669021606,419.2992248535156,1.278529405593872,448.5262756347656
0.8774803280830383,397.2834777832031,0.8089422583580017,511.49609375
0.08236220479011536,402.78741455078125,0.28415772318840027,405.8141174316406
1.9688189029693604,375.26776123046875,1.5519251823425293,370.5853271484375
0.8307086825370789,303.7165222167969,0.8588341474533081,350.6750793457031
1.594645619392395,325.7322692871094,1.739654541015625,215.31617736816406
1.1113386154174805,248.6771697998047,1.4274226427078247,178.93258666992188
0.09795275330543518,545.8897705078125,0.1932269185781479,424.4631042480469
0.03559055179357529,331.2362060546875,0.048068270087242126,362.9911804199219
1.9688189029693604,347.7480163574219,1.7231206893920898,331.6380615234375
1.017795443534851,204.6456756591797,1.0624574422836304,216.0061798095703
0.7371653318405151,1.0,0.658014178276062,33.51689910888672
1.9376378059387207,243.17323303222656,1.8022871017456055,289.45159912109375
1.064566969871521,523.8740234375,1.5302033424377441,590.8189086914062
2.0,270.6929016113281,1.6923222541809082,419.76080322265625
0.08236220479011536,171.62203979492188,0.2943876385688782,160.74334716796875
1.6258267164230347,34.02362060546875,1.6599047183990479,76.4206771850586
0.4409448802471161,644.9606323242188,1.2269246578216553,498.7973327636719
0.5344882011413574,243.17323303222656,0.6818094253540039,182.324462890625
1.9532283544540405,204.6456756591797,1.6313979625701904,262.26116943359375
0.113543301820755,94.56694030761719,0.12970863282680511,96.9361801147461
1.9532283544540405,34.02362060546875,1.7437124252319336,33.397804260253906
1.236063003540039,419.2992248535156,1.5689382553100586,361.12615966796875
0.14472442865371704,490.85040283203125,0.5559060573577881,306.83648681640625
1.6102361679077148,89.06298828125,1.60722017288208,79.93556213378906
1.734960675239563,127.5905532836914,0.9950548410415649,360.4962463378906
2.0,556.8976440429688,1.4889168739318848,526.60791015625
1.7661417722702026,243.17323303222656,1.7260187864303589,298.2536315917969
1.329606294631958,507.3622131347656,1.3212388753890991,633.1840209960938
0.47212597727775574,633.9527587890625,0.8810422420501709,537.865478515625
0.8930708765983582,496.3543395996094,1.212025761604309,475.6537170410156
1.9688189029693604,116.58268737792969,1.541216492652893,241.88836669921875
0.9710236191749573,402.78741455078125,0.884107232093811,407.1031799316406
0.908661425113678,254.1811065673828,0.9560221433639526,217.45614624023438
0.03559055179357529,182.62994384765625,0.2473331242799759,141.44952392578125
0.6903936862945557,622.9448852539062,0.4907771646976471,568.9241943359375
0.47212597727775574,562.4015502929688,0.3850482702255249,587.7694702148438
1.236063003540039,501.8582763671875,1.4579946994781494,490.8378601074219
0.12913386523723602,600.9291381835938,0.03466259315609932,549.1651611328125
1.1269291639328003,501.8582763671875,1.2807965278625488,561.0345458984375
1.5322834253311157,155.1102294921875,1.3876948356628418,133.91473388671875
1.064566969871521,413.7952880859375,1.0449596643447876,595.3890991210938
0.19149605929851532,281.7007751464844,0.1563909351825714,380.908935546875
0.6903936862945557,303.7165222167969,1.0336337089538574,180.82449340820312
1.8596850633621216,688.9921264648438,1.4768483638763428,579.3327026367188
1.1892913579940796,127.5905532836914,1.2205427885055542,51.20286560058594
1.8596850633621216,177.1259765625,1.6235307455062866,148.45289611816406
0.2538582682609558,617.44091796875,0.1929415464401245,646.7069702148438
1.6881890296936035,496.3543395996094,1.6122286319732666,539.761474609375
0.7995275855064392,600.9291381835938,1.258396863937378,491.6672668457031
0.3785826861858368,111.07874298095703,0.35239002108573914,112.2335433959961
1.1892913579940796,61.54330825805664,0.9811311960220337,158.45358276367188
0.33181101083755493,105.5748062133789,0.3697870969772339,129.9217529296875
1.2828346490859985,661.472412109375,1.5584924221038818,513.106201171875
0.19149605929851532,688.9921264648438,0.5745696425437927,565.7340698242188
1.1892913579940796,700.0,0.9703850150108337,545.6713256835938
0.8774803280830383,204.6456756591797,0.8361046314239502,197.16270446777344
1.7505512237548828,628.4487915039062,1.637226939201355,576.1017456054688
1.3763779401779175,320.22833251953125,1.4338905811309814,427.71856689453125
0.7059842348098755,331.2362060546875,0.8204774856567383,287.4791259765625
0.9710236191749573,34.02362060546875,0.9670656323432922,12.425433158874512
1.906456708908081,34.02362060546875,1.4757121801376343,49.6976318359375
0.7995275855064392,23.0157470703125,0.8683063983917236,-15.960779190063477
1.5322834253311157,232.16537475585938,1.8278480768203735,100.74577331542969
1.9220472574234009,413.7952880859375,1.384023666381836,542.2042846679688
1.8908661603927612,380.77166748046875,1.7834733724594116,357.6589660644531
1.828503966331482,386.2756042480469,1.9770416021347046,342.285400390625
1.5478739738464355,1.0,1.47110116481781,-27.788694381713867
0.113543301820755,67.0472412109375,0.26767295598983765,59.2255859375
1.8908661603927612,430.3070983886719,1.9987274408340454,483.27203369140625
1.8440945148468018,105.5748062133789,1.4069652557373047,226.5589599609375
1.0957480669021606,424.80316162109375,1.3783248662948608,426.9217834472656
1.812913417816162,226.66140747070312,1.6675130128860474,140.35708618164062
1.906456708908081,281.7007751464844,1.7921538352966309,426.2131652832031
0.8462992310523987,369.7638244628906,1.0237152576446533,357.5057373046875
1.7973228693008423,479.842529296875,1.524688720703125,605.9364624023438
1.516692876815796,463.33074951171875,1.3841158151626587,529.4202880859375
0.6748031377792358,441.3149719238281,1.0098501443862915,409.81951904296875
0.7215747833251953,402.78741455078125,0.944578230381012,463.924072265625
1.4543306827545166,529.3779296875,1.7420823574066162,593.3135375976562
1.017795443534851,325.7322692871094,1.312321662902832,296.1418762207031
0.34740158915519714,556.8976440429688,0.21557413041591644,623.8900146484375
0.752755880355835,501.8582763671875,1.4611667394638062,395.38616943359375
1.6725984811782837,677.9842529296875,1.750314474105835,576.1517333984375
1.0022047758102417,617.44091796875,0.9956269264221191,668.1028442382812
1.501102328300476,589.9212646484375,1.2516183853149414,624.6170043945312
1.1269291639328003,83.55905151367188,1.019258975982666,109.58179473876953
0.9866141676902771,276.19683837890625,0.9762062430381775,220.21165466308594
0.19149605929851532,94.56694030761719,0.3802073299884796,44.64617156982422
0.113543301820755,512.8661499023438,0.5010137557983398,429.29241943359375
0.3785826861858368,265.18896484375,0.43722793459892273,296.97003173828125
0.47212597727775574,595.4251708984375,0.45674240589141846,628.2625122070312
0.2538582682609558,177.1259765625,0.3129340410232544,169.42242431640625
0.5188976526260376,83.55905151367188,0.669386088848114,79.79920196533203
1.6414172649383545,364.2598876953125,1.7220929861068726,420.61029052734375
0.238267719745636,237.66929626464844,0.597767174243927,217.37994384765625
0.5968503952026367,501.8582763671875,1.0184075832366943,537.0831298828125
1.734960675239563,485.3464660644531,1.804512858390808,481.91986083984375
1.4543306827545166,149.60629272460938,1.6506701707839966,151.84706115722656
1.6881890296936035,347.7480163574219,1.7667020559310913,301.5423889160156
1.8596850633621216,457.8267517089844,1.6435878276824951,527.024658203125
1.0022047758102417,122.08661651611328,0.8603236675262451,175.60498046875
0.752755880355835,199.14173889160156,1.0272548198699951,197.19102478027344
1.7973228693008423,320.22833251953125,1.6159825325012207,419.9344787597656
1.7661417722702026,375.26776123046875,1.619431495666504,448.4206848144531
0.6903936862945557,94.56694030761719,0.7031764984130859,76.37281799316406
0.12913386523723602,193.63780212402344,0.10486750304698944,202.87611389160156
0.9398425221443176,672.4802856445312,0.856626033782959,624.6055297851562
0.5500787496566772,28.519685745239258,0.5561350584030151,27.039562225341797
0.7371653318405151,12.00787353515625,0.776928186416626,-2.9293220043182373
0.5968503952026367,50.53543472290039,0.6124270558357239,57.651283264160156
0.3941732347011566,61.54330825805664,0.41482406854629517,47.74256896972656
1.4387401342391968,600.9291381835938,1.650989294052124,632.6419067382812
1.7193701267242432,215.65354919433594,1.5135107040405273,172.16177368164062
1.3451968431472778,325.7322692871094,1.2029553651809692,601.3675537109375
1.6570079326629639,1.0,1.7164359092712402,1.1580145359039307
1.6725984811782837,215.65354919433594,1.5060981512069702,240.26507568359375
0.1759055107831955,23.0157470703125,0.1859551966190338,1.944474458694458
0.47212597727775574,529.3779296875,0.3003663718700409,571.3148803710938
0.08236220479011536,650.4645385742188,0.3917505741119385,400.53900146484375
1.734960675239563,562.4015502929688,1.9522470235824585,531.0079345703125
0.47212597727775574,545.8897705078125,1.1719316244125366,346.50799560546875
1.0957480669021606,364.2598876953125,1.2107969522476196,396.5523376464844
1.0957480669021606,325.7322692871094,1.1526250839233398,388.17486572265625
1.236063003540039,127.5905532836914,1.1887081861495972,96.44864654541016
1.2204724550247192,683.4881591796875,1.1287097930908203,567.77880859375
1.0333858728408813,573.409423828125,1.290509819984436,474.83489990234375
1.9220472574234009,259.6850280761719,1.6665840148925781,401.84423828125
0.8774803280830383,12.00787353515625,0.9269877672195435,33.399845123291016
0.908661425113678,298.21258544921875,1.4856789112091064,195.8521270751953
0.6748031377792358,380.77166748046875,0.8391907215118408,327.3570861816406
1.3140157461166382,683.4881591796875,1.2030502557754517,563.1884765625
0.5656692981719971,72.55117797851562,0.5520449280738831,85.39869689941406
0.47212597727775574,496.3543395996094,0.36809396743774414,553.3060913085938
0.28503936529159546,270.6929016113281,0.5074377059936523,177.97117614746094
1.8596850633621216,342.24407958984375,1.6680877208709717,448.8648376464844
1.4387401342391968,430.3070983886719,1.4999432563781738,452.9344177246094
1.064566969871521,408.2913513183594,1.4282560348510742,380.4245300292969
0.6748031377792358,562.4015502929688,1.03914475440979,525.0814819335938
1.8596850633621216,677.9842529296875,1.4651151895523071,579.8804931640625
0.09795275330543518,419.2992248535156,0.489901602268219,314.9371643066406
1.6258267164230347,199.14173889160156,1.5882048606872559,133.9886932373047
1.6102361679077148,215.65354919433594,0.8344466090202332,408.7446594238281
2.0,545.8897705078125,2.073457956314087,351.9120178222656
0.5033071041107178,94.56694030761719,0.3761351406574249,108.63046264648438
1.5478739738464355,501.8582763671875,1.8239589929580688,516.16015625
1.064566969871521,50.53543472290039,1.1710892915725708,40.17070388793945
1.4855117797851562,67.0472412109375,1.306895136833191,120.77454376220703
0.47212597727775574,243.17323303222656,0.4900406301021576,261.8620300292969
0.03559055179357529,419.2992248535156,0.008468443527817726,462.68914794921875
0.9710236191749573,100.07086944580078,0.9514982104301453,97.5078353881836
1.6414172649383545,650.4645385742188,1.6711764335632324,626.4495849609375
1.064566969871521,61.54330825805664,0.9863713979721069,38.49224090576172
1.0957480669021606,61.54330825805664,1.023270845413208,94.62609100341797
1.017795443534851,232.16537475585938,0.9959835410118103,282.3356018066406
0.22267717123031616,551.3936767578125,0.3035437762737274,608.6923828125
1.2828346490859985,518.3700561523438,1.4585589170455933,571.5068969726562
0.9554330706596375,397.2834777832031,1.2672353982925415,412.3612365722656
1.6102361679077148,661.472412109375,1.6539422273635864,514.8895874023438
1.6102361679077148,650.4645385742188,1.7709168195724487,515.1973266601562
1.6881890296936035,545.8897705078125,1.1839016675949097,570.8052978515625
1.7817323207855225,578.9133911132812,1.5913584232330322,560.8138427734375
0.47212597727775574,39.527557373046875,0.32948052883148193,43.1982536315918
0.20708660781383514,567.905517578125,0.43012505769729614,507.24176025390625
1.9688189029693604,336.7401428222656,1.7783262729644775,408.0094909667969
0.3941732347011566,193.63780212402344,0.31501254439353943,218.81814575195312
0.6124409437179565,397.2834777832031,0.4762021601200104,510.69281005859375
0.8774803280830383,342.24407958984375,1.152465581893921,299.5942687988281
1.4075590372085571,193.63780212402344,1.4012001752853394,255.2827606201172
0.8774803280830383,265.18896484375,0.9414477944374084,306.3482360839844
0.8462992310523987,452.32281494140625,0.7346168160438538,537.8575439453125
0.33181101083755493,578.9133911132812,0.638961672782898,481.16326904296875
1.0489764213562012,83.55905151367188,0.9269225597381592,132.8247528076172
0.05118110775947571,221.15748596191406,0.22525885701179504,178.02838134765625
1.2828346490859985,397.2834777832031,1.4942100048065186,502.8630676269531
1.3451968431472778,61.54330825805664,1.219265103340149,54.0885009765625
0.5344882011413574,441.3149719238281,1.039285659790039,373.7098083496094
0.3941732347011566,369.7638244628906,0.6451571583747864,395.9048767089844
1.9220472574234009,34.02362060546875,2.1222386360168457,52.56741714477539
1.7973228693008423,452.32281494140625,1.7065657377243042,607.0480346679688
1.2204724550247192,237.66929626464844,1.2092982530593872,192.04257202148438
0.28503936529159546,232.16537475585938,0.20899932086467743,271.55572509765625
0.48771652579307556,243.17323303222656,0.7008258700370789,230.67718505859375
1.5322834253311157,441.3149719238281,1.711927056312561,432.01708984375
1.4543306827545166,254.1811065673828,1.131598711013794,413.20904541015625
1.7817323207855225,83.55905151367188,1.7652621269226074,104.04783630371094
0.36299213767051697,122.08661651611328,0.27595943212509155,195.9950714111328
0.659212589263916,595.4251708984375,0.9357408881187439,604.4327392578125
1.329606294631958,545.8897705078125,1.204695224761963,609.6185302734375
1.906456708908081,45.031494140625,1.7004939317703247,57.70591735839844
1.2984251976013184,463.33074951171875,1.5149283409118652,506.08404541015625
1.6414172649383545,342.24407958984375,1.4481427669525146,548.3187255859375
1.501102328300476,331.2362060546875,1.3846279382705688,413.5165100097656
1.828503966331482,413.7952880859375,1.4020830392837524,466.2915344238281
0.1759055107831955,562.4015502929688,0.25849655270576477,553.9248657226562
1.3140157461166382,171.62203979492188,0.971601665019989,224.0241241455078
0.7059842348098755,166.11810302734375,0.5321089029312134,204.11277770996094
0.8307086825370789,254.1811065673828,0.47095197439193726,310.5711669921875
0.752755880355835,270.6929016113281,0.9929909110069275,272.36944580078125
1.516692876815796,441.3149719238281,1.821398138999939,463.3750305175781
0.5033071041107178,122.08661651611328,0.4201074540615082,178.0284423828125
0.16031496226787567,342.24407958984375,0.18977604806423187,338.2904357910156
1.2204724550247192,628.4487915039062,1.4877389669418335,586.509033203125
0.9398425221443176,545.8897705078125,0.9939937591552734,458.2336120605469
1.8596850633621216,595.4251708984375,1.898801565170288,608.672607421875
1.5790550708770752,661.472412109375,1.6389435529708862,583.8006591796875
1.017795443534851,700.0,0.9496214985847473,573.19921875
0.8307086825370789,199.14173889160156,1.1629595756530762,162.5948944091797
1.2672441005706787,364.2598876953125,1.6845859289169312,271.75006103515625
0.47212597727775574,551.3936767578125,0.9544832110404968,505.26019287109375
0.16031496226787567,474.3385925292969,0.30070894956588745,422.8190612792969
0.08236220479011536,303.7165222167969,0.08740347623825073,380.4132080078125
0.752755880355835,232.16537475585938,0.7539053559303284,316.6242980957031
0.08236220479011536,666.9763793945312,0.3105106055736542,542.6018676757812
1.7973228693008423,512.8661499023438,1.55709707736969,513.105224609375
1.5478739738464355,529.3779296875,1.5089527368545532,460.4813537597656
0.7371653318405151,369.7638244628906,0.5042242407798767,433.54217529296875
1.5478739738464355,683.4881591796875,1.7174278497695923,498.249755859375
0.7839370369911194,655.968505859375,0.932907223701477,593.3724975585938
1.0333858728408813,28.519685745239258,1.10054612159729,2.8202977180480957
0.26944881677627563,650.4645385742188,0.16345274448394775,669.0948486328125
1.734960675239563,100.07086944580078,1.4489974975585938,93.07479095458984
1.4855117797851562,193.63780212402344,1.3723173141479492,205.29266357421875
0.5344882011413574,672.4802856445312,0.7091888189315796,659.8101196289062
0.6748031377792358,45.031494140625,0.6996567249298096,84.56473541259766
1.8596850633621216,644.9606323242188,1.583857774734497,571.1551513671875
1.4543306827545166,562.4015502929688,1.4755117893218994,579.7437744140625
0.7995275855064392,314.7243957519531,1.2061973810195923,272.2156677246094
1.2672441005706787,430.3070983886719,1.5356236696243286,450.7221984863281
1.5790550708770752,545.8897705078125,1.3521206378936768,576.8793334960938
0.8774803280830383,276.19683837890625,1.0421769618988037,215.95285034179688
1.15811026096344,419.2992248535156,1.3146964311599731,459.6866760253906
0.9554330706596375,595.4251708984375,1.3270691633224487,542.0867919921875
2.0,672.4802856445312,1.7949979305267334,548.0498046875
1.4543306827545166,567.905517578125,1.2282805442810059,516.3857421875
1.2984251976013184,523.8740234375,1.190047264099121,513.3765258789062
1.4387401342391968,243.17323303222656,1.3258275985717773,258.1729736328125
0.36299213767051697,419.2992248535156,0.45244884490966797,416.6297912597656
0.5033071041107178,171.62203979492188,0.34056705236434937,266.5186462402344
1.3451968431472778,589.9212646484375,1.289249062538147,457.1703186035156
0.113543301820755,50.53543472290039,0.09405286610126495,34.326351165771484
1.3919684886932373,287.2047119140625,1.6397991180419922,216.62120056152344
0.8462992310523987,171.62203979492188,0.7905104756355286,204.6320037841797
0.7683464288711548,122.08661651611328,0.6929910778999329,77.44329833984375
0.8618897795677185,226.66140747070312,0.4874405860900879,331.3083190917969
0.36299213767051697,677.9842529296875,0.507248044013977,551.5919189453125
0.1759055107831955,567.905517578125,0.18777522444725037,506.4134216308594
2.0,298.21258544921875,1.4124090671539307,440.70233154296875
1.2516535520553589,419.2992248535156,1.1075760126113892,600.9241333007812
0.3006299138069153,650.4645385742188,0.6093804836273193,489.2231140136719
1.3607873916625977,353.251953125,0.9196576476097107,551.1539306640625
0.9398425221443176,237.66929626464844,1.284393548965454,180.43080139160156
1.8596850633621216,622.9448852539062,1.4809746742248535,665.4216918945312
1.7193701267242432,655.968505859375,1.736996054649353,651.714599609375
1.5478739738464355,485.3464660644531,1.6974996328353882,599.011962890625
1.7661417722702026,133.094482421875,1.7256842851638794,111.21931457519531
0.6280314922332764,688.9921264648438,0.8048534393310547,635.0382690429688
1.2984251976013184,479.842529296875,1.6622521877288818,492.40386962890625
0.05118110775947571,540.3858032226562,0.34708791971206665,502.4050598144531
0.6903936862945557,105.5748062133789,0.5144174098968506,183.05555725097656
0.019999999552965164,215.65354919433594,0.22146400809288025,196.00955200195312
0.3785826861858368,628.4487915039062,0.5797426104545593,462.9947509765625
0.40976378321647644,204.6456756591797,0.41207462549209595,175.26348876953125
1.734960675239563,155.1102294921875,1.623018503189087,138.33631896972656
1.4543306827545166,17.511810302734375,1.6242388486862183,36.95996856689453
0.8462992310523987,61.54330825805664,0.8924779891967773,91.10306549072266
1.6570079326629639,45.031494140625,1.4309622049331665,47.949127197265625
1.2828346490859985,666.9763793945312,1.4221904277801514,495.93267822265625
1.0801575183868408,578.9133911132812,0.9682397842407227,443.137451171875
1.1113386154174805,287.2047119140625,0.8181948661804199,359.60675048828125
1.734960675239563,182.62994384765625,1.6817394495010376,171.57945251464844
0.908661425113678,529.3779296875,1.1618294715881348,627.5397338867188
1.1737008094787598,94.56694030761719,0.9650648236274719,163.03150939941406
1.1269291639328003,34.02362060546875,1.0644546747207642,64.08773803710938
1.828503966331482,331.2362060546875,1.6147626638412476,353.5893859863281
1.3919684886932373,248.6771697998047,1.5862298011779785,217.73641967773438
1.2516535520553589,270.6929016113281,1.4140138626098633,243.3730926513672
1.9532283544540405,116.58268737792969,1.971348524093628,164.47862243652344
1.9532283544540405,155.1102294921875,1.5995744466781616,292.8063659667969
1.7193701267242432,204.6456756591797,1.8955209255218506,238.56959533691406
1.2516535520553589,6.503936767578125,1.4523794651031494,0.5730751752853394
1.6881890296936035,188.13388061523438,1.531211018562317,196.86312866210938
0.659212589263916,34.02362060546875,0.7243850827217102,48.3255500793457
0.9866141676902771,584.4172973632812,0.9448238015174866,568.0672607421875
0.2538582682609558,655.968505859375,0.49847081303596497,494.53955078125
0.7215747833251953,523.8740234375,0.6178954243659973,535.3916015625
0.752755880355835,441.3149719238281,1.1286424398422241,345.905029296875
1.3140157461166382,639.4566650390625,1.25907564163208,632.230712890625
0.7995275855064392,6.503936767578125,0.766575813293457,19.93216323852539
1.6570079326629639,672.4802856445312,1.4570889472961426,575.0739135742188
1.9688189029693604,567.905517578125,1.794805645942688,502.1802673339844
1.1892913579940796,595.4251708984375,0.545037031173706,720.3621215820312
1.7817323207855225,221.15748596191406,1.3331990242004395,279.5959167480469
0.113543301820755,111.07874298095703,0.1509508639574051,123.76988983154297
1.236063003540039,259.6850280761719,1.3290832042694092,237.14768981933594
1.6725984811782837,221.15748596191406,1.4332256317138672,240.04701232910156
1.4699212312698364,336.7401428222656,1.3001986742019653,348.94134521484375
0.908661425113678,375.26776123046875,0.9185726046562195,461.9088134765625
1.0022047758102417,248.6771697998047,0.8702824115753174,334.5557556152344
1.7973228693008423,518.3700561523438,2.0798838138580322,472.1705017089844
1.0957480669021606,243.17323303222656,1.1236577033996582,291.83074951171875
0.8462992310523987,567.905517578125,1.1492341756820679,489.34857177734375
1.2048819065093994,336.7401428222656,1.1771931648254395,374.2740173339844
0.40976378321647644,567.905517578125,0.5158960819244385,460.54864501953125
1.516692876815796,380.77166748046875,1.7893561124801636,304.4104309082031
0.6903936862945557,386.2756042480469,1.1563208103179932,353.8179626464844
1.7505512237548828,144.10235595703125,1.6399081945419312,85.06835174560547
0.48771652579307556,700.0,0.830971360206604,593.1909790039062
1.4543306827545166,237.66929626464844,1.1759687662124634,285.1265869140625
0.06677165627479553,490.85040283203125,0.22754323482513428,389.2943115234375
0.5344882011413574,518.3700561523438,0.6747612357139587,451.6109619140625
0.7995275855064392,61.54330825805664,0.8222070932388306,39.26028060913086
0.28503936529159546,683.4881591796875,0.42599114775657654,576.9172973632812
1.3140157461166382,474.3385925292969,1.6827987432479858,407.1483154296875
1.8596850633621216,83.55905151367188,1.4326539039611816,124.95293426513672
1.5634645223617554,441.3149719238281,1.7007184028625488,421.7030029296875
1.15811026096344,270.6929016113281,1.3365141153335571,317.8915100097656
0.19149605929851532,105.5748062133789,0.24460965394973755,99.13016510009766
1.423149585723877,386.2756042480469,1.5478698015213013,429.3546142578125
0.3006299138069153,419.2992248535156,0.3094175457954407,491.24151611328125
1.0801575183868408,56.039371490478516,1.0575748682022095,-13.474069595336914
1.3763779401779175,595.4251708984375,1.454576849937439,579.9061889648438
0.3785826861858368,501.8582763671875,0.4261874854564667,453.0684509277344
1.8596850633621216,441.3149719238281,1.5380343198776245,530.7034912109375
1.8440945148468018,193.63780212402344,1.4416147470474243,315.2514953613281
1.1425197124481201,287.2047119140625,1.3027490377426147,237.61032104492188
0.05118110775947571,562.4015502929688,0.030738890171051025,519.0577392578125
0.8774803280830383,232.16537475585938,0.6385340690612793,370.81787109375
0.6124409437179565,600.9291381835938,0.9082985520362854,619.1415405273438
1.1892913579940796,672.4802856445312,1.435965657234192,675.5885620117188
1.1269291639328003,474.3385925292969,1.7248016595840454,478.2781982421875
1.3607873916625977,116.58268737792969,1.292962908744812,120.39173889160156
1.2828346490859985,683.4881591796875,1.2235972881317139,619.97802734375
0.9398425221443176,182.62994384765625,0.9158046841621399,239.310791015625
1.4387401342391968,336.7401428222656,1.6584995985031128,354.7469787597656
0.908661425113678,259.6850280761719,1.2575827836990356,161.3467254638672
0.48771652579307556,474.3385925292969,0.6990430951118469,330.1957702636719
0.9242519736289978,254.1811065673828,0.5920233130455017,356.8997497558594
0.1759055107831955,188.13388061523438,0.20473285019397736,149.02867126464844
0.1759055107831955,452.32281494140625,0.48688235878944397,365.6878967285156
0.47212597727775574,556.8976440429688,0.8815981149673462,497.82574462890625
0.7215747833251953,331.2362060546875,0.713467001914978,379.6192321777344
0.5033071041107178,435.81103515625,0.304543673992157,528.8405151367188
0.9866141676902771,562.4015502929688,1.0583345890045166,610.7927856445312
0.5812598466873169,485.3464660644531,0.874936044216156,440.824462890625
0.6748031377792358,468.8346862792969,0.6407853960990906,553.45751953125
1.812913417816162,193.63780212402344,1.4667726755142212,279.0820617675781
0.6436220407485962,204.6456756591797,0.40348851680755615,312.9678955078125
1.7505512237548828,501.8582763671875,1.503046989440918,575.8521118164062
0.7371653318405151,67.0472412109375,0.7207581996917725,33.99837875366211
0.36299213767051697,100.07086944580078,0.3868173360824585,89.06009674072266
1.8908661603927612,122.08661651611328,1.5192221403121948,210.6874237060547
0.5188976526260376,397.2834777832031,0.7137963771820068,339.94793701171875
0.6903936862945557,127.5905532836914,0.6809502840042114,157.18943786621094
1.4075590372085571,210.1496124267578,1.0972291231155396,281.62896728515625
1.423149585723877,12.00787353515625,1.3762816190719604,-5.287902355194092
1.4699212312698364,512.8661499023438,1.4804261922836304,587.7919921875
0.34740158915519714,364.2598876953125,0.5833728909492493,346.6899719238281
0.7995275855064392,122.08661651611328,0.7811948657035828,130.33175659179688
0.019999999552965164,639.4566650390625,0.13327157497406006,616.4871826171875
0.4409448802471161,138.59841918945312,0.4745097756385803,99.2061767578125
0.8307086825370789,177.1259765625,0.682253360748291,244.5844268798828
0.8462992310523987,408.2913513183594,1.445448398590088,306.3050842285156
1.5790550708770752,606.4330444335938,1.4445538520812988,450.6697082519531
0.5968503952026367,287.2047119140625,0.6882919669151306,358.8722229003906
1.4387401342391968,89.06298828125,1.3914258480072021,106.31939697265625
0.06677165627479553,6.503936767578125,-0.04854206368327141,16.672611236572266
0.5500787496566772,424.80316162109375,0.5135568976402283,438.5399475097656
1.064566969871521,94.56694030761719,1.2023354768753052,17.393163681030273
1.2984251976013184,276.19683837890625,1.5779638290405273,285.41912841796875
1.0957480669021606,479.842529296875,1.226269006729126,507.5438537597656
1.1892913579940796,6.503936767578125,1.2963087558746338,-27.456968307495117
1.5322834253311157,56.039371490478516,1.3696370124816895,138.5904083251953
1.7505512237548828,677.9842529296875,1.38661527633667,591.6168212890625
1.15811026096344,688.9921264648438,1.3838214874267578,551.2346801757812
1.6725984811782837,144.10235595703125,1.5270270109176636,118.03927612304688
1.6881890296936035,369.7638244628906,1.3897572755813599,518.1715087890625
1.2984251976013184,17.511810302734375,1.4108469486236572,-19.93061637878418
1.516692876815796,138.59841918945312,1.4055405855178833,194.7978515625
1.2984251976013184,457.8267517089844,1.547066569328308,371.5753479003906
0.8774803280830383,56.039371490478516,0.944958508014679,76.6518783569336
1.6102361679077148,237.66929626464844,1.7606093883514404,315.5896301269531
0.019999999552965164,182.62994384765625,0.16399425268173218,197.5834197998047
1.236063003540039,6.503936767578125,1.169345736503601,1.1761552095413208
0.42535433173179626,441.3149719238281,0.8478818535804749,453.7230224609375
0.05118110775947571,12.00787353515625,0.12496066093444824,7.567042350769043
0.4409448802471161,512.8661499023438,0.7402009963989258,428.5123596191406
0.03559055179357529,226.66140747070312,0.15645743906497955,191.36074829101562
0.5188976526260376,545.8897705078125,0.5848318934440613,519.5878295898438
0.34740158915519714,89.06298828125,0.3675417900085449,91.949951171875
1.0801575183868408,83.55905151367188,1.1176635026931763,99.0389175415039
0.12913386523723602,485.3464660644531,0.28011050820350647,491.2945861816406
1.2828346490859985,45.031494140625,1.2063583135604858,62.29606628417969
1.8440945148468018,617.44091796875,1.7619998455047607,633.25244140625
1.828503966331482,309.220458984375,1.2994344234466553,424.0688781738281
0.3941732347011566,292.7086486816406,0.3287121653556824,340.3929138183594
1.6102361679077148,353.251953125,1.451370120048523,342.3559265136719
1.4075590372085571,485.3464660644531,1.15414559841156,542.8565673828125
1.7817323207855225,6.503936767578125,1.7428553104400635,27.13534164428711
0.6903936862945557,523.8740234375,0.7271780371665955,529.1944580078125
1.3451968431472778,72.55117797851562,1.6898040771484375,83.68169403076172
0.752755880355835,650.4645385742188,0.4928189218044281,691.7599487304688
1.5322834253311157,611.93701171875,1.498156189918518,601.7778930664062
1.5634645223617554,188.13388061523438,1.3730567693710327,188.7605743408203
1.4855117797851562,595.4251708984375,1.3787603378295898,517.32373046875
1.8752756118774414,309.220458984375,1.6507848501205444,374.5430908203125
1.9532283544540405,501.8582763671875,1.8549460172653198,536.5498046875
1.0957480669021606,342.24407958984375,1.2691184282302856,376.7095642089844
1.3919684886932373,166.11810302734375,0.8742594718933105,366.9355163574219
1.236063003540039,237.66929626464844,1.0711935758590698,227.0550537109375
0.4409448802471161,556.8976440429688,0.5434151291847229,642.462646484375
0.9398425221443176,83.55905151367188,0.80971759557724,127.7218246459961
0.8774803280830383,551.3936767578125,1.1528558731079102,450.1987609863281
1.0957480669021606,567.905517578125,1.3168559074401855,430.57818603515625
0.5344882011413574,485.3464660644531,0.33259397745132446,558.078369140625
0.19149605929851532,435.81103515625,0.13694579899311066,521.7666015625
1.064566969871521,210.1496124267578,1.2761242389678955,121.1910171508789
0.9242519736289978,1.0,0.8416795134544373,43.08728790283203
0.5344882011413574,265.18896484375,0.4434413015842438,295.757568359375
0.8930708765983582,331.2362060546875,1.0792582035064697,361.83642578125
1.4855117797851562,584.4172973632812,1.2635180950164795,574.8771362304688
1.734960675239563,523.8740234375,1.9256477355957031,548.2120971679688
1.6725984811782837,171.62203979492188,1.705100178718567,194.57908630371094
0.6124409437179565,144.10235595703125,0.48301073908805847,176.28750610351562
1.6414172649383545,254.1811065673828,1.425220012664795,452.0559387207031
0.8930708765983582,67.0472412109375,0.7842087745666504,103.98700714111328
0.05118110775947571,105.5748062133789,-0.04953421279788017,132.54087829589844
1.6725984811782837,265.18896484375,1.385573387145996,388.82177734375
1.0022047758102417,700.0,1.0346810817718506,559.92822265625
1.1425197124481201,666.9763793945312,1.2669916152954102,564.1107177734375
0.6748031377792358,122.08661651611328,0.896718442440033,61.239139556884766
1.423149585723877,215.65354919433594,1.5780330896377563,138.40740966796875
0.36299213767051697,61.54330825805664,0.251810759305954,78.98516845703125
0.40976378321647644,331.2362060546875,0.266517698764801,431.1201171875
0.9710236191749573,606.4330444335938,0.8252599835395813,571.4059448242188
0.8618897795677185,314.7243957519531,1.352170467376709,329.7907409667969
1.0333858728408813,166.11810302734375,1.2595795392990112,188.42318725585938
1.516692876815796,12.00787353515625,1.5091031789779663,3.48150372505188
0.7839370369911194,232.16537475585938,0.5389876961708069,318.96905517578125
1.8440945148468018,397.2834777832031,1.8858386278152466,419.39605712890625
1.8752756118774414,56.039371490478516,1.7525901794433594,56.83012008666992
1.8440945148468018,265.18896484375,1.9270517826080322,302.23785400390625
0.3162204623222351,496.3543395996094,0.5763564705848694,357.9616394042969
1.7661417722702026,89.06298828125,1.847449541091919,62.73917770385742
0.659212589263916,485.3464660644531,0.7751807570457458,487.92645263671875
1.5322834253311157,430.3070983886719,1.5429798364639282,431.35302734375
0.019999999552965164,122.08661651611328,0.20779825747013092,99.08155059814453
0.9554330706596375,116.58268737792969,1.1768492460250854,66.31124877929688
1.0489764213562012,529.3779296875,1.6724579334259033,343.245361328125
0.908661425113678,551.3936767578125,1.5357773303985596,536.2011108398438
1.6725984811782837,56.039371490478516,1.5363479852676392,77.4193115234375
1.1892913579940796,386.2756042480469,1.3382469415664673,396.0350341796875
0.8307086825370789,551.3936767578125,0.731123149394989,606.6529541015625
1.4699212312698364,408.2913513183594,1.6266597509384155,374.56488037109375
1.5634645223617554,166.11810302734375,1.4377107620239258,204.3589324951172
0.7371653318405151,166.11810302734375,0.7327501773834229,184.46434020996094
1.0022047758102417,303.7165222167969,0.9957918524742126,348.70343017578125
1.2516535520553589,600.9291381835938,1.3620494604110718,590.550537109375
0.5033071041107178,639.4566650390625,0.9357723593711853,504.2663269042969
0.019999999552965164,1.0,0.06241140142083168,29.800241470336914
1.6258267164230347,496.3543395996094,1.3982070684432983,507.1448059082031
1.7973228693008423,639.4566650390625,1.7020978927612305,635.0718994140625
0.1759055107831955,683.4881591796875,0.4060066044330597,536.5272216796875
0.3162204623222351,83.55905151367188,0.4967172145843506,35.268619537353516
0.3006299138069153,1.0,0.2915204167366028,6.610447406768799
1.828503966331482,188.13388061523438,1.6373908519744873,244.5676727294922
1.1892913579940796,650.4645385742188,1.3761285543441772,546.090576171875
0.34740158915519714,210.1496124267578,0.5182048082351685,134.3631591796875
1.5790550708770752,39.527557373046875,1.4488009214401245,11.085477828979492
1.2048819065093994,45.031494140625,1.0885326862335205,54.462894439697266
1.3451968431472778,419.2992248535156,1.3617329597473145,502.4378662109375
1.594645619392395,193.63780212402344,1.6187323331832886,286.7415466308594
1.7973228693008423,617.44091796875,1.6719168424606323,582.1695556640625
1.2048819065093994,358.7558898925781,1.1117957830429077,408.5045471191406
1.3140157461166382,617.44091796875,1.5906445980072021,507.9877014160156
1.501102328300476,237.66929626464844,1.5838677883148193,280.56488037109375
1.9844094514846802,452.32281494140625,1.7621675729751587,468.0089111328125
0.6124409437179565,248.6771697998047,0.5044652819633484,309.1663818359375
0.2538582682609558,611.93701171875,1.0221220254898071,270.413818359375
0.1759055107831955,325.7322692871094,0.3676968514919281,341.9176940917969
1.3451968431472778,375.26776123046875,1.3070776462554932,525.3496704101562
0.752755880355835,600.9291381835938,1.2214113473892212,565.2718505859375
1.4075590372085571,353.251953125,1.6322768926620483,277.98101806640625
1.4543306827545166,72.55117797851562,1.3512976169586182,82.6562728881836
1.2048819065093994,292.7086486816406,1.0092475414276123,317.7170104980469
0.05118110775947571,270.6929016113281,0.21236377954483032,224.9697265625
1.1113386154174805,61.54330825805664,1.1635832786560059,101.7862548828125
0.28503936529159546,644.9606323242188,0.8144128322601318,595.9384155273438
0.5968503952026367,94.56694030761719,0.6445057988166809,126.48267364501953
0.47212597727775574,67.0472412109375,0.6439571380615234,3.6342530250549316
0.7995275855064392,402.78741455078125,0.925386905670166,378.3246765136719
0.2538582682609558,606.4330444335938,0.7988560795783997,543.620849609375
1.3919684886932373,446.8188781738281,1.2218825817108154,591.082763671875
1.15811026096344,50.53543472290039,1.0742385387420654,52.6147575378418
1.8908661603927612,677.9842529296875,1.5691076517105103,600.58984375
1.6570079326629639,188.13388061523438,1.6993051767349243,138.6558074951172
1.734960675239563,353.251953125,1.685128927230835,478.44744873046875
1.0489764213562012,435.81103515625,1.0248494148254395,410.8584289550781
1.9688189029693604,127.5905532836914,1.638211965560913,177.59164428710938
0.5656692981719971,17.511810302734375,0.707768440246582,-1.7308905124664307
1.423149585723877,188.13388061523438,1.4536789655685425,287.0997314453125
1.017795443534851,573.409423828125,1.5570604801177979,276.6474609375
0.4565354287624359,600.9291381835938,0.8021866679191589,582.7252807617188
0.28503936529159546,34.02362060546875,0.26458802819252014,51.501182556152344
1.9220472574234009,314.7243957519531,1.684373378753662,424.4415283203125
1.2204724550247192,309.220458984375,1.667565107345581,350.9643859863281
1.4387401342391968,688.9921264648438,1.7199822664260864,625.8802490234375
1.8596850633621216,617.44091796875,1.6108524799346924,553.658935546875
0.14472442865371704,375.26776123046875,0.06613963842391968,408.5609130859375
1.3140157461166382,666.9763793945312,1.5954113006591797,453.0341491699219
1.906456708908081,490.85040283203125,1.8801745176315308,551.309814453125
1.501102328300476,144.10235595703125,1.7335600852966309,139.0749053955078
0.6124409437179565,633.9527587890625,0.816040575504303,488.3318786621094
1.3607873916625977,463.33074951171875,1.6507328748703003,478.4036865234375
1.9688189029693604,468.8346862792969,1.9782493114471436,522.1546630859375
1.1737008094787598,226.66140747070312,1.557964563369751,196.34071350097656
1.7973228693008423,595.4251708984375,1.0759268999099731,544.707275390625
0.8930708765983582,622.9448852539062,1.085276484489441,539.7240600585938
1.064566969871521,540.3858032226562,1.4422847032546997,504.5677490234375
1.0957480669021606,617.44091796875,1.2038108110427856,602.1195678710938
0.7683464288711548,446.8188781738281,0.8182835578918457,461.35345458984375
0.26944881677627563,116.58268737792969,0.35632145404815674,127.19471740722656
0.48771652579307556,446.8188781738281,0.635725200176239,455.6634216308594
2.0,567.905517578125,1.3714314699172974,650.2056274414062
0.815118134021759,490.85040283203125,1.2124056816101074,479.8681945800781
1.1737008094787598,149.60629272460938,1.1903855800628662,194.1325225830078
1.906456708908081,452.32281494140625,1.8752387762069702,521.1254272460938
0.8774803280830383,644.9606323242188,0.9773722290992737,593.4044189453125
0.42535433173179626,518.3700561523438,0.540412962436676,512.6189575195312
1.3607873916625977,496.3543395996094,1.4989957809448242,549.3114013671875
1.7037795782089233,496.3543395996094,1.7334024906158447,580.4998168945312
1.5790550708770752,567.905517578125,1.79180908203125,541.2420043945312
0.3941732347011566,177.1259765625,0.38434794545173645,213.565673828125
1.2984251976013184,12.00787353515625,1.108383059501648,46.05095672607422
1.3140157461166382,435.81103515625,1.7375164031982422,227.7158203125
1.1269291639328003,496.3543395996094,1.2131388187408447,438.905517578125
0.16031496226787567,314.7243957519531,0.29629525542259216,337.1381530761719
1.8596850633621216,463.33074951171875,1.5716209411621094,516.583251953125
1.5790550708770752,254.1811065673828,1.237841248512268,427.13299560546875
1.329606294631958,672.4802856445312,1.5738483667373657,540.8042602539062
1.7193701267242432,545.8897705078125,1.6990736722946167,570.83447265625
0.40976378321647644,50.53543472290039,0.2202019989490509,76.39122009277344
1.3607873916625977,226.66140747070312,1.0768383741378784,296.70751953125
1.828503966331482,562.4015502929688,1.6648213863372803,620.025390625
0.1759055107831955,688.9921264648438,0.24657198786735535,571.21240234375
1.8440945148468018,688.9921264648438,1.4715080261230469,652.313232421875
1.4387401342391968,6.503936767578125,1.4233648777008057,-10.342702865600586
1.1892913579940796,468.8346862792969,1.1756200790405273,418.94525146484375
1.236063003540039,584.4172973632812,1.142608880996704,592.028076171875
1.9688189029693604,540.3858032226562,1.5184627771377563,621.9791259765625
1.2984251976013184,331.2362060546875,1.7586346864700317,233.52810668945312
1.5634645223617554,375.26776123046875,1.5385043621063232,517.7113037109375
1.9844094514846802,347.7480163574219,1.629427433013916,474.386474609375
1.7193701267242432,353.251953125,1.9961639642715454,358.3319396972656
1.2828346490859985,369.7638244628906,1.6063443422317505,416.1752014160156
1.501102328300476,276.19683837890625,1.3334871530532837,379.2812805175781
1.6725984811782837,589.9212646484375,1.6658722162246704,528.9603271484375
0.019999999552965164,545.8897705078125,0.2200021743774414,386.4246520996094
0.12913386523723602,677.9842529296875,0.3761438727378845,506.1400146484375
0.9866141676902771,45.031494140625,0.8649743795394897,81.97901916503906
1.3451968431472778,540.3858032226562,1.3398170471191406,506.4270324707031
0.815118134021759,562.4015502929688,1.0027092695236206,458.0244445800781
0.9554330706596375,364.2598876953125,0.8261768221855164,446.2044372558594
1.017795443534851,309.220458984375,1.3328893184661865,341.7658996582031
0.5033071041107178,694.4960327148438,1.0535258054733276,571.4536743164062
1.15811026096344,556.8976440429688,1.151837944984436,545.4874877929688
1.5478739738464355,193.63780212402344,1.4712852239608765,156.29197692871094
0.815118134021759,215.65354919433594,0.5386980772018433,311.2165832519531
1.9532283544540405,666.9763793945312,1.3822462558746338,623.4342041015625
0.03559055179357529,105.5748062133789,0.056195832788944244,109.41305541992188
0.1759055107831955,1.0,0.15731589496135712,19.18855094909668
1.6570079326629639,419.2992248535156,1.5852363109588623,377.8940124511719
1.4387401342391968,518.3700561523438,1.1301085948944092,630.645263671875
1.1269291639328003,606.4330444335938,1.4005296230316162,467.2029113769531
0.238267719745636,226.66140747070312,0.23675502836704254,241.19375610351562
1.0333858728408813,430.3070983886719,1.3079650402069092,486.858154296875
0.8307086825370789,160.61416625976562,0.8848762512207031,109.47221374511719
0.1759055107831955,353.251953125,0.4493820369243622,304.0072326660156
0.14472442865371704,567.905517578125,0.5692198276519775,450.69769287109375
1.0333858728408813,188.13388061523438,0.8438460826873779,263.6894226074219
1.2828346490859985,628.4487915039062,1.6038908958435059,441.1617126464844
1.6570079326629639,584.4172973632812,1.6452693939208984,532.4541625976562
0.8618897795677185,320.22833251953125,0.613988995552063,450.80743408203125
1.6881890296936035,303.7165222167969,1.385007381439209,389.1916198730469
0.28503936529159546,342.24407958984375,0.13261063396930695,423.21661376953125
1.516692876815796,567.905517578125,1.753970742225647,503.2367248535156
1.236063003540039,622.9448852539062,1.1800239086151123,566.9152221679688
0.5968503952026367,270.6929016113281,0.6034088730812073,274.0841979980469
0.6124409437179565,435.81103515625,0.18175576627254486,520.9667358398438
1.9376378059387207,419.2992248535156,1.8164701461791992,526.1107177734375
1.0489764213562012,50.53543472290039,1.0018974542617798,97.74991607666016
0.4409448802471161,116.58268737792969,0.5510590672492981,117.39165496826172
1.501102328300476,210.1496124267578,1.836800456047058,170.09521484375
1.9844094514846802,628.4487915039062,1.4533485174179077,607.3667602539062
0.5968503952026367,369.7638244628906,1.0726829767227173,259.1236267089844
0.20708660781383514,144.10235595703125,0.381702721118927,125.53536987304688
0.34740158915519714,78.05511474609375,0.4630212187767029,20.068761825561523
0.7371653318405151,138.59841918945312,0.7417080402374268,185.8524169921875
0.238267719745636,39.527557373046875,0.26380181312561035,30.080387115478516
1.5634645223617554,320.22833251953125,1.6844104528427124,330.7177734375
1.4387401342391968,259.6850280761719,1.7264556884765625,356.24371337890625
1.1737008094787598,265.18896484375,1.5413473844528198,193.8860321044922
0.42535433173179626,479.842529296875,0.5754917860031128,397.4353942871094
0.34740158915519714,325.7322692871094,0.3903157413005829,336.32745361328125
1.5478739738464355,391.779541015625,1.2281962633132935,477.093505859375
1.7193701267242432,485.3464660644531,1.3346242904663086,619.5682373046875
1.6725984811782837,578.9133911132812,1.9248547554016113,525.7929077148438
0.7995275855064392,215.65354919433594,0.8513785004615784,226.6075897216797
0.3785826861858368,677.9842529296875,0.42669323086738586,559.3184814453125
0.12913386523723602,490.85040283203125,0.4446546733379364,368.69293212890625
0.19149605929851532,617.44091796875,0.20686805248260498,493.5028381347656
1.6102361679077148,375.26776123046875,1.2854620218276978,516.0011596679688
1.2204724550247192,39.527557373046875,1.162817120552063,45.72770690917969
1.3140157461166382,380.77166748046875,1.511711597442627,382.2054138183594
0.5188976526260376,446.8188781738281,0.3694424331188202,495.2942199707031
0.6280314922332764,567.905517578125,0.9133366942405701,484.9979553222656
0.3941732347011566,303.7165222167969,0.7109520435333252,197.10707092285156
1.1425197124481201,45.031494140625,1.0463608503341675,99.55052185058594
1.064566969871521,655.968505859375,1.7824301719665527,466.484375
0.47212597727775574,111.07874298095703,0.3821248710155487,140.98619079589844
0.33181101083755493,320.22833251953125,0.6216210722923279,259.8732604980469
1.2048819065093994,413.7952880859375,1.120395302772522,487.66571044921875
1.3607873916625977,578.9133911132812,1.371566891670227,689.5511474609375
0.9554330706596375,23.0157470703125,0.9243267774581909,-9.54173755645752
1.064566969871521,193.63780212402344,1.2582356929779053,227.91905212402344
1.7505512237548828,424.80316162109375,1.5521701574325562,550.4611206054688
0.8774803280830383,67.0472412109375,0.7526910901069641,82.35962677001953
1.594645619392395,204.6456756591797,1.3702788352966309,268.12939453125
0.6436220407485962,578.9133911132812,0.7705832719802856,490.87603759765625
1.5478739738464355,353.251953125,1.1234076023101807,469.1780700683594
0.09795275330543518,28.519685745239258,0.14309854805469513,49.97160720825195
0.20708660781383514,138.59841918945312,0.326617956161499,176.15052795410156
1.4855117797851562,6.503936767578125,1.178322196006775,3.7947583198547363
1.4543306827545166,595.4251708984375,1.6894288063049316,479.74005126953125
0.1759055107831955,309.220458984375,0.44149354100227356,345.1761779785156
1.6725984811782837,545.8897705078125,1.2341974973678589,535.0230712890625
0.1759055107831955,111.07874298095703,0.2127017378807068,86.15476989746094
0.7371653318405151,479.842529296875,0.8039687871932983,461.6669006347656
1.9688189029693604,56.039371490478516,1.7843042612075806,46.08287811279297
0.6280314922332764,694.4960327148438,0.7290357947349548,704.1920166015625
1.8908661603927612,578.9133911132812,1.4450325965881348,567.7955932617188
1.812913417816162,622.9448852539062,1.9001291990280151,555.8569946289062
1.3140157461166382,292.7086486816406,0.9500758647918701,443.63165283203125
1.7661417722702026,50.53543472290039,1.5382710695266724,96.24457550048828
1.3763779401779175,424.80316162109375,1.3173813819885254,476.0887756347656
1.6570079326629639,133.094482421875,1.3446459770202637,187.13034057617188
1.2672441005706787,149.60629272460938,1.4142725467681885,110.0847396850586
0.06677165627479553,452.32281494140625,0.1944786012172699,433.5546875
1.3140157461166382,375.26776123046875,1.3806577920913696,530.5805053710938
0.9242519736289978,430.3070983886719,0.9128934144973755,532.88134765625
0.5812598466873169,578.9133911132812,1.1597360372543335,477.6742858886719
1.8908661603927612,325.7322692871094,1.7335004806518555,376.4717102050781
1.5322834253311157,683.4881591796875,1.53420889377594,563.9797973632812
0.42535433173179626,468.8346862792969,0.3237137198448181,586.896728515625
1.15811026096344,358.7558898925781,1.3634490966796875,258.30352783203125
0.9866141676902771,67.0472412109375,1.026528000831604,98.7833480834961
1.4699212312698364,694.4960327148438,1.4561858177185059,672.175537109375
1.4855117797851562,100.07086944580078,1.3188399076461792,137.60691833496094
1.8440945148468018,232.16537475585938,1.3790664672851562,291.2775573730469
0.48771652579307556,287.2047119140625,0.5579919815063477,337.4681396484375
1.1425197124481201,512.8661499023438,1.3525696992874146,389.49908447265625
1.0022047758102417,622.9448852539062,0.9316734671592712,553.146240234375
0.7995275855064392,452.32281494140625,0.7664437890052795,415.0893249511719
0.5500787496566772,320.22833251953125,0.6039289236068726,336.6390380859375
0.4565354287624359,182.62994384765625,0.6831464767456055,178.12843322753906
0.659212589263916,61.54330825805664,0.589112401008606,101.11552429199219
1.2672441005706787,457.8267517089844,1.0735228061676025,398.4892578125
0.6436220407485962,232.16537475585938,0.616931676864624,252.14686584472656
0.238267719745636,281.7007751464844,0.4442943334579468,261.83843994140625
1.329606294631958,83.55905151367188,1.3716984987258911,78.99359893798828
1.329606294631958,72.55117797851562,1.7792127132415771,-5.983349323272705
2.0,683.4881591796875,1.405397891998291,680.0307006835938
0.019999999552965164,254.1811065673828,0.17502626776695251,288.08111572265625
1.7037795782089233,606.4330444335938,1.893137812614441,515.9259033203125
0.5033071041107178,364.2598876953125,0.4821148216724396,381.4079284667969
1.7193701267242432,265.18896484375,1.2710977792739868,438.88555908203125
0.34740158915519714,606.4330444335938,0.5918769836425781,484.77850341796875
1.9220472574234009,358.7558898925781,1.854461431503296,498.04486083984375
0.5656692981719971,633.9527587890625,0.7997369170188904,630.916748046875
1.0489764213562012,1.0,0.9124481678009033,14.360614776611328
1.2984251976013184,584.4172973632812,1.2973673343658447,485.81036376953125
1.4699212312698364,144.10235595703125,1.1671210527420044,281.1486511230469
0.7371653318405151,265.18896484375,0.8772026300430298,268.6346435546875
1.2672441005706787,314.7243957519531,1.4265607595443726,331.3863525390625
0.9866141676902771,391.779541015625,1.2370707988739014,399.961669921875
1.8752756118774414,556.8976440429688,1.9420356750488281,592.491943359375
1.6570079326629639,276.19683837890625,1.7301913499832153,328.4901123046875
1.0957480669021606,177.1259765625,0.9008395671844482,316.12310791015625
0.8930708765983582,567.905517578125,0.9576812386512756,509.9792785644531
0.7215747833251953,276.19683837890625,0.8598815202713013,286.5976867675781
1.2516535520553589,562.4015502929688,1.3201820850372314,579.6362915039062
1.906456708908081,633.9527587890625,1.6085968017578125,603.723876953125
1.6725984811782837,595.4251708984375,2.062427520751953,500.1559143066406
1.4543306827545166,639.4566650390625,1.63174307346344,503.6595764160156
1.6102361679077148,281.7007751464844,1.3642258644104004,425.336669921875
1.236063003540039,545.8897705078125,1.479222059249878,476.37811279296875
1.3140157461166382,50.53543472290039,1.3933870792388916,17.56782341003418
1.7817323207855225,23.0157470703125,1.58856999874115,56.59332275390625
0.5500787496566772,364.2598876953125,0.39731085300445557,401.12713623046875
1.7817323207855225,67.0472412109375,1.3719947338104248,118.2809066772461
1.4543306827545166,265.18896484375,1.167120099067688,418.6373596191406
0.6280314922332764,380.77166748046875,0.7806282639503479,316.2110595703125
0.3785826861858368,237.66929626464844,0.31940019130706787,300.1803283691406
1.9532283544540405,111.07874298095703,1.2100434303283691,253.94680786132812
0.12913386523723602,358.7558898925781,0.21917781233787537,443.24261474609375
1.1892913579940796,287.2047119140625,1.084312915802002,386.1473388671875
1.4699212312698364,166.11810302734375,1.3765276670455933,191.4127655029297
0.5812598466873169,83.55905151367188,0.5117299556732178,81.74783325195312
0.7839370369911194,353.251953125,0.9799517393112183,461.04644775390625
1.6102361679077148,182.62994384765625,1.6294174194335938,293.6908874511719
1.7037795782089233,457.8267517089844,1.7253329753875732,304.3813171386719
1.0022047758102417,78.05511474609375,0.946482241153717,111.15977478027344
0.06677165627479553,314.7243957519531,0.1362089216709137,383.92236328125
1.7505512237548828,479.842529296875,1.697288990020752,482.8998718261719
0.9398425221443176,639.4566650390625,0.9681543707847595,530.307373046875
0.06677165627479553,56.039371490478516,0.017804263159632683,52.288230895996094
1.8596850633621216,479.842529296875,2.129523992538452,485.2645568847656
0.8307086825370789,116.58268737792969,0.8134906888008118,102.75525665283203
1.7037795782089233,661.472412109375,1.6954485177993774,673.9276123046875
1.0333858728408813,540.3858032226562,1.4112732410430908,549.1613159179688
0.5968503952026367,419.2992248535156,0.31071192026138306,498.9422302246094
1.9532283544540405,578.9133911132812,1.8221042156219482,533.1832885742188
0.2538582682609558,441.3149719238281,0.17102192342281342,550.4944458007812
1.0957480669021606,320.22833251953125,0.928682804107666,321.3622131347656
0.5188976526260376,342.24407958984375,0.6576364040374756,271.4425354003906
1.2204724550247192,661.472412109375,1.755334734916687,544.4739990234375
1.6258267164230347,67.0472412109375,1.6205320358276367,131.5970001220703
2.0,496.3543395996094,1.495041012763977,443.6575927734375
0.4565354287624359,138.59841918945312,0.4255565404891968,126.26693725585938
0.5188976526260376,639.4566650390625,1.0170174837112427,462.78985595703125
1.3451968431472778,215.65354919433594,1.4445680379867554,297.7496032714844
1.4075590372085571,111.07874298095703,1.350975751876831,158.35601806640625
0.9710236191749573,72.55117797851562,0.9239821434020996,66.67839813232422
1.7037795782089233,694.4960327148438,1.9726736545562744,646.797119140625
1.501102328300476,639.4566650390625,1.412724256515503,627.5960693359375
1.3451968431472778,138.59841918945312,1.3071209192276,179.6873016357422
0.05118110775947571,589.9212646484375,0.5902006030082703,453.677734375
1.1737008094787598,639.4566650390625,1.346297264099121,629.4887084960938
1.6570079326629639,243.17323303222656,1.4685240983963013,234.21768188476562
0.7215747833251953,628.4487915039062,1.1636854410171509,527.8184814453125
1.7505512237548828,276.19683837890625,1.6435139179229736,415.4093933105469
1.3140157461166382,6.503936767578125,1.2842031717300415,19.85011100769043
1.2828346490859985,292.7086486816406,1.1783511638641357,299.8076477050781
0.113543301820755,166.11810302734375,0.2873958349227905,137.9506072998047
0.6436220407485962,298.21258544921875,0.6502087712287903,358.8476867675781
0.659212589263916,584.4172973632812,1.0118602514266968,512.6651611328125
1.9220472574234009,78.05511474609375,1.7935312986373901,111.369384765625
1.1425197124481201,254.1811065673828,1.2809128761291504,391.9715881347656
0.5968503952026367,237.66929626464844,0.5808448195457458,341.56646728515625
0.9866141676902771,468.8346862792969,1.4151860475540161,537.7513427734375
0.5344882011413574,688.9921264648438,1.1095852851867676,441.82318115234375
1.7817323207855225,380.77166748046875,1.6935144662857056,519.57568359375
0.5968503952026367,122.08661651611328,0.32996904850006104,235.7740478515625
1.4543306827545166,12.00787353515625,1.4568660259246826,2.0915889739990234
0.34740158915519714,237.66929626464844,0.35868287086486816,152.77430725097656
1.7661417722702026,12.00787353515625,1.4784003496170044,6.9147491455078125
1.5322834253311157,584.4172973632812,1.8794444799423218,552.8778686523438
0.05118110775947571,171.62203979492188,0.2806342542171478,157.93113708496094
1.9376378059387207,358.7558898925781,1.669670581817627,461.6783447265625
0.16031496226787567,281.7007751464844,0.2982550263404846,243.40570068359375
0.9866141676902771,452.32281494140625,1.2039546966552734,469.18096923828125
0.3006299138069153,589.9212646484375,0.38285303115844727,455.3892822265625
1.4855117797851562,628.4487915039062,1.3911809921264648,618.9009399414062
0.8618897795677185,650.4645385742188,1.1658767461776733,648.4204711914062
0.20708660781383514,28.519685745239258,0.2135189026594162,21.747663497924805
0.09795275330543518,232.16537475585938,0.21199293434619904,209.80831909179688
0.6903936862945557,204.6456756591797,0.4596632719039917,343.4315185546875
1.3763779401779175,380.77166748046875,1.5356411933898926,396.6832275390625
0.22267717123031616,589.9212646484375,0.2609112858772278,536.73486328125
1.9844094514846802,237.66929626464844,2.0884950160980225,356.50982666015625
0.113543301820755,435.81103515625,0.4558332860469818,409.7637023925781
0.8307086825370789,633.9527587890625,1.2279233932495117,525.132568359375
0.5812598466873169,490.85040283203125,0.567313015460968,434.60882568359375
1.7193701267242432,83.55905151367188,1.532528042793274,75.12022399902344
1.15811026096344,78.05511474609375,1.188654899597168,79.30854034423828
1.2516535520553589,683.4881591796875,1.2823009490966797,725.0375366210938
1.0801575183868408,683.4881591796875,1.292114496231079,544.4813232421875
0.4409448802471161,210.1496124267578,0.5110009908676147,199.6325225830078
0.8307086825370789,545.8897705078125,0.9007188081741333,501.1863708496094
1.236063003540039,606.4330444335938,1.1799085140228271,509.7213439941406
0.3162204623222351,578.9133911132812,0.34841838479042053,611.0392456054688
1.7505512237548828,6.503936767578125,1.652451753616333,25.963703155517578
1.4699212312698364,534.8818969726562,1.4879740476608276,392.9857482910156
0.19149605929851532,265.18896484375,0.4411250948905945,171.71755981445312
0.238267719745636,419.2992248535156,0.5362831950187683,359.8499755859375
1.2048819065093994,441.3149719238281,1.8593531847000122,338.6164245605469
1.7037795782089233,83.55905151367188,1.2047970294952393,215.2078094482422
1.6725984811782837,666.9763793945312,1.4853601455688477,728.898681640625
0.42535433173179626,551.3936767578125,0.4397682547569275,440.34307861328125
0.8618897795677185,347.7480163574219,0.8489426970481873,501.8609313964844
0.08236220479011536,237.66929626464844,0.07554192841053009,235.9008026123047
1.0801575183868408,573.409423828125,1.5448108911514282,436.9949951171875
1.7973228693008423,105.5748062133789,1.606878638267517,150.83038330078125
1.3607873916625977,490.85040283203125,1.6835817098617554,523.504638671875
0.752755880355835,567.905517578125,0.6178188323974609,544.1713256835938
0.40976378321647644,666.9763793945312,0.7578203082084656,481.1633605957031
1.9376378059387207,534.8818969726562,1.9102246761322021,524.1928100585938
0.8618897795677185,232.16537475585938,0.9288739562034607,283.2185974121094
0.3006299138069153,622.9448852539062,0.6376113295555115,577.5968017578125
0.8774803280830383,672.4802856445312,0.934329628944397,637.6447143554688
1.9220472574234009,177.1259765625,1.7458724975585938,182.9196014404297
0.6436220407485962,457.8267517089844,0.7462608814239502,466.177734375
0.12913386523723602,633.9527587890625,0.016194069758057594,700.9160766601562
0.8774803280830383,518.3700561523438,1.0791575908660889,559.352294921875
1.594645619392395,210.1496124267578,1.4027636051177979,306.8200378417969
1.9688189029693604,507.3622131347656,1.4094284772872925,661.6748046875
1.906456708908081,138.59841918945312,1.6573458909988403,319.3948059082031
1.4855117797851562,188.13388061523438,1.758089542388916,161.4936065673828
1.8596850633621216,1.0,1.547223448753357,32.897613525390625
1.3140157461166382,188.13388061523438,1.1270207166671753,273.2120056152344
0.47212597727775574,276.19683837890625,0.34327438473701477,428.0897521972656
1.1737008094787598,391.779541015625,1.1907469034194946,367.7850341796875
0.7683464288711548,331.2362060546875,0.748496949672699,309.57550048828125
1.7037795782089233,391.779541015625,1.6802926063537598,412.7143249511719
0.33181101083755493,34.02362060546875,0.3825889229774475,38.131080627441406
0.26944881677627563,391.779541015625,0.749354898929596,278.1695861816406
0.47212597727775574,661.472412109375,0.5098217725753784,475.4720153808594
1.7661417722702026,78.05511474609375,1.3483792543411255,140.64161682128906
1.2048819065093994,12.00787353515625,1.336374282836914,27.20573616027832
1.2828346490859985,215.65354919433594,1.4301834106445312,201.7103271484375
1.9532283544540405,639.4566650390625,2.0522682666778564,545.3118286132812
0.7839370369911194,45.031494140625,0.8912214040756226,37.486534118652344
0.36299213767051697,309.220458984375,0.34639662504196167,404.6124572753906
0.9710236191749573,452.32281494140625,1.6131834983825684,502.46319580078125
1.3451968431472778,529.3779296875,1.3330520391464233,469.7177429199219
0.09795275330543518,67.0472412109375,0.20475976169109344,46.53725051879883
1.4855117797851562,28.519685745239258,1.364804983139038,-10.261112213134766
1.1269291639328003,243.17323303222656,1.2522848844528198,165.29647827148438
0.019999999552965164,595.4251708984375,-0.023018095642328262,603.6217041015625
1.8908661603927612,34.02362060546875,1.8100093603134155,56.0021858215332
1.8752756118774414,237.66929626464844,1.2977663278579712,409.83489990234375
1.9376378059387207,567.905517578125,1.5614123344421387,520.3314208984375
1.1737008094787598,672.4802856445312,1.3593292236328125,599.9559936523438
0.752755880355835,281.7007751464844,0.8696803450584412,236.21607971191406
0.42535433173179626,633.9527587890625,0.7388574481010437,527.95361328125
1.7817323207855225,501.8582763671875,1.8005932569503784,491.8941955566406
1.9844094514846802,622.9448852539062,1.753245234489441,543.3443603515625
0.2538582682609558,221.15748596191406,0.27733203768730164,208.9958953857422
1.6881890296936035,281.7007751464844,1.8093820810317993,240.42306518554688
0.33181101083755493,144.10235595703125,0.5535189509391785,109.27725219726562
1.9688189029693604,287.2047119140625,2.2378742694854736,330.76214599609375
1.5790550708770752,215.65354919433594,1.2959390878677368,362.9223937988281
1.4699212312698364,182.62994384765625,1.3750250339508057,147.66908264160156
1.1737008094787598,270.6929016113281,1.4441883563995361,205.1705322265625
0.9398425221443176,474.3385925292969,1.2270491123199463,414.5875244140625
1.0801575183868408,336.7401428222656,0.9449096322059631,468.8390808105469
1.236063003540039,325.7322692871094,1.0251469612121582,434.26397705078125
0.8618897795677185,430.3070983886719,1.1117607355117798,438.4947814941406
1.4387401342391968,303.7165222167969,0.7862581014633179,523.3394775390625
1.7973228693008423,551.3936767578125,1.755545735359192,614.8740234375
0.12913386523723602,534.8818969726562,0.09888991713523865,549.4174194335938
1.4543306827545166,166.11810302734375,1.3009510040283203,229.82247924804688
1.734960675239563,622.9448852539062,1.4585318565368652,649.8256225585938
1.329606294631958,413.7952880859375,1.3420828580856323,502.23486328125
1.5790550708770752,155.1102294921875,1.1846880912780762,203.8448944091797
1.7505512237548828,562.4015502929688,2.0812313556671143,293.3714599609375
0.019999999552965164,199.14173889160156,0.14469726383686066,199.15599060058594
1.7661417722702026,419.2992248535156,1.553747296333313,344.3978271484375
0.7683464288711548,166.11810302734375,1.0313291549682617,141.88409423828125
0.7059842348098755,490.85040283203125,0.721486508846283,554.3258056640625
1.4075590372085571,606.4330444335938,1.6219260692596436,616.0792846679688
1.1425197124481201,221.15748596191406,1.1627399921417236,337.2926940917969
1.2048819065093994,540.3858032226562,1.2084968090057373,659.8672485351562
0.4565354287624359,391.779541015625,0.6506562829017639,454.17364501953125
0.9710236191749573,468.8346862792969,1.2853078842163086,381.3155212402344
0.6903936862945557,606.4330444335938,0.9235334396362305,588.0177612304688
0.42535433173179626,501.8582763671875,0.4146435558795929,560.1277465820312
1.236063003540039,380.77166748046875,1.179239273071289,566.9136962890625
1.329606294631958,633.9527587890625,1.8027597665786743,592.988037109375
1.4855117797851562,221.15748596191406,1.5922844409942627,311.9254150390625
1.3607873916625977,380.77166748046875,1.406682014465332,423.4535827636719
1.594645619392395,50.53543472290039,1.5032529830932617,105.589599609375
0.659212589263916,347.7480163574219,0.8261504769325256,295.3583984375
1.6258267164230347,210.1496124267578,1.2644764184951782,298.14544677734375
0.5968503952026367,688.9921264648438,0.8114132881164551,636.1165771484375
0.06677165627479553,424.80316162109375,0.35669374465942383,434.6272277832031
0.34740158915519714,375.26776123046875,0.6817477941513062,254.24436950683594
1.8752756118774414,298.21258544921875,1.6593526601791382,397.1897888183594
1.0333858728408813,1.0,0.9352598786354065,36.88272476196289
0.7839370369911194,474.3385925292969,0.9473978877067566,452.4422302246094
0.8462992310523987,441.3149719238281,0.9657887816429138,454.50146484375
0.238267719745636,309.220458984375,0.21619120240211487,374.87860107421875
0.8930708765983582,408.2913513183594,0.6519699096679688,580.2689208984375
1.9532283544540405,23.0157470703125,1.7797785997390747,6.356184005737305
1.1892913579940796,523.8740234375,1.4123780727386475,427.1797790527344
1.6102361679077148,61.54330825805664,1.6764296293258667,114.39971923828125
0.5500787496566772,89.06298828125,0.5342696905136108,71.6326675415039
0.5500787496566772,523.8740234375,1.0230841636657715,381.2522277832031
1.7661417722702026,353.251953125,1.5284045934677124,462.6624450683594
0.238267719745636,479.842529296875,0.6723309755325317,383.5546569824219
0.815118134021759,622.9448852539062,1.014074444770813,594.9264526367188
1.423149585723877,182.62994384765625,1.5582150220870972,186.62380981445312
0.5968503952026367,452.32281494140625,1.0729541778564453,277.2316589355469
0.5188976526260376,490.85040283203125,0.06973147392272949,722.6273803710938
1.0022047758102417,116.58268737792969,0.8690961599349976,102.711181640625
0.26944881677627563,633.9527587890625,0.6259745955467224,459.5998840332031
1.7973228693008423,573.409423828125,1.6905165910720825,613.267578125
1.5790550708770752,243.17323303222656,1.4071054458618164,230.4265594482422
1.7817323207855225,397.2834777832031,1.4559143781661987,532.5298461914062
1.3140157461166382,325.7322692871094,1.5688998699188232,435.1288146972656
0.06677165627479553,100.07086944580078,0.09836626052856445,68.9843978881836
1.329606294631958,622.9448852539062,1.700542688369751,501.41815185546875
0.14472442865371704,171.62203979492188,0.16132287681102753,184.780517578125
0.5500787496566772,595.4251708984375,0.7275123000144958,467.2239074707031
0.03559055179357529,144.10235595703125,0.14791756868362427,141.6430206298828
0.6903936862945557,320.22833251953125,0.6975377798080444,441.80499267578125
1.0957480669021606,292.7086486816406,0.9029428958892822,392.1686096191406
0.47212597727775574,468.8346862792969,0.608672559261322,471.0120544433594
0.7059842348098755,127.5905532836914,0.5028170347213745,190.94960021972656
1.2516535520553589,573.409423828125,1.412762999534607,457.22796630859375
1.501102328300476,677.9842529296875,1.7234892845153809,511.1034851074219
0.4565354287624359,215.65354919433594,0.5195265412330627,260.2990417480469
0.815118134021759,595.4251708984375,0.8993444442749023,637.6603393554688
1.5634645223617554,100.07086944580078,1.1959494352340698,209.8380889892578
1.2828346490859985,551.3936767578125,1.3921010494232178,509.1926574707031
0.7371653318405151,331.2362060546875,0.5529659986495972,433.4944763183594
1.1425197124481201,556.8976440429688,1.4655214548110962,593.3681640625
1.1892913579940796,232.16537475585938,1.4171265363693237,240.74298095703125
0.7059842348098755,210.1496124267578,0.6298096776008606,299.19793701171875
1.0957480669021606,215.65354919433594,1.267585039138794,179.40516662597656
0.6748031377792358,364.2598876953125,0.45913562178611755,460.1631774902344
1.4699212312698364,606.4330444335938,1.7479298114776611,489.8148193359375
0.9242519736289978,160.61416625976562,0.7191553711891174,315.2598876953125
0.6280314922332764,45.031494140625,0.7921330332756042,71.33316040039062
0.2538582682609558,628.4487915039062,0.31662750244140625,517.718994140625
0.5968503952026367,292.7086486816406,0.7934967279434204,245.1124267578125
1.6258267164230347,61.54330825805664,1.5448309183120728,113.96211242675781
1.5478739738464355,397.2834777832031,1.5707471370697021,289.084228515625
1.2828346490859985,243.17323303222656,1.6582165956497192,185.67994689941406
0.7683464288711548,100.07086944580078,0.8184347152709961,34.285057067871094
1.9844094514846802,380.77166748046875,1.9177742004394531,444.5124816894531
1.2516535520553589,138.59841918945312,1.0352284908294678,269.25531005859375
1.8596850633621216,347.7480163574219,1.988677978515625,391.658447265625
1.0489764213562012,496.3543395996094,1.038754940032959,437.4313659667969
1.2204724550247192,347.7480163574219,1.0821114778518677,514.5092163085938
1.2828346490859985,303.7165222167969,1.2860382795333862,349.9033203125
1.2204724550247192,677.9842529296875,1.215207576751709,638.5480346679688
1.594645619392395,375.26776123046875,1.717498540878296,540.0200805664062
0.5500787496566772,56.039371490478516,0.46594417095184326,78.07768249511719
1.329606294631958,562.4015502929688,1.5784351825714111,499.1720886230469
0.3162204623222351,166.11810302734375,0.32309621572494507,182.4897003173828
0.42535433173179626,270.6929016113281,0.4136504530906677,289.1097106933594
1.5322834253311157,314.7243957519531,1.4275254011154175,319.39727783203125
0.06677165627479553,518.3700561523438,0.3770710229873657,384.76885986328125
0.7371653318405151,199.14173889160156,0.8070323467254639,197.0634765625
2.0,116.58268737792969,1.791931390762329,108.54400634765625
0.9554330706596375,485.3464660644531,1.0547457933425903,576.9441528320312
0.36299213767051697,529.3779296875,0.9047591686248779,370.5343933105469
0.9710236191749573,655.968505859375,1.4984116554260254,570.0301513671875
1.906456708908081,567.905517578125,1.9509978294372559,397.8505554199219
1.828503966331482,287.2047119140625,1.6696367263793945,283.69635009765625
0.19149605929851532,83.55905151367188,0.18253754079341888,73.85232543945312
0.08236220479011536,72.55117797851562,0.006512942723929882,107.78463745117188
1.6258267164230347,578.9133911132812,1.3411446809768677,592.7936401367188
0.908661425113678,523.8740234375,1.2938425540924072,393.5169372558594
0.908661425113678,468.8346862792969,1.0289243459701538,409.37005615234375
0.8618897795677185,584.4172973632812,1.2443411350250244,621.0465087890625
1.734960675239563,452.32281494140625,1.768262505531311,418.9157409667969
0.20708660781383514,78.05511474609375,0.13135218620300293,82.69536590576172
1.064566969871521,666.9763793945312,1.1463360786437988,699.8145141601562
1.2672441005706787,144.10235595703125,1.0610750913619995,189.58213806152344
1.236063003540039,485.3464660644531,1.350725531578064,533.1023559570312
1.0489764213562012,177.1259765625,0.8863847851753235,271.5760192871094
0.5656692981719971,281.7007751464844,0.5995864868164062,320.5050048828125
1.812913417816162,94.56694030761719,1.420945644378662,115.60314178466797
1.2048819065093994,193.63780212402344,1.240537166595459,166.64797973632812
0.22267717123031616,441.3149719238281,0.049281034618616104,539.3589477539062
0.42535433173179626,556.8976440429688,0.6403416991233826,529.4302978515625
1.0801575183868408,589.9212646484375,1.553924322128296,522.9696044921875
1.6414172649383545,177.1259765625,1.4082452058792114,226.26670837402344
0.113543301820755,353.251953125,0.14684107899665833,330.22625732421875
1.9844094514846802,12.00787353515625,1.820406198501587,31.683828353881836
0.7215747833251953,144.10235595703125,0.41150784492492676,201.7206573486328
1.3919684886932373,523.8740234375,1.629799723625183,477.67535400390625
0.5344882011413574,314.7243957519531,0.6286486983299255,417.36016845703125
0.8930708765983582,94.56694030761719,0.9035399556159973,95.84520721435547
0.1759055107831955,6.503936767578125,0.2463233470916748,21.457090377807617
1.329606294631958,567.905517578125,1.3664863109588623,554.3690795898438
1.906456708908081,298.21258544921875,1.754326343536377,285.5935363769531
1.0333858728408813,292.7086486816406,1.179337739944458,302.9129638671875
0.7839370369911194,628.4487915039062,1.007926344871521,594.1089477539062
0.6748031377792358,215.65354919433594,0.9847954511642456,159.15753173828125
1.236063003540039,700.0,1.333253026008606,528.1721801757812
1.3919684886932373,540.3858032226562,1.4967436790466309,488.8470153808594
1.5634645223617554,672.4802856445312,1.8556530475616455,606.263427734375
1.064566969871521,254.1811065673828,1.2008275985717773,239.08274841308594
0.9242519736289978,650.4645385742188,1.5712450742721558,353.00274658203125
1.7661417722702026,23.0157470703125,1.7177118062973022,-3.412540912628174
1.8908661603927612,171.62203979492188,1.5888553857803345,163.9447784423828
0.5344882011413574,199.14173889160156,0.5244517922401428,219.35084533691406
1.7037795782089233,540.3858032226562,1.5489457845687866,561.690673828125
1.9532283544540405,534.8818969726562,1.3846368789672852,548.0726318359375
0.14472442865371704,6.503936767578125,0.23420710861682892,2.7910146713256836
0.5500787496566772,600.9291381835938,0.36848118901252747,667.21533203125
1.9844094514846802,210.1496124267578,1.7103768587112427,326.3652038574219
0.36299213767051697,369.7638244628906,0.6093286871910095,366.60443115234375
1.2828346490859985,270.6929016113281,1.5817296504974365,173.34779357910156
0.7683464288711548,595.4251708984375,1.5115727186203003,402.0932922363281
0.5656692981719971,182.62994384765625,0.6333592534065247,136.68751525878906
1.6102361679077148,628.4487915039062,1.2561782598495483,586.6609497070312
0.7839370369911194,281.7007751464844,0.8276668787002563,290.5688781738281
1.2672441005706787,188.13388061523438,1.2997407913208008,136.59620666503906
0.7683464288711548,545.8897705078125,1.2722218036651611,475.01617431640625
1.2828346490859985,540.3858032226562,1.4528653621673584,544.3740844726562
0.3785826861858368,138.59841918945312,0.3262457847595215,166.01431274414062
0.06677165627479553,171.62203979492188,0.179567351937294,126.49024963378906
1.0333858728408813,287.2047119140625,1.0820043087005615,381.32330322265625
0.33181101083755493,160.61416625976562,0.39938393235206604,131.54759216308594
1.5478739738464355,358.7558898925781,1.4989436864852905,589.3330078125
0.9554330706596375,419.2992248535156,0.9823973178863525,398.63275146484375
0.42535433173179626,369.7638244628906,0.7246789932250977,343.0470886230469
1.9376378059387207,353.251953125,1.8629406690597534,381.5320129394531
0.42535433173179626,12.00787353515625,0.4590146541595459,-16.160682678222656
0.20708660781383514,100.07086944580078,0.23088906705379486,92.24566650390625
1.3607873916625977,408.2913513183594,1.5240216255187988,303.2341613769531
1.9376378059387207,523.8740234375,1.4077043533325195,519.5183715820312
1.9688189029693604,386.2756042480469,1.8352574110031128,373.8013916015625
1.3919684886932373,386.2756042480469,1.1158626079559326,498.2416687011719
0.5656692981719971,166.11810302734375,0.6211673617362976,201.60801696777344
1.5478739738464355,281.7007751464844,1.3189743757247925,401.49163818359375
1.8752756118774414,650.4645385742188,1.8285797834396362,459.7275390625
0.019999999552965164,397.2834777832031,-0.16497190296649933,461.9907531738281
0.9242519736289978,595.4251708984375,0.9463253021240234,599.4034423828125
1.5322834253311157,116.58268737792969,1.4827735424041748,145.00572204589844
1.7193701267242432,259.6850280761719,1.4555890560150146,361.8304748535156
1.5322834253311157,259.6850280761719,1.4916143417358398,368.4859924316406
1.5322834253311157,402.78741455078125,1.2524502277374268,471.6012268066406
0.019999999552965164,127.5905532836914,0.10552255809307098,113.22273254394531
0.4565354287624359,39.527557373046875,0.4594496190547943,-1.1740703582763672
0.7683464288711548,677.9842529296875,1.3481390476226807,498.0743713378906
0.6436220407485962,644.9606323242188,0.6313836574554443,551.3228149414062
0.8774803280830383,441.3149719238281,1.1832245588302612,533.4492797851562
0.3006299138069153,490.85040283203125,0.49093517661094666,434.71197509765625
1.9532283544540405,606.4330444335938,1.892217755317688,571.1027221679688
0.5656692981719971,177.1259765625,0.3686429262161255,256.4079284667969
1.812913417816162,221.15748596191406,1.5375241041183472,325.0458679199219
0.42535433173179626,149.60629272460938,0.38489165902137756,200.1849822998047
0.3162204623222351,298.21258544921875,0.20582503080368042,412.3484191894531
0.8462992310523987,446.8188781738281,1.1769157648086548,428.70880126953125
1.9376378059387207,39.527557373046875,1.764493465423584,91.00423431396484
0.12913386523723602,567.905517578125,0.3292785882949829,469.9692687988281
0.19149605929851532,551.3936767578125,0.3593585193157196,510.6273498535156
0.22267717123031616,683.4881591796875,0.6232362389564514,564.3135375976562
1.064566969871521,226.66140747070312,0.31573471426963806,367.9508972167969
0.40976378321647644,298.21258544921875,0.4131578505039215,370.5083312988281
1.9376378059387207,463.33074951171875,1.847419261932373,449.53082275390625
1.8908661603927612,666.9763793945312,1.7146775722503662,560.0935668945312
0.36299213767051697,204.6456756591797,0.7693933248519897,127.35240173339844
0.7995275855064392,281.7007751464844,1.1852343082427979,240.4863739013672
0.33181101083755493,391.779541015625,0.3219105303287506,483.947021484375
0.8930708765983582,529.3779296875,0.9802449941635132,558.1968383789062
0.42535433173179626,589.9212646484375,0.29700836539268494,528.1898803710938
1.7505512237548828,567.905517578125,1.1910868883132935,556.118896484375
0.42535433173179626,391.779541015625,0.5341075658798218,390.1453857421875
0.8618897795677185,567.905517578125,1.188908576965332,472.5979309082031
1.8752756118774414,435.81103515625,1.7986468076705933,396.20452880859375
0.8774803280830383,144.10235595703125,0.8956424593925476,202.48780822753906
1.8908661603927612,386.2756042480469,1.3715330362319946,530.7333984375
0.42535433173179626,688.9921264648438,1.2086710929870605,523.5647583007812
1.828503966331482,122.08661651611328,1.5198910236358643,171.2425537109375
1.7817323207855225,193.63780212402344,1.6902151107788086,185.5247039794922
1.3919684886932373,28.519685745239258,1.4840004444122314,33.693904876708984
1.0489764213562012,259.6850280761719,1.1548107862472534,235.21798706054688
1.0957480669021606,232.16537475585938,1.061859130859375,295.4247741699219
1.9532283544540405,518.3700561523438,2.126497745513916,490.6593933105469
1.4075590372085571,292.7086486816406,1.325046420097351,440.92681884765625
0.9242519736289978,424.80316162109375,0.9761573076248169,386.8858947753906
1.8440945148468018,270.6929016113281,1.3235000371932983,394.1849670410156
0.659212589263916,199.14173889160156,0.8024097681045532,192.02279663085938
0.40976378321647644,633.9527587890625,0.4948674142360687,554.8221435546875
0.7059842348098755,380.77166748046875,0.5610446333885193,477.9197082519531
1.3607873916625977,666.9763793945312,1.4518589973449707,641.1156616210938
0.7059842348098755,375.26776123046875,1.003516435623169,289.461181640625
1.6570079326629639,149.60629272460938,1.5404653549194336,200.33726501464844
1.423149585723877,100.07086944580078,1.3763580322265625,112.72816467285156
0.28503936529159546,1.0,0.3052574396133423,-39.77424621582031
0.36299213767051697,523.8740234375,0.7203424572944641,418.96484375
0.7371653318405151,490.85040283203125,1.032834768295288,573.1099853515625
1.6725984811782837,122.08661651611328,1.710221290588379,75.60501098632812
1.6258267164230347,78.05511474609375,1.5384019613265991,83.65540313720703
0.8462992310523987,485.3464660644531,0.8817504048347473,497.304931640625
1.1737008094787598,386.2756042480469,1.4997904300689697,389.7694091796875
1.9220472574234009,309.220458984375,1.9961543083190918,329.50567626953125
1.2672441005706787,518.3700561523438,1.1906887292861938,596.5950927734375
0.22267717123031616,402.78741455078125,0.23798030614852905,390.51983642578125
0.40976378321647644,215.65354919433594,0.45228761434555054,224.22222900390625
0.752755880355835,391.779541015625,1.0997883081436157,325.686767578125
1.236063003540039,666.9763793945312,1.2005772590637207,621.0620727539062
1.064566969871521,424.80316162109375,1.0956847667694092,463.3857421875
0.40976378321647644,177.1259765625,0.5201865434646606,189.44091796875
0.3162204623222351,655.968505859375,0.48497939109802246,550.4486083984375
0.4409448802471161,1.0,0.4612610638141632,7.157135009765625
0.5188976526260376,116.58268737792969,0.38860467076301575,144.37020874023438
0.6280314922332764,490.85040283203125,1.0303857326507568,418.061279296875
1.1269291639328003,430.3070983886719,0.983646810054779,440.11358642578125
0.5812598466873169,94.56694030761719,0.6064314246177673,95.299560546875
0.7371653318405151,336.7401428222656,0.7598307132720947,321.15679931640625
1.236063003540039,655.968505859375,1.2416937351226807,607.3287353515625
0.752755880355835,210.1496124267578,0.9561344385147095,202.19102478027344
0.019999999552965164,23.0157470703125,0.010350150056183338,45.290283203125
1.812913417816162,430.3070983886719,1.9537287950515747,486.6806640625
0.6903936862945557,397.2834777832031,0.6063377857208252,390.2335510253906
0.752755880355835,155.1102294921875,0.8618584871292114,125.95976257324219
0.05118110775947571,397.2834777832031,0.024809103459119797,477.9432678222656
0.3006299138069153,325.7322692871094,0.26491910219192505,411.1566162109375
0.19149605929851532,540.3858032226562,0.5065339207649231,397.2479553222656
1.0333858728408813,193.63780212402344,0.9228726625442505,307.0269470214844
0.019999999552965164,177.1259765625,0.10134828090667725,200.04176330566406
0.3162204623222351,204.6456756591797,0.4106149971485138,223.96041870117188
0.113543301820755,617.44091796875,0.20100602507591248,562.4656982421875
0.7995275855064392,655.968505859375,1.3813592195510864,529.7650756835938
0.9242519736289978,358.7558898925781,1.2527128458023071,337.3645324707031
0.3006299138069153,485.3464660644531,0.3884254992008209,608.4207153320312
1.1892913579940796,122.08661651611328,1.2231760025024414,121.822265625
0.113543301820755,138.59841918945312,0.1427403837442398,122.74110412597656
1.1425197124481201,28.519685745239258,1.6161983013153076,-48.109134674072266
0.9710236191749573,419.2992248535156,1.227696180343628,419.1385803222656
0.34740158915519714,457.8267517089844,0.4899580776691437,413.5720520019531
0.6124409437179565,622.9448852539062,1.111334204673767,481.48846435546875
1.6881890296936035,105.5748062133789,1.6967781782150269,114.72063446044922
0.20708660781383514,347.7480163574219,0.4302898049354553,333.9055480957031
1.8752756118774414,485.3464660644531,2.1096200942993164,399.541748046875
1.3607873916625977,529.3779296875,1.553892970085144,463.8537292480469
0.22267717123031616,540.3858032226562,0.5594664216041565,471.5720520019531
0.09795275330543518,391.779541015625,0.09602135419845581,437.7266845703125
0.6748031377792358,166.11810302734375,0.7312983274459839,128.04779052734375
0.40976378321647644,72.55117797851562,0.420707106590271,58.870723724365234
0.42535433173179626,452.32281494140625,0.5682064294815063,478.3030700683594
1.3451968431472778,606.4330444335938,1.8456764221191406,444.1555480957031
1.828503966331482,633.9527587890625,1.9478954076766968,625.3456420898438
0.5344882011413574,138.59841918945312,0.6276071667671204,164.19712829589844
0.3006299138069153,320.22833251953125,0.5601873397827148,232.3347930908203
1.9532283544540405,386.2756042480469,1.7876436710357666,441.930908203125
1.4855117797851562,171.62203979492188,1.5317461490631104,253.6846466064453
0.8618897795677185,204.6456756591797,0.7640213966369629,228.67491149902344
0.14472442865371704,122.08661651611328,0.3553715944290161,76.21575927734375
1.329606294631958,397.2834777832031,1.2129327058792114,403.5321044921875
1.906456708908081,457.8267517089844,1.8319088220596313,527.1783447265625
1.2204724550247192,45.031494140625,1.0342375040054321,77.91191864013672
1.1113386154174805,89.06298828125,0.7937503457069397,172.02391052246094
1.7817323207855225,628.4487915039062,1.8187142610549927,540.3218994140625
0.8618897795677185,215.65354919433594,0.6969351172447205,257.8005676269531
0.33181101083755493,474.3385925292969,0.514897346496582,388.4215087890625
0.14472442865371704,149.60629272460938,0.20455105602741241,170.04983520507812
0.4409448802471161,545.8897705078125,1.1276233196258545,500.44921875
0.7371653318405151,600.9291381835938,0.959747314453125,545.962646484375
1.6881890296936035,116.58268737792969,1.4916366338729858,160.05984497070312
1.3607873916625977,358.7558898925781,1.2799774408340454,515.248046875
0.8618897795677185,276.19683837890625,1.6091347932815552,189.50633239746094
0.5812598466873169,281.7007751464844,0.7892869710922241,207.01779174804688
1.2672441005706787,485.3464660644531,1.047682285308838,549.4549560546875
0.5500787496566772,72.55117797851562,0.5424897074699402,75.24087524414062
0.5033071041107178,133.094482421875,0.43429920077323914,150.26611328125
1.906456708908081,391.779541015625,1.8526474237442017,541.4674682617188
1.1892913579940796,254.1811065673828,0.9147660732269287,323.62738037109375
1.7817323207855225,12.00787353515625,1.7851192951202393,-33.604469299316406
1.734960675239563,584.4172973632812,1.719616174697876,588.4115600585938
0.113543301820755,199.14173889160156,0.3576241433620453,122.20154571533203
1.2828346490859985,309.220458984375,1.3977481126785278,330.388427734375
0.08236220479011536,138.59841918945312,0.06983747333288193,165.39247131347656
0.26944881677627563,254.1811065673828,0.2554803490638733,294.75958251953125
0.5344882011413574,655.968505859375,0.4225448668003082,604.8342895507812
0.019999999552965164,584.4172973632812,0.18560732901096344,452.5357360839844
0.9398425221443176,23.0157470703125,1.1283949613571167,-7.482881546020508
1.1113386154174805,567.905517578125,1.1742935180664062,546.700927734375
1.6102361679077148,232.16537475585938,1.4446706771850586,398.1673278808594
0.8774803280830383,243.17323303222656,0.8502071499824524,250.26107788085938
1.1892913579940796,281.7007751464844,1.558419108390808,275.6854553222656
0.20708660781383514,700.0,0.2928261458873749,530.7858276367188
1.6102361679077148,369.7638244628906,1.391758680343628,566.06884765625
1.5634645223617554,589.9212646484375,1.5209369659423828,592.0835571289062
1.594645619392395,188.13388061523438,1.761044979095459,168.13026428222656
1.1113386154174805,94.56694030761719,0.7640129327774048,200.1276092529297
0.9554330706596375,700.0,1.4806352853775024,522.2786254882812
0.9866141676902771,325.7322692871094,1.3340877294540405,336.6448669433594
1.828503966331482,375.26776123046875,1.661543369293213,423.8761901855469
0.8462992310523987,353.251953125,1.109621286392212,343.0880432128906
0.6748031377792358,512.8661499023438,1.161260962486267,399.7716369628906
0.5033071041107178,226.66140747070312,0.6415295004844666,362.4749755859375
0.6280314922332764,397.2834777832031,0.46378543972969055,488.2271423339844
1.7817323207855225,529.3779296875,1.314203143119812,558.9923706054688
0.7683464288711548,270.6929016113281,0.798309326171875,250.31321716308594
1.7505512237548828,496.3543395996094,1.967497706413269,699.9999389648438
1.812913417816162,155.1102294921875,1.7124756574630737,136.11260986328125
0.6280314922332764,677.9842529296875,1.4375555515289307,467.4222412109375
1.236063003540039,677.9842529296875,1.6548303365707397,568.92578125
0.4565354287624359,116.58268737792969,0.5511144399642944,98.47508239746094
0.019999999552965164,666.9763793945312,0.19933459162712097,572.7799072265625
1.6102361679077148,496.3543395996094,1.3247473239898682,382.3520812988281
1.7505512237548828,694.4960327148438,1.477750301361084,653.6249389648438
1.7661417722702026,446.8188781738281,1.5382694005966187,450.1856994628906
0.5968503952026367,226.66140747070312,0.7126269936561584,285.1506042480469
1.7193701267242432,496.3543395996094,1.7511959075927734,426.05810546875
1.9688189029693604,479.842529296875,1.7852396965026855,414.9555358886719
0.7371653318405151,688.9921264648438,0.8494557738304138,627.6695556640625
0.40976378321647644,573.409423828125,0.8150203824043274,436.35107421875
1.6881890296936035,325.7322692871094,1.6878471374511719,317.0028991699219
0.8462992310523987,303.7165222167969,0.8480627536773682,373.961181640625
1.8596850633621216,628.4487915039062,1.4677845239639282,670.2626342773438
1.1269291639328003,380.77166748046875,1.0293697118759155,428.06439208984375
0.40976378321647644,512.8661499023438,0.7096561789512634,365.691162109375
0.6748031377792358,111.07874298095703,0.47908395528793335,175.99212646484375
0.7683464288711548,468.8346862792969,1.180525541305542,335.78839111328125
0.752755880355835,116.58268737792969,0.7245247960090637,170.76641845703125
0.6748031377792358,628.4487915039062,0.5922923684120178,554.8377685546875
0.3785826861858368,188.13388061523438,0.6568350195884705,105.27633666992188
1.0333858728408813,397.2834777832031,1.4865597486495972,389.0400085449219
0.16031496226787567,595.4251708984375,0.4169520437717438,489.14996337890625
0.9242519736289978,397.2834777832031,0.7008810043334961,532.1586303710938
1.2672441005706787,446.8188781738281,1.0618499517440796,565.2124633789062
0.8618897795677185,72.55117797851562,1.085108995437622,16.029441833496094
0.6124409437179565,688.9921264648438,0.8125298619270325,545.9400634765625
0.36299213767051697,171.62203979492188,0.4494372010231018,145.95680236816406
0.06677165627479553,94.56694030761719,0.11487287282943726,120.61185455322266
1.017795443534851,496.3543395996094,1.2930501699447632,441.67352294921875
1.6725984811782837,303.7165222167969,1.266675353050232,472.86151123046875
0.3785826861858368,177.1259765625,0.6059622168540955,114.76021575927734
0.33181101083755493,309.220458984375,0.19875022768974304,459.6560974121094
0.3006299138069153,595.4251708984375,0.17498917877674103,609.338623046875
1.2984251976013184,243.17323303222656,1.4135856628417969,221.1825408935547
0.7995275855064392,633.9527587890625,1.0655161142349243,676.3286743164062
0.14472442865371704,17.511810302734375,0.2583290934562683,5.719491958618164
1.1737008094787598,551.3936767578125,1.559517741203308,451.7110290527344
0.7059842348098755,512.8661499023438,1.247336506843567,424.3880310058594
0.9710236191749573,391.779541015625,1.0650577545166016,403.53790283203125
0.1759055107831955,78.05511474609375,0.11332754790782928,97.75260162353516
1.812913417816162,149.60629272460938,1.1876397132873535,239.60842895507812
0.34740158915519714,23.0157470703125,0.3734603524208069,49.66633605957031
0.06677165627479553,353.251953125,0.26067423820495605,300.78363037109375
1.3607873916625977,232.16537475585938,1.4106619358062744,289.8121643066406
0.7371653318405151,56.039371490478516,0.6513080596923828,54.32493591308594
0.6748031377792358,457.8267517089844,0.2790047824382782,617.4705200195312
1.2204724550247192,595.4251708984375,1.1157029867172241,630.2232055664062
1.8440945148468018,655.968505859375,1.4265100955963135,531.3477783203125
1.2828346490859985,364.2598876953125,1.6871964931488037,437.128173828125
1.7505512237548828,435.81103515625,1.5643763542175293,399.04913330078125
1.3919684886932373,237.66929626464844,1.4711287021636963,227.16851806640625
0.5968503952026367,166.11810302734375,0.3591495752334595,235.04331970214844
1.2516535520553589,116.58268737792969,1.1791894435882568,127.47671508789062
0.47212597727775574,160.61416625976562,0.2527061402797699,242.50718688964844
0.2538582682609558,149.60629272460938,0.21372279524803162,171.04196166992188
0.9554330706596375,424.80316162109375,1.1103193759918213,624.093017578125
0.5812598466873169,700.0,1.232051134109497,465.1166076660156
1.5790550708770752,457.8267517089844,1.5933623313903809,518.966064453125
0.7995275855064392,391.779541015625,1.090058445930481,295.4881896972656
0.20708660781383514,391.779541015625,0.05146293342113495,423.8891906738281
1.8440945148468018,540.3858032226562,1.6228001117706299,461.1396179199219
0.7995275855064392,446.8188781738281,0.8079569935798645,445.0061950683594
1.906456708908081,430.3070983886719,1.69208562374115,587.9432373046875
1.4855117797851562,512.8661499023438,1.5383470058441162,611.6900634765625
0.113543301820755,287.2047119140625,0.0656990259885788,381.0006103515625
0.7683464288711548,397.2834777832031,1.3807859420776367,310.48272705078125
1.7037795782089233,567.905517578125,1.59676992893219,445.07940673828125
0.6903936862945557,342.24407958984375,0.6489794850349426,408.3572692871094
1.5790550708770752,237.66929626464844,1.33207106590271,337.2637023925781
1.7505512237548828,369.7638244628906,1.8017640113830566,406.4436950683594
0.908661425113678,292.7086486816406,1.2425332069396973,267.8026123046875
1.7973228693008423,622.9448852539062,1.59066641330719,668.3328247070312
1.6102361679077148,408.2913513183594,1.404730200767517,475.9211120605469
0.7215747833251953,518.3700561523438,0.37856346368789673,567.9747314453125
0.752755880355835,617.44091796875,0.9191002249717712,572.3170166015625
1.7973228693008423,17.511810302734375,1.5714893341064453,-17.95599365234375
0.7215747833251953,584.4172973632812,1.2231861352920532,400.1680603027344
0.7215747833251953,243.17323303222656,0.8500470519065857,139.09652709960938
1.7037795782089233,89.06298828125,1.524368166923523,108.30477142333984
1.1113386154174805,474.3385925292969,1.0470621585845947,583.6890258789062
0.5812598466873169,34.02362060546875,0.6531254649162292,25.464096069335938
1.9532283544540405,83.55905151367188,1.5056889057159424,128.68240356445312
0.6436220407485962,639.4566650390625,1.1863799095153809,614.3768920898438
0.238267719745636,424.80316162109375,0.4254584312438965,411.7585144042969
1.3763779401779175,105.5748062133789,1.4244621992111206,110.06370544433594
1.2516535520553589,166.11810302734375,1.3875373601913452,171.48452758789062
0.8307086825370789,518.3700561523438,1.130361795425415,412.06353759765625
1.3763779401779175,144.10235595703125,1.4118798971176147,155.38967895507812
1.2828346490859985,298.21258544921875,1.2190916538238525,490.16448974609375
1.906456708908081,177.1259765625,1.0577136278152466,330.1589660644531
0.5500787496566772,644.9606323242188,0.5888481140136719,593.6187133789062
0.659212589263916,314.7243957519531,0.8558802008628845,271.1683349609375
1.6414172649383545,83.55905151367188,1.2205783128738403,198.20237731933594
1.516692876815796,633.9527587890625,1.5138487815856934,559.6293334960938
0.14472442865371704,688.9921264648438,0.3960739076137543,477.1033935546875
0.22267717123031616,122.08661651611328,0.3545975983142853,96.86017608642578
0.14472442865371704,507.3622131347656,0.23121918737888336,385.6288146972656
0.9554330706596375,655.968505859375,1.1210371255874634,647.6134643554688
1.9688189029693604,259.6850280761719,1.3608213663101196,405.7066345214844
1.501102328300476,50.53543472290039,1.4094955921173096,84.26499938964844
1.4699212312698364,215.65354919433594,1.2876404523849487,327.3350830078125
1.1892913579940796,413.7952880859375,1.207305669784546,391.6957702636719
0.36299213767051697,281.7007751464844,0.04466643184423447,513.3345947265625
1.9220472574234009,353.251953125,1.5284664630889893,499.27703857421875
0.26944881677627563,501.8582763671875,0.47838127613067627,461.53802490234375
1.236063003540039,694.4960327148438,1.7401047945022583,581.0401611328125
0.03559055179357529,534.8818969726562,0.2744634449481964,418.5703430175781
1.423149585723877,265.18896484375,1.594551682472229,272.1845397949219
1.1269291639328003,199.14173889160156,1.4397343397140503,175.12681579589844
1.9376378059387207,529.3779296875,1.6396974325180054,614.2304077148438
1.6102361679077148,562.4015502929688,1.8374896049499512,491.84124755859375
1.3919684886932373,375.26776123046875,1.651641845703125,373.933837890625
0.36299213767051697,67.0472412109375,0.3151192367076874,49.40156555175781
1.6102361679077148,600.9291381835938,1.5439695119857788,483.1612243652344
0.6436220407485962,215.65354919433594,0.33789005875587463,290.53045654296875
1.3763779401779175,578.9133911132812,1.3752198219299316,482.6861267089844
1.064566969871521,688.9921264648438,0.8916773796081543,689.1541137695312
1.6570079326629639,446.8188781738281,1.4738694429397583,520.9976806640625
0.14472442865371704,562.4015502929688,0.5111542344093323,391.7481384277344
0.7215747833251953,105.5748062133789,0.6141374707221985,137.71395874023438
1.1737008094787598,545.8897705078125,1.1096075773239136,612.0288696289062
1.4387401342391968,567.905517578125,1.3785113096237183,517.9945068359375
0.9554330706596375,287.2047119140625,0.9949875473976135,307.5804443359375
1.516692876815796,171.62203979492188,1.6302801370620728,277.6733703613281
1.7193701267242432,666.9763793945312,1.3897854089736938,647.5477294921875
0.6436220407485962,177.1259765625,0.7721157073974609,168.30726623535156
1.9532283544540405,600.9291381835938,1.570364236831665,589.3992919921875
1.3451968431472778,700.0,1.4382895231246948,574.3880004882812
1.7037795782089233,512.8661499023438,1.8313647508621216,498.11199951171875
1.1113386154174805,364.2598876953125,1.3116871118545532,332.2213439941406
1.3763779401779175,12.00787353515625,1.5991588830947876,-39.421653747558594
1.0333858728408813,226.66140747070312,0.9868953824043274,261.0118103027344
1.3140157461166382,210.1496124267578,1.3812824487686157,120.65608978271484
1.329606294631958,160.61416625976562,1.1422936916351318,197.4369659423828
1.6570079326629639,166.11810302734375,1.5445348024368286,252.35694885253906
1.7973228693008423,23.0157470703125,1.8065621852874756,5.604614734649658
1.9688189029693604,672.4802856445312,1.6851515769958496,595.4501342773438
0.05118110775947571,320.22833251953125,0.09496518969535828,384.4521789550781
0.815118134021759,578.9133911132812,0.8579167127609253,473.1873474121094
0.42535433173179626,562.4015502929688,0.4426840841770172,483.9112854003906
0.6280314922332764,50.53543472290039,0.5578540563583374,115.08672332763672
0.19149605929851532,23.0157470703125,0.2089308351278305,35.327762603759766
0.9866141676902771,303.7165222167969,0.9201048612594604,345.4132385253906
0.7059842348098755,386.2756042480469,0.9500572681427002,411.2310485839844
1.1113386154174805,617.44091796875,1.8632822036743164,519.314208984375
1.1892913579940796,694.4960327148438,1.7159632444381714,525.957275390625
1.7505512237548828,419.2992248535156,1.761944055557251,308.6862487792969
0.908661425113678,111.07874298095703,1.0013047456741333,88.11176300048828
1.3763779401779175,540.3858032226562,1.4352631568908691,586.9234619140625
1.2204724550247192,435.81103515625,1.1914503574371338,324.9928283691406
1.8752756118774414,292.7086486816406,1.651889443397522,336.2728576660156
1.516692876815796,100.07086944580078,1.656901240348816,95.3158187866211
2.0,650.4645385742188,1.84114408493042,468.6352844238281
0.20708660781383514,523.8740234375,0.3304073214530945,460.7659606933594
2.0,94.56694030761719,1.923749327659607,165.47567749023438
0.752755880355835,556.8976440429688,0.8733073472976685,480.7787780761719
1.0333858728408813,61.54330825805664,0.6240819692611694,52.31800842285156
0.36299213767051697,364.2598876953125,0.6958416104316711,386.15423583984375
0.7371653318405151,573.409423828125,0.8838469386100769,505.5848693847656
0.8774803280830383,507.3622131347656,1.2448148727416992,393.39984130859375
1.4699212312698364,39.527557373046875,1.6252230405807495,64.52984619140625
0.8930708765983582,386.2756042480469,0.8791241645812988,417.17315673828125
1.15811026096344,193.63780212402344,1.6633391380310059,119.67976379394531
1.8908661603927612,83.55905151367188,1.7547886371612549,172.62010192871094
1.6258267164230347,105.5748062133789,1.4879446029663086,129.84683227539062
1.6725984811782837,485.3464660644531,1.6216108798980713,513.1089477539062
1.064566969871521,6.503936767578125,1.1578022241592407,-7.484313011169434
0.7215747833251953,446.8188781738281,0.48478931188583374,509.7967529296875
0.6436220407485962,468.8346862792969,0.9403205513954163,524.2880859375
0.019999999552965164,171.62203979492188,0.11711004376411438,170.7257537841797
0.5033071041107178,666.9763793945312,0.453594833612442,613.3613891601562
1.8752756118774414,457.8267517089844,2.0113589763641357,388.6498718261719
1.812913417816162,700.0,1.71247398853302,646.2322998046875
1.594645619392395,6.503936767578125,1.4500950574874878,-4.335999965667725
0.8774803280830383,578.9133911132812,1.295017957687378,526.6452026367188
1.7505512237548828,672.4802856445312,1.9016457796096802,472.8830871582031
0.09795275330543518,441.3149719238281,0.3603723347187042,402.63702392578125
1.828503966331482,182.62994384765625,1.2222495079040527,371.64105224609375
0.5812598466873169,688.9921264648438,0.7684111595153809,595.0248413085938
0.6280314922332764,89.06298828125,0.8135071396827698,22.172962188720703
0.8930708765983582,149.60629272460938,0.5357958078384399,251.7992401123047
0.40976378321647644,457.8267517089844,0.24047304689884186,560.8716430664062
0.5812598466873169,413.7952880859375,0.9058635830879211,439.6161193847656
1.2984251976013184,320.22833251953125,1.6332811117172241,255.42718505859375
0.42535433173179626,331.2362060546875,0.21649396419525146,361.59368896484375
0.8774803280830383,166.11810302734375,0.768089771270752,172.79351806640625
1.2984251976013184,199.14173889160156,1.1294580698013306,296.0919189453125
0.26944881677627563,188.13388061523438,0.17689943313598633,256.57940673828125
1.7505512237548828,309.220458984375,1.5178372859954834,442.4327087402344
0.3941732347011566,281.7007751464844,0.6260265707969666,212.12673950195312
1.9220472574234009,386.2756042480469,1.8959168195724487,365.416748046875
0.3785826861858368,534.8818969726562,0.5820015668869019,392.0822448730469
1.2516535520553589,259.6850280761719,1.147284746170044,331.8704833984375
1.4855117797851562,408.2913513183594,1.3063335418701172,538.3922119140625
0.752755880355835,589.9212646484375,1.1860229969024658,351.0338439941406
0.06677165627479553,677.9842529296875,0.14666150510311127,631.3961181640625
1.6102361679077148,430.3070983886719,1.8394126892089844,502.1031494140625
0.8930708765983582,171.62203979492188,0.9403759837150574,182.613525390625
0.659212589263916,600.9291381835938,0.9640772938728333,562.3387451171875
0.9554330706596375,171.62203979492188,0.8007317185401917,293.85882568359375
1.3763779401779175,72.55117797851562,1.6658427715301514,106.82733154296875
1.9532283544540405,232.16537475585938,1.7647618055343628,188.2056427001953
1.017795443534851,589.9212646484375,1.0896321535110474,379.1349182128906
0.113543301820755,600.9291381835938,0.16450004279613495,552.59375
0.7995275855064392,534.8818969726562,1.1596218347549438,486.3641052246094
1.329606294631958,485.3464660644531,1.469915747642517,478.4189453125
1.1892913579940796,688.9921264648438,1.3347529172897339,561.2509155273438
0.4565354287624359,127.5905532836914,0.48921796679496765,116.9686279296875
0.6436220407485962,628.4487915039062,0.7953087091445923,503.2867126464844
0.3941732347011566,342.24407958984375,0.2321455031633377,469.7184753417969
1.1269291639328003,122.08661651611328,0.8712544441223145,166.93739318847656
0.5968503952026367,116.58268737792969,0.44598180055618286,161.9418182373047
1.5478739738464355,298.21258544921875,1.2465183734893799,416.55914306640625
1.2204724550247192,578.9133911132812,1.4219352006912231,485.98876953125
1.4543306827545166,628.4487915039062,1.4141777753829956,599.55029296875
1.4699212312698364,430.3070983886719,0.9135540127754211,537.077880859375
1.2516535520553589,556.8976440429688,1.3010129928588867,470.4822998046875
0.8930708765983582,512.8661499023438,1.2583216428756714,416.3159484863281
1.4855117797851562,166.11810302734375,1.162107229232788,224.56533813476562
1.501102328300476,518.3700561523438,1.5251909494400024,669.9743041992188
1.7661417722702026,452.32281494140625,1.5914100408554077,454.39263916015625
0.113543301820755,446.8188781738281,0.29072967171669006,417.5636901855469
0.36299213767051697,430.3070983886719,0.7094583511352539,311.5951232910156
0.7683464288711548,430.3070983886719,0.6846473217010498,535.8831176757812
1.1737008094787598,160.61416625976562,1.1198371648788452,194.32998657226562
1.594645619392395,683.4881591796875,1.5982764959335327,584.1101684570312
0.9554330706596375,611.93701171875,1.644758701324463,508.14990234375
0.20708660781383514,61.54330825805664,0.09733881056308746,100.60812377929688
0.16031496226787567,298.21258544921875,0.25380784273147583,304.3073425292969
1.501102328300476,523.8740234375,1.3479645252227783,591.6806640625
1.6258267164230347,435.81103515625,1.9828144311904907,368.7420959472656
1.9844094514846802,331.2362060546875,1.4867063760757446,574.265380859375
1.236063003540039,100.07086944580078,1.2251529693603516,70.73705291748047
1.1113386154174805,694.4960327148438,1.138593077659607,563.3470458984375
1.4387401342391968,397.2834777832031,0.7893273830413818,571.9429321289062
0.14472442865371704,237.66929626464844,-0.009860416874289513,285.74285888671875
1.0333858728408813,204.6456756591797,1.1376386880874634,216.7949981689453
1.4075590372085571,529.3779296875,1.334275484085083,534.3878173828125
1.8908661603927612,160.61416625976562,1.4276458024978638,270.976318359375
0.238267719745636,138.59841918945312,0.17934758961200714,188.89247131347656
0.09795275330543518,320.22833251953125,0.014405541121959686,408.2657165527344
0.752755880355835,204.6456756591797,0.7345796227455139,179.9060516357422
1.064566969871521,138.59841918945312,1.2269328832626343,158.327392578125
1.4387401342391968,237.66929626464844,1.353896975517273,303.398681640625
0.7059842348098755,204.6456756591797,0.6959499716758728,237.6502227783203
0.09795275330543518,655.968505859375,0.4533383250236511,578.383544921875
1.2048819065093994,501.8582763671875,1.4153116941452026,447.1304931640625
0.20708660781383514,17.511810302734375,0.19175726175308228,31.262493133544922
1.0957480669021606,644.9606323242188,1.6954435110092163,455.4593811035156
1.236063003540039,94.56694030761719,1.4441012144088745,75.98736572265625
1.9688189029693604,457.8267517089844,1.6306126117706299,463.37188720703125
0.659212589263916,386.2756042480469,0.8082773089408875,483.2869873046875
0.19149605929851532,144.10235595703125,0.24318435788154602,145.53927612304688
1.017795443534851,67.0472412109375,0.9838407039642334,87.38273620605469
1.2204724550247192,479.842529296875,0.9909788370132446,547.0621948242188
1.3451968431472778,78.05511474609375,1.3443920612335205,105.8821792602539
0.9866141676902771,628.4487915039062,1.1253055334091187,555.3217163085938
1.5478739738464355,171.62203979492188,1.758246660232544,233.60089111328125
0.908661425113678,34.02362060546875,0.9073083400726318,40.9866943359375
1.9220472574234009,171.62203979492188,2.012688159942627,121.74150848388672
0.6280314922332764,199.14173889160156,0.8607310652732849,144.29055786132812
1.15811026096344,276.19683837890625,1.2208678722381592,321.9320373535156
0.42535433173179626,606.4330444335938,0.7876989841461182,447.4117126464844
0.815118134021759,677.9842529296875,1.0655711889266968,575.9415893554688
0.6280314922332764,468.8346862792969,0.8255564570426941,408.6049499511719
1.6570079326629639,380.77166748046875,1.3382271528244019,494.84344482421875
0.6280314922332764,347.7480163574219,0.6838080286979675,359.767333984375
1.7505512237548828,358.7558898925781,1.324514627456665,336.1496887207031
1.2048819065093994,248.6771697998047,0.7932808995246887,513.3926391601562
0.8462992310523987,364.2598876953125,1.0508228540420532,419.0177001953125
0.19149605929851532,364.2598876953125,0.32733088731765747,405.2243347167969
1.8752756118774414,639.4566650390625,2.1257054805755615,457.3104553222656
1.423149585723877,551.3936767578125,1.579038143157959,570.47119140625
0.6280314922332764,644.9606323242188,0.7194616198539734,555.1209106445312
1.828503966331482,457.8267517089844,1.389587640762329,592.7470703125
1.4387401342391968,347.7480163574219,1.6051877737045288,347.9483642578125
0.14472442865371704,430.3070983886719,0.35614386200904846,503.3149108886719
1.7505512237548828,45.031494140625,1.7510991096496582,17.001752853393555
1.6102361679077148,584.4172973632812,1.4939566850662231,673.2265014648438
1.6570079326629639,160.61416625976562,1.552901029586792,236.5529022216797
1.594645619392395,391.779541015625,1.5685451030731201,456.57598876953125
1.3763779401779175,364.2598876953125,1.376234531402588,463.5340881347656
1.4543306827545166,622.9448852539062,1.9166338443756104,379.6836242675781
1.2048819065093994,446.8188781738281,1.3803287744522095,488.1672668457031
0.16031496226787567,303.7165222167969,0.3033751845359802,302.5394287109375
0.752755880355835,413.7952880859375,1.6583888530731201,422.7164306640625
0.815118134021759,353.251953125,0.7800191640853882,447.0190734863281
1.5634645223617554,160.61416625976562,1.410898208618164,180.99386596679688
1.7505512237548828,259.6850280761719,1.6186894178390503,261.0091552734375
0.14472442865371704,666.9763793945312,0.39627641439437866,487.4742736816406
0.3162204623222351,331.2362060546875,0.647687554359436,249.1901397705078
0.20708660781383514,243.17323303222656,0.34589746594429016,254.7052764892578
0.8462992310523987,518.3700561523438,1.118140459060669,500.43817138671875
1.2984251976013184,353.251953125,1.282804250717163,347.1482849121094
1.7817323207855225,644.9606323242188,1.3943661451339722,514.1649169921875
0.5812598466873169,6.503936767578125,0.6802471876144409,7.4596052169799805
0.908661425113678,199.14173889160156,0.8022111654281616,202.66844177246094
0.6903936862945557,298.21258544921875,0.7341921329498291,371.21759033203125
1.4855117797851562,518.3700561523438,1.0906938314437866,617.2049560546875
0.26944881677627563,292.7086486816406,0.24261128902435303,370.73895263671875
1.4387401342391968,551.3936767578125,1.9923169612884521,504.045166015625
0.8774803280830383,463.33074951171875,1.440524697303772,323.6119689941406
0.752755880355835,83.55905151367188,0.8461945652961731,86.53961181640625
1.812913417816162,419.2992248535156,1.7059578895568848,545.163330078125
1.2828346490859985,177.1259765625,0.8345659375190735,361.1977233886719
0.8930708765983582,661.472412109375,1.3286199569702148,558.5335693359375
1.9376378059387207,622.9448852539062,1.7872793674468994,586.7669067382812
1.7193701267242432,100.07086944580078,1.4483088254928589,99.48951721191406
0.5500787496566772,683.4881591796875,0.5662581920623779,523.5328369140625
0.48771652579307556,512.8661499023438,0.5282432436943054,576.6275634765625
0.019999999552965164,50.53543472290039,0.037699270993471146,54.04023361206055
1.3763779401779175,204.6456756591797,0.9055899381637573,342.2003479003906
0.3162204623222351,441.3149719238281,0.7273945808410645,296.957763671875
1.3763779401779175,39.527557373046875,1.0254552364349365,121.27360534667969
0.5188976526260376,281.7007751464844,0.43695613741874695,332.8654479980469
0.4409448802471161,188.13388061523438,0.538507878780365,192.9879608154297
0.1759055107831955,457.8267517089844,0.34701091051101685,368.85845947265625
0.7839370369911194,72.55117797851562,0.6711205840110779,104.4365234375
0.5033071041107178,155.1102294921875,0.5496935844421387,186.19964599609375
0.5812598466873169,518.3700561523438,0.47583818435668945,513.4658203125
1.516692876815796,331.2362060546875,1.6949899196624756,364.7201232910156
0.05118110775947571,633.9527587890625,0.09707427024841309,607.03466796875
1.9844094514846802,677.9842529296875,1.834955096244812,528.42724609375
1.1892913579940796,452.32281494140625,1.7007488012313843,446.6690979003906
1.15811026096344,644.9606323242188,1.2709778547286987,588.4882202148438
1.8440945148468018,6.503936767578125,1.950514316558838,31.036380767822266
0.7995275855064392,485.3464660644531,0.9192318320274353,505.1634216308594
1.906456708908081,413.7952880859375,1.5045576095581055,454.09283447265625
0.28503936529159546,89.06298828125,0.42874792218208313,36.534881591796875
1.3451968431472778,435.81103515625,1.0618853569030762,635.7960205078125
1.828503966331482,166.11810302734375,1.8534138202667236,217.43331909179688
0.5344882011413574,331.2362060546875,0.7194427251815796,339.52288818359375
0.908661425113678,171.62203979492188,0.98093181848526,159.8073272705078
1.0022047758102417,50.53543472290039,1.0266590118408203,63.5129280090332
0.40976378321647644,210.1496124267578,0.5689919590950012,168.421142578125
1.6258267164230347,644.9606323242188,1.272557258605957,645.153564453125
0.908661425113678,589.9212646484375,1.0483020544052124,565.3681030273438
0.33181101083755493,199.14173889160156,0.4768184423446655,202.07196044921875
1.2828346490859985,463.33074951171875,1.0263590812683105,488.53900146484375
1.4855117797851562,358.7558898925781,1.5410596132278442,520.3392944335938
0.19149605929851532,463.33074951171875,0.5683273673057556,438.8156433105469
0.6280314922332764,584.4172973632812,0.8462556600570679,457.79864501953125
1.7193701267242432,424.80316162109375,1.7136212587356567,374.8263244628906
1.6881890296936035,474.3385925292969,1.5729748010635376,577.6600341796875
1.501102328300476,347.7480163574219,1.4019534587860107,404.0766296386719
0.5500787496566772,287.2047119140625,0.6734998226165771,284.0782775878906
1.9376378059387207,56.039371490478516,1.7588286399841309,66.4063720703125
0.7371653318405151,512.8661499023438,0.7743535041809082,481.7456970214844
0.05118110775947571,1.0,0.060033850371837616,29.47833251953125
1.7817323207855225,298.21258544921875,1.6039260625839233,345.09039306640625
0.7995275855064392,688.9921264648438,0.6627069711685181,671.7213134765625
0.16031496226787567,45.031494140625,0.21723368763923645,1.521472692489624
0.8930708765983582,309.220458984375,0.5712969303131104,410.92279052734375
0.6903936862945557,281.7007751464844,0.9460878968238831,308.35589599609375
0.28503936529159546,397.2834777832031,0.5629565119743347,271.7179870605469
1.4387401342391968,490.85040283203125,1.415891170501709,493.348388671875
0.19149605929851532,501.8582763671875,0.3138909339904785,441.85980224609375
1.3140157461166382,193.63780212402344,0.9032331109046936,318.0971374511719
1.1737008094787598,67.0472412109375,1.3335206508636475,45.16459655761719
0.19149605929851532,512.8661499023438,0.14492657780647278,436.1611328125
0.7683464288711548,556.8976440429688,0.9572539925575256,601.2468872070312
1.501102328300476,567.905517578125,1.6660512685775757,456.8517761230469
1.734960675239563,45.031494140625,1.4596130847930908,90.45720672607422
1.0022047758102417,672.4802856445312,0.8525995016098022,622.2446899414062
1.9376378059387207,28.519685745239258,1.5223286151885986,63.190059661865234
1.501102328300476,644.9606323242188,1.5948947668075562,548.0106201171875
0.06677165627479553,226.66140747070312,0.33588501811027527,173.26931762695312
1.4543306827545166,127.5905532836914,1.5600143671035767,172.80177307128906
0.26944881677627563,435.81103515625,0.2715546190738678,456.7594299316406
0.5033071041107178,397.2834777832031,0.7246764302253723,368.3073425292969
1.1892913579940796,160.61416625976562,1.1821268796920776,142.0840301513672
0.6903936862945557,457.8267517089844,0.757092297077179,577.7125244140625
1.594645619392395,358.7558898925781,1.1872519254684448,546.392578125
0.40976378321647644,270.6929016113281,0.4623979926109314,315.8625183105469
1.4387401342391968,562.4015502929688,1.9107542037963867,468.2530212402344
1.3451968431472778,34.02362060546875,1.2400696277618408,56.94480514526367
0.9554330706596375,320.22833251953125,0.846437931060791,338.71282958984375
0.42535433173179626,50.53543472290039,0.45133358240127563,61.571990966796875
1.6570079326629639,23.0157470703125,1.5069212913513184,30.553565979003906
0.09795275330543518,534.8818969726562,0.25270622968673706,547.4427490234375
1.5322834253311157,353.251953125,1.8314383029937744,484.5402526855469
0.5033071041107178,556.8976440429688,0.6870169639587402,444.28875732421875
0.5344882011413574,6.503936767578125,0.5501408576965332,-10.011273384094238
0.3006299138069153,67.0472412109375,0.3216506242752075,89.54989624023438
0.113543301820755,56.039371490478516,0.32778066396713257,0.24527865648269653
1.1269291639328003,6.503936767578125,1.2835077047348022,20.50043487548828
0.3162204623222351,254.1811065673828,0.5563790798187256,169.44070434570312
0.5812598466873169,364.2598876953125,0.32423901557922363,417.8407287597656
1.1269291639328003,210.1496124267578,1.1017533540725708,229.259521484375
1.9376378059387207,677.9842529296875,1.708532452583313,552.580322265625
1.5478739738464355,402.78741455078125,1.6546392440795898,618.318359375
1.5478739738464355,6.503936767578125,1.7510112524032593,-7.044334411621094
1.5634645223617554,551.3936767578125,1.6156353950500488,553.9527587890625
0.47212597727775574,600.9291381835938,0.7479012608528137,532.8976440429688
0.7059842348098755,94.56694030761719,0.5815768241882324,113.72774505615234
1.906456708908081,116.58268737792969,1.6482853889465332,144.6021270751953
1.0801575183868408,314.7243957519531,1.4538143873214722,328.04193115234375
1.1269291639328003,369.7638244628906,1.321182131767273,327.6900939941406
0.8462992310523987,644.9606323242188,1.2534481287002563,525.1485595703125
2.0,694.4960327148438,1.8565559387207031,546.37158203125
1.15811026096344,375.26776123046875,1.546824336051941,295.67803955078125
1.9376378059387207,408.2913513183594,1.7189531326293945,507.9267272949219
0.42535433173179626,567.905517578125,0.628913402557373,502.61004638671875
0.19149605929851532,485.3464660644531,0.518305778503418,435.9388427734375
0.6436220407485962,67.0472412109375,0.7091952562332153,28.90785789489746
0.19149605929851532,72.55117797851562,-0.04895615950226784,110.49966430664062
1.7817323207855225,375.26776123046875,1.4661357402801514,502.09588623046875
0.019999999552965164,644.9606323242188,0.32838356494903564,485.8448486328125
1.1892913579940796,193.63780212402344,1.0418599843978882,274.2826843261719
0.09795275330543518,430.3070983886719,0.31262505054473877,380.300537109375
0.019999999552965164,683.4881591796875,0.0431121289730072,668.4273071289062
1.017795443534851,221.15748596191406,0.8962686657905579,243.99703979492188
1.1425197124481201,105.5748062133789,1.207291841506958,102.48319244384766
1.9376378059387207,369.7638244628906,1.9203330278396606,465.808837890625
0.26944881677627563,331.2362060546875,0.17777380347251892,403.7741394042969
1.594645619392395,34.02362060546875,1.5506157875061035,-31.142742156982422
0.2538582682609558,644.9606323242188,0.2956087589263916,578.2842407226562
1.594645619392395,644.9606323242188,1.547671914100647,534.6875610351562
0.752755880355835,364.2598876953125,0.985984206199646,236.12693786621094
1.6570079326629639,116.58268737792969,1.432962417602539,192.73388671875
1.4075590372085571,17.511810302734375,1.5280886888504028,-32.9237060546875
0.8774803280830383,380.77166748046875,1.1845765113830566,338.9085693359375
0.6903936862945557,435.81103515625,0.3663133978843689,564.0535888671875
0.4409448802471161,243.17323303222656,0.46975386142730713,250.1688995361328
0.06677165627479553,166.11810302734375,0.267633318901062,144.9840545654297
1.3140157461166382,353.251953125,1.6487663984298706,242.29563903808594
1.8752756118774414,672.4802856445312,1.6352776288986206,706.0086669921875
1.2984251976013184,375.26776123046875,1.1540461778640747,433.0630187988281
0.4565354287624359,292.7086486816406,0.34915730357170105,403.1850891113281
0.14472442865371704,72.55117797851562,0.17526398599147797,42.58475112915039
1.1269291639328003,89.06298828125,1.0513756275177002,133.7320098876953
0.4565354287624359,512.8661499023438,0.653749406337738,434.2107238769531
0.8618897795677185,661.472412109375,1.620898723602295,540.1775512695312
1.2204724550247192,551.3936767578125,1.1529052257537842,567.8065185546875
0.8774803280830383,270.6929016113281,0.5068811774253845,358.6266174316406
1.1737008094787598,171.62203979492188,1.2530348300933838,150.48287963867188
0.3941732347011566,424.80316162109375,0.4300810396671295,507.63861083984375
0.6124409437179565,424.80316162109375,0.7382275462150574,494.3700866699219
1.7817323207855225,116.58268737792969,1.3638869524002075,233.50872802734375
1.734960675239563,441.3149719238281,1.7555294036865234,549.9624633789062
0.9398425221443176,452.32281494140625,0.881782591342926,406.38531494140625
1.2672441005706787,490.85040283203125,1.1837584972381592,530.581298828125
1.1737008094787598,116.58268737792969,0.7580865621566772,216.96420288085938
1.6414172649383545,567.905517578125,2.0576961040496826,616.815185546875
1.906456708908081,529.3779296875,1.9425653219223022,585.2236328125
1.6258267164230347,584.4172973632812,1.6544710397720337,481.7915954589844
1.8908661603927612,424.80316162109375,1.6524652242660522,434.76373291015625
0.5812598466873169,402.78741455078125,0.501086950302124,518.3656005859375
1.8752756118774414,248.6771697998047,1.4544200897216797,280.39892578125
1.9844094514846802,545.8897705078125,1.4181982278823853,606.1680908203125
0.6280314922332764,221.15748596191406,0.7477967739105225,231.67477416992188
0.5188976526260376,578.9133911132812,0.6550601124763489,636.8265380859375
0.8462992310523987,639.4566650390625,1.3075127601623535,441.7369384765625
1.5634645223617554,237.66929626464844,1.5858384370803833,272.93463134765625
1.2048819065093994,457.8267517089844,1.3730833530426025,485.1043701171875
0.09795275330543518,457.8267517089844,0.2531333267688751,431.8050537109375
0.19149605929851532,325.7322692871094,0.22479675710201263,366.98492431640625
0.19149605929851532,259.6850280761719,0.3622448742389679,268.771728515625
0.2538582682609558,276.19683837890625,0.522759199142456,253.45542907714844
1.828503966331482,683.4881591796875,1.7447601556777954,515.1030883789062
0.8930708765983582,17.511810302734375,1.0474586486816406,16.891033172607422
1.1113386154174805,358.7558898925781,1.1039786338806152,366.8149719238281
1.4855117797851562,89.06298828125,1.2980067729949951,100.35447692871094
0.815118134021759,204.6456756591797,0.8364212512969971,174.8859405517578
0.7215747833251953,193.63780212402344,0.5908814668655396,259.3230285644531
1.501102328300476,661.472412109375,1.7612162828445435,586.4047241210938
1.906456708908081,380.77166748046875,1.948264718055725,452.0095520019531
0.1759055107831955,193.63780212402344,0.3796417713165283,142.9824676513672
0.42535433173179626,226.66140747070312,0.49580109119415283,245.0878143310547
1.064566969871521,248.6771697998047,0.7544057369232178,427.51678466796875
1.4075590372085571,578.9133911132812,1.6197658777236938,593.5033569335938
0.752755880355835,666.9763793945312,0.9585363864898682,530.2791748046875
1.064566969871521,298.21258544921875,1.130084753036499,284.39874267578125
1.9532283544540405,259.6850280761719,1.6086888313293457,321.8623352050781
1.1425197124481201,655.968505859375,1.4258558750152588,615.7391967773438
1.4075590372085571,204.6456756591797,1.507333517074585,163.8838653564453
1.516692876815796,72.55117797851562,1.1408032178878784,130.3976593017578
1.6102361679077148,595.4251708984375,1.730655550956726,535.4038696289062
0.9398425221443176,281.7007751464844,1.009513020515442,324.6395263671875
1.5322834253311157,149.60629272460938,1.7453445196151733,86.22294616699219
0.47212597727775574,463.33074951171875,0.5630275011062622,466.2220153808594
1.2516535520553589,309.220458984375,1.129688024520874,443.3932189941406
0.9866141676902771,23.0157470703125,0.9368531703948975,29.780893325805664
2.0,292.7086486816406,1.9209667444229126,329.76849365234375
0.42535433173179626,661.472412109375,0.29456859827041626,627.305908203125
1.7973228693008423,606.4330444335938,2.1531291007995605,479.7043151855469
0.5344882011413574,17.511810302734375,0.5116275548934937,9.275639533996582
1.3607873916625977,589.9212646484375,1.927209496498108,486.86627197265625
0.28503936529159546,336.7401428222656,0.13161523640155792,428.2395324707031
0.7215747833251953,545.8897705078125,1.2096058130264282,351.782958984375
1.7505512237548828,204.6456756591797,1.7566745281219482,192.39666748046875
0.752755880355835,50.53543472290039,0.8623815774917603,54.33134841918945
1.0022047758102417,639.4566650390625,1.1963123083114624,628.8386840820312
1.3607873916625977,644.9606323242188,1.1701834201812744,661.6473999023438
0.6124409437179565,292.7086486816406,0.9511056542396545,196.4198760986328
1.0801575183868408,694.4960327148438,1.0025426149368286,684.9888305664062
0.4409448802471161,281.7007751464844,0.5618061423301697,315.2377624511719
1.4075590372085571,122.08661651611328,1.245955228805542,160.97535705566406
1.7661417722702026,193.63780212402344,1.604874849319458,197.43215942382812
1.2048819065093994,303.7165222167969,1.5192335844039917,274.11358642578125
1.7505512237548828,589.9212646484375,1.3463155031204224,640.61279296875
0.48771652579307556,369.7638244628906,0.2234962433576584,450.7745361328125
1.4075590372085571,419.2992248535156,1.257349967956543,410.3580322265625
0.7683464288711548,17.511810302734375,0.8568753600120544,-5.984632968902588
1.9220472574234009,446.8188781738281,1.850000023841858,442.8731384277344
1.9844094514846802,595.4251708984375,1.7726389169692993,637.8399658203125
0.2538582682609558,56.039371490478516,0.26661381125450134,35.96272277832031
1.064566969871521,67.0472412109375,0.870225727558136,92.88188171386719
0.16031496226787567,386.2756042480469,-0.04192532226443291,432.2477111816406
0.47212597727775574,166.11810302734375,0.667988657951355,106.55221557617188
0.08236220479011536,534.8818969726562,0.3761898875236511,501.9349365234375
2.0,375.26776123046875,1.3593415021896362,420.30938720703125
1.8908661603927612,127.5905532836914,1.4748879671096802,231.08238220214844
2.0,474.3385925292969,1.6947494745254517,562.43994140625
1.9688189029693604,485.3464660644531,1.9792121648788452,428.9453430175781
1.423149585723877,650.4645385742188,1.4627759456634521,579.1322021484375
1.3607873916625977,1.0,1.2920513153076172,-30.609058380126953
0.5500787496566772,259.6850280761719,0.5632765889167786,310.412841796875
0.659212589263916,578.9133911132812,0.9709580540657043,546.5701904296875
0.815118134021759,529.3779296875,0.7595469951629639,417.34674072265625
1.2828346490859985,226.66140747070312,1.434841275215149,184.41070556640625
1.5634645223617554,529.3779296875,1.7104718685150146,578.4663696289062
1.2828346490859985,1.0,1.279780387878418,14.76210880279541
1.2516535520553589,292.7086486816406,1.493520975112915,261.2774658203125
0.7995275855064392,540.3858032226562,0.9925599694252014,558.5177612304688
1.423149585723877,424.80316162109375,1.4624956846237183,415.4942932128906
0.7371653318405151,116.58268737792969,0.5543735027313232,106.26683044433594
1.2204724550247192,633.9527587890625,1.0344641208648682,670.2525024414062
1.516692876815796,226.66140747070312,1.7428617477416992,211.9304656982422
0.9398425221443176,700.0,1.0476154088974,614.8165283203125
1.6414172649383545,551.3936767578125,1.6838629245758057,421.6490173339844
0.7371653318405151,441.3149719238281,0.7811411619186401,374.1570739746094
1.4075590372085571,650.4645385742188,1.610261082649231,567.9429321289062
1.6570079326629639,452.32281494140625,1.6317169666290283,452.6952209472656
1.423149585723877,226.66140747070312,1.4441752433776855,186.71340942382812
1.3763779401779175,622.9448852539062,1.4637125730514526,480.46112060546875
1.3607873916625977,540.3858032226562,1.3343232870101929,617.5801391601562
1.9532283544540405,56.039371490478516,2.080069065093994,11.176223754882812
0.659212589263916,226.66140747070312,1.073638677597046,158.4884033203125
0.8307086825370789,661.472412109375,1.0093261003494263,560.903564453125
0.9398425221443176,402.78741455078125,1.2919076681137085,267.9216003417969
1.1425197124481201,17.511810302734375,1.0213603973388672,64.61386108398438
1.7193701267242432,386.2756042480469,1.6326284408569336,245.87173461914062
0.7839370369911194,17.511810302734375,0.8345759510993958,-4.44529390335083
1.1737008094787598,309.220458984375,1.0484637022018433,417.3165588378906
0.28503936529159546,677.9842529296875,0.33139392733573914,541.391845703125
1.9376378059387207,133.094482421875,1.7434340715408325,218.05697631835938
0.12913386523723602,375.26776123046875,0.002068445086479187,467.9049987792969
1.2672441005706787,17.511810302734375,1.3190771341323853,46.5694580078125
1.2672441005706787,111.07874298095703,1.2594860792160034,99.63345336914062
0.9398425221443176,529.3779296875,1.3677194118499756,425.29486083984375
1.6414172649383545,490.85040283203125,1.3942465782165527,388.8309631347656
0.3162204623222351,534.8818969726562,0.6390767693519592,406.3023681640625
0.7215747833251953,479.842529296875,0.47727444767951965,494.5953369140625
1.1892913579940796,144.10235595703125,1.3774515390396118,121.85276794433594
0.5188976526260376,562.4015502929688,1.0313857793807983,406.441162109375
0.20708660781383514,556.8976440429688,0.23489007353782654,503.5255432128906
1.6725984811782837,199.14173889160156,1.4867627620697021,205.4134063720703
0.8618897795677185,677.9842529296875,1.2712403535842896,470.3061218261719
1.7661417722702026,177.1259765625,1.4711663722991943,279.7710876464844
0.7059842348098755,347.7480163574219,0.5494740605354309,419.84381103515625
1.6881890296936035,584.4172973632812,1.5461846590042114,607.3438720703125
0.6748031377792358,17.511810302734375,0.5533254742622375,50.77413558959961
0.6436220407485962,369.7638244628906,0.6297904849052429,451.6952819824219
1.6725984811782837,700.0,1.6923044919967651,584.1673583984375
1.7505512237548828,578.9133911132812,1.6709160804748535,555.6213989257812
1.7817323207855225,633.9527587890625,1.7572509050369263,506.3307189941406
1.2048819065093994,507.3622131347656,1.2384322881698608,590.1705322265625
0.659212589263916,122.08661651611328,0.5691627264022827,147.36465454101562
1.2048819065093994,1.0,1.2102460861206055,11.249692916870117
1.0801575183868408,237.66929626464844,1.2383590936660767,252.24066162109375
0.4409448802471161,111.07874298095703,0.36826586723327637,132.1405792236328
0.14472442865371704,518.3700561523438,0.32617586851119995,499.7820129394531
1.3919684886932373,309.220458984375,1.6069037914276123,394.13555908203125
1.0489764213562012,89.06298828125,1.0005685091018677,93.510009765625
1.501102328300476,479.842529296875,1.452219843864441,448.00555419921875
1.4699212312698364,287.2047119140625,1.3537238836288452,405.0133056640625
0.47212597727775574,507.3622131347656,0.6315213441848755,487.6051330566406
0.22267717123031616,446.8188781738281,0.1326088011264801,508.8186950683594
1.1737008094787598,622.9448852539062,1.8643455505371094,338.89605712890625
1.3451968431472778,358.7558898925781,1.2347114086151123,458.3373107910156
1.2204724550247192,281.7007751464844,0.6601565480232239,505.4935302734375
0.40976378321647644,171.62203979492188,0.3698197305202484,158.17955017089844
0.4565354287624359,111.07874298095703,0.7374550700187683,38.05190658569336
1.423149585723877,408.2913513183594,1.2508037090301514,464.1556396484375
1.8908661603927612,408.2913513183594,1.5309313535690308,432.25628662109375
1.2828346490859985,512.8661499023438,1.4831892251968384,431.294189453125
0.3785826861858368,391.779541015625,0.6703671216964722,397.51092529296875
0.3006299138069153,314.7243957519531,0.42708370089530945,318.1468200683594
0.659212589263916,677.9842529296875,0.7436004877090454,728.5440063476562
0.3162204623222351,270.6929016113281,0.4558473229408264,298.4112854003906
0.4409448802471161,639.4566650390625,0.4077211916446686,515.457275390625
0.752755880355835,309.220458984375,1.0335971117019653,369.9153137207031
0.019999999552965164,518.3700561523438,0.21751654148101807,487.4631042480469
0.752755880355835,12.00787353515625,0.8819007873535156,-22.287519454956055
1.1737008094787598,523.8740234375,1.8334637880325317,540.4208374023438
0.08236220479011536,111.07874298095703,0.13374611735343933,99.28764343261719
0.3785826861858368,336.7401428222656,0.2719460129737854,376.8607177734375
1.5634645223617554,369.7638244628906,1.3661431074142456,279.9476623535156
1.9532283544540405,419.2992248535156,1.7384717464447021,482.73858642578125
1.2828346490859985,606.4330444335938,1.1070984601974487,512.288818359375
1.0957480669021606,166.11810302734375,1.2702993154525757,188.22528076171875
1.7661417722702026,540.3858032226562,1.359869122505188,507.4462890625
0.9398425221443176,556.8976440429688,1.0545533895492554,590.05615234375
1.2984251976013184,23.0157470703125,1.3934797048568726,5.763007164001465
1.0801575183868408,122.08661651611328,0.9419187903404236,115.55121612548828
1.7505512237548828,127.5905532836914,1.6633937358856201,109.89335632324219
0.7839370369911194,364.2598876953125,1.5109834671020508,192.85995483398438
0.42535433173179626,303.7165222167969,0.4572369158267975,352.6856384277344
1.9532283544540405,441.3149719238281,1.4107431173324585,497.8228759765625
1.0333858728408813,50.53543472290039,0.9934297204017639,90.88059997558594
1.1113386154174805,303.7165222167969,1.202525019645691,372.9324951171875
0.7995275855064392,243.17323303222656,0.8577096462249756,261.6479187011719
0.26944881677627563,661.472412109375,0.5033407807350159,429.5062255859375
0.47212597727775574,155.1102294921875,0.2423516809940338,196.15902709960938
0.659212589263916,683.4881591796875,1.1791009902954102,527.5881958007812
1.9844094514846802,83.55905151367188,1.8363453149795532,25.150848388671875
1.6414172649383545,353.251953125,1.3158897161483765,464.81005859375
1.0489764213562012,397.2834777832031,1.2901588678359985,267.559814453125
0.9866141676902771,171.62203979492188,1.1127156019210815,260.601318359375
1.7817323207855225,617.44091796875,1.8949569463729858,601.8138427734375
1.6102361679077148,248.6771697998047,1.364707112312317,337.0688171386719
0.9242519736289978,540.3858032226562,0.8881640434265137,572.2116088867188
1.1892913579940796,276.19683837890625,1.0064960718154907,514.27001953125
0.6280314922332764,122.08661651611328,0.6067734360694885,134.74102783203125
1.8440945148468018,485.3464660644531,1.3330503702163696,454.235595703125
1.5634645223617554,386.2756042480469,1.1231235265731812,448.08538818359375
1.9844094514846802,446.8188781738281,1.757369875907898,416.3575134277344
0.3006299138069153,149.60629272460938,0.4048236906528473,125.29468536376953
0.7995275855064392,644.9606323242188,0.9535674452781677,561.861083984375
0.752755880355835,127.5905532836914,0.7588926553726196,149.1109161376953
0.2538582682609558,380.77166748046875,0.6070319414138794,333.6757507324219
0.7995275855064392,105.5748062133789,1.2153449058532715,96.78053283691406
0.9866141676902771,457.8267517089844,1.3761930465698242,547.3594970703125
0.6436220407485962,199.14173889160156,0.7743512392044067,153.370849609375
1.2672441005706787,320.22833251953125,1.3519712686538696,385.3236083984375
1.9532283544540405,160.61416625976562,1.706281304359436,150.22669982910156
0.08236220479011536,364.2598876953125,0.34601232409477234,264.54876708984375
0.14472442865371704,413.7952880859375,0.6466451287269592,401.38604736328125
1.2204724550247192,83.55905151367188,1.0823785066604614,122.45065307617188
1.3140157461166382,149.60629272460938,1.1726075410842896,193.77706909179688
1.8908661603927612,210.1496124267578,1.9955928325653076,254.63388061523438
0.815118134021759,584.4172973632812,1.2804266214370728,559.0830688476562
1.1737008094787598,617.44091796875,1.5178799629211426,528.8180541992188
1.0957480669021606,496.3543395996094,1.5160318613052368,496.0215759277344
1.501102328300476,34.02362060546875,1.6148844957351685,44.42654037475586
0.5500787496566772,155.1102294921875,0.3202655613422394,271.2259521484375
0.20708660781383514,320.22833251953125,0.49726709723472595,266.9114685058594
0.9710236191749573,551.3936767578125,0.9017220139503479,653.972412109375
0.7059842348098755,584.4172973632812,1.1898162364959717,504.3001708984375
0.113543301820755,72.55117797851562,0.134565070271492,46.09318542480469
0.08236220479011536,336.7401428222656,0.23770475387573242,289.4917907714844
1.6258267164230347,122.08661651611328,1.669845700263977,147.608642578125
1.8752756118774414,551.3936767578125,1.6404938697814941,462.713623046875
0.4565354287624359,683.4881591796875,0.47912096977233887,663.8709716796875
1.3451968431472778,149.60629272460938,1.2398875951766968,212.88619995117188
1.329606294631958,457.8267517089844,1.2720078229904175,542.410888671875
0.34740158915519714,17.511810302734375,0.3221464455127716,28.59626579284668
0.22267717123031616,116.58268737792969,0.375322163105011,72.24716186523438
2.0,584.4172973632812,1.9072225093841553,469.81939697265625
0.659212589263916,661.472412109375,1.1500136852264404,593.2849731445312
1.9688189029693604,325.7322692871094,2.151243209838867,354.0284118652344
0.5033071041107178,83.55905151367188,0.36565008759498596,133.322265625
1.7037795782089233,232.16537475585938,1.5317201614379883,379.340576171875
1.9532283544540405,28.519685745239258,1.5512717962265015,96.84239959716797
1.6102361679077148,127.5905532836914,1.411123275756836,152.17916870117188
0.03559055179357529,23.0157470703125,0.11980384588241577,58.02653884887695
0.659212589263916,700.0,0.9652221202850342,605.7307739257812
1.516692876815796,600.9291381835938,1.5650990009307861,687.0714111328125
1.6881890296936035,512.8661499023438,1.7434583902359009,555.866455078125
1.6102361679077148,138.59841918945312,1.9583919048309326,172.736328125
1.9532283544540405,347.7480163574219,1.81294846534729,373.9909362792969
1.828503966331482,441.3149719238281,2.087177276611328,513.6315307617188
1.501102328300476,6.503936767578125,1.62093985080719,-7.444852828979492
0.9866141676902771,666.9763793945312,1.422520637512207,562.60009765625
0.03559055179357529,518.3700561523438,0.1742735505104065,583.0423583984375
1.501102328300476,39.527557373046875,1.4627081155776978,-3.540688991546631
0.5656692981719971,397.2834777832031,0.31866779923439026,520.207763671875
1.9220472574234009,595.4251708984375,1.5547693967819214,476.2442626953125
1.4075590372085571,562.4015502929688,1.5754700899124146,624.8048095703125
1.2516535520553589,56.039371490478516,1.3133138418197632,11.738637924194336
1.6881890296936035,501.8582763671875,1.8686811923980713,418.84295654296875
2.0,622.9448852539062,1.6926873922348022,514.952392578125
0.3785826861858368,578.9133911132812,0.6309988498687744,484.40582275390625
1.516692876815796,50.53543472290039,1.9464024305343628,10.505264282226562
0.7371653318405151,474.3385925292969,0.7816566228866577,563.047607421875
0.16031496226787567,89.06298828125,0.3139096200466156,29.540983200073242
1.5790550708770752,276.19683837890625,1.6989160776138306,269.3920593261719
1.3140157461166382,237.66929626464844,1.4416354894638062,210.17221069335938
0.4409448802471161,199.14173889160156,0.6550810933113098,154.14776611328125
0.33181101083755493,314.7243957519531,0.6127580404281616,233.22061157226562
0.7839370369911194,221.15748596191406,1.1314632892608643,213.34361267089844
0.26944881677627563,413.7952880859375,0.4984637498855591,427.6011657714844
1.3763779401779175,265.18896484375,1.2639319896697998,313.0992431640625
0.7995275855064392,116.58268737792969,0.7331179976463318,118.32830047607422
1.2204724550247192,149.60629272460938,1.1958413124084473,115.01470184326172
1.6414172649383545,578.9133911132812,1.6284297704696655,504.06304931640625
0.9710236191749573,700.0,1.7166032791137695,614.3153076171875
0.908661425113678,221.15748596191406,1.0190620422363281,272.881591796875
0.8618897795677185,50.53543472290039,0.8198226094245911,37.50774383544922
0.3006299138069153,155.1102294921875,0.2982079088687897,180.376953125
0.8618897795677185,182.62994384765625,1.0388623476028442,153.47549438476562
0.5812598466873169,446.8188781738281,0.7404734492301941,374.6248779296875
0.4409448802471161,270.6929016113281,0.545735239982605,231.3837127685547
0.7995275855064392,160.61416625976562,1.1346259117126465,110.45747375488281
1.501102328300476,353.251953125,1.4957178831100464,406.8487854003906
0.09795275330543518,336.7401428222656,0.20905601978302002,444.7143249511719
0.19149605929851532,50.53543472290039,0.07296405732631683,66.39103698730469
1.4543306827545166,369.7638244628906,1.1336359977722168,490.1517028808594
1.7193701267242432,490.85040283203125,1.901983618736267,491.6598205566406
1.3607873916625977,221.15748596191406,1.0547364950180054,271.65478515625
1.812913417816162,248.6771697998047,1.7118115425109863,460.4765319824219
0.14472442865371704,270.6929016113281,-0.01439102366566658,346.4731750488281
1.423149585723877,45.031494140625,1.3859996795654297,65.55982971191406
1.5790550708770752,17.511810302734375,1.525486707687378,28.016271591186523
1.9220472574234009,375.26776123046875,1.5543086528778076,450.78863525390625
0.7683464288711548,39.527557373046875,0.7808066010475159,13.875262260437012
0.6436220407485962,166.11810302734375,0.5449344515800476,195.26766967773438
0.5500787496566772,116.58268737792969,0.4768081307411194,121.43384552001953
1.017795443534851,622.9448852539062,1.6188491582870483,525.8880004882812
0.19149605929851532,133.094482421875,0.15995906293392181,181.7489471435547
0.6436220407485962,314.7243957519531,0.8530840277671814,195.848876953125
0.9242519736289978,413.7952880859375,1.1568984985351562,343.3046569824219
0.14472442865371704,166.11810302734375,0.1953335851430893,177.84237670898438
1.2516535520553589,545.8897705078125,1.5086257457733154,509.52056884765625
1.9220472574234009,540.3858032226562,1.7072089910507202,559.19580078125
1.3919684886932373,419.2992248535156,1.3129498958587646,548.9443359375
1.3451968431472778,430.3070983886719,1.2519912719726562,545.713134765625
1.9688189029693604,111.07874298095703,1.3834123611450195,311.8635559082031
1.594645619392395,523.8740234375,1.8597114086151123,579.0147705078125
1.8596850633621216,639.4566650390625,1.7780643701553345,579.0494995117188
1.7661417722702026,94.56694030761719,1.5728424787521362,95.95975494384766
1.516692876815796,584.4172973632812,1.4950623512268066,469.7134094238281
1.9532283544540405,237.66929626464844,1.5338213443756104,361.46295166015625
0.815118134021759,474.3385925292969,0.7152450084686279,662.5610961914062
1.423149585723877,342.24407958984375,1.4286092519760132,476.1281433105469
0.12913386523723602,617.44091796875,0.32219767570495605,459.0082702636719
0.3162204623222351,446.8188781738281,0.20577257871627808,557.6762084960938
1.017795443534851,463.33074951171875,1.676192045211792,415.2626037597656
1.15811026096344,232.16537475585938,1.1489269733428955,294.7493896484375
1.9376378059387207,67.0472412109375,1.680299162864685,73.39905548095703
0.12913386523723602,589.9212646484375,0.18800298869609833,503.63922119140625
1.828503966331482,408.2913513183594,1.9174244403839111,458.3955993652344
0.5656692981719971,700.0,0.9314976930618286,569.6878051757812
0.08236220479011536,215.65354919433594,0.3604845702648163,197.10549926757812
1.0022047758102417,633.9527587890625,1.2720402479171753,516.3312377929688
1.7661417722702026,430.3070983886719,1.795552134513855,385.10772705078125
0.019999999552965164,28.519685745239258,0.1424437165260315,27.931137084960938
1.7037795782089233,534.8818969726562,0.9491828083992004,617.30224609375
1.2204724550247192,540.3858032226562,0.8624387979507446,525.7808227539062
0.22267717123031616,303.7165222167969,0.10698767006397247,417.2130432128906
0.815118134021759,694.4960327148438,1.068162202835083,582.4769897460938
0.7371653318405151,666.9763793945312,1.250008225440979,519.5115966796875
1.7817323207855225,248.6771697998047,2.019191265106201,195.78778076171875
0.34740158915519714,166.11810302734375,0.2664262354373932,222.71957397460938
1.3607873916625977,573.409423828125,1.8730348348617554,527.9310302734375
0.48771652579307556,419.2992248535156,0.733971357345581,301.8226013183594
1.7505512237548828,655.968505859375,1.7233606576919556,666.541259765625
0.8774803280830383,160.61416625976562,0.8219155073165894,196.96424865722656
1.0957480669021606,193.63780212402344,0.7477619051933289,337.48004150390625
1.5790550708770752,397.2834777832031,1.46775221824646,510.1546630859375
0.03559055179357529,325.7322692871094,0.08915585279464722,334.04364013671875
1.828503966331482,232.16537475585938,1.4479038715362549,314.4886169433594
1.5790550708770752,353.251953125,1.879112958908081,382.4644775390625
0.3941732347011566,485.3464660644531,0.4599302411079407,460.400146484375
0.8307086825370789,628.4487915039062,0.7557464241981506,509.7212219238281
0.28503936529159546,380.77166748046875,0.3681653141975403,336.2706604003906
1.4855117797851562,606.4330444335938,1.0160266160964966,657.5704345703125
1.3763779401779175,430.3070983886719,1.414121389389038,490.8550720214844
1.6881890296936035,518.3700561523438,1.5735899209976196,553.4634399414062
1.2516535520553589,589.9212646484375,1.5191705226898193,509.56488037109375
1.7193701267242432,380.77166748046875,1.5045650005340576,450.5461120605469
0.47212597727775574,375.26776123046875,0.430672824382782,345.44439697265625
0.3162204623222351,556.8976440429688,0.645966649055481,516.4309692382812
0.7839370369911194,639.4566650390625,0.8059751391410828,422.87420654296875
1.8908661603927612,584.4172973632812,1.8685452938079834,504.6700744628906
1.3763779401779175,468.8346862792969,1.6044594049453735,479.43231201171875
0.33181101083755493,441.3149719238281,0.4878581166267395,510.47930908203125
0.5344882011413574,83.55905151367188,0.3490754961967468,128.04385375976562
0.9242519736289978,67.0472412109375,0.998447060585022,64.1957778930664
0.33181101083755493,259.6850280761719,0.329022079706192,257.2485046386719
1.9220472574234009,1.0,1.6926079988479614,104.26402282714844
0.7215747833251953,595.4251708984375,0.9348064064979553,568.4249267578125
1.5790550708770752,325.7322692871094,1.8514587879180908,198.75399780273438
0.7371653318405151,408.2913513183594,0.6398607492446899,407.758056640625
0.4565354287624359,485.3464660644531,0.8441534042358398,425.835205078125
1.7193701267242432,430.3070983886719,1.593161940574646,580.6700439453125
0.7371653318405151,292.7086486816406,0.8135732412338257,310.4835205078125
2.0,133.094482421875,1.7988725900650024,108.64364624023438
0.5500787496566772,34.02362060546875,0.5412360429763794,109.67050170898438
0.5188976526260376,683.4881591796875,0.6873834133148193,693.6930541992188
1.6414172649383545,133.094482421875,1.233884572982788,169.9962615966797
1.9376378059387207,215.65354919433594,1.4452624320983887,260.1319274902344
1.3919684886932373,111.07874298095703,1.2460930347442627,142.60028076171875
1.7037795782089233,639.4566650390625,1.5120279788970947,645.9149780273438
1.2672441005706787,578.9133911132812,1.3263429403305054,415.442626953125
1.2048819065093994,39.527557373046875,0.9977589845657349,113.19013214111328
1.6258267164230347,342.24407958984375,1.5773558616638184,491.8367614746094
1.2828346490859985,160.61416625976562,1.3523141145706177,188.12168884277344
0.19149605929851532,666.9763793945312,0.4264777898788452,519.67041015625
1.3451968431472778,622.9448852539062,1.6390255689620972,626.2999877929688
1.3140157461166382,700.0,1.32111394405365,594.5469970703125
1.7193701267242432,23.0157470703125,1.9713079929351807,-70.52323913574219
1.7661417722702026,210.1496124267578,1.5007779598236084,292.16583251953125
0.19149605929851532,210.1496124267578,0.13127940893173218,288.8270568847656
0.48771652579307556,364.2598876953125,0.7885796427726746,415.7991027832031
1.5790550708770752,100.07086944580078,1.3394567966461182,100.96759796142578
1.4543306827545166,204.6456756591797,1.481835961341858,182.23001098632812
1.0333858728408813,342.24407958984375,0.7286709547042847,521.8319702148438
1.7505512237548828,171.62203979492188,1.367218255996704,209.63467407226562
0.4565354287624359,584.4172973632812,1.1171716451644897,477.56109619140625
1.7037795782089233,666.9763793945312,1.454918622970581,617.0287475585938
1.1892913579940796,369.7638244628906,1.155613899230957,484.5478210449219
1.3919684886932373,199.14173889160156,1.5892499685287476,198.23147583007812
1.064566969871521,347.7480163574219,1.1208152770996094,429.62896728515625
1.8908661603927612,17.511810302734375,1.6168558597564697,14.231918334960938
0.3006299138069153,413.7952880859375,0.5681148171424866,290.90277099609375
0.06677165627479553,342.24407958984375,0.37882810831069946,286.54864501953125
0.12913386523723602,661.472412109375,0.19149921834468842,505.58697509765625
1.3607873916625977,204.6456756591797,0.8986843228340149,315.68017578125
1.828503966331482,199.14173889160156,1.1500113010406494,369.17364501953125
1.236063003540039,573.409423828125,1.5929268598556519,439.44622802734375
1.5634645223617554,89.06298828125,1.4740407466888428,163.735107421875
0.7059842348098755,419.2992248535156,0.9700011610984802,471.274169921875
1.0957480669021606,622.9448852539062,1.2864168882369995,630.900146484375
1.7973228693008423,149.60629272460938,1.8419477939605713,126.32958221435547
1.6258267164230347,611.93701171875,1.2450852394104004,625.4758911132812
1.828503966331482,672.4802856445312,1.626362919807434,423.83721923828125
1.0489764213562012,589.9212646484375,1.140076994895935,613.255859375
1.906456708908081,61.54330825805664,1.7588509321212769,89.6287612915039
1.9376378059387207,303.7165222167969,1.4082919359207153,384.9012145996094
0.9710236191749573,534.8818969726562,1.1476424932479858,447.00714111328125
0.7059842348098755,501.8582763671875,1.3235105276107788,489.73773193359375
1.7817323207855225,479.842529296875,1.2086867094039917,466.55078125
0.5188976526260376,501.8582763671875,0.6933565735816956,558.57470703125
0.8618897795677185,243.17323303222656,0.9287269711494446,230.49278259277344
0.5812598466873169,540.3858032226562,0.8034191131591797,487.16998291015625
0.9242519736289978,639.4566650390625,1.1168309450149536,584.9020385742188
0.7371653318405151,72.55117797851562,0.7361049652099609,86.1639404296875
0.815118134021759,237.66929626464844,1.1563814878463745,241.04751586914062
1.8440945148468018,507.3622131347656,1.5990750789642334,609.8577270507812
1.3140157461166382,501.8582763671875,1.3177597522735596,522.757080078125
1.9844094514846802,485.3464660644531,1.7750129699707031,444.6605529785156
0.113543301820755,556.8976440429688,0.5096645951271057,419.98663330078125
1.1113386154174805,182.62994384765625,1.3115404844284058,164.54075622558594
0.05118110775947571,193.63780212402344,0.15146470069885254,248.71762084960938
1.812913417816162,584.4172973632812,2.0816705226898193,526.353515625
0.42535433173179626,100.07086944580078,0.12926968932151794,183.67562866210938
0.48771652579307556,226.66140747070312,0.3235846161842346,269.4981994628906
0.28503936529159546,529.3779296875,0.6442455649375916,414.8252258300781
0.3006299138069153,672.4802856445312,0.19580502808094025,559.90234375
1.8596850633621216,611.93701171875,1.9078106880187988,540.1590576171875
0.5344882011413574,523.8740234375,0.5505816340446472,516.0042724609375
1.236063003540039,358.7558898925781,1.5820564031600952,357.9322509765625
0.5968503952026367,463.33074951171875,1.0183117389678955,337.6019592285156
1.3140157461166382,116.58268737792969,1.0747605562210083,139.5168914794922
1.2048819065093994,28.519685745239258,1.0749530792236328,73.97923278808594
0.40976378321647644,303.7165222167969,0.48627468943595886,237.8082275390625
1.2048819065093994,122.08661651611328,1.0476921796798706,168.0941925048828
1.7973228693008423,12.00787353515625,1.8186756372451782,-14.027870178222656
0.26944881677627563,666.9763793945312,0.40413159132003784,645.6654663085938
0.113543301820755,578.9133911132812,0.016805602237582207,604.2353515625
1.0489764213562012,12.00787353515625,0.985859215259552,7.925164699554443
0.48771652579307556,17.511810302734375,0.45481473207473755,29.400659561157227
1.812913417816162,259.6850280761719,1.8616687059402466,312.2612609863281
1.5790550708770752,386.2756042480469,1.362068772315979,471.0972595214844
0.7371653318405151,193.63780212402344,0.4404516816139221,247.98233032226562
1.9532283544540405,94.56694030761719,1.447907567024231,168.64071655273438
1.2984251976013184,78.05511474609375,1.250095248222351,99.38700103759766
0.8307086825370789,430.3070983886719,1.033748984336853,480.2024841308594
1.5790550708770752,232.16537475585938,1.5016614198684692,353.0327453613281
1.4075590372085571,628.4487915039062,1.6058558225631714,514.60302734375
1.2204724550247192,369.7638244628906,1.130664348602295,452.3432922363281
1.0333858728408813,281.7007751464844,0.7402238249778748,458.0870056152344
0.1759055107831955,507.3622131347656,0.3755541443824768,459.5977478027344
0.8930708765983582,259.6850280761719,0.5619485378265381,351.2623596191406
0.2538582682609558,424.80316162109375,0.4274207055568695,374.16644287109375
1.6414172649383545,111.07874298095703,1.1600712537765503,251.83204650878906
0.3941732347011566,94.56694030761719,0.34863460063934326,94.0246810913086
1.1425197124481201,650.4645385742188,1.289643406867981,545.7543334960938
1.2828346490859985,578.9133911132812,1.4536381959915161,470.51318359375
0.7683464288711548,419.2992248535156,0.5897492170333862,513.383056640625
1.6258267164230347,452.32281494140625,1.691843867301941,480.17486572265625
1.594645619392395,160.61416625976562,1.2755093574523926,278.0903015136719
0.019999999552965164,694.4960327148438,0.25484851002693176,513.3545532226562
1.2516535520553589,688.9921264648438,1.8703643083572388,483.1796875
0.815118134021759,512.8661499023438,1.0536127090454102,501.6053466796875
0.7683464288711548,600.9291381835938,0.8079686164855957,584.8763427734375
1.1269291639328003,617.44091796875,1.1624481678009033,563.3924560546875
0.7995275855064392,127.5905532836914,0.881291925907135,76.56690979003906
1.7193701267242432,441.3149719238281,1.1571124792099,565.6582641601562
0.5500787496566772,78.05511474609375,0.5876244902610779,56.019287109375
1.734960675239563,358.7558898925781,1.6529608964920044,462.1235046386719
0.3162204623222351,589.9212646484375,0.35721686482429504,601.9957885742188
0.4565354287624359,446.8188781738281,0.45437222719192505,543.7037963867188
0.4409448802471161,589.9212646484375,0.7445505261421204,486.7622375488281
1.8440945148468018,276.19683837890625,1.4855507612228394,398.6273498535156
0.113543301820755,105.5748062133789,0.15454478561878204,86.77020263671875
1.3607873916625977,562.4015502929688,1.2878557443618774,604.1188354492188
0.7839370369911194,336.7401428222656,0.6152556538581848,361.4334716796875
1.6881890296936035,314.7243957519531,1.689766526222229,355.7340087890625
1.0957480669021606,606.4330444335938,1.5598506927490234,403.9671630859375
0.5656692981719971,567.905517578125,0.7953357100486755,504.9339599609375
1.4075590372085571,259.6850280761719,1.6538364887237549,270.194091796875
1.064566969871521,490.85040283203125,1.183931589126587,418.266845703125
1.1892913579940796,628.4487915039062,1.4322409629821777,562.9048461914062
0.40976378321647644,441.3149719238281,0.14701376855373383,470.66448974609375
0.8462992310523987,243.17323303222656,0.8201350569725037,284.21881103515625
1.5634645223617554,639.4566650390625,1.3362077474594116,637.9212646484375
0.5968503952026367,89.06298828125,0.57921302318573,90.56658935546875
0.8462992310523987,375.26776123046875,0.7668914794921875,330.2807922363281
1.329606294631958,155.1102294921875,1.4982540607452393,165.53530883789062
1.0022047758102417,408.2913513183594,0.6730530858039856,454.0602722167969
0.9242519736289978,534.8818969726562,1.1268726587295532,520.86328125
1.828503966331482,342.24407958984375,1.7745383977890015,489.6182861328125
1.734960675239563,507.3622131347656,2.0273914337158203,425.7335510253906
1.4075590372085571,573.409423828125,1.5647855997085571,541.7095336914062
0.5188976526260376,320.22833251953125,0.3889356255531311,473.0362548828125
0.03559055179357529,56.039371490478516,0.07203340530395508,70.95588684082031
0.7059842348098755,89.06298828125,0.8656298518180847,84.91590881347656
1.9532283544540405,402.78741455078125,1.4668917655944824,592.5297241210938
1.2984251976013184,358.7558898925781,1.2293064594268799,472.4594421386719
1.6102361679077148,655.968505859375,1.6310291290283203,643.8121337890625
0.9554330706596375,688.9921264648438,1.3313357830047607,571.7623901367188
1.017795443534851,116.58268737792969,1.005318522453308,147.50796508789062
1.6414172649383545,562.4015502929688,1.5579853057861328,607.99365234375
0.6436220407485962,325.7322692871094,0.7587863802909851,314.6181945800781
0.5500787496566772,545.8897705078125,1.036637306213379,453.8938903808594
0.8930708765983582,540.3858032226562,1.1986793279647827,340.9776916503906
1.1269291639328003,39.527557373046875,1.2702584266662598,41.28525161743164
1.15811026096344,199.14173889160156,1.3326514959335327,213.7184295654297
1.7505512237548828,606.4330444335938,1.6047924757003784,645.3058471679688
1.3919684886932373,611.93701171875,1.5860832929611206,493.2198181152344
1.1737008094787598,182.62994384765625,1.0816693305969238,228.1144561767578
1.0957480669021606,441.3149719238281,1.2930718660354614,474.0118103027344
1.7661417722702026,644.9606323242188,1.8572031259536743,464.6484680175781
1.6102361679077148,116.58268737792969,1.7283573150634766,100.6312255859375
1.423149585723877,28.519685745239258,1.1994320154190063,48.355159759521484
0.7839370369911194,160.61416625976562,0.8300599455833435,181.0997772216797
1.3607873916625977,199.14173889160156,0.9759783744812012,362.0451354980469
0.36299213767051697,347.7480163574219,0.4978278577327728,367.6850891113281
0.34740158915519714,617.44091796875,0.6672576665878296,494.6987609863281
1.9844094514846802,144.10235595703125,1.7735661268234253,163.80880737304688
1.1113386154174805,100.07086944580078,0.9599094390869141,140.83995056152344
0.26944881677627563,534.8818969726562,0.41645222902297974,470.54638671875
1.2984251976013184,210.1496124267578,1.6154917478561401,143.23648071289062
1.0489764213562012,584.4172973632812,1.2753751277923584,530.3975830078125
0.8774803280830383,408.2913513183594,1.148405909538269,327.0583801269531
1.2672441005706787,177.1259765625,1.3314316272735596,112.76610565185547
1.9220472574234009,397.2834777832031,1.9048155546188354,249.1080322265625
1.017795443534851,474.3385925292969,1.6879523992538452,434.2071533203125
1.2048819065093994,127.5905532836914,0.9010968208312988,228.0071563720703
0.5968503952026367,380.77166748046875,0.5905783772468567,472.4579162597656
0.7995275855064392,589.9212646484375,0.7900393009185791,524.98876953125
1.2516535520553589,331.2362060546875,1.5783588886260986,341.50872802734375
1.7661417722702026,226.66140747070312,1.6769639253616333,157.31365966796875
1.15811026096344,369.7638244628906,0.8603013753890991,411.0119934082031
1.2204724550247192,265.18896484375,1.1973190307617188,265.0065612792969
1.5790550708770752,72.55117797851562,1.437336802482605,165.60523986816406
0.6903936862945557,644.9606323242188,0.6956776976585388,522.3984375
1.017795443534851,479.842529296875,1.1103217601776123,461.5423278808594
1.0957480669021606,562.4015502929688,1.2512245178222656,616.842041015625
0.1759055107831955,474.3385925292969,0.33790817856788635,373.4503479003906
1.7973228693008423,435.81103515625,1.844947099685669,603.0299072265625
1.9220472574234009,633.9527587890625,1.524212121963501,623.5969848632812
0.7839370369911194,325.7322692871094,0.7323839068412781,419.950439453125
0.8774803280830383,677.9842529296875,1.1184755563735962,599.0166015625
0.09795275330543518,215.65354919433594,0.023221131414175034,234.2294921875
0.5656692981719971,622.9448852539062,0.5569061636924744,577.7608032226562
0.2538582682609558,507.3622131347656,0.28939124941825867,530.8348388671875
0.20708660781383514,545.8897705078125,0.10418403148651123,564.7572631835938
0.019999999552965164,490.85040283203125,0.024062465876340866,509.94830322265625
1.9220472574234009,193.63780212402344,1.788126826286316,220.5082550048828
1.501102328300476,700.0,1.0762293338775635,742.65380859375
1.5322834253311157,545.8897705078125,1.6676162481307983,517.4126586914062
1.0489764213562012,94.56694030761719,0.7325131297111511,209.69505310058594
1.3607873916625977,215.65354919433594,1.7535364627838135,184.5221405029297
0.1759055107831955,584.4172973632812,0.42091110348701477,507.620361328125
0.9398425221443176,325.7322692871094,1.1279730796813965,332.48406982421875
0.06677165627479553,292.7086486816406,0.2378937005996704,203.61166381835938
0.12913386523723602,512.8661499023438,0.3409792184829712,452.0010681152344
1.594645619392395,265.18896484375,1.4960898160934448,291.20489501953125
0.12913386523723602,683.4881591796875,0.19889883697032928,535.5919189453125
1.5322834253311157,380.77166748046875,1.3250293731689453,516.2362670898438
1.4855117797851562,160.61416625976562,1.2271358966827393,193.89906311035156
0.20708660781383514,408.2913513183594,0.5284196734428406,285.93194580078125
0.40976378321647644,628.4487915039062,0.12930431962013245,686.1455078125
1.5790550708770752,122.08661651611328,1.079573392868042,248.5319366455078
1.2048819065093994,314.7243957519531,1.4173014163970947,349.228271484375
0.1759055107831955,402.78741455078125,0.29211339354515076,406.2638854980469
0.6903936862945557,1.0,0.5855532884597778,27.56995391845703
1.2828346490859985,375.26776123046875,1.5948318243026733,197.79901123046875
1.0801575183868408,628.4487915039062,1.1033340692520142,506.40582275390625
0.9242519736289978,364.2598876953125,1.0784237384796143,397.7992858886719
1.8752756118774414,116.58268737792969,1.7725731134414673,188.18812561035156
1.8440945148468018,562.4015502929688,1.9035944938659668,536.8014526367188
1.017795443534851,644.9606323242188,1.082289218902588,583.1219482421875
0.9554330706596375,677.9842529296875,1.209427833557129,422.11981201171875
1.9376378059387207,325.7322692871094,1.78761625289917,294.2013854980469
0.8930708765983582,518.3700561523438,0.9738596677780151,548.0592041015625
1.7973228693008423,600.9291381835938,1.7327195405960083,500.37701416015625
1.1425197124481201,215.65354919433594,1.241168737411499,229.0551300048828
1.9844094514846802,138.59841918945312,1.4979596138000488,230.4690704345703
0.752755880355835,540.3858032226562,0.7630569338798523,668.2266235351562
0.5033071041107178,232.16537475585938,0.19537636637687683,362.66998291015625
1.2828346490859985,644.9606323242188,1.5162570476531982,569.7943725585938
1.2204724550247192,336.7401428222656,1.3017059564590454,389.5907897949219
1.329606294631958,364.2598876953125,1.2510799169540405,458.5478210449219
0.2538582682609558,639.4566650390625,0.49970462918281555,550.1049194335938
1.516692876815796,155.1102294921875,1.3165397644042969,169.6724395751953
0.9554330706596375,661.472412109375,0.5043511986732483,629.8927612304688
1.3763779401779175,309.220458984375,1.6251744031906128,242.49185180664062
1.8752756118774414,254.1811065673828,1.9984562397003174,259.04901123046875
1.6102361679077148,452.32281494140625,1.5092493295669556,527.97021484375
1.3607873916625977,171.62203979492188,1.3950783014297485,266.28857421875
0.16031496226787567,193.63780212402344,0.36580604314804077,117.02246856689453
1.8752756118774414,232.16537475585938,1.630149245262146,397.8830261230469
0.14472442865371704,391.779541015625,0.34938812255859375,325.5442810058594
1.0022047758102417,452.32281494140625,1.0471951961517334,428.66241455078125
1.2828346490859985,314.7243957519531,1.4295952320098877,359.580810546875
1.3451968431472778,353.251953125,1.145065426826477,446.2311096191406
1.4387401342391968,545.8897705078125,1.3733205795288086,496.1742248535156
1.1425197124481201,589.9212646484375,1.2353652715682983,489.0506286621094
0.3785826861858368,650.4645385742188,0.5047613382339478,527.1029663085938
1.7661417722702026,259.6850280761719,1.6403383016586304,346.49786376953125
1.3451968431472778,628.4487915039062,1.8023338317871094,672.4131469726562
1.9688189029693604,364.2598876953125,1.585150957107544,352.1415100097656
0.40976378321647644,309.220458984375,0.3141475021839142,337.62225341796875
0.42535433173179626,138.59841918945312,0.444865882396698,176.1067657470703
1.9532283544540405,452.32281494140625,1.5069764852523804,535.3765869140625
1.5634645223617554,292.7086486816406,1.2970448732376099,366.5193786621094
0.9554330706596375,589.9212646484375,1.0688011646270752,608.6443481445312
0.9710236191749573,457.8267517089844,1.1920382976531982,498.6571350097656
0.4565354287624359,287.2047119140625,0.47793808579444885,316.9532775878906
1.6414172649383545,221.15748596191406,1.6395626068115234,225.8787384033203
1.3919684886932373,457.8267517089844,1.3740676641464233,494.9300231933594
1.6570079326629639,369.7638244628906,1.6048942804336548,386.6217956542969
1.906456708908081,347.7480163574219,1.5898056030273438,474.5272216796875
1.7817323207855225,144.10235595703125,1.6273518800735474,191.61399841308594
1.7193701267242432,683.4881591796875,1.5981204509735107,642.8228149414062
1.6414172649383545,259.6850280761719,1.4928454160690308,405.8197937011719
0.5033071041107178,298.21258544921875,0.40142297744750977,370.8253173828125
1.423149585723877,490.85040283203125,1.4257569313049316,610.9700927734375
0.9866141676902771,133.094482421875,1.0664466619491577,136.2117462158203
0.28503936529159546,358.7558898925781,0.2315363883972168,476.7080078125
1.1425197124481201,386.2756042480469,1.2608821392059326,419.8048400878906
1.4699212312698364,127.5905532836914,1.4311752319335938,150.79254150390625
1.0333858728408813,39.527557373046875,0.9554900527000427,59.191532135009766
1.7817323207855225,237.66929626464844,1.3883521556854248,324.16583251953125
0.6124409437179565,468.8346862792969,1.1790149211883545,243.48367309570312
1.828503966331482,226.66140747070312,1.9149497747421265,174.13172912597656
1.15811026096344,116.58268737792969,1.3310920000076294,118.57488250732422
0.5500787496566772,562.4015502929688,0.43798670172691345,587.0422973632812
0.14472442865371704,105.5748062133789,0.21636171638965607,80.43085479736328
0.14472442865371704,463.33074951171875,0.47888651490211487,411.7966003417969
0.12913386523723602,457.8267517089844,0.2378268539905548,494.5369873046875
2.0,23.0157470703125,2.117257833480835,-5.896992206573486
0.16031496226787567,529.3779296875,0.22592350840568542,533.9635620117188
0.06677165627479553,232.16537475585938,0.18864060938358307,215.99876403808594
0.7059842348098755,600.9291381835938,0.7159736156463623,583.965087890625
1.6414172649383545,270.6929016113281,1.639244794845581,284.2766418457031
0.8307086825370789,408.2913513183594,0.7642401456832886,478.8780822753906
1.3607873916625977,298.21258544921875,1.3304719924926758,303.2344055175781
0.3006299138069153,391.779541015625,0.25160863995552063,375.7287902832031
0.06677165627479553,281.7007751464844,0.17676711082458496,318.10650634765625
0.42535433173179626,413.7952880859375,0.6296619176864624,398.2078857421875
1.906456708908081,303.7165222167969,1.7102046012878418,335.214599609375
0.5500787496566772,435.81103515625,0.556317150592804,405.7085876464844
1.734960675239563,595.4251708984375,1.7306030988693237,446.3546447753906
0.22267717123031616,105.5748062133789,0.21820718050003052,123.9926986694336
0.659212589263916,50.53543472290039,0.7074693441390991,76.6719741821289
0.9710236191749573,127.5905532836914,0.9808589220046997,205.98220825195312
1.423149585723877,61.54330825805664,1.4080533981323242,81.67359161376953
1.594645619392395,485.3464660644531,1.1440842151641846,559.637939453125
1.4543306827545166,188.13388061523438,1.454107403755188,123.44890594482422
0.42535433173179626,364.2598876953125,0.5855247378349304,369.9151306152344
1.3763779401779175,413.7952880859375,1.6804146766662598,472.7353210449219
0.06677165627479553,617.44091796875,0.2542414665222168,564.4458618164062
1.1892913579940796,314.7243957519531,1.3209034204483032,338.8697509765625
0.36299213767051697,622.9448852539062,0.34705984592437744,663.5460205078125
0.7371653318405151,347.7480163574219,0.3985654413700104,442.7237243652344
0.26944881677627563,160.61416625976562,0.24009139835834503,168.04698181152344
0.19149605929851532,248.6771697998047,0.3020879030227661,265.82635498046875
0.12913386523723602,254.1811065673828,0.1966589093208313,301.8093566894531
0.113543301820755,292.7086486816406,-0.008163359016180038,405.8576965332031
0.8307086825370789,83.55905151367188,0.7019065022468567,76.07440948486328
1.8908661603927612,611.93701171875,2.051806926727295,572.948486328125
1.423149585723877,248.6771697998047,1.712066888809204,302.92889404296875
1.2516535520553589,67.0472412109375,1.3376352787017822,87.8850326538086
0.8462992310523987,358.7558898925781,1.145762324333191,293.22637939453125
0.5656692981719971,600.9291381835938,0.8590450882911682,536.6297607421875
0.4409448802471161,353.251953125,0.5439073443412781,353.4570007324219
1.4075590372085571,237.66929626464844,1.414843201637268,212.338623046875
0.03559055179357529,457.8267517089844,0.31192073225975037,394.2918395996094
0.752755880355835,259.6850280761719,0.5210376381874084,329.85107421875
0.5968503952026367,628.4487915039062,0.7343006730079651,558.1446533203125
0.8307086825370789,589.9212646484375,0.9868323802947998,605.9600219726562
0.3162204623222351,177.1259765625,0.2882438600063324,183.9510040283203
0.28503936529159546,584.4172973632812,0.40390893816947937,510.7133483886719
0.4409448802471161,177.1259765625,0.39727118611335754,220.37135314941406
0.16031496226787567,50.53543472290039,0.1555955559015274,49.979923248291016
0.34740158915519714,424.80316162109375,0.6531451940536499,347.7850341796875
0.03559055179357529,562.4015502929688,0.27088025212287903,402.91448974609375
0.3785826861858368,644.9606323242188,0.7185577154159546,425.86224365234375
1.2828346490859985,430.3070983886719,1.290364146232605,397.33966064453125
1.6102361679077148,149.60629272460938,1.8416765928268433,211.14308166503906
0.5656692981719971,474.3385925292969,0.7141556143760681,540.7225341796875
0.8930708765983582,237.66929626464844,0.9576476812362671,267.2821350097656
0.42535433173179626,490.85040283203125,0.7382205724716187,418.1815490722656
0.6903936862945557,430.3070983886719,1.0000773668289185,456.7699279785156
1.236063003540039,232.16537475585938,1.1680649518966675,272.141845703125
1.2048819065093994,276.19683837890625,1.0645684003829956,327.5722351074219
1.0801575183868408,424.80316162109375,1.1909890174865723,388.0316162109375
1.9688189029693604,254.1811065673828,1.5730910301208496,320.2140197753906
1.1425197124481201,578.9133911132812,1.7113043069839478,408.9607238769531
0.16031496226787567,446.8188781738281,0.37547045946121216,363.8314514160156
1.7661417722702026,408.2913513183594,1.8371763229370117,432.5030517578125
1.2984251976013184,435.81103515625,1.3950437307357788,451.17840576171875
0.8462992310523987,534.8818969726562,0.903068482875824,470.3956298828125
0.1759055107831955,122.08661651611328,0.25401583313941956,94.44036102294922
0.19149605929851532,545.8897705078125,0.34232833981513977,487.14752197265625
1.6102361679077148,518.3700561523438,1.3901063203811646,532.4752807617188
0.28503936529159546,72.55117797851562,0.2381661981344223,70.57878112792969
1.2672441005706787,6.503936767578125,1.2036943435668945,-38.0162239074707
1.0333858728408813,551.3936767578125,1.2117928266525269,623.5059814453125
0.03559055179357529,375.26776123046875,0.39528384804725647,350.3077087402344
0.8774803280830383,39.527557373046875,0.8775991797447205,50.709835052490234
0.19149605929851532,562.4015502929688,0.46592870354652405,500.04583740234375
1.7037795782089233,562.4015502929688,1.604352355003357,525.5592041015625
1.516692876815796,248.6771697998047,1.434080719947815,311.4853820800781
1.15811026096344,512.8661499023438,1.0899227857589722,428.9855041503906
1.906456708908081,589.9212646484375,1.4387437105178833,628.7999267578125
1.7505512237548828,28.519685745239258,1.7070951461791992,21.758264541625977
1.6570079326629639,353.251953125,1.315536618232727,405.0154113769531
0.5968503952026367,314.7243957519531,0.6876108646392822,349.195556640625
0.05118110775947571,23.0157470703125,0.13237473368644714,1.545867919921875
1.594645619392395,424.80316162109375,1.3239766359329224,406.1559143066406
1.1892913579940796,606.4330444335938,1.1703455448150635,523.0730590820312
0.2538582682609558,468.8346862792969,0.4125523567199707,386.6485595703125
1.0333858728408813,149.60629272460938,1.329939603805542,131.04928588867188
0.7839370369911194,83.55905151367188,0.4781443178653717,158.56976318359375
0.1759055107831955,144.10235595703125,0.23957867920398712,131.52386474609375
1.501102328300476,573.409423828125,1.5096614360809326,580.188232421875
1.423149585723877,661.472412109375,1.6353607177734375,569.3018798828125
1.7505512237548828,573.409423828125,1.457423448562622,577.0860595703125
0.8307086825370789,567.905517578125,1.235939860343933,552.9780883789062
1.4387401342391968,617.44091796875,1.284510612487793,607.779296875
1.501102328300476,122.08661651611328,1.4506782293319702,133.61573791503906
0.14472442865371704,177.1259765625,0.34789928793907166,156.3107452392578
0.8307086825370789,72.55117797851562,0.6569135785102844,80.33245849609375
0.40976378321647644,83.55905151367188,0.38743987679481506,81.88478088378906
1.2516535520553589,650.4645385742188,1.381628155708313,599.5952758789062
1.3919684886932373,45.031494140625,1.0615315437316895,82.94810485839844
1.8752756118774414,677.9842529296875,1.5986069440841675,639.7467651367188
1.4543306827545166,353.251953125,1.3371219635009766,445.87213134765625
0.752755880355835,303.7165222167969,0.7696144580841064,295.4899597167969
0.7215747833251953,204.6456756591797,0.7026931047439575,191.24172973632812
0.36299213767051697,611.93701171875,0.6520903706550598,455.1375427246094
0.19149605929851532,534.8818969726562,0.3264331519603729,457.80926513671875
1.1892913579940796,490.85040283203125,1.080446481704712,527.079345703125
0.12913386523723602,639.4566650390625,0.012425146996974945,699.4483032226562
1.7661417722702026,534.8818969726562,1.427134394645691,553.2228393554688
0.9398425221443176,424.80316162109375,1.2100638151168823,383.608642578125
1.2828346490859985,331.2362060546875,1.2302629947662354,389.414306640625
0.6280314922332764,452.32281494140625,0.3317023813724518,642.2354736328125
0.34740158915519714,655.968505859375,0.3627084493637085,582.791259765625
1.3451968431472778,468.8346862792969,1.2103753089904785,554.3641967773438
0.3006299138069153,402.78741455078125,0.5990092158317566,354.8818054199219
1.236063003540039,12.00787353515625,1.3287248611450195,-23.87207794189453
0.113543301820755,155.1102294921875,0.23666436970233917,188.52142333984375
1.5634645223617554,633.9527587890625,1.9508510828018188,408.3471374511719
1.9376378059387207,232.16537475585938,1.8285636901855469,219.4042510986328
0.08236220479011536,34.02362060546875,0.10187263786792755,11.804823875427246
1.4387401342391968,138.59841918945312,1.5223028659820557,135.43490600585938
1.734960675239563,463.33074951171875,1.2185254096984863,564.4290161132812
0.5344882011413574,166.11810302734375,0.5506295561790466,190.09352111816406
1.9220472574234009,276.19683837890625,1.8586316108703613,458.1796875
0.12913386523723602,160.61416625976562,0.2826780378818512,91.58226776123047
1.9688189029693604,193.63780212402344,1.6780027151107788,190.8660888671875
0.6748031377792358,270.6929016113281,0.5070520043373108,370.24945068359375
0.2538582682609558,457.8267517089844,0.3542526364326477,509.947265625
0.9710236191749573,501.8582763671875,1.3875576257705688,423.65423583984375
0.659212589263916,182.62994384765625,0.4546535611152649,196.95538330078125
0.752755880355835,111.07874298095703,0.6267327070236206,147.45472717285156
1.9220472574234009,89.06298828125,1.5725575685501099,119.30574035644531
0.12913386523723602,518.3700561523438,0.3889444172382355,535.6432495117188
0.752755880355835,551.3936767578125,0.65083247423172,638.5667114257812
0.06677165627479553,435.81103515625,0.063117116689682,488.24725341796875
1.812913417816162,265.18896484375,1.428917646408081,337.2959289550781
1.236063003540039,595.4251708984375,1.2868705987930298,744.839111328125
2.0,562.4015502929688,1.490253210067749,642.197998046875
1.6725984811782837,166.11810302734375,1.770449161529541,198.7351531982422
1.2048819065093994,23.0157470703125,0.9633277654647827,100.96527862548828
1.3607873916625977,430.3070983886719,1.455772876739502,424.1993713378906
1.2204724550247192,485.3464660644531,1.3853737115859985,554.4583129882812
1.1425197124481201,380.77166748046875,1.2211867570877075,438.40557861328125
1.1425197124481201,622.9448852539062,1.239485502243042,507.7757263183594
0.7371653318405151,501.8582763671875,1.0352942943572998,519.9472045898438
0.40976378321647644,655.968505859375,0.40284964442253113,655.8553466796875
1.329606294631958,226.66140747070312,1.5450522899627686,198.40357971191406
0.659212589263916,232.16537475585938,0.9197865128517151,276.68402099609375
1.2516535520553589,496.3543395996094,1.3915683031082153,376.89947509765625
1.2516535520553589,320.22833251953125,1.1034560203552246,408.3089904785156
1.1892913579940796,39.527557373046875,0.9777805805206299,124.02377319335938
1.3919684886932373,402.78741455078125,1.4217379093170166,384.3042907714844
1.4387401342391968,694.4960327148438,1.7751779556274414,591.7197875976562
0.7059842348098755,116.58268737792969,0.7613915801048279,134.47076416015625
0.8774803280830383,567.905517578125,1.0272806882858276,585.7109375
1.2204724550247192,61.54330825805664,1.478918194770813,62.99338150024414
1.2516535520553589,644.9606323242188,1.2816405296325684,505.5111083984375
0.6748031377792358,133.094482421875,0.5377964973449707,182.92474365234375
1.7817323207855225,89.06298828125,1.8503649234771729,85.30641174316406
1.9220472574234009,589.9212646484375,1.893997311592102,475.6628112792969
0.8618897795677185,45.031494140625,0.7364276647567749,88.55162048339844
0.7839370369911194,193.63780212402344,0.8160576820373535,210.82192993164062
1.3763779401779175,171.62203979492188,1.0496796369552612,213.37078857421875
0.6124409437179565,226.66140747070312,0.6539172530174255,277.48760986328125
0.33181101083755493,94.56694030761719,0.33539608120918274,109.0669174194336
1.236063003540039,309.220458984375,1.708593726158142,309.94146728515625
1.6570079326629639,457.8267517089844,1.6390140056610107,427.47174072265625
1.9376378059387207,177.1259765625,1.4419283866882324,235.78916931152344
0.47212597727775574,314.7243957519531,0.5818368792533875,301.55145263671875
0.7371653318405151,226.66140747070312,0.6928889751434326,269.7734680175781
1.9532283544540405,193.63780212402344,1.7816349267959595,221.23477172851562
1.4075590372085571,72.55117797851562,0.7239894866943359,268.1366271972656
0.40976378321647644,694.4960327148438,0.7930476069450378,515.7182006835938
1.0022047758102417,281.7007751464844,0.9898875951766968,373.3441467285156
1.8752756118774414,94.56694030761719,1.5371824502944946,181.3614044189453
1.8908661603927612,155.1102294921875,1.4256694316864014,319.3548278808594
1.3451968431472778,551.3936767578125,1.6459636688232422,462.67608642578125
0.238267719745636,133.094482421875,0.42421889305114746,102.76582336425781
1.7817323207855225,94.56694030761719,1.291457176208496,161.5468292236328
1.8752756118774414,12.00787353515625,1.842800259590149,29.373199462890625
0.6903936862945557,369.7638244628906,0.6654883027076721,478.6776123046875
0.7839370369911194,584.4172973632812,1.0890578031539917,464.3304443359375
1.3451968431472778,688.9921264648438,1.058282494544983,712.75146484375
1.7817323207855225,210.1496124267578,1.620179295539856,218.19932556152344
1.3140157461166382,523.8740234375,1.730873942375183,534.587158203125
0.5656692981719971,78.05511474609375,0.4979025721549988,21.14101219177246
1.7505512237548828,512.8661499023438,1.449736475944519,567.125732421875
0.3006299138069153,298.21258544921875,0.4119298756122589,323.70068359375
0.7683464288711548,204.6456756591797,0.5842217206954956,278.70989990234375
1.2984251976013184,369.7638244628906,1.3997269868850708,430.6831970214844
1.2828346490859985,688.9921264648438,1.5708190202713013,553.385498046875
0.2538582682609558,523.8740234375,0.3156432509422302,376.7456359863281
0.5344882011413574,628.4487915039062,0.6910672187805176,656.6049194335938
1.4387401342391968,606.4330444335938,1.7464632987976074,539.033447265625
0.19149605929851532,215.65354919433594,0.1710052490234375,233.32763671875
0.815118134021759,28.519685745239258,0.9681921005249023,-28.65699005126953
0.2538582682609558,298.21258544921875,0.4145883321762085,220.72853088378906
1.3763779401779175,463.33074951171875,1.3737220764160156,481.6661682128906
0.7059842348098755,644.9606323242188,0.6937192678451538,565.030517578125
1.906456708908081,105.5748062133789,1.2011924982070923,221.51043701171875
0.7683464288711548,45.031494140625,0.6180983185768127,128.4287109375
1.2984251976013184,474.3385925292969,1.3740437030792236,443.18133544921875
1.906456708908081,507.3622131347656,2.011812925338745,484.8440246582031
0.3006299138069153,34.02362060546875,0.27496200799942017,57.35698699951172
1.0957480669021606,254.1811065673828,0.9950459599494934,302.86962890625
0.7215747833251953,419.2992248535156,0.9593098163604736,424.6711120605469
1.6570079326629639,507.3622131347656,1.3561359643936157,477.7037353515625
0.5656692981719971,611.93701171875,0.8805962204933167,599.5067138671875
1.6414172649383545,39.527557373046875,1.6474533081054688,9.819387435913086
0.019999999552965164,149.60629272460938,0.11074510216712952,136.21788024902344
1.3763779401779175,611.93701171875,1.5163013935089111,565.9618530273438
0.2538582682609558,589.9212646484375,0.4056873619556427,531.0189208984375
1.15811026096344,430.3070983886719,1.6315258741378784,339.2808532714844
1.2204724550247192,94.56694030761719,1.3105213642120361,63.815608978271484
1.236063003540039,611.93701171875,1.2301222085952759,554.009033203125
1.0801575183868408,298.21258544921875,1.2013864517211914,349.968017578125
1.8440945148468018,155.1102294921875,1.5513362884521484,240.81765747070312
0.03559055179357529,188.13388061523438,0.16747528314590454,205.25003051757812
1.5322834253311157,298.21258544921875,1.5639265775680542,358.2908935546875
0.8930708765983582,303.7165222167969,0.8003993630409241,425.9570007324219
1.9220472574234009,562.4015502929688,1.1754032373428345,625.9667358398438
1.812913417816162,617.44091796875,1.8934664726257324,619.6465454101562
1.6414172649383545,34.02362060546875,1.5096222162246704,72.5941162109375
0.28503936529159546,386.2756042480469,0.3671824634075165,508.6196594238281
1.9844094514846802,688.9921264648438,1.7124948501586914,668.4688720703125
1.5790550708770752,485.3464660644531,1.1774744987487793,541.7216186523438
1.6414172649383545,496.3543395996094,1.7294528484344482,358.61871337890625
0.7683464288711548,254.1811065673828,0.6513742208480835,335.99334716796875
0.6124409437179565,644.9606323242188,0.8581437468528748,489.79095458984375
1.1892913579940796,105.5748062133789,1.4991545677185059,42.689979553222656
0.3162204623222351,391.779541015625,0.39034706354141235,327.45782470703125
0.8930708765983582,155.1102294921875,0.9296982288360596,177.3987274169922
0.019999999552965164,155.1102294921875,0.24033388495445251,163.36778259277344
1.8440945148468018,111.07874298095703,1.7969616651535034,137.74441528320312
1.7661417722702026,298.21258544921875,1.571197271347046,456.07635498046875
1.3451968431472778,17.511810302734375,1.352901577949524,44.857269287109375
0.7371653318405151,215.65354919433594,0.7279766798019409,216.48550415039062
1.9220472574234009,490.85040283203125,1.4668102264404297,528.4957275390625
1.236063003540039,160.61416625976562,1.0938009023666382,268.9732360839844
0.34740158915519714,611.93701171875,0.38359707593917847,579.5150756835938
1.8596850633621216,408.2913513183594,1.5576376914978027,562.5687866210938
1.7505512237548828,342.24407958984375,2.095473289489746,319.033203125
1.5634645223617554,34.02362060546875,1.5297397375106812,56.56776428222656
0.47212597727775574,193.63780212402344,0.6994665265083313,121.70321655273438
0.47212597727775574,89.06298828125,0.375486820936203,127.06143188476562
0.8462992310523987,622.9448852539062,1.0374788045883179,641.1571655273438
0.5344882011413574,122.08661651611328,0.5858851671218872,132.68557739257812
1.4543306827545166,248.6771697998047,1.1865825653076172,317.72589111328125
0.20708660781383514,573.409423828125,0.5037000179290771,430.49932861328125
0.14472442865371704,600.9291381835938,0.05493871122598648,604.9971923828125
0.908661425113678,672.4802856445312,1.2904646396636963,574.2481079101562
0.40976378321647644,551.3936767578125,0.5456303358078003,516.9808349609375
0.4409448802471161,600.9291381835938,0.3068937361240387,585.2242431640625
0.7839370369911194,61.54330825805664,0.8216976523399353,36.35212326049805
1.9844094514846802,501.8582763671875,1.7864419221878052,468.0246887207031
1.7661417722702026,166.11810302734375,1.1504838466644287,401.3548889160156
1.3140157461166382,413.7952880859375,1.4851856231689453,475.9771423339844
0.12913386523723602,529.3779296875,0.0699523538351059,527.7777099609375
0.8462992310523987,210.1496124267578,0.9383185505867004,244.75559997558594
0.6124409437179565,578.9133911132812,0.3723428249359131,579.2338256835938
1.4543306827545166,309.220458984375,1.3596889972686768,340.03326416015625
1.2048819065093994,534.8818969726562,1.6352752447128296,501.4580993652344
0.752755880355835,298.21258544921875,0.7016164064407349,379.5546569824219
1.734960675239563,188.13388061523438,1.429550290107727,303.64923095703125
0.34740158915519714,589.9212646484375,0.2722756564617157,572.0842895507812
1.4543306827545166,430.3070983886719,1.523021936416626,508.07550048828125
0.20708660781383514,116.58268737792969,0.10555480420589447,168.51885986328125
1.6414172649383545,237.66929626464844,1.1881126165390015,429.44024658203125
0.05118110775947571,309.220458984375,0.0490480437874794,381.03961181640625
1.812913417816162,342.24407958984375,1.757115125656128,329.1790466308594
1.0957480669021606,611.93701171875,1.3582656383514404,564.4118041992188
1.017795443534851,298.21258544921875,1.4531726837158203,250.79872131347656
1.0957480669021606,314.7243957519531,0.8449238538742065,405.30413818359375
1.236063003540039,529.3779296875,1.1978156566619873,557.6640625
0.238267719745636,331.2362060546875,0.5361321568489075,252.65411376953125
0.28503936529159546,369.7638244628906,0.38447725772857666,480.613037109375
0.8930708765983582,584.4172973632812,1.029283046722412,564.5274047851562
1.9220472574234009,639.4566650390625,1.6215718984603882,533.1639404296875
1.423149585723877,677.9842529296875,1.6497923135757446,488.38580322265625
1.7973228693008423,507.3622131347656,1.9117351770401,515.9098510742188
0.20708660781383514,424.80316162109375,0.2832730710506439,525.929931640625
1.594645619392395,331.2362060546875,1.7265087366104126,282.44329833984375
0.9710236191749573,39.527557373046875,0.8182324171066284,90.39371490478516
0.48771652579307556,320.22833251953125,0.5793585777282715,389.31463623046875
1.8908661603927612,441.3149719238281,2.0903983116149902,492.0632019042969
0.9710236191749573,111.07874298095703,1.198781132698059,99.73213195800781
0.9554330706596375,639.4566650390625,1.129361867904663,515.424560546875
0.6280314922332764,259.6850280761719,0.5553456544876099,288.5652770996094
1.2204724550247192,496.3543395996094,1.4569977521896362,403.7388916015625
1.4855117797851562,309.220458984375,1.6550977230072021,279.84808349609375
1.3919684886932373,298.21258544921875,1.2717454433441162,324.0902404785156
0.5344882011413574,259.6850280761719,0.7223519086837769,254.39756774902344
0.5188976526260376,628.4487915039062,0.5224563479423523,606.6176147460938
1.1892913579940796,182.62994384765625,1.6239370107650757,196.31927490234375
1.4855117797851562,177.1259765625,1.5678433179855347,240.2733612060547
1.0957480669021606,188.13388061523438,1.2042778730392456,187.78814697265625
1.0333858728408813,259.6850280761719,0.8990238904953003,361.14996337890625
1.3607873916625977,72.55117797851562,1.4361155033111572,102.33106994628906
1.516692876815796,353.251953125,1.6869081258773804,288.4988708496094
0.659212589263916,193.63780212402344,0.6861745119094849,189.20584106445312
1.6725984811782837,644.9606323242188,1.6524449586868286,533.7731323242188
1.0022047758102417,309.220458984375,0.9717097282409668,404.4715881347656
1.3451968431472778,633.9527587890625,1.703290581703186,570.22705078125
0.6903936862945557,12.00787353515625,0.6545761823654175,-2.7662360668182373
1.6414172649383545,474.3385925292969,1.4885363578796387,468.51043701171875
1.594645619392395,419.2992248535156,1.776801586151123,456.9370422363281
0.8618897795677185,193.63780212402344,0.5626494884490967,278.24481201171875
2.0,287.2047119140625,1.5878605842590332,360.6416320800781
1.7661417722702026,391.779541015625,1.720434546470642,440.0125427246094
1.516692876815796,639.4566650390625,1.743849277496338,540.3178100585938
1.5322834253311157,479.842529296875,1.4751451015472412,444.3711242675781
0.40976378321647644,133.094482421875,0.4435660243034363,134.43411254882812
0.5812598466873169,468.8346862792969,0.6675094962120056,420.6779479980469
1.5790550708770752,226.66140747070312,1.196748971939087,325.1985778808594
0.3785826861858368,17.511810302734375,0.32643377780914307,32.01192855834961
1.6881890296936035,149.60629272460938,1.7349004745483398,73.65506744384766
1.906456708908081,237.66929626464844,1.4562190771102905,274.74078369140625
1.329606294631958,584.4172973632812,0.9284622669219971,580.349609375
0.4409448802471161,446.8188781738281,1.0280801057815552,257.81744384765625
0.9398425221443176,248.6771697998047,1.0613692998886108,333.0569152832031
1.6570079326629639,221.15748596191406,1.7608317136764526,175.2633514404297
0.5033071041107178,160.61416625976562,0.4565357565879822,180.8982696533203
1.5478739738464355,287.2047119140625,1.2159041166305542,417.04852294921875
1.0022047758102417,606.4330444335938,1.4469506740570068,471.5381774902344
1.2048819065093994,89.06298828125,1.2605407238006592,59.60870361328125
0.8307086825370789,144.10235595703125,0.7752324938774109,179.8285369873047
0.26944881677627563,490.85040283203125,0.4060600996017456,477.8913879394531
1.8908661603927612,457.8267517089844,1.7600408792495728,555.3135986328125
1.064566969871521,78.05511474609375,1.2918463945388794,89.86524963378906
0.19149605929851532,100.07086944580078,0.2006545513868332,115.97696685791016
1.0489764213562012,650.4645385742188,1.1981881856918335,502.98089599609375
0.5344882011413574,325.7322692871094,0.6052128076553345,276.4339599609375
0.28503936529159546,463.33074951171875,0.18265165388584137,510.4902648925781
1.7817323207855225,56.039371490478516,1.5359995365142822,80.34432983398438
1.734960675239563,446.8188781738281,1.284684181213379,555.3216552734375
1.2204724550247192,545.8897705078125,1.280928134918213,617.3099365234375
0.4565354287624359,353.251953125,0.4005835950374603,305.7851257324219
1.1269291639328003,298.21258544921875,0.9225512742996216,375.705810546875
0.9398425221443176,226.66140747070312,0.9002487659454346,242.1459197998047
1.3763779401779175,243.17323303222656,1.0767017602920532,412.8182678222656
0.48771652579307556,490.85040283203125,0.5063586831092834,526.47021484375
0.3785826861858368,556.8976440429688,0.4746066927909851,533.8137817382812
0.5812598466873169,474.3385925292969,0.8613027930259705,376.4755859375
1.064566969871521,336.7401428222656,0.8712034821510315,376.35101318359375
1.8752756118774414,45.031494140625,1.9360672235488892,63.18876647949219
1.3763779401779175,210.1496124267578,1.3081387281417847,252.3382568359375
0.7683464288711548,358.7558898925781,1.0052822828292847,291.6253967285156
0.5500787496566772,122.08661651611328,0.45753273367881775,143.54507446289062
0.9866141676902771,567.905517578125,1.573585033416748,447.8084411621094
1.7973228693008423,78.05511474609375,1.6311607360839844,250.9625244140625
1.9688189029693604,534.8818969726562,1.7182815074920654,598.0128784179688
1.0957480669021606,182.62994384765625,1.2248315811157227,134.92825317382812
1.0801575183868408,353.251953125,1.4862499237060547,244.3344268798828
0.26944881677627563,606.4330444335938,0.1742713749408722,519.2586059570312
1.4387401342391968,661.472412109375,1.458350658416748,599.6365356445312
1.7661417722702026,628.4487915039062,1.84181547164917,539.7213134765625
0.7059842348098755,408.2913513183594,0.7036244869232178,438.86138916015625
0.8462992310523987,523.8740234375,0.7261543273925781,439.4100646972656
0.7995275855064392,375.26776123046875,0.9632976055145264,501.8145446777344
1.7505512237548828,523.8740234375,1.587517261505127,613.5421142578125
1.4855117797851562,94.56694030761719,1.1620875597000122,162.55731201171875
0.08236220479011536,672.4802856445312,0.26205164194107056,513.566650390625
0.7683464288711548,188.13388061523438,1.0107555389404297,164.92822265625
0.7995275855064392,287.2047119140625,1.0276991128921509,213.3971405029297
1.1425197124481201,166.11810302734375,1.0668364763259888,229.56053161621094
0.9866141676902771,617.44091796875,1.213149070739746,544.6322021484375
0.5968503952026367,199.14173889160156,0.6519960165023804,171.60208129882812
1.734960675239563,149.60629272460938,1.1742812395095825,308.347900390625
0.34740158915519714,700.0,0.29971787333488464,697.2879638671875
0.34740158915519714,578.9133911132812,0.6061549782752991,442.48468017578125
1.2828346490859985,353.251953125,1.480625033378601,351.02691650390625
0.08236220479011536,490.85040283203125,-0.05209546163678169,616.5610961914062
1.7661417722702026,72.55117797851562,1.6725331544876099,107.30901336669922
0.4565354287624359,358.7558898925781,0.2745717763900757,452.26080322265625
1.2672441005706787,556.8976440429688,1.5268746614456177,477.3429870605469
1.4387401342391968,160.61416625976562,1.137897253036499,264.0271911621094
1.4855117797851562,474.3385925292969,1.0294381380081177,571.7652587890625
1.0022047758102417,254.1811065673828,0.5845966935157776,399.5400390625
0.47212597727775574,199.14173889160156,0.2612212598323822,246.56712341308594
1.3607873916625977,254.1811065673828,1.3167405128479004,340.7598876953125
1.236063003540039,353.251953125,1.1635230779647827,430.998046875
0.5344882011413574,666.9763793945312,0.7724534273147583,550.3815307617188
1.5478739738464355,419.2992248535156,1.4337679147720337,484.9450378417969
0.5812598466873169,463.33074951171875,0.7937031388282776,336.96636962890625
0.20708660781383514,34.02362060546875,0.3374558389186859,-7.581142425537109
0.33181101083755493,501.8582763671875,0.5413814187049866,425.7015380859375
1.1269291639328003,672.4802856445312,1.4600138664245605,620.8299560546875
1.15811026096344,144.10235595703125,1.0353929996490479,188.92941284179688
0.9866141676902771,12.00787353515625,0.8077220916748047,59.66026306152344
0.9554330706596375,666.9763793945312,1.5927515029907227,533.4461059570312
0.113543301820755,639.4566650390625,0.07612399756908417,593.7741088867188
1.1425197124481201,50.53543472290039,0.9311895370483398,67.41409301757812
0.3006299138069153,523.8740234375,0.28446611762046814,589.9902954101562
0.14472442865371704,512.8661499023438,0.3953358829021454,355.5600891113281
0.42535433173179626,144.10235595703125,0.38363996148109436,183.5516357421875
0.9866141676902771,210.1496124267578,1.3464231491088867,192.53111267089844
1.6414172649383545,391.779541015625,1.6814217567443848,425.6853332519531
1.8440945148468018,303.7165222167969,1.349848985671997,518.9955444335938
1.0489764213562012,600.9291381835938,0.939898669719696,616.8828125
1.1892913579940796,474.3385925292969,1.699225664138794,318.8175964355469
1.1269291639328003,556.8976440429688,1.1595520973205566,562.3976440429688
0.3162204623222351,364.2598876953125,0.2534189522266388,343.7375793457031
1.6102361679077148,342.24407958984375,1.181425929069519,450.084228515625
1.7817323207855225,364.2598876953125,1.4267877340316772,350.499755859375
0.16031496226787567,424.80316162109375,0.30517658591270447,394.790283203125
0.34740158915519714,353.251953125,0.6501505374908447,322.9065856933594
1.0801575183868408,666.9763793945312,1.189862847328186,542.4910888671875
1.3919684886932373,683.4881591796875,1.5134104490280151,601.98193359375
1.7037795782089233,545.8897705078125,1.569335699081421,500.8505554199219
1.812913417816162,589.9212646484375,1.5823215246200562,545.8358764648438
1.3607873916625977,336.7401428222656,1.3181555271148682,454.404052734375
0.6280314922332764,639.4566650390625,0.873875617980957,380.5416564941406
1.516692876815796,320.22833251953125,1.297591209411621,394.699951171875
1.6258267164230347,628.4487915039062,1.420756220817566,556.3119506835938
1.3140157461166382,320.22833251953125,1.4892499446868896,317.9154357910156
1.2828346490859985,56.039371490478516,1.4310766458511353,30.419315338134766
0.22267717123031616,226.66140747070312,0.12997587025165558,285.17742919921875
0.4565354287624359,496.3543395996094,0.5583644509315491,521.467041015625
1.906456708908081,325.7322692871094,1.7031657695770264,304.9540100097656
1.1892913579940796,435.81103515625,1.2085216045379639,510.88580322265625
1.8440945148468018,215.65354919433594,1.8244973421096802,220.40756225585938
0.6903936862945557,177.1259765625,0.517934262752533,225.12950134277344
0.5812598466873169,457.8267517089844,0.5504263043403625,616.4196166992188
0.908661425113678,325.7322692871094,1.0598269701004028,300.8788146972656
0.6903936862945557,144.10235595703125,0.8136576414108276,102.6335678100586
1.906456708908081,358.7558898925781,1.548939824104309,423.0093688964844
0.26944881677627563,298.21258544921875,0.28975793719291687,313.4920959472656
0.9554330706596375,276.19683837890625,1.332738995552063,271.9957275390625
0.12913386523723602,331.2362060546875,0.32108554244041443,329.71990966796875
0.7215747833251953,265.18896484375,1.1636444330215454,114.47950744628906
1.2672441005706787,463.33074951171875,0.8795480728149414,503.6402893066406
0.47212597727775574,430.3070983886719,0.8311572074890137,417.46343994140625
1.6414172649383545,386.2756042480469,1.131147861480713,462.487548828125
0.238267719745636,199.14173889160156,0.25535231828689575,185.7425079345703
0.14472442865371704,441.3149719238281,0.05697654187679291,484.6240234375
0.4565354287624359,347.7480163574219,0.529925525188446,404.4700927734375
1.3140157461166382,655.968505859375,1.0433675050735474,701.2892456054688
1.6881890296936035,309.220458984375,1.1270726919174194,388.28143310546875
1.5634645223617554,309.220458984375,1.677854299545288,321.3206481933594
0.9710236191749573,364.2598876953125,0.7447075843811035,379.445556640625
1.3451968431472778,694.4960327148438,1.588089108467102,546.0684204101562
0.7839370369911194,611.93701171875,1.1851067543029785,634.9231567382812
1.6414172649383545,479.842529296875,1.5573962926864624,557.61279296875
1.6414172649383545,655.968505859375,1.3740156888961792,543.5506591796875
0.34740158915519714,435.81103515625,0.29255369305610657,327.8630065917969
0.908661425113678,232.16537475585938,1.2141690254211426,182.8061065673828
0.5344882011413574,232.16537475585938,0.5071336627006531,231.0288543701172
0.752755880355835,573.409423828125,0.8095720410346985,409.3038635253906
0.6436220407485962,358.7558898925781,0.788915753364563,470.3945617675781
0.2538582682609558,556.8976440429688,0.29658740758895874,527.1787109375
1.7505512237548828,584.4172973632812,1.5650248527526855,453.40411376953125
1.4387401342391968,358.7558898925781,1.3133373260498047,377.3145446777344
0.238267719745636,617.44091796875,0.19921858608722687,520.7699584960938
0.5968503952026367,518.3700561523438,0.577731728553772,495.4762878417969
1.2672441005706787,193.63780212402344,1.0526134967803955,257.5987548828125
0.5344882011413574,589.9212646484375,0.48319047689437866,494.3071594238281
2.0,160.61416625976562,1.5109442472457886,240.9061737060547
0.42535433173179626,105.5748062133789,0.46208930015563965,87.456787109375
1.6725984811782837,633.9527587890625,1.3914378881454468,560.814697265625
1.9688189029693604,166.11810302734375,1.9729052782058716,106.84198760986328
1.5634645223617554,683.4881591796875,1.3554918766021729,448.69512939453125
0.7371653318405151,17.511810302734375,0.895790159702301,8.141853332519531
1.0022047758102417,677.9842529296875,1.3851255178451538,548.302001953125
1.4855117797851562,573.409423828125,1.5864208936691284,539.27197265625
0.08236220479011536,446.8188781738281,0.32355961203575134,383.26690673828125
1.0489764213562012,270.6929016113281,1.236785888671875,234.13958740234375
0.26944881677627563,199.14173889160156,0.13690659403800964,296.9790954589844
1.2516535520553589,375.26776123046875,1.2142536640167236,445.99713134765625
1.9220472574234009,666.9763793945312,1.6617826223373413,604.2278442382812
1.423149585723877,89.06298828125,1.2541476488113403,113.36019897460938
1.1269291639328003,507.3622131347656,1.4734348058700562,542.2288208007812
0.5188976526260376,67.0472412109375,0.3930990397930145,108.94217681884766
0.05118110775947571,265.18896484375,0.32068777084350586,259.1910095214844
1.3140157461166382,347.7480163574219,1.3552523851394653,530.2843017578125
1.4543306827545166,144.10235595703125,1.2373385429382324,181.83868408203125
1.0489764213562012,452.32281494140625,1.1471318006515503,468.1329040527344
1.8596850633621216,45.031494140625,1.881550669670105,93.46175384521484
1.2984251976013184,204.6456756591797,1.6643939018249512,119.5516586303711
1.9376378059387207,276.19683837890625,1.8109886646270752,307.45330810546875
1.4075590372085571,512.8661499023438,1.6157578229904175,542.208740234375
1.9220472574234009,199.14173889160156,1.918485403060913,234.25454711914062
0.019999999552965164,331.2362060546875,0.1986740380525589,424.0137939453125
1.1737008094787598,490.85040283203125,0.4844405949115753,650.7374877929688
1.7661417722702026,639.4566650390625,1.6168848276138306,680.5490112304688
0.6903936862945557,292.7086486816406,0.7440076470375061,317.9759216308594
0.7995275855064392,325.7322692871094,1.2013142108917236,272.4459228515625
1.329606294631958,89.06298828125,1.2518714666366577,132.65538024902344
1.4699212312698364,347.7480163574219,1.6370855569839478,429.37396240234375
0.6436220407485962,226.66140747070312,0.9284912943840027,194.26731872558594
0.36299213767051697,226.66140747070312,0.2087276428937912,248.31809997558594
1.7505512237548828,100.07086944580078,1.9684828519821167,62.702781677246094
0.33181101083755493,232.16537475585938,0.22902964055538177,311.4488220214844
0.08236220479011536,595.4251708984375,0.4861046373844147,366.5328369140625
1.0489764213562012,358.7558898925781,1.147793173789978,346.548583984375
0.8307086825370789,298.21258544921875,0.5983352661132812,317.7209167480469
1.2672441005706787,666.9763793945312,1.6146519184112549,497.8276062011719
1.594645619392395,397.2834777832031,1.5172427892684937,420.7962646484375
0.113543301820755,144.10235595703125,0.33300840854644775,113.95112609863281
0.8307086825370789,534.8818969726562,0.8599109053611755,510.5243225097656
0.8307086825370789,463.33074951171875,0.7901815176010132,521.6600341796875
0.6436220407485962,688.9921264648438,1.075627326965332,600.8305053710938
0.6124409437179565,375.26776123046875,0.29905253648757935,511.6316223144531
0.6124409437179565,56.039371490478516,0.5680976510047913,115.1088638305664
1.4543306827545166,199.14173889160156,1.5152771472930908,195.31851196289062
1.3451968431472778,155.1102294921875,1.699831485748291,101.77011108398438
1.5634645223617554,628.4487915039062,1.3877671957015991,490.5032653808594
1.5634645223617554,479.842529296875,1.3224866390228271,650.9027709960938
1.2828346490859985,534.8818969726562,1.3265653848648071,634.9425659179688
1.6881890296936035,320.22833251953125,1.641427755355835,317.9849548339844
1.7037795782089233,375.26776123046875,1.87181556224823,362.4669189453125
0.47212597727775574,171.62203979492188,0.6656134724617004,123.42683410644531
0.33181101083755493,325.7322692871094,0.3355676233768463,309.7970886230469
0.19149605929851532,639.4566650390625,0.4079195261001587,471.87969970703125
1.1425197124481201,314.7243957519531,0.9928539395332336,457.8503112792969
1.7193701267242432,507.3622131347656,1.7547857761383057,509.8251953125
1.9688189029693604,501.8582763671875,1.3252609968185425,651.7332153320312
0.815118134021759,67.0472412109375,0.6689051389694214,118.45197296142578
0.3162204623222351,133.094482421875,0.2216579169034958,134.7639923095703
0.28503936529159546,562.4015502929688,0.3159552812576294,396.1826171875
0.019999999552965164,281.7007751464844,0.16414740681648254,242.27992248535156
0.113543301820755,248.6771697998047,0.10733191668987274,291.34808349609375
0.3941732347011566,446.8188781738281,0.5694420337677002,376.61090087890625
1.7037795782089233,166.11810302734375,1.6091177463531494,190.48228454589844
0.48771652579307556,584.4172973632812,0.5601034760475159,585.9507446289062
1.236063003540039,111.07874298095703,1.3310235738754272,70.42878723144531
1.0333858728408813,617.44091796875,1.3996686935424805,512.4258422851562
1.329606294631958,419.2992248535156,1.5353999137878418,502.44561767578125
1.064566969871521,496.3543395996094,1.2014355659484863,534.7252807617188
0.16031496226787567,237.66929626464844,0.37125062942504883,205.57241821289062
0.3941732347011566,182.62994384765625,0.6539928913116455,100.46379089355469
1.1113386154174805,215.65354919433594,1.2092152833938599,295.6717224121094
0.09795275330543518,248.6771697998047,0.07185527682304382,323.47955322265625
0.48771652579307556,221.15748596191406,0.7575796842575073,154.15994262695312
0.33181101083755493,149.60629272460938,0.38991817831993103,152.231689453125
0.9866141676902771,56.039371490478516,0.9426512718200684,51.77030944824219
1.4543306827545166,578.9133911132812,2.00943922996521,546.1517944335938
1.3451968431472778,683.4881591796875,1.4972833395004272,568.0352783203125
1.7505512237548828,430.3070983886719,1.4002230167388916,575.8599243164062
1.5790550708770752,221.15748596191406,1.3400558233261108,314.5655822753906
1.501102328300476,369.7638244628906,1.5817524194717407,425.4761047363281
0.8930708765983582,639.4566650390625,1.1628855466842651,620.496337890625
1.4543306827545166,452.32281494140625,1.4021103382110596,430.6096496582031
1.828503966331482,540.3858032226562,1.7660925388336182,449.5643310546875
0.22267717123031616,331.2362060546875,0.5210281610488892,296.93609619140625
1.2516535520553589,177.1259765625,1.4436442852020264,248.47329711914062
0.26944881677627563,375.26776123046875,0.3556922674179077,424.490234375
0.3006299138069153,331.2362060546875,0.5809646248817444,285.33062744140625
0.9866141676902771,336.7401428222656,1.3888652324676514,368.8246765136719
1.0022047758102417,397.2834777832031,0.9016485214233398,582.7579345703125
1.0489764213562012,171.62203979492188,1.2016905546188354,216.0142822265625
1.9688189029693604,622.9448852539062,1.6228773593902588,606.8782958984375
0.05118110775947571,606.4330444335938,0.1749185174703598,558.2706298828125
1.3451968431472778,144.10235595703125,1.5258569717407227,81.5087661743164
1.594645619392395,347.7480163574219,1.5226221084594727,444.8263244628906
1.4387401342391968,210.1496124267578,1.2900986671447754,281.7109375
1.7661417722702026,144.10235595703125,1.821479082107544,232.49317932128906
0.019999999552965164,34.02362060546875,0.15106944739818573,-11.959259986877441
0.9710236191749573,490.85040283203125,1.1513592004776,463.7064514160156
1.4855117797851562,116.58268737792969,1.2119840383529663,230.4728240966797
1.0801575183868408,1.0,0.9976073503494263,33.528385162353516
0.4409448802471161,364.2598876953125,0.5319547653198242,337.82086181640625
0.7839370369911194,402.78741455078125,0.7386757135391235,583.689453125
1.7817323207855225,232.16537475585938,1.4594025611877441,356.21734619140625
1.734960675239563,540.3858032226562,1.733538031578064,525.146240234375
0.20708660781383514,562.4015502929688,0.3611541986465454,529.1697998046875
1.6570079326629639,248.6771697998047,1.0651549100875854,417.2652893066406
1.9532283544540405,430.3070983886719,1.620453953742981,559.7039184570312
1.4855117797851562,270.6929016113281,1.4275264739990234,251.66555786132812
1.8752756118774414,622.9448852539062,2.0326316356658936,580.579833984375
1.2516535520553589,380.77166748046875,1.2782597541809082,422.3787536621094
1.6725984811782837,50.53543472290039,1.39534330368042,112.75153350830078
1.8908661603927612,188.13388061523438,1.1235417127609253,412.07061767578125
1.7193701267242432,56.039371490478516,1.5765011310577393,103.40595245361328
0.42535433173179626,6.503936767578125,0.4222841262817383,15.371582984924316
0.6280314922332764,501.8582763671875,1.0483218431472778,503.14013671875
1.1737008094787598,243.17323303222656,1.3176757097244263,177.06297302246094
0.8307086825370789,166.11810302734375,0.8102355599403381,218.5697021484375
0.815118134021759,650.4645385742188,0.800936222076416,675.7071533203125
0.42535433173179626,342.24407958984375,0.5182400941848755,322.5816955566406
1.906456708908081,292.7086486816406,1.3686224222183228,470.7113342285156
0.5033071041107178,562.4015502929688,0.8944368362426758,461.4800720214844
0.9398425221443176,116.58268737792969,0.9500982165336609,191.93272399902344
1.2984251976013184,61.54330825805664,1.197473406791687,83.03157043457031
1.6570079326629639,518.3700561523438,1.5028754472732544,621.2017822265625
1.2048819065093994,391.779541015625,1.3617849349975586,390.47808837890625
0.4565354287624359,72.55117797851562,0.448966383934021,49.6948356628418
0.5344882011413574,89.06298828125,0.47248244285583496,119.01428985595703
0.113543301820755,413.7952880859375,0.16076169908046722,430.1031799316406
1.8752756118774414,336.7401428222656,1.9865429401397705,317.86444091796875
1.15811026096344,281.7007751464844,1.137150764465332,318.4881896972656
1.8596850633621216,215.65354919433594,1.8198431730270386,185.965087890625
0.40976378321647644,639.4566650390625,0.33859783411026,625.5133666992188
0.5968503952026367,402.78741455078125,0.8739629983901978,255.8013458251953
0.6124409437179565,138.59841918945312,0.48458728194236755,141.33154296875
1.5790550708770752,23.0157470703125,1.688059687614441,11.463618278503418
0.20708660781383514,595.4251708984375,0.18154780566692352,666.7361450195312
1.1425197124481201,298.21258544921875,1.124940037727356,286.6900329589844
2.0,397.2834777832031,1.4377233982086182,479.4797058105469
1.1892913579940796,320.22833251953125,1.2114300727844238,377.97650146484375
0.6124409437179565,650.4645385742188,1.2110600471496582,549.7560424804688
0.7059842348098755,100.07086944580078,0.9567496180534363,56.99846267700195
0.752755880355835,171.62203979492188,0.794184148311615,168.70777893066406
1.15811026096344,17.511810302734375,1.0965574979782104,39.81013107299805
1.017795443534851,237.66929626464844,1.2117488384246826,173.11927795410156
1.734960675239563,309.220458984375,1.8231183290481567,418.63006591796875
1.1737008094787598,529.3779296875,0.8962418437004089,514.524169921875
1.017795443534851,419.2992248535156,1.1653039455413818,431.0651550292969
0.28503936529159546,573.409423828125,0.29410168528556824,615.2149658203125
0.8774803280830383,149.60629272460938,0.7227234840393066,189.57830810546875
1.4075590372085571,474.3385925292969,1.555220127105713,516.4500732421875
0.48771652579307556,534.8818969726562,0.7272617220878601,577.7872314453125
0.12913386523723602,402.78741455078125,0.4595969617366791,326.0950622558594
0.47212597727775574,100.07086944580078,0.5387492179870605,93.68283081054688
1.9688189029693604,67.0472412109375,1.840641975402832,19.409448623657227
1.7037795782089233,435.81103515625,1.472873330116272,509.7250061035156
1.4699212312698364,61.54330825805664,1.4122625589370728,52.05494689941406
0.06677165627479553,204.6456756591797,0.18716979026794434,193.54759216308594
1.501102328300476,584.4172973632812,1.4222363233566284,559.6771240234375
1.7037795782089233,523.8740234375,1.6136058568954468,449.6615905761719
0.7059842348098755,463.33074951171875,0.6023959517478943,466.4707336425781
0.3785826861858368,688.9921264648438,0.7605728507041931,573.3811645507812
0.5188976526260376,133.094482421875,0.637941300868988,118.05868530273438
1.1892913579940796,221.15748596191406,1.2172049283981323,239.62387084960938
0.4565354287624359,380.77166748046875,0.7715775966644287,344.008056640625
0.6903936862945557,254.1811065673828,0.9894785284996033,178.3081512451172
1.0022047758102417,402.78741455078125,0.8527783155441284,553.4063110351562
0.19149605929851532,556.8976440429688,0.574313223361969,422.73406982421875
0.6903936862945557,545.8897705078125,0.761681318283081,525.2684326171875
1.0957480669021606,534.8818969726562,1.4835710525512695,605.8095703125
1.3919684886932373,413.7952880859375,1.2078264951705933,309.7010192871094
0.7215747833251953,485.3464660644531,0.9856058359146118,461.0789489746094
1.2828346490859985,325.7322692871094,1.2587178945541382,376.2533874511719
0.3006299138069153,221.15748596191406,0.24346525967121124,273.644287109375
0.06677165627479553,479.842529296875,0.04471335932612419,458.0137023925781
0.8307086825370789,578.9133911132812,0.8308696746826172,520.4595947265625
0.5188976526260376,232.16537475585938,0.5196031928062439,259.47088623046875
1.6414172649383545,149.60629272460938,1.5501176118850708,210.1878204345703
0.9554330706596375,331.2362060546875,1.2975269556045532,228.18922424316406
1.501102328300476,155.1102294921875,1.4557883739471436,193.7888641357422
0.5188976526260376,688.9921264648438,0.8085485696792603,656.6143798828125
0.40976378321647644,45.031494140625,0.37191301584243774,28.285715103149414
1.2204724550247192,468.8346862792969,1.396644115447998,453.7538757324219
0.40976378321647644,661.472412109375,0.7477487921714783,493.516845703125
0.238267719745636,94.56694030761719,0.4298017621040344,60.391387939453125
1.5322834253311157,644.9606323242188,1.8767914772033691,496.8777770996094
0.6748031377792358,683.4881591796875,1.085942268371582,496.6975402832031
0.22267717123031616,474.3385925292969,0.41970202326774597,432.0455627441406
1.8908661603927612,100.07086944580078,1.6208668947219849,100.22960662841797
0.7683464288711548,67.0472412109375,0.6574565172195435,120.62108612060547
0.752755880355835,661.472412109375,1.0650817155838013,501.51947021484375
0.5344882011413574,490.85040283203125,0.5644723176956177,532.4031372070312
1.7193701267242432,171.62203979492188,1.3832837343215942,192.64602661132812
0.4565354287624359,523.8740234375,0.88322913646698,508.2730712890625
0.6124409437179565,639.4566650390625,0.9887837767601013,588.94580078125
1.4387401342391968,573.409423828125,1.005932092666626,681.794677734375
0.3006299138069153,452.32281494140625,0.28542423248291016,505.4406433105469
0.36299213767051697,358.7558898925781,0.5685880184173584,321.6362609863281
0.5344882011413574,204.6456756591797,0.5133248567581177,222.34375
1.5634645223617554,314.7243957519531,1.2227146625518799,466.617431640625
0.3006299138069153,600.9291381835938,0.41987043619155884,501.7571105957031
0.19149605929851532,331.2362060546875,0.1303057223558426,375.4607238769531
0.6280314922332764,391.779541015625,0.5840575695037842,465.5331115722656
0.3785826861858368,446.8188781738281,0.5742758512496948,346.0876770019531
0.1759055107831955,380.77166748046875,0.14437773823738098,448.5451354980469
0.8618897795677185,529.3779296875,1.0484542846679688,525.4891967773438
0.3006299138069153,358.7558898925781,0.36377909779548645,280.2023620605469
0.6903936862945557,551.3936767578125,0.5663949847221375,572.1044921875
0.08236220479011536,413.7952880859375,0.11730827391147614,404.7181091308594
1.828503966331482,17.511810302734375,1.6849616765975952,4.953454971313477
1.329606294631958,182.62994384765625,1.5257385969161987,74.77208709716797
1.7661417722702026,441.3149719238281,1.2498236894607544,516.9080200195312
0.3941732347011566,655.968505859375,0.5530811548233032,564.778564453125
1.236063003540039,507.3622131347656,1.174025058746338,416.85211181640625
1.329606294631958,694.4960327148438,1.1457773447036743,684.3464965820312
1.0957480669021606,94.56694030761719,1.0010501146316528,149.67355346679688
0.12913386523723602,644.9606323242188,0.28394487500190735,555.0693969726562
0.26944881677627563,358.7558898925781,0.324083536863327,376.3699951171875
1.5478739738464355,611.93701171875,1.4553157091140747,456.8308410644531
0.7683464288711548,232.16537475585938,0.7166294455528259,271.93939208984375
1.5322834253311157,457.8267517089844,1.6603378057479858,361.2733459472656
1.7817323207855225,336.7401428222656,2.15741229057312,383.8725891113281
0.113543301820755,540.3858032226562,0.04227973148226738,584.89453125
1.2516535520553589,694.4960327148438,1.249022126197815,627.0985107421875
1.0957480669021606,353.251953125,1.4061150550842285,300.7226867675781
1.812913417816162,6.503936767578125,1.5976132154464722,47.107398986816406
0.19149605929851532,369.7638244628906,0.22267967462539673,319.5816650390625
0.08236220479011536,149.60629272460938,0.17499782145023346,159.41954040527344
1.9688189029693604,617.44091796875,1.7148679494857788,565.7274169921875
0.09795275330543518,347.7480163574219,0.24943213164806366,327.9236755371094
1.5478739738464355,408.2913513183594,1.5747895240783691,452.38970947265625
1.6725984811782837,287.2047119140625,1.8133057355880737,250.32186889648438
1.5322834253311157,23.0157470703125,1.7190672159194946,-37.547306060791016
0.4565354287624359,375.26776123046875,0.46693655848503113,363.3791809082031
0.05118110775947571,650.4645385742188,0.23522745072841644,634.172119140625
1.3919684886932373,61.54330825805664,1.7803539037704468,24.48898696899414
0.6903936862945557,661.472412109375,1.1140762567520142,578.8702392578125
0.4409448802471161,633.9527587890625,0.34496450424194336,599.6153564453125
0.9710236191749573,226.66140747070312,1.0326613187789917,152.6405487060547
0.8307086825370789,182.62994384765625,0.8661348223686218,225.03012084960938
1.236063003540039,336.7401428222656,1.4413962364196777,402.21893310546875
1.4543306827545166,358.7558898925781,1.0048706531524658,515.7921142578125
1.2984251976013184,468.8346862792969,1.8252781629562378,440.51007080078125
1.8596850633621216,100.07086944580078,1.9362188577651978,14.687777519226074
0.8618897795677185,237.66929626464844,0.6805524826049805,270.8741760253906
1.4387401342391968,677.9842529296875,1.5857160091400146,543.153076171875
1.4075590372085571,50.53543472290039,1.4880223274230957,45.601924896240234
0.48771652579307556,83.55905151367188,0.5440809726715088,44.59203338623047
1.6414172649383545,56.039371490478516,1.7652877569198608,41.177433013916016
0.48771652579307556,204.6456756591797,0.6432176232337952,228.5244598388672
1.7973228693008423,430.3070983886719,1.7078757286071777,520.142333984375
0.12913386523723602,364.2598876953125,0.364562064409256,298.8215026855469
1.5634645223617554,342.24407958984375,1.6690189838409424,378.2469177246094
0.7995275855064392,556.8976440429688,0.8567072153091431,534.7297973632812
0.16031496226787567,17.511810302734375,0.22511695325374603,25.753673553466797
1.4855117797851562,446.8188781738281,0.9204635620117188,577.2389526367188
1.9376378059387207,116.58268737792969,1.7427912950515747,161.99864196777344
1.7037795782089233,72.55117797851562,1.640965223312378,44.061866760253906
0.28503936529159546,474.3385925292969,0.6461600661277771,367.5436096191406
1.5322834253311157,534.8818969726562,1.176790714263916,609.7164916992188
0.5968503952026367,254.1811065673828,0.6676761507987976,293.913330078125
0.3162204623222351,336.7401428222656,0.6258576512336731,276.826171875
0.12913386523723602,149.60629272460938,0.26479479670524597,122.43177795410156
1.8440945148468018,490.85040283203125,1.9321120977401733,557.1951293945312
0.12913386523723602,232.16537475585938,0.1904580444097519,237.80369567871094
1.2984251976013184,265.18896484375,1.4906818866729736,239.34603881835938
1.0333858728408813,138.59841918945312,1.08302640914917,139.5757293701172
0.5033071041107178,325.7322692871094,0.3829382359981537,358.58984375
0.48771652579307556,353.251953125,0.5323715209960938,368.97186279296875
1.2984251976013184,628.4487915039062,1.4219847917556763,568.7720947265625
1.7505512237548828,226.66140747070312,1.6981662511825562,295.9662170410156
1.8596850633621216,265.18896484375,1.4086110591888428,441.2846374511719
0.8307086825370789,573.409423828125,1.1900525093078613,472.70477294921875
1.6102361679077148,276.19683837890625,1.3448944091796875,380.1708068847656
0.815118134021759,661.472412109375,1.421756625175476,533.04638671875
0.4409448802471161,661.472412109375,0.4285118281841278,651.7786865234375
0.33181101083755493,127.5905532836914,0.43322470784187317,104.99742889404297
1.7973228693008423,441.3149719238281,1.8295419216156006,372.8697814941406
1.5322834253311157,540.3858032226562,1.7466185092926025,560.5211791992188
0.7059842348098755,523.8740234375,0.8069440722465515,441.2592468261719
0.7683464288711548,292.7086486816406,0.6099197864532471,326.0702819824219
0.47212597727775574,628.4487915039062,0.4909042716026306,689.2815551757812
0.5656692981719971,628.4487915039062,0.6508411765098572,552.620361328125
0.3006299138069153,694.4960327148438,0.5357089638710022,514.4850463867188
0.815118134021759,309.220458984375,1.1270744800567627,241.17440795898438
1.594645619392395,452.32281494140625,1.8141649961471558,385.6171569824219
1.4855117797851562,397.2834777832031,1.287069320678711,428.1746520996094
1.4075590372085571,116.58268737792969,1.4577397108078003,110.59681701660156
0.752755880355835,496.3543395996094,0.7564260959625244,646.193603515625
1.3919684886932373,243.17323303222656,1.1792367696762085,356.35760498046875
1.0022047758102417,138.59841918945312,1.0903337001800537,102.14784240722656
1.6725984811782837,149.60629272460938,1.4482922554016113,121.69876861572266
0.238267719745636,628.4487915039062,0.6836182475090027,562.8519287109375
0.5812598466873169,78.05511474609375,0.5161412358283997,63.11598205566406
0.815118134021759,61.54330825805664,0.6901243329048157,128.29783630371094
0.20708660781383514,237.66929626464844,0.32418519258499146,206.79026794433594
1.329606294631958,386.2756042480469,1.1840769052505493,547.89697265625
0.8930708765983582,430.3070983886719,0.7262688875198364,662.9087524414062
0.6748031377792358,375.26776123046875,0.8227895498275757,519.9072265625
1.4543306827545166,298.21258544921875,1.5035420656204224,351.8656005859375
1.7505512237548828,386.2756042480469,1.7210341691970825,470.4980163574219
0.5968503952026367,23.0157470703125,0.7346590161323547,20.981897354125977
1.6725984811782837,534.8818969726562,1.3859632015228271,612.8116455078125
1.4387401342391968,540.3858032226562,1.5266977548599243,562.4959106445312
0.09795275330543518,138.59841918945312,0.22017422318458557,137.02670288085938
1.236063003540039,303.7165222167969,1.2720861434936523,372.0909729003906
1.3607873916625977,683.4881591796875,1.4507274627685547,523.3026733398438
1.6725984811782837,45.031494140625,1.6964383125305176,18.60281753540039
0.05118110775947571,380.77166748046875,0.5082991123199463,372.3341369628906
1.0957480669021606,144.10235595703125,0.958932638168335,183.31040954589844
1.329606294631958,303.7165222167969,1.283433198928833,276.2678527832031
0.47212597727775574,226.66140747070312,0.33581456542015076,254.900390625
0.3006299138069153,611.93701171875,0.41299161314964294,537.8695678710938
1.7037795782089233,78.05511474609375,1.71671462059021,77.609375
1.3919684886932373,424.80316162109375,1.6807178258895874,479.881591796875
1.2672441005706787,182.62994384765625,1.36593496799469,184.56759643554688
0.659212589263916,391.779541015625,0.8276411890983582,372.4070739746094
1.017795443534851,171.62203979492188,1.000470519065857,170.05508422851562
1.2048819065093994,463.33074951171875,1.2814419269561768,431.4438781738281
1.7037795782089233,441.3149719238281,1.7437876462936401,390.2841491699219
1.7505512237548828,639.4566650390625,1.8134161233901978,472.91162109375
1.4075590372085571,89.06298828125,1.380737066268921,142.69345092773438
0.7683464288711548,694.4960327148438,0.7422857284545898,612.7732543945312
1.1892913579940796,545.8897705078125,1.4817123413085938,505.4887390136719
1.4543306827545166,633.9527587890625,1.4298897981643677,604.413330078125
0.40976378321647644,276.19683837890625,0.9174084663391113,241.5758514404297
1.501102328300476,507.3622131347656,1.9392088651657104,360.5131530761719
0.7839370369911194,105.5748062133789,0.6522218585014343,159.2134246826172
1.8440945148468018,72.55117797851562,1.5802428722381592,78.76234436035156
1.5790550708770752,512.8661499023438,1.6328006982803345,413.2137145996094
0.6124409437179565,12.00787353515625,0.6494714021682739,2.350102663040161
1.3607873916625977,342.24407958984375,1.2033612728118896,362.93792724609375
0.8462992310523987,72.55117797851562,0.867070734500885,65.45582580566406
1.423149585723877,309.220458984375,1.3362168073654175,398.55975341796875
2.0,485.3464660644531,1.8050084114074707,529.8478393554688
0.19149605929851532,347.7480163574219,0.09066809713840485,377.7734680175781
1.2984251976013184,639.4566650390625,1.75642991065979,391.9796142578125
0.7059842348098755,694.4960327148438,0.7430525422096252,549.5018310546875
1.3451968431472778,12.00787353515625,1.2852636575698853,-15.065393447875977
0.5656692981719971,446.8188781738281,0.578372597694397,497.3424377441406
0.05118110775947571,127.5905532836914,0.03827104717493057,196.3965606689453
0.1759055107831955,545.8897705078125,0.4905683398246765,435.41387939453125
0.22267717123031616,545.8897705078125,0.27250877022743225,532.6862182617188
1.6570079326629639,281.7007751464844,1.5305976867675781,359.9627380371094
1.2048819065093994,6.503936767578125,1.3061587810516357,47.24530029296875
1.2672441005706787,529.3779296875,1.3874198198318481,484.1815490722656
1.734960675239563,700.0,1.5840187072753906,601.2658081054688
0.5500787496566772,199.14173889160156,0.6167277693748474,133.91168212890625
0.06677165627479553,496.3543395996094,0.4479880928993225,327.7547607421875
1.8596850633621216,694.4960327148438,1.2189550399780273,575.2075805664062
0.5500787496566772,496.3543395996094,0.9570437073707581,395.61602783203125
0.4409448802471161,254.1811065673828,0.7307880520820618,172.89247131347656
