target:h_c,target:sigma_k,predicted:h_c,predicted:sigma_k
0.34740158915519714,320.22833251953125,0.1741366684436798,356.9411315917969
0.8462992310523987,248.6771697998047,0.6591047644615173,263.67987060546875
0.40976378321647644,67.0472412109375,0.34818392992019653,52.02804183959961
1.594645619392395,281.7007751464844,1.5995330810546875,236.3753204345703
1.5790550708770752,127.5905532836914,1.9067635536193848,133.90533447265625
0.1759055107831955,644.9606323242188,0.669776439666748,625.58447265625
0.22267717123031616,573.409423828125,0.09041391313076019,607.0338134765625
1.8596850633621216,276.19683837890625,1.561089038848877,278.1689453125
1.3919684886932373,700.0,1.5721625089645386,620.090087890625
1.5790550708770752,320.22833251953125,1.7691882848739624,275.6058044433594
0.47212597727775574,435.81103515625,0.4730629026889801,498.5113220214844
1.1269291639328003,259.6850280761719,1.1521241664886475,296.40191650390625
1.6570079326629639,287.2047119140625,1.397731065750122,320.3774719238281
0.7059842348098755,688.9921264648438,1.00529146194458,569.063720703125
1.8752756118774414,78.05511474609375,1.9461591243743896,26.02824592590332
1.017795443534851,292.7086486816406,0.8983655571937561,263.7130126953125
1.329606294631958,336.7401428222656,1.2078864574432373,410.0458984375
0.659212589263916,1.0,0.7891376614570618,-5.459805011749268
1.1737008094787598,325.7322692871094,1.372244954109192,359.1048889160156
1.734960675239563,364.2598876953125,1.43500554561615,446.2327575683594
0.34740158915519714,655.968505859375,0.38276028633117676,547.9562377929688
0.8462992310523987,221.15748596191406,1.1310609579086304,150.934326171875
0.5968503952026367,606.4330444335938,0.9395833015441895,613.8088989257812
0.2538582682609558,39.527557373046875,0.3185458183288574,26.157155990600586
1.0489764213562012,600.9291381835938,1.2901827096939087,665.202880859375
0.48771652579307556,94.56694030761719,0.45157989859580994,118.84371948242188
0.05118110775947571,248.6771697998047,0.14616157114505768,334.43524169921875
0.22267717123031616,562.4015502929688,0.3682813346385956,532.4609375
1.6102361679077148,562.4015502929688,1.3509231805801392,608.248291015625
1.9844094514846802,452.32281494140625,1.707039475440979,471.3533630371094
0.7371653318405151,243.17323303222656,0.6913840770721436,304.7869873046875
0.5500787496566772,39.527557373046875,0.5265928506851196,48.85047912597656
0.5500787496566772,694.4960327148438,0.9719746112823486,560.767578125
0.28503936529159546,628.4487915039062,0.4021109640598297,558.9940795898438
1.4387401342391968,540.3858032226562,1.6310532093048096,553.4197998046875
0.3162204623222351,700.0,0.6368136405944824,551.0702514648438
1.7505512237548828,606.4330444335938,1.3179619312286377,632.4913330078125
0.659212589263916,61.54330825805664,0.6080840826034546,50.816322326660156
1.734960675239563,479.842529296875,1.7246596813201904,480.35845947265625
1.0957480669021606,100.07086944580078,0.9762173295021057,138.869873046875
0.03559055179357529,501.8582763671875,0.12058034539222717,480.44525146484375
1.0333858728408813,507.3622131347656,1.3945667743682861,384.33966064453125
1.1113386154174805,380.77166748046875,1.4240849018096924,363.161865234375
0.3006299138069153,545.8897705078125,0.2674083709716797,507.6806335449219
0.6748031377792358,672.4802856445312,0.8414329290390015,599.5247192382812
1.6881890296936035,540.3858032226562,1.7699538469314575,563.4486083984375
0.9242519736289978,584.4172973632812,1.2976574897766113,567.3065795898438
0.7995275855064392,661.472412109375,1.0005578994750977,486.8332824707031
1.4387401342391968,199.14173889160156,1.7158225774765015,174.1212921142578
0.8462992310523987,507.3622131347656,1.1644731760025024,449.8900146484375
1.15811026096344,556.8976440429688,1.1759860515594482,512.6353759765625
0.16031496226787567,265.18896484375,0.3260294497013092,232.69216918945312
0.8618897795677185,688.9921264648438,1.2041985988616943,623.2559814453125
0.7215747833251953,39.527557373046875,1.007535457611084,27.306821823120117
2.0,419.2992248535156,2.1083872318267822,474.5704650878906
0.5188976526260376,105.5748062133789,0.5660749077796936,110.181884765625
0.42535433173179626,611.93701171875,0.637358546257019,486.97198486328125
0.06677165627479553,287.2047119140625,0.2748631238937378,228.53146362304688
0.8307086825370789,622.9448852539062,0.9732815623283386,608.8104248046875
0.09795275330543518,34.02362060546875,0.036758486181497574,46.29486083984375
0.8307086825370789,369.7638244628906,0.7907959222793579,452.93292236328125
0.4565354287624359,122.08661651611328,0.5721505880355835,66.04317474365234
0.08236220479011536,628.4487915039062,0.4942496418952942,506.2612609863281
0.1759055107831955,386.2756042480469,0.29572486877441406,375.45556640625
0.48771652579307556,287.2047119140625,0.5488738417625427,269.0306701660156
0.16031496226787567,94.56694030761719,0.15303254127502441,67.36138916015625
1.906456708908081,314.7243957519531,1.4831105470657349,372.5928039550781
1.0957480669021606,490.85040283203125,1.2742769718170166,569.1360473632812
1.4699212312698364,402.78741455078125,1.2260106801986694,481.9800109863281
1.6414172649383545,270.6929016113281,1.749782681465149,285.6817932128906
1.8440945148468018,446.8188781738281,1.619118571281433,378.62432861328125
1.3919684886932373,237.66929626464844,1.201755166053772,234.49798583984375
0.6280314922332764,182.62994384765625,0.9485946297645569,82.76663208007812
1.2672441005706787,94.56694030761719,1.08176851272583,88.58055114746094
1.4543306827545166,666.9763793945312,1.243074893951416,635.1459350585938
0.8462992310523987,446.8188781738281,0.964715838432312,421.6062927246094
0.5344882011413574,193.63780212402344,0.6030527949333191,162.0203857421875
0.5968503952026367,144.10235595703125,0.45901185274124146,142.30267333984375
0.3785826861858368,353.251953125,0.2571481764316559,440.6950988769531
1.4075590372085571,700.0,1.444364309310913,643.6629028320312
1.7037795782089233,369.7638244628906,1.5721242427825928,453.03387451171875
0.9554330706596375,639.4566650390625,0.9583019614219666,535.260009765625
1.8440945148468018,584.4172973632812,1.8971574306488037,395.7528381347656
0.6280314922332764,116.58268737792969,0.5017378926277161,108.38406372070312
1.4075590372085571,694.4960327148438,1.1101832389831543,711.3350830078125
1.7817323207855225,397.2834777832031,1.9728989601135254,433.8435363769531
1.236063003540039,78.05511474609375,1.0501612424850464,91.80376434326172
0.20708660781383514,700.0,0.22859305143356323,638.2493286132812
0.7371653318405151,270.6929016113281,0.5101659893989563,415.93072509765625
0.019999999552965164,127.5905532836914,0.04381527379155159,154.52517700195312
1.4075590372085571,677.9842529296875,1.3507933616638184,609.1884155273438
0.7683464288711548,6.503936767578125,0.8626755475997925,-16.246856689453125
0.7995275855064392,457.8267517089844,0.9502967596054077,442.2854309082031
0.3785826861858368,199.14173889160156,0.4226393401622772,194.94935607910156
0.03559055179357529,419.2992248535156,0.019302140921354294,459.6365966796875
1.0022047758102417,468.8346862792969,1.324120283126831,455.34295654296875
0.34740158915519714,639.4566650390625,0.4585724472999573,484.5080871582031
1.594645619392395,512.8661499023438,1.4975875616073608,536.1915893554688
1.7193701267242432,364.2598876953125,1.2201416492462158,432.2955017089844
1.7973228693008423,551.3936767578125,1.9036439657211304,449.7826843261719
0.6903936862945557,237.66929626464844,0.9247218370437622,167.9855194091797
0.9710236191749573,606.4330444335938,1.394374966621399,492.6911926269531
1.6570079326629639,457.8267517089844,1.5073357820510864,456.5906066894531
0.7995275855064392,199.14173889160156,0.7739277482032776,202.2167510986328
1.8440945148468018,193.63780212402344,1.2878413200378418,466.9244384765625
0.4565354287624359,171.62203979492188,0.5075218081474304,189.61949157714844
0.3006299138069153,369.7638244628906,0.6196184158325195,264.819580078125
1.812913417816162,149.60629272460938,1.6207209825515747,200.80194091796875
1.812913417816162,28.519685745239258,1.3009095191955566,130.01905822753906
0.20708660781383514,369.7638244628906,0.34170129895210266,311.6092834472656
1.1892913579940796,666.9763793945312,1.4800853729248047,567.9010009765625
1.7817323207855225,507.3622131347656,2.0236358642578125,594.1588134765625
0.5033071041107178,644.9606323242188,0.3002096712589264,748.1949462890625
0.03559055179357529,600.9291381835938,0.3326203525066376,523.595458984375
0.113543301820755,160.61416625976562,0.22489741444587708,119.74093627929688
0.3162204623222351,17.511810302734375,0.2846090793609619,36.48545837402344
0.7059842348098755,144.10235595703125,0.5659193992614746,169.75120544433594
1.594645619392395,534.8818969726562,1.362397313117981,529.8062744140625
1.0489764213562012,309.220458984375,0.804449737071991,315.4570007324219
1.0333858728408813,490.85040283203125,1.2342102527618408,421.6260986328125
0.7215747833251953,474.3385925292969,0.8530967235565186,452.3067932128906
1.329606294631958,204.6456756591797,1.1822985410690308,319.2877502441406
0.08236220479011536,193.63780212402344,0.18441276252269745,178.30735778808594
0.48771652579307556,457.8267517089844,1.3149158954620361,181.41180419921875
1.2516535520553589,67.0472412109375,1.351990818977356,72.31713104248047
0.6280314922332764,666.9763793945312,1.0622210502624512,543.8472900390625
0.9866141676902771,138.59841918945312,0.9456460475921631,168.94253540039062
1.329606294631958,628.4487915039062,1.6851390600204468,551.8818359375
0.019999999552965164,644.9606323242188,0.09655208885669708,626.3480224609375
0.42535433173179626,193.63780212402344,0.4252791702747345,213.83836364746094
1.2672441005706787,100.07086944580078,1.3931602239608765,112.95160675048828
1.329606294631958,215.65354919433594,1.1266794204711914,219.7665252685547
1.4075590372085571,100.07086944580078,1.0010281801223755,275.7883605957031
0.8462992310523987,617.44091796875,0.950634777545929,518.501220703125
1.1113386154174805,655.968505859375,1.575186848640442,353.9288024902344
0.9242519736289978,105.5748062133789,0.8111189603805542,128.83883666992188
1.7505512237548828,325.7322692871094,1.9405711889266968,248.45655822753906
1.6570079326629639,518.3700561523438,1.6725692749023438,576.2227783203125
1.7037795782089233,325.7322692871094,1.7814277410507202,282.7891845703125
1.8440945148468018,188.13388061523438,1.7315062284469604,218.21142578125
0.48771652579307556,215.65354919433594,0.6436424255371094,140.56573486328125
0.03559055179357529,518.3700561523438,0.11617206037044525,494.9986877441406
1.828503966331482,182.62994384765625,1.485670804977417,273.85614013671875
0.752755880355835,419.2992248535156,1.0063520669937134,438.2845458984375
0.28503936529159546,204.6456756591797,0.5024277567863464,220.971923828125
1.734960675239563,700.0,1.760244369506836,563.18603515625
0.36299213767051697,254.1811065673828,0.40321919322013855,326.6684875488281
0.5188976526260376,358.7558898925781,0.825401782989502,277.8650207519531
0.3006299138069153,518.3700561523438,0.4688154458999634,495.6516418457031
0.9866141676902771,78.05511474609375,0.7709821462631226,147.5489044189453
1.5322834253311157,243.17323303222656,1.5339546203613281,348.34967041015625
1.4543306827545166,226.66140747070312,1.5323896408081055,237.4361114501953
1.3919684886932373,325.7322692871094,1.359284520149231,226.1605987548828
1.3763779401779175,204.6456756591797,1.1636337041854858,208.18289184570312
1.2516535520553589,501.8582763671875,1.4324030876159668,525.8222045898438
0.908661425113678,617.44091796875,0.7418873310089111,616.6441040039062
1.0333858728408813,116.58268737792969,0.8421187996864319,152.4736328125
1.6570079326629639,320.22833251953125,1.9373903274536133,350.2328186035156
0.7995275855064392,122.08661651611328,0.6890093684196472,164.83740234375
1.5634645223617554,23.0157470703125,1.3189935684204102,15.284029960632324
0.5812598466873169,391.779541015625,0.779761016368866,349.19610595703125
1.4387401342391968,567.905517578125,1.027851939201355,541.930419921875
0.4409448802471161,127.5905532836914,0.3438839018344879,148.57049560546875
1.9220472574234009,342.24407958984375,2.06966495513916,311.66986083984375
0.8618897795677185,375.26776123046875,1.2134406566619873,389.2821350097656
0.6903936862945557,375.26776123046875,0.8983035683631897,276.57598876953125
1.2048819065093994,606.4330444335938,1.4490588903427124,488.34375
1.4855117797851562,380.77166748046875,1.369357943534851,453.56390380859375
1.6258267164230347,595.4251708984375,1.4475067853927612,682.0571899414062
0.05118110775947571,474.3385925292969,0.05171991512179375,530.8276977539062
1.3919684886932373,452.32281494140625,1.4751356840133667,405.5978088378906
1.3763779401779175,347.7480163574219,1.4667900800704956,399.1294250488281
1.0957480669021606,534.8818969726562,1.6630396842956543,261.63482666015625
1.906456708908081,12.00787353515625,1.5712306499481201,26.09089469909668
1.6258267164230347,325.7322692871094,1.5307697057724,320.54833984375
0.8930708765983582,364.2598876953125,0.697610080242157,490.9826965332031
0.6903936862945557,281.7007751464844,0.47181087732315063,388.826416015625
1.6725984811782837,182.62994384765625,1.1031101942062378,406.0028991699219
0.7371653318405151,562.4015502929688,1.062831163406372,434.49365234375
0.40976378321647644,210.1496124267578,0.49445486068725586,164.9678955078125
0.3006299138069153,611.93701171875,0.25758612155914307,536.2235107421875
1.3140157461166382,639.4566650390625,1.5118423700332642,469.9012756347656
1.8908661603927612,474.3385925292969,2.1445016860961914,496.2648620605469
1.329606294631958,122.08661651611328,1.0429548025131226,222.73988342285156
0.5500787496566772,50.53543472290039,0.6170454025268555,47.63364028930664
0.908661425113678,226.66140747070312,0.7232829928398132,230.6291961669922
1.1269291639328003,661.472412109375,1.3098124265670776,511.1651916503906
0.3785826861858368,281.7007751464844,0.29032042622566223,282.3145751953125
0.19149605929851532,397.2834777832031,0.21129968762397766,404.99053955078125
1.0801575183868408,430.3070983886719,1.178736686706543,467.43255615234375
0.6436220407485962,320.22833251953125,0.5508861541748047,391.7821350097656
0.7215747833251953,391.779541015625,1.0194400548934937,327.2699890136719
1.9688189029693604,600.9291381835938,1.7072298526763916,531.689208984375
0.7371653318405151,468.8346862792969,0.8549071550369263,482.5401916503906
1.0801575183868408,259.6850280761719,1.396127462387085,261.608154296875
1.0333858728408813,375.26776123046875,0.8317115306854248,471.2843017578125
0.1759055107831955,633.9527587890625,0.3449108600616455,596.2662963867188
0.5968503952026367,160.61416625976562,0.54411780834198,140.39939880371094
0.908661425113678,1.0,0.9091665744781494,24.42526626586914
1.828503966331482,67.0472412109375,1.8316901922225952,75.96595001220703
0.3785826861858368,171.62203979492188,0.4754250645637512,128.25157165527344
0.815118134021759,45.031494140625,0.6248927116394043,104.01465606689453
1.4387401342391968,694.4960327148438,1.2526928186416626,707.654541015625
1.8908661603927612,78.05511474609375,1.929380178451538,87.97089385986328
0.8774803280830383,226.66140747070312,0.1819736510515213,468.2251281738281
0.8462992310523987,518.3700561523438,0.7365168929100037,507.54949951171875
1.7973228693008423,259.6850280761719,1.736512303352356,382.16058349609375
0.4409448802471161,270.6929016113281,0.4586141109466553,370.8631591796875
0.22267717123031616,182.62994384765625,0.06083909422159195,207.9028778076172
0.20708660781383514,457.8267517089844,0.23159341514110565,460.4241943359375
0.3941732347011566,320.22833251953125,0.3682103753089905,329.8072509765625
1.9688189029693604,56.039371490478516,1.779158115386963,37.19516372680664
1.2828346490859985,600.9291381835938,1.4268664121627808,590.0948486328125
1.906456708908081,578.9133911132812,1.7167046070098877,565.0528564453125
1.812913417816162,507.3622131347656,1.3701462745666504,592.3583984375
0.7215747833251953,138.59841918945312,0.9233366250991821,78.93057250976562
1.1113386154174805,193.63780212402344,0.9977161884307861,234.82908630371094
0.3162204623222351,89.06298828125,0.3852021396160126,83.02560424804688
1.4543306827545166,435.81103515625,1.4770821332931519,394.4443664550781
0.908661425113678,89.06298828125,0.9443733096122742,79.8905029296875
1.9220472574234009,375.26776123046875,1.4308151006698608,429.1962890625
0.2538582682609558,6.503936767578125,0.23373202979564667,-11.739428520202637
0.8774803280830383,243.17323303222656,0.8321584463119507,256.01605224609375
1.6102361679077148,127.5905532836914,1.32310950756073,151.38768005371094
0.8618897795677185,661.472412109375,0.956709086894989,618.6180419921875
1.594645619392395,6.503936767578125,1.3168189525604248,70.3968505859375
0.3941732347011566,628.4487915039062,0.30886292457580566,642.771728515625
1.017795443534851,116.58268737792969,0.8763899207115173,124.78475952148438
1.15811026096344,127.5905532836914,0.9889792799949646,163.29441833496094
0.1759055107831955,34.02362060546875,0.191783607006073,103.56678771972656
1.9376378059387207,463.33074951171875,1.943274974822998,426.9948425292969
1.5478739738464355,446.8188781738281,1.7129993438720703,536.5397338867188
1.329606294631958,402.78741455078125,1.499042272567749,272.3099060058594
1.9688189029693604,336.7401428222656,1.8391510248184204,477.6662292480469
0.6436220407485962,644.9606323242188,0.9972417950630188,531.126708984375
1.6102361679077148,12.00787353515625,1.2894150018692017,37.19512176513672
1.4075590372085571,149.60629272460938,1.594616413116455,151.59463500976562
0.26944881677627563,127.5905532836914,0.2272510975599289,146.8291473388672
1.734960675239563,589.9212646484375,1.7870041131973267,570.9940185546875
1.7817323207855225,83.55905151367188,1.6557191610336304,78.43842315673828
1.3451968431472778,78.05511474609375,1.2431375980377197,98.38921356201172
0.9866141676902771,397.2834777832031,1.3695597648620605,417.5057678222656
0.5344882011413574,1.0,0.6651293635368347,-5.430603981018066
1.9688189029693604,259.6850280761719,1.646589756011963,311.033935546875
1.329606294631958,221.15748596191406,1.6790437698364258,264.0387268066406
0.752755880355835,232.16537475585938,0.9753019213676453,265.9163818359375
1.017795443534851,650.4645385742188,1.4301987886428833,542.994873046875
0.48771652579307556,331.2362060546875,0.4775981903076172,399.14385986328125
1.2984251976013184,111.07874298095703,1.1002373695373535,145.3773651123047
0.9554330706596375,94.56694030761719,1.0843321084976196,104.14888000488281
1.812913417816162,353.251953125,1.517189621925354,537.7232055664062
0.7683464288711548,700.0,1.061324119567871,555.4000854492188
0.12913386523723602,507.3622131347656,0.28215041756629944,480.3564758300781
1.7661417722702026,34.02362060546875,1.908995270729065,18.78683090209961
1.1425197124481201,254.1811065673828,0.7075954079627991,405.4671936035156
0.47212597727775574,199.14173889160156,0.4157954156398773,225.645263671875
1.0489764213562012,650.4645385742188,1.2830363512039185,621.74560546875
1.3451968431472778,6.503936767578125,1.121993064880371,47.87540817260742
0.2538582682609558,468.8346862792969,0.32172366976737976,380.1934814453125
1.6725984811782837,512.8661499023438,1.3545671701431274,551.7774658203125
1.7973228693008423,265.18896484375,1.669640064239502,373.08465576171875
0.22267717123031616,402.78741455078125,0.5531585216522217,312.1416931152344
0.5188976526260376,331.2362060546875,0.5159435272216797,417.71484375
0.8930708765983582,287.2047119140625,0.761124849319458,313.3366394042969
1.9532283544540405,1.0,1.734952688217163,33.23916244506836
1.828503966331482,424.80316162109375,1.9167402982711792,393.8943176269531
1.3607873916625977,45.031494140625,1.5808219909667969,50.21706771850586
0.019999999552965164,1.0,-0.10270363092422485,113.85257720947266
0.8930708765983582,391.779541015625,1.0358664989471436,468.97705078125
1.2828346490859985,61.54330825805664,1.281995415687561,112.21389770507812
1.8908661603927612,34.02362060546875,1.902085304260254,52.07520294189453
1.9688189029693604,408.2913513183594,1.8159897327423096,514.5628662109375
1.0801575183868408,67.0472412109375,1.0446680784225464,66.7316665649414
1.6570079326629639,215.65354919433594,1.5195640325546265,251.24794006347656
0.05118110775947571,138.59841918945312,-0.029698394238948822,186.03726196289062
0.14472442865371704,589.9212646484375,0.02549361065030098,585.4943237304688
1.6570079326629639,435.81103515625,1.8848003149032593,465.6090393066406
0.14472442865371704,424.80316162109375,0.4668629765510559,343.6451110839844
0.6748031377792358,89.06298828125,0.5309684872627258,104.89662170410156
0.8774803280830383,413.7952880859375,0.6841380000114441,518.525390625
1.4387401342391968,193.63780212402344,1.6221873760223389,241.95565795898438
0.2538582682609558,683.4881591796875,0.6883549690246582,444.24285888671875
1.828503966331482,666.9763793945312,1.7604631185531616,596.9830322265625
1.2984251976013184,94.56694030761719,1.6860500574111938,31.82208824157715
0.8462992310523987,485.3464660644531,1.149346947669983,496.1620178222656
0.238267719745636,177.1259765625,0.2013409584760666,204.19606018066406
0.16031496226787567,545.8897705078125,0.20373187959194183,590.615234375
0.33181101083755493,166.11810302734375,0.23922432959079742,203.72488403320312
0.34740158915519714,611.93701171875,0.4000265896320343,588.3414916992188
0.2538582682609558,78.05511474609375,0.23425093293190002,87.50782775878906
1.1892913579940796,155.1102294921875,1.2852860689163208,183.08592224121094
1.4699212312698364,116.58268737792969,1.3690589666366577,165.01719665527344
1.7661417722702026,298.21258544921875,1.379193663597107,353.505615234375
1.5790550708770752,204.6456756591797,1.530864953994751,225.9902801513672
0.238267719745636,369.7638244628906,0.3701564073562622,430.1809387207031
1.2984251976013184,468.8346862792969,1.3519867658615112,374.2864074707031
0.03559055179357529,545.8897705078125,0.1714847981929779,563.5618896484375
0.8774803280830383,452.32281494140625,0.777601957321167,624.2234497070312
1.9688189029693604,672.4802856445312,1.808800458908081,611.5272216796875
0.238267719745636,573.409423828125,0.5019014477729797,375.17236328125
0.238267719745636,265.18896484375,0.16672025620937347,296.7088928222656
1.5478739738464355,540.3858032226562,1.2987616062164307,637.45947265625
1.0022047758102417,105.5748062133789,0.7919560670852661,105.9393310546875
1.7505512237548828,567.905517578125,1.3498953580856323,580.9771118164062
0.5188976526260376,650.4645385742188,0.5284801125526428,517.1736450195312
0.4409448802471161,265.18896484375,0.552746593952179,280.8128356933594
0.7683464288711548,655.968505859375,0.9730555415153503,609.8973999023438
0.9866141676902771,127.5905532836914,0.8999205231666565,116.01554107666016
1.3607873916625977,562.4015502929688,1.706615924835205,486.3349609375
0.6124409437179565,116.58268737792969,0.3956071436405182,159.56243896484375
0.6903936862945557,633.9527587890625,0.5024086236953735,530.6527099609375
0.26944881677627563,501.8582763671875,0.4308021068572998,466.8102722167969
0.42535433173179626,17.511810302734375,0.3642032742500305,1.3041810989379883
1.0801575183868408,61.54330825805664,1.0140290260314941,112.97245788574219
0.47212597727775574,155.1102294921875,0.4267852008342743,189.05776977539062
1.329606294631958,325.7322692871094,1.3801130056381226,360.02984619140625
1.2516535520553589,221.15748596191406,1.4988704919815063,239.8099365234375
1.6414172649383545,122.08661651611328,1.4291508197784424,117.53654479980469
1.734960675239563,386.2756042480469,1.3159708976745605,448.9917907714844
0.908661425113678,281.7007751464844,0.7164922952651978,374.3775329589844
0.06677165627479553,413.7952880859375,0.27450886368751526,393.3482360839844
1.0489764213562012,507.3622131347656,1.3763357400894165,549.8121337890625
0.3006299138069153,375.26776123046875,0.2682233452796936,460.5270690917969
1.7037795782089233,254.1811065673828,1.6069562435150146,211.9108428955078
1.6881890296936035,325.7322692871094,1.5323362350463867,450.5919494628906
0.19149605929851532,56.039371490478516,0.021428106352686882,52.62711715698242
1.0022047758102417,243.17323303222656,1.3849434852600098,272.5195617675781
0.5500787496566772,479.842529296875,0.7093929648399353,399.6513671875
1.4699212312698364,265.18896484375,1.4339373111724854,380.4272766113281
1.1425197124481201,452.32281494140625,1.654481291770935,549.5048828125
0.908661425113678,578.9133911132812,1.157141089439392,540.2769165039062
1.1113386154174805,336.7401428222656,1.0633251667022705,394.2220458984375
1.2672441005706787,391.779541015625,1.306171178817749,472.797607421875
1.064566969871521,463.33074951171875,1.2554646730422974,447.7558288574219
1.7193701267242432,672.4802856445312,1.8454267978668213,580.0953979492188
1.1113386154174805,683.4881591796875,1.1883292198181152,576.5698852539062
0.34740158915519714,248.6771697998047,0.38248664140701294,237.93991088867188
1.6570079326629639,424.80316162109375,1.5675551891326904,411.7546081542969
0.6436220407485962,72.55117797851562,0.5956496000289917,121.114990234375
0.34740158915519714,424.80316162109375,0.147824227809906,516.3753662109375
1.0801575183868408,34.02362060546875,1.2021790742874146,-13.551419258117676
1.3140157461166382,468.8346862792969,1.4060492515563965,556.4862670898438
0.8618897795677185,402.78741455078125,1.066360354423523,271.642578125
0.06677165627479553,474.3385925292969,0.16266100108623505,467.7148742675781
1.3451968431472778,100.07086944580078,1.594177007675171,108.44242858886719
1.7037795782089233,402.78741455078125,1.5030049085617065,520.5745239257812
0.908661425113678,138.59841918945312,0.6905200481414795,283.6454772949219
1.4543306827545166,204.6456756591797,1.693211555480957,151.38063049316406
0.8618897795677185,28.519685745239258,0.7620538473129272,112.28077697753906
1.4855117797851562,694.4960327148438,1.5711256265640259,492.73895263671875
0.19149605929851532,83.55905151367188,0.021727291867136955,121.21532440185547
0.6124409437179565,292.7086486816406,0.985002338886261,215.5731201171875
1.7037795782089233,50.53543472290039,1.5474073886871338,69.63823699951172
0.908661425113678,523.8740234375,0.9522640705108643,508.2452392578125
1.064566969871521,573.409423828125,1.3854639530181885,438.183349609375
0.5500787496566772,303.7165222167969,0.8728387951850891,275.7141418457031
0.5188976526260376,50.53543472290039,0.5289603471755981,63.22932434082031
0.3162204623222351,584.4172973632812,0.4538823366165161,514.0480346679688
1.9532283544540405,39.527557373046875,1.966683030128479,28.604122161865234
1.6881890296936035,56.039371490478516,1.9765446186065674,45.31018829345703
1.6881890296936035,375.26776123046875,1.3820250034332275,344.71484375
1.906456708908081,562.4015502929688,1.4968945980072021,606.2406005859375
1.329606294631958,424.80316162109375,1.7853387594223022,237.84750366210938
1.516692876815796,78.05511474609375,1.6609997749328613,23.164142608642578
0.5033071041107178,232.16537475585938,0.4689747989177704,254.2130584716797
0.09795275330543518,573.409423828125,0.30341780185699463,524.8527221679688
0.9554330706596375,171.62203979492188,0.8883374333381653,205.60809326171875
1.017795443534851,347.7480163574219,0.8207055330276489,356.22125244140625
0.16031496226787567,424.80316162109375,0.1910572499036789,402.5223693847656
1.5790550708770752,556.8976440429688,1.5127671957015991,494.3537292480469
0.34740158915519714,666.9763793945312,0.4831390082836151,600.0570068359375
0.8618897795677185,507.3622131347656,1.1161507368087769,435.73785400390625
0.113543301820755,265.18896484375,0.24581891298294067,275.9898986816406
1.501102328300476,72.55117797851562,1.2324029207229614,122.0826416015625
0.06677165627479553,600.9291381835938,0.048506494611501694,507.2188415527344
1.8908661603927612,402.78741455078125,1.6340510845184326,441.9706726074219
1.4387401342391968,419.2992248535156,1.2111331224441528,486.6231689453125
1.2516535520553589,435.81103515625,1.0979589223861694,468.71002197265625
0.9866141676902771,100.07086944580078,0.7214730978012085,191.7128448486328
1.812913417816162,402.78741455078125,1.5948542356491089,508.1888732910156
1.2672441005706787,463.33074951171875,1.1523996591567993,511.6688537597656
1.594645619392395,479.842529296875,1.413486361503601,612.029541015625
1.0957480669021606,265.18896484375,1.0897270441055298,367.363525390625
0.8462992310523987,34.02362060546875,0.791168749332428,27.422447204589844
1.734960675239563,215.65354919433594,1.408864974975586,292.86083984375
1.423149585723877,182.62994384765625,1.4092566967010498,226.3695831298828
1.828503966331482,639.4566650390625,1.6906712055206299,609.3472900390625
0.8462992310523987,556.8976440429688,1.0461452007293701,589.0735473632812
2.0,622.9448852539062,1.3815972805023193,628.9951171875
0.5656692981719971,611.93701171875,0.21557088196277618,745.6527709960938
1.7505512237548828,100.07086944580078,1.7762322425842285,60.6105842590332
0.3006299138069153,540.3858032226562,0.5420080423355103,396.47418212890625
0.6280314922332764,672.4802856445312,0.7652901411056519,451.6319885253906
0.5656692981719971,72.55117797851562,0.5873072743415833,75.97502136230469
1.8908661603927612,292.7086486816406,1.5183165073394775,433.7895812988281
1.906456708908081,413.7952880859375,1.75086510181427,446.20281982421875
1.9688189029693604,556.8976440429688,1.7875425815582275,678.4553833007812
0.4409448802471161,457.8267517089844,0.8130661249160767,431.53594970703125
1.9220472574234009,287.2047119140625,1.525162696838379,484.050537109375
1.6414172649383545,56.039371490478516,1.6482727527618408,66.405029296875
0.238267719745636,237.66929626464844,0.27493777871131897,187.22332763671875
0.5656692981719971,397.2834777832031,0.565485954284668,435.2572021484375
0.03559055179357529,133.094482421875,0.05041908472776413,131.50743103027344
0.113543301820755,45.031494140625,0.026414068415760994,81.61404418945312
0.06677165627479553,133.094482421875,0.08673989772796631,166.84228515625
0.019999999552965164,584.4172973632812,0.25169190764427185,408.50946044921875
0.2538582682609558,666.9763793945312,0.40353384613990784,470.86456298828125
1.5322834253311157,303.7165222167969,1.3079619407653809,365.8609313964844
0.9242519736289978,512.8661499023438,1.4737058877944946,534.5824584960938
0.26944881677627563,650.4645385742188,0.3918754458427429,652.48779296875
1.4387401342391968,584.4172973632812,1.6735044717788696,583.425048828125
0.6436220407485962,303.7165222167969,0.45753613114356995,266.583251953125
1.236063003540039,39.527557373046875,1.3150883913040161,-9.417049407958984
0.908661425113678,397.2834777832031,0.7479037046432495,481.4350891113281
0.6436220407485962,155.1102294921875,0.5697523951530457,122.34422302246094
1.017795443534851,215.65354919433594,1.304828405380249,194.36048889160156
0.5188976526260376,424.80316162109375,0.6200110912322998,382.1175842285156
0.08236220479011536,479.842529296875,0.21161603927612305,401.65679931640625
1.6414172649383545,358.7558898925781,1.0431932210922241,598.7547607421875
0.6280314922332764,61.54330825805664,0.5983288884162903,141.81166076660156
0.5188976526260376,595.4251708984375,0.42217788100242615,677.9686889648438
1.3607873916625977,177.1259765625,1.0036572217941284,225.5239715576172
1.0801575183868408,386.2756042480469,1.3365789651870728,464.4769592285156
1.7661417722702026,353.251953125,1.9543113708496094,324.5072937011719
0.36299213767051697,584.4172973632812,0.4655747413635254,519.769287109375
0.06677165627479553,67.0472412109375,0.07485082000494003,68.8393325805664
0.28503936529159546,595.4251708984375,0.2655825614929199,565.813720703125
1.3451968431472778,666.9763793945312,1.341130256652832,533.5213012695312
1.6102361679077148,573.409423828125,1.454878807067871,534.1980590820312
0.42535433173179626,567.905517578125,0.5622425675392151,639.9542846679688
0.48771652579307556,700.0,0.9922972917556763,460.6340637207031
1.906456708908081,23.0157470703125,1.6969895362854004,60.48481369018555
0.26944881677627563,122.08661651611328,0.3080044090747833,136.2552032470703
0.5344882011413574,424.80316162109375,0.40222784876823425,490.94744873046875
1.9220472574234009,617.44091796875,1.5253373384475708,577.2830810546875
1.2984251976013184,595.4251708984375,1.7155429124832153,592.066650390625
0.9398425221443176,512.8661499023438,1.409246563911438,510.33099365234375
1.1737008094787598,17.511810302734375,0.9117933511734009,50.33818054199219
0.40976378321647644,248.6771697998047,0.3367905914783478,314.34332275390625
0.815118134021759,56.039371490478516,0.5858750343322754,96.3165512084961
1.8908661603927612,639.4566650390625,1.6365597248077393,575.2080688476562
0.05118110775947571,545.8897705078125,0.2873844802379608,473.3749694824219
0.47212597727775574,545.8897705078125,0.48451709747314453,542.5511474609375
1.4387401342391968,50.53543472290039,1.487938404083252,0.13113456964492798
1.3763779401779175,248.6771697998047,1.492949366569519,323.36285400390625
0.7059842348098755,72.55117797851562,0.6814661622047424,26.292905807495117
0.8930708765983582,474.3385925292969,1.0899227857589722,454.6204528808594
0.238267719745636,45.031494140625,0.18123918771743774,31.320409774780273
0.8930708765983582,567.905517578125,1.396225094795227,560.232177734375
0.5500787496566772,700.0,0.5719639658927917,634.5414428710938
1.5478739738464355,12.00787353515625,1.5835843086242676,-9.260821342468262
0.6124409437179565,342.24407958984375,0.7678455114364624,322.5496826171875
0.9710236191749573,358.7558898925781,0.8146935105323792,482.5308532714844
0.5968503952026367,485.3464660644531,1.027100682258606,301.52679443359375
1.5790550708770752,100.07086944580078,1.4525904655456543,157.0284881591797
1.6102361679077148,254.1811065673828,1.8728294372558594,168.43936157226562
1.9688189029693604,589.9212646484375,1.3490217924118042,654.4273681640625
1.7193701267242432,452.32281494140625,1.9478195905685425,438.3982238769531
0.5656692981719971,567.905517578125,0.5372757911682129,489.0285339355469
1.6102361679077148,303.7165222167969,1.2667243480682373,375.11480712890625
0.3941732347011566,534.8818969726562,0.4759540557861328,474.9636535644531
0.2538582682609558,210.1496124267578,0.4105037450790405,191.71104431152344
1.812913417816162,111.07874298095703,1.422224521636963,310.4894714355469
1.6725984811782837,622.9448852539062,1.5634181499481201,564.2079467773438
0.19149605929851532,677.9842529296875,0.33944424986839294,620.895263671875
0.36299213767051697,485.3464660644531,0.7249646186828613,353.863037109375
1.064566969871521,133.094482421875,0.8791535496711731,153.4146728515625
0.6436220407485962,122.08661651611328,0.5340185761451721,144.9243927001953
1.329606294631958,17.511810302734375,1.2795498371124268,36.56245803833008
0.28503936529159546,501.8582763671875,0.22325089573860168,449.24017333984375
1.8440945148468018,331.2362060546875,1.6611974239349365,360.6585693359375
0.7371653318405151,281.7007751464844,0.9186698198318481,298.04412841796875
1.9688189029693604,700.0,1.8989537954330444,579.848388671875
1.3140157461166382,204.6456756591797,1.233780026435852,260.2545471191406
1.7505512237548828,694.4960327148438,1.334324598312378,578.4344482421875
1.0801575183868408,122.08661651611328,0.9450069665908813,190.69154357910156
0.238267719745636,226.66140747070312,0.339087575674057,190.08216857910156
1.516692876815796,138.59841918945312,1.4807125329971313,126.6146240234375
1.1113386154174805,479.842529296875,0.9360467195510864,519.2071533203125
1.4075590372085571,430.3070983886719,1.6417489051818848,491.6927795410156
1.8596850633621216,358.7558898925781,1.748714566230774,258.64208984375
0.34740158915519714,545.8897705078125,0.24635663628578186,585.7406005859375
0.6748031377792358,474.3385925292969,1.146416187286377,386.0587463378906
1.501102328300476,12.00787353515625,1.3761106729507446,20.888418197631836
1.6725984811782837,353.251953125,1.3880211114883423,456.6708984375
0.03559055179357529,380.77166748046875,0.3358570337295532,336.50830078125
1.6881890296936035,144.10235595703125,1.2198405265808105,302.1717529296875
1.329606294631958,292.7086486816406,1.2299082279205322,449.6033935546875
1.2828346490859985,617.44091796875,1.3325268030166626,483.55938720703125
1.9220472574234009,446.8188781738281,1.897493600845337,519.5512084960938
1.2672441005706787,540.3858032226562,1.4727259874343872,599.38330078125
1.064566969871521,210.1496124267578,0.9127857685089111,230.815673828125
1.6881890296936035,496.3543395996094,1.757421612739563,404.6382141113281
0.5656692981719971,573.409423828125,0.6652203798294067,559.3789672851562
1.812913417816162,336.7401428222656,1.583461880683899,517.965087890625
1.4855117797851562,644.9606323242188,1.4304122924804688,673.4262084960938
0.26944881677627563,556.8976440429688,0.3924264907836914,521.9813842773438
1.5790550708770752,545.8897705078125,1.9122776985168457,436.1109313964844
0.5812598466873169,452.32281494140625,1.0856062173843384,293.3889465332031
0.9866141676902771,600.9291381835938,1.3791850805282593,506.4855651855469
0.9242519736289978,28.519685745239258,0.933100163936615,32.678802490234375
1.8908661603927612,375.26776123046875,1.8335633277893066,433.83404541015625
1.6725984811782837,331.2362060546875,1.4333529472351074,386.18157958984375
1.329606294631958,358.7558898925781,1.6142988204956055,361.68402099609375
1.4075590372085571,105.5748062133789,0.927351176738739,157.32289123535156
1.6414172649383545,193.63780212402344,1.2612698078155518,283.8038330078125
0.8462992310523987,523.8740234375,1.0524342060089111,463.0599670410156
0.6280314922332764,83.55905151367188,0.5152584314346313,122.82453155517578
0.908661425113678,67.0472412109375,0.8696643114089966,42.93967819213867
0.20708660781383514,639.4566650390625,0.18134209513664246,595.1382446289062
0.752755880355835,452.32281494140625,0.6533154249191284,531.4246826171875
1.0801575183868408,160.61416625976562,0.899506151676178,173.91253662109375
0.20708660781383514,413.7952880859375,-0.0711621642112732,483.7821350097656
1.15811026096344,595.4251708984375,1.4002293348312378,530.8787841796875
1.3607873916625977,347.7480163574219,0.86316978931427,457.19927978515625
1.828503966331482,177.1259765625,1.2797762155532837,338.4671325683594
0.5500787496566772,232.16537475585938,0.8462979197502136,135.2090606689453
1.423149585723877,540.3858032226562,1.5887467861175537,382.1922302246094
1.594645619392395,17.511810302734375,1.983860731124878,-19.24148941040039
1.6725984811782837,490.85040283203125,1.798197865486145,498.50860595703125
1.1737008094787598,606.4330444335938,1.4487537145614624,560.5732421875
0.28503936529159546,122.08661651611328,0.43359991908073425,106.77587127685547
1.3140157461166382,254.1811065673828,1.7352325916290283,164.7348175048828
1.6258267164230347,408.2913513183594,1.7629156112670898,341.80950927734375
1.594645619392395,83.55905151367188,1.5235134363174438,122.89989471435547
0.9866141676902771,17.511810302734375,0.935059666633606,41.91897201538086
0.7995275855064392,78.05511474609375,0.5354173183441162,164.97213745117188
1.3607873916625977,188.13388061523438,1.6466294527053833,94.18976593017578
1.4855117797851562,523.8740234375,1.2734616994857788,493.1364440917969
0.26944881677627563,67.0472412109375,0.11273491382598877,103.0549545288086
0.6280314922332764,347.7480163574219,1.1509480476379395,255.79220581054688
0.22267717123031616,1.0,0.3095054030418396,-6.7418036460876465
1.329606294631958,342.24407958984375,1.5151253938674927,280.80816650390625
1.3763779401779175,622.9448852539062,1.6660875082015991,498.879150390625
1.4387401342391968,611.93701171875,1.6555479764938354,663.9463500976562
1.064566969871521,45.031494140625,0.9011547565460205,101.86864471435547
0.5033071041107178,199.14173889160156,0.6427415609359741,162.89971923828125
1.4543306827545166,463.33074951171875,1.4105138778686523,549.9447021484375
1.6725984811782837,67.0472412109375,1.7789143323898315,40.395301818847656
0.019999999552965164,34.02362060546875,0.04344331473112106,-54.08470153808594
1.017795443534851,199.14173889160156,0.5127661824226379,366.2764892578125
0.8307086825370789,100.07086944580078,0.6654672026634216,187.79327392578125
0.06677165627479553,155.1102294921875,0.13164475560188293,162.3388671875
1.6414172649383545,127.5905532836914,1.2601053714752197,202.45330810546875
1.9220472574234009,138.59841918945312,1.8702619075775146,93.19561767578125
1.064566969871521,595.4251708984375,1.1388063430786133,604.2362670898438
0.5344882011413574,490.85040283203125,0.6391724944114685,428.4670104980469
0.4409448802471161,215.65354919433594,0.2103326916694641,334.228271484375
0.2538582682609558,276.19683837890625,0.2757948040962219,311.6281433105469
0.4409448802471161,287.2047119140625,0.32472264766693115,307.6969299316406
1.3607873916625977,358.7558898925781,1.76325261592865,361.28460693359375
0.7683464288711548,12.00787353515625,0.795262336730957,4.338780403137207
0.752755880355835,446.8188781738281,0.5766810178756714,422.36944580078125
1.1892913579940796,94.56694030761719,0.9981443881988525,169.1607208251953
0.019999999552965164,292.7086486816406,0.22358199954032898,273.3338928222656
0.9710236191749573,424.80316162109375,1.3010973930358887,362.89215087890625
1.3919684886932373,556.8976440429688,1.4990885257720947,415.64227294921875
1.3607873916625977,457.8267517089844,1.448123574256897,394.3127746582031
1.5634645223617554,501.8582763671875,1.410340428352356,414.0071105957031
0.33181101083755493,446.8188781738281,0.29312941431999207,522.615966796875
1.8752756118774414,72.55117797851562,1.571800947189331,140.43045043945312
1.6102361679077148,700.0,1.6706346273422241,584.932373046875
1.6570079326629639,298.21258544921875,1.537312388420105,397.0309143066406
1.9220472574234009,50.53543472290039,1.573138952255249,208.23963928222656
1.236063003540039,56.039371490478516,1.3866448402404785,84.43917083740234
0.5968503952026367,67.0472412109375,0.4251195788383484,66.03104400634766
0.6748031377792358,133.094482421875,0.24091565608978271,321.3372802734375
0.3941732347011566,683.4881591796875,0.5057525038719177,518.9671020507812
0.2538582682609558,45.031494140625,0.1604209691286087,77.76254272460938
0.7059842348098755,578.9133911132812,0.9357977509498596,566.3951416015625
0.908661425113678,122.08661651611328,0.7293119430541992,253.03530883789062
0.5656692981719971,314.7243957519531,0.5273083448410034,372.1946716308594
0.5500787496566772,72.55117797851562,0.4974149465560913,65.47611999511719
0.34740158915519714,50.53543472290039,0.23951320350170135,72.58346557617188
0.4565354287624359,441.3149719238281,0.6104821562767029,396.5278015136719
0.3941732347011566,518.3700561523438,0.649608850479126,381.8243408203125
1.6102361679077148,28.519685745239258,1.6600123643875122,62.40802764892578
1.6881890296936035,12.00787353515625,1.6400984525680542,-19.68154525756836
1.1737008094787598,61.54330825805664,1.129311203956604,15.039007186889648
0.019999999552965164,160.61416625976562,0.13583452999591827,165.40545654296875
0.6280314922332764,133.094482421875,0.3997112512588501,189.01454162597656
1.0957480669021606,221.15748596191406,1.240952968597412,192.0865020751953
1.7661417722702026,512.8661499023438,1.6302751302719116,575.1930541992188
1.3919684886932373,644.9606323242188,1.400061845779419,617.5792846679688
1.8752756118774414,507.3622131347656,1.8256332874298096,458.8870544433594
0.3006299138069153,116.58268737792969,0.14338816702365875,175.58494567871094
1.828503966331482,584.4172973632812,1.8481261730194092,446.755859375
0.28503936529159546,1.0,0.22647951543331146,-13.744423866271973
1.0957480669021606,270.6929016113281,0.9656490683555603,308.20281982421875
1.1737008094787598,34.02362060546875,1.3609399795532227,-43.538692474365234
0.08236220479011536,155.1102294921875,0.09009948372840881,177.04107666015625
1.0957480669021606,210.1496124267578,1.2654093503952026,165.95648193359375
0.238267719745636,204.6456756591797,0.48786789178848267,157.20143127441406
0.815118134021759,232.16537475585938,0.6294283866882324,313.896728515625
1.6102361679077148,397.2834777832031,1.2326866388320923,430.08319091796875
0.22267717123031616,364.2598876953125,0.23578479886054993,356.748046875
0.7371653318405151,402.78741455078125,0.7672328948974609,334.0307922363281
0.7683464288711548,380.77166748046875,0.8973416090011597,457.2468566894531
0.2538582682609558,105.5748062133789,0.1806219071149826,133.066162109375
1.0022047758102417,446.8188781738281,1.2847750186920166,456.58038330078125
1.0022047758102417,595.4251708984375,0.916551411151886,647.0787353515625
1.7817323207855225,369.7638244628906,1.713136911392212,377.919921875
0.5812598466873169,644.9606323242188,0.6769903302192688,536.3343505859375
1.2048819065093994,28.519685745239258,1.0879684686660767,125.4688491821289
0.28503936529159546,243.17323303222656,0.35806602239608765,260.271240234375
1.0022047758102417,589.9212646484375,1.1327722072601318,495.3945007324219
1.3140157461166382,694.4960327148438,1.580344557762146,568.4010009765625
0.22267717123031616,39.527557373046875,0.33391427993774414,7.788951873779297
1.9688189029693604,457.8267517089844,1.6890583038330078,592.0381469726562
1.516692876815796,331.2362060546875,1.575356125831604,445.0821838378906
1.5322834253311157,204.6456756591797,1.3390768766403198,227.47467041015625
1.594645619392395,122.08661651611328,1.6230652332305908,116.3659896850586
1.3607873916625977,100.07086944580078,1.4309731721878052,109.53263092041016
0.5968503952026367,265.18896484375,0.5110766887664795,306.44293212890625
1.1737008094787598,215.65354919433594,1.3140428066253662,177.43299865722656
0.1759055107831955,254.1811065673828,0.09263652563095093,286.4970703125
0.7371653318405151,672.4802856445312,1.3418725728988647,485.7362365722656
1.7973228693008423,155.1102294921875,1.2898296117782593,310.8088073730469
0.8774803280830383,677.9842529296875,1.0705316066741943,562.63427734375
1.236063003540039,523.8740234375,1.2187693119049072,550.0304565429688
0.6124409437179565,149.60629272460938,0.4476534128189087,204.4532928466797
0.28503936529159546,672.4802856445312,0.2249584197998047,617.5166015625
0.12913386523723602,512.8661499023438,0.6254824995994568,320.6936340332031
1.423149585723877,386.2756042480469,1.486305594444275,436.160888671875
1.1113386154174805,419.2992248535156,1.3253620862960815,464.428955078125
0.26944881677627563,518.3700561523438,0.2487383484840393,596.6882934570312
1.5478739738464355,309.220458984375,1.4270726442337036,484.39678955078125
0.03559055179357529,386.2756042480469,0.14589835703372955,465.23626708984375
1.8440945148468018,408.2913513183594,1.8889615535736084,503.02789306640625
1.2048819065093994,600.9291381835938,1.1913691759109497,550.4306030273438
1.329606294631958,490.85040283203125,1.6367160081863403,501.9438171386719
1.236063003540039,89.06298828125,1.528001070022583,25.1743106842041
1.906456708908081,204.6456756591797,1.8890386819839478,266.0052185058594
0.28503936529159546,694.4960327148438,0.560504674911499,428.8470764160156
0.7371653318405151,441.3149719238281,1.0773913860321045,399.7903747558594
0.5500787496566772,270.6929016113281,0.42611438035964966,278.9281005859375
1.9532283544540405,551.3936767578125,1.628150463104248,526.6067504882812
0.05118110775947571,391.779541015625,0.2681973874568939,378.8243103027344
1.3607873916625977,402.78741455078125,0.9360893964767456,440.9862365722656
1.4699212312698364,199.14173889160156,1.4282053709030151,183.8766632080078
1.0333858728408813,562.4015502929688,0.9599733948707581,548.4397583007812
0.26944881677627563,100.07086944580078,0.24762873351573944,128.70553588867188
0.7059842348098755,353.251953125,0.47696495056152344,509.4000549316406
1.3140157461166382,446.8188781738281,1.3060672283172607,451.67596435546875
0.06677165627479553,160.61416625976562,0.08371990919113159,138.62351989746094
1.6258267164230347,12.00787353515625,1.779280662536621,52.32392120361328
1.2048819065093994,171.62203979492188,1.0136147737503052,146.3601837158203
0.8462992310523987,61.54330825805664,0.7680765986442566,128.98910522460938
1.6258267164230347,628.4487915039062,1.995558738708496,478.3267822265625
0.28503936529159546,287.2047119140625,0.4732513427734375,298.8872375488281
1.15811026096344,518.3700561523438,1.2468457221984863,462.90850830078125
1.7973228693008423,248.6771697998047,2.0890815258026123,182.77024841308594
0.752755880355835,380.77166748046875,0.9826817512512207,347.3048095703125
0.2538582682609558,133.094482421875,0.22827927768230438,171.6355438232422
1.5634645223617554,287.2047119140625,1.5599424839019775,311.5201110839844
0.8618897795677185,347.7480163574219,0.8849513530731201,399.2967224121094
0.5812598466873169,34.02362060546875,0.5977988243103027,11.942439079284668
1.6414172649383545,562.4015502929688,1.6807165145874023,588.4739379882812
1.7817323207855225,677.9842529296875,1.522297978401184,561.2617797851562
1.1892913579940796,204.6456756591797,0.8722959160804749,320.80755615234375
1.2828346490859985,320.22833251953125,1.4542163610458374,318.64764404296875
1.1737008094787598,133.094482421875,0.9832698702812195,138.69615173339844
1.0801575183868408,50.53543472290039,1.2773305177688599,45.492576599121094
1.828503966331482,83.55905151367188,1.8110476732254028,51.193111419677734
0.8930708765983582,226.66140747070312,1.0269886255264282,228.94947814941406
0.3162204623222351,67.0472412109375,0.3161092698574066,46.08063888549805
1.6570079326629639,1.0,1.5368244647979736,26.067609786987305
0.5968503952026367,116.58268737792969,0.674683153629303,125.4495620727539
0.7839370369911194,281.7007751464844,1.151491641998291,240.2188720703125
0.8774803280830383,204.6456756591797,0.8172985315322876,233.28890991210938
1.1425197124481201,287.2047119140625,0.8363279700279236,359.63751220703125
0.09795275330543518,556.8976440429688,0.04049202427268028,628.2377319335938
0.40976378321647644,628.4487915039062,0.5509719252586365,431.14495849609375
1.4387401342391968,446.8188781738281,0.7934743762016296,578.8786010742188
1.3763779401779175,474.3385925292969,1.4199011325836182,495.78143310546875
1.5322834253311157,232.16537475585938,1.8637666702270508,226.96087646484375
0.26944881677627563,287.2047119140625,0.2598575949668884,298.81915283203125
0.019999999552965164,485.3464660644531,0.18224529922008514,520.3433227539062
0.22267717123031616,171.62203979492188,0.17763276398181915,177.92713928222656
1.7817323207855225,166.11810302734375,1.302769422531128,304.3598327636719
0.8618897795677185,589.9212646484375,0.6033766269683838,626.7745361328125
1.2204724550247192,56.039371490478516,0.9159978032112122,126.8292236328125
0.47212597727775574,105.5748062133789,0.4606825113296509,92.41230773925781
0.019999999552965164,276.19683837890625,0.08607630431652069,335.24652099609375
0.09795275330543518,402.78741455078125,0.20664989948272705,380.2173156738281
0.9398425221443176,309.220458984375,0.9149028062820435,380.428955078125
1.2204724550247192,639.4566650390625,1.4436413049697876,476.71527099609375
1.236063003540039,177.1259765625,1.719982385635376,130.22496032714844
0.5812598466873169,309.220458984375,0.3399694859981537,353.5071716308594
0.9398425221443176,595.4251708984375,1.2858366966247559,619.0975952148438
1.9532283544540405,78.05511474609375,1.625649333000183,142.27801513671875
0.9398425221443176,28.519685745239258,1.103494644165039,-7.574131011962891
1.4699212312698364,61.54330825805664,1.494087815284729,46.50575256347656
0.908661425113678,375.26776123046875,1.0785256624221802,309.0364990234375
1.7037795782089233,408.2913513183594,1.746250033378601,520.4879150390625
0.8307086825370789,243.17323303222656,0.8290799260139465,253.44366455078125
0.19149605929851532,199.14173889160156,0.15307612717151642,219.59719848632812
0.019999999552965164,622.9448852539062,0.04673769325017929,614.1680297851562
1.0957480669021606,628.4487915039062,1.1772726774215698,512.3746337890625
0.9554330706596375,584.4172973632812,1.187861680984497,540.998291015625
0.238267719745636,210.1496124267578,0.36141836643218994,187.22796630859375
1.906456708908081,226.66140747070312,1.7278051376342773,192.2864227294922
0.3785826861858368,666.9763793945312,0.5554350018501282,572.3727416992188
1.1892913579940796,639.4566650390625,1.578516960144043,622.3074951171875
1.2672441005706787,606.4330444335938,1.3333210945129395,539.3294067382812
0.6748031377792358,39.527557373046875,0.7880719304084778,15.125226020812988
0.3006299138069153,523.8740234375,0.1845916211605072,498.35595703125
1.2984251976013184,611.93701171875,1.4582102298736572,513.5708618164062
0.7371653318405151,94.56694030761719,0.6230285167694092,110.2049789428711
0.22267717123031616,655.968505859375,0.4122416079044342,334.19525146484375
0.5188976526260376,507.3622131347656,0.5600540041923523,486.66754150390625
0.12913386523723602,700.0,0.438863068819046,532.6167602539062
1.3763779401779175,149.60629272460938,1.5241245031356812,123.33837890625
1.516692876815796,672.4802856445312,1.6092206239700317,635.7764282226562
1.5790550708770752,210.1496124267578,1.5059138536453247,203.2061767578125
0.12913386523723602,39.527557373046875,0.09949104487895966,23.492921829223633
0.1759055107831955,67.0472412109375,0.16730603575706482,59.98923110961914
1.9220472574234009,39.527557373046875,1.8298031091690063,66.33476257324219
1.7661417722702026,672.4802856445312,1.750805139541626,486.2094421386719
0.5968503952026367,177.1259765625,0.6533402800559998,146.01832580566406
1.8908661603927612,468.8346862792969,1.6785354614257812,495.8184814453125
1.2672441005706787,419.2992248535156,0.8193406462669373,605.7915649414062
0.2538582682609558,67.0472412109375,0.19863082468509674,56.4940185546875
1.1113386154174805,358.7558898925781,1.3515501022338867,324.7013244628906
1.906456708908081,369.7638244628906,1.6941022872924805,316.9431457519531
1.0333858728408813,556.8976440429688,1.2132643461227417,523.5114135742188
0.22267717123031616,353.251953125,0.4745643436908722,258.6413269042969
1.812913417816162,309.220458984375,1.6998803615570068,367.732421875
1.3763779401779175,34.02362060546875,1.2151681184768677,67.78258514404297
0.14472442865371704,375.26776123046875,0.3657415509223938,282.00341796875
0.8307086825370789,221.15748596191406,0.5786147117614746,349.69598388671875
0.8462992310523987,644.9606323242188,1.120835781097412,548.125244140625
1.8752756118774414,375.26776123046875,1.4299776554107666,575.4649658203125
1.9844094514846802,424.80316162109375,1.678985834121704,577.4127807617188
0.28503936529159546,380.77166748046875,0.158350870013237,543.0964965820312
0.48771652579307556,320.22833251953125,0.25512874126434326,349.104736328125
1.516692876815796,309.220458984375,1.6003923416137695,323.6321105957031
1.6258267164230347,435.81103515625,1.4998712539672852,430.4327392578125
0.6903936862945557,529.3779296875,1.1941568851470947,362.96026611328125
1.7505512237548828,666.9763793945312,1.768446445465088,637.400146484375
0.7059842348098755,441.3149719238281,0.7427341938018799,488.6772766113281
0.33181101083755493,600.9291381835938,0.5813989043235779,386.0052185058594
0.6124409437179565,595.4251708984375,0.5272678732872009,621.7767944335938
1.7973228693008423,661.472412109375,1.7320303916931152,583.2251586914062
2.0,111.07874298095703,1.7523384094238281,126.12512969970703
0.7059842348098755,677.9842529296875,0.8874717950820923,677.5487060546875
1.9844094514846802,347.7480163574219,2.152895212173462,403.0811767578125
0.3785826861858368,144.10235595703125,0.3570176362991333,130.69290161132812
1.4387401342391968,325.7322692871094,1.463552474975586,260.4452819824219
1.1269291639328003,518.3700561523438,1.183868408203125,574.310302734375
0.6124409437179565,556.8976440429688,0.8756158947944641,479.7998046875
1.7505512237548828,529.3779296875,1.9529541730880737,460.4901428222656
1.017795443534851,595.4251708984375,1.3906887769699097,605.9373779296875
0.22267717123031616,188.13388061523438,0.387026846408844,153.4181671142578
1.594645619392395,386.2756042480469,1.4217207431793213,440.7386779785156
0.47212597727775574,512.8661499023438,0.48252129554748535,561.2535400390625
1.0333858728408813,611.93701171875,1.2399636507034302,674.9091796875
0.7059842348098755,661.472412109375,0.7948808670043945,728.8383178710938
1.9220472574234009,441.3149719238281,1.9656519889831543,502.0188903808594
1.734960675239563,50.53543472290039,1.5543956756591797,120.14379119873047
1.906456708908081,424.80316162109375,1.7042540311813354,471.8128662109375
0.26944881677627563,281.7007751464844,0.20518644154071808,278.0317077636719
0.5344882011413574,402.78741455078125,0.7366496920585632,395.56982421875
1.236063003540039,551.3936767578125,1.5291757583618164,551.40966796875
1.4075590372085571,545.8897705078125,1.4695372581481934,535.2401733398438
0.9398425221443176,320.22833251953125,0.8601755499839783,364.439697265625
1.8752756118774414,83.55905151367188,1.6791791915893555,172.57107543945312
1.0333858728408813,144.10235595703125,1.2342333793640137,73.44003295898438
0.5500787496566772,28.519685745239258,0.5037456154823303,24.771625518798828
0.05118110775947571,287.2047119140625,-0.04303046688437462,355.8272705078125
1.017795443534851,507.3622131347656,0.8413010239601135,556.1929321289062
1.9688189029693604,666.9763793945312,1.7354931831359863,521.8952026367188
1.1737008094787598,149.60629272460938,1.07268488407135,157.54759216308594
1.2984251976013184,254.1811065673828,1.2241212129592896,381.5908203125
0.5344882011413574,50.53543472290039,0.24073956906795502,104.94906616210938
1.15811026096344,166.11810302734375,1.4355835914611816,141.43698120117188
1.2516535520553589,556.8976440429688,1.477245569229126,657.7322998046875
0.5968503952026367,199.14173889160156,0.6471201777458191,170.65675354003906
0.4565354287624359,6.503936767578125,0.5111410021781921,-6.571130752563477
1.6258267164230347,446.8188781738281,1.7975502014160156,400.8529052734375
1.594645619392395,67.0472412109375,1.4417263269424438,65.53941345214844
1.1425197124481201,265.18896484375,1.4800549745559692,121.83340454101562
0.9554330706596375,309.220458984375,0.9227650761604309,390.8457336425781
0.34740158915519714,573.409423828125,0.41668328642845154,505.44805908203125
1.329606294631958,485.3464660644531,1.4238656759262085,479.22515869140625
0.3941732347011566,611.93701171875,0.6514269709587097,459.6563720703125
0.6748031377792358,28.519685745239258,0.7302137017250061,56.524391174316406
0.6748031377792358,182.62994384765625,0.6921845078468323,146.3334197998047
1.9688189029693604,573.409423828125,1.7981791496276855,616.6466064453125
0.752755880355835,655.968505859375,1.0029280185699463,518.664306640625
1.329606294631958,655.968505859375,1.3827693462371826,503.607666015625
1.9844094514846802,655.968505859375,1.164050817489624,794.3473510742188
0.12913386523723602,551.3936767578125,0.5764846205711365,476.8433532714844
0.9866141676902771,204.6456756591797,0.9886306524276733,180.2429656982422
0.8774803280830383,61.54330825805664,0.6791732311248779,116.05108642578125
1.9844094514846802,122.08661651611328,1.7181271314620972,134.94139099121094
1.1425197124481201,386.2756042480469,1.2481539249420166,322.1420593261719
1.6414172649383545,402.78741455078125,1.8907290697097778,379.8929138183594
1.0022047758102417,259.6850280761719,0.6799322366714478,392.8046875
1.5478739738464355,325.7322692871094,1.5082616806030273,430.88134765625
0.8774803280830383,507.3622131347656,0.9776293039321899,506.71942138671875
1.5478739738464355,551.3936767578125,1.1854526996612549,620.02880859375
0.8307086825370789,523.8740234375,0.7924536466598511,523.0971069335938
1.1425197124481201,342.24407958984375,1.1886972188949585,514.9700927734375
1.2048819065093994,391.779541015625,1.0897071361541748,467.1819152832031
1.5634645223617554,171.62203979492188,1.2357585430145264,212.6369171142578
1.2048819065093994,309.220458984375,0.9310793280601501,381.0898132324219
0.9398425221443176,529.3779296875,1.3439345359802246,440.8675842285156
1.6414172649383545,644.9606323242188,1.7616658210754395,534.6808471679688
0.659212589263916,584.4172973632812,0.6359214186668396,494.505859375
0.9242519736289978,39.527557373046875,0.7781333327293396,89.66716766357422
1.734960675239563,347.7480163574219,1.4545170068740845,284.38336181640625
1.6414172649383545,188.13388061523438,1.721690058708191,182.92605590820312
0.752755880355835,193.63780212402344,0.6948064565658569,152.50335693359375
1.7661417722702026,215.65354919433594,1.8599604368209839,132.27760314941406
1.423149585723877,215.65354919433594,1.4502267837524414,139.27679443359375
1.2516535520553589,490.85040283203125,1.0342053174972534,641.1318969726562
1.0489764213562012,138.59841918945312,1.301336646080017,98.39044189453125
1.1425197124481201,611.93701171875,1.2437009811401367,568.032470703125
0.6280314922332764,567.905517578125,0.6261642575263977,511.2286376953125
0.36299213767051697,419.2992248535156,0.5568281412124634,314.3003845214844
1.064566969871521,529.3779296875,1.2040008306503296,491.351318359375
0.7371653318405151,369.7638244628906,0.8549167513847351,407.83245849609375
0.47212597727775574,111.07874298095703,0.1518188863992691,224.5095977783203
0.3006299138069153,149.60629272460938,0.25601497292518616,162.1708221435547
0.40976378321647644,138.59841918945312,0.3924122750759125,162.16160583496094
1.501102328300476,578.9133911132812,1.2451211214065552,677.1654663085938
0.8618897795677185,155.1102294921875,0.5884690284729004,197.25390625
0.6124409437179565,672.4802856445312,1.0663974285125732,603.4683227539062
0.42535433173179626,490.85040283203125,0.3690672218799591,524.1594848632812
1.3763779401779175,298.21258544921875,1.5567317008972168,199.88687133789062
1.2048819065093994,226.66140747070312,1.1444039344787598,194.68800354003906
0.03559055179357529,177.1259765625,0.24152441322803497,178.4436798095703
0.08236220479011536,617.44091796875,0.12096434831619263,545.1809692382812
0.9710236191749573,199.14173889160156,1.0032140016555786,182.443603515625
0.40976378321647644,485.3464660644531,0.4053725004196167,552.868896484375
1.3919684886932373,28.519685745239258,1.5967917442321777,12.525413513183594
0.47212597727775574,573.409423828125,0.37851613759994507,552.4757080078125
0.5033071041107178,567.905517578125,0.298392653465271,626.6324462890625
1.6102361679077148,78.05511474609375,1.5354315042495728,77.0692138671875
0.14472442865371704,430.3070983886719,0.34476545453071594,400.95391845703125
0.7059842348098755,281.7007751464844,1.0721672773361206,261.1595153808594
1.5790550708770752,402.78741455078125,1.563094973564148,384.2325134277344
1.501102328300476,512.8661499023438,1.4804598093032837,483.3297424316406
0.5188976526260376,408.2913513183594,0.41432610154151917,450.2774658203125
1.8908661603927612,105.5748062133789,1.65304434299469,240.53555297851562
0.2538582682609558,463.33074951171875,0.04984663426876068,565.9674682617188
0.28503936529159546,144.10235595703125,0.5108619928359985,74.36674499511719
1.017795443534851,688.9921264648438,0.8353766202926636,727.4520874023438
1.3919684886932373,276.19683837890625,1.7232025861740112,235.62933349609375
0.5812598466873169,226.66140747070312,0.4995064437389374,258.2837219238281
0.8462992310523987,83.55905151367188,0.6682624816894531,129.31219482421875
1.423149585723877,358.7558898925781,1.9655892848968506,370.41021728515625
0.20708660781383514,523.8740234375,0.2796039879322052,496.3528137207031
1.9220472574234009,155.1102294921875,1.7514450550079346,224.50025939941406
0.03559055179357529,254.1811065673828,0.11986276507377625,279.360107421875
1.2516535520553589,281.7007751464844,0.725650429725647,433.20782470703125
1.0957480669021606,595.4251708984375,1.348002552986145,602.4218139648438
0.6124409437179565,276.19683837890625,0.4089653193950653,370.39605712890625
1.2048819065093994,529.3779296875,1.7640538215637207,525.03564453125
0.33181101083755493,424.80316162109375,0.4134525656700134,440.23675537109375
0.238267719745636,424.80316162109375,0.3212152421474457,394.77325439453125
1.4699212312698364,622.9448852539062,1.6578634977340698,560.6805419921875
0.6124409437179565,606.4330444335938,0.8777888417243958,599.5007934570312
0.6280314922332764,655.968505859375,0.5017344355583191,623.3222045898438
0.05118110775947571,468.8346862792969,0.1074519157409668,401.5852966308594
0.6280314922332764,633.9527587890625,0.6700944900512695,560.9617309570312
0.40976378321647644,430.3070983886719,0.7067567110061646,373.992919921875
1.0333858728408813,160.61416625976562,0.880494236946106,156.9314727783203
0.7683464288711548,105.5748062133789,0.7554118037223816,71.35082244873047
1.9688189029693604,523.8740234375,1.7300467491149902,485.2858581542969
0.12913386523723602,248.6771697998047,0.07251651585102081,234.59140014648438
0.4565354287624359,446.8188781738281,0.5547462701797485,419.4139099121094
0.3162204623222351,655.968505859375,0.5127426385879517,559.2830200195312
1.4075590372085571,688.9921264648438,1.698124647140503,561.7159423828125
1.4543306827545166,292.7086486816406,1.5939483642578125,281.9231262207031
0.9710236191749573,507.3622131347656,1.648963451385498,496.1825256347656
1.9688189029693604,534.8818969726562,1.8408608436584473,566.0858764648438
1.6725984811782837,166.11810302734375,1.2359334230422974,237.4437713623047
0.1759055107831955,595.4251708984375,0.4478726089000702,642.9022827148438
0.7215747833251953,166.11810302734375,0.8747968077659607,133.2760009765625
1.1113386154174805,292.7086486816406,1.7072267532348633,188.32992553710938
0.3785826861858368,342.24407958984375,0.4394964575767517,317.0804748535156
1.2204724550247192,474.3385925292969,1.4725500345230103,471.2777404785156
0.05118110775947571,331.2362060546875,0.26634061336517334,287.3179016113281
1.9844094514846802,237.66929626464844,1.7502061128616333,384.7193908691406
0.659212589263916,6.503936767578125,0.8586004972457886,-53.5014762878418
0.908661425113678,606.4330444335938,1.17556893825531,533.7084350585938
1.6102361679077148,265.18896484375,1.2506647109985352,288.6361083984375
0.09795275330543518,353.251953125,0.19919666647911072,377.7033996582031
1.734960675239563,298.21258544921875,1.4252331256866455,385.8860168457031
0.33181101083755493,562.4015502929688,0.4673900604248047,531.3197021484375
1.1737008094787598,160.61416625976562,1.0469017028808594,171.83277893066406
1.906456708908081,540.3858032226562,1.77614426612854,451.2503662109375
0.16031496226787567,342.24407958984375,0.45787447690963745,280.3597412109375
1.8596850633621216,540.3858032226562,2.04463791847229,564.7849731445312
0.7683464288711548,600.9291381835938,0.48942169547080994,528.4089965820312
0.8618897795677185,94.56694030761719,0.7589023113250732,86.9344253540039
1.812913417816162,595.4251708984375,1.6407098770141602,594.8953247070312
1.1425197124481201,446.8188781738281,0.9932582974433899,454.7733154296875
1.3451968431472778,441.3149719238281,1.2365472316741943,435.8568115234375
0.6124409437179565,336.7401428222656,0.6968699097633362,426.2691650390625
1.5790550708770752,34.02362060546875,1.5590282678604126,20.14120864868164
0.5033071041107178,628.4487915039062,0.3781294822692871,650.0083618164062
1.0333858728408813,600.9291381835938,1.1041172742843628,660.1827392578125
0.4409448802471161,523.8740234375,0.2501234710216522,535.658447265625
1.8596850633621216,578.9133911132812,1.5559567213058472,585.0469970703125
1.516692876815796,529.3779296875,1.6412131786346436,489.0180358886719
0.3006299138069153,6.503936767578125,0.4378410577774048,3.4013609886169434
1.0801575183868408,105.5748062133789,0.979296863079071,37.47964859008789
1.5634645223617554,413.7952880859375,1.5357574224472046,379.43572998046875
0.05118110775947571,166.11810302734375,0.11298900842666626,151.5215606689453
1.4699212312698364,259.6850280761719,1.328675627708435,359.2293395996094
1.15811026096344,397.2834777832031,1.1958740949630737,364.5858154296875
1.7661417722702026,424.80316162109375,1.629927396774292,622.31884765625
1.7505512237548828,463.33074951171875,1.3625825643539429,479.96240234375
1.15811026096344,452.32281494140625,1.5947747230529785,394.1084289550781
0.7839370369911194,254.1811065673828,0.9632019400596619,252.81454467773438
0.09795275330543518,672.4802856445312,0.21062885224819183,480.8189697265625
0.5344882011413574,518.3700561523438,0.5835264325141907,405.8763122558594
1.6725984811782837,61.54330825805664,1.4471435546875,124.9829330444336
0.7371653318405151,446.8188781738281,0.9962149858474731,556.781982421875
1.6725984811782837,507.3622131347656,1.369279384613037,523.3123779296875
1.6258267164230347,144.10235595703125,1.5738983154296875,208.00099182128906
0.752755880355835,342.24407958984375,1.042384147644043,379.94775390625
1.329606294631958,270.6929016113281,1.2075642347335815,259.62335205078125
0.7683464288711548,353.251953125,0.7761126756668091,358.19610595703125
1.5790550708770752,17.511810302734375,1.449877381324768,57.64552307128906
1.8596850633621216,628.4487915039062,1.7417656183242798,548.2300415039062
1.2984251976013184,408.2913513183594,1.5747150182724,342.3177490234375
0.6436220407485962,39.527557373046875,0.6986855268478394,28.128517150878906
1.1892913579940796,336.7401428222656,1.3363672494888306,459.1944580078125
0.8307086825370789,39.527557373046875,0.5654083490371704,70.37542724609375
1.7817323207855225,617.44091796875,1.7806169986724854,525.53369140625
1.3763779401779175,611.93701171875,1.4065608978271484,512.494384765625
0.3785826861858368,50.53543472290039,0.400073766708374,48.08281707763672
1.7193701267242432,386.2756042480469,1.4320937395095825,449.1357116699219
1.236063003540039,331.2362060546875,1.0725927352905273,496.7087707519531
0.9866141676902771,270.6929016113281,1.1035423278808594,313.9939880371094
1.9688189029693604,479.842529296875,2.0427980422973633,544.4918212890625
0.40976378321647644,402.78741455078125,0.5682648420333862,332.8380432128906
1.5478739738464355,435.81103515625,1.5531415939331055,361.8846740722656
1.8440945148468018,17.511810302734375,1.574356198310852,121.13953399658203
1.15811026096344,39.527557373046875,0.977809727191925,59.76957702636719
0.05118110775947571,100.07086944580078,0.11722706258296967,104.90311431884766
1.812913417816162,589.9212646484375,1.3782881498336792,590.2643432617188
0.33181101083755493,188.13388061523438,0.27717524766921997,257.65765380859375
0.09795275330543518,683.4881591796875,0.1498497873544693,495.14892578125
0.36299213767051697,1.0,0.3867816627025604,9.850126266479492
1.9688189029693604,358.7558898925781,1.787913203239441,525.5585327148438
0.19149605929851532,369.7638244628906,0.3835392892360687,371.150634765625
0.7371653318405151,474.3385925292969,0.5658658146858215,530.7647094726562
0.4409448802471161,320.22833251953125,0.46822673082351685,297.45318603515625
1.0801575183868408,221.15748596191406,0.8980212211608887,262.44036865234375
1.3451968431472778,298.21258544921875,1.676527976989746,271.1949157714844
0.40976378321647644,243.17323303222656,0.32912904024124146,263.1996154785156
0.659212589263916,578.9133911132812,0.6900914311408997,457.14605712890625
1.8752756118774414,551.3936767578125,1.8978116512298584,566.0437622070312
0.7371653318405151,23.0157470703125,0.9286016821861267,13.600071907043457
1.7817323207855225,188.13388061523438,1.6873021125793457,261.795166015625
1.0333858728408813,17.511810302734375,1.0800528526306152,14.262279510498047
1.064566969871521,688.9921264648438,1.3070322275161743,526.6121215820312
0.4409448802471161,111.07874298095703,0.3861826956272125,104.114501953125
1.2672441005706787,545.8897705078125,1.4318459033966064,444.12225341796875
1.828503966331482,545.8897705078125,1.9836620092391968,482.6499328613281
1.423149585723877,545.8897705078125,1.6133904457092285,487.36419677734375
0.6748031377792358,573.409423828125,0.8896439075469971,515.8145141601562
0.20708660781383514,287.2047119140625,0.0951172262430191,358.177490234375
0.5968503952026367,1.0,0.7130714654922485,-19.80157470703125
1.5790550708770752,1.0,1.4955538511276245,-23.33621597290039
0.7371653318405151,457.8267517089844,0.698395848274231,570.60986328125
1.734960675239563,28.519685745239258,1.765708565711975,-24.195085525512695
1.2984251976013184,375.26776123046875,1.4365442991256714,294.8666687011719
0.8462992310523987,166.11810302734375,0.8212548494338989,137.54803466796875
0.6280314922332764,215.65354919433594,0.8265398144721985,153.4199676513672
0.8462992310523987,39.527557373046875,0.8340028524398804,44.75529861450195
1.812913417816162,226.66140747070312,1.869706392288208,208.98692321777344
1.5478739738464355,298.21258544921875,1.3756415843963623,462.27978515625
0.05118110775947571,584.4172973632812,0.22728535532951355,573.0243530273438
1.2984251976013184,463.33074951171875,1.1301474571228027,435.2343444824219
1.329606294631958,496.3543395996094,1.6829237937927246,366.3232421875
1.4855117797851562,166.11810302734375,1.4495466947555542,122.55601501464844
0.815118134021759,595.4251708984375,0.941377580165863,606.6041259765625
1.6102361679077148,683.4881591796875,1.581105351448059,550.12255859375
0.659212589263916,17.511810302734375,0.6034752130508423,34.709312438964844
0.09795275330543518,611.93701171875,0.3020680546760559,541.0313720703125
1.9532283544540405,226.66140747070312,1.8377256393432617,336.8380432128906
1.7037795782089233,116.58268737792969,1.8374381065368652,164.40335083007812
0.09795275330543518,265.18896484375,0.23271982371807098,231.8117218017578
0.6903936862945557,364.2598876953125,0.9438356161117554,426.86279296875
1.15811026096344,56.039371490478516,1.1121037006378174,32.606712341308594
0.4409448802471161,94.56694030761719,0.2939497232437134,90.31100463867188
1.4855117797851562,45.031494140625,1.569494366645813,18.659812927246094
0.03559055179357529,12.00787353515625,-0.11555096507072449,71.21476745605469
1.4075590372085571,457.8267517089844,1.4047296047210693,448.4581604003906
0.6280314922332764,435.81103515625,0.6420897841453552,487.75372314453125
0.16031496226787567,23.0157470703125,0.22594690322875977,43.933990478515625
1.4075590372085571,232.16537475585938,0.9708243608474731,363.1388244628906
1.4855117797851562,397.2834777832031,1.7545716762542725,361.90740966796875
0.8930708765983582,6.503936767578125,0.9269058108329773,-3.33597993850708
0.6436220407485962,457.8267517089844,1.0919578075408936,528.3818359375
0.40976378321647644,204.6456756591797,0.5475573539733887,97.00686645507812
1.2672441005706787,56.039371490478516,0.8198607563972473,131.90245056152344
0.8774803280830383,160.61416625976562,0.6452254056930542,184.76988220214844
1.5790550708770752,529.3779296875,1.9824391603469849,502.018310546875
0.7059842348098755,512.8661499023438,1.0950593948364258,462.63079833984375
1.1113386154174805,210.1496124267578,1.234225869178772,191.23898315429688
1.4699212312698364,683.4881591796875,1.7168807983398438,677.7507934570312
0.7839370369911194,617.44091796875,1.3845093250274658,513.4017333984375
0.9554330706596375,221.15748596191406,0.947187066078186,200.470703125
1.017795443534851,122.08661651611328,1.122947335243225,104.30976104736328
0.6280314922332764,281.7007751464844,0.6960555911064148,230.2149658203125
0.752755880355835,292.7086486816406,0.6695971488952637,312.91015625
1.2984251976013184,166.11810302734375,1.3846389055252075,152.95516967773438
0.5344882011413574,287.2047119140625,0.8183595538139343,222.50515747070312
0.7995275855064392,446.8188781738281,0.9872756004333496,432.55548095703125
0.3785826861858368,529.3779296875,0.2814624309539795,510.5155334472656
0.8307086825370789,320.22833251953125,1.1966090202331543,257.2268981933594
0.6436220407485962,540.3858032226562,0.8591514825820923,655.7743530273438
1.8908661603927612,39.527557373046875,2.0191869735717773,17.787717819213867
1.4855117797851562,375.26776123046875,1.4143006801605225,430.7122802734375
1.4699212312698364,325.7322692871094,0.9104030132293701,474.47930908203125
0.3006299138069153,666.9763793945312,0.40638667345046997,656.7559814453125
1.9688189029693604,281.7007751464844,1.9450390338897705,297.5801696777344
0.8618897795677185,551.3936767578125,0.9722694754600525,587.741943359375
1.3607873916625977,633.9527587890625,1.5781428813934326,543.8323364257812
1.4387401342391968,320.22833251953125,1.4410064220428467,386.3242492675781
0.5344882011413574,199.14173889160156,0.26766088604927063,237.36891174316406
0.5812598466873169,89.06298828125,0.6283397674560547,68.26121520996094
1.3763779401779175,23.0157470703125,1.499294400215149,65.66080474853516
0.9866141676902771,232.16537475585938,0.8603387475013733,185.86114501953125
0.238267719745636,17.511810302734375,0.05052956938743591,71.75398254394531
0.14472442865371704,83.55905151367188,0.13253414630889893,42.40415954589844
0.47212597727775574,78.05511474609375,0.3534764051437378,152.7440185546875
0.6903936862945557,700.0,0.7919097542762756,761.0358276367188
0.12913386523723602,672.4802856445312,0.23377041518688202,492.5638427734375
0.8618897795677185,61.54330825805664,0.8712698817253113,71.63325500488281
1.1113386154174805,309.220458984375,1.2205220460891724,273.24530029296875
1.7973228693008423,204.6456756591797,1.493261694908142,307.65325927734375
1.7973228693008423,89.06298828125,1.8182053565979004,118.80413055419922
0.7839370369911194,210.1496124267578,0.6798739433288574,256.9027404785156
1.017795443534851,188.13388061523438,0.9317160844802856,185.15869140625
1.6414172649383545,100.07086944580078,1.5396095514297485,54.367977142333984
0.238267719745636,650.4645385742188,0.2920682728290558,510.1207275390625
1.4387401342391968,551.3936767578125,1.5533764362335205,713.9857177734375
0.12913386523723602,655.968505859375,0.24134843051433563,517.7254028320312
1.329606294631958,50.53543472290039,1.388439655303955,40.28665542602539
0.9242519736289978,562.4015502929688,0.8089683055877686,488.061279296875
1.812913417816162,485.3464660644531,1.7175794839859009,538.2230834960938
0.5812598466873169,94.56694030761719,0.4323582649230957,131.89402770996094
1.9688189029693604,419.2992248535156,1.527843713760376,432.7135925292969
0.5812598466873169,122.08661651611328,0.6217689514160156,139.3005828857422
0.659212589263916,573.409423828125,0.5522881150245667,495.9896240234375
0.20708660781383514,28.519685745239258,0.08125431090593338,64.35348510742188
1.2984251976013184,100.07086944580078,1.2810063362121582,131.5628204345703
1.2672441005706787,435.81103515625,1.0429459810256958,516.32861328125
1.1425197124481201,309.220458984375,1.1390661001205444,444.7113037109375
1.8596850633621216,562.4015502929688,1.7945623397827148,540.5225830078125
1.4543306827545166,287.2047119140625,0.949110746383667,414.7393493652344
0.5033071041107178,248.6771697998047,0.6054688096046448,260.74505615234375
0.5188976526260376,611.93701171875,0.46219101548194885,557.3929443359375
0.03559055179357529,672.4802856445312,0.012875117361545563,702.4016723632812
1.0957480669021606,303.7165222167969,0.8667178750038147,444.63116455078125
1.5322834253311157,573.409423828125,1.6588404178619385,539.0687255859375
1.9376378059387207,67.0472412109375,1.8183430433273315,67.95377349853516
1.4699212312698364,606.4330444335938,1.6529302597045898,498.4978942871094
0.9398425221443176,160.61416625976562,0.8795650005340576,191.45428466796875
0.40976378321647644,617.44091796875,0.6018445491790771,490.17791748046875
0.815118134021759,672.4802856445312,0.9515631794929504,654.7236328125
0.8307086825370789,688.9921264648438,1.0582661628723145,550.7388305664062
1.9220472574234009,397.2834777832031,1.6210969686508179,364.543701171875
1.423149585723877,61.54330825805664,1.2351250648498535,85.87208557128906
1.7505512237548828,485.3464660644531,1.7247954607009888,566.9956665039062
1.7817323207855225,463.33074951171875,1.48444402217865,542.54248046875
0.28503936529159546,83.55905151367188,0.27419784665107727,69.86543273925781
0.3941732347011566,34.02362060546875,0.5003565549850464,-7.189247131347656
0.6903936862945557,551.3936767578125,0.8218895196914673,542.1707153320312
0.20708660781383514,430.3070983886719,0.3235950469970703,386.9206237792969
0.019999999552965164,100.07086944580078,0.31716760993003845,94.75542449951172
0.40976378321647644,276.19683837890625,0.655575692653656,174.45306396484375
0.28503936529159546,50.53543472290039,0.292634516954422,-48.76698303222656
0.8930708765983582,67.0472412109375,0.6965013146400452,73.3131332397461
0.33181101083755493,39.527557373046875,0.25061753392219543,86.51387786865234
0.5656692981719971,606.4330444335938,0.49425971508026123,541.6929931640625
0.5500787496566772,474.3385925292969,1.0215730667114258,377.2289733886719
1.2672441005706787,50.53543472290039,1.4676340818405151,9.098236083984375
1.1269291639328003,353.251953125,0.9852208495140076,345.6006164550781
1.8752756118774414,149.60629272460938,1.8142881393432617,168.77027893066406
1.9220472574234009,578.9133911132812,1.584947109222412,573.0946655273438
1.1113386154174805,578.9133911132812,1.6713672876358032,536.5759887695312
1.2828346490859985,270.6929016113281,1.4802062511444092,290.90618896484375
0.3006299138069153,424.80316162109375,0.4015079140663147,447.5178527832031
0.05118110775947571,237.66929626464844,0.053988322615623474,294.81927490234375
0.28503936529159546,259.6850280761719,0.5891164541244507,248.2211151123047
1.8752756118774414,589.9212646484375,1.5892492532730103,549.9647216796875
1.3919684886932373,534.8818969726562,1.9269331693649292,365.4347839355469
1.9532283544540405,122.08661651611328,1.4788691997528076,169.65756225585938
0.3941732347011566,61.54330825805664,0.5020649433135986,28.843320846557617
1.7505512237548828,193.63780212402344,1.2766419649124146,322.3339538574219
1.6102361679077148,512.8661499023438,1.5048692226409912,500.799072265625
0.09795275330543518,237.66929626464844,0.13149301707744598,272.0135192871094
1.0022047758102417,39.527557373046875,1.052024006843567,25.121179580688477
0.5188976526260376,419.2992248535156,0.6455053687095642,420.8055419921875
0.6436220407485962,276.19683837890625,1.1136014461517334,160.24774169921875
0.9710236191749573,45.031494140625,0.6172312498092651,135.59693908691406
1.423149585723877,644.9606323242188,1.443920373916626,457.870849609375
0.3162204623222351,177.1259765625,0.3445611298084259,178.05096435546875
2.0,507.3622131347656,1.838889718055725,432.0018005371094
0.7215747833251953,666.9763793945312,0.8076016306877136,645.5551147460938
0.9554330706596375,441.3149719238281,0.8410733342170715,483.2281799316406
1.7505512237548828,83.55905151367188,1.7191132307052612,237.63327026367188
1.828503966331482,551.3936767578125,1.8733043670654297,576.6553344726562
0.33181101083755493,23.0157470703125,0.3998030424118042,-18.728132247924805
0.5968503952026367,584.4172973632812,0.7441771030426025,390.2373352050781
0.908661425113678,188.13388061523438,0.9019978046417236,183.8705291748047
0.5188976526260376,17.511810302734375,0.6369593143463135,24.072240829467773
1.4075590372085571,402.78741455078125,1.6487165689468384,447.2846374511719
1.5322834253311157,600.9291381835938,1.4193040132522583,600.5472412109375
0.3006299138069153,391.779541015625,0.4053040146827698,295.90765380859375
0.019999999552965164,496.3543395996094,0.2590709328651428,368.58172607421875
1.6102361679077148,6.503936767578125,1.7415658235549927,58.74153518676758
1.8908661603927612,688.9921264648438,1.717818260192871,567.19140625
0.815118134021759,122.08661651611328,0.70791095495224,133.62924194335938
0.8462992310523987,562.4015502929688,1.3607993125915527,439.7258605957031
1.7505512237548828,248.6771697998047,1.3454989194869995,320.24224853515625
0.7215747833251953,468.8346862792969,0.7547440528869629,487.9862976074219
0.47212597727775574,419.2992248535156,0.5960049629211426,374.66455078125
0.9866141676902771,584.4172973632812,0.957353413105011,445.2618103027344
0.16031496226787567,562.4015502929688,0.28412261605262756,511.9601745605469
0.42535433173179626,562.4015502929688,0.5171549916267395,422.0527648925781
0.6903936862945557,578.9133911132812,0.9977737069129944,476.540283203125
1.1892913579940796,446.8188781738281,1.1293103694915771,497.8466796875
0.5968503952026367,661.472412109375,0.9142703413963318,542.4984130859375
1.501102328300476,485.3464660644531,1.5064387321472168,548.3955078125
0.05118110775947571,452.32281494140625,0.36646780371665955,375.03790283203125
0.14472442865371704,677.9842529296875,0.41450661420822144,498.0029296875
1.6725984811782837,221.15748596191406,1.5860719680786133,254.0590362548828
1.1892913579940796,232.16537475585938,1.1578983068466187,215.48995971679688
1.7193701267242432,567.905517578125,1.3861863613128662,513.1862182617188
1.1737008094787598,270.6929016113281,1.187188982963562,239.5135498046875
0.9398425221443176,89.06298828125,0.843997597694397,109.6743392944336
1.4855117797851562,650.4645385742188,1.5513575077056885,571.3502807617188
1.4699212312698364,160.61416625976562,1.434221625328064,168.8203125
1.8440945148468018,474.3385925292969,1.8778859376907349,480.24176025390625
1.9376378059387207,199.14173889160156,1.7478338479995728,287.6087646484375
0.42535433173179626,424.80316162109375,0.39003729820251465,508.8017883300781
1.6258267164230347,567.905517578125,1.519423484802246,425.79425048828125
1.7505512237548828,270.6929016113281,1.850955843925476,299.8204650878906
0.20708660781383514,166.11810302734375,0.18549516797065735,191.62730407714844
0.05118110775947571,419.2992248535156,0.2208682894706726,377.2754821777344
0.47212597727775574,639.4566650390625,0.5954481363296509,557.4586791992188
0.33181101083755493,138.59841918945312,0.40587493777275085,125.47491455078125
0.9710236191749573,490.85040283203125,1.1518194675445557,522.5254516601562
0.08236220479011536,177.1259765625,0.2866802513599396,128.52239990234375
1.0022047758102417,501.8582763671875,1.2453691959381104,460.74346923828125
1.7817323207855225,380.77166748046875,1.7233210802078247,416.1932067871094
0.8774803280830383,397.2834777832031,0.8730186820030212,353.9458312988281
0.4409448802471161,78.05511474609375,0.3542686700820923,64.45501708984375
1.0957480669021606,639.4566650390625,1.7562916278839111,539.930419921875
1.3607873916625977,677.9842529296875,1.4583936929702759,585.4356689453125
1.6258267164230347,133.094482421875,1.6911951303482056,117.1520004272461
0.9554330706596375,479.842529296875,0.9102023839950562,440.2210388183594
1.9688189029693604,606.4330444335938,1.8902517557144165,598.759033203125
1.8440945148468018,276.19683837890625,2.1836276054382324,267.8701477050781
0.5812598466873169,435.81103515625,0.9174660444259644,436.4455261230469
1.2048819065093994,89.06298828125,1.4250191450119019,20.506689071655273
1.516692876815796,606.4330444335938,1.6836090087890625,491.284912109375
0.8618897795677185,700.0,0.7781923413276672,631.7012329101562
0.5033071041107178,292.7086486816406,0.5880516767501831,355.2037353515625
0.8618897795677185,199.14173889160156,0.8616151809692383,228.84024047851562
1.6414172649383545,160.61416625976562,1.2186424732208252,257.9211730957031
1.1425197124481201,1.0,1.2242448329925537,24.047697067260742
0.48771652579307556,435.81103515625,0.6947508454322815,429.3709411621094
0.659212589263916,83.55905151367188,0.6842494606971741,111.25407409667969
1.3451968431472778,655.968505859375,1.1608818769454956,594.6884155273438
1.2516535520553589,391.779541015625,1.3697468042373657,376.08465576171875
1.2048819065093994,441.3149719238281,1.442588448524475,383.5638122558594
0.7995275855064392,584.4172973632812,0.8235939741134644,453.12457275390625
1.812913417816162,391.779541015625,1.6150763034820557,519.1925048828125
1.8440945148468018,611.93701171875,1.6190617084503174,544.755615234375
0.5188976526260376,457.8267517089844,0.7030821442604065,355.2547302246094
1.0957480669021606,276.19683837890625,1.0363103151321411,265.70977783203125
0.6436220407485962,595.4251708984375,0.9528940916061401,552.5549926757812
0.8462992310523987,391.779541015625,0.7352410554885864,432.4231872558594
1.6258267164230347,364.2598876953125,1.3257325887680054,488.4193420410156
0.5344882011413574,347.7480163574219,0.5252775549888611,367.8876647949219
0.20708660781383514,661.472412109375,0.11037467420101166,572.5537109375
0.9398425221443176,105.5748062133789,0.840085506439209,121.34988403320312
0.8462992310523987,23.0157470703125,0.8349513411521912,62.4755973815918
1.6725984811782837,160.61416625976562,1.8129361867904663,105.29039764404297
0.05118110775947571,529.3779296875,0.1795952320098877,525.7496948242188
1.9688189029693604,303.7165222167969,1.7723277807235718,296.64947509765625
1.8596850633621216,408.2913513183594,1.6354793310165405,440.59478759765625
0.12913386523723602,650.4645385742188,0.32540103793144226,500.4925537109375
0.5188976526260376,100.07086944580078,0.4709601402282715,131.697265625
0.8930708765983582,551.3936767578125,0.93560391664505,491.1592102050781
1.9844094514846802,677.9842529296875,1.7174216508865356,504.9716796875
1.2984251976013184,424.80316162109375,1.7120604515075684,329.3562927246094
1.15811026096344,600.9291381835938,1.6372087001800537,414.0740966796875
1.3919684886932373,215.65354919433594,1.474576473236084,216.18601989746094
1.0957480669021606,457.8267517089844,1.11568021774292,478.0393371582031
0.5344882011413574,94.56694030761719,0.5747599005699158,55.00151443481445
0.7995275855064392,529.3779296875,0.9014350771903992,496.4101867675781
0.238267719745636,408.2913513183594,0.36683884263038635,418.22601318359375
0.06677165627479553,369.7638244628906,-0.0006446931511163712,411.1626892089844
1.828503966331482,199.14173889160156,1.2265182733535767,380.6296081542969
0.9398425221443176,507.3622131347656,0.7784178853034973,588.8366088867188
0.3162204623222351,386.2756042480469,0.40148791670799255,390.0284729003906
1.2828346490859985,441.3149719238281,0.9856302738189697,548.907958984375
0.47212597727775574,375.26776123046875,0.47071316838264465,403.4591064453125
1.3763779401779175,628.4487915039062,1.625996470451355,618.76904296875
0.8774803280830383,556.8976440429688,1.5268545150756836,363.1495056152344
1.0333858728408813,188.13388061523438,1.0042306184768677,190.52813720703125
0.1759055107831955,265.18896484375,0.32834675908088684,222.81459045410156
1.9532283544540405,193.63780212402344,1.552353858947754,272.5511169433594
0.48771652579307556,600.9291381835938,0.6720590591430664,518.0532836914062
1.4075590372085571,303.7165222167969,1.7105597257614136,285.376220703125
1.2516535520553589,430.3070983886719,1.4988744258880615,471.751953125
0.1759055107831955,688.9921264648438,0.1456458568572998,600.5798950195312
1.1269291639328003,551.3936767578125,1.5575042963027954,532.9280395507812
1.828503966331482,534.8818969726562,1.4921597242355347,634.1348266601562
1.1425197124481201,529.3779296875,1.0942206382751465,623.0936889648438
1.9220472574234009,281.7007751464844,1.3450558185577393,435.1810607910156
1.6258267164230347,391.779541015625,1.4799422025680542,422.4757385253906
0.8930708765983582,468.8346862792969,1.3419020175933838,538.8572387695312
1.5634645223617554,556.8976440429688,1.437988519668579,596.5057373046875
1.1269291639328003,617.44091796875,1.7730847597122192,420.4529724121094
1.516692876815796,94.56694030761719,1.5256174802780151,122.7832260131836
0.5500787496566772,221.15748596191406,0.6235362887382507,235.62091064453125
1.5322834253311157,424.80316162109375,1.2355695962905884,436.4221496582031
0.3785826861858368,683.4881591796875,0.7773115038871765,485.7344970703125
0.9710236191749573,573.409423828125,1.257294774055481,567.6935424804688
1.4855117797851562,39.527557373046875,1.294453740119934,81.08515930175781
0.7683464288711548,490.85040283203125,0.8095347881317139,402.2367858886719
1.5790550708770752,677.9842529296875,1.52904212474823,558.8831176757812
0.5344882011413574,446.8188781738281,0.8760046362876892,477.1831970214844
1.2516535520553589,512.8661499023438,1.2417645454406738,346.41082763671875
0.14472442865371704,683.4881591796875,0.2077791690826416,600.6834716796875
1.5634645223617554,281.7007751464844,1.5504212379455566,256.47900390625
0.36299213767051697,50.53543472290039,0.47154536843299866,-26.817092895507812
0.16031496226787567,34.02362060546875,0.014611035585403442,47.68904113769531
0.6280314922332764,419.2992248535156,0.9143228530883789,339.1624450683594
0.5500787496566772,265.18896484375,0.6137434244155884,194.31053161621094
0.9866141676902771,496.3543395996094,1.0781769752502441,493.814697265625
1.5478739738464355,611.93701171875,1.5826265811920166,614.260986328125
0.20708660781383514,391.779541015625,0.17373007535934448,436.1412048339844
1.7505512237548828,490.85040283203125,1.6366829872131348,539.1405029296875
1.8752756118774414,479.842529296875,1.868001937866211,423.5535888671875
1.7661417722702026,496.3543395996094,1.521246314048767,468.0744323730469
0.815118134021759,105.5748062133789,0.958232045173645,100.63285827636719
1.8752756118774414,210.1496124267578,1.328515887260437,383.9867248535156
0.42535433173179626,67.0472412109375,0.3789042532444,86.13682556152344
1.3140157461166382,644.9606323242188,1.4479823112487793,616.1742553710938
1.8440945148468018,149.60629272460938,1.7382217645645142,127.58387756347656
0.7839370369911194,122.08661651611328,0.7282361388206482,123.064453125
0.9398425221443176,287.2047119140625,0.9582823514938354,255.29840087890625
1.3140157461166382,479.842529296875,1.4047741889953613,516.8394775390625
0.113543301820755,463.33074951171875,0.23466412723064423,460.46612548828125
0.8618897795677185,193.63780212402344,0.8010632395744324,97.32637023925781
0.752755880355835,622.9448852539062,1.0501632690429688,540.717529296875
1.1113386154174805,413.7952880859375,1.1705741882324219,507.9825439453125
0.33181101083755493,364.2598876953125,0.37332308292388916,351.8699035644531
0.48771652579307556,408.2913513183594,0.5899739861488342,323.76348876953125
1.6414172649383545,595.4251708984375,1.5020288228988647,551.551025390625
1.3607873916625977,72.55117797851562,1.0657975673675537,162.95277404785156
1.7193701267242432,694.4960327148438,1.4393128156661987,676.8321533203125
0.908661425113678,265.18896484375,1.0507919788360596,295.2087097167969
0.6280314922332764,34.02362060546875,0.4825516641139984,71.42118072509766
0.9710236191749573,78.05511474609375,1.0511863231658936,55.123294830322266
1.2048819065093994,584.4172973632812,1.8077313899993896,530.7196655273438
2.0,611.93701171875,1.6461180448532104,620.7930908203125
1.6258267164230347,666.9763793945312,1.6266334056854248,580.5640869140625
1.423149585723877,700.0,1.6186105012893677,572.0782470703125
0.8618897795677185,479.842529296875,0.896094024181366,548.84619140625
0.34740158915519714,413.7952880859375,0.6990154981613159,325.6446838378906
0.20708660781383514,507.3622131347656,0.21068385243415833,515.1050415039062
0.8930708765983582,248.6771697998047,1.0499240159988403,252.96974182128906
1.236063003540039,204.6456756591797,1.244830846786499,187.67340087890625
1.6725984811782837,89.06298828125,1.280112624168396,244.4918975830078
1.3763779401779175,551.3936767578125,1.8481690883636475,420.0700378417969
1.6414172649383545,633.9527587890625,1.7740932703018188,526.8876342773438
0.238267719745636,6.503936767578125,0.12861593067646027,69.95079040527344
1.15811026096344,325.7322692871094,0.8421414494514465,327.3507080078125
0.28503936529159546,89.06298828125,0.2526320517063141,51.77464294433594
1.6414172649383545,485.3464660644531,1.614061713218689,564.5222778320312
0.908661425113678,347.7480163574219,1.0879719257354736,231.79580688476562
1.3919684886932373,562.4015502929688,1.3807872533798218,651.8211669921875
1.9688189029693604,237.66929626464844,1.7208137512207031,224.9940185546875
1.2984251976013184,578.9133911132812,1.302137017250061,602.8809814453125
0.28503936529159546,193.63780212402344,0.3250024616718292,189.6475372314453
1.4543306827545166,127.5905532836914,0.8114087581634521,282.2530212402344
0.5033071041107178,501.8582763671875,0.6172512769699097,483.2567138671875
0.16031496226787567,523.8740234375,0.34149158000946045,492.408935546875
0.12913386523723602,1.0,0.07218828797340393,21.305131912231445
0.33181101083755493,666.9763793945312,0.42229998111724854,554.640625
1.828503966331482,116.58268737792969,1.4100685119628906,216.09291076660156
1.5478739738464355,17.511810302734375,1.4489960670471191,1.8473904132843018
1.5322834253311157,325.7322692871094,1.1683440208435059,400.7686462402344
0.5500787496566772,199.14173889160156,0.9125189185142517,119.7368392944336
0.5500787496566772,177.1259765625,0.551954448223114,206.41790771484375
0.7059842348098755,309.220458984375,0.833915114402771,367.92840576171875
0.238267719745636,644.9606323242188,0.39174026250839233,489.7713317871094
0.7995275855064392,243.17323303222656,0.6467150449752808,291.79254150390625
0.20708660781383514,633.9527587890625,0.1477578580379486,618.4840698242188
0.6903936862945557,567.905517578125,0.9092918038368225,395.1505432128906
1.6414172649383545,23.0157470703125,1.876572847366333,-56.14781188964844
0.48771652579307556,138.59841918945312,0.5542207360267639,141.6802520751953
0.7839370369911194,28.519685745239258,0.6816057562828064,67.43556213378906
1.2828346490859985,353.251953125,1.8756905794143677,231.96255493164062
1.1892913579940796,578.9133911132812,1.2413787841796875,640.4915771484375
1.9688189029693604,386.2756042480469,1.8509154319763184,410.0334777832031
0.6748031377792358,380.77166748046875,0.7865901589393616,349.4610900878906
0.7683464288711548,578.9133911132812,0.9753217101097107,472.7187194824219
0.908661425113678,72.55117797851562,0.7655573487281799,69.30809020996094
1.7817323207855225,573.409423828125,1.317246675491333,680.9758911132812
0.7059842348098755,89.06298828125,0.8438897132873535,58.38796615600586
1.064566969871521,353.251953125,1.4429067373275757,308.5781555175781
0.09795275330543518,221.15748596191406,0.1271989792585373,284.7980651855469
0.6280314922332764,397.2834777832031,0.5404505729675293,484.1278991699219
0.7059842348098755,490.85040283203125,0.566497266292572,515.2867431640625
1.7505512237548828,149.60629272460938,1.3751237392425537,241.6938934326172
1.5634645223617554,144.10235595703125,1.5579007863998413,76.04071807861328
0.9710236191749573,56.039371490478516,0.9210221767425537,51.676822662353516
1.3919684886932373,386.2756042480469,0.9120314121246338,583.0863647460938
1.3607873916625977,501.8582763671875,1.5683752298355103,376.7280578613281
1.3140157461166382,534.8818969726562,1.7557481527328491,509.35382080078125
0.22267717123031616,122.08661651611328,0.2116788923740387,143.81275939941406
1.2516535520553589,12.00787353515625,1.248770833015442,7.0635552406311035
1.3607873916625977,622.9448852539062,1.525474190711975,646.696044921875
0.3006299138069153,122.08661651611328,0.2597635090351105,93.86993408203125
1.2048819065093994,540.3858032226562,1.081638216972351,545.10986328125
0.06677165627479553,199.14173889160156,0.10478168725967407,270.467041015625
1.7193701267242432,617.44091796875,1.2984625101089478,584.5261840820312
1.6570079326629639,182.62994384765625,1.631433367729187,134.8821563720703
0.16031496226787567,485.3464660644531,0.06599783897399902,500.3744201660156
0.47212597727775574,320.22833251953125,0.46341899037361145,332.8753967285156
0.09795275330543518,485.3464660644531,0.08272190392017365,627.4926147460938
1.9688189029693604,210.1496124267578,1.76090407371521,256.0008544921875
0.7995275855064392,435.81103515625,1.2861212491989136,359.8257751464844
0.6124409437179565,435.81103515625,0.6283685564994812,442.3867492675781
0.8930708765983582,650.4645385742188,0.7505885362625122,704.3971557617188
0.36299213767051697,369.7638244628906,0.7346075773239136,252.0758056640625
0.659212589263916,600.9291381835938,1.1588307619094849,557.9302368164062
1.2516535520553589,138.59841918945312,1.039882779121399,179.044921875
1.8752756118774414,694.4960327148438,1.831363558769226,576.7921752929688
1.0801575183868408,474.3385925292969,1.428420066833496,400.7334289550781
1.1269291639328003,655.968505859375,1.343857765197754,406.1034240722656
1.6570079326629639,50.53543472290039,1.6162561178207397,36.22786331176758
0.5968503952026367,204.6456756591797,0.8133034706115723,182.59109497070312
0.9398425221443176,270.6929016113281,0.9534395337104797,330.6235656738281
0.48771652579307556,364.2598876953125,0.2609502375125885,508.77081298828125
0.6748031377792358,523.8740234375,1.3604387044906616,431.25701904296875
1.9220472574234009,34.02362060546875,1.7055745124816895,103.968994140625
0.5500787496566772,248.6771697998047,0.425785094499588,283.3675231933594
0.5968503952026367,600.9291381835938,0.9410062432289124,442.89581298828125
1.4387401342391968,342.24407958984375,1.1879183053970337,382.2664489746094
0.03559055179357529,17.511810302734375,-0.040543083101511,66.59657287597656
0.7995275855064392,89.06298828125,0.7120484709739685,120.6608657836914
1.3451968431472778,28.519685745239258,1.51478910446167,74.40575408935547
1.064566969871521,138.59841918945312,1.216038703918457,117.63054656982422
1.8908661603927612,529.3779296875,1.5058785676956177,512.7412109375
0.40976378321647644,298.21258544921875,0.42039379477500916,331.2940673828125
1.3919684886932373,111.07874298095703,1.6173527240753174,102.1637954711914
1.6258267164230347,463.33074951171875,1.7090415954589844,529.5076293945312
1.4543306827545166,540.3858032226562,1.4133919477462769,460.117431640625
0.5968503952026367,419.2992248535156,0.5622041821479797,451.5638427734375
0.8774803280830383,347.7480163574219,0.8230082988739014,449.13848876953125
1.4543306827545166,72.55117797851562,1.4349026679992676,22.370670318603516
0.8774803280830383,342.24407958984375,0.944801926612854,258.71295166015625
0.5500787496566772,314.7243957519531,0.7299193143844604,280.3932800292969
0.28503936529159546,353.251953125,0.33706408739089966,331.8157653808594
0.42535433173179626,441.3149719238281,0.4969750642776489,517.9385375976562
0.8774803280830383,419.2992248535156,0.9641954302787781,393.6912841796875
1.594645619392395,226.66140747070312,1.717836618423462,327.6792907714844
1.9688189029693604,474.3385925292969,1.529176950454712,553.3903198242188
0.3785826861858368,160.61416625976562,0.4074370563030243,138.50811767578125
1.064566969871521,364.2598876953125,1.035682201385498,389.8165283203125
0.8930708765983582,633.9527587890625,1.354495644569397,547.2391357421875
0.5500787496566772,595.4251708984375,1.0852876901626587,596.5029907226562
1.4543306827545166,490.85040283203125,1.0363155603408813,559.945556640625
0.16031496226787567,529.3779296875,0.32439571619033813,461.177734375
0.7059842348098755,628.4487915039062,0.7183555960655212,571.2550659179688
0.06677165627479553,342.24407958984375,0.33235570788383484,250.89817810058594
0.238267719745636,309.220458984375,0.06509222090244293,354.4553527832031
1.7505512237548828,353.251953125,1.8624520301818848,393.36175537109375
1.423149585723877,254.1811065673828,1.2474782466888428,380.4376525878906
1.2828346490859985,89.06298828125,1.37726891040802,32.787689208984375
0.9710236191749573,50.53543472290039,0.9677762985229492,99.97346496582031
1.3919684886932373,320.22833251953125,1.2880074977874756,358.27569580078125
0.05118110775947571,534.8818969726562,0.06574228405952454,497.98052978515625
1.3140157461166382,127.5905532836914,1.6214489936828613,109.46597290039062
0.8307086825370789,78.05511474609375,0.7502658367156982,118.155517578125
1.1269291639328003,369.7638244628906,1.5613465309143066,251.59979248046875
1.8752756118774414,204.6456756591797,1.5627163648605347,213.36143493652344
0.1759055107831955,584.4172973632812,0.05425547435879707,615.4042358398438
1.6102361679077148,606.4330444335938,1.7189300060272217,521.504638671875
0.5500787496566772,149.60629272460938,0.4524378478527069,171.23089599609375
0.19149605929851532,155.1102294921875,0.18067240715026855,113.79983520507812
1.4387401342391968,562.4015502929688,1.524179458618164,535.0316772460938
1.3607873916625977,23.0157470703125,1.6117111444473267,-16.228147506713867
0.6124409437179565,100.07086944580078,0.83254474401474,65.28779602050781
0.7683464288711548,435.81103515625,0.8716176748275757,447.06396484375
0.752755880355835,358.7558898925781,0.9109583497047424,278.24237060546875
1.5634645223617554,694.4960327148438,1.2259637117385864,571.9169921875
1.6725984811782837,369.7638244628906,1.5179145336151123,421.4530334472656
1.1425197124481201,23.0157470703125,1.1949405670166016,41.46357345581055
1.7193701267242432,127.5905532836914,1.564921259880066,211.7508544921875
0.9554330706596375,292.7086486816406,1.3481825590133667,281.4965515136719
1.8752756118774414,683.4881591796875,1.660400629043579,624.5385131835938
1.064566969871521,303.7165222167969,1.080588698387146,313.7821350097656
0.05118110775947571,573.409423828125,0.19682535529136658,538.3593139648438
0.908661425113678,655.968505859375,1.2954074144363403,571.5220947265625
0.06677165627479553,446.8188781738281,0.441000372171402,357.1993103027344
0.8462992310523987,50.53543472290039,0.8556753993034363,26.701324462890625
0.08236220479011536,243.17323303222656,0.2723175883293152,194.55230712890625
1.6570079326629639,666.9763793945312,1.7881523370742798,708.8646850585938
0.019999999552965164,595.4251708984375,0.16010357439517975,547.4959106445312
0.7059842348098755,700.0,0.9146469235420227,648.2584838867188
0.7995275855064392,111.07874298095703,0.8137609362602234,160.36630249023438
1.6570079326629639,61.54330825805664,1.9060951471328735,13.615804672241211
0.752755880355835,67.0472412109375,0.7745219469070435,38.33024978637695
1.1892913579940796,507.3622131347656,1.3922761678695679,544.0714111328125
0.752755880355835,534.8818969726562,0.9761192798614502,537.99365234375
1.2048819065093994,67.0472412109375,1.3288586139678955,41.09075164794922
0.4409448802471161,490.85040283203125,0.8150911927223206,339.2264099121094
1.8440945148468018,540.3858032226562,1.4520858526229858,490.5998840332031
0.113543301820755,171.62203979492188,0.2992139160633087,137.68045043945312
1.1113386154174805,650.4645385742188,1.2954174280166626,560.530029296875
0.7371653318405151,100.07086944580078,0.4647696912288666,157.63510131835938
1.5322834253311157,551.3936767578125,1.309083342552185,389.4647521972656
1.9220472574234009,6.503936767578125,1.833312749862671,1.714604377746582
0.2538582682609558,292.7086486816406,0.08810338377952576,276.6717224121094
1.9844094514846802,463.33074951171875,1.6272804737091064,476.873291015625
0.19149605929851532,122.08661651611328,0.2700393795967102,140.24363708496094
0.09795275330543518,435.81103515625,0.10273998975753784,467.198486328125
1.6102361679077148,287.2047119140625,1.589741826057434,415.14276123046875
1.9532283544540405,309.220458984375,1.5421603918075562,395.4638671875
1.1269291639328003,67.0472412109375,1.2960178852081299,0.7374083995819092
1.6881890296936035,188.13388061523438,1.5507926940917969,243.10302734375
1.9376378059387207,171.62203979492188,1.6749444007873535,253.08656311035156
0.19149605929851532,237.66929626464844,0.2529046833515167,202.93832397460938
1.7661417722702026,606.4330444335938,1.5546144247055054,519.9637451171875
1.4387401342391968,237.66929626464844,1.6919564008712769,115.6800537109375
0.7683464288711548,281.7007751464844,1.0363565683364868,263.79742431640625
1.7661417722702026,468.8346862792969,1.9239211082458496,449.597900390625
0.3941732347011566,567.905517578125,0.6139841079711914,366.1375427246094
1.5634645223617554,199.14173889160156,1.6717759370803833,295.1714172363281
0.2538582682609558,556.8976440429688,0.03182680904865265,634.025634765625
0.8462992310523987,100.07086944580078,0.7439836859703064,106.39824676513672
1.2204724550247192,556.8976440429688,1.3924486637115479,650.5513916015625
0.16031496226787567,232.16537475585938,0.39738622307777405,192.06443786621094
0.4409448802471161,138.59841918945312,0.43092620372772217,132.4854736328125
1.3763779401779175,672.4802856445312,1.5167043209075928,595.6124267578125
0.05118110775947571,232.16537475585938,0.18304157257080078,240.88473510742188
1.1892913579940796,353.251953125,1.377867579460144,416.2132263183594
0.5968503952026367,551.3936767578125,0.8090693354606628,422.3155517578125
1.516692876815796,160.61416625976562,1.6985461711883545,96.42675018310547
0.42535433173179626,78.05511474609375,0.49257445335388184,51.42506408691406
0.7059842348098755,1.0,0.6223716735839844,17.288740158081055
0.6124409437179565,650.4645385742188,0.5923925042152405,624.6422729492188
0.8774803280830383,105.5748062133789,0.7345729470252991,115.80023193359375
0.8307086825370789,435.81103515625,0.8937279582023621,409.2829895019531
1.15811026096344,408.2913513183594,0.8783687353134155,442.2345886230469
2.0,226.66140747070312,1.952127456665039,232.99501037597656
0.9866141676902771,655.968505859375,1.3221015930175781,518.97607421875
0.1759055107831955,589.9212646484375,0.2984811067581177,560.854736328125
0.3941732347011566,325.7322692871094,0.5947393774986267,363.6209716796875
0.659212589263916,463.33074951171875,0.8235832452774048,531.7136840820312
1.7817323207855225,232.16537475585938,1.6408143043518066,282.7240295410156
1.734960675239563,232.16537475585938,1.4512141942977905,239.82960510253906
0.908661425113678,39.527557373046875,0.7996328473091125,110.41004943847656
1.1269291639328003,100.07086944580078,1.0329490900039673,102.16053009033203
1.906456708908081,34.02362060546875,1.6222105026245117,33.250850677490234
1.3919684886932373,336.7401428222656,1.7898653745651245,326.415283203125
0.752755880355835,45.031494140625,0.8101491928100586,29.516220092773438
0.14472442865371704,248.6771697998047,0.26602694392204285,280.10992431640625
0.7371653318405151,149.60629272460938,0.7053956985473633,131.34530639648438
1.4075590372085571,122.08661651611328,1.2510205507278442,100.13306427001953
1.9844094514846802,512.8661499023438,1.7051337957382202,555.4559936523438
1.9688189029693604,276.19683837890625,2.0354084968566895,314.1153564453125
1.2672441005706787,595.4251708984375,1.9272232055664062,367.88787841796875
1.0489764213562012,160.61416625976562,1.2491767406463623,178.8184051513672
0.6124409437179565,622.9448852539062,0.8417446613311768,525.2933959960938
2.0,122.08661651611328,1.7048767805099487,139.84767150878906
0.9710236191749573,83.55905151367188,0.7990447878837585,104.47566986083984
0.7995275855064392,353.251953125,0.7965316772460938,488.0421447753906
1.8596850633621216,265.18896484375,1.559106469154358,147.64967346191406
0.3785826861858368,672.4802856445312,0.5648787021636963,510.0661315917969
1.0489764213562012,221.15748596191406,0.7631778717041016,278.79473876953125
0.3162204623222351,589.9212646484375,0.3575480580329895,519.9605102539062
1.516692876815796,457.8267517089844,1.7530310153961182,521.676025390625
1.2204724550247192,562.4015502929688,1.135517954826355,568.1488647460938
1.8596850633621216,111.07874298095703,1.5756163597106934,121.09550476074219
0.8307086825370789,584.4172973632812,0.9745550155639648,496.85009765625
1.5478739738464355,386.2756042480469,1.6687299013137817,216.00657653808594
1.7817323207855225,265.18896484375,1.6950013637542725,273.9185485839844
1.2204724550247192,182.62994384765625,0.9394963383674622,383.4057922363281
1.064566969871521,100.07086944580078,1.1052916049957275,117.72637939453125
1.7193701267242432,688.9921264648438,1.6479754447937012,623.7265625
1.0333858728408813,628.4487915039062,0.9512923359870911,557.448974609375
0.238267719745636,39.527557373046875,0.2587384879589081,3.363030433654785
1.5790550708770752,138.59841918945312,1.368950366973877,153.773681640625
0.7839370369911194,353.251953125,0.8356803059577942,402.8134460449219
1.2204724550247192,628.4487915039062,1.2174676656723022,533.5294189453125
1.017795443534851,490.85040283203125,1.0132876634597778,580.4520263671875
0.7995275855064392,232.16537475585938,0.9860900640487671,258.2353820800781
1.4075590372085571,270.6929016113281,1.4511874914169312,373.08074951171875
0.9398425221443176,226.66140747070312,0.5399205088615417,325.9190368652344
0.7839370369911194,34.02362060546875,0.7219340205192566,62.211673736572266
1.1425197124481201,72.55117797851562,1.369031310081482,21.938940048217773
1.3140157461166382,677.9842529296875,1.0433169603347778,735.4441528320312
0.5656692981719971,479.842529296875,0.6499415636062622,504.4378967285156
0.5033071041107178,584.4172973632812,0.5818484425544739,498.07196044921875
1.1269291639328003,83.55905151367188,1.2689602375030518,70.56585693359375
1.423149585723877,287.2047119140625,1.534900426864624,369.0896911621094
1.6570079326629639,700.0,1.7454715967178345,554.4442749023438
1.1269291639328003,380.77166748046875,1.3435723781585693,316.5509338378906
1.5322834253311157,441.3149719238281,1.646651268005371,427.4239196777344
1.1113386154174805,391.779541015625,1.2446714639663696,346.7804260253906
0.019999999552965164,688.9921264648438,0.30838534235954285,526.8981323242188
1.064566969871521,105.5748062133789,1.130061149597168,117.14881134033203
1.5634645223617554,221.15748596191406,1.4546836614608765,232.11782836914062
0.36299213767051697,479.842529296875,0.3978147506713867,499.0511474609375
0.5188976526260376,215.65354919433594,0.5840632319450378,214.62771606445312
0.5968503952026367,188.13388061523438,0.6724088788032532,166.43283081054688
0.9866141676902771,166.11810302734375,1.0186567306518555,142.19644165039062
1.6570079326629639,292.7086486816406,1.8449538946151733,226.50424194335938
1.017795443534851,633.9527587890625,1.2119311094284058,534.3896484375
1.9376378059387207,72.55117797851562,2.1076672077178955,43.29611587524414
0.019999999552965164,270.6929016113281,0.08027997612953186,342.66473388671875
0.113543301820755,17.511810302734375,0.06257296353578568,36.26926040649414
0.659212589263916,199.14173889160156,0.718844473361969,220.8148956298828
1.0333858728408813,237.66929626464844,0.965387761592865,210.53005981445312
1.812913417816162,243.17323303222656,1.6905796527862549,276.05267333984375
0.22267717123031616,661.472412109375,0.5102121233940125,414.1722106933594
1.4855117797851562,474.3385925292969,1.9593878984451294,432.3099365234375
1.064566969871521,166.11810302734375,1.1722986698150635,175.56973266601562
1.2984251976013184,309.220458984375,1.71809983253479,256.90643310546875
1.6102361679077148,584.4172973632812,1.7789133787155151,581.7586669921875
1.3607873916625977,270.6929016113281,1.3064860105514526,257.5726013183594
1.9220472574234009,655.968505859375,1.8223381042480469,610.55517578125
1.6570079326629639,111.07874298095703,1.7079503536224365,108.2378921508789
0.2538582682609558,397.2834777832031,0.39698266983032227,341.1906433105469
0.26944881677627563,39.527557373046875,0.27437618374824524,19.856611251831055
0.14472442865371704,292.7086486816406,0.1584419310092926,279.7431640625
1.6725984811782837,518.3700561523438,1.9289748668670654,585.3689575195312
0.2538582682609558,501.8582763671875,0.3265966475009918,457.1087341308594
2.0,655.968505859375,1.6536812782287598,563.0119018554688
0.3785826861858368,435.81103515625,0.455737829208374,392.1153564453125
0.3006299138069153,700.0,0.49949193000793457,638.0646362304688
0.9554330706596375,364.2598876953125,1.0337978601455688,399.3469543457031
1.828503966331482,270.6929016113281,1.2948514223098755,358.49957275390625
1.4543306827545166,534.8818969726562,1.562537431716919,474.7093200683594
1.9532283544540405,622.9448852539062,1.5614851713180542,579.612548828125
1.0489764213562012,584.4172973632812,1.1216011047363281,597.03369140625
0.5500787496566772,419.2992248535156,0.6204727292060852,479.6058349609375
1.7193701267242432,193.63780212402344,1.6676679849624634,207.18296813964844
0.3162204623222351,413.7952880859375,0.3929815888404846,358.461669921875
1.423149585723877,149.60629272460938,1.49241304397583,159.02064514160156
0.7371653318405151,617.44091796875,0.7827174663543701,639.4696655273438
0.8618897795677185,276.19683837890625,1.0792192220687866,179.39874267578125
1.6102361679077148,276.19683837890625,1.6873501539230347,287.15887451171875
1.8440945148468018,380.77166748046875,1.5959558486938477,401.5917053222656
1.812913417816162,116.58268737792969,1.5635546445846558,114.26038360595703
0.752755880355835,309.220458984375,0.8256423473358154,247.25144958496094
1.4855117797851562,12.00787353515625,1.4357924461364746,-8.35487174987793
1.2828346490859985,573.409423828125,1.4821418523788452,494.5304260253906
0.6436220407485962,490.85040283203125,0.9828726053237915,469.1428527832031
0.8930708765983582,655.968505859375,1.3414095640182495,596.0341796875
0.7215747833251953,276.19683837890625,0.7984076142311096,252.54318237304688
0.8930708765983582,584.4172973632812,0.39635130763053894,701.5094604492188
1.1892913579940796,617.44091796875,1.463409662246704,558.47705078125
0.03559055179357529,111.07874298095703,0.1417366862297058,89.8647689819336
0.34740158915519714,650.4645385742188,0.4009404480457306,612.4814453125
1.6102361679077148,501.8582763671875,1.2447118759155273,625.7146606445312
1.7037795782089233,391.779541015625,1.3798258304595947,524.1029663085938
0.9242519736289978,292.7086486816406,0.7744929194450378,355.58197021484375
0.5188976526260376,122.08661651611328,0.5566245317459106,70.2803726196289
0.7839370369911194,12.00787353515625,0.7974339723587036,41.146522521972656
0.6903936862945557,468.8346862792969,0.8263657093048096,392.0697326660156
1.3140157461166382,672.4802856445312,1.341210961341858,626.64697265625
0.7995275855064392,155.1102294921875,0.9655035138130188,185.99269104003906
0.05118110775947571,556.8976440429688,0.082649365067482,563.355712890625
1.0957480669021606,232.16537475585938,1.19956374168396,256.4875183105469
1.5322834253311157,694.4960327148438,1.6446667909622192,591.2283325195312
1.8908661603927612,562.4015502929688,1.5672194957733154,452.6108093261719
1.4387401342391968,138.59841918945312,1.288673758506775,117.03288269042969
0.815118134021759,688.9921264648438,0.5543690323829651,697.4119262695312
0.7371653318405151,276.19683837890625,1.0488489866256714,294.7209167480469
0.7371653318405151,303.7165222167969,0.7010607123374939,274.5727233886719
0.4409448802471161,221.15748596191406,0.5695686936378479,215.42474365234375
1.3607873916625977,507.3622131347656,1.4414082765579224,565.8070678710938
1.9844094514846802,523.8740234375,1.8455276489257812,388.94879150390625
1.7661417722702026,83.55905151367188,1.3949939012527466,136.69117736816406
1.423149585723877,155.1102294921875,1.1398136615753174,235.90138244628906
0.12913386523723602,347.7480163574219,0.13267721235752106,382.1556701660156
1.2048819065093994,72.55117797851562,1.2239222526550293,63.19847106933594
0.34740158915519714,23.0157470703125,0.4814216196537018,5.982015132904053
1.3919684886932373,369.7638244628906,1.4912270307540894,460.3291931152344
0.7215747833251953,534.8818969726562,1.0787262916564941,478.5914611816406
0.7995275855064392,226.66140747070312,0.6934195756912231,241.3077850341797
1.9844094514846802,210.1496124267578,1.5588823556900024,365.5274658203125
1.1113386154174805,237.66929626464844,1.1011186838150024,302.52069091796875
1.236063003540039,562.4015502929688,1.2288035154342651,612.1514892578125
0.6903936862945557,298.21258544921875,0.7764885425567627,292.1976013183594
0.06677165627479553,573.409423828125,0.04866063967347145,542.396484375
1.4075590372085571,446.8188781738281,1.1203086376190186,612.8125
1.6414172649383545,325.7322692871094,1.159908413887024,433.18426513671875
1.2204724550247192,600.9291381835938,1.3878179788589478,517.9649658203125
1.1269291639328003,534.8818969726562,1.2267628908157349,582.4725341796875
1.828503966331482,94.56694030761719,1.55963933467865,86.00934600830078
0.9398425221443176,573.409423828125,0.8730214238166809,630.5950927734375
1.423149585723877,523.8740234375,1.6319111585617065,519.6287231445312
1.4387401342391968,457.8267517089844,1.5602967739105225,520.5911254882812
0.019999999552965164,116.58268737792969,0.09147241711616516,118.12747192382812
0.6124409437179565,287.2047119140625,0.7059854865074158,254.39476013183594
1.4387401342391968,204.6456756591797,1.4757567644119263,193.3727569580078
1.1737008094787598,677.9842529296875,1.7105653285980225,537.671630859375
1.2672441005706787,199.14173889160156,1.2322114706039429,223.2966766357422
0.40976378321647644,600.9291381835938,0.6949300765991211,483.90570068359375
1.9844094514846802,700.0,1.6766655445098877,636.9824829101562
1.2984251976013184,496.3543395996094,1.4602222442626953,487.43902587890625
1.2048819065093994,276.19683837890625,0.73540198802948,436.0489807128906
0.6280314922332764,380.77166748046875,0.5836120843887329,442.16156005859375
1.2516535520553589,155.1102294921875,0.9489049315452576,238.3228759765625
0.16031496226787567,479.842529296875,0.3688039779663086,386.15740966796875
1.236063003540039,496.3543395996094,1.5030723810195923,365.9186706542969
0.9866141676902771,688.9921264648438,1.0255464315414429,593.3494262695312
1.423149585723877,199.14173889160156,1.2115116119384766,326.3520812988281
0.019999999552965164,419.2992248535156,0.10720682144165039,457.3812561035156
1.7505512237548828,160.61416625976562,1.7148430347442627,132.24961853027344
1.2984251976013184,606.4330444335938,1.6472123861312866,605.6578979492188
0.16031496226787567,463.33074951171875,0.3524368107318878,352.8473205566406
1.15811026096344,17.511810302734375,1.1301156282424927,5.40712308883667
0.16031496226787567,171.62203979492188,0.16583797335624695,174.89486694335938
0.9554330706596375,457.8267517089844,1.0894227027893066,409.48834228515625
1.236063003540039,628.4487915039062,1.5002342462539673,609.9627075195312
0.8307086825370789,573.409423828125,1.3194754123687744,484.47186279296875
0.238267719745636,314.7243957519531,0.23309585452079773,295.103271484375
0.42535433173179626,45.031494140625,0.359767347574234,54.7358283996582
1.2516535520553589,89.06298828125,1.2472246885299683,43.31421661376953
0.8307086825370789,661.472412109375,0.8646764159202576,596.2699584960938
1.8908661603927612,166.11810302734375,1.3941551446914673,368.18231201171875
1.329606294631958,364.2598876953125,1.2102452516555786,442.51995849609375
1.9220472574234009,116.58268737792969,1.8867963552474976,37.55696105957031
1.501102328300476,182.62994384765625,1.4250887632369995,235.00108337402344
1.1425197124481201,259.6850280761719,1.0228171348571777,350.5142517089844
0.815118134021759,441.3149719238281,1.3037731647491455,256.49566650390625
1.236063003540039,441.3149719238281,1.2114840745925903,434.6759338378906
0.9710236191749573,463.33074951171875,1.2212454080581665,326.2083435058594
0.8930708765983582,518.3700561523438,1.0270729064941406,676.8929443359375
1.9844094514846802,606.4330444335938,1.7053906917572021,519.5048217773438
1.8596850633621216,199.14173889160156,1.5208959579467773,318.6616516113281
0.9554330706596375,199.14173889160156,0.8437618017196655,241.54348754882812
1.501102328300476,331.2362060546875,1.4171161651611328,384.49383544921875
0.6280314922332764,474.3385925292969,1.0090181827545166,414.44482421875
0.7995275855064392,617.44091796875,0.8382441997528076,478.9912414550781
1.329606294631958,56.039371490478516,1.2383946180343628,114.61466217041016
1.236063003540039,408.2913513183594,1.1726053953170776,455.217529296875
0.36299213767051697,188.13388061523438,0.3387323021888733,207.7789764404297
0.238267719745636,661.472412109375,0.024751625955104828,627.6255493164062
0.5812598466873169,336.7401428222656,0.841564416885376,377.339111328125
0.8930708765983582,595.4251708984375,1.2432453632354736,570.8131713867188
1.4855117797851562,595.4251708984375,1.7584906816482544,466.8865966796875
0.6124409437179565,369.7638244628906,0.4615599811077118,397.5843505859375
0.5812598466873169,595.4251708984375,1.021336555480957,391.230224609375
1.906456708908081,655.968505859375,1.7299164533615112,515.8193969726562
0.9398425221443176,67.0472412109375,1.0059791803359985,69.44544219970703
0.36299213767051697,523.8740234375,0.7453086972236633,534.4276733398438
0.238267719745636,182.62994384765625,0.16560125350952148,220.73719787597656
1.5634645223617554,336.7401428222656,1.2975965738296509,300.0881042480469
1.8596850633621216,633.9527587890625,1.5690357685089111,623.75
0.28503936529159546,155.1102294921875,0.17317983508110046,140.6162109375
0.815118134021759,155.1102294921875,0.7229365110397339,143.3818817138672
1.8752756118774414,617.44091796875,1.8907933235168457,576.52001953125
0.9554330706596375,617.44091796875,1.0906486511230469,524.29833984375
1.3607873916625977,149.60629272460938,1.3040964603424072,182.41043090820312
1.5478739738464355,336.7401428222656,1.3968256711959839,426.6772766113281
0.4565354287624359,259.6850280761719,0.7845086455345154,155.3391571044922
0.238267719745636,617.44091796875,0.254526287317276,512.1935424804688
0.6124409437179565,171.62203979492188,0.6689988970756531,194.6503448486328
0.1759055107831955,226.66140747070312,0.18807703256607056,246.41383361816406
0.5968503952026367,672.4802856445312,0.913625955581665,507.45623779296875
1.4855117797851562,353.251953125,1.3870948553085327,423.9234619140625
1.1113386154174805,298.21258544921875,1.0111644268035889,288.3357849121094
0.3941732347011566,226.66140747070312,0.4673179090023041,264.9698181152344
1.9376378059387207,314.7243957519531,1.671743392944336,394.35174560546875
0.03559055179357529,6.503936767578125,0.030903004109859467,51.32831954956055
1.7817323207855225,402.78741455078125,1.8548905849456787,459.1653747558594
1.2204724550247192,353.251953125,1.1271638870239258,398.0629577636719
0.6903936862945557,215.65354919433594,1.3286714553833008,108.09030151367188
1.3763779401779175,342.24407958984375,1.4982267618179321,416.22576904296875
1.4855117797851562,551.3936767578125,1.8848998546600342,497.1927795410156
1.017795443534851,226.66140747070312,1.3313684463500977,211.8905029296875
1.1425197124481201,512.8661499023438,0.9095470905303955,485.6643371582031
0.28503936529159546,226.66140747070312,0.2923015356063843,240.6540069580078
1.5322834253311157,578.9133911132812,1.4915202856063843,529.41015625
1.7505512237548828,138.59841918945312,1.551193118095398,200.90309143066406
1.329606294631958,259.6850280761719,1.4177541732788086,388.8695983886719
1.828503966331482,56.039371490478516,1.6264320611953735,84.70784759521484
1.5478739738464355,672.4802856445312,1.5583819150924683,595.17529296875
1.6570079326629639,204.6456756591797,1.1035125255584717,380.6615905761719
1.2828346490859985,133.094482421875,0.9986401796340942,180.0954132080078
0.7215747833251953,512.8661499023438,0.9648852348327637,475.28045654296875
1.906456708908081,523.8740234375,1.760014295578003,542.59912109375
1.828503966331482,342.24407958984375,1.9040294885635376,314.0132141113281
1.6258267164230347,111.07874298095703,1.7049994468688965,67.70465087890625
1.1425197124481201,424.80316162109375,1.5331907272338867,210.36349487304688
0.9710236191749573,221.15748596191406,0.5026019811630249,294.69293212890625
1.9532283544540405,501.8582763671875,2.1819353103637695,398.53814697265625
1.6102361679077148,89.06298828125,1.5960009098052979,57.88033676147461
0.3941732347011566,237.66929626464844,0.2859204411506653,332.44342041015625
1.1425197124481201,298.21258544921875,1.2369616031646729,294.7872009277344
1.2984251976013184,276.19683837890625,1.4786746501922607,263.842041015625
0.4565354287624359,105.5748062133789,0.40561923384666443,126.83441162109375
1.6570079326629639,281.7007751464844,1.663263201713562,280.988525390625
0.42535433173179626,661.472412109375,0.7424802780151367,542.8963623046875
0.4409448802471161,331.2362060546875,0.22040201723575592,443.2558288574219
0.36299213767051697,551.3936767578125,0.7565257549285889,430.42047119140625
1.3140157461166382,397.2834777832031,1.363551139831543,407.3712158203125
1.0801575183868408,155.1102294921875,1.0981134176254272,121.70768737792969
0.5500787496566772,182.62994384765625,0.5135664343833923,181.37185668945312
1.017795443534851,166.11810302734375,0.736793577671051,280.3851623535156
0.08236220479011536,468.8346862792969,0.0618998184800148,483.8150939941406
1.1737008094787598,573.409423828125,1.172479510307312,572.9598388671875
1.594645619392395,364.2598876953125,1.4658374786376953,505.8948059082031
0.06677165627479553,562.4015502929688,0.05288320407271385,618.4837646484375
0.34740158915519714,523.8740234375,0.7518559098243713,396.99749755859375
0.6436220407485962,474.3385925292969,0.8243427276611328,528.69921875
1.4543306827545166,688.9921264648438,1.832290768623352,629.5956420898438
1.1892913579940796,105.5748062133789,1.3926613330841064,66.03343963623047
1.0801575183868408,611.93701171875,1.184095025062561,538.0733642578125
1.1269291639328003,573.409423828125,1.2763097286224365,418.2747497558594
0.36299213767051697,100.07086944580078,0.375868022441864,85.4990234375
1.7505512237548828,232.16537475585938,1.8366432189941406,225.89028930664062
1.4075590372085571,248.6771697998047,1.5232486724853516,177.88522338867188
1.2984251976013184,402.78741455078125,1.2492979764938354,501.9976501464844
1.2204724550247192,358.7558898925781,1.563942790031433,257.87078857421875
0.48771652579307556,259.6850280761719,0.6797573566436768,274.4718017578125
0.36299213767051697,639.4566650390625,0.5404981970787048,575.5968627929688
0.33181101083755493,622.9448852539062,1.047054648399353,430.1030578613281
0.7995275855064392,23.0157470703125,0.781520426273346,50.920406341552734
1.734960675239563,94.56694030761719,1.490098476409912,118.47740173339844
1.9532283544540405,496.3543395996094,1.6701738834381104,570.5790405273438
1.8596850633621216,479.842529296875,1.8286851644515991,574.1004028320312
1.7817323207855225,78.05511474609375,1.4327203035354614,164.3637237548828
1.906456708908081,83.55905151367188,1.6758304834365845,73.76983642578125
0.5968503952026367,567.905517578125,0.992016077041626,497.5765380859375
1.1113386154174805,490.85040283203125,1.0878750085830688,547.0753173828125
0.7215747833251953,254.1811065673828,0.8302931189537048,199.74267578125
1.423149585723877,292.7086486816406,1.0945203304290771,339.2183532714844
1.7037795782089233,479.842529296875,1.6445378065109253,519.3350830078125
1.7973228693008423,474.3385925292969,1.3209855556488037,580.7403564453125
0.9242519736289978,397.2834777832031,0.7676923274993896,474.482421875
1.906456708908081,419.2992248535156,1.782241940498352,434.2376403808594
0.28503936529159546,232.16537475585938,0.539730429649353,164.5804443359375
0.40976378321647644,413.7952880859375,0.5284383296966553,428.1895751953125
0.5188976526260376,430.3070983886719,0.5792796611785889,473.8264465332031
1.2984251976013184,50.53543472290039,1.3945417404174805,71.43775177001953
0.33181101083755493,243.17323303222656,0.4077325463294983,213.58584594726562
1.1113386154174805,204.6456756591797,0.77196204662323,285.48651123046875
1.6725984811782837,287.2047119140625,2.0390100479125977,268.5248718261719
1.0957480669021606,155.1102294921875,1.596008539199829,145.97694396972656
0.7215747833251953,215.65354919433594,0.5730340480804443,263.072998046875
1.0489764213562012,666.9763793945312,1.4220449924468994,600.2057495117188
1.5790550708770752,413.7952880859375,1.8215919733047485,486.8018798828125
1.6570079326629639,595.4251708984375,1.7152354717254639,633.7721557617188
1.0489764213562012,358.7558898925781,0.9765128493309021,486.02447509765625
0.8774803280830383,89.06298828125,1.194049596786499,16.352636337280273
1.1892913579940796,606.4330444335938,1.2812994718551636,548.6981811523438
1.4387401342391968,155.1102294921875,1.190573811531067,232.27639770507812
1.1425197124481201,639.4566650390625,1.0575613975524902,605.555908203125
1.2516535520553589,309.220458984375,0.9449037909507751,433.3169860839844
1.734960675239563,39.527557373046875,1.7737600803375244,41.674312591552734
1.236063003540039,50.53543472290039,1.136866807937622,-10.151139259338379
0.5656692981719971,446.8188781738281,0.7865689396858215,354.6619873046875
0.113543301820755,210.1496124267578,0.27940964698791504,156.0148468017578
1.1269291639328003,402.78741455078125,1.2332090139389038,452.0013122558594
0.5344882011413574,171.62203979492188,0.6988154649734497,113.07948303222656
1.9376378059387207,177.1259765625,1.6073421239852905,277.8252258300781
0.4409448802471161,177.1259765625,0.5654842257499695,164.82032775878906
0.659212589263916,105.5748062133789,0.7574172019958496,80.80436706542969
1.2516535520553589,111.07874298095703,1.3816522359848022,109.1969985961914
0.6124409437179565,507.3622131347656,0.6207287311553955,528.2832641601562
1.828503966331482,204.6456756591797,1.5024372339248657,337.9849548339844
1.8596850633621216,116.58268737792969,1.3529589176177979,221.5811309814453
1.4543306827545166,61.54330825805664,1.5052294731140137,108.75618743896484
1.6570079326629639,380.77166748046875,1.4259066581726074,532.270751953125
1.8908661603927612,501.8582763671875,1.7918267250061035,563.2603149414062
1.7817323207855225,127.5905532836914,2.0327138900756836,98.01142883300781
1.7661417722702026,358.7558898925781,1.5860471725463867,472.8234558105469
0.019999999552965164,573.409423828125,0.41174617409706116,519.7020263671875
1.236063003540039,28.519685745239258,1.536267638206482,-38.38990020751953
0.815118134021759,347.7480163574219,0.872799813747406,327.40966796875
1.6570079326629639,309.220458984375,1.5592424869537354,358.2299499511719
1.329606294631958,677.9842529296875,1.5227702856063843,594.932373046875
1.9532283544540405,507.3622131347656,1.8111097812652588,430.2294616699219
0.6124409437179565,226.66140747070312,0.27809885144233704,344.59619140625
0.12913386523723602,23.0157470703125,0.10113322734832764,65.07451629638672
1.516692876815796,100.07086944580078,1.3516989946365356,163.18063354492188
1.2048819065093994,496.3543395996094,1.3084481954574585,534.3801879882812
0.4409448802471161,628.4487915039062,0.5476792454719543,520.7901611328125
0.6748031377792358,232.16537475585938,0.5134159326553345,366.325439453125
1.15811026096344,94.56694030761719,1.130139708518982,95.1400375366211
1.0489764213562012,567.905517578125,1.1443380117416382,453.4543762207031
1.3919684886932373,265.18896484375,1.1289210319519043,482.8624572753906
0.7371653318405151,386.2756042480469,0.685632050037384,393.3738098144531
1.0022047758102417,144.10235595703125,1.166400671005249,125.5723876953125
0.34740158915519714,683.4881591796875,0.6496503353118896,579.1250610351562
0.42535433173179626,573.409423828125,0.4013674855232239,517.449462890625
1.2984251976013184,237.66929626464844,1.0761017799377441,359.1893005371094
0.659212589263916,644.9606323242188,0.7668354511260986,514.5178833007812
1.2204724550247192,633.9527587890625,1.1774944067001343,600.1254272460938
0.5500787496566772,633.9527587890625,0.27851977944374084,642.7520141601562
1.1113386154174805,100.07086944580078,1.1899292469024658,102.78933715820312
1.906456708908081,133.094482421875,1.7333635091781616,107.74589538574219
1.906456708908081,144.10235595703125,1.4177786111831665,203.5738983154297
0.9398425221443176,540.3858032226562,1.0473246574401855,609.496337890625
1.7817323207855225,551.3936767578125,1.366579294204712,596.7453002929688
1.3451968431472778,413.7952880859375,1.2493971586227417,400.9162902832031
0.7683464288711548,622.9448852539062,1.1093050241470337,631.2241821289062
1.4699212312698364,67.0472412109375,1.5588953495025635,26.0378360748291
1.5634645223617554,254.1811065673828,1.3081605434417725,318.8393859863281
0.238267719745636,435.81103515625,0.16390837728977203,449.06451416015625
1.734960675239563,83.55905151367188,1.6581951379776,157.15859985351562
1.2204724550247192,644.9606323242188,1.1668344736099243,592.668212890625
0.019999999552965164,683.4881591796875,-0.058179546147584915,680.65625
1.8596850633621216,23.0157470703125,1.812520980834961,45.54490661621094
1.0022047758102417,578.9133911132812,1.6089123487472534,567.1378173828125
0.815118134021759,89.06298828125,0.5757266283035278,158.8883819580078
0.8618897795677185,562.4015502929688,0.4343324899673462,625.4105834960938
0.7995275855064392,325.7322692871094,0.7323508262634277,388.9978332519531
1.6725984811782837,628.4487915039062,1.2808133363723755,619.9456787109375
1.0022047758102417,237.66929626464844,1.4270418882369995,124.001708984375
1.5790550708770752,116.58268737792969,1.38883376121521,94.30421447753906
1.2048819065093994,50.53543472290039,1.3632618188858032,53.22122573852539
1.5478739738464355,700.0,1.6651438474655151,582.81201171875
1.9844094514846802,83.55905151367188,2.204676628112793,19.910429000854492
0.5968503952026367,336.7401428222656,0.512722909450531,453.6126403808594
1.9532283544540405,347.7480163574219,1.6938066482543945,375.993896484375
1.329606294631958,468.8346862792969,1.5885088443756104,467.1287536621094
0.9710236191749573,551.3936767578125,0.9094862937927246,667.8067016601562
1.594645619392395,111.07874298095703,1.3482674360275269,113.74627685546875
1.5322834253311157,391.779541015625,1.563754916191101,471.0360412597656
0.05118110775947571,457.8267517089844,0.09256856143474579,389.95556640625
1.4075590372085571,518.3700561523438,1.3157111406326294,493.48175048828125
1.0022047758102417,100.07086944580078,0.867813229560852,113.39983367919922
0.752755880355835,182.62994384765625,0.5521402955055237,249.9741973876953
0.7839370369911194,287.2047119140625,0.44269317388534546,528.292724609375
0.7995275855064392,479.842529296875,0.8421728610992432,358.9299011230469
1.734960675239563,529.3779296875,1.5215901136398315,577.996826171875
1.0801575183868408,56.039371490478516,1.005049467086792,118.95796203613281
1.734960675239563,72.55117797851562,1.7972606420516968,137.73838806152344
0.16031496226787567,287.2047119140625,0.2710074484348297,250.35450744628906
1.6725984811782837,270.6929016113281,1.7618637084960938,281.3780822753906
1.2048819065093994,501.8582763671875,1.3477343320846558,445.6492614746094
1.5478739738464355,89.06298828125,1.4217493534088135,78.82648468017578
0.752755880355835,259.6850280761719,0.5494315028190613,258.9488830566406
1.9220472574234009,67.0472412109375,1.4167773723602295,72.85067749023438
0.1759055107831955,666.9763793945312,0.5573793649673462,644.5966796875
0.3785826861858368,474.3385925292969,0.7793633341789246,329.86553955078125
1.6258267164230347,452.32281494140625,1.3111714124679565,510.662109375
0.5033071041107178,12.00787353515625,0.5182020664215088,13.17931079864502
1.7973228693008423,188.13388061523438,1.3535690307617188,311.39263916015625
1.9688189029693604,177.1259765625,1.62527334690094,383.62579345703125
1.2828346490859985,386.2756042480469,1.2105151414871216,375.83099365234375
0.5033071041107178,589.9212646484375,0.5201483368873596,610.2608032226562
0.36299213767051697,529.3779296875,0.9665738940238953,345.483642578125
1.0801575183868408,254.1811065673828,0.9210348129272461,318.58148193359375
1.0957480669021606,94.56694030761719,1.3571690320968628,25.473472595214844
0.3006299138069153,353.251953125,0.20052777230739594,326.0067443847656
0.03559055179357529,606.4330444335938,0.15419597923755646,616.9183959960938
1.4543306827545166,78.05511474609375,1.2844513654708862,106.01359558105469
0.20708660781383514,259.6850280761719,0.1136438399553299,335.323486328125
1.15811026096344,61.54330825805664,0.9375030994415283,130.48876953125
1.6725984811782837,435.81103515625,1.7015864849090576,416.56451416015625
1.0022047758102417,265.18896484375,0.925739586353302,253.4219970703125
0.28503936529159546,375.26776123046875,0.1435234546661377,403.5961608886719
1.5478739738464355,463.33074951171875,1.7763160467147827,509.86810302734375
0.5812598466873169,430.3070983886719,0.7210572957992554,519.5952758789062
1.0022047758102417,210.1496124267578,0.8071666955947876,282.1850280761719
1.7193701267242432,111.07874298095703,1.784963607788086,94.5416030883789
2.0,606.4330444335938,1.7203853130340576,562.8738403320312
0.9398425221443176,248.6771697998047,0.9377016425132751,281.6176452636719
0.05118110775947571,210.1496124267578,-0.06849254667758942,261.97021484375
0.5500787496566772,336.7401428222656,0.46133583784103394,402.648681640625
1.6570079326629639,441.3149719238281,1.6869630813598633,451.43060302734375
1.2984251976013184,56.039371490478516,1.518251657485962,83.10253143310547
1.5478739738464355,155.1102294921875,1.2470148801803589,273.4582214355469
0.09795275330543518,441.3149719238281,0.06590411067008972,486.9840087890625
0.26944881677627563,34.02362060546875,0.31084877252578735,23.890832901000977
1.2672441005706787,254.1811065673828,1.3449605703353882,259.8680725097656
1.6258267164230347,529.3779296875,1.4965620040893555,599.4865112304688
1.4855117797851562,188.13388061523438,1.3856980800628662,266.5373840332031
1.0957480669021606,424.80316162109375,1.379167914390564,354.6140441894531
0.815118134021759,496.3543395996094,0.8538261651992798,558.5262451171875
1.6102361679077148,45.031494140625,1.5698333978652954,75.01781463623047
0.7371653318405151,391.779541015625,0.7887978553771973,361.61273193359375
1.812913417816162,325.7322692871094,1.7259763479232788,331.731689453125
1.812913417816162,441.3149719238281,1.8404017686843872,461.2544250488281
0.6280314922332764,402.78741455078125,0.6067669987678528,318.8785095214844
0.8774803280830383,237.66929626464844,1.034146785736084,220.18228149414062
0.36299213767051697,67.0472412109375,0.32246851921081543,79.70333099365234
1.3919684886932373,67.0472412109375,1.5342605113983154,16.095022201538086
1.734960675239563,265.18896484375,1.563865303993225,322.9253234863281
1.6881890296936035,342.24407958984375,1.414657473564148,369.6502380371094
0.4409448802471161,578.9133911132812,0.31495654582977295,517.5267944335938
1.2204724550247192,534.8818969726562,1.51348078250885,547.8165893554688
1.5790550708770752,666.9763793945312,1.6050764322280884,584.4853515625
0.238267719745636,50.53543472290039,0.153193399310112,69.37237548828125
1.0801575183868408,408.2913513183594,0.918793261051178,444.8339538574219
0.12913386523723602,578.9133911132812,0.1036379337310791,608.443359375
0.9398425221443176,413.7952880859375,1.3152179718017578,568.1044921875
1.6881890296936035,408.2913513183594,1.5905091762542725,477.9637145996094
1.7817323207855225,540.3858032226562,2.0960915088653564,510.25762939453125
1.1113386154174805,611.93701171875,1.1365917921066284,607.1632690429688
1.0957480669021606,56.039371490478516,0.9843581318855286,74.25157928466797
0.6124409437179565,617.44091796875,0.8278761506080627,454.283935546875
0.8462992310523987,237.66929626464844,0.6348545551300049,323.01873779296875
1.9532283544540405,50.53543472290039,1.7892084121704102,100.34473419189453
1.7817323207855225,468.8346862792969,1.6337770223617554,424.1662902832031
0.5344882011413574,61.54330825805664,0.6726429462432861,25.117839813232422
1.7037795782089233,694.4960327148438,1.7028179168701172,682.695556640625
1.3763779401779175,155.1102294921875,1.4081562757492065,128.92218017578125
0.5656692981719971,166.11810302734375,0.566964328289032,124.30349731445312
0.9710236191749573,501.8582763671875,1.3225736618041992,497.5848083496094
1.594645619392395,408.2913513183594,1.331160545349121,499.519287109375
1.4075590372085571,419.2992248535156,1.6550397872924805,315.3906555175781
1.7193701267242432,551.3936767578125,1.6072989702224731,414.4114990234375
1.6881890296936035,17.511810302734375,1.692315936088562,52.94038009643555
1.0957480669021606,677.9842529296875,1.3351467847824097,699.6690673828125
1.906456708908081,193.63780212402344,1.6310112476348877,117.56757354736328
0.7683464288711548,45.031494140625,0.6789454221725464,79.31840515136719
1.828503966331482,23.0157470703125,1.766862154006958,26.579986572265625
0.8618897795677185,45.031494140625,0.865215539932251,52.78207015991211
1.5322834253311157,281.7007751464844,1.2415531873703003,382.2161560058594
0.908661425113678,78.05511474609375,1.1899334192276,40.38725280761719
0.16031496226787567,155.1102294921875,0.20847146213054657,146.0267333984375
1.6570079326629639,677.9842529296875,1.393913745880127,603.6889038085938
1.5634645223617554,325.7322692871094,1.4895414113998413,433.08056640625
1.594645619392395,303.7165222167969,1.3895035982131958,451.5498352050781
1.8440945148468018,138.59841918945312,1.5832563638687134,226.52182006835938
0.14472442865371704,518.3700561523438,0.3018277585506439,469.6938171386719
0.6280314922332764,105.5748062133789,0.621522843837738,118.96825408935547
0.4409448802471161,193.63780212402344,0.282621830701828,240.7607879638672
1.1269291639328003,358.7558898925781,1.4743101596832275,366.63671875
1.4543306827545166,507.3622131347656,1.1591193675994873,545.047119140625
1.4387401342391968,160.61416625976562,1.365774393081665,224.8728485107422
0.6124409437179565,677.9842529296875,0.8068897128105164,569.1214599609375
1.8596850633621216,606.4330444335938,1.8163849115371704,566.2631225585938
0.815118134021759,237.66929626464844,0.6776847243309021,334.608642578125
0.05118110775947571,364.2598876953125,0.24009950459003448,308.5397033691406
0.238267719745636,639.4566650390625,0.5087426900863647,558.8466186523438
1.6725984811782837,23.0157470703125,1.731704831123352,20.473648071289062
0.7371653318405151,155.1102294921875,0.7177345752716064,191.17877197265625
1.594645619392395,606.4330444335938,1.8375582695007324,453.21038818359375
1.0022047758102417,419.2992248535156,1.1715795993804932,441.1537170410156
1.9532283544540405,259.6850280761719,1.5986112356185913,284.7228088378906
0.6436220407485962,199.14173889160156,0.7625548243522644,159.1439666748047
0.7995275855064392,408.2913513183594,0.5112598538398743,447.5823059082031
1.3607873916625977,463.33074951171875,1.7833251953125,435.2153625488281
1.5322834253311157,67.0472412109375,1.1488187313079834,150.47760009765625
1.2672441005706787,397.2834777832031,1.3096790313720703,419.6186218261719
1.017795443534851,661.472412109375,1.423566222190857,661.9783935546875
1.812913417816162,523.8740234375,1.6935316324234009,539.6111450195312
0.42535433173179626,369.7638244628906,0.42438825964927673,338.73101806640625
0.6748031377792358,160.61416625976562,0.6154373288154602,191.89447021484375
1.329606294631958,28.519685745239258,1.3352288007736206,79.84105682373047
1.3763779401779175,485.3464660644531,1.2928260564804077,421.3920593261719
1.2828346490859985,292.7086486816406,1.158684492111206,292.9181823730469
0.42535433173179626,331.2362060546875,0.4805887043476105,350.0716552734375
0.8462992310523987,303.7165222167969,0.7205100059509277,515.8795776367188
0.659212589263916,496.3543395996094,1.0125336647033691,505.0165100097656
0.7371653318405151,430.3070983886719,0.7383750081062317,466.5621337890625
1.1737008094787598,243.17323303222656,1.5027107000350952,200.32009887695312
0.36299213767051697,325.7322692871094,0.3507317304611206,377.8097839355469
1.3919684886932373,397.2834777832031,1.5060079097747803,390.6919250488281
1.0022047758102417,28.519685745239258,1.0990946292877197,21.297266006469727
1.9220472574234009,325.7322692871094,1.8074179887771606,329.6719665527344
0.7059842348098755,589.9212646484375,0.9292563796043396,503.8478698730469
1.5478739738464355,694.4960327148438,1.5627270936965942,662.7274780273438
0.113543301820755,12.00787353515625,0.022266946732997894,57.88827896118164
0.28503936529159546,413.7952880859375,0.2995437979698181,496.7920227050781
0.752755880355835,116.58268737792969,0.6335530281066895,143.4586181640625
1.6102361679077148,633.9527587890625,1.0994670391082764,558.001220703125
0.12913386523723602,441.3149719238281,0.06815677881240845,403.8435363769531
0.6124409437179565,551.3936767578125,0.7514047622680664,461.21575927734375
0.03559055179357529,424.80316162109375,0.1347302496433258,457.0976867675781
1.9376378059387207,100.07086944580078,1.859556794166565,78.90618896484375
1.3140157461166382,490.85040283203125,1.2921748161315918,447.25457763671875
1.4699212312698364,248.6771697998047,1.3839731216430664,214.09829711914062
2.0,435.81103515625,2.024399757385254,583.3182983398438
0.22267717123031616,452.32281494140625,0.10369251668453217,443.94940185546875
0.28503936529159546,386.2756042480469,0.330473393201828,365.2500915527344
0.5656692981719971,666.9763793945312,0.5154909491539001,613.931884765625
1.812913417816162,320.22833251953125,1.651769757270813,317.9606018066406
2.0,78.05511474609375,1.7347584962844849,76.32994079589844
0.7683464288711548,606.4330444335938,0.9976385831832886,504.3892517089844
0.113543301820755,512.8661499023438,0.3912043571472168,434.74151611328125
0.8930708765983582,243.17323303222656,0.9516460299491882,261.59576416015625
1.5478739738464355,688.9921264648438,1.4195150136947632,538.7952880859375
1.0022047758102417,457.8267517089844,1.3730902671813965,447.190185546875
0.7995275855064392,694.4960327148438,1.3001383543014526,489.13812255859375
1.3140157461166382,1.0,1.3992880582809448,55.0607795715332
0.5500787496566772,650.4645385742188,0.3886096179485321,582.0868530273438
1.8440945148468018,72.55117797851562,1.8857476711273193,9.056771278381348
0.8307086825370789,402.78741455078125,1.0309805870056152,440.2156982421875
1.2204724550247192,331.2362060546875,1.37125563621521,379.320068359375
1.5790550708770752,67.0472412109375,1.594002604484558,85.8761978149414
0.019999999552965164,661.472412109375,0.27995583415031433,587.7833251953125
1.734960675239563,551.3936767578125,1.7631510496139526,467.96539306640625
0.3941732347011566,28.519685745239258,0.336656391620636,58.269927978515625
1.0489764213562012,551.3936767578125,1.0312515497207642,528.55419921875
1.7193701267242432,391.779541015625,1.5484663248062134,462.6081237792969
1.501102328300476,298.21258544921875,1.3109359741210938,480.24163818359375
1.5790550708770752,474.3385925292969,1.342284917831421,466.8929443359375
0.9866141676902771,188.13388061523438,1.2086155414581299,242.98367309570312
0.019999999552965164,215.65354919433594,-0.042632948607206345,225.648681640625
1.5322834253311157,633.9527587890625,1.5152093172073364,579.8091430664062
0.14472442865371704,39.527557373046875,0.09710690379142761,50.033363342285156
0.3941732347011566,270.6929016113281,0.30871644616127014,341.3906555175781
1.7973228693008423,611.93701171875,1.1515603065490723,633.1494140625
1.8596850633621216,78.05511474609375,1.847584843635559,90.3271713256836
1.1269291639328003,677.9842529296875,1.2786120176315308,642.91357421875
1.6258267164230347,700.0,1.6643242835998535,566.0537719726562
1.2984251976013184,248.6771697998047,1.4436300992965698,163.43206787109375
0.5968503952026367,666.9763793945312,0.8361584544181824,463.6959228515625
0.5656692981719971,243.17323303222656,0.6433638334274292,186.4590606689453
0.22267717123031616,683.4881591796875,0.20419786870479584,547.7110595703125
1.9844094514846802,369.7638244628906,1.4570668935775757,492.1971130371094
0.6748031377792358,688.9921264648438,1.0230406522750854,485.2331848144531
0.06677165627479553,138.59841918945312,0.18309691548347473,101.80341339111328
0.3162204623222351,628.4487915039062,0.7015533447265625,425.6939392089844
0.659212589263916,606.4330444335938,1.0851590633392334,384.8553161621094
1.812913417816162,683.4881591796875,1.7718896865844727,553.8222045898438
0.33181101083755493,578.9133911132812,0.4767497777938843,446.2845153808594
0.5188976526260376,171.62203979492188,0.5545843839645386,182.2269287109375
0.14472442865371704,468.8346862792969,0.27704867720603943,435.4137268066406
0.08236220479011536,105.5748062133789,0.05297895520925522,131.71609497070312
1.017795443534851,138.59841918945312,1.1363199949264526,119.61280059814453
1.0489764213562012,534.8818969726562,0.8621839880943298,593.6480712890625
0.26944881677627563,463.33074951171875,0.547356367111206,328.474853515625
0.8462992310523987,688.9921264648438,1.1908050775527954,585.9102172851562
0.5344882011413574,149.60629272460938,0.6289246678352356,127.51911926269531
1.9844094514846802,193.63780212402344,1.5881597995758057,229.309326171875
0.5968503952026367,94.56694030761719,0.58448326587677,134.3577880859375
0.9554330706596375,369.7638244628906,1.2333204746246338,419.1466369628906
1.7973228693008423,281.7007751464844,1.3655107021331787,398.15985107421875
0.5968503952026367,127.5905532836914,0.569853663444519,116.63605499267578
0.26944881677627563,375.26776123046875,0.2686815857887268,441.978271484375
0.908661425113678,391.779541015625,1.3214174509048462,340.46331787109375
1.6258267164230347,661.472412109375,1.766116976737976,557.191162109375
1.6258267164230347,589.9212646484375,1.3760035037994385,608.8665771484375
1.423149585723877,655.968505859375,1.6905345916748047,585.5995483398438
1.0957480669021606,578.9133911132812,1.1579277515411377,446.5449523925781
1.0957480669021606,248.6771697998047,1.1346253156661987,265.9772033691406
0.2538582682609558,639.4566650390625,0.3329302966594696,647.849853515625
0.5188976526260376,144.10235595703125,0.4446893632411957,153.57650756835938
1.4387401342391968,347.7480163574219,1.3293745517730713,394.3258972167969
0.7839370369911194,243.17323303222656,1.2042076587677002,160.7029571533203
0.9554330706596375,468.8346862792969,1.0300616025924683,498.216796875
1.2204724550247192,589.9212646484375,1.3456943035125732,672.82958984375
0.7995275855064392,639.4566650390625,1.2953835725784302,520.50244140625
1.7505512237548828,413.7952880859375,1.8128626346588135,424.2314453125
1.3607873916625977,529.3779296875,1.4787373542785645,500.5190734863281
0.06677165627479553,397.2834777832031,0.21270516514778137,383.3970642089844
0.3162204623222351,551.3936767578125,0.17937107384204865,508.77740478515625
0.20708660781383514,17.511810302734375,0.22733403742313385,9.599802017211914
0.6124409437179565,199.14173889160156,0.49786582589149475,230.5751495361328
0.7371653318405151,309.220458984375,0.7601077556610107,307.6123046875
0.1759055107831955,160.61416625976562,0.25020715594291687,132.8985595703125
1.8752756118774414,424.80316162109375,1.8452975749969482,587.7344970703125
0.7683464288711548,551.3936767578125,0.785478949546814,516.4517822265625
0.48771652579307556,650.4645385742188,0.6000002026557922,580.6204223632812
0.12913386523723602,287.2047119140625,0.25717297196388245,350.37054443359375
1.828503966331482,188.13388061523438,1.4749345779418945,208.1372833251953
1.329606294631958,83.55905151367188,1.0260404348373413,167.28152465820312
0.7059842348098755,133.094482421875,0.6486893892288208,170.48385620117188
0.9242519736289978,556.8976440429688,1.0785421133041382,531.300048828125
0.03559055179357529,534.8818969726562,0.19395412504673004,529.549560546875
0.40976378321647644,89.06298828125,0.430522620677948,118.70652770996094
0.16031496226787567,116.58268737792969,0.26872918009757996,95.90528869628906
1.15811026096344,199.14173889160156,1.3499289751052856,172.75238037109375
1.1737008094787598,419.2992248535156,1.3884921073913574,341.7613525390625
1.6414172649383545,171.62203979492188,1.5017303228378296,179.01693725585938
0.9866141676902771,182.62994384765625,0.8733782768249512,280.88262939453125
1.734960675239563,188.13388061523438,1.5994008779525757,223.98141479492188
1.064566969871521,160.61416625976562,1.3056397438049316,144.59304809570312
0.09795275330543518,655.968505859375,0.21044839918613434,516.6117553710938
0.752755880355835,133.094482421875,0.7646856904029846,164.3997039794922
0.3006299138069153,567.905517578125,0.040427230298519135,523.1248779296875
0.8774803280830383,644.9606323242188,0.9661931991577148,568.9641723632812
0.6903936862945557,347.7480163574219,0.9649325013160706,284.121826171875
0.03559055179357529,325.7322692871094,0.30677494406700134,258.18914794921875
0.4565354287624359,23.0157470703125,0.36755067110061646,13.627288818359375
0.34740158915519714,138.59841918945312,0.25999635457992554,180.10391235351562
0.238267719745636,452.32281494140625,0.5527790784835815,442.70068359375
0.20708660781383514,342.24407958984375,0.16757377982139587,363.70941162109375
0.5656692981719971,441.3149719238281,0.7446110844612122,361.33197021484375
1.3140157461166382,551.3936767578125,1.1701875925064087,522.5931396484375
0.19149605929851532,567.905517578125,0.20640665292739868,578.10009765625
0.5033071041107178,188.13388061523438,0.4922361373901367,245.7844696044922
1.0333858728408813,468.8346862792969,1.2488638162612915,521.5422973632812
1.4855117797851562,468.8346862792969,1.6495729684829712,407.76458740234375
0.659212589263916,111.07874298095703,0.5747531056404114,85.0761489868164
0.9554330706596375,375.26776123046875,1.172728180885315,387.2715759277344
1.6102361679077148,50.53543472290039,1.6809258460998535,78.62403869628906
0.113543301820755,23.0157470703125,-0.1712290346622467,103.54554748535156
0.4565354287624359,644.9606323242188,0.5112038254737854,485.334716796875
0.47212597727775574,166.11810302734375,0.5246603488922119,137.57855224609375
0.7371653318405151,221.15748596191406,0.5958701968193054,260.31329345703125
0.6280314922332764,501.8582763671875,1.0440759658813477,490.2065734863281
0.6124409437179565,479.842529296875,0.39732789993286133,526.1017456054688
0.6436220407485962,89.06298828125,0.6304996609687805,62.88509750366211
1.6414172649383545,320.22833251953125,1.4624630212783813,270.9091491699219
1.5478739738464355,6.503936767578125,1.8406505584716797,10.455656051635742
0.5656692981719971,171.62203979492188,0.8922382593154907,88.16813659667969
1.3140157461166382,265.18896484375,1.4445805549621582,247.53204345703125
0.8930708765983582,353.251953125,0.8568358421325684,378.3990478515625
1.6258267164230347,270.6929016113281,1.363530158996582,376.5108337402344
1.5790550708770752,353.251953125,1.6684131622314453,494.23309326171875
1.236063003540039,683.4881591796875,1.6610954999923706,587.3741455078125
1.2672441005706787,430.3070983886719,1.3194823265075684,580.3829345703125
0.5812598466873169,292.7086486816406,0.5475722551345825,361.7214660644531
1.9376378059387207,89.06298828125,1.591905951499939,129.79986572265625
0.9866141676902771,23.0157470703125,0.843453586101532,30.710195541381836
1.3451968431472778,276.19683837890625,1.3658334016799927,300.45770263671875
1.4699212312698364,457.8267517089844,1.9568288326263428,416.919921875
1.3763779401779175,232.16537475585938,1.6610716581344604,151.92068481445312
0.659212589263916,589.9212646484375,0.6238695979118347,551.5380859375
1.7037795782089233,336.7401428222656,1.5146219730377197,386.0355529785156
1.828503966331482,617.44091796875,1.5885940790176392,607.2183837890625
0.3162204623222351,78.05511474609375,0.12873610854148865,101.85029602050781
0.5188976526260376,375.26776123046875,0.5885183811187744,439.09307861328125
1.4699212312698364,111.07874298095703,1.5775947570800781,63.95925521850586
1.4543306827545166,298.21258544921875,1.8706806898117065,312.4648132324219
0.6436220407485962,34.02362060546875,0.9391639232635498,-16.91006088256836
0.40976378321647644,149.60629272460938,0.3128338158130646,141.39183044433594
1.6881890296936035,133.094482421875,1.5054645538330078,161.42779541015625
1.15811026096344,342.24407958984375,1.1718934774398804,338.4164123535156
1.2204724550247192,210.1496124267578,1.0799051523208618,227.40975952148438
1.8440945148468018,78.05511474609375,1.3959450721740723,189.5467529296875
0.48771652579307556,633.9527587890625,0.5410104393959045,534.014892578125
0.9398425221443176,127.5905532836914,1.1585948467254639,48.87102127075195
0.48771652579307556,127.5905532836914,0.5770210027694702,68.11737823486328
0.9398425221443176,364.2598876953125,0.9898918867111206,351.1424865722656
0.7839370369911194,39.527557373046875,0.7599194049835205,50.7336540222168
1.236063003540039,688.9921264648438,0.9754660725593567,601.5681762695312
0.28503936529159546,303.7165222167969,0.47080621123313904,284.4503173828125
2.0,700.0,1.48231840133667,648.3117065429688
1.8596850633621216,501.8582763671875,1.4229662418365479,605.9228515625
1.4387401342391968,298.21258544921875,1.5429710149765015,282.1229553222656
1.6102361679077148,292.7086486816406,1.9538363218307495,195.914794921875
0.09795275330543518,551.3936767578125,0.13814380764961243,527.8933715820312
1.9376378059387207,105.5748062133789,1.643786072731018,174.28750610351562
1.3451968431472778,375.26776123046875,1.1449933052062988,521.4381103515625
0.03559055179357529,116.58268737792969,0.05015811324119568,141.93727111816406
0.1759055107831955,474.3385925292969,0.10806606709957123,501.4499816894531
1.812913417816162,270.6929016113281,1.4694974422454834,434.96142578125
1.1113386154174805,441.3149719238281,1.4390902519226074,398.50897216796875
2.0,17.511810302734375,1.9026836156845093,8.554402351379395
1.8596850633621216,45.031494140625,1.951813817024231,49.973167419433594
1.8908661603927612,606.4330444335938,1.8297145366668701,574.811767578125
0.7059842348098755,56.039371490478516,0.6252442002296448,67.81632232666016
0.3941732347011566,314.7243957519531,0.5236143469810486,279.9956970214844
1.8440945148468018,144.10235595703125,1.511553406715393,168.68408203125
1.4543306827545166,446.8188781738281,1.543458104133606,336.79339599609375
1.7193701267242432,507.3622131347656,1.7258394956588745,478.0467224121094
1.0022047758102417,342.24407958984375,1.0388654470443726,380.6118469238281
1.236063003540039,672.4802856445312,1.577271580696106,516.4214477539062
0.3162204623222351,441.3149719238281,0.6701232194900513,288.0323486328125
1.2204724550247192,457.8267517089844,1.4637738466262817,463.14166259765625
1.3451968431472778,545.8897705078125,1.5494035482406616,635.819091796875
0.5812598466873169,413.7952880859375,0.41088154911994934,527.7233276367188
1.8596850633621216,237.66929626464844,1.572853684425354,377.12078857421875
1.2672441005706787,622.9448852539062,1.9623531103134155,459.2142333984375
0.3941732347011566,413.7952880859375,0.34187057614326477,413.58935546875
1.236063003540039,639.4566650390625,1.4317100048065186,450.8815612792969
1.4855117797851562,600.9291381835938,1.590461254119873,527.9107666015625
1.3451968431472778,606.4330444335938,1.770474910736084,377.7275390625
0.113543301820755,177.1259765625,0.13414745032787323,170.25450134277344
0.5500787496566772,463.33074951171875,0.8920512795448303,525.1024169921875
0.113543301820755,34.02362060546875,-0.040643878281116486,112.5941162109375
1.423149585723877,589.9212646484375,1.6793161630630493,592.7591552734375
0.9710236191749573,193.63780212402344,1.0115978717803955,207.92037963867188
0.5656692981719971,61.54330825805664,0.6025393009185791,82.51058197021484
1.6725984811782837,617.44091796875,1.4934885501861572,498.146728515625
0.8774803280830383,122.08661651611328,0.9173948168754578,81.58819580078125
0.7683464288711548,204.6456756591797,0.5478649735450745,270.162353515625
0.6903936862945557,83.55905151367188,0.6681224703788757,91.8235855102539
1.064566969871521,413.7952880859375,1.3305612802505493,363.51422119140625
0.16031496226787567,292.7086486816406,0.33131420612335205,233.0740509033203
1.3451968431472778,353.251953125,1.2643065452575684,469.4959716796875
1.516692876815796,562.4015502929688,1.8078581094741821,593.029296875
1.501102328300476,540.3858032226562,1.8215101957321167,390.05609130859375
1.7661417722702026,386.2756042480469,1.6519838571548462,284.33013916015625
1.2516535520553589,424.80316162109375,1.0198928117752075,450.194091796875
0.16031496226787567,413.7952880859375,0.39098215103149414,307.19781494140625
0.2538582682609558,545.8897705078125,0.5009268522262573,546.1858520507812
0.8618897795677185,127.5905532836914,0.6481202244758606,116.27793884277344
0.7059842348098755,545.8897705078125,1.3566974401474,418.6354064941406
0.7839370369911194,144.10235595703125,0.8655804395675659,121.14348602294922
0.40976378321647644,364.2598876953125,0.40212976932525635,406.6930236816406
1.828503966331482,419.2992248535156,1.7959212064743042,524.2798461914062
0.5033071041107178,375.26776123046875,0.8119438886642456,287.0477600097656
0.28503936529159546,127.5905532836914,0.38628140091896057,89.9881362915039
1.5322834253311157,468.8346862792969,1.439038634300232,610.8412475585938
1.3919684886932373,254.1811065673828,1.285025954246521,393.3365478515625
0.6748031377792358,298.21258544921875,0.7055360674858093,458.8576965332031
0.14472442865371704,655.968505859375,0.4294760525226593,471.4307861328125
0.113543301820755,204.6456756591797,0.020594408735632896,255.78353881835938
0.33181101083755493,391.779541015625,0.4742964506149292,443.5179138183594
0.9866141676902771,644.9606323242188,1.3732364177703857,516.2849731445312
1.9844094514846802,419.2992248535156,1.6572192907333374,493.0624084472656
0.12913386523723602,518.3700561523438,0.34937113523483276,454.2529296875
1.9220472574234009,700.0,1.463002324104309,756.705078125
0.8774803280830383,28.519685745239258,0.858159065246582,81.66827392578125
1.0957480669021606,111.07874298095703,0.8876215815544128,170.98561096191406
1.4699212312698364,342.24407958984375,1.7589012384414673,261.6748046875
0.908661425113678,666.9763793945312,1.1469287872314453,571.6354370117188
0.22267717123031616,89.06298828125,0.1624240130186081,59.355865478515625
1.6881890296936035,551.3936767578125,1.8254773616790771,570.6485595703125
2.0,545.8897705078125,1.9511563777923584,517.484130859375
1.017795443534851,336.7401428222656,1.411141037940979,204.72335815429688
1.6725984811782837,567.905517578125,1.7213608026504517,542.113037109375
0.019999999552965164,309.220458984375,0.09057961404323578,243.3500213623047
0.3941732347011566,72.55117797851562,0.43153145909309387,56.827125549316406
0.752755880355835,39.527557373046875,0.6457047462463379,157.55160522460938
0.6903936862945557,419.2992248535156,0.7434722781181335,389.97027587890625
0.238267719745636,270.6929016113281,0.34197697043418884,290.91632080078125
0.752755880355835,254.1811065673828,0.8770143985748291,224.26319885253906
1.516692876815796,496.3543395996094,1.5750867128372192,412.4158020019531
0.40976378321647644,56.039371490478516,0.3093775808811188,60.803924560546875
1.906456708908081,518.3700561523438,2.012892961502075,568.9082641601562
0.5812598466873169,303.7165222167969,0.6202324032783508,302.1770935058594
0.20708660781383514,56.039371490478516,0.2351001501083374,28.792165756225586
0.4565354287624359,331.2362060546875,0.2989014983177185,394.30194091796875
0.1759055107831955,237.66929626464844,0.2398586869239807,213.01300048828125
0.22267717123031616,529.3779296875,0.3128923177719116,573.341064453125
1.1425197124481201,468.8346862792969,1.5390825271606445,366.6480407714844
0.22267717123031616,270.6929016113281,0.666034996509552,162.48521423339844
1.1892913579940796,6.503936767578125,1.4350903034210205,-8.988658905029297
0.40976378321647644,496.3543395996094,0.6580570936203003,511.5189208984375
0.16031496226787567,633.9527587890625,0.3520526587963104,557.90283203125
0.08236220479011536,39.527557373046875,0.26312190294265747,-58.96268844604492
1.8908661603927612,204.6456756591797,1.4274365901947021,307.8487548828125
1.1737008094787598,452.32281494140625,1.2112749814987183,450.412841796875
1.6258267164230347,457.8267517089844,1.6742416620254517,513.2344360351562
1.4075590372085571,292.7086486816406,1.4886285066604614,370.2728576660156
1.906456708908081,501.8582763671875,2.0130181312561035,457.61981201171875
1.828503966331482,292.7086486816406,1.7493362426757812,293.08135986328125
1.8752756118774414,595.4251708984375,2.04970121383667,517.827392578125
0.3006299138069153,479.842529296875,0.3173591196537018,486.7351989746094
0.9554330706596375,78.05511474609375,0.8294743895530701,66.59725189208984
0.7371653318405151,600.9291381835938,0.798127293586731,527.0916748046875
1.7193701267242432,666.9763793945312,1.726222276687622,690.2470703125
1.7193701267242432,523.8740234375,1.265718936920166,729.3923950195312
0.3785826861858368,551.3936767578125,0.268902987241745,575.9803466796875
1.7193701267242432,408.2913513183594,1.5560969114303589,346.1236877441406
0.6903936862945557,265.18896484375,0.7412102818489075,228.37648010253906
1.9688189029693604,650.4645385742188,1.6167323589324951,552.2559814453125
0.8307086825370789,677.9842529296875,1.2283092737197876,545.1168212890625
1.501102328300476,149.60629272460938,1.7637250423431396,25.344161987304688
1.9844094514846802,94.56694030761719,1.7736904621124268,113.08271789550781
0.36299213767051697,199.14173889160156,0.4186245799064636,231.4334259033203
0.9398425221443176,650.4645385742188,1.2363266944885254,599.54052734375
1.8596850633621216,677.9842529296875,1.8294508457183838,484.5938720703125
1.3607873916625977,650.4645385742188,1.4216573238372803,575.6627807617188
0.19149605929851532,452.32281494140625,0.4097614288330078,420.3219299316406
1.4855117797851562,83.55905151367188,1.4768186807632446,40.327606201171875
0.5656692981719971,463.33074951171875,0.9014811515808105,385.7870788574219
1.9688189029693604,314.7243957519531,2.0509231090545654,327.2488098144531
1.3607873916625977,567.905517578125,1.627147912979126,491.2789306640625
1.236063003540039,298.21258544921875,0.9779669046401978,431.0344543457031
1.4543306827545166,259.6850280761719,1.463558316230774,309.28729248046875
1.064566969871521,584.4172973632812,1.456503987312317,519.255615234375
1.3607873916625977,248.6771697998047,1.5117380619049072,248.64266967773438
1.9688189029693604,292.7086486816406,1.9591341018676758,326.82879638671875
0.40976378321647644,270.6929016113281,0.5196735858917236,273.4688720703125
1.4075590372085571,199.14173889160156,1.2999383211135864,208.72239685058594
1.064566969871521,177.1259765625,0.9892838597297668,242.80435180664062
0.20708660781383514,567.905517578125,0.28189289569854736,507.4226989746094
1.236063003540039,661.472412109375,1.5113669633865356,547.0946044921875
1.0489764213562012,287.2047119140625,1.5370908975601196,245.3860321044922
0.2538582682609558,342.24407958984375,0.5601364970207214,268.96624755859375
1.6102361679077148,694.4960327148438,1.6168947219848633,546.3632202148438
0.05118110775947571,650.4645385742188,0.2407742291688919,568.5546264648438
0.5656692981719971,325.7322692871094,0.8945692181587219,329.7483825683594
1.5322834253311157,529.3779296875,1.4480291604995728,465.76507568359375
1.0801575183868408,567.905517578125,0.957800567150116,654.0853881835938
1.2516535520553589,166.11810302734375,1.1734987497329712,134.42776489257812
1.4699212312698364,50.53543472290039,1.4089291095733643,88.83519744873047
0.6436220407485962,507.3622131347656,0.9593695998191833,471.8712158203125
1.812913417816162,303.7165222167969,1.6350321769714355,314.67767333984375
0.6124409437179565,193.63780212402344,0.37839800119400024,166.5915985107422
0.5188976526260376,155.1102294921875,0.42451396584510803,200.28627014160156
1.501102328300476,589.9212646484375,1.3746036291122437,604.8287963867188
1.3763779401779175,573.409423828125,1.5291916131973267,599.8720092773438
0.42535433173179626,353.251953125,0.70127934217453,294.3212890625
1.5634645223617554,276.19683837890625,1.382267713546753,313.2029113769531
1.594645619392395,270.6929016113281,1.3000746965408325,452.94952392578125
1.6570079326629639,672.4802856445312,1.428958773612976,556.2171020507812
0.08236220479011536,611.93701171875,0.23815251886844635,488.1968994140625
1.7193701267242432,358.7558898925781,1.2761268615722656,497.9266357421875
0.6903936862945557,94.56694030761719,0.5263913869857788,168.4324951171875
0.8930708765983582,457.8267517089844,1.3140090703964233,422.26025390625
1.2984251976013184,61.54330825805664,1.1724309921264648,129.515869140625
0.42535433173179626,276.19683837890625,0.5360621809959412,268.3817443847656
0.9866141676902771,622.9448852539062,1.0214757919311523,674.830322265625
1.423149585723877,237.66929626464844,0.9996558427810669,443.2879943847656
0.3941732347011566,182.62994384765625,0.3923218548297882,183.10545349121094
1.6725984811782837,402.78741455078125,1.7214128971099854,464.2147216796875
0.05118110775947571,496.3543395996094,-0.004514027386903763,499.0736999511719
1.3140157461166382,292.7086486816406,1.098646879196167,484.7934265136719
1.5790550708770752,562.4015502929688,1.0140098333358765,433.9283752441406
0.16031496226787567,540.3858032226562,0.48192524909973145,560.1347045898438
1.4855117797851562,171.62203979492188,1.2111132144927979,273.7828674316406
0.34740158915519714,144.10235595703125,0.25787800550460815,132.2178497314453
1.0333858728408813,606.4330444335938,1.4041298627853394,569.2817993164062
1.2984251976013184,507.3622131347656,1.9503916501998901,390.1360778808594
1.017795443534851,606.4330444335938,1.5935317277908325,564.8120727539062
1.501102328300476,133.094482421875,1.1742461919784546,191.23699951171875
0.16031496226787567,193.63780212402344,0.35943514108657837,158.68446350097656
1.0489764213562012,677.9842529296875,1.1987320184707642,492.75030517578125
1.4543306827545166,89.06298828125,1.586717963218689,34.06359100341797
1.15811026096344,617.44091796875,1.5938762426376343,550.3803100585938
1.8440945148468018,595.4251708984375,1.702230453491211,576.4437866210938
1.3763779401779175,314.7243957519531,1.5429904460906982,386.3469543457031
1.4075590372085571,309.220458984375,1.498511791229248,339.2794494628906
1.1737008094787598,446.8188781738281,1.2982513904571533,467.17828369140625
0.752755880355835,177.1259765625,0.648328423500061,243.45884704589844
1.3140157461166382,666.9763793945312,1.7162528038024902,512.0081787109375
0.03559055179357529,193.63780212402344,0.1999914050102234,180.01168823242188
1.6414172649383545,78.05511474609375,1.4364049434661865,116.73126983642578
0.6436220407485962,281.7007751464844,0.8594432473182678,210.22067260742188
0.47212597727775574,50.53543472290039,0.5032228827476501,35.60088348388672
1.1269291639328003,325.7322692871094,0.8743968605995178,477.44305419921875
1.0333858728408813,221.15748596191406,1.523819923400879,128.20516967773438
1.2672441005706787,34.02362060546875,1.331581473350525,43.10263442993164
0.5656692981719971,595.4251708984375,0.469736784696579,572.7587280273438
0.7995275855064392,628.4487915039062,1.4280083179473877,541.3616333007812
1.8596850633621216,336.7401428222656,1.8339388370513916,452.4687805175781
0.7995275855064392,430.3070983886719,1.1122959852218628,371.6603698730469
0.6280314922332764,688.9921264648438,0.8468358516693115,607.1363525390625
0.238267719745636,529.3779296875,0.20798420906066895,535.3421630859375
0.3162204623222351,644.9606323242188,0.3767740726470947,604.9633178710938
0.8774803280830383,375.26776123046875,0.7352192997932434,452.1450500488281
0.47212597727775574,534.8818969726562,0.7017838358879089,509.8169860839844
1.4387401342391968,281.7007751464844,1.2568070888519287,265.3921813964844
0.06677165627479553,166.11810302734375,-0.04315532371401787,204.41587829589844
1.329606294631958,644.9606323242188,1.316751480102539,518.0592041015625
1.516692876815796,507.3622131347656,1.7327191829681396,563.516357421875
1.9532283544540405,6.503936767578125,1.7675471305847168,33.86754608154297
0.752755880355835,474.3385925292969,0.9119752049446106,472.0124816894531
1.2204724550247192,127.5905532836914,1.1245542764663696,139.67799377441406
0.5812598466873169,155.1102294921875,0.2509295344352722,252.2274627685547
1.15811026096344,237.66929626464844,0.9529882669448853,265.90655517578125
0.5188976526260376,694.4960327148438,0.625707745552063,647.2576904296875
0.05118110775947571,540.3858032226562,0.13532644510269165,545.5849609375
0.8462992310523987,683.4881591796875,0.42965057492256165,641.703369140625
1.9376378059387207,232.16537475585938,2.137944459915161,227.17535400390625
1.423149585723877,408.2913513183594,1.455043077468872,452.5696105957031
0.752755880355835,545.8897705078125,0.8153621554374695,460.6478576660156
1.501102328300476,232.16537475585938,1.436165452003479,306.24859619140625
1.8908661603927612,452.32281494140625,1.8246972560882568,497.1120910644531
0.4409448802471161,50.53543472290039,0.29872560501098633,98.8580551147461
0.908661425113678,408.2913513183594,0.8440535068511963,395.6978454589844
1.6725984811782837,314.7243957519531,1.347830891609192,416.18145751953125
0.22267717123031616,133.094482421875,0.029438160359859467,191.73556518554688
0.8930708765983582,34.02362060546875,0.7652090787887573,105.36520385742188
1.3451968431472778,39.527557373046875,1.3187826871871948,74.25574493408203
0.14472442865371704,402.78741455078125,0.159885436296463,470.1757507324219
1.7973228693008423,28.519685745239258,1.7820826768875122,7.362401962280273
1.7505512237548828,309.220458984375,1.3485922813415527,373.07196044921875
0.34740158915519714,182.62994384765625,0.4591440260410309,152.11886596679688
0.7371653318405151,611.93701171875,0.9487585425376892,413.1205139160156
0.4409448802471161,386.2756042480469,0.5186428427696228,484.6290283203125
0.6748031377792358,435.81103515625,0.7827194333076477,435.4558410644531
1.906456708908081,39.527557373046875,1.6280332803726196,109.2435302734375
1.6725984811782837,364.2598876953125,1.7677688598632812,452.01019287109375
0.28503936529159546,320.22833251953125,0.33452630043029785,338.6519470214844
0.8774803280830383,441.3149719238281,0.8605407476425171,505.033203125
0.4409448802471161,677.9842529296875,0.29932886362075806,572.2128295898438
0.5968503952026367,259.6850280761719,0.6794423460960388,284.9092102050781
1.3607873916625977,331.2362060546875,1.537935733795166,368.0943908691406
0.7995275855064392,501.8582763671875,1.431534767150879,407.7701110839844
1.7037795782089233,463.33074951171875,1.7474695444107056,387.9324035644531
0.8930708765983582,215.65354919433594,0.8743764758110046,247.597412109375
1.0801575183868408,606.4330444335938,1.1296288967132568,651.3079833984375
1.812913417816162,166.11810302734375,2.0966145992279053,134.26437377929688
1.0489764213562012,485.3464660644531,1.429324746131897,459.4736022949219
0.48771652579307556,606.4330444335938,0.515594482421875,549.926025390625
0.8930708765983582,622.9448852539062,1.285386085510254,627.19921875
1.3140157461166382,221.15748596191406,1.2634239196777344,295.1479187011719
1.0489764213562012,94.56694030761719,0.9208040833473206,96.44378662109375
0.9710236191749573,155.1102294921875,0.9218304753303528,155.4517059326172
1.6881890296936035,391.779541015625,1.7013115882873535,397.60345458984375
1.4387401342391968,556.8976440429688,1.3420032262802124,461.5263671875
0.20708660781383514,193.63780212402344,0.11436329782009125,195.59214782714844
1.064566969871521,661.472412109375,0.7856521010398865,692.8583374023438
0.19149605929851532,39.527557373046875,0.11691214144229889,20.622072219848633
1.017795443534851,237.66929626464844,1.0235024690628052,264.32330322265625
1.017795443534851,342.24407958984375,1.0954945087432861,373.6533203125
1.906456708908081,166.11810302734375,1.5598089694976807,256.08428955078125
0.5968503952026367,138.59841918945312,0.44576162099838257,181.2804718017578
1.6570079326629639,105.5748062133789,1.260021686553955,175.7044219970703
0.06677165627479553,595.4251708984375,0.15553468465805054,581.9138793945312
1.0022047758102417,34.02362060546875,0.9945269823074341,27.99785614013672
1.0022047758102417,633.9527587890625,1.019790530204773,453.4459228515625
0.8307086825370789,463.33074951171875,0.8372396230697632,439.03350830078125
1.15811026096344,303.7165222167969,1.3199026584625244,286.60137939453125
0.3162204623222351,452.32281494140625,0.20827656984329224,451.4567565917969
0.3006299138069153,534.8818969726562,0.13799132406711578,657.079833984375
1.1269291639328003,105.5748062133789,1.175260305404663,66.00328063964844
1.0333858728408813,655.968505859375,0.9970675706863403,589.0911865234375
1.5322834253311157,171.62203979492188,1.8344683647155762,90.0684814453125
0.659212589263916,347.7480163574219,0.5188670754432678,440.91015625
1.6414172649383545,424.80316162109375,1.5920017957687378,499.84637451171875
1.9844094514846802,650.4645385742188,1.3124791383743286,691.7982788085938
0.36299213767051697,265.18896484375,0.34924259781837463,235.54940795898438
0.238267719745636,551.3936767578125,0.3149765133857727,542.039306640625
0.34740158915519714,595.4251708984375,0.4075189232826233,555.5795288085938
0.2538582682609558,518.3700561523438,0.2876603305339813,525.1597290039062
0.3162204623222351,182.62994384765625,0.41703587770462036,161.974853515625
0.47212597727775574,402.78741455078125,0.6742720603942871,417.0315246582031
0.34740158915519714,661.472412109375,0.5229480266571045,625.8893432617188
0.36299213767051697,331.2362060546875,0.3030889630317688,366.3448791503906
1.0022047758102417,474.3385925292969,0.9300809502601624,444.49139404296875
1.501102328300476,666.9763793945312,1.6110504865646362,646.275146484375
0.7839370369911194,562.4015502929688,1.0301549434661865,554.3748779296875
1.15811026096344,446.8188781738281,1.1724685430526733,511.65643310546875
1.594645619392395,347.7480163574219,1.640458583831787,410.28497314453125
0.8774803280830383,138.59841918945312,0.969426691532135,143.2225799560547
0.3785826861858368,56.039371490478516,0.3392470180988312,39.98228454589844
1.017795443534851,380.77166748046875,1.1804627180099487,357.05059814453125
0.19149605929851532,61.54330825805664,0.22962920367717743,85.36659240722656
0.09795275330543518,666.9763793945312,-0.06894615292549133,560.9911499023438
1.2984251976013184,105.5748062133789,1.1263154745101929,175.00416564941406
0.752755880355835,567.905517578125,0.7190653085708618,571.7931518554688
0.6124409437179565,67.0472412109375,0.4708824157714844,107.35946655273438
0.22267717123031616,12.00787353515625,0.18432454764842987,33.9935188293457
0.5656692981719971,468.8346862792969,0.6118271946907043,557.877197265625
0.8307086825370789,375.26776123046875,0.940191388130188,357.25164794921875
1.1892913579940796,512.8661499023438,1.3437925577163696,579.0006713867188
1.2048819065093994,314.7243957519531,0.8855019807815552,517.3389892578125
1.3607873916625977,688.9921264648438,1.3827943801879883,556.2260131835938
0.8618897795677185,83.55905151367188,0.7917985916137695,82.72843170166016
1.501102328300476,501.8582763671875,1.7834042310714722,440.3540344238281
0.7683464288711548,171.62203979492188,0.6098552346229553,214.0758514404297
1.2828346490859985,23.0157470703125,1.173919439315796,-6.270556449890137
0.48771652579307556,507.3622131347656,0.5553711652755737,554.3558349609375
0.7683464288711548,457.8267517089844,0.9155157804489136,420.4584655761719
1.2048819065093994,320.22833251953125,0.9995443820953369,466.8598937988281
0.7995275855064392,358.7558898925781,0.7790482044219971,413.85400390625
0.5812598466873169,342.24407958984375,0.6009159684181213,326.49835205078125
1.9532283544540405,562.4015502929688,1.618356466293335,497.9860534667969
1.3140157461166382,331.2362060546875,1.3736313581466675,306.20709228515625
0.9866141676902771,149.60629272460938,0.8386541604995728,204.54733276367188
1.812913417816162,622.9448852539062,1.745106816291809,557.1483154296875
0.33181101083755493,133.094482421875,0.2995665669441223,166.11810302734375
1.3919684886932373,578.9133911132812,1.3897780179977417,575.8198852539062
1.906456708908081,677.9842529296875,1.7716668844223022,581.8953247070312
1.9532283544540405,127.5905532836914,1.9759856462478638,44.51054000854492
1.4075590372085571,463.33074951171875,1.4430440664291382,446.7549743652344
0.1759055107831955,270.6929016113281,0.5435590744018555,158.80450439453125
1.2672441005706787,265.18896484375,1.5578129291534424,237.01768493652344
0.12913386523723602,171.62203979492188,0.1382295936346054,195.4483642578125
0.26944881677627563,545.8897705078125,0.18841637670993805,537.6831665039062
0.7371653318405151,34.02362060546875,0.5911836624145508,23.576507568359375
1.812913417816162,221.15748596191406,1.987596869468689,305.28057861328125
0.14472442865371704,56.039371490478516,0.13383114337921143,74.33677673339844
1.017795443534851,56.039371490478516,0.9089183807373047,140.01841735839844
0.659212589263916,127.5905532836914,0.7066335678100586,102.24171447753906
1.8440945148468018,254.1811065673828,1.5111956596374512,184.5064697265625
1.906456708908081,232.16537475585938,1.4392402172088623,278.4118957519531
0.8774803280830383,408.2913513183594,1.066317081451416,362.3606872558594
0.6124409437179565,408.2913513183594,0.6025586724281311,455.02825927734375
0.9242519736289978,221.15748596191406,1.3117188215255737,133.00218200683594
0.09795275330543518,639.4566650390625,0.21466989815235138,578.63232421875
0.5344882011413574,369.7638244628906,0.6056020259857178,287.1695556640625
0.4409448802471161,540.3858032226562,0.5881068110466003,496.93292236328125
1.6414172649383545,490.85040283203125,1.7656126022338867,423.5963134765625
0.3785826861858368,650.4645385742188,0.6449718475341797,632.5108642578125
1.423149585723877,122.08661651611328,1.5701749324798584,158.93045043945312
0.7059842348098755,243.17323303222656,0.6800511479377747,270.15802001953125
0.5500787496566772,160.61416625976562,0.600638210773468,118.99124145507812
0.8930708765983582,199.14173889160156,1.2245924472808838,134.05409240722656
0.3941732347011566,463.33074951171875,0.6326711177825928,455.9697570800781
1.828503966331482,353.251953125,1.7659770250320435,411.40142822265625
0.6748031377792358,617.44091796875,0.9502241015434265,578.7593383789062
1.6725984811782837,45.031494140625,1.7055360078811646,3.5541534423828125
0.5344882011413574,265.18896484375,0.205485537648201,319.998046875
1.6725984811782837,56.039371490478516,1.4255039691925049,106.18985748291016
0.5812598466873169,485.3464660644531,0.6626428365707397,410.883544921875
1.8440945148468018,523.8740234375,1.4759527444839478,570.6923828125
1.594645619392395,45.031494140625,1.7355321645736694,6.463127613067627
1.1737008094787598,6.503936767578125,1.1642390489578247,-5.452933311462402
1.7661417722702026,435.81103515625,1.7063262462615967,440.6243896484375
0.5033071041107178,215.65354919433594,0.5979868173599243,204.24647521972656
1.064566969871521,89.06298828125,1.0929715633392334,93.62555694580078
2.0,281.7007751464844,1.9137605428695679,349.4988708496094
0.3006299138069153,61.54330825805664,0.3370960056781769,62.2910041809082
1.7505512237548828,435.81103515625,1.836561679840088,411.85125732421875
0.6903936862945557,254.1811065673828,0.538719117641449,272.57763671875
1.7817323207855225,413.7952880859375,1.1859462261199951,614.6226196289062
0.05118110775947571,50.53543472290039,-0.14530932903289795,120.50458526611328
1.4543306827545166,650.4645385742188,1.2174293994903564,610.3355102539062
1.017795443534851,391.779541015625,1.0969793796539307,389.28436279296875
1.9688189029693604,265.18896484375,1.6557949781417847,339.3113098144531
0.14472442865371704,353.251953125,0.18165723979473114,304.45086669921875
1.9376378059387207,661.472412109375,1.8446123600006104,460.0531921386719
1.0801575183868408,177.1259765625,0.9220340251922607,253.27346801757812
1.7037795782089233,133.094482421875,1.129712462425232,238.67665100097656
1.3607873916625977,171.62203979492188,1.5797467231750488,85.68310546875
1.594645619392395,215.65354919433594,1.0893912315368652,341.2269592285156
1.9220472574234009,518.3700561523438,1.7488895654678345,705.1201171875
0.7839370369911194,435.81103515625,0.9947011470794678,358.5572509765625
0.908661425113678,677.9842529296875,1.0241013765335083,545.1676635742188
0.4565354287624359,534.8818969726562,0.8647406697273254,566.8793334960938
1.0489764213562012,56.039371490478516,0.9289370775222778,103.10761260986328
0.4409448802471161,606.4330444335938,0.42261046171188354,536.6986083984375
1.516692876815796,105.5748062133789,1.3968639373779297,161.40060424804688
0.1759055107831955,512.8661499023438,0.2555646598339081,450.4162292480469
0.5344882011413574,254.1811065673828,0.7560186386108398,217.2191619873047
1.0957480669021606,254.1811065673828,1.061904788017273,269.5719909667969
1.2672441005706787,452.32281494140625,1.6570651531219482,433.8409118652344
0.7215747833251953,688.9921264648438,0.9870131611824036,584.6698608398438
0.22267717123031616,606.4330444335938,0.31049108505249023,500.4283142089844
0.7683464288711548,468.8346862792969,0.7552598714828491,560.0042114257812
1.1425197124481201,672.4802856445312,1.0094399452209473,644.0564575195312
1.9220472574234009,463.33074951171875,2.0444254875183105,459.7794189453125
1.8752756118774414,468.8346862792969,1.6314142942428589,554.8355712890625
1.594645619392395,567.905517578125,1.2486361265182495,550.5562744140625
0.113543301820755,369.7638244628906,0.35072532296180725,315.6192932128906
0.113543301820755,661.472412109375,0.16031700372695923,507.0994873046875
1.6881890296936035,111.07874298095703,1.3532930612564087,126.79375457763672
0.8618897795677185,89.06298828125,0.5964013338088989,127.29589080810547
1.2204724550247192,468.8346862792969,1.397349238395691,467.79638671875
1.2516535520553589,551.3936767578125,1.450056552886963,595.8404541015625
0.40976378321647644,661.472412109375,0.6196096539497375,529.981201171875
0.2538582682609558,155.1102294921875,0.2504512369632721,158.35792541503906
0.6903936862945557,166.11810302734375,1.1178902387619019,93.63096618652344
1.2516535520553589,232.16537475585938,1.1606186628341675,295.7179260253906
1.0957480669021606,292.7086486816406,1.055677056312561,381.79315185546875
0.03559055179357529,485.3464660644531,0.021961113438010216,579.4268798828125
0.5812598466873169,50.53543472290039,0.6350107789039612,26.360227584838867
0.08236220479011536,419.2992248535156,0.10642258822917938,443.451416015625
1.3140157461166382,617.44091796875,1.3874168395996094,568.400146484375
1.064566969871521,479.842529296875,1.293850302696228,430.8271484375
1.9532283544540405,633.9527587890625,1.5478427410125732,623.2948608398438
1.9376378059387207,386.2756042480469,1.8450487852096558,400.193359375
0.815118134021759,320.22833251953125,0.9076061844825745,346.5987854003906
0.05118110775947571,298.21258544921875,0.011388616636395454,304.7085266113281
1.423149585723877,446.8188781738281,1.5822560787200928,454.87176513671875
0.3785826861858368,325.7322692871094,0.4484671652317047,341.1730651855469
0.3785826861858368,446.8188781738281,0.8889874219894409,334.1521301269531
1.9688189029693604,116.58268737792969,1.5288798809051514,231.45396423339844
0.5188976526260376,655.968505859375,0.3068660795688629,637.7679443359375
1.1269291639328003,210.1496124267578,1.3051412105560303,152.98617553710938
0.8774803280830383,424.80316162109375,1.2184418439865112,282.33367919921875
0.7059842348098755,221.15748596191406,0.7136985659599304,272.730224609375
1.594645619392395,34.02362060546875,1.7064071893692017,-0.39289379119873047
0.9866141676902771,89.06298828125,0.7743182182312012,161.8230438232422
1.7973228693008423,628.4487915039062,1.5636056661605835,616.2109375
1.6414172649383545,650.4645385742188,1.4817932844161987,536.6521606445312
0.3006299138069153,237.66929626464844,0.14312051236629486,205.78057861328125
0.03559055179357529,391.779541015625,-0.0863470584154129,463.37286376953125
1.2984251976013184,700.0,1.5358206033706665,670.935546875
1.15811026096344,50.53543472290039,1.3020656108856201,17.699281692504883
1.0801575183868408,397.2834777832031,0.8497256636619568,492.82086181640625
0.47212597727775574,215.65354919433594,0.3519267439842224,231.512451171875
1.7661417722702026,441.3149719238281,1.724801778793335,482.5509338378906
1.8908661603927612,342.24407958984375,1.5646182298660278,423.53082275390625
0.3162204623222351,380.77166748046875,0.20963551104068756,341.35675048828125
0.6436220407485962,166.11810302734375,0.49304163455963135,142.87660217285156
0.3941732347011566,23.0157470703125,0.4075292646884918,34.75557327270508
1.6414172649383545,17.511810302734375,1.535818099975586,11.274353981018066
0.5812598466873169,270.6929016113281,0.5368991494178772,308.03692626953125
0.5656692981719971,628.4487915039062,0.5744985342025757,583.5808715820312
1.423149585723877,353.251953125,1.482543706893921,408.837646484375
0.3941732347011566,353.251953125,0.4213625192642212,423.4877014160156
1.9220472574234009,331.2362060546875,1.741685390472412,402.86578369140625
1.6570079326629639,127.5905532836914,1.686762809753418,105.09068298339844
1.5634645223617554,474.3385925292969,1.2834779024124146,520.0592651367188
0.5812598466873169,56.039371490478516,0.4332122504711151,88.81843566894531
1.9220472574234009,595.4251708984375,1.8849081993103027,525.9073486328125
1.064566969871521,171.62203979492188,1.016284465789795,171.1639404296875
0.22267717123031616,83.55905151367188,0.16614820063114166,104.63728332519531
0.8930708765983582,314.7243957519531,1.557722568511963,275.3660583496094
0.3941732347011566,193.63780212402344,0.5554016828536987,121.04227447509766
0.8462992310523987,375.26776123046875,0.6221910715103149,429.5172424316406
1.8440945148468018,67.0472412109375,1.4803544282913208,145.7624053955078
0.3941732347011566,347.7480163574219,0.37427523732185364,333.4058532714844
0.22267717123031616,672.4802856445312,0.2630811035633087,576.193603515625
0.9554330706596375,248.6771697998047,1.1365405321121216,189.79214477539062
1.2828346490859985,518.3700561523438,1.4614561796188354,444.1893615722656
0.05118110775947571,622.9448852539062,0.030964676290750504,628.9104614257812
1.0022047758102417,364.2598876953125,0.995464563369751,400.4016418457031
0.6903936862945557,287.2047119140625,0.8425799012184143,213.09579467773438
0.06677165627479553,518.3700561523438,0.15845590829849243,447.7623596191406
0.4409448802471161,683.4881591796875,0.8648934364318848,487.8922424316406
1.812913417816162,661.472412109375,1.165968418121338,670.396728515625
1.9220472574234009,490.85040283203125,1.4821778535842896,598.4991455078125
1.9376378059387207,34.02362060546875,2.0184133052825928,-36.464725494384766
1.15811026096344,666.9763793945312,1.0604567527770996,593.9609375
1.236063003540039,270.6929016113281,0.7770298719406128,457.37030029296875
0.6280314922332764,358.7558898925781,0.4505199193954468,388.2153625488281
0.8307086825370789,259.6850280761719,0.6837798357009888,372.6058044433594
0.7683464288711548,408.2913513183594,0.8666698932647705,399.616943359375
0.08236220479011536,512.8661499023438,0.38366812467575073,405.4532165527344
0.12913386523723602,474.3385925292969,0.8909823894500732,308.75836181640625
1.1425197124481201,314.7243957519531,0.8948031663894653,384.88421630859375
0.5033071041107178,243.17323303222656,0.5863974094390869,215.1505584716797
0.47212597727775574,650.4645385742188,0.7942282557487488,578.5948486328125
0.08236220479011536,424.80316162109375,0.06683478504419327,492.09039306640625
0.5968503952026367,215.65354919433594,0.5060306787490845,238.38771057128906
1.1892913579940796,138.59841918945312,1.0301421880722046,165.9521484375
0.9866141676902771,265.18896484375,0.580625057220459,400.2759704589844
0.48771652579307556,221.15748596191406,0.6317769885063171,184.46615600585938
0.5033071041107178,650.4645385742188,0.3510249853134155,680.1419677734375
0.908661425113678,276.19683837890625,1.2209051847457886,274.5787048339844
1.9532283544540405,628.4487915039062,1.616546869277954,636.4046630859375
1.8752756118774414,325.7322692871094,1.4154549837112427,439.3740234375
1.423149585723877,6.503936767578125,1.4266821146011353,-12.744339942932129
0.3941732347011566,138.59841918945312,0.38748130202293396,111.02163696289062
1.8596850633621216,254.1811065673828,1.4654685258865356,272.2521667480469
0.1759055107831955,259.6850280761719,0.2742026448249817,268.81903076171875
1.2672441005706787,292.7086486816406,1.2102793455123901,261.1441955566406
1.1737008094787598,122.08661651611328,1.2097363471984863,98.27246856689453
1.2984251976013184,622.9448852539062,1.777429461479187,468.15643310546875
0.5188976526260376,127.5905532836914,0.4322372376918793,172.75735473632812
1.2516535520553589,573.409423828125,1.1220523118972778,647.8123168945312
0.33181101083755493,232.16537475585938,0.2046646624803543,301.8862609863281
0.908661425113678,457.8267517089844,1.3682669401168823,326.82891845703125
0.113543301820755,122.08661651611328,0.1311967819929123,124.49364471435547
0.33181101083755493,474.3385925292969,0.3791455626487732,465.0339050292969
1.2048819065093994,683.4881591796875,1.404750943183899,600.6013793945312
0.6903936862945557,292.7086486816406,0.721744954586029,334.7481384277344
1.017795443534851,314.7243957519531,0.9591048955917358,403.2119140625
1.5790550708770752,160.61416625976562,1.2372562885284424,216.43797302246094
1.5634645223617554,342.24407958984375,1.2595539093017578,387.0167236328125
1.6570079326629639,188.13388061523438,1.4668772220611572,198.6104278564453
0.4565354287624359,622.9448852539062,0.9931530952453613,482.44110107421875
0.4565354287624359,292.7086486816406,0.21753010153770447,458.6253662109375
1.7661417722702026,595.4251708984375,1.776255488395691,621.3074340820312
0.113543301820755,677.9842529296875,0.18236517906188965,650.0596313476562
0.22267717123031616,369.7638244628906,0.21183902025222778,311.9625549316406
1.812913417816162,496.3543395996094,2.003866672515869,460.81817626953125
1.0801575183868408,199.14173889160156,0.9636398553848267,260.7708740234375
0.7371653318405151,661.472412109375,1.1037083864212036,504.5963439941406
0.5188976526260376,369.7638244628906,0.32084032893180847,498.5837707519531
0.752755880355835,56.039371490478516,0.6000102758407593,112.45419311523438
0.3162204623222351,325.7322692871094,0.2793252766132355,312.7070617675781
0.7839370369911194,133.094482421875,0.6479425430297852,168.172607421875
1.4855117797851562,122.08661651611328,1.3770091533660889,172.1643524169922
1.8596850633621216,369.7638244628906,1.883795976638794,472.16497802734375
0.36299213767051697,430.3070983886719,0.630827009677887,352.2957458496094
1.7817323207855225,353.251953125,1.7892236709594727,381.0163269042969
1.329606294631958,347.7480163574219,1.5340536832809448,203.92474365234375
0.8462992310523987,694.4960327148438,1.0641770362854004,578.8945922851562
1.4699212312698364,232.16537475585938,1.5331467390060425,282.29425048828125
1.3919684886932373,287.2047119140625,1.3014142513275146,322.74322509765625
0.5033071041107178,523.8740234375,0.5649933815002441,336.491943359375
0.42535433173179626,430.3070983886719,0.6695904731750488,364.38616943359375
0.9710236191749573,375.26776123046875,0.7300262451171875,408.22698974609375
0.48771652579307556,111.07874298095703,0.3607161045074463,152.39915466308594
0.34740158915519714,1.0,0.25701895356178284,9.798396110534668
1.1892913579940796,424.80316162109375,1.2676397562026978,447.1109619140625
0.238267719745636,589.9212646484375,0.08013379573822021,723.0587158203125
0.3941732347011566,661.472412109375,0.7130312323570251,569.9558715820312
0.9866141676902771,562.4015502929688,1.1409187316894531,611.072265625
0.42535433173179626,391.779541015625,0.5870640277862549,389.4487609863281
1.064566969871521,639.4566650390625,1.032524585723877,512.1627197265625
0.5812598466873169,375.26776123046875,0.6215897798538208,360.7602233886719
0.6280314922332764,177.1259765625,0.48556867241859436,168.68772888183594
0.659212589263916,380.77166748046875,0.8193655610084534,430.7786865234375
0.6124409437179565,386.2756042480469,0.4948904514312744,490.7306213378906
0.8307086825370789,1.0,0.7154378890991211,36.222625732421875
1.8596850633621216,122.08661651611328,1.5851268768310547,173.27638244628906
1.8752756118774414,397.2834777832031,1.7544667720794678,362.0318603515625
0.9242519736289978,166.11810302734375,1.0490458011627197,152.7338409423828
0.019999999552965164,259.6850280761719,0.15297608077526093,369.9639587402344
1.516692876815796,463.33074951171875,1.8761701583862305,461.56866455078125
0.752755880355835,694.4960327148438,0.5993674993515015,611.8713989257812
0.6280314922332764,446.8188781738281,0.7556490898132324,420.4164733886719
1.7505512237548828,122.08661651611328,1.4911209344863892,99.85456085205078
1.828503966331482,573.409423828125,1.6467671394348145,491.6678161621094
0.9398425221443176,600.9291381835938,1.3498289585113525,589.9775390625
1.8752756118774414,666.9763793945312,1.8593372106552124,503.0364990234375
1.594645619392395,380.77166748046875,1.5891529321670532,506.2080993652344
1.1269291639328003,683.4881591796875,1.337608814239502,589.6142578125
0.9242519736289978,529.3779296875,1.037285327911377,559.2088623046875
1.2984251976013184,226.66140747070312,1.0142121315002441,216.0224151611328
1.501102328300476,413.7952880859375,1.391323208808899,509.2920227050781
1.4075590372085571,639.4566650390625,1.505427360534668,527.3250122070312
0.5968503952026367,402.78741455078125,0.9030169248580933,411.00250244140625
1.7193701267242432,375.26776123046875,1.6611684560775757,319.8472595214844
0.3162204623222351,353.251953125,0.3419242203235626,323.9794616699219
0.6748031377792358,584.4172973632812,1.1605727672576904,452.56207275390625
0.22267717123031616,496.3543395996094,0.4284786880016327,368.18402099609375
0.815118134021759,694.4960327148438,1.3401474952697754,560.8141479492188
0.03559055179357529,155.1102294921875,0.26832979917526245,85.17353057861328
1.2048819065093994,215.65354919433594,1.0135672092437744,213.8095703125
1.1737008094787598,166.11810302734375,1.0805977582931519,114.55609893798828
1.2984251976013184,122.08661651611328,1.081343173980713,185.63937377929688
0.4565354287624359,1.0,0.4402014911174774,22.334842681884766
0.6280314922332764,6.503936767578125,0.6905733942985535,-6.232827186584473
0.6280314922332764,232.16537475585938,0.719661295413971,250.1049041748047
0.4409448802471161,12.00787353515625,0.44716328382492065,18.37103271484375
1.2672441005706787,628.4487915039062,1.4682204723358154,542.5936889648438
0.908661425113678,23.0157470703125,0.9844538569450378,11.599817276000977
1.2672441005706787,578.9133911132812,1.3800506591796875,583.9592895507812
1.594645619392395,573.409423828125,1.7603563070297241,497.5138854980469
1.734960675239563,628.4487915039062,1.4768258333206177,658.8966064453125
1.7037795782089233,490.85040283203125,1.5230687856674194,417.4938659667969
0.5500787496566772,237.66929626464844,0.4840013086795807,280.58160400390625
1.7973228693008423,111.07874298095703,1.736986756324768,83.39976501464844
1.2984251976013184,358.7558898925781,1.553977370262146,348.37847900390625
1.7817323207855225,39.527557373046875,1.8827643394470215,-48.10494613647461
1.236063003540039,166.11810302734375,0.901029646396637,321.33453369140625
1.516692876815796,364.2598876953125,1.3767890930175781,477.40704345703125
1.4855117797851562,611.93701171875,1.5979398488998413,570.3442993164062
1.9376378059387207,650.4645385742188,1.1861934661865234,624.3629760742188
0.6280314922332764,391.779541015625,0.6373693943023682,412.4805908203125
0.8774803280830383,688.9921264648438,1.6388540267944336,461.7017822265625
1.064566969871521,292.7086486816406,0.8858439922332764,353.3946228027344
0.1759055107831955,358.7558898925781,0.042189180850982666,443.6087951660156
0.20708660781383514,133.094482421875,0.20831581950187683,138.675537109375
0.28503936529159546,457.8267517089844,0.32951784133911133,436.24212646484375
1.734960675239563,688.9921264648438,1.5113584995269775,588.2338256835938
1.0333858728408813,133.094482421875,1.0988062620162964,146.46592712402344
1.594645619392395,441.3149719238281,1.4931950569152832,455.4192810058594
0.8462992310523987,12.00787353515625,0.896877646446228,12.132147789001465
1.8908661603927612,12.00787353515625,1.6359825134277344,58.48058319091797
1.7661417722702026,463.33074951171875,0.9218354821205139,629.952880859375
1.516692876815796,694.4960327148438,1.3946223258972168,657.8057861328125
0.659212589263916,342.24407958984375,1.0125449895858765,195.2582550048828
0.815118134021759,292.7086486816406,1.2134031057357788,205.97389221191406
0.7215747833251953,424.80316162109375,0.8718080520629883,579.9845581054688
1.6102361679077148,408.2913513183594,1.6704901456832886,352.1202087402344
1.9376378059387207,408.2913513183594,1.8520570993423462,557.538818359375
1.906456708908081,529.3779296875,1.5918502807617188,534.783203125
0.33181101083755493,413.7952880859375,0.48786747455596924,333.5627746582031
1.6725984811782837,155.1102294921875,1.5644458532333374,202.71034240722656
0.5188976526260376,677.9842529296875,0.6660005450248718,678.3541259765625
0.08236220479011536,688.9921264648438,0.24042543768882751,504.6486511230469
0.113543301820755,501.8582763671875,-0.1698017120361328,640.7930297851562
0.752755880355835,226.66140747070312,0.6500620245933533,295.9287109375
0.659212589263916,259.6850280761719,0.8626508116722107,339.3270568847656
1.329606294631958,210.1496124267578,1.4530143737792969,217.98472595214844
0.36299213767051697,347.7480163574219,0.5166868567466736,373.84130859375
1.828503966331482,336.7401428222656,1.3859232664108276,429.9602355957031
0.09795275330543518,105.5748062133789,0.028972625732421875,127.51255798339844
0.34740158915519714,534.8818969726562,0.7683411836624146,474.40447998046875
0.40976378321647644,265.18896484375,0.2338750660419464,269.11614990234375
1.4075590372085571,468.8346862792969,1.3382816314697266,543.658935546875
1.4699212312698364,276.19683837890625,1.134907841682434,381.4942932128906
0.3941732347011566,589.9212646484375,0.47991639375686646,538.028564453125
0.7683464288711548,254.1811065673828,0.7732524871826172,273.0655822753906
0.9554330706596375,633.9527587890625,0.8997002243995667,529.7639770507812
0.08236220479011536,83.55905151367188,0.08733609318733215,56.675079345703125
0.22267717123031616,677.9842529296875,0.2590438425540924,566.31396484375
1.3140157461166382,177.1259765625,1.2154065370559692,224.66029357910156
0.5812598466873169,589.9212646484375,0.42005401849746704,649.620849609375
0.7215747833251953,595.4251708984375,0.9822676777839661,515.9223022460938
0.3785826861858368,606.4330444335938,0.5609273910522461,499.48681640625
0.08236220479011536,655.968505859375,0.10715660452842712,566.1845092773438
1.7817323207855225,105.5748062133789,1.6699060201644897,76.6690444946289
0.9866141676902771,298.21258544921875,1.076856017112732,344.1720886230469
0.5344882011413574,380.77166748046875,0.6815169453620911,383.8912048339844
0.3162204623222351,336.7401428222656,0.4735875129699707,287.2489929199219
0.5033071041107178,303.7165222167969,0.27129510045051575,444.43585205078125
0.659212589263916,270.6929016113281,0.8804092407226562,207.84317016601562
1.812913417816162,369.7638244628906,1.6426372528076172,408.079833984375
1.7037795782089233,303.7165222167969,1.542614459991455,292.2752990722656
1.2048819065093994,430.3070983886719,1.0771406888961792,523.0905151367188
0.659212589263916,507.3622131347656,0.4577184021472931,513.0286865234375
1.0801575183868408,226.66140747070312,0.7550323605537415,358.8375549316406
0.8618897795677185,364.2598876953125,1.0481297969818115,273.48858642578125
1.2828346490859985,639.4566650390625,1.4452112913131714,499.38482666015625
0.7683464288711548,595.4251708984375,1.4319679737091064,355.80657958984375
1.5478739738464355,342.24407958984375,1.190110683441162,433.1014709472656
0.6903936862945557,226.66140747070312,0.6473580002784729,275.1157531738281
1.2984251976013184,83.55905151367188,1.1406865119934082,156.4701385498047
0.4409448802471161,496.3543395996094,0.08265860378742218,598.9993896484375
0.20708660781383514,254.1811065673828,0.19712238013744354,301.9289855957031
0.659212589263916,501.8582763671875,0.42927682399749756,625.86865234375
0.4565354287624359,567.905517578125,0.5246469378471375,573.715087890625
1.7505512237548828,584.4172973632812,1.7893168926239014,595.0658569335938
1.7037795782089233,606.4330444335938,1.5730156898498535,608.5059814453125
0.36299213767051697,545.8897705078125,0.4884760081768036,541.8938598632812
0.20708660781383514,50.53543472290039,0.2062765210866928,30.674745559692383
1.3607873916625977,12.00787353515625,1.3119875192642212,13.052435874938965
0.6436220407485962,402.78741455078125,1.7846062183380127,163.0332794189453
0.8307086825370789,534.8818969726562,0.7312001585960388,604.588134765625
0.8462992310523987,188.13388061523438,1.1994514465332031,111.66866302490234
0.5188976526260376,298.21258544921875,0.4027693271636963,340.88104248046875
0.03559055179357529,144.10235595703125,0.19887246191501617,93.34844970703125
0.3006299138069153,551.3936767578125,0.5230675935745239,413.0364990234375
1.812913417816162,61.54330825805664,1.8088594675064087,64.09808349609375
0.36299213767051697,221.15748596191406,0.2966206669807434,285.0738525390625
0.6280314922332764,468.8346862792969,1.2088735103607178,342.8175048828125
1.516692876815796,6.503936767578125,1.495764970779419,-11.206781387329102
1.3451968431472778,292.7086486816406,1.0576008558273315,364.79412841796875
1.3140157461166382,78.05511474609375,1.3521183729171753,104.12196350097656
0.12913386523723602,72.55117797851562,0.1434861421585083,73.42903900146484
1.8908661603927612,567.905517578125,1.601449728012085,552.2547607421875
0.26944881677627563,655.968505859375,0.09289206564426422,678.0367431640625
0.48771652579307556,463.33074951171875,0.625288188457489,388.3394775390625
0.5812598466873169,397.2834777832031,0.7189925312995911,440.0874938964844
0.019999999552965164,446.8188781738281,0.12978366017341614,409.6465759277344
1.0022047758102417,644.9606323242188,1.1617045402526855,663.9851684570312
1.9532283544540405,391.779541015625,1.4914416074752808,558.7811279296875
0.26944881677627563,534.8818969726562,0.6581611037254333,419.3836364746094
0.40976378321647644,463.33074951171875,0.4201732575893402,437.0700988769531
0.5344882011413574,655.968505859375,0.452670693397522,476.8595886230469
1.2828346490859985,188.13388061523438,1.059882402420044,257.4404602050781
0.9866141676902771,221.15748596191406,0.8320739269256592,279.7979431152344
1.4543306827545166,402.78741455078125,1.4302946329116821,406.10308837890625
1.1269291639328003,188.13388061523438,1.3109349012374878,142.88101196289062
0.40976378321647644,408.2913513183594,0.5929369330406189,339.7755126953125
0.815118134021759,314.7243957519531,0.8291000723838806,361.7193603515625
1.516692876815796,193.63780212402344,1.3849785327911377,214.31153869628906
1.8440945148468018,606.4330444335938,1.479532241821289,510.5923156738281
0.4565354287624359,661.472412109375,0.5007554292678833,649.6651000976562
1.2672441005706787,369.7638244628906,0.9514169096946716,429.3335876464844
0.238267719745636,56.039371490478516,0.21630577743053436,63.05849838256836
0.8307086825370789,67.0472412109375,0.9145947694778442,50.811737060546875
0.1759055107831955,534.8818969726562,0.48172932863235474,442.0743713378906
1.7973228693008423,496.3543395996094,1.5506319999694824,514.0723876953125
1.2984251976013184,446.8188781738281,1.682435393333435,367.3017883300781
1.5478739738464355,606.4330444335938,1.5266190767288208,595.3958129882812
1.8752756118774414,419.2992248535156,1.7439430952072144,556.6336669921875
0.14472442865371704,358.7558898925781,0.2883184254169464,341.3365478515625
0.908661425113678,83.55905151367188,0.8607097268104553,23.684852600097656
1.6102361679077148,281.7007751464844,1.468963384628296,437.00750732421875
0.3006299138069153,584.4172973632812,0.3538554310798645,519.76171875
1.0801575183868408,83.55905151367188,0.929716169834137,91.223876953125
1.329606294631958,617.44091796875,1.2396392822265625,584.2202758789062
0.7995275855064392,67.0472412109375,0.6552861928939819,76.81324005126953
0.113543301820755,584.4172973632812,0.06213546171784401,515.7728881835938
0.8618897795677185,270.6929016113281,0.8136717677116394,340.1163024902344
0.659212589263916,248.6771697998047,0.6658221483230591,255.10308837890625
0.7215747833251953,628.4487915039062,1.5597325563430786,456.1706848144531
0.26944881677627563,331.2362060546875,0.20141126215457916,341.94744873046875
0.22267717123031616,700.0,0.23905199766159058,610.5676879882812
0.05118110775947571,430.3070983886719,0.20964986085891724,375.5393371582031
1.2204724550247192,177.1259765625,1.575175166130066,123.45761108398438
0.09795275330543518,281.7007751464844,0.2752136290073395,226.93569946289062
1.329606294631958,160.61416625976562,1.5045230388641357,174.0516815185547
1.6881890296936035,171.62203979492188,1.7522046566009521,149.91995239257812
1.6881890296936035,193.63780212402344,1.264655351638794,401.5961608886719
1.4699212312698364,413.7952880859375,1.4157971143722534,529.0786743164062
0.5188976526260376,314.7243957519531,0.5733871459960938,336.8457336425781
1.7193701267242432,259.6850280761719,0.8473717570304871,477.2890319824219
0.7839370369911194,584.4172973632812,1.1624386310577393,514.432373046875
1.3607873916625977,254.1811065673828,1.1216864585876465,321.3589782714844
0.48771652579307556,193.63780212402344,0.6494214534759521,83.60843658447266
0.1759055107831955,23.0157470703125,0.11345651745796204,56.716304779052734
1.0957480669021606,50.53543472290039,0.9801759123802185,48.1380615234375
0.47212597727775574,496.3543395996094,0.5632757544517517,436.3623962402344
1.4387401342391968,386.2756042480469,1.5920913219451904,415.4716796875
1.6102361679077148,259.6850280761719,1.7214394807815552,222.79537963867188
1.7193701267242432,655.968505859375,1.6367132663726807,614.552001953125
0.03559055179357529,369.7638244628906,0.16790321469306946,332.683837890625
1.2204724550247192,397.2834777832031,1.6732096672058105,303.4905700683594
1.2516535520553589,479.842529296875,1.258002758026123,455.00909423828125
0.9398425221443176,72.55117797851562,0.674651563167572,126.04180145263672
1.15811026096344,204.6456756591797,1.354179859161377,143.1527862548828
0.22267717123031616,276.19683837890625,0.4011314809322357,284.6278991699219
0.815118134021759,507.3622131347656,1.173207402229309,491.9114074707031
1.329606294631958,611.93701171875,1.5992833375930786,643.1151123046875
1.017795443534851,287.2047119140625,1.1507012844085693,330.94940185546875
0.8930708765983582,265.18896484375,0.4752376973628998,313.30401611328125
1.9532283544540405,160.61416625976562,1.8236873149871826,134.16403198242188
1.734960675239563,633.9527587890625,1.5638166666030884,422.5318908691406
0.8930708765983582,540.3858032226562,1.1093826293945312,499.1288146972656
0.8462992310523987,204.6456756591797,0.7793563008308411,220.30322265625
0.8930708765983582,303.7165222167969,1.2985107898712158,266.7509765625
0.6903936862945557,138.59841918945312,0.6073216199874878,146.26051330566406
0.9710236191749573,595.4251708984375,1.6004518270492554,533.34912109375
1.236063003540039,584.4172973632812,1.547559142112732,521.1160888671875
0.2538582682609558,534.8818969726562,0.31920355558395386,484.22442626953125
0.8774803280830383,287.2047119140625,1.0198028087615967,240.8633270263672
1.0801575183868408,694.4960327148438,1.2091478109359741,620.8692626953125
1.6258267164230347,397.2834777832031,1.4758343696594238,342.4324951171875
0.3941732347011566,446.8188781738281,0.6246935725212097,507.9791564941406
1.236063003540039,468.8346862792969,1.428830623626709,541.5036010742188
0.48771652579307556,639.4566650390625,1.0413628816604614,536.2901000976562
0.9710236191749573,177.1259765625,0.6642013788223267,179.6014862060547
0.659212589263916,435.81103515625,0.8083410263061523,361.37921142578125
0.3785826861858368,182.62994384765625,0.41448140144348145,151.20843505859375
1.6570079326629639,540.3858032226562,1.3378509283065796,612.713134765625
0.14472442865371704,644.9606323242188,0.020851586014032364,594.7171630859375
1.516692876815796,402.78741455078125,1.5805777311325073,468.7130432128906
1.8596850633621216,457.8267517089844,1.4744484424591064,523.5343627929688
0.815118134021759,468.8346862792969,0.9319276213645935,437.4745788574219
1.9532283544540405,386.2756042480469,2.1011247634887695,563.5140991210938
0.7839370369911194,441.3149719238281,1.1385544538497925,326.4681091308594
1.1892913579940796,166.11810302734375,0.9904219508171082,279.0403137207031
1.812913417816162,215.65354919433594,1.89003586769104,203.6256866455078
0.40976378321647644,545.8897705078125,0.3448210656642914,562.4464721679688
1.8752756118774414,226.66140747070312,1.6043936014175415,309.45037841796875
0.6124409437179565,243.17323303222656,0.7521910071372986,236.52597045898438
2.0,45.031494140625,1.9678205251693726,86.12767791748047
0.113543301820755,600.9291381835938,0.13169220089912415,520.7234497070312
1.6102361679077148,61.54330825805664,1.5074995756149292,101.7765884399414
0.019999999552965164,589.9212646484375,0.15069206058979034,537.2992553710938
0.7059842348098755,617.44091796875,0.9888937473297119,547.7705078125
0.7683464288711548,23.0157470703125,0.7974123954772949,42.41226577758789
0.6280314922332764,595.4251708984375,0.5628534555435181,593.8898315429688
1.2516535520553589,529.3779296875,1.5209941864013672,436.96136474609375
1.4855117797851562,463.33074951171875,1.5778969526290894,574.393798828125
0.752755880355835,485.3464660644531,0.9318807125091553,445.8611145019531
1.2204724550247192,193.63780212402344,0.9972098469734192,179.8319091796875
0.6748031377792358,644.9606323242188,0.9749507904052734,550.35302734375
0.4409448802471161,226.66140747070312,0.4495352804660797,286.1409606933594
0.16031496226787567,100.07086944580078,0.08295552432537079,108.27516174316406
0.238267719745636,259.6850280761719,0.2635854184627533,235.72698974609375
1.4075590372085571,221.15748596191406,1.3012186288833618,288.5526123046875
0.3785826861858368,331.2362060546875,0.25359728932380676,396.15478515625
1.594645619392395,331.2362060546875,1.256312370300293,445.1986083984375
0.752755880355835,666.9763793945312,0.9210452437400818,644.5011596679688
1.3919684886932373,545.8897705078125,1.3156585693359375,569.3201904296875
1.6414172649383545,292.7086486816406,1.8083207607269287,183.3286590576172
1.906456708908081,309.220458984375,1.865943431854248,422.8155822753906
1.0957480669021606,171.62203979492188,1.0675878524780273,139.7816925048828
1.9844094514846802,688.9921264648438,1.8485749959945679,617.0669555664062
1.812913417816162,276.19683837890625,1.9169708490371704,206.11996459960938
1.6725984811782837,661.472412109375,1.8121562004089355,546.7236938476562
0.08236220479011536,700.0,0.07883396744728088,652.9896850585938
0.19149605929851532,111.07874298095703,0.2151174396276474,128.28384399414062
1.017795443534851,479.842529296875,1.1206711530685425,454.3266296386719
1.329606294631958,105.5748062133789,1.3471258878707886,101.94692993164062
0.8307086825370789,171.62203979492188,0.8032819032669067,166.6542510986328
0.019999999552965164,155.1102294921875,0.16340595483779907,160.08139038085938
0.34740158915519714,391.779541015625,0.4542827606201172,382.800048828125
0.20708660781383514,215.65354919433594,0.1874224692583084,188.01931762695312
1.8440945148468018,485.3464660644531,1.6097453832626343,479.8060302734375
1.2048819065093994,111.07874298095703,1.4062561988830566,78.5318832397461
1.1737008094787598,83.55905151367188,1.056877851486206,170.7032928466797
2.0,83.55905151367188,1.748937726020813,167.5258026123047
1.4855117797851562,221.15748596191406,1.3865437507629395,291.11322021484375
1.4543306827545166,677.9842529296875,1.561376690864563,501.80621337890625
1.7505512237548828,298.21258544921875,1.458931803703308,392.8065490722656
1.2048819065093994,188.13388061523438,1.3585954904556274,211.65101623535156
0.4409448802471161,545.8897705078125,0.6764724850654602,493.26849365234375
1.2048819065093994,622.9448852539062,1.3106006383895874,450.2921447753906
0.6903936862945557,463.33074951171875,0.9938888549804688,448.5861511230469
0.9398425221443176,116.58268737792969,1.039703369140625,113.84747314453125
1.8908661603927612,578.9133911132812,1.5855026245117188,580.6334228515625
0.09795275330543518,501.8582763671875,0.3852548599243164,585.05322265625
1.8440945148468018,287.2047119140625,1.8367873430252075,303.4742126464844
1.5322834253311157,408.2913513183594,1.1315994262695312,448.4667663574219
0.019999999552965164,166.11810302734375,-0.013052903115749359,207.86550903320312
0.752755880355835,72.55117797851562,0.9100683927536011,56.405696868896484
1.6881890296936035,545.8897705078125,1.821747064590454,581.1967163085938
1.501102328300476,270.6929016113281,1.231954574584961,346.70599365234375
0.8307086825370789,50.53543472290039,0.7859816551208496,63.78559875488281
0.03559055179357529,628.4487915039062,0.36374688148498535,492.4853210449219
1.516692876815796,556.8976440429688,1.1943681240081787,494.6882629394531
0.7215747833251953,12.00787353515625,0.7508472204208374,-22.296506881713867
1.0022047758102417,556.8976440429688,1.2238340377807617,481.5723876953125
1.423149585723877,171.62203979492188,1.315924048423767,201.12503051757812
0.113543301820755,89.06298828125,0.0691293478012085,93.94766998291016
0.3785826861858368,39.527557373046875,0.3525254726409912,19.921703338623047
0.7215747833251953,177.1259765625,1.2067769765853882,127.14244842529297
0.6436220407485962,479.842529296875,0.8350445628166199,462.1011962890625
1.2048819065093994,34.02362060546875,1.0726063251495361,44.885005950927734
0.09795275330543518,347.7480163574219,0.10154025256633759,257.62139892578125
1.0489764213562012,672.4802856445312,1.039582371711731,644.5685424804688
1.0489764213562012,512.8661499023438,1.3574475049972534,417.5438537597656
0.752755880355835,507.3622131347656,1.0408991575241089,496.8184509277344
0.16031496226787567,303.7165222167969,0.06355737894773483,311.2654724121094
1.0022047758102417,111.07874298095703,0.8933470845222473,133.08181762695312
1.9220472574234009,248.6771697998047,1.6563800573349,414.9054260253906
0.5656692981719971,226.66140747070312,0.7183094620704651,177.64373779296875
0.42535433173179626,534.8818969726562,0.6565818190574646,572.2481079101562
0.7215747833251953,496.3543395996094,1.0424031019210815,593.1945190429688
1.5634645223617554,457.8267517089844,1.381693720817566,487.1775817871094
0.42535433173179626,386.2756042480469,0.5971783995628357,339.5651550292969
0.9710236191749573,122.08661651611328,1.005947232246399,160.83978271484375
2.0,573.409423828125,1.7916948795318604,630.9920654296875
1.15811026096344,700.0,1.1843688488006592,496.29754638671875
1.0022047758102417,89.06298828125,0.8257705569267273,139.64898681640625
1.4543306827545166,452.32281494140625,1.309386968612671,636.076904296875
1.236063003540039,254.1811065673828,1.0357844829559326,299.4915771484375
1.5322834253311157,221.15748596191406,1.2948838472366333,331.9764709472656
0.2538582682609558,419.2992248535156,0.3563757538795471,394.6308898925781
1.501102328300476,45.031494140625,1.4828115701675415,196.8358917236328
0.019999999552965164,633.9527587890625,0.17252708971500397,564.927978515625
1.2048819065093994,17.511810302734375,1.31731116771698,9.618139266967773
0.908661425113678,287.2047119140625,1.0215234756469727,252.32957458496094
1.6570079326629639,364.2598876953125,1.6703577041625977,438.83917236328125
1.9376378059387207,111.07874298095703,1.352476954460144,202.7017059326172
1.8752756118774414,309.220458984375,1.3869974613189697,488.1864929199219
1.0489764213562012,259.6850280761719,1.2000681161880493,212.4528350830078
0.16031496226787567,331.2362060546875,0.3165413439273834,259.4822082519531
0.908661425113678,468.8346862792969,1.0755974054336548,439.17816162109375
1.4387401342391968,408.2913513183594,1.3176666498184204,512.6895751953125
1.3919684886932373,633.9527587890625,1.224023699760437,690.3878173828125
0.33181101083755493,12.00787353515625,0.3487440049648285,19.211462020874023
0.48771652579307556,1.0,0.4434181749820709,5.6845808029174805
1.906456708908081,149.60629272460938,1.6670548915863037,131.16348266601562
0.03559055179357529,430.3070983886719,0.29735758900642395,379.021484375
0.7059842348098755,584.4172973632812,1.088688850402832,529.745361328125
0.8462992310523987,501.8582763671875,1.2159428596496582,448.33050537109375
1.3919684886932373,138.59841918945312,1.3331223726272583,104.87235260009766
1.7973228693008423,622.9448852539062,1.882483720779419,565.7218017578125
1.7505512237548828,254.1811065673828,1.6948541402816772,304.1099853515625
0.3941732347011566,166.11810302734375,0.292411208152771,157.2705535888672
0.2538582682609558,287.2047119140625,0.2597566545009613,366.8112487792969
1.6414172649383545,551.3936767578125,1.7509409189224243,456.4641418457031
0.8618897795677185,105.5748062133789,0.7716677188873291,115.41802215576172
1.1892913579940796,672.4802856445312,1.3738092184066772,657.0442504882812
0.20708660781383514,89.06298828125,0.1637987643480301,82.12532043457031
1.7193701267242432,298.21258544921875,1.9700219631195068,339.9341125488281
1.501102328300476,419.2992248535156,1.151647925376892,513.02490234375
1.906456708908081,512.8661499023438,1.4048551321029663,600.4468383789062
0.908661425113678,435.81103515625,0.9622277617454529,447.1809387207031
1.0333858728408813,254.1811065673828,1.1552852392196655,225.50918579101562
1.9532283544540405,369.7638244628906,1.0606412887573242,500.7713928222656
0.5968503952026367,248.6771697998047,0.668521523475647,276.1541748046875
0.09795275330543518,562.4015502929688,0.1770002841949463,498.1723937988281
1.7505512237548828,633.9527587890625,1.8747668266296387,568.1679077148438
0.8930708765983582,39.527557373046875,0.9864606261253357,9.863106727600098
0.9242519736289978,67.0472412109375,1.1898859739303589,64.14483642578125
0.9398425221443176,144.10235595703125,0.8506036996841431,222.07835388183594
0.4409448802471161,45.031494140625,0.5409827828407288,-17.9642276763916
2.0,100.07086944580078,1.4682186841964722,181.33731079101562
0.8307086825370789,353.251953125,1.0770231485366821,431.33331298828125
1.15811026096344,496.3543395996094,1.1566071510314941,606.381103515625
1.4075590372085571,408.2913513183594,1.5846251249313354,488.973388671875
1.6414172649383545,303.7165222167969,1.2168470621109009,273.4337463378906
0.9398425221443176,606.4330444335938,1.3035950660705566,602.3521728515625
1.6881890296936035,430.3070983886719,1.2875291109085083,524.1876831054688
1.6570079326629639,23.0157470703125,1.9424289464950562,-47.6851692199707
1.064566969871521,694.4960327148438,1.2779618501663208,676.8405151367188
1.9532283544540405,479.842529296875,1.7662662267684937,531.5648193359375
1.1113386154174805,166.11810302734375,1.0756138563156128,130.30979919433594
1.3919684886932373,490.85040283203125,1.5099377632141113,464.3056640625
1.1269291639328003,133.094482421875,1.2236346006393433,212.69569396972656
1.4699212312698364,23.0157470703125,1.6884129047393799,-6.596334934234619
1.9220472574234009,276.19683837890625,1.4177453517913818,349.42864990234375
1.064566969871521,265.18896484375,0.647793173789978,450.7406921386719
0.1759055107831955,617.44091796875,0.8715904951095581,416.961669921875
1.4543306827545166,193.63780212402344,1.235013723373413,296.66827392578125
0.7683464288711548,529.3779296875,1.1344512701034546,473.3888854980469
0.06677165627479553,204.6456756591797,0.11849874258041382,209.70712280273438
0.4565354287624359,617.44091796875,0.5877977609634399,658.1971435546875
1.828503966331482,28.519685745239258,1.4241251945495605,88.71096801757812
0.7839370369911194,309.220458984375,0.9616522789001465,353.2782287597656
1.3607873916625977,342.24407958984375,0.9296664595603943,473.6855163574219
1.1737008094787598,336.7401428222656,1.303929328918457,356.7838439941406
1.4387401342391968,622.9448852539062,1.7145411968231201,600.1464233398438
1.7037795782089233,562.4015502929688,1.7317469120025635,521.8988647460938
1.3451968431472778,254.1811065673828,1.4634064435958862,307.9688720703125
1.8596850633621216,138.59841918945312,1.756104588508606,130.0313262939453
0.9554330706596375,628.4487915039062,1.0135278701782227,651.9490966796875
0.6436220407485962,424.80316162109375,0.9294483661651611,488.4134216308594
1.0333858728408813,578.9133911132812,1.1553258895874023,531.1004638671875
0.03559055179357529,100.07086944580078,0.2451140582561493,77.50008392333984
1.9532283544540405,287.2047119140625,1.9647806882858276,318.6341552734375
0.47212597727775574,468.8346862792969,0.4330684542655945,505.5313415527344
0.4409448802471161,155.1102294921875,0.35116130113601685,171.36544799804688
1.5790550708770752,358.7558898925781,1.51917564868927,298.291748046875
0.5188976526260376,160.61416625976562,0.4258359670639038,165.5277557373047
0.08236220479011536,606.4330444335938,0.06769493222236633,636.6802978515625
1.5634645223617554,309.220458984375,1.6398355960845947,358.59149169921875
0.2538582682609558,34.02362060546875,0.32491135597229004,-12.513228416442871
0.8930708765983582,419.2992248535156,0.7083423137664795,548.3541870117188
0.5188976526260376,303.7165222167969,0.7768171429634094,244.34744262695312
1.2828346490859985,160.61416625976562,1.3409713506698608,102.38827514648438
1.516692876815796,386.2756042480469,1.4554799795150757,500.61865234375
0.16031496226787567,259.6850280761719,0.29356080293655396,194.97560119628906
0.16031496226787567,639.4566650390625,0.38078242540359497,444.7080383300781
1.9376378059387207,633.9527587890625,1.595180630683899,554.8275146484375
1.5634645223617554,688.9921264648438,1.5473591089248657,629.7784423828125
1.7037795782089233,441.3149719238281,1.252597689628601,583.1976928710938
0.22267717123031616,551.3936767578125,0.1474505066871643,514.2008666992188
1.3919684886932373,347.7480163574219,1.7242939472198486,301.9944763183594
1.6414172649383545,507.3622131347656,1.124688744544983,589.3103637695312
0.9242519736289978,61.54330825805664,0.8497652411460876,113.89916229248047
0.4565354287624359,111.07874298095703,0.5704900622367859,97.47942352294922
1.906456708908081,644.9606323242188,1.6998114585876465,528.0330810546875
1.7193701267242432,573.409423828125,1.6785575151443481,623.17138671875
0.2538582682609558,149.60629272460938,0.2198599874973297,189.39508056640625
1.3140157461166382,386.2756042480469,1.2220041751861572,428.37554931640625
1.7505512237548828,688.9921264648438,1.6516709327697754,609.4386596679688
0.238267719745636,523.8740234375,0.24910733103752136,470.83612060546875
0.7215747833251953,380.77166748046875,1.1064826250076294,438.5984802246094
0.05118110775947571,155.1102294921875,0.2219565063714981,118.65972137451172
0.3006299138069153,83.55905151367188,0.3594105541706085,74.20476531982422
1.7505512237548828,474.3385925292969,1.8548144102096558,483.5700988769531
2.0,650.4645385742188,1.6381022930145264,595.7447509765625
1.329606294631958,430.3070983886719,1.1844984292984009,525.4004516601562
0.908661425113678,501.8582763671875,0.8697690963745117,600.0363159179688
0.5968503952026367,232.16537475585938,0.5182543992996216,288.92462158203125
1.7193701267242432,133.094482421875,1.7246394157409668,196.62527465820312
0.3785826861858368,193.63780212402344,0.256742388010025,167.558837890625
1.1892913579940796,303.7165222167969,1.2014625072479248,325.53717041015625
1.2672441005706787,248.6771697998047,1.3457053899765015,296.5858154296875
0.8930708765983582,320.22833251953125,0.9824524521827698,323.1048583984375
1.329606294631958,199.14173889160156,1.0990431308746338,240.8073272705078
0.19149605929851532,556.8976440429688,0.1635688692331314,500.9864196777344
1.1892913579940796,584.4172973632812,1.1741341352462769,539.7680053710938
1.7505512237548828,336.7401428222656,1.533458948135376,533.5655517578125
1.6881890296936035,501.8582763671875,1.933354377746582,528.63818359375
0.8618897795677185,226.66140747070312,0.7680606842041016,268.2197570800781
1.812913417816162,490.85040283203125,1.6946429014205933,456.5703125
0.4409448802471161,474.3385925292969,0.17554613947868347,554.8485107421875
1.7817323207855225,193.63780212402344,1.3412861824035645,225.4158935546875
1.2516535520553589,6.503936767578125,1.327183485031128,-6.284268856048584
0.6903936862945557,628.4487915039062,0.8237754106521606,547.063232421875
0.06677165627479553,127.5905532836914,0.09451566636562347,157.32565307617188
1.0022047758102417,512.8661499023438,1.3534342050552368,393.736572265625
0.20708660781383514,265.18896484375,0.23438075184822083,267.8858947753906
1.8596850633621216,617.44091796875,2.312610626220703,406.2598876953125
0.42535433173179626,182.62994384765625,0.3606184422969818,190.65396118164062
0.7215747833251953,199.14173889160156,0.27592337131500244,356.6016845703125
0.14472442865371704,540.3858032226562,0.3413031995296478,462.67498779296875
1.064566969871521,402.78741455078125,1.2587590217590332,299.0706787109375
0.08236220479011536,545.8897705078125,-0.02772478759288788,693.5635375976562
0.7683464288711548,303.7165222167969,1.0507992506027222,255.78961181640625
0.8618897795677185,485.3464660644531,0.9676981568336487,450.5715026855469
1.1425197124481201,6.503936767578125,1.2739622592926025,18.002824783325195
1.8596850633621216,413.7952880859375,1.6476171016693115,544.3779296875
0.113543301820755,281.7007751464844,0.18942967057228088,281.37396240234375
1.8908661603927612,133.094482421875,1.571830153465271,170.19578552246094
1.594645619392395,78.05511474609375,1.9060401916503906,67.61148071289062
0.3785826861858368,391.779541015625,0.5047488808631897,513.6207275390625
1.236063003540039,72.55117797851562,0.9418286085128784,148.0434112548828
0.3785826861858368,61.54330825805664,0.46543020009994507,31.07888412475586
0.12913386523723602,534.8818969726562,0.3044460415840149,468.4132385253906
0.47212597727775574,485.3464660644531,0.49367478489875793,506.92962646484375
0.36299213767051697,248.6771697998047,0.28901296854019165,244.53805541992188
0.238267719745636,342.24407958984375,0.28921711444854736,359.31756591796875
1.9688189029693604,639.4566650390625,1.498891830444336,607.1092529296875
0.33181101083755493,182.62994384765625,0.32026296854019165,237.69589233398438
0.8774803280830383,573.409423828125,1.3259464502334595,417.55718994140625
0.815118134021759,479.842529296875,0.9127413034439087,482.0675048828125
1.5634645223617554,700.0,1.6996581554412842,694.70556640625
0.22267717123031616,479.842529296875,0.43118131160736084,428.1093444824219
1.2828346490859985,700.0,1.5127768516540527,551.20263671875
0.8618897795677185,314.7243957519531,1.1285501718521118,343.25701904296875
1.423149585723877,303.7165222167969,0.904949426651001,469.93634033203125
1.5790550708770752,589.9212646484375,1.6677602529525757,597.07177734375
0.1759055107831955,353.251953125,0.7566772699356079,229.48915100097656
1.7973228693008423,6.503936767578125,1.4427000284194946,38.61592483520508
0.06677165627479553,78.05511474609375,0.11101259291172028,96.48912048339844
1.15811026096344,100.07086944580078,0.9038092494010925,186.54364013671875
0.1759055107831955,336.7401428222656,0.345683217048645,362.02008056640625
0.5812598466873169,100.07086944580078,0.4729565978050232,85.41978454589844
1.2204724550247192,700.0,1.1941468715667725,585.1156616210938
0.5344882011413574,144.10235595703125,0.3632553219795227,178.73867797851562
1.501102328300476,325.7322692871094,1.2895478010177612,317.0313415527344
1.7817323207855225,298.21258544921875,1.4205691814422607,342.7881774902344
0.03559055179357529,45.031494140625,0.05093630403280258,59.14186477661133
0.5968503952026367,39.527557373046875,0.6467409133911133,30.199594497680664
0.8930708765983582,149.60629272460938,0.9211952686309814,186.9676055908203
0.5500787496566772,56.039371490478516,0.2698659598827362,137.1479034423828
0.47212597727775574,666.9763793945312,0.7319777011871338,519.5223388671875
1.7817323207855225,248.6771697998047,1.7377675771713257,271.6203918457031
0.34740158915519714,446.8188781738281,0.32785096764564514,395.32745361328125
0.7683464288711548,188.13388061523438,0.5071183443069458,257.9679260253906
1.5634645223617554,677.9842529296875,1.7112587690353394,582.5347900390625
0.33181101083755493,17.511810302734375,0.3791767656803131,-24.36205291748047
1.906456708908081,188.13388061523438,1.8567681312561035,133.87142944335938
1.4075590372085571,320.22833251953125,1.8193964958190918,233.2731170654297
1.2204724550247192,34.02362060546875,1.389578104019165,-34.45565414428711
0.752755880355835,441.3149719238281,0.5601077675819397,564.0387573242188
1.1425197124481201,89.06298828125,1.023287057876587,136.38534545898438
0.28503936529159546,446.8188781738281,0.5272112488746643,278.12738037109375
1.9532283544540405,600.9291381835938,1.1753482818603516,713.3828735351562
1.2672441005706787,413.7952880859375,1.641061544418335,412.7254333496094
1.2204724550247192,364.2598876953125,1.4631578922271729,287.16387939453125
1.329606294631958,331.2362060546875,1.2274539470672607,542.2840576171875
1.3919684886932373,402.78741455078125,1.278913140296936,403.7914733886719
1.064566969871521,358.7558898925781,1.4475631713867188,296.9408874511719
1.2516535520553589,683.4881591796875,1.208720088005066,600.694091796875
1.1425197124481201,688.9921264648438,1.6544444561004639,592.0108642578125
0.6436220407485962,639.4566650390625,0.9575050473213196,520.0153198242188
0.4565354287624359,424.80316162109375,0.7685868740081787,387.2976379394531
0.8930708765983582,232.16537475585938,1.0158120393753052,199.56277465820312
0.8307086825370789,611.93701171875,1.3487759828567505,641.7656860351562
0.9242519736289978,595.4251708984375,1.2334612607955933,510.0990905761719
1.8752756118774414,182.62994384765625,2.144437551498413,135.11392211914062
1.828503966331482,309.220458984375,1.2664157152175903,396.1795349121094
1.1113386154174805,23.0157470703125,1.0073809623718262,78.63291931152344
0.8774803280830383,133.094482421875,0.8334907293319702,145.38671875
0.33181101083755493,127.5905532836914,0.1130608320236206,182.67703247070312
0.26944881677627563,336.7401428222656,0.4935615360736847,266.3377380371094
0.238267719745636,446.8188781738281,0.4121650457382202,388.00787353515625
0.8462992310523987,78.05511474609375,0.7846856117248535,98.71560668945312
0.16031496226787567,83.55905151367188,0.0760602056980133,50.677093505859375
1.9376378059387207,457.8267517089844,1.982930302619934,559.5504760742188
1.2048819065093994,166.11810302734375,1.1833817958831787,182.43218994140625
1.8440945148468018,160.61416625976562,1.7589162588119507,120.15522766113281
1.2048819065093994,534.8818969726562,1.359331488609314,505.0758361816406
0.9554330706596375,391.779541015625,1.0962709188461304,417.38128662109375
0.7995275855064392,419.2992248535156,0.7373360395431519,372.46075439453125
0.9554330706596375,622.9448852539062,1.1284170150756836,518.2234497070312
0.3162204623222351,45.031494140625,0.23805110156536102,38.055885314941406
1.6725984811782837,529.3779296875,1.565410852432251,517.8145141601562
0.5656692981719971,83.55905151367188,0.21879976987838745,164.33822631835938
1.2516535520553589,518.3700561523438,1.4631017446517944,537.9637451171875
0.06677165627479553,171.62203979492188,0.10158061981201172,186.0360870361328
1.0333858728408813,545.8897705078125,1.3144489526748657,448.5753173828125
1.2672441005706787,78.05511474609375,1.2891815900802612,57.73372268676758
1.9532283544540405,556.8976440429688,1.548983097076416,590.314453125
1.0333858728408813,248.6771697998047,1.2303065061569214,216.2837677001953
0.06677165627479553,380.77166748046875,-0.069462850689888,474.8734436035156
1.3451968431472778,419.2992248535156,0.9640385508537292,487.8753662109375
0.4565354287624359,45.031494140625,0.40135636925697327,53.6690673828125
0.3162204623222351,237.66929626464844,0.49395909905433655,166.7285614013672
0.6436220407485962,408.2913513183594,1.0047169923782349,296.7144470214844
1.594645619392395,463.33074951171875,1.0960876941680908,579.4650268554688
0.113543301820755,424.80316162109375,0.3139292895793915,307.1189270019531
0.08236220479011536,254.1811065673828,0.3497846722602844,215.7617645263672
1.2828346490859985,331.2362060546875,1.1619131565093994,363.8867492675781
1.2048819065093994,507.3622131347656,1.5864198207855225,486.8866271972656
0.9866141676902771,331.2362060546875,0.7525470852851868,446.22808837890625
1.0333858728408813,1.0,0.9373952746391296,51.894779205322266
1.0801575183868408,556.8976440429688,1.0729411840438843,502.9656982421875
0.47212597727775574,287.2047119140625,0.5439757704734802,241.7462615966797
2.0,424.80316162109375,1.8363261222839355,557.1434326171875
1.2828346490859985,248.6771697998047,1.1759074926376343,359.99127197265625
1.1425197124481201,243.17323303222656,1.3078144788742065,195.2252960205078
1.4387401342391968,6.503936767578125,1.3739782571792603,1.829508900642395
1.6570079326629639,551.3936767578125,1.8857842683792114,607.5338745117188
0.1759055107831955,166.11810302734375,0.17123417556285858,173.4296417236328
1.5790550708770752,298.21258544921875,1.8397549390792847,282.1561584472656
0.16031496226787567,166.11810302734375,0.3287205994129181,127.56809997558594
0.4565354287624359,380.77166748046875,0.7388631701469421,339.9502258300781
0.2538582682609558,237.66929626464844,0.18155641853809357,322.36175537109375
0.19149605929851532,193.63780212402344,0.32704275846481323,173.60498046875
0.8774803280830383,100.07086944580078,0.7133903503417969,140.14181518554688
0.34740158915519714,303.7165222167969,0.29606956243515015,371.7779235839844
0.6280314922332764,72.55117797851562,0.6001500487327576,80.95172882080078
0.3006299138069153,204.6456756591797,0.20761603116989136,285.42596435546875
0.5968503952026367,490.85040283203125,0.8633215427398682,459.10467529296875
0.659212589263916,408.2913513183594,0.8118636608123779,470.1276550292969
0.19149605929851532,127.5905532836914,0.17571115493774414,118.92850494384766
0.6903936862945557,17.511810302734375,0.5335767865180969,46.57322692871094
0.26944881677627563,144.10235595703125,0.306912899017334,152.47296142578125
0.26944881677627563,155.1102294921875,0.18685489892959595,166.5240478515625
0.7371653318405151,39.527557373046875,0.9656313061714172,39.742828369140625
1.7973228693008423,320.22833251953125,1.4627370834350586,434.89501953125
1.2204724550247192,243.17323303222656,1.0197361707687378,236.19869995117188
1.4855117797851562,507.3622131347656,1.7084369659423828,438.878662109375
1.7817323207855225,518.3700561523438,1.7290914058685303,527.07958984375
1.3763779401779175,413.7952880859375,1.3426930904388428,400.7461853027344
1.9532283544540405,265.18896484375,1.1399908065795898,450.03350830078125
0.6124409437179565,380.77166748046875,0.7997527122497559,401.7137451171875
0.3006299138069153,639.4566650390625,0.5734548568725586,525.4130859375
0.09795275330543518,397.2834777832031,0.27492186427116394,370.89569091796875
0.3941732347011566,155.1102294921875,0.3996536433696747,164.3134307861328
0.08236220479011536,485.3464660644531,0.3606197237968445,387.9749450683594
0.14472442865371704,210.1496124267578,0.22068484127521515,159.77296447753906
1.4075590372085571,375.26776123046875,1.681949257850647,327.5278015136719
1.0333858728408813,677.9842529296875,1.413712978363037,459.2979736328125
0.48771652579307556,199.14173889160156,0.4384631812572479,216.6218719482422
1.5790550708770752,611.93701171875,1.818662166595459,487.62060546875
0.5968503952026367,171.62203979492188,1.0008747577667236,70.98440551757812
1.6258267164230347,358.7558898925781,1.7791904211044312,487.06964111328125
1.7661417722702026,622.9448852539062,1.7569503784179688,621.3037719726562
1.4855117797851562,89.06298828125,1.2846944332122803,78.814453125
1.501102328300476,369.7638244628906,1.3274563550949097,441.2197570800781
1.828503966331482,380.77166748046875,1.8854951858520508,494.7964172363281
0.815118134021759,369.7638244628906,0.5077217817306519,500.2708435058594
1.3451968431472778,1.0,1.3365145921707153,30.784170150756836
1.1113386154174805,386.2756042480469,1.1920973062515259,421.02276611328125
1.7661417722702026,281.7007751464844,2.0629684925079346,163.7211456298828
0.20708660781383514,397.2834777832031,0.18877466022968292,471.00665283203125
0.2538582682609558,353.251953125,0.4050687253475189,400.1353454589844
1.906456708908081,446.8188781738281,1.7293100357055664,468.7794189453125
