target:h_c,target:sigma_k,predicted:h_c,predicted:sigma_k
0.16031496226787567,446.8188781738281,0.09322477877140045,392.5013732910156
1.7505512237548828,639.4566650390625,1.6855475902557373,579.4451293945312
0.815118134021759,89.06298828125,0.9202286601066589,92.87577819824219
1.8596850633621216,485.3464660644531,1.8815829753875732,431.73089599609375
1.3140157461166382,160.61416625976562,0.9828771948814392,216.60939025878906
0.6903936862945557,661.472412109375,0.9299144744873047,600.4601440429688
0.908661425113678,353.251953125,0.8781054615974426,385.85369873046875
0.28503936529159546,589.9212646484375,0.342094749212265,631.8421020507812
1.8752756118774414,661.472412109375,1.9004243612289429,562.5637817382812
1.0333858728408813,320.22833251953125,1.2955514192581177,268.9761657714844
0.659212589263916,650.4645385742188,0.6882675886154175,596.88525390625
1.7817323207855225,160.61416625976562,1.8750149011611938,170.95501708984375
1.2672441005706787,56.039371490478516,1.255979299545288,66.68323516845703
1.064566969871521,50.53543472290039,1.2375167608261108,56.50113296508789
0.7683464288711548,600.9291381835938,0.6546754240989685,571.7994384765625
1.4855117797851562,441.3149719238281,1.535244107246399,498.0702209472656
0.03559055179357529,512.8661499023438,0.07594850659370422,525.8267211914062
0.8307086825370789,485.3464660644531,0.772129237651825,544.0958251953125
0.8774803280830383,177.1259765625,1.1862564086914062,149.7252960205078
1.3140157461166382,116.58268737792969,1.0389962196350098,149.1087188720703
1.15811026096344,655.968505859375,1.4339227676391602,587.3675537109375
0.5033071041107178,155.1102294921875,0.7336279153823853,135.3557586669922
1.0333858728408813,479.842529296875,1.340340256690979,401.5153503417969
1.7505512237548828,485.3464660644531,1.3925596475601196,582.0390625
0.19149605929851532,639.4566650390625,0.657484233379364,422.5323486328125
1.7973228693008423,155.1102294921875,1.6854444742202759,190.3529052734375
1.423149585723877,89.06298828125,1.65677809715271,47.940155029296875
0.7839370369911194,644.9606323242188,0.6352001428604126,661.483642578125
1.8596850633621216,545.8897705078125,1.7454400062561035,601.4255981445312
1.5478739738464355,50.53543472290039,1.2906206846237183,108.04837799072266
1.423149585723877,496.3543395996094,1.7322684526443481,438.0958251953125
0.5812598466873169,259.6850280761719,0.7023898363113403,226.48048400878906
0.8462992310523987,358.7558898925781,1.0743215084075928,305.2398986816406
0.9242519736289978,452.32281494140625,0.8957536816596985,420.7783508300781
0.3006299138069153,650.4645385742188,0.447404682636261,505.900390625
1.906456708908081,622.9448852539062,2.0333218574523926,547.7723999023438
0.28503936529159546,375.26776123046875,0.1667015552520752,456.26470947265625
0.16031496226787567,254.1811065673828,0.4088687002658844,212.61776733398438
1.9688189029693604,193.63780212402344,1.7814059257507324,270.34173583984375
0.28503936529159546,314.7243957519531,0.31740087270736694,333.9071350097656
0.7371653318405151,507.3622131347656,0.91232830286026,443.809326171875
1.1892913579940796,639.4566650390625,1.4299616813659668,604.7998046875
1.8908661603927612,342.24407958984375,1.4309808015823364,566.3623046875
1.4855117797851562,622.9448852539062,1.265348196029663,707.14599609375
0.8618897795677185,562.4015502929688,0.9122503399848938,594.245361328125
0.19149605929851532,534.8818969726562,0.07447413355112076,642.35986328125
0.5188976526260376,419.2992248535156,0.5746867656707764,426.17718505859375
1.3763779401779175,155.1102294921875,1.4963406324386597,120.21646118164062
0.5968503952026367,413.7952880859375,0.5034841895103455,315.0390625
1.3763779401779175,386.2756042480469,1.0951606035232544,533.8562622070312
1.8440945148468018,160.61416625976562,1.650803565979004,161.2007598876953
1.15811026096344,424.80316162109375,0.5869719386100769,651.0513305664062
0.03559055179357529,353.251953125,0.0543028898537159,470.4854431152344
0.5033071041107178,6.503936767578125,0.41853809356689453,-0.428491473197937
0.908661425113678,116.58268737792969,0.7644796371459961,153.6436309814453
1.15811026096344,589.9212646484375,0.7533378601074219,600.2012939453125
2.0,243.17323303222656,1.6653203964233398,363.4985656738281
0.9554330706596375,342.24407958984375,0.7733209729194641,396.63665771484375
1.2048819065093994,589.9212646484375,1.7139122486114502,497.6277160644531
1.6570079326629639,413.7952880859375,1.4623006582260132,431.0685729980469
1.9844094514846802,281.7007751464844,1.5934396982192993,417.0566711425781
0.33181101083755493,12.00787353515625,0.3880767524242401,20.046077728271484
1.2048819065093994,243.17323303222656,1.0190669298171997,353.75433349609375
1.8440945148468018,490.85040283203125,1.6544368267059326,566.1141357421875
1.8908661603927612,281.7007751464844,1.9890762567520142,295.4503173828125
0.9398425221443176,545.8897705078125,1.1167476177215576,515.7906494140625
0.19149605929851532,633.9527587890625,0.2418193221092224,486.4897155761719
0.4409448802471161,694.4960327148438,0.6511459946632385,716.4295654296875
1.236063003540039,78.05511474609375,1.025892972946167,133.70938110351562
0.815118134021759,364.2598876953125,1.0263127088546753,269.53900146484375
1.2048819065093994,281.7007751464844,1.2666369676589966,245.33912658691406
0.815118134021759,39.527557373046875,0.8500696420669556,72.0675277709961
1.2984251976013184,303.7165222167969,1.3992544412612915,280.70733642578125
0.9866141676902771,12.00787353515625,1.1442283391952515,1.4273335933685303
0.238267719745636,56.039371490478516,0.1631181836128235,69.6680679321289
0.36299213767051697,61.54330825805664,0.374480664730072,60.72407150268555
1.2984251976013184,67.0472412109375,1.5201762914657593,66.86580657958984
0.238267719745636,342.24407958984375,0.31432756781578064,342.4412536621094
1.8908661603927612,171.62203979492188,1.7001214027404785,164.2537384033203
1.0022047758102417,364.2598876953125,1.0687847137451172,308.33306884765625
0.7839370369911194,61.54330825805664,0.7637374997138977,38.37392807006836
0.03559055179357529,534.8818969726562,0.14847201108932495,527.9837036132812
0.7371653318405151,694.4960327148438,0.4548802971839905,688.0850219726562
0.9554330706596375,556.8976440429688,0.8848279714584351,602.720703125
0.9554330706596375,292.7086486816406,0.9936257600784302,287.00299072265625
1.9688189029693604,34.02362060546875,1.878150224685669,39.79914093017578
1.3919684886932373,518.3700561523438,1.2636252641677856,602.3895874023438
0.05118110775947571,545.8897705078125,0.17406581342220306,450.933837890625
0.20708660781383514,12.00787353515625,0.17248979210853577,20.325136184692383
1.4699212312698364,700.0,1.7858306169509888,644.049072265625
0.9710236191749573,199.14173889160156,0.8924901485443115,244.38011169433594
1.9376378059387207,474.3385925292969,1.7889832258224487,470.7275695800781
0.5344882011413574,226.66140747070312,0.5560725331306458,189.79466247558594
0.06677165627479553,72.55117797851562,-0.025618933141231537,80.74187469482422
1.4075590372085571,67.0472412109375,1.6023999452590942,102.69416046142578
0.8930708765983582,540.3858032226562,0.9174800515174866,648.988525390625
0.6748031377792358,573.409423828125,0.7204160094261169,590.2774658203125
0.5500787496566772,248.6771697998047,0.30080780386924744,299.3773498535156
0.815118134021759,83.55905151367188,0.9046251177787781,78.12753295898438
1.4699212312698364,111.07874298095703,1.5221834182739258,96.73702239990234
0.5500787496566772,83.55905151367188,0.477130264043808,111.4823989868164
1.3919684886932373,545.8897705078125,1.4716554880142212,537.5198364257812
0.5656692981719971,700.0,0.4041990041732788,581.8761596679688
0.20708660781383514,556.8976440429688,0.2586584687232971,526.1739501953125
0.6903936862945557,507.3622131347656,0.9129006862640381,471.2411193847656
0.26944881677627563,298.21258544921875,0.14094316959381104,361.310791015625
1.6414172649383545,111.07874298095703,1.5402714014053345,133.44956970214844
0.16031496226787567,688.9921264648438,0.26884984970092773,639.037109375
0.815118134021759,160.61416625976562,0.6633603572845459,216.0161895751953
1.4075590372085571,199.14173889160156,1.2665859460830688,324.4781799316406
1.9532283544540405,584.4172973632812,1.8881402015686035,594.1549072265625
1.6258267164230347,375.26776123046875,1.672037124633789,396.2422790527344
1.6414172649383545,45.031494140625,1.5558637380599976,43.07912063598633
0.7683464288711548,177.1259765625,0.7414659261703491,245.7095947265625
1.236063003540039,534.8818969726562,1.4930765628814697,480.46954345703125
0.16031496226787567,243.17323303222656,0.24318188428878784,272.93896484375
1.1892913579940796,518.3700561523438,1.301961898803711,503.586181640625
0.7215747833251953,232.16537475585938,0.8627210259437561,202.6096954345703
1.423149585723877,551.3936767578125,1.815323829650879,585.8193969726562
1.5634645223617554,435.81103515625,1.6043232679367065,454.8755187988281
0.2538582682609558,551.3936767578125,0.1986853927373886,466.21649169921875
1.594645619392395,369.7638244628906,1.5602672100067139,371.719970703125
1.7661417722702026,397.2834777832031,2.14005184173584,359.30926513671875
1.2984251976013184,221.15748596191406,1.2566415071487427,188.064697265625
1.3763779401779175,105.5748062133789,1.1500221490859985,197.04632568359375
0.659212589263916,28.519685745239258,0.6738407015800476,63.203372955322266
0.8930708765983582,452.32281494140625,0.9577836990356445,443.841552734375
1.4699212312698364,292.7086486816406,1.4785717725753784,386.8163757324219
1.5634645223617554,281.7007751464844,1.5604897737503052,246.8732452392578
1.2048819065093994,353.251953125,1.159622311592102,375.45361328125
1.6881890296936035,540.3858032226562,1.4884687662124634,543.7547607421875
1.1269291639328003,386.2756042480469,0.9068199396133423,481.08660888671875
0.019999999552965164,589.9212646484375,0.1727948933839798,584.4043579101562
1.9220472574234009,375.26776123046875,1.6770790815353394,436.5876770019531
1.236063003540039,210.1496124267578,0.804574728012085,287.4607849121094
0.3941732347011566,463.33074951171875,0.4374431073665619,419.2442626953125
0.47212597727775574,12.00787353515625,0.38903161883354187,40.19153594970703
1.8440945148468018,133.094482421875,1.8095934391021729,181.52418518066406
0.33181101083755493,419.2992248535156,0.1747172772884369,431.4680480957031
1.8596850633621216,589.9212646484375,1.8244653940200806,531.1474609375
1.9844094514846802,243.17323303222656,1.6271079778671265,295.5525207519531
0.03559055179357529,270.6929016113281,0.15394550561904907,258.28466796875
0.7839370369911194,545.8897705078125,0.984080970287323,432.5528869628906
1.3763779401779175,672.4802856445312,1.4401581287384033,537.9257202148438
0.5188976526260376,551.3936767578125,0.5321741104125977,403.0596008300781
1.1425197124481201,270.6929016113281,0.7119621634483337,426.2565002441406
0.8618897795677185,683.4881591796875,1.003974199295044,676.890625
0.7995275855064392,688.9921264648438,1.1303074359893799,695.1309814453125
1.4387401342391968,628.4487915039062,1.4555517435073853,590.8723754882812
0.9866141676902771,83.55905151367188,0.9222452044487,95.9133529663086
0.16031496226787567,138.59841918945312,0.16986969113349915,143.9014892578125
1.5634645223617554,298.21258544921875,1.3960520029067993,241.7902069091797
1.4075590372085571,100.07086944580078,1.1100996732711792,210.88999938964844
0.8462992310523987,485.3464660644531,1.0162854194641113,455.35186767578125
0.7059842348098755,138.59841918945312,0.7450438141822815,108.55906677246094
1.6881890296936035,309.220458984375,1.6349276304244995,356.1701354980469
1.2516535520553589,83.55905151367188,1.2945053577423096,107.11764526367188
1.5634645223617554,127.5905532836914,1.353027582168579,220.63925170898438
0.5500787496566772,1.0,0.5807191729545593,28.632287979125977
1.516692876815796,100.07086944580078,1.3654483556747437,162.8364715576172
1.501102328300476,199.14173889160156,1.5658845901489258,233.61293029785156
0.1759055107831955,292.7086486816406,0.3978758156299591,259.8825988769531
0.42535433173179626,490.85040283203125,0.44551193714141846,431.1104431152344
0.05118110775947571,314.7243957519531,0.14862948656082153,284.2431945800781
0.7059842348098755,600.9291381835938,1.1697628498077393,641.3993530273438
0.05118110775947571,457.8267517089844,-0.0008078664541244507,515.3035888671875
0.7839370369911194,254.1811065673828,0.8744090795516968,227.68093872070312
1.6102361679077148,83.55905151367188,1.2868932485580444,149.76515197753906
1.594645619392395,639.4566650390625,1.4811912775039673,648.1542358398438
0.3162204623222351,188.13388061523438,0.32824817299842834,196.56117248535156
0.40976378321647644,232.16537475585938,0.26802995800971985,283.0696105957031
1.4075590372085571,391.779541015625,1.383624792098999,411.6507263183594
0.238267719745636,688.9921264648438,0.26990798115730286,564.7189331054688
0.7995275855064392,254.1811065673828,0.7916784882545471,364.912109375
0.3006299138069153,512.8661499023438,0.8352503776550293,363.4523010253906
1.0489764213562012,50.53543472290039,1.1875728368759155,36.64946746826172
1.1425197124481201,556.8976440429688,0.880774199962616,636.7435913085938
0.7371653318405151,666.9763793945312,0.9713794589042664,579.6302490234375
0.7059842348098755,655.968505859375,0.9508118033409119,553.3278198242188
0.6280314922332764,237.66929626464844,0.9271295070648193,156.7584228515625
0.16031496226787567,672.4802856445312,0.5886601209640503,479.031982421875
1.9688189029693604,408.2913513183594,1.747539758682251,483.1792297363281
0.9242519736289978,413.7952880859375,1.3313345909118652,371.2770080566406
1.1113386154174805,67.0472412109375,1.2096757888793945,35.97478103637695
1.1425197124481201,122.08661651611328,1.1596230268478394,140.3290557861328
1.017795443534851,556.8976440429688,1.4802494049072266,542.1632690429688
1.2048819065093994,545.8897705078125,1.5821114778518677,549.3384399414062
0.3785826861858368,138.59841918945312,0.3376774787902832,148.9697265625
0.34740158915519714,111.07874298095703,0.27499744296073914,154.86233520507812
1.15811026096344,56.039371490478516,1.2594873905181885,46.71052551269531
1.2672441005706787,237.66929626464844,1.3564053773880005,247.04531860351562
1.3140157461166382,199.14173889160156,1.2117441892623901,246.3922119140625
1.8596850633621216,204.6456756591797,1.7687844038009644,308.8746337890625
0.26944881677627563,6.503936767578125,0.2759743928909302,11.254066467285156
1.2516535520553589,138.59841918945312,1.2187371253967285,167.6334228515625
1.1269291639328003,353.251953125,1.2357689142227173,308.4613342285156
1.3763779401779175,210.1496124267578,1.259946584701538,208.2465362548828
1.7973228693008423,534.8818969726562,1.7621101140975952,527.4786987304688
1.5790550708770752,452.32281494140625,1.4721113443374634,350.7919006347656
0.3785826861858368,683.4881591796875,0.43591904640197754,654.8970336914062
1.2516535520553589,672.4802856445312,1.2955436706542969,630.5867309570312
1.3763779401779175,17.511810302734375,1.3775638341903687,-30.155466079711914
1.1892913579940796,490.85040283203125,1.3561474084854126,496.0487976074219
1.8440945148468018,474.3385925292969,1.8051146268844604,443.6346740722656
0.5033071041107178,78.05511474609375,0.4540272057056427,90.49939727783203
0.815118134021759,100.07086944580078,0.8091889023780823,138.70704650878906
1.7661417722702026,182.62994384765625,1.5571858882904053,247.7191925048828
1.017795443534851,551.3936767578125,1.030767798423767,668.0763549804688
0.33181101083755493,413.7952880859375,0.4085513651371002,449.66302490234375
1.3763779401779175,551.3936767578125,1.4979835748672485,417.40789794921875
1.0333858728408813,380.77166748046875,1.0849639177322388,389.70703125
1.8908661603927612,518.3700561523438,1.7319693565368652,518.6567993164062
1.0333858728408813,347.7480163574219,1.125601887702942,331.4579772949219
1.9220472574234009,353.251953125,1.2782480716705322,272.78057861328125
0.48771652579307556,677.9842529296875,0.7017775774002075,568.83740234375
0.42535433173179626,265.18896484375,0.5544630289077759,287.5665283203125
1.0957480669021606,353.251953125,1.6104899644851685,284.1995849609375
1.906456708908081,655.968505859375,1.6429660320281982,633.6360473632812
1.2204724550247192,265.18896484375,1.1296440362930298,265.55706787109375
0.03559055179357529,430.3070983886719,-0.00807938538491726,601.4591064453125
1.7817323207855225,17.511810302734375,1.5778650045394897,70.22258758544922
0.22267717123031616,303.7165222167969,0.15242227911949158,330.7945861816406
1.8908661603927612,622.9448852539062,1.7174910306930542,695.7012939453125
1.2672441005706787,83.55905151367188,1.2758513689041138,77.81786346435547
0.16031496226787567,611.93701171875,0.31230470538139343,488.4393310546875
0.05118110775947571,644.9606323242188,0.20990650355815887,453.2474365234375
1.501102328300476,567.905517578125,1.4666991233825684,494.7810363769531
1.7973228693008423,61.54330825805664,1.7723901271820068,-0.8069888353347778
1.0022047758102417,523.8740234375,1.17849600315094,491.8698425292969
0.7995275855064392,320.22833251953125,0.3397113084793091,469.50299072265625
1.3451968431472778,468.8346862792969,1.2558863162994385,468.8656005859375
0.7839370369911194,413.7952880859375,0.6229390501976013,534.760009765625
0.28503936529159546,677.9842529296875,0.4103899598121643,635.2068481445312
0.7059842348098755,50.53543472290039,0.5793391466140747,96.5231704711914
1.3919684886932373,188.13388061523438,1.40872061252594,200.13629150390625
1.516692876815796,375.26776123046875,1.728962779045105,352.68072509765625
0.5812598466873169,331.2362060546875,0.5356400609016418,379.8747863769531
0.6748031377792358,309.220458984375,0.9256750345230103,293.5018005371094
0.6903936862945557,551.3936767578125,0.8500620722770691,616.0235595703125
0.47212597727775574,83.55905151367188,0.48776131868362427,89.13548278808594
1.1113386154174805,595.4251708984375,1.0136702060699463,640.0283203125
1.8908661603927612,578.9133911132812,1.4371980428695679,618.555419921875
1.0022047758102417,617.44091796875,1.3856477737426758,521.7985229492188
1.4543306827545166,408.2913513183594,1.5080065727233887,472.1143798828125
0.26944881677627563,430.3070983886719,0.32807162404060364,401.4047546386719
1.3607873916625977,633.9527587890625,1.4702585935592651,488.5650329589844
1.017795443534851,105.5748062133789,0.9448645710945129,117.80091857910156
0.5033071041107178,364.2598876953125,0.6500586867332458,390.0229187011719
0.28503936529159546,78.05511474609375,0.3168988823890686,113.24329376220703
2.0,617.44091796875,1.4193780422210693,617.0884399414062
1.7505512237548828,628.4487915039062,1.5504142045974731,705.39453125
0.6124409437179565,89.06298828125,0.5506966710090637,105.28128814697266
1.4855117797851562,474.3385925292969,1.7630653381347656,452.3978271484375
0.113543301820755,589.9212646484375,0.10524985194206238,598.9517822265625
0.019999999552965164,617.44091796875,0.2619440257549286,543.8644409179688
1.7661417722702026,424.80316162109375,1.6819734573364258,595.6112060546875
1.1269291639328003,34.02362060546875,1.3741109371185303,11.120609283447266
0.2538582682609558,144.10235595703125,0.3499978184700012,136.92405700683594
1.7817323207855225,622.9448852539062,1.8090193271636963,515.0882568359375
0.06677165627479553,501.8582763671875,0.1546528935432434,498.1761779785156
1.1269291639328003,441.3149719238281,1.3107655048370361,477.2347412109375
1.516692876815796,490.85040283203125,1.4979541301727295,483.9934997558594
0.26944881677627563,419.2992248535156,0.030635245144367218,502.4095764160156
2.0,545.8897705078125,1.8689055442810059,473.261962890625
1.236063003540039,364.2598876953125,0.7413472533226013,451.3292236328125
0.752755880355835,644.9606323242188,1.006005048751831,576.2782592773438
0.33181101083755493,600.9291381835938,0.19981440901756287,574.274169921875
0.05118110775947571,89.06298828125,0.04878413677215576,131.04425048828125
0.26944881677627563,259.6850280761719,0.3727550506591797,213.46905517578125
1.2204724550247192,677.9842529296875,0.9644305109977722,747.0275268554688
0.9866141676902771,523.8740234375,0.9512702226638794,527.4688110351562
1.9844094514846802,83.55905151367188,1.3789031505584717,202.06973266601562
0.7371653318405151,353.251953125,1.1770952939987183,350.0146484375
0.8930708765983582,397.2834777832031,0.9101613163948059,463.03631591796875
0.28503936529159546,100.07086944580078,0.12030692398548126,148.44801330566406
1.1737008094787598,358.7558898925781,0.8707423210144043,524.94384765625
1.906456708908081,265.18896484375,1.4671671390533447,338.410888671875
1.7817323207855225,419.2992248535156,1.61263108253479,543.8045654296875
0.8930708765983582,545.8897705078125,1.1301701068878174,502.7542419433594
2.0,369.7638244628906,1.827817678451538,478.3042297363281
0.3006299138069153,270.6929016113281,0.2654487192630768,284.1113586425781
0.4565354287624359,314.7243957519531,0.4021334946155548,331.5553894042969
0.42535433173179626,611.93701171875,0.4414915442466736,554.4080810546875
0.6903936862945557,650.4645385742188,0.9727879762649536,601.6539306640625
1.8596850633621216,650.4645385742188,1.229997158050537,717.9180908203125
0.42535433173179626,474.3385925292969,0.20730188488960266,559.2400512695312
1.0489764213562012,386.2756042480469,1.1809509992599487,483.4311218261719
0.5968503952026367,650.4645385742188,0.7843130230903625,547.0514526367188
1.0489764213562012,540.3858032226562,1.0042550563812256,480.0547790527344
1.6570079326629639,100.07086944580078,1.606343150138855,146.57064819335938
0.8774803280830383,193.63780212402344,0.883324146270752,188.47935485839844
0.7059842348098755,644.9606323242188,0.7316657900810242,550.275390625
1.236063003540039,111.07874298095703,1.385209083557129,92.18000793457031
1.5634645223617554,78.05511474609375,1.3355028629302979,99.84986877441406
0.659212589263916,512.8661499023438,0.7817121744155884,571.8270263671875
1.9376378059387207,342.24407958984375,1.5362237691879272,474.3141174316406
1.8752756118774414,226.66140747070312,1.8910255432128906,154.150634765625
1.423149585723877,61.54330825805664,1.8214489221572876,47.82240295410156
1.3763779401779175,237.66929626464844,1.2531388998031616,331.67413330078125
1.501102328300476,23.0157470703125,1.3893183469772339,20.284090042114258
0.659212589263916,595.4251708984375,0.7915005087852478,516.1133422851562
0.659212589263916,144.10235595703125,0.828118622303009,102.51860046386719
1.594645619392395,226.66140747070312,1.4020358324050903,239.3125
0.815118134021759,551.3936767578125,0.8904116153717041,551.4365234375
0.28503936529159546,386.2756042480469,0.23509465157985687,391.8314208984375
1.4855117797851562,452.32281494140625,1.4409390687942505,391.260009765625
1.6258267164230347,540.3858032226562,1.3454240560531616,583.3917846679688
1.6258267164230347,413.7952880859375,1.994480013847351,290.55889892578125
0.36299213767051697,116.58268737792969,0.4557977318763733,113.26787567138672
1.3607873916625977,78.05511474609375,1.591895580291748,40.46506118774414
0.6748031377792358,133.094482421875,0.4215755760669708,192.8671112060547
1.2828346490859985,226.66140747070312,1.520862340927124,135.85769653320312
0.5033071041107178,479.842529296875,0.7098098993301392,446.57928466796875
0.7059842348098755,358.7558898925781,0.6247358322143555,456.45758056640625
0.3162204623222351,452.32281494140625,0.18574069440364838,527.2166137695312
0.12913386523723602,204.6456756591797,0.2793583869934082,160.532470703125
1.828503966331482,72.55117797851562,1.6348844766616821,197.74774169921875
1.15811026096344,342.24407958984375,1.3399041891098022,322.5715026855469
1.3140157461166382,309.220458984375,1.2269837856292725,354.56866455078125
0.5500787496566772,105.5748062133789,0.6841453909873962,59.97259521484375
1.9844094514846802,573.409423828125,1.5562703609466553,635.8817749023438
0.5968503952026367,259.6850280761719,0.7808906435966492,239.53721618652344
1.4075590372085571,23.0157470703125,1.5029289722442627,1.1329538822174072
1.4855117797851562,545.8897705078125,1.6197600364685059,611.4199829101562
1.6102361679077148,111.07874298095703,1.3791985511779785,200.1696319580078
0.34740158915519714,419.2992248535156,0.07912054657936096,416.1058654785156
1.2672441005706787,259.6850280761719,1.3398652076721191,211.07400512695312
1.4855117797851562,347.7480163574219,1.502112865447998,350.8201904296875
0.47212597727775574,413.7952880859375,0.16346491873264313,528.0259399414062
0.19149605929851532,567.905517578125,0.3153294324874878,498.97503662109375
1.828503966331482,617.44091796875,1.6482717990875244,643.6444702148438
0.9554330706596375,540.3858032226562,0.8345893621444702,489.17919921875
0.019999999552965164,358.7558898925781,0.20191484689712524,373.0655212402344
1.017795443534851,171.62203979492188,1.218000888824463,149.6938934326172
0.5500787496566772,672.4802856445312,0.18073821067810059,673.5050659179688
1.0489764213562012,215.65354919433594,0.9170808792114258,265.519287109375
0.03559055179357529,496.3543395996094,0.1250544935464859,529.3403930664062
0.22267717123031616,210.1496124267578,0.2899881899356842,214.65525817871094
1.7973228693008423,314.7243957519531,1.8505324125289917,340.73333740234375
0.47212597727775574,391.779541015625,0.6949172616004944,308.17132568359375
0.34740158915519714,534.8818969726562,0.5401715040206909,528.204345703125
1.7817323207855225,281.7007751464844,1.3288017511367798,388.44940185546875
0.7371653318405151,248.6771697998047,0.8255210518836975,225.35528564453125
0.8307086825370789,386.2756042480469,0.8541930317878723,462.5897521972656
1.2048819065093994,50.53543472290039,1.2436699867248535,71.78974914550781
0.40976378321647644,490.85040283203125,0.5550606846809387,487.3343200683594
0.6280314922332764,144.10235595703125,0.6075466275215149,181.534912109375
1.4543306827545166,369.7638244628906,1.590868592262268,342.67401123046875
0.8462992310523987,94.56694030761719,0.889787495136261,93.29631042480469
1.8752756118774414,160.61416625976562,1.7224500179290771,132.8573760986328
0.22267717123031616,265.18896484375,0.3633731007575989,235.6728057861328
1.1892913579940796,39.527557373046875,1.0639115571975708,79.23650360107422
1.594645619392395,243.17323303222656,1.6447703838348389,159.16854858398438
0.26944881677627563,56.039371490478516,0.195089653134346,49.41535568237305
1.4543306827545166,303.7165222167969,1.3242928981781006,411.61651611328125
0.42535433173179626,155.1102294921875,0.18974345922470093,229.09304809570312
0.3785826861858368,369.7638244628906,0.31162747740745544,391.04827880859375
0.3941732347011566,314.7243957519531,0.3331417441368103,327.5217590332031
0.28503936529159546,67.0472412109375,0.295105904340744,58.22478485107422
1.1737008094787598,369.7638244628906,1.6475967168807983,291.4845886230469
0.14472442865371704,39.527557373046875,0.05679362639784813,85.9071044921875
0.26944881677627563,138.59841918945312,0.2907180190086365,134.4604034423828
1.501102328300476,688.9921264648438,1.787733793258667,542.2628784179688
0.752755880355835,661.472412109375,0.9654269814491272,623.6649169921875
0.3785826861858368,347.7480163574219,0.6420851945877075,301.6015319824219
1.5478739738464355,644.9606323242188,0.9444972276687622,627.0408935546875
0.14472442865371704,182.62994384765625,0.2532501816749573,153.86566162109375
0.16031496226787567,408.2913513183594,0.12206593155860901,390.90228271484375
0.12913386523723602,606.4330444335938,0.114766925573349,561.7507934570312
1.516692876815796,72.55117797851562,1.157577633857727,108.67098999023438
2.0,567.905517578125,1.9122776985168457,598.153564453125
0.3006299138069153,573.409423828125,0.13109754025936127,622.5718383789062
1.0022047758102417,380.77166748046875,0.9271191954612732,354.5226135253906
0.22267717123031616,182.62994384765625,0.2502155900001526,144.42098999023438
0.34740158915519714,677.9842529296875,0.40686675906181335,519.5953369140625
0.8307086825370789,474.3385925292969,1.003562092781067,489.4447326660156
0.7371653318405151,364.2598876953125,0.6836627721786499,323.9410095214844
0.5344882011413574,166.11810302734375,0.4381346106529236,164.4299774169922
0.36299213767051697,34.02362060546875,0.36243221163749695,37.54689407348633
0.36299213767051697,501.8582763671875,0.13228636980056763,531.1700439453125
0.8618897795677185,666.9763793945312,0.8768710494041443,594.735595703125
0.815118134021759,353.251953125,0.8774431943893433,351.9110107421875
0.6436220407485962,386.2756042480469,0.6841575503349304,396.4269104003906
1.7193701267242432,666.9763793945312,1.6812739372253418,564.9133911132812
0.5812598466873169,507.3622131347656,0.6087208390235901,578.3712768554688
1.6102361679077148,314.7243957519531,1.6891669034957886,333.6663513183594
0.7995275855064392,606.4330444335938,0.7817102670669556,642.5411376953125
0.7371653318405151,50.53543472290039,0.7420771718025208,71.21516418457031
0.05118110775947571,215.65354919433594,0.16774076223373413,218.89027404785156
1.2828346490859985,254.1811065673828,1.044597864151001,264.41461181640625
1.0957480669021606,248.6771697998047,0.8375760912895203,353.909423828125
0.9554330706596375,672.4802856445312,1.192537546157837,683.2390747070312
0.7059842348098755,188.13388061523438,0.41404420137405396,189.6027069091797
1.812913417816162,12.00787353515625,1.5827940702438354,45.22665023803711
0.659212589263916,617.44091796875,0.851809561252594,556.755615234375
0.9398425221443176,320.22833251953125,0.870398759841919,374.0322570800781
0.7683464288711548,204.6456756591797,0.6343202590942383,230.22830200195312
1.2828346490859985,622.9448852539062,1.4657371044158936,694.9260864257812
0.3785826861858368,628.4487915039062,0.4657977819442749,552.64306640625
0.5968503952026367,23.0157470703125,0.5648369789123535,50.605255126953125
0.22267717123031616,430.3070983886719,0.2843247652053833,469.3946838378906
1.0489764213562012,435.81103515625,1.3202029466629028,446.3590393066406
1.1892913579940796,402.78741455078125,1.1915448904037476,534.6304321289062
1.5790550708770752,94.56694030761719,1.542055606842041,94.41988372802734
0.3006299138069153,28.519685745239258,0.4332673251628876,-22.81406593322754
1.236063003540039,622.9448852539062,1.5744374990463257,531.9271240234375
0.06677165627479553,573.409423828125,0.18823610246181488,575.0160522460938
1.8908661603927612,468.8346862792969,1.6933231353759766,556.132568359375
1.7193701267242432,34.02362060546875,1.5265998840332031,129.0552215576172
0.5812598466873169,23.0157470703125,0.5669650435447693,49.887298583984375
0.6903936862945557,523.8740234375,0.48294833302497864,522.28076171875
1.7037795782089233,666.9763793945312,1.6858552694320679,609.71728515625
1.5478739738464355,655.968505859375,1.574492335319519,750.9635620117188
0.5500787496566772,193.63780212402344,0.5036624670028687,138.26783752441406
1.0801575183868408,100.07086944580078,1.1839661598205566,82.87301635742188
0.908661425113678,650.4645385742188,0.8090701103210449,593.9099731445312
1.236063003540039,551.3936767578125,1.3611458539962769,581.3322143554688
0.14472442865371704,188.13388061523438,0.15918198227882385,205.8163604736328
1.734960675239563,155.1102294921875,1.2886669635772705,202.10812377929688
0.5968503952026367,578.9133911132812,0.7951928973197937,518.6483764648438
0.8307086825370789,628.4487915039062,1.151598572731018,643.4833984375
0.06677165627479553,540.3858032226562,0.06366686522960663,593.5947265625
1.017795443534851,243.17323303222656,0.8263196349143982,302.54412841796875
1.2828346490859985,193.63780212402344,1.029469609260559,318.5956726074219
0.12913386523723602,292.7086486816406,0.13539758324623108,310.1722412109375
1.5790550708770752,611.93701171875,1.5051171779632568,593.4617309570312
0.6903936862945557,12.00787353515625,0.6281093955039978,-10.805116653442383
1.5790550708770752,182.62994384765625,1.5616267919540405,206.1653594970703
1.1113386154174805,523.8740234375,1.2158585786819458,527.6005249023438
0.9866141676902771,661.472412109375,0.9401103258132935,601.4755859375
0.3006299138069153,628.4487915039062,0.36102738976478577,570.5585327148438
0.9866141676902771,639.4566650390625,1.1310709714889526,462.2242431640625
1.4075590372085571,534.8818969726562,1.456493854522705,570.7073974609375
1.5322834253311157,122.08661651611328,1.62549889087677,104.38350677490234
1.2672441005706787,325.7322692871094,1.388732671737671,376.7523498535156
0.9710236191749573,67.0472412109375,0.9405722618103027,96.77723693847656
1.0489764213562012,303.7165222167969,1.4450143575668335,390.09429931640625
0.3006299138069153,144.10235595703125,0.4541303813457489,99.95026397705078
0.3785826861858368,479.842529296875,0.27704015374183655,441.1563415527344
1.8596850633621216,397.2834777832031,1.6277246475219727,456.5304260253906
0.6280314922332764,138.59841918945312,0.5674903988838196,111.95377349853516
1.906456708908081,512.8661499023438,1.6580675840377808,562.8727416992188
0.4409448802471161,34.02362060546875,0.38355112075805664,49.30275344848633
1.423149585723877,358.7558898925781,1.3677361011505127,429.6473083496094
1.7661417722702026,94.56694030761719,1.5540975332260132,108.2927017211914
0.815118134021759,474.3385925292969,0.6587401032447815,559.1597290039062
0.2538582682609558,45.031494140625,0.1937195062637329,34.569129943847656
0.5500787496566772,369.7638244628906,0.5852580666542053,358.0724182128906
0.8307086825370789,1.0,0.8424414992332458,-9.946840286254883
1.064566969871521,672.4802856445312,1.1750965118408203,592.4602661132812
0.4409448802471161,567.905517578125,0.260714590549469,588.20947265625
2.0,644.9606323242188,1.4635624885559082,532.4361572265625
0.20708660781383514,210.1496124267578,0.08832703530788422,293.775146484375
1.1892913579940796,144.10235595703125,0.9871832728385925,149.5392608642578
1.7505512237548828,221.15748596191406,1.44162917137146,319.65887451171875
1.4855117797851562,105.5748062133789,1.8563487529754639,33.766090393066406
1.4387401342391968,314.7243957519531,1.5561615228652954,356.36468505859375
0.3785826861858368,452.32281494140625,0.4029042422771454,409.5641784667969
1.8596850633621216,276.19683837890625,1.803547739982605,282.1028137207031
1.8752756118774414,122.08661651611328,1.6308096647262573,199.09764099121094
1.5790550708770752,1.0,1.5254789590835571,-1.1232340335845947
1.0957480669021606,606.4330444335938,1.322390079498291,559.8322143554688
1.8752756118774414,133.094482421875,1.7242679595947266,172.26121520996094
1.4387401342391968,144.10235595703125,1.1381845474243164,268.47064208984375
0.26944881677627563,193.63780212402344,0.5418251156806946,179.8158721923828
0.5500787496566772,430.3070983886719,0.7596111297607422,308.5893249511719
1.6881890296936035,534.8818969726562,1.7553550004959106,624.1945190429688
0.019999999552965164,61.54330825805664,0.046268269419670105,98.4345932006836
1.6258267164230347,523.8740234375,1.786702275276184,418.199462890625
0.48771652579307556,424.80316162109375,0.17135822772979736,566.0383911132812
1.9220472574234009,182.62994384765625,1.8891010284423828,159.65504455566406
0.238267719745636,512.8661499023438,0.32620832324028015,515.939453125
0.6436220407485962,215.65354919433594,0.6955555081367493,221.3227996826172
0.7683464288711548,446.8188781738281,1.1610466241836548,297.7413330078125
0.47212597727775574,507.3622131347656,0.7259100675582886,496.33837890625
1.2672441005706787,562.4015502929688,1.3837957382202148,493.86993408203125
0.20708660781383514,507.3622131347656,-0.026097077876329422,580.6284790039062
0.5500787496566772,210.1496124267578,0.4400791525840759,242.98912048339844
0.16031496226787567,232.16537475585938,0.28102007508277893,183.29470825195312
0.1759055107831955,688.9921264648438,-0.0035030879080295563,731.463623046875
0.815118134021759,578.9133911132812,1.0193425416946411,611.5289306640625
0.7371653318405151,485.3464660644531,0.8035306930541992,469.029296875
0.36299213767051697,347.7480163574219,0.5101267695426941,380.522705078125
0.752755880355835,474.3385925292969,0.9191155433654785,417.1575012207031
0.752755880355835,166.11810302734375,0.7176915407180786,162.0662078857422
1.4075590372085571,600.9291381835938,1.4582138061523438,625.6015014648438
0.5656692981719971,193.63780212402344,0.4543837904930115,181.80520629882812
0.09795275330543518,111.07874298095703,-0.0004258453845977783,116.8479232788086
1.1892913579940796,413.7952880859375,0.821622908115387,481.2860107421875
1.8752756118774414,56.039371490478516,2.023376941680908,97.60413360595703
1.5322834253311157,292.7086486816406,1.3990356922149658,283.75445556640625
1.5322834253311157,369.7638244628906,1.275014877319336,547.5689086914062
1.9220472574234009,34.02362060546875,2.1048717498779297,5.6874284744262695
0.20708660781383514,215.65354919433594,0.17675133049488068,231.4488525390625
1.7193701267242432,204.6456756591797,1.2852871417999268,225.62892150878906
1.6102361679077148,474.3385925292969,1.523105502128601,412.67462158203125
0.16031496226787567,347.7480163574219,0.49278131127357483,292.3738708496094
1.3919684886932373,589.9212646484375,1.1377956867218018,601.0437622070312
1.6258267164230347,700.0,1.794871211051941,539.1390991210938
1.0333858728408813,342.24407958984375,1.1732285022735596,439.2247314453125
1.5322834253311157,199.14173889160156,1.4507848024368286,209.67910766601562
1.423149585723877,452.32281494140625,1.3968064785003662,471.3799743652344
0.5033071041107178,463.33074951171875,0.37817180156707764,488.97845458984375
0.8930708765983582,67.0472412109375,0.9664194583892822,41.15107345581055
0.5812598466873169,1.0,0.5343841314315796,24.698226928710938
0.752755880355835,501.8582763671875,1.0062305927276611,634.5941772460938
0.36299213767051697,375.26776123046875,0.5107412338256836,352.392822265625
0.9554330706596375,496.3543395996094,1.2900229692459106,435.42608642578125
0.36299213767051697,325.7322692871094,0.5811310410499573,227.41275024414062
1.9220472574234009,700.0,1.9005191326141357,613.809814453125
1.3451968431472778,562.4015502929688,1.2387886047363281,540.3426513671875
0.5500787496566772,380.77166748046875,0.7347971200942993,374.9012451171875
1.6258267164230347,171.62203979492188,1.5164023637771606,195.9617919921875
1.9532283544540405,34.02362060546875,1.812791347503662,13.596406936645508
1.8908661603927612,45.031494140625,1.95369291305542,75.77471923828125
1.2984251976013184,589.9212646484375,1.339660882949829,550.41162109375
1.4075590372085571,523.8740234375,1.2694904804229736,598.6407470703125
0.09795275330543518,397.2834777832031,0.05766095593571663,475.316650390625
1.236063003540039,380.77166748046875,1.235690712928772,366.3047180175781
0.3941732347011566,490.85040283203125,0.5825450420379639,443.58599853515625
0.3006299138069153,149.60629272460938,0.2696402072906494,162.55567932128906
1.8440945148468018,232.16537475585938,1.3160449266433716,335.2244873046875
0.9242519736289978,149.60629272460938,0.812275767326355,177.99267578125
0.6280314922332764,655.968505859375,0.6513484716415405,626.958984375
1.906456708908081,562.4015502929688,1.5911353826522827,581.21533203125
1.4543306827545166,105.5748062133789,1.3058284521102905,95.86967468261719
1.734960675239563,138.59841918945312,1.7899612188339233,100.6407241821289
0.9710236191749573,672.4802856445312,1.1686537265777588,615.8536987304688
0.3785826861858368,287.2047119140625,0.2767485976219177,336.75518798828125
1.15811026096344,485.3464660644531,1.5075465440750122,404.7518615722656
0.3162204623222351,237.66929626464844,0.30397942662239075,260.9727478027344
1.2516535520553589,342.24407958984375,1.4000295400619507,356.6012268066406
0.47212597727775574,303.7165222167969,0.13077110052108765,421.8284912109375
1.2828346490859985,375.26776123046875,1.185240626335144,353.1189270019531
0.8774803280830383,600.9291381835938,1.076595425605774,588.4899291992188
0.22267717123031616,237.66929626464844,0.3390752077102661,192.91429138183594
1.2828346490859985,320.22833251953125,1.3043839931488037,228.9280242919922
0.9866141676902771,210.1496124267578,0.8205949664115906,227.11795043945312
0.238267719745636,155.1102294921875,0.26777076721191406,178.4369354248047
1.0957480669021606,276.19683837890625,1.2326302528381348,316.42706298828125
1.5322834253311157,606.4330444335938,1.3631852865219116,601.1135864257812
1.8752756118774414,694.4960327148438,1.8677499294281006,572.6468505859375
1.3451968431472778,545.8897705078125,1.295525074005127,622.9725952148438
0.19149605929851532,259.6850280761719,0.13710369169712067,290.06597900390625
1.423149585723877,204.6456756591797,1.5391900539398193,213.62640380859375
1.9532283544540405,28.519685745239258,1.8620190620422363,35.89522171020508
0.36299213767051697,336.7401428222656,0.06056784465909004,462.1668701171875
0.5656692981719971,639.4566650390625,0.8980149626731873,490.7904968261719
0.5500787496566772,463.33074951171875,0.5959510207176208,473.547119140625
1.6881890296936035,391.779541015625,1.3743788003921509,469.9292907714844
0.48771652579307556,39.527557373046875,0.4159158766269684,81.7840805053711
0.6124409437179565,171.62203979492188,0.5718730688095093,195.03395080566406
0.09795275330543518,688.9921264648438,0.3003447651863098,586.157958984375
1.7193701267242432,661.472412109375,1.4660829305648804,682.1141967773438
0.6280314922332764,375.26776123046875,0.8373316526412964,285.3543701171875
0.12913386523723602,243.17323303222656,0.3395915627479553,221.93617248535156
0.5344882011413574,677.9842529296875,0.2477177083492279,653.8004760742188
1.812913417816162,391.779541015625,1.73238205909729,354.45245361328125
0.8774803280830383,287.2047119140625,0.8638664484024048,352.6358337402344
0.48771652579307556,116.58268737792969,0.4744532108306885,154.0867919921875
1.6570079326629639,501.8582763671875,1.862656831741333,514.556884765625
1.15811026096344,204.6456756591797,1.3631620407104492,147.48777770996094
0.8307086825370789,188.13388061523438,0.8620264530181885,231.31324768066406
1.1269291639328003,700.0,1.2984641790390015,670.8692626953125
0.12913386523723602,408.2913513183594,0.3161417841911316,337.7859802246094
0.6436220407485962,496.3543395996094,0.9943020343780518,448.4298095703125
1.064566969871521,232.16537475585938,0.9106382131576538,256.8251953125
0.815118134021759,254.1811065673828,0.7427425384521484,287.16998291015625
0.34740158915519714,639.4566650390625,0.2999293804168701,557.6199951171875
1.0489764213562012,138.59841918945312,1.4536875486373901,76.82006072998047
0.8930708765983582,331.2362060546875,0.8918488025665283,434.6728210449219
1.6725984811782837,171.62203979492188,1.6081840991973877,189.0406036376953
0.34740158915519714,644.9606323242188,0.7448893189430237,442.9207458496094
1.4699212312698364,633.9527587890625,1.4812524318695068,538.9063720703125
0.48771652579307556,221.15748596191406,0.5943779945373535,190.29080200195312
1.4543306827545166,545.8897705078125,1.4463145732879639,471.6160583496094
0.5656692981719971,452.32281494140625,0.39799293875694275,557.0796508789062
0.7371653318405151,369.7638244628906,0.5248333215713501,387.47161865234375
0.1759055107831955,204.6456756591797,0.18258538842201233,238.16436767578125
0.8462992310523987,67.0472412109375,0.7523099184036255,48.72002410888672
1.2828346490859985,72.55117797851562,1.1325657367706299,140.5719757080078
0.40976378321647644,578.9133911132812,0.5221339464187622,494.9483337402344
0.5812598466873169,457.8267517089844,0.683815598487854,467.79913330078125
1.501102328300476,446.8188781738281,1.6283668279647827,575.6762084960938
0.09795275330543518,160.61416625976562,0.08744704723358154,156.40541076660156
1.6258267164230347,683.4881591796875,1.393001675605774,650.4651489257812
1.2672441005706787,677.9842529296875,1.4859730005264282,540.38720703125
1.501102328300476,457.8267517089844,1.6220346689224243,512.3763427734375
1.064566969871521,435.81103515625,1.270316481590271,415.6098327636719
0.659212589263916,584.4172973632812,0.69477379322052,596.5111694335938
0.815118134021759,523.8740234375,1.0100979804992676,378.4828796386719
1.4075590372085571,650.4645385742188,1.7697515487670898,621.5128784179688
1.7973228693008423,342.24407958984375,1.6656231880187988,462.5109558105469
0.6280314922332764,149.60629272460938,0.837512731552124,130.77964782714844
1.9688189029693604,578.9133911132812,1.4189091920852661,615.818603515625
1.9532283544540405,133.094482421875,1.489557147026062,195.11846923828125
0.3941732347011566,584.4172973632812,0.27723515033721924,598.20263671875
1.8440945148468018,408.2913513183594,1.5025928020477295,489.95550537109375
1.8440945148468018,441.3149719238281,2.024925947189331,502.8623046875
1.5634645223617554,116.58268737792969,1.5190311670303345,196.62806701660156
1.6102361679077148,644.9606323242188,1.670830249786377,674.7411499023438
1.1737008094787598,666.9763793945312,1.5348095893859863,645.3069458007812
0.3162204623222351,424.80316162109375,0.569111704826355,331.9777526855469
0.48771652579307556,105.5748062133789,0.5061690211296082,111.34976959228516
1.7505512237548828,611.93701171875,1.790468692779541,594.2653198242188
0.34740158915519714,529.3779296875,0.4210050106048584,443.23956298828125
1.1737008094787598,166.11810302734375,1.2329225540161133,135.7542266845703
0.8462992310523987,28.519685745239258,1.0017000436782837,7.7250075340271
0.8462992310523987,45.031494140625,0.9013376235961914,101.54178619384766
0.6280314922332764,116.58268737792969,0.4636932611465454,141.3967742919922
0.8307086825370789,193.63780212402344,0.9028339982032776,227.04931640625
1.6102361679077148,89.06298828125,1.6622545719146729,95.75108337402344
0.9710236191749573,23.0157470703125,0.8575032353401184,24.39597511291504
2.0,298.21258544921875,1.5712133646011353,397.8511962890625
0.22267717123031616,463.33074951171875,0.2733214795589447,468.5902404785156
1.812913417816162,501.8582763671875,1.6058578491210938,486.1472473144531
1.9844094514846802,446.8188781738281,2.1446735858917236,308.8199462890625
0.7683464288711548,111.07874298095703,0.7561119198799133,138.2144012451172
1.3919684886932373,424.80316162109375,1.2336219549179077,466.3670959472656
1.734960675239563,578.9133911132812,1.6916173696517944,605.331787109375
1.7193701267242432,413.7952880859375,1.6542441844940186,433.86346435546875
1.6258267164230347,182.62994384765625,1.4646230936050415,224.00753784179688
0.5656692981719971,160.61416625976562,0.6831173300743103,175.9389190673828
0.752755880355835,160.61416625976562,0.850466787815094,135.79269409179688
1.2048819065093994,457.8267517089844,1.1268216371536255,425.2344970703125
1.6570079326629639,369.7638244628906,1.3965063095092773,410.99114990234375
1.236063003540039,375.26776123046875,1.1813403367996216,408.8855285644531
0.4565354287624359,633.9527587890625,0.5346875190734863,593.724365234375
1.0489764213562012,452.32281494140625,1.2684886455535889,554.2068481445312
0.8307086825370789,265.18896484375,0.89647376537323,287.9438171386719
1.2828346490859985,61.54330825805664,1.0518877506256104,149.6761932373047
1.8440945148468018,672.4802856445312,1.9255363941192627,621.0508422851562
1.8908661603927612,149.60629272460938,1.3725708723068237,264.6164855957031
1.734960675239563,94.56694030761719,1.5800445079803467,69.185791015625
0.34740158915519714,512.8661499023438,0.5980622172355652,541.3541870117188
1.1892913579940796,155.1102294921875,1.2326009273529053,176.14601135253906
1.6414172649383545,463.33074951171875,1.4980159997940063,570.5821533203125
1.7505512237548828,424.80316162109375,1.7031855583190918,408.364501953125
0.36299213767051697,650.4645385742188,0.4023910462856293,657.4501953125
1.501102328300476,518.3700561523438,1.7616872787475586,561.2825317382812
0.7371653318405151,408.2913513183594,0.9530835747718811,346.13958740234375
0.4565354287624359,303.7165222167969,0.4471134543418884,360.0643005371094
0.20708660781383514,529.3779296875,0.2788880169391632,476.53265380859375
0.4409448802471161,380.77166748046875,0.3312676250934601,410.3614501953125
0.815118134021759,628.4487915039062,0.70891273021698,641.7235107421875
0.3941732347011566,523.8740234375,0.38158366084098816,640.6846313476562
1.2048819065093994,265.18896484375,0.9181164503097534,344.79150390625
1.5790550708770752,644.9606323242188,1.671839714050293,626.6888427734375
0.113543301820755,1.0,0.1374574899673462,8.234857559204102
1.4543306827545166,644.9606323242188,1.5398575067520142,476.4866943359375
1.7193701267242432,89.06298828125,1.8000060319900513,64.6688003540039
0.752755880355835,287.2047119140625,0.6723847985267639,304.8211364746094
0.9710236191749573,144.10235595703125,0.9661017656326294,147.88742065429688
0.20708660781383514,446.8188781738281,0.2561201751232147,451.09783935546875
1.7973228693008423,270.6929016113281,1.6010898351669312,352.9128112792969
0.05118110775947571,83.55905151367188,0.04733044654130936,88.1238021850586
0.7059842348098755,617.44091796875,1.0070022344589233,554.3850708007812
1.7505512237548828,232.16537475585938,1.6948908567428589,262.98443603515625
0.238267719745636,188.13388061523438,0.3752296268939972,178.14794921875
1.7505512237548828,50.53543472290039,1.3762412071228027,63.082576751708984
0.9866141676902771,166.11810302734375,1.1995925903320312,110.16849517822266
0.7995275855064392,490.85040283203125,0.9217090010643005,480.6511535644531
1.5322834253311157,694.4960327148438,1.3409920930862427,581.9910888671875
1.8908661603927612,661.472412109375,1.8317664861679077,537.310791015625
0.8618897795677185,133.094482421875,0.8283659815788269,143.1978302001953
1.7661417722702026,331.2362060546875,1.978314757347107,347.8194274902344
0.14472442865371704,237.66929626464844,-0.15829981863498688,327.4831237792969
0.08236220479011536,331.2362060546875,0.24238041043281555,291.6331481933594
1.2516535520553589,78.05511474609375,1.214409351348877,125.70658874511719
1.9376378059387207,518.3700561523438,1.8158377408981323,515.7044067382812
0.5188976526260376,243.17323303222656,0.6046016216278076,277.0418701171875
1.906456708908081,358.7558898925781,1.7432254552841187,459.1033630371094
1.2828346490859985,149.60629272460938,0.8072199821472168,211.93760681152344
0.3941732347011566,402.78741455078125,0.706436276435852,368.5589904785156
0.16031496226787567,358.7558898925781,0.02173694036900997,465.93951416015625
1.017795443534851,39.527557373046875,1.103273630142212,26.007078170776367
0.9398425221443176,243.17323303222656,1.2564563751220703,179.67575073242188
1.423149585723877,380.77166748046875,1.7267075777053833,486.7317199707031
1.7505512237548828,243.17323303222656,1.5997673273086548,270.728515625
0.2538582682609558,468.8346862792969,0.02225857973098755,500.1346435546875
1.594645619392395,573.409423828125,1.616243600845337,440.5757141113281
1.8752756118774414,78.05511474609375,1.8154054880142212,66.70585632324219
0.6124409437179565,479.842529296875,0.6731694340705872,611.8297729492188
0.6748031377792358,358.7558898925781,0.5590952634811401,388.44696044921875
1.6102361679077148,160.61416625976562,1.5149174928665161,205.51988220214844
0.7059842348098755,265.18896484375,1.0282230377197266,215.4300994873047
1.2984251976013184,204.6456756591797,1.392447829246521,196.3408203125
1.516692876815796,419.2992248535156,1.3268558979034424,620.9356689453125
1.9844094514846802,215.65354919433594,1.4966809749603271,316.49273681640625
1.7973228693008423,419.2992248535156,1.3101238012313843,479.9351501464844
0.08236220479011536,166.11810302734375,0.0700109452009201,153.3570098876953
0.5656692981719971,155.1102294921875,0.5892057418823242,151.24375915527344
1.501102328300476,160.61416625976562,1.399319052696228,168.65167236328125
0.3162204623222351,182.62994384765625,0.374645471572876,130.6196746826172
1.8440945148468018,166.11810302734375,1.2114145755767822,342.1833190917969
0.5033071041107178,501.8582763671875,0.302710622549057,637.8846435546875
0.5188976526260376,100.07086944580078,0.31323179602622986,119.98713684082031
1.734960675239563,309.220458984375,1.40328049659729,401.860107421875
0.03559055179357529,111.07874298095703,0.1106327474117279,84.51598358154297
0.22267717123031616,83.55905151367188,0.24838022887706757,84.7639389038086
1.4075590372085571,501.8582763671875,1.6706162691116333,629.6512451171875
1.3763779401779175,589.9212646484375,1.2027907371520996,656.3839721679688
1.9532283544540405,144.10235595703125,1.6595401763916016,235.7788543701172
0.9866141676902771,633.9527587890625,1.1326360702514648,650.8652954101562
0.5033071041107178,270.6929016113281,0.5083758234977722,288.35528564453125
0.1759055107831955,584.4172973632812,0.4084506034851074,521.7670288085938
1.3919684886932373,314.7243957519531,1.2224462032318115,476.47003173828125
1.2828346490859985,23.0157470703125,1.4939582347869873,20.035030364990234
0.6903936862945557,600.9291381835938,1.0538866519927979,440.7991943359375
0.20708660781383514,1.0,0.19727763533592224,0.8006316423416138
1.734960675239563,677.9842529296875,1.5610690116882324,612.6625366210938
0.48771652579307556,298.21258544921875,0.4641576111316681,323.88592529296875
0.42535433173179626,270.6929016113281,0.48167088627815247,243.78717041015625
0.3785826861858368,28.519685745239258,0.29764091968536377,46.16764831542969
1.6102361679077148,419.2992248535156,1.9036438465118408,435.0109558105469
1.3919684886932373,122.08661651611328,1.5276343822479248,109.501708984375
0.3162204623222351,116.58268737792969,0.38360244035720825,132.51954650878906
1.423149585723877,430.3070983886719,1.1912263631820679,473.8716125488281
1.2048819065093994,17.511810302734375,1.301086187362671,39.980560302734375
0.47212597727775574,408.2913513183594,0.5300639271736145,329.117431640625
0.6280314922332764,127.5905532836914,0.755614161491394,104.33377075195312
0.6436220407485962,309.220458984375,0.5580118894577026,321.8011779785156
1.9844094514846802,23.0157470703125,1.7661519050598145,58.87886047363281
0.5812598466873169,435.81103515625,0.44650977849960327,455.5167541503906
1.8908661603927612,287.2047119140625,1.697230339050293,320.15118408203125
1.8908661603927612,457.8267517089844,1.8407870531082153,517.141357421875
0.05118110775947571,562.4015502929688,0.20043334364891052,632.8082275390625
0.8774803280830383,386.2756042480469,0.7072907090187073,551.549072265625
0.3006299138069153,83.55905151367188,0.20704372227191925,106.79387664794922
1.2828346490859985,468.8346862792969,1.0929256677627563,610.4168090820312
0.238267719745636,39.527557373046875,0.1669219583272934,36.69639587402344
0.7839370369911194,639.4566650390625,1.0651400089263916,457.7581787109375
1.064566969871521,463.33074951171875,1.4472558498382568,424.48443603515625
0.28503936529159546,210.1496124267578,0.36790212988853455,205.00387573242188
0.40976378321647644,193.63780212402344,0.3893912434577942,203.67434692382812
0.6748031377792358,237.66929626464844,0.8118274807929993,189.9669647216797
0.5968503952026367,364.2598876953125,0.5132726430892944,400.7089538574219
1.9376378059387207,479.842529296875,1.5906392335891724,559.1476440429688
0.4409448802471161,50.53543472290039,0.5425319671630859,51.64607238769531
1.828503966331482,688.9921264648438,1.6145851612091064,647.156494140625
0.5656692981719971,430.3070983886719,0.4658447504043579,468.86553955078125
0.9398425221443176,100.07086944580078,1.0526469945907593,85.54716491699219
0.9710236191749573,39.527557373046875,0.9565545916557312,82.99158477783203
1.4699212312698364,188.13388061523438,1.458731770515442,198.42889404296875
1.064566969871521,364.2598876953125,0.985573947429657,445.6622314453125
0.8462992310523987,430.3070983886719,0.9314676523208618,327.3512268066406
0.8774803280830383,342.24407958984375,1.2278692722320557,197.8892059326172
1.734960675239563,424.80316162109375,1.065451979637146,451.9627380371094
1.4855117797851562,501.8582763671875,1.3018070459365845,484.0486145019531
2.0,83.55905151367188,1.8373076915740967,151.05848693847656
1.828503966331482,12.00787353515625,1.637339472770691,67.57283020019531
1.8752756118774414,199.14173889160156,1.7674733400344849,177.39358520507812
1.9688189029693604,529.3779296875,1.3043134212493896,672.7410888671875
1.906456708908081,529.3779296875,2.0982024669647217,407.2908020019531
1.7193701267242432,501.8582763671875,1.5832322835922241,504.4691162109375
0.6280314922332764,347.7480163574219,0.8647736310958862,273.91033935546875
1.8752756118774414,413.7952880859375,1.7097052335739136,427.4496154785156
1.1892913579940796,138.59841918945312,1.0774424076080322,173.9359588623047
1.9688189029693604,78.05511474609375,1.767676591873169,45.799251556396484
1.2204724550247192,353.251953125,1.2894654273986816,379.5910949707031
0.6124409437179565,534.8818969726562,0.5759578943252563,603.0318603515625
1.3451968431472778,700.0,1.4527744054794312,618.3392944335938
1.4387401342391968,122.08661651611328,1.4820027351379395,134.14613342285156
1.15811026096344,606.4330444335938,1.3326538801193237,598.1176147460938
1.3763779401779175,204.6456756591797,0.9874628186225891,374.4792175292969
1.1892913579940796,265.18896484375,1.2752127647399902,274.9444885253906
0.28503936529159546,501.8582763671875,0.11605322360992432,549.2841186523438
1.4075590372085571,700.0,1.049282193183899,723.66796875
1.329606294631958,6.503936767578125,1.2732231616973877,16.54422378540039
1.8596850633621216,265.18896484375,1.6800605058670044,226.80955505371094
0.7371653318405151,56.039371490478516,0.8637950420379639,27.879192352294922
0.7215747833251953,122.08661651611328,0.6695926189422607,127.07719421386719
0.6124409437179565,595.4251708984375,0.4451335370540619,598.9132080078125
1.8908661603927612,83.55905151367188,1.5198184251785278,146.89540100097656
1.017795443534851,298.21258544921875,1.169815182685852,376.91558837890625
0.4565354287624359,501.8582763671875,0.5279516577720642,462.60455322265625
1.2204724550247192,413.7952880859375,1.0489784479141235,452.908447265625
0.6436220407485962,149.60629272460938,0.6475404500961304,107.54496765136719
0.3941732347011566,303.7165222167969,0.5766477584838867,302.75146484375
1.9220472574234009,320.22833251953125,1.530409812927246,409.7535705566406
0.08236220479011536,320.22833251953125,0.030871467664837837,371.1468811035156
1.1892913579940796,540.3858032226562,1.0659971237182617,610.9984741210938
0.19149605929851532,556.8976440429688,0.430267333984375,518.3438720703125
0.20708660781383514,424.80316162109375,0.09029382467269897,457.3250427246094
1.5634645223617554,50.53543472290039,1.51170814037323,40.09566116333008
0.42535433173179626,584.4172973632812,0.4583815038204193,526.3716430664062
1.594645619392395,496.3543395996094,1.7928693294525146,471.2569885253906
0.06677165627479553,303.7165222167969,0.3130371570587158,240.49351501464844
0.113543301820755,276.19683837890625,0.1476387083530426,292.7118835449219
0.3941732347011566,441.3149719238281,0.3440323770046234,512.6102905273438
1.15811026096344,105.5748062133789,1.1048561334609985,102.48812103271484
1.15811026096344,545.8897705078125,1.178337812423706,519.143798828125
0.2538582682609558,138.59841918945312,0.1358366757631302,170.64138793945312
0.9554330706596375,210.1496124267578,1.1234447956085205,175.8639678955078
1.0333858728408813,144.10235595703125,1.0854005813598633,166.08935546875
1.423149585723877,457.8267517089844,1.3858702182769775,457.7235107421875
0.4409448802471161,6.503936767578125,0.2620285153388977,33.15719985961914
1.8752756118774414,111.07874298095703,1.8971248865127563,63.9555549621582
1.6258267164230347,298.21258544921875,1.6805610656738281,382.3008117675781
1.2984251976013184,391.779541015625,1.5239269733428955,366.06353759765625
1.6414172649383545,72.55117797851562,1.2138713598251343,173.86163330078125
1.8752756118774414,94.56694030761719,1.7016899585723877,91.94120788574219
0.5968503952026367,655.968505859375,0.8202751278877258,530.9673461914062
0.9554330706596375,661.472412109375,1.1924304962158203,539.2003784179688
0.7059842348098755,688.9921264648438,0.7875457406044006,510.8019104003906
1.6725984811782837,408.2913513183594,1.561791181564331,434.52764892578125
0.28503936529159546,700.0,0.059483788907527924,655.83837890625
0.06677165627479553,584.4172973632812,0.03839774429798126,592.748291015625
0.42535433173179626,666.9763793945312,0.3766055703163147,555.6273803710938
0.33181101083755493,226.66140747070312,0.4066598415374756,249.15011596679688
1.2828346490859985,50.53543472290039,1.4770582914352417,62.45262908935547
1.7973228693008423,78.05511474609375,1.6126357316970825,138.2217254638672
0.019999999552965164,221.15748596191406,0.03842659294605255,216.02566528320312
0.4409448802471161,325.7322692871094,0.34046757221221924,443.1961669921875
1.423149585723877,589.9212646484375,1.2429827451705933,565.7601318359375
1.4543306827545166,562.4015502929688,1.5414084196090698,548.8804321289062
0.7371653318405151,243.17323303222656,0.5637273788452148,330.76995849609375
1.6414172649383545,89.06298828125,1.5343101024627686,104.9958267211914
0.5656692981719971,259.6850280761719,0.7643189430236816,245.8854522705078
0.3785826861858368,67.0472412109375,0.4031214714050293,73.1698226928711
1.9376378059387207,408.2913513183594,1.7916918992996216,499.38861083984375
0.33181101083755493,160.61416625976562,0.31317219138145447,163.43704223632812
1.1737008094787598,639.4566650390625,0.9706284999847412,610.4359741210938
1.236063003540039,259.6850280761719,1.468629002571106,236.47589111328125
1.5322834253311157,111.07874298095703,1.200020432472229,118.66630554199219
0.08236220479011536,221.15748596191406,0.31392955780029297,175.9536590576172
0.8930708765983582,430.3070983886719,0.5076684951782227,503.07330322265625
1.3451968431472778,474.3385925292969,1.6060642004013062,491.730224609375
0.9554330706596375,314.7243957519531,0.9725710153579712,362.3778991699219
0.20708660781383514,160.61416625976562,0.132498636841774,159.49314880371094
0.5500787496566772,507.3622131347656,0.45386964082717896,503.22076416015625
1.7973228693008423,375.26776123046875,1.6214807033538818,504.947265625
0.8930708765983582,89.06298828125,0.7022290229797363,114.79332733154297
1.2204724550247192,600.9291381835938,1.6407935619354248,615.1800537109375
1.0022047758102417,441.3149719238281,0.9722468852996826,482.9632263183594
1.0022047758102417,276.19683837890625,1.2156885862350464,261.05718994140625
1.1892913579940796,545.8897705078125,1.5436339378356934,473.902099609375
1.7037795782089233,617.44091796875,1.4886415004730225,570.60986328125
1.6102361679077148,331.2362060546875,1.5132224559783936,417.52325439453125
0.28503936529159546,688.9921264648438,0.3105880618095398,630.09619140625
0.8307086825370789,309.220458984375,0.7180958986282349,342.3939208984375
0.6436220407485962,133.094482421875,0.6335296630859375,131.4078369140625
0.7371653318405151,611.93701171875,0.8947047591209412,578.4089965820312
1.1737008094787598,116.58268737792969,1.0444517135620117,227.81834411621094
1.1113386154174805,144.10235595703125,1.0703201293945312,178.8749542236328
1.3140157461166382,424.80316162109375,1.3198384046554565,475.58319091796875
1.15811026096344,540.3858032226562,1.4904190301895142,423.9685363769531
1.7973228693008423,347.7480163574219,1.7055269479751587,404.2806396484375
0.48771652579307556,573.409423828125,0.6440856456756592,485.99542236328125
0.6124409437179565,677.9842529296875,0.7375349998474121,551.08935546875
1.9532283544540405,243.17323303222656,1.5261605978012085,398.41314697265625
0.5344882011413574,672.4802856445312,0.30372291803359985,676.149658203125
0.659212589263916,611.93701171875,1.0329699516296387,527.0078735351562
0.47212597727775574,248.6771697998047,0.4720161259174347,245.5830078125
1.2828346490859985,28.519685745239258,1.3211833238601685,18.671972274780273
1.906456708908081,523.8740234375,1.8281421661376953,536.9500122070312
1.1425197124481201,369.7638244628906,0.9898777008056641,554.2125244140625
0.5344882011413574,606.4330444335938,0.6464269757270813,509.9193115234375
1.7505512237548828,540.3858032226562,1.6694220304489136,593.31787109375
1.1269291639328003,589.9212646484375,1.3013501167297363,688.3591918945312
0.7059842348098755,512.8661499023438,0.9874812960624695,520.6036376953125
0.9710236191749573,683.4881591796875,1.1860077381134033,606.3417358398438
0.8930708765983582,276.19683837890625,0.9751794338226318,304.2990417480469
1.4543306827545166,666.9763793945312,1.5954158306121826,570.5523681640625
0.5500787496566772,424.80316162109375,0.6115393042564392,417.0359191894531
0.5188976526260376,276.19683837890625,0.484369158744812,266.3680725097656
0.752755880355835,589.9212646484375,0.9203677177429199,550.7177124023438
0.22267717123031616,89.06298828125,0.19645918905735016,100.81835174560547
1.0022047758102417,83.55905151367188,1.015882134437561,71.85624694824219
1.7193701267242432,485.3464660644531,1.7411397695541382,493.7520446777344
1.5478739738464355,617.44091796875,1.4095501899719238,527.1400146484375
1.3451968431472778,177.1259765625,1.5030518770217896,204.75758361816406
0.8930708765983582,292.7086486816406,1.3972232341766357,218.73104858398438
1.2672441005706787,320.22833251953125,1.2195712327957153,400.351806640625
0.9242519736289978,254.1811065673828,0.804448664188385,310.0098571777344
1.9844094514846802,111.07874298095703,1.667872428894043,166.39004516601562
1.0489764213562012,688.9921264648438,1.221203327178955,664.8006591796875
1.3607873916625977,127.5905532836914,1.4129478931427002,149.2509002685547
1.5790550708770752,171.62203979492188,1.6130895614624023,149.15597534179688
0.34740158915519714,265.18896484375,0.28915274143218994,306.01971435546875
1.1892913579940796,512.8661499023438,1.3718286752700806,561.08447265625
0.26944881677627563,551.3936767578125,0.17841017246246338,543.7728271484375
0.3162204623222351,314.7243957519531,0.47294047474861145,320.5941467285156
0.8307086825370789,518.3700561523438,1.1360682249069214,483.9767761230469
0.9554330706596375,138.59841918945312,0.894511342048645,192.6500244140625
1.5790550708770752,358.7558898925781,1.5056993961334229,299.8668518066406
0.752755880355835,430.3070983886719,0.590667724609375,500.0593566894531
1.7193701267242432,633.9527587890625,1.9190751314163208,499.3349914550781
1.3607873916625977,193.63780212402344,1.6007850170135498,137.78907775878906
1.0489764213562012,507.3622131347656,1.1636872291564941,499.3523864746094
1.2204724550247192,479.842529296875,1.0613101720809937,469.9427185058594
0.5344882011413574,589.9212646484375,0.6389543414115906,514.1099243164062
0.3006299138069153,567.905517578125,0.39706411957740784,505.8499450683594
0.1759055107831955,347.7480163574219,0.3996354639530182,309.2397766113281
1.5478739738464355,17.511810302734375,1.6227368116378784,-2.636918783187866
0.22267717123031616,116.58268737792969,0.0410127267241478,116.52064514160156
0.7371653318405151,144.10235595703125,0.8300092220306396,150.7361602783203
1.017795443534851,166.11810302734375,0.7835603356361389,214.49697875976562
1.2828346490859985,171.62203979492188,0.8749643564224243,270.86419677734375
1.7973228693008423,204.6456756591797,1.4798228740692139,243.87631225585938
0.22267717123031616,160.61416625976562,0.2665632963180542,172.6698760986328
0.9554330706596375,589.9212646484375,1.2737220525741577,541.623291015625
0.47212597727775574,666.9763793945312,0.5209641456604004,613.613037109375
0.113543301820755,314.7243957519531,0.1156902015209198,332.7259216308594
1.7973228693008423,644.9606323242188,1.726738452911377,585.0053100585938
1.0957480669021606,331.2362060546875,1.1137380599975586,400.1539306640625
0.5344882011413574,243.17323303222656,0.7238416075706482,198.75027465820312
1.3919684886932373,595.4251708984375,1.4740135669708252,610.2957763671875
1.4387401342391968,336.7401428222656,1.5317444801330566,404.31768798828125
0.6436220407485962,122.08661651611328,0.5736954212188721,128.60040283203125
0.5812598466873169,655.968505859375,0.7632864713668823,604.5936889648438
0.06677165627479553,39.527557373046875,-0.0029566138982772827,40.21714782714844
0.6436220407485962,221.15748596191406,0.6735014319419861,204.7036895751953
1.9532283544540405,424.80316162109375,1.4432415962219238,473.3642883300781
0.4409448802471161,540.3858032226562,0.6218733787536621,539.47509765625
1.6258267164230347,595.4251708984375,1.2704458236694336,654.561279296875
0.9866141676902771,281.7007751464844,0.9947523474693298,406.9703369140625
1.906456708908081,364.2598876953125,1.3858118057250977,403.49908447265625
1.812913417816162,364.2598876953125,1.4354881048202515,478.2023620605469
0.5812598466873169,45.031494140625,0.4658307135105133,98.75225067138672
0.3162204623222351,353.251953125,0.33210957050323486,461.71435546875
1.906456708908081,457.8267517089844,1.8319536447525024,561.4398193359375
0.7215747833251953,606.4330444335938,0.8127906322479248,607.1218872070312
1.7661417722702026,221.15748596191406,1.1366020441055298,263.9529724121094
0.113543301820755,534.8818969726562,0.33926457166671753,377.1634826660156
0.8618897795677185,545.8897705078125,1.3390530347824097,452.6591796875
0.815118134021759,237.66929626464844,0.8449405431747437,285.0644226074219
1.3451968431472778,314.7243957519531,1.2999628782272339,434.3602600097656
1.7661417722702026,573.409423828125,1.1350501775741577,651.46337890625
0.1759055107831955,435.81103515625,0.07380256056785583,428.2176208496094
0.3162204623222351,160.61416625976562,0.25702792406082153,141.7880401611328
1.1269291639328003,188.13388061523438,1.0341975688934326,256.2178955078125
1.1113386154174805,700.0,1.5637215375900269,547.6480102539062
1.0333858728408813,259.6850280761719,1.0750547647476196,300.7135314941406
1.5790550708770752,193.63780212402344,1.3114056587219238,250.74168395996094
0.16031496226787567,419.2992248535156,-0.05946515128016472,518.0532836914062
0.4409448802471161,463.33074951171875,0.35373201966285706,526.3639526367188
1.1269291639328003,254.1811065673828,0.9159622192382812,316.25189208984375
0.3006299138069153,320.22833251953125,0.284134179353714,347.94061279296875
0.815118134021759,177.1259765625,0.7129262685775757,212.66261291503906
0.4409448802471161,391.779541015625,0.7468646764755249,290.6468200683594
1.0957480669021606,94.56694030761719,0.9805464744567871,123.36129760742188
0.36299213767051697,606.4330444335938,0.21188785135746002,530.2719116210938
1.7037795782089233,474.3385925292969,1.5776159763336182,410.020263671875
0.908661425113678,452.32281494140625,1.157704472541809,418.6838073730469
0.4565354287624359,336.7401428222656,0.5448513031005859,275.76287841796875
1.812913417816162,39.527557373046875,1.6515552997589111,33.3680419921875
1.3607873916625977,507.3622131347656,1.2843011617660522,510.76422119140625
1.1892913579940796,331.2362060546875,1.0082688331604004,402.0800476074219
1.8908661603927612,523.8740234375,1.6776732206344604,542.6948852539062
0.908661425113678,39.527557373046875,0.7993573546409607,76.20000457763672
1.4699212312698364,149.60629272460938,1.542887568473816,112.85371398925781
1.6414172649383545,56.039371490478516,1.8045532703399658,7.2902445793151855
1.5322834253311157,160.61416625976562,1.4750546216964722,242.1791229248047
1.6881890296936035,149.60629272460938,1.6654235124588013,137.4927215576172
0.1759055107831955,12.00787353515625,0.19334915280342102,13.009655952453613
1.5634645223617554,199.14173889160156,1.5810282230377197,251.0023651123047
0.7683464288711548,545.8897705078125,0.9527808427810669,460.2082214355469
0.2538582682609558,61.54330825805664,0.20777484774589539,57.180145263671875
0.5968503952026367,188.13388061523438,0.5690815448760986,212.33285522460938
1.8752756118774414,188.13388061523438,1.8986799716949463,301.2557067871094
1.6725984811782837,155.1102294921875,1.7245992422103882,102.33782196044922
0.7059842348098755,149.60629272460938,0.8134003281593323,126.33294677734375
1.516692876815796,639.4566650390625,1.1625038385391235,663.6900024414062
1.2516535520553589,281.7007751464844,1.17575204372406,313.99407958984375
0.48771652579307556,171.62203979492188,0.28426167368888855,206.72991943359375
1.4075590372085571,138.59841918945312,1.5060917139053345,131.885498046875
1.734960675239563,127.5905532836914,1.498378872871399,126.64696502685547
0.8462992310523987,166.11810302734375,0.8593573570251465,156.36001586914062
1.8908661603927612,276.19683837890625,1.7164466381072998,330.22796630859375
1.8596850633621216,490.85040283203125,1.5170807838439941,544.99267578125
1.1425197124481201,78.05511474609375,1.3005152940750122,43.75704574584961
0.5968503952026367,265.18896484375,0.4771907925605774,321.22918701171875
0.659212589263916,672.4802856445312,1.1023244857788086,605.0355834960938
0.42535433173179626,424.80316162109375,0.565773069858551,432.7668151855469
0.6124409437179565,215.65354919433594,0.41859331727027893,304.5107116699219
0.7215747833251953,463.33074951171875,0.8875319361686707,489.3544616699219
1.828503966331482,138.59841918945312,1.733648419380188,198.3955078125
0.9554330706596375,100.07086944580078,0.966166079044342,105.5033950805664
1.906456708908081,138.59841918945312,1.5677489042282104,269.21502685546875
1.236063003540039,182.62994384765625,1.363600730895996,179.801513671875
0.7683464288711548,666.9763793945312,0.9702820181846619,541.8175659179688
0.7683464288711548,122.08661651611328,0.8968188166618347,101.10716247558594
1.0333858728408813,166.11810302734375,0.9585227370262146,168.44773864746094
1.3607873916625977,155.1102294921875,1.2138442993164062,248.51905822753906
0.48771652579307556,6.503936767578125,0.4494275450706482,39.74484634399414
0.3941732347011566,639.4566650390625,0.5344148278236389,468.35321044921875
0.19149605929851532,540.3858032226562,0.30903321504592896,553.99951171875
0.6903936862945557,111.07874298095703,0.48260068893432617,137.5199737548828
0.19149605929851532,688.9921264648438,0.26813220977783203,505.23028564453125
1.0022047758102417,6.503936767578125,1.1388278007507324,22.16668701171875
0.20708660781383514,72.55117797851562,0.14676561951637268,108.84168243408203
1.9220472574234009,413.7952880859375,1.7175545692443848,383.64404296875
0.8774803280830383,402.78741455078125,0.7692161798477173,443.35205078125
1.329606294631958,215.65354919433594,0.9176380038261414,322.3594665527344
0.1759055107831955,430.3070983886719,0.34316977858543396,368.9530029296875
1.1113386154174805,254.1811065673828,1.2094146013259888,208.35470581054688
0.752755880355835,386.2756042480469,0.34333300590515137,434.58770751953125
1.6414172649383545,325.7322692871094,1.5706537961959839,428.8955383300781
1.1892913579940796,111.07874298095703,1.3265786170959473,91.47460174560547
1.2672441005706787,622.9448852539062,1.3657562732696533,480.03082275390625
1.8752756118774414,39.527557373046875,1.7276182174682617,4.736732482910156
0.908661425113678,578.9133911132812,0.7740923762321472,660.3872680664062
0.08236220479011536,177.1259765625,0.2519209384918213,186.00204467773438
0.09795275330543518,622.9448852539062,-0.08540976047515869,658.5146484375
0.3162204623222351,474.3385925292969,0.6549460291862488,370.3017272949219
1.1269291639328003,523.8740234375,0.9779996275901794,535.3480834960938
2.0,292.7086486816406,1.6031197309494019,464.2834167480469
1.5790550708770752,628.4487915039062,1.8035755157470703,554.65869140625
0.8462992310523987,188.13388061523438,0.6686171889305115,238.90086364746094
1.6725984811782837,611.93701171875,1.3538689613342285,645.8997192382812
0.5812598466873169,39.527557373046875,0.5265294909477234,65.83512115478516
0.6124409437179565,507.3622131347656,0.28515738248825073,634.0518798828125
0.5500787496566772,391.779541015625,0.939395010471344,325.438232421875
1.5634645223617554,34.02362060546875,1.5102577209472656,42.50550842285156
1.594645619392395,435.81103515625,1.5105808973312378,540.8578491210938
1.2672441005706787,243.17323303222656,0.9968720078468323,301.0536804199219
1.236063003540039,402.78741455078125,1.1700538396835327,450.8934631347656
1.1269291639328003,342.24407958984375,1.1941472291946411,360.0323181152344
1.1737008094787598,133.094482421875,1.206328272819519,151.52389526367188
0.3941732347011566,358.7558898925781,0.4431687295436859,357.9096374511719
0.26944881677627563,474.3385925292969,0.2530786395072937,536.0816040039062
1.8440945148468018,23.0157470703125,1.2965387105941772,70.0164794921875
1.5322834253311157,39.527557373046875,1.437733769416809,97.98480224609375
1.5634645223617554,666.9763793945312,1.300871729850769,621.1298217773438
0.6280314922332764,320.22833251953125,0.5431681871414185,466.24945068359375
0.8618897795677185,232.16537475585938,0.9120362401008606,253.94406127929688
1.0957480669021606,155.1102294921875,1.1133636236190796,178.36570739746094
0.05118110775947571,149.60629272460938,0.1509099304676056,147.8186798095703
0.48771652579307556,567.905517578125,0.2599864602088928,602.267333984375
1.423149585723877,688.9921264648438,1.3858988285064697,580.21435546875
1.0333858728408813,683.4881591796875,1.435545802116394,633.8582763671875
0.03559055179357529,281.7007751464844,-0.08946098387241364,298.56890869140625
0.6436220407485962,556.8976440429688,0.7251420021057129,447.854736328125
0.5968503952026367,232.16537475585938,0.5879670977592468,240.1155242919922
1.1269291639328003,78.05511474609375,0.945815920829773,86.9953842163086
1.734960675239563,567.905517578125,1.6088050603866577,604.6099243164062
1.7817323207855225,639.4566650390625,1.8053432703018188,631.0298461914062
0.7059842348098755,562.4015502929688,0.7410571575164795,447.4896240234375
1.906456708908081,160.61416625976562,1.7760791778564453,168.36180114746094
0.09795275330543518,490.85040283203125,0.19492870569229126,483.4925231933594
0.8774803280830383,221.15748596191406,1.4717234373092651,122.2092056274414
1.5322834253311157,232.16537475585938,1.3432749509811401,287.178955078125
0.12913386523723602,50.53543472290039,0.04320664703845978,89.09992980957031
1.5478739738464355,56.039371490478516,1.4965733289718628,53.96815490722656
1.906456708908081,589.9212646484375,1.822206735610962,631.8209838867188
0.659212589263916,276.19683837890625,0.7537376880645752,262.970458984375
1.812913417816162,408.2913513183594,1.8717793226242065,473.0537414550781
1.1269291639328003,12.00787353515625,1.0772790908813477,22.55999183654785
2.0,265.18896484375,1.8870211839675903,338.0998229980469
0.3941732347011566,72.55117797851562,0.5227246880531311,43.53350067138672
0.34740158915519714,28.519685745239258,0.41027915477752686,45.43639373779297
0.019999999552965164,512.8661499023438,-0.3510114848613739,650.5283813476562
0.7683464288711548,237.66929626464844,0.7490245699882507,255.1506805419922
1.1737008094787598,661.472412109375,1.2104803323745728,678.5601196289062
1.0957480669021606,633.9527587890625,1.5249789953231812,536.06982421875
0.5188976526260376,221.15748596191406,0.3884040117263794,207.56361389160156
0.3941732347011566,683.4881591796875,0.5948047637939453,533.59423828125
1.4855117797851562,694.4960327148438,1.6297518014907837,601.8843994140625
1.4855117797851562,287.2047119140625,1.5854482650756836,256.4748229980469
1.8752756118774414,347.7480163574219,1.4894133806228638,433.37152099609375
0.6280314922332764,534.8818969726562,0.6224691867828369,428.92822265625
0.40976378321647644,276.19683837890625,0.45572516322135925,276.5065612792969
0.33181101083755493,639.4566650390625,0.5064674019813538,505.5629577636719
1.329606294631958,358.7558898925781,1.4866790771484375,413.23846435546875
0.42535433173179626,127.5905532836914,0.3661128878593445,144.9003143310547
0.113543301820755,171.62203979492188,0.25237980484962463,131.5611114501953
0.3785826861858368,320.22833251953125,0.6018891334533691,297.8172912597656
1.2516535520553589,248.6771697998047,1.1885027885437012,238.5054473876953
0.8774803280830383,501.8582763671875,0.7882307767868042,613.4862060546875
0.815118134021759,617.44091796875,0.8085016012191772,645.5552978515625
1.5634645223617554,171.62203979492188,1.4206186532974243,216.5419464111328
1.7973228693008423,446.8188781738281,1.6193711757659912,571.083984375
0.659212589263916,375.26776123046875,0.6319136619567871,476.55877685546875
1.5322834253311157,215.65354919433594,1.5562667846679688,175.08938598632812
1.4075590372085571,144.10235595703125,1.719265341758728,114.44273376464844
0.08236220479011536,61.54330825805664,-0.07746188342571259,82.24976348876953
1.1425197124481201,149.60629272460938,0.7935543060302734,271.0608825683594
1.2516535520553589,265.18896484375,1.3600633144378662,339.77545166015625
0.8618897795677185,78.05511474609375,0.9674110412597656,53.16455841064453
0.36299213767051697,622.9448852539062,0.40493422746658325,593.0751953125
1.9844094514846802,193.63780212402344,1.5244557857513428,380.516357421875
0.8307086825370789,496.3543395996094,1.0397217273712158,479.40704345703125
1.1892913579940796,435.81103515625,1.2091717720031738,502.2923278808594
0.2538582682609558,171.62203979492188,0.34022632241249084,155.35647583007812
1.7505512237548828,177.1259765625,1.382203221321106,317.443115234375
1.9220472574234009,529.3779296875,1.861358404159546,492.24017333984375
0.5033071041107178,644.9606323242188,0.29192718863487244,598.0733642578125
0.5344882011413574,138.59841918945312,0.5446344017982483,141.244140625
0.7995275855064392,303.7165222167969,0.7964856624603271,306.4151306152344
0.5812598466873169,188.13388061523438,0.6504464745521545,177.6580047607422
0.5500787496566772,78.05511474609375,0.6187856197357178,78.86787414550781
0.20708660781383514,281.7007751464844,0.2523813843727112,269.0902404785156
1.906456708908081,12.00787353515625,1.6366090774536133,73.14878845214844
0.5500787496566772,204.6456756591797,0.6190633773803711,177.75735473632812
1.516692876815796,600.9291381835938,1.6511908769607544,455.2661437988281
1.7193701267242432,688.9921264648438,1.8758710622787476,562.39697265625
0.7059842348098755,199.14173889160156,0.5595364570617676,239.95179748535156
1.1113386154174805,276.19683837890625,0.8877219557762146,315.35906982421875
1.0022047758102417,358.7558898925781,1.1320112943649292,443.4756774902344
1.2984251976013184,518.3700561523438,1.5931810140609741,429.8336181640625
0.5812598466873169,633.9527587890625,0.8934609293937683,629.9487915039062
0.7371653318405151,397.2834777832031,1.0834832191467285,371.6086730957031
0.36299213767051697,408.2913513183594,0.20380617678165436,499.13531494140625
1.5790550708770752,127.5905532836914,1.2326734066009521,211.1130828857422
0.09795275330543518,122.08661651611328,0.08829857409000397,172.99583435058594
1.5478739738464355,67.0472412109375,1.4953765869140625,106.77359008789062
0.6124409437179565,545.8897705078125,1.0702203512191772,500.242431640625
1.8596850633621216,325.7322692871094,2.0085020065307617,279.39862060546875
1.7505512237548828,45.031494140625,1.3086916208267212,116.32530975341797
1.064566969871521,265.18896484375,0.7638344764709473,389.6844177246094
0.019999999552965164,138.59841918945312,-0.06295222043991089,214.02059936523438
1.501102328300476,639.4566650390625,1.4511935710906982,645.31689453125
0.5033071041107178,303.7165222167969,0.6453007459640503,295.07818603515625
1.1737008094787598,336.7401428222656,1.09378981590271,355.8752746582031
0.6748031377792358,551.3936767578125,0.768470048904419,588.0374755859375
0.16031496226787567,474.3385925292969,0.2785537540912628,456.9438781738281
0.4409448802471161,688.9921264648438,0.4916202425956726,618.7864379882812
1.2828346490859985,276.19683837890625,1.3405548334121704,205.1382293701172
0.659212589263916,655.968505859375,0.8969988822937012,557.6416625976562
1.0801575183868408,534.8818969726562,1.1737545728683472,454.26171875
1.7505512237548828,94.56694030761719,1.5668832063674927,109.09312438964844
1.2048819065093994,485.3464660644531,1.1330492496490479,436.32806396484375
0.019999999552965164,424.80316162109375,0.17142800986766815,403.711669921875
1.9220472574234009,523.8740234375,1.599083662033081,472.7133483886719
1.828503966331482,166.11810302734375,1.648573398590088,196.8856964111328
0.3162204623222351,408.2913513183594,0.24387449026107788,451.6739501953125
1.6102361679077148,100.07086944580078,1.2743065357208252,136.14083862304688
1.4855117797851562,661.472412109375,1.2735052108764648,622.076904296875
1.236063003540039,446.8188781738281,1.5474117994308472,436.8767395019531
1.8440945148468018,248.6771697998047,1.9051274061203003,350.7787780761719
1.7817323207855225,402.78741455078125,1.462541103363037,530.167236328125
1.7973228693008423,188.13388061523438,1.5927990674972534,199.9884033203125
1.7661417722702026,23.0157470703125,1.5942940711975098,42.704254150390625
1.9844094514846802,485.3464660644531,1.852423906326294,461.1178894042969
1.9532283544540405,50.53543472290039,1.9971691370010376,95.0308837890625
1.6570079326629639,661.472412109375,1.4952858686447144,616.2464599609375
0.9554330706596375,595.4251708984375,1.084214448928833,596.0497436523438
1.4543306827545166,435.81103515625,1.5387784242630005,420.2013244628906
0.6436220407485962,50.53543472290039,0.685449481010437,47.215782165527344
0.8774803280830383,700.0,1.1445417404174805,526.4816284179688
0.6124409437179565,67.0472412109375,0.5876863598823547,87.9801025390625
0.08236220479011536,573.409423828125,0.33544185757637024,548.2555541992188
0.6124409437179565,490.85040283203125,0.8277627229690552,501.46197509765625
0.3162204623222351,342.24407958984375,0.3795107305049896,351.7331237792969
0.12913386523723602,452.32281494140625,0.29818829894065857,394.7120056152344
0.20708660781383514,369.7638244628906,0.21239249408245087,409.239501953125
1.4075590372085571,622.9448852539062,1.3567352294921875,574.5980224609375
1.4855117797851562,540.3858032226562,1.6680495738983154,481.0604248046875
1.15811026096344,111.07874298095703,0.9069113731384277,174.62013244628906
1.0957480669021606,182.62994384765625,1.0616194009780884,177.17906188964844
1.3919684886932373,237.66929626464844,1.7561627626419067,132.39202880859375
1.594645619392395,523.8740234375,1.5828701257705688,643.8873291015625
1.6881890296936035,402.78741455078125,1.6542497873306274,389.63531494140625
0.113543301820755,215.65354919433594,0.16117528080940247,239.90887451171875
0.6748031377792358,424.80316162109375,0.46715986728668213,502.16162109375
0.2538582682609558,1.0,0.1666170209646225,47.300811767578125
0.113543301820755,210.1496124267578,0.14960438013076782,204.98977661132812
0.19149605929851532,111.07874298095703,0.20405273139476776,142.27017211914062
1.5478739738464355,28.519685745239258,1.8184244632720947,-21.264448165893555
1.7973228693008423,639.4566650390625,1.5618661642074585,702.4429321289062
1.3607873916625977,644.9606323242188,1.2002922296524048,585.0171508789062
0.6280314922332764,430.3070983886719,0.4004831314086914,492.95501708984375
0.19149605929851532,56.039371490478516,0.23118184506893158,4.839761734008789
0.7371653318405151,160.61416625976562,0.8180078268051147,151.3858642578125
1.2672441005706787,12.00787353515625,1.2193481922149658,2.956493616104126
1.329606294631958,342.24407958984375,1.5694034099578857,361.3947448730469
1.9220472574234009,61.54330825805664,1.4540845155715942,137.8900604248047
0.03559055179357529,556.8976440429688,-0.05342685058712959,635.1343383789062
1.6414172649383545,567.905517578125,1.7241016626358032,552.9618530273438
0.34740158915519714,628.4487915039062,0.3547200560569763,599.8616943359375
1.3140157461166382,551.3936767578125,1.3530714511871338,548.5969848632812
0.1759055107831955,578.9133911132812,0.3439731001853943,559.0466918945312
1.516692876815796,138.59841918945312,1.32304048538208,146.3392791748047
1.4855117797851562,17.511810302734375,1.6962051391601562,19.132505416870117
0.8462992310523987,347.7480163574219,0.7063246965408325,413.2251281738281
0.47212597727775574,402.78741455078125,0.4630468487739563,481.6089172363281
1.3607873916625977,655.968505859375,1.527664065361023,516.263427734375
1.2672441005706787,452.32281494140625,1.1198564767837524,495.3070373535156
1.4855117797851562,144.10235595703125,1.1166737079620361,184.7418212890625
1.1425197124481201,83.55905151367188,1.3923975229263306,60.22786331176758
1.2984251976013184,171.62203979492188,0.9685608148574829,295.2157897949219
0.3785826861858368,226.66140747070312,0.4085680842399597,217.95919799804688
0.5500787496566772,529.3779296875,0.5704591870307922,642.9371948242188
1.516692876815796,534.8818969726562,1.2784029245376587,568.8380737304688
1.0801575183868408,56.039371490478516,1.2573941946029663,20.955677032470703
0.3006299138069153,248.6771697998047,0.3662656843662262,285.912109375
0.3785826861858368,545.8897705078125,0.8657187819480896,345.1588134765625
0.019999999552965164,457.8267517089844,0.24405166506767273,360.9764404296875
1.2828346490859985,644.9606323242188,1.411615252494812,475.105224609375
1.6102361679077148,17.511810302734375,1.5379966497421265,18.58368682861328
1.734960675239563,419.2992248535156,1.7458572387695312,415.8055725097656
1.8596850633621216,292.7086486816406,1.6639658212661743,365.1568908691406
0.9398425221443176,342.24407958984375,0.9974213242530823,360.0137634277344
1.594645619392395,342.24407958984375,1.405158519744873,385.0738830566406
0.47212597727775574,468.8346862792969,0.45249563455581665,462.8722839355469
0.8307086825370789,507.3622131347656,1.0904369354248047,516.5596923828125
1.7505512237548828,661.472412109375,1.9374668598175049,622.9016723632812
1.1737008094787598,688.9921264648438,1.5698208808898926,447.8894958496094
1.4387401342391968,193.63780212402344,1.467446208000183,202.4620819091797
0.5812598466873169,600.9291381835938,0.7510601878166199,445.36346435546875
1.4387401342391968,600.9291381835938,1.5711008310317993,534.336669921875
1.7817323207855225,188.13388061523438,1.7269494533538818,133.303466796875
0.8774803280830383,199.14173889160156,0.8660346865653992,186.05628967285156
0.26944881677627563,534.8818969726562,0.3141392469406128,500.7688293457031
1.1425197124481201,551.3936767578125,1.3317749500274658,459.4525146484375
1.1269291639328003,672.4802856445312,1.3748934268951416,604.5735473632812
1.6102361679077148,155.1102294921875,1.4610233306884766,157.3782958984375
1.4543306827545166,617.44091796875,1.6264078617095947,643.9226684570312
1.423149585723877,237.66929626464844,1.0211880207061768,316.3792419433594
1.4699212312698364,595.4251708984375,1.48177170753479,648.6084594726562
0.3162204623222351,523.8740234375,0.594175398349762,462.01434326171875
1.4075590372085571,397.2834777832031,1.4486104249954224,300.2078857421875
0.48771652579307556,215.65354919433594,0.6041998863220215,197.031494140625
1.734960675239563,28.519685745239258,1.7465752363204956,26.343505859375
0.019999999552965164,309.220458984375,0.08481276035308838,324.6016845703125
0.28503936529159546,45.031494140625,0.2566983699798584,32.000083923339844
0.8618897795677185,534.8818969726562,1.0242916345596313,515.2120361328125
0.7371653318405151,127.5905532836914,0.7096570134162903,144.24217224121094
1.7973228693008423,221.15748596191406,1.6567333936691284,272.7145690917969
0.5033071041107178,105.5748062133789,0.491975337266922,122.87811279296875
1.812913417816162,655.968505859375,1.2818940877914429,608.2805786132812
1.4699212312698364,320.22833251953125,1.0864465236663818,458.9020690917969
0.815118134021759,397.2834777832031,0.9497650861740112,395.3775329589844
0.815118134021759,413.7952880859375,0.8385916352272034,336.3088073730469
1.3451968431472778,518.3700561523438,1.4340726137161255,414.39404296875
1.5322834253311157,325.7322692871094,1.6533128023147583,401.4752502441406
0.5656692981719971,237.66929626464844,0.5844167470932007,235.7227020263672
1.6258267164230347,518.3700561523438,1.553070068359375,695.7337646484375
0.908661425113678,628.4487915039062,1.089160442352295,557.526611328125
0.47212597727775574,424.80316162109375,0.9098929762840271,317.2039489746094
0.5344882011413574,254.1811065673828,0.6742125749588013,226.6576690673828
1.516692876815796,116.58268737792969,1.5803511142730713,97.89676666259766
1.8752756118774414,655.968505859375,1.7616348266601562,556.7139892578125
1.828503966331482,325.7322692871094,1.8585333824157715,402.53961181640625
0.6124409437179565,347.7480163574219,0.904802680015564,305.9053039550781
0.9554330706596375,45.031494140625,1.1060397624969482,44.166893005371094
0.9710236191749573,28.519685745239258,1.0416697263717651,40.038665771484375
1.6258267164230347,166.11810302734375,1.5450516939163208,216.09274291992188
1.3140157461166382,265.18896484375,1.4229849576950073,228.95611572265625
0.9710236191749573,50.53543472290039,1.231717824935913,9.137450218200684
0.5812598466873169,89.06298828125,0.5605399012565613,105.30735778808594
1.7817323207855225,628.4487915039062,1.7482062578201294,420.99468994140625
1.1892913579940796,441.3149719238281,1.110493540763855,472.27850341796875
1.9220472574234009,243.17323303222656,1.7033427953720093,230.9925537109375
1.9688189029693604,419.2992248535156,1.3842321634292603,573.9168701171875
0.05118110775947571,523.8740234375,0.2270941138267517,478.1132507324219
0.9866141676902771,446.8188781738281,1.0363119840621948,496.0634460449219
1.9220472574234009,50.53543472290039,1.4511768817901611,197.30894470214844
0.3162204623222351,430.3070983886719,0.2765156626701355,512.9732666015625
1.812913417816162,177.1259765625,1.6328167915344238,172.1205596923828
1.906456708908081,23.0157470703125,2.0178868770599365,38.36543655395508
0.5344882011413574,507.3622131347656,0.7818560004234314,369.82763671875
1.6570079326629639,320.22833251953125,1.548914909362793,270.2562255859375
1.5478739738464355,100.07086944580078,1.1552629470825195,189.11744689941406
1.15811026096344,34.02362060546875,1.258413553237915,18.126462936401367
0.28503936529159546,116.58268737792969,0.22906608879566193,121.52682495117188
1.3763779401779175,424.80316162109375,1.3632525205612183,569.7804565429688
1.5790550708770752,661.472412109375,1.5269657373428345,541.6739501953125
1.064566969871521,320.22833251953125,1.1413357257843018,315.0680236816406
1.0957480669021606,237.66929626464844,1.0313135385513306,341.7410583496094
0.3941732347011566,600.9291381835938,0.2662270665168762,582.2238159179688
1.9688189029693604,144.10235595703125,1.3297326564788818,252.8112335205078
0.3162204623222351,127.5905532836914,0.38711467385292053,123.32950592041016
0.36299213767051697,639.4566650390625,0.19381959736347198,628.6717529296875
0.8307086825370789,204.6456756591797,0.8209462761878967,213.31671142578125
0.6280314922332764,380.77166748046875,0.5537193417549133,402.5007019042969
0.815118134021759,325.7322692871094,0.8353523015975952,323.3370056152344
0.19149605929851532,17.511810302734375,0.2302091419696808,11.61394214630127
0.5968503952026367,589.9212646484375,0.5292654633522034,565.376220703125
1.9532283544540405,100.07086944580078,1.642265796661377,124.59915924072266
1.594645619392395,39.527557373046875,1.6850690841674805,14.081868171691895
0.47212597727775574,138.59841918945312,0.5485231280326843,142.58734130859375
1.6102361679077148,72.55117797851562,1.374449372291565,131.64305114746094
0.5188976526260376,655.968505859375,0.36429256200790405,618.6882934570312
0.7683464288711548,243.17323303222656,0.7051417827606201,353.5744323730469
1.0957480669021606,639.4566650390625,1.422909140586853,556.0320434570312
1.423149585723877,226.66140747070312,1.747748613357544,211.14332580566406
0.019999999552965164,1.0,0.02304876036942005,5.449340343475342
0.5344882011413574,435.81103515625,0.5876803994178772,455.5931701660156
1.6414172649383545,452.32281494140625,1.7395235300064087,389.968505859375
0.019999999552965164,683.4881591796875,0.024721398949623108,722.8106689453125
0.5188976526260376,215.65354919433594,0.7508467435836792,157.78878784179688
1.6725984811782837,45.031494140625,1.6214333772659302,82.5605239868164
0.3006299138069153,303.7165222167969,0.33044013381004333,239.30345153808594
1.3140157461166382,28.519685745239258,1.3348431587219238,56.284637451171875
0.5812598466873169,177.1259765625,0.5672479867935181,201.84617614746094
0.5968503952026367,342.24407958984375,0.6778956651687622,294.77044677734375
1.7037795782089233,633.9527587890625,1.8299195766448975,596.0730590820312
1.5478739738464355,193.63780212402344,1.7492539882659912,190.56260681152344
1.9532283544540405,386.2756042480469,2.025935173034668,411.8134765625
1.3919684886932373,562.4015502929688,1.476198673248291,583.4857177734375
1.0333858728408813,188.13388061523438,1.107983112335205,190.66091918945312
0.6280314922332764,358.7558898925781,0.36464595794677734,397.09344482421875
1.9532283544540405,226.66140747070312,1.677472710609436,323.7302551269531
0.20708660781383514,578.9133911132812,0.5526463985443115,457.3044128417969
0.42535433173179626,226.66140747070312,0.46893802285194397,274.27593994140625
1.7037795782089233,89.06298828125,1.4804775714874268,123.85556030273438
0.4565354287624359,688.9921264648438,0.6643467545509338,575.376220703125
0.7995275855064392,89.06298828125,0.5134320855140686,173.86981201171875
1.9844094514846802,210.1496124267578,1.783368468284607,261.8531799316406
0.3941732347011566,479.842529296875,0.3613831102848053,399.8526306152344
0.4565354287624359,89.06298828125,0.4366866946220398,110.17937469482422
0.9866141676902771,518.3700561523438,1.0320580005645752,536.3042602539062
0.48771652579307556,34.02362060546875,0.5689568519592285,31.727033615112305
0.5656692981719971,248.6771697998047,0.3281005322933197,296.3739318847656
1.236063003540039,474.3385925292969,1.3995527029037476,444.6576232910156
0.8774803280830383,474.3385925292969,1.2262873649597168,343.9263916015625
1.5790550708770752,331.2362060546875,1.3468974828720093,352.3346862792969
1.7193701267242432,276.19683837890625,1.7452558279037476,202.7696075439453
0.7839370369911194,45.031494140625,0.7306658625602722,46.159236907958984
1.7193701267242432,441.3149719238281,1.533166766166687,577.6510620117188
1.6570079326629639,490.85040283203125,1.5478624105453491,445.0450134277344
0.3162204623222351,672.4802856445312,0.5581706762313843,545.523193359375
0.5656692981719971,523.8740234375,0.7020531892776489,589.181396484375
1.5322834253311157,523.8740234375,1.2379716634750366,625.8065795898438
0.5812598466873169,369.7638244628906,0.8236920833587646,354.5523376464844
1.9532283544540405,468.8346862792969,1.853147029876709,476.9809265136719
1.7661417722702026,67.0472412109375,1.4858522415161133,97.76300811767578
1.064566969871521,347.7480163574219,0.7418866157531738,505.0675354003906
1.1425197124481201,540.3858032226562,1.2579411268234253,583.797607421875
1.064566969871521,650.4645385742188,1.1550178527832031,558.2357177734375
1.7193701267242432,600.9291381835938,1.8412309885025024,574.716064453125
0.08236220479011536,111.07874298095703,-0.12055946886539459,169.97264099121094
0.40976378321647644,105.5748062133789,0.5675262808799744,63.648834228515625
0.22267717123031616,34.02362060546875,0.19476817548274994,31.02324104309082
1.4699212312698364,617.44091796875,1.3713990449905396,538.2847900390625
0.7683464288711548,17.511810302734375,0.7907230854034424,13.855637550354004
0.48771652579307556,292.7086486816406,0.3000323176383972,372.2011413574219
0.8930708765983582,221.15748596191406,0.959729790687561,229.10606384277344
0.6748031377792358,6.503936767578125,0.7721074223518372,-10.879619598388672
1.7817323207855225,512.8661499023438,1.7488112449645996,530.0626220703125
1.6881890296936035,193.63780212402344,1.411760687828064,299.0268859863281
1.9220472574234009,215.65354919433594,1.6954927444458008,287.8753967285156
1.423149585723877,303.7165222167969,1.092494249343872,369.4976501464844
0.16031496226787567,210.1496124267578,0.15661238133907318,197.0489501953125
0.5500787496566772,177.1259765625,0.4461192488670349,172.25814819335938
1.329606294631958,122.08661651611328,1.2472819089889526,121.63524627685547
0.5812598466873169,160.61416625976562,0.6652666926383972,155.39122009277344
1.15811026096344,298.21258544921875,1.1451399326324463,487.8262023925781
0.40976378321647644,199.14173889160156,0.45127201080322266,222.07164001464844
1.15811026096344,677.9842529296875,1.51301908493042,420.03094482421875
2.0,100.07086944580078,1.7806122303009033,141.5567626953125
0.659212589263916,12.00787353515625,0.7673783302307129,-0.1252986192703247
0.659212589263916,501.8582763671875,0.6529037952423096,546.3423461914062
1.2672441005706787,89.06298828125,1.1285507678985596,101.19044494628906
1.828503966331482,430.3070983886719,1.8796052932739258,358.2041931152344
1.2516535520553589,45.031494140625,1.273397445678711,33.71910095214844
1.6102361679077148,358.7558898925781,1.551702857017517,384.48291015625
0.6903936862945557,419.2992248535156,1.2799662351608276,262.9825439453125
1.15811026096344,265.18896484375,0.7812892198562622,322.6615295410156
1.2984251976013184,611.93701171875,1.36211359500885,538.6721801757812
0.7059842348098755,298.21258544921875,0.6869161128997803,289.157958984375
1.9376378059387207,468.8346862792969,1.1686888933181763,580.8920288085938
1.4387401342391968,259.6850280761719,1.365320086479187,345.65069580078125
0.3941732347011566,122.08661651611328,0.32313233613967896,100.32872772216797
0.20708660781383514,606.4330444335938,0.3432074785232544,552.535888671875
0.5656692981719971,188.13388061523438,0.691225528717041,191.6007843017578
1.0489764213562012,666.9763793945312,1.1964178085327148,582.0521240234375
1.8440945148468018,567.905517578125,1.7876774072647095,594.8611450195312
1.5790550708770752,188.13388061523438,1.5669488906860352,169.99610900878906
0.09795275330543518,655.968505859375,0.2673024833202362,629.8781127929688
1.8908661603927612,166.11810302734375,1.8022067546844482,210.70504760742188
1.501102328300476,628.4487915039062,1.27085542678833,588.4747924804688
0.659212589263916,397.2834777832031,0.6520779728889465,362.1843566894531
0.09795275330543518,155.1102294921875,0.10306838154792786,167.0719757080078
0.4565354287624359,551.3936767578125,0.504855215549469,518.1441650390625
1.501102328300476,72.55117797851562,1.4636781215667725,93.77102661132812
0.752755880355835,292.7086486816406,0.6074294447898865,358.52630615234375
1.2672441005706787,358.7558898925781,1.0256109237670898,389.79522705078125
0.019999999552965164,177.1259765625,-0.023840058594942093,232.16818237304688
1.7661417722702026,243.17323303222656,1.6141716241836548,318.9300231933594
0.47212597727775574,534.8818969726562,0.2879772186279297,596.5289306640625
0.5344882011413574,661.472412109375,0.7311249375343323,489.5457458496094
1.5322834253311157,56.039371490478516,1.3835011720657349,86.19197082519531
0.7371653318405151,193.63780212402344,0.46198204159736633,229.16323852539062
1.7193701267242432,188.13388061523438,1.4812846183776855,220.1068878173828
1.7661417722702026,430.3070983886719,1.6183888912200928,526.4471435546875
0.26944881677627563,512.8661499023438,0.4793107807636261,434.8858337402344
0.12913386523723602,446.8188781738281,0.4430467188358307,371.2439270019531
0.2538582682609558,193.63780212402344,0.32682347297668457,226.66236877441406
1.594645619392395,386.2756042480469,1.6154929399490356,432.8025817871094
1.0957480669021606,298.21258544921875,1.2569525241851807,255.22598266601562
1.8596850633621216,127.5905532836914,1.4366943836212158,163.09214782714844
0.8930708765983582,413.7952880859375,1.018585205078125,477.1289367675781
0.05118110775947571,188.13388061523438,0.025255419313907623,184.1695098876953
0.8774803280830383,309.220458984375,0.8999499082565308,292.5099792480469
0.8307086825370789,347.7480163574219,0.7673321962356567,378.2110595703125
0.8462992310523987,23.0157470703125,0.8075029253959656,38.5322265625
0.5812598466873169,397.2834777832031,0.5020108819007874,481.08734130859375
1.0489764213562012,562.4015502929688,1.1139458417892456,553.5839233398438
0.2538582682609558,105.5748062133789,0.1861109882593155,142.5408172607422
1.2984251976013184,435.81103515625,1.5861873626708984,431.91485595703125
1.4075590372085571,28.519685745239258,1.5800867080688477,17.827104568481445
0.5812598466873169,380.77166748046875,0.673337459564209,442.07562255859375
0.6124409437179565,325.7322692871094,0.40980392694473267,417.1970520019531
0.113543301820755,325.7322692871094,-0.008444737643003464,407.1463928222656
0.7839370369911194,1.0,0.7636316418647766,25.518722534179688
0.6280314922332764,336.7401428222656,0.45561540126800537,354.48040771484375
0.12913386523723602,237.66929626464844,0.4208504855632782,127.57072448730469
1.7973228693008423,122.08661651611328,1.7363520860671997,109.60221862792969
1.1892913579940796,221.15748596191406,1.0719627141952515,218.37135314941406
1.4075590372085571,413.7952880859375,1.3267792463302612,533.5693969726562
1.7817323207855225,545.8897705078125,1.8198943138122559,626.2232055664062
0.48771652579307556,391.779541015625,0.5964301824569702,402.371826171875
0.9398425221443176,45.031494140625,1.1558114290237427,4.910505294799805
1.3607873916625977,67.0472412109375,1.3812609910964966,74.00105285644531
0.6748031377792358,56.039371490478516,0.745134174823761,61.69504165649414
1.7037795782089233,435.81103515625,1.3240818977355957,486.1021423339844
1.3763779401779175,496.3543395996094,1.1576380729675293,664.5927124023438
0.3941732347011566,501.8582763671875,0.2191491425037384,623.1922607421875
1.7037795782089233,419.2992248535156,1.779127836227417,531.1559448242188
1.15811026096344,700.0,1.6117388010025024,585.9296264648438
0.7839370369911194,347.7480163574219,1.0110753774642944,321.162841796875
0.34740158915519714,61.54330825805664,0.2538418173789978,64.34119415283203
1.7037795782089233,182.62994384765625,1.3723366260528564,326.9356994628906
0.9866141676902771,694.4960327148438,1.1847617626190186,638.6436157226562
1.1892913579940796,56.039371490478516,1.6085923910140991,34.47871780395508
1.329606294631958,540.3858032226562,1.6167258024215698,511.2926330566406
0.40976378321647644,700.0,0.5930075645446777,571.5530395507812
0.6280314922332764,694.4960327148438,0.5669474005699158,632.7404174804688
0.48771652579307556,523.8740234375,0.37098047137260437,549.805419921875
0.8930708765983582,39.527557373046875,1.1835823059082031,-18.58889389038086
0.33181101083755493,259.6850280761719,0.3831472396850586,270.4093933105469
1.7505512237548828,666.9763793945312,1.6975241899490356,628.629638671875
1.9532283544540405,644.9606323242188,1.8289977312088013,583.091552734375
1.6881890296936035,507.3622131347656,1.8043653964996338,508.4405517578125
1.4075590372085571,364.2598876953125,1.5672117471694946,376.5028991699219
0.28503936529159546,320.22833251953125,0.021070290356874466,369.0667419433594
1.9844094514846802,237.66929626464844,1.8078162670135498,246.32701110839844
0.33181101083755493,672.4802856445312,0.38616809248924255,725.7831420898438
1.0489764213562012,644.9606323242188,0.7786275744438171,737.8709106445312
0.28503936529159546,435.81103515625,0.4305456578731537,457.2533874511719
0.113543301820755,204.6456756591797,0.11679604649543762,205.88827514648438
1.8596850633621216,468.8346862792969,1.696210503578186,510.4198303222656
1.1737008094787598,12.00787353515625,0.9984716773033142,78.41107940673828
0.815118134021759,61.54330825805664,0.9714707136154175,17.928913116455078
1.2516535520553589,188.13388061523438,1.0076930522918701,277.234130859375
1.1113386154174805,215.65354919433594,0.9369069337844849,224.56289672851562
1.501102328300476,463.33074951171875,1.5650392770767212,594.374755859375
0.7995275855064392,501.8582763671875,0.9994173049926758,493.07366943359375
0.40976378321647644,287.2047119140625,0.5355044603347778,313.42901611328125
1.6258267164230347,562.4015502929688,1.2656067609786987,575.315185546875
1.3607873916625977,518.3700561523438,0.9699702262878418,606.4484252929688
0.3785826861858368,336.7401428222656,0.4360237717628479,333.2514343261719
0.238267719745636,672.4802856445312,0.358515202999115,538.8098754882812
1.7505512237548828,452.32281494140625,1.481789469718933,575.9033813476562
0.019999999552965164,688.9921264648438,0.2916305959224701,645.0665893554688
0.48771652579307556,474.3385925292969,0.7917943596839905,431.866943359375
1.6102361679077148,397.2834777832031,1.29123854637146,556.5510864257812
1.2828346490859985,331.2362060546875,1.326210379600525,297.77947998046875
1.7973228693008423,265.18896484375,1.7202574014663696,361.8374328613281
1.0022047758102417,199.14173889160156,1.0090887546539307,169.92005920410156
1.329606294631958,611.93701171875,1.1830968856811523,674.96875
0.36299213767051697,551.3936767578125,0.28033772110939026,664.7757568359375
0.113543301820755,424.80316162109375,0.34044989943504333,354.0703125
0.36299213767051697,468.8346862792969,0.25649991631507874,617.780029296875
1.0801575183868408,309.220458984375,0.9633806943893433,335.5611267089844
0.36299213767051697,199.14173889160156,0.4038304388523102,186.52952575683594
1.7193701267242432,584.4172973632812,1.277101993560791,664.6947631835938
0.908661425113678,193.63780212402344,1.108352780342102,151.08619689941406
0.9398425221443176,683.4881591796875,0.9446718096733093,651.1138916015625
1.0489764213562012,182.62994384765625,1.2855433225631714,185.99513244628906
2.0,276.19683837890625,1.271634817123413,359.0346374511719
0.7059842348098755,650.4645385742188,0.4518194794654846,594.466552734375
0.09795275330543518,61.54330825805664,0.08472812175750732,59.92192840576172
1.15811026096344,171.62203979492188,1.1542640924453735,185.89247131347656
2.0,694.4960327148438,1.811257004737854,599.3930053710938
1.7037795782089233,232.16537475585938,1.334194540977478,322.1940002441406
1.9844094514846802,551.3936767578125,1.8581405878067017,507.3816223144531
0.113543301820755,149.60629272460938,0.20557202398777008,157.88438415527344
0.5344882011413574,17.511810302734375,0.513195276260376,22.428991317749023
1.2204724550247192,402.78741455078125,1.3524162769317627,450.5799865722656
0.06677165627479553,402.78741455078125,0.23940497636795044,336.1141357421875
0.4565354287624359,540.3858032226562,0.332318514585495,588.999267578125
0.9242519736289978,540.3858032226562,0.7943820357322693,542.5216064453125
1.2516535520553589,644.9606323242188,1.2763193845748901,681.1229248046875
1.5790550708770752,149.60629272460938,1.3238444328308105,224.07925415039062
1.0022047758102417,567.905517578125,1.2815850973129272,451.20574951171875
0.16031496226787567,567.905517578125,-0.1120385080575943,678.7427978515625
1.5790550708770752,397.2834777832031,1.5047253370285034,380.5142517089844
0.20708660781383514,661.472412109375,0.546229898929596,473.89764404296875
0.3941732347011566,529.3779296875,0.4042324721813202,532.3067626953125
1.7661417722702026,111.07874298095703,1.5000646114349365,262.0128479003906
1.2516535520553589,540.3858032226562,1.3580706119537354,472.33221435546875
0.3785826861858368,94.56694030761719,0.320003479719162,79.76461029052734
1.7037795782089233,380.77166748046875,1.3887885808944702,394.64752197265625
0.7995275855064392,589.9212646484375,0.7113630771636963,688.5571899414062
0.12913386523723602,463.33074951171875,0.2983015775680542,374.9974365234375
0.8618897795677185,419.2992248535156,1.1222490072250366,371.4165954589844
0.3785826861858368,292.7086486816406,0.1784321367740631,327.1654357910156
0.5033071041107178,17.511810302734375,0.47699281573295593,4.446768760681152
0.659212589263916,342.24407958984375,0.723823070526123,358.5258483886719
0.6280314922332764,45.031494140625,0.6168471574783325,80.5259780883789
0.7059842348098755,408.2913513183594,0.749487042427063,443.5284118652344
0.09795275330543518,600.9291381835938,0.3461720943450928,552.313720703125
1.4075590372085571,309.220458984375,1.5595502853393555,353.9585876464844
0.113543301820755,83.55905151367188,0.07526141405105591,122.448486328125
0.019999999552965164,111.07874298095703,0.045980360358953476,110.51069641113281
0.113543301820755,452.32281494140625,0.2885794937610626,390.7751770019531
1.2516535520553589,639.4566650390625,1.311944603919983,576.6076049804688
0.9398425221443176,540.3858032226562,1.004941701889038,524.0404052734375
1.1425197124481201,193.63780212402344,1.1041228771209717,236.06991577148438
1.2516535520553589,683.4881591796875,1.1283950805664062,700.0611572265625
1.3451968431472778,672.4802856445312,1.2923612594604492,689.6597290039062
1.4543306827545166,391.779541015625,1.5837026834487915,339.1278991699219
0.40976378321647644,457.8267517089844,0.5752862691879272,428.2102966308594
1.0333858728408813,111.07874298095703,0.9091178178787231,187.5206298828125
1.8440945148468018,683.4881591796875,1.4070560932159424,610.5206909179688
0.19149605929851532,600.9291381835938,0.09080781042575836,613.6176147460938
1.2828346490859985,347.7480163574219,1.4141370058059692,286.4306945800781
1.2204724550247192,380.77166748046875,1.3471043109893799,383.463623046875
1.7037795782089233,595.4251708984375,1.3237659931182861,576.3678588867188
1.1113386154174805,661.472412109375,1.098574161529541,595.7612915039062
0.7839370369911194,562.4015502929688,0.8123270869255066,508.2022705078125
1.4543306827545166,171.62203979492188,1.511409878730774,158.0153350830078
1.4699212312698364,694.4960327148438,1.3572254180908203,616.508544921875
1.1269291639328003,397.2834777832031,0.651171863079071,567.1405029296875
0.7059842348098755,23.0157470703125,0.6874760985374451,64.36906433105469
1.1737008094787598,28.519685745239258,1.4989395141601562,-8.030987739562988
0.40976378321647644,111.07874298095703,0.4899570345878601,103.9291763305664
0.03559055179357529,254.1811065673828,0.17539721727371216,267.17852783203125
0.8618897795677185,573.409423828125,0.6236099004745483,559.2943115234375
1.3140157461166382,94.56694030761719,1.625267744064331,46.414920806884766
1.236063003540039,655.968505859375,1.4062305688858032,600.6676025390625
1.5634645223617554,463.33074951171875,1.3764896392822266,422.9015808105469
0.19149605929851532,441.3149719238281,-0.0404914952814579,519.6536254882812
0.05118110775947571,199.14173889160156,-0.03711213916540146,231.0863037109375
0.6280314922332764,578.9133911132812,0.7055193185806274,655.0260620117188
0.5344882011413574,281.7007751464844,0.7651891708374023,274.6220397949219
1.7193701267242432,243.17323303222656,1.4849543571472168,342.0628967285156
1.7193701267242432,573.409423828125,1.559699296951294,597.6946411132812
1.1269291639328003,655.968505859375,1.5336430072784424,412.9444885253906
1.6725984811782837,584.4172973632812,1.716670036315918,527.2674560546875
0.4565354287624359,347.7480163574219,0.341876357793808,395.248291015625
1.1425197124481201,116.58268737792969,1.0068886280059814,156.07020568847656
1.2048819065093994,204.6456756591797,1.033153772354126,269.3243713378906
1.812913417816162,562.4015502929688,1.8299771547317505,466.4002380371094
1.2672441005706787,518.3700561523438,1.2841349840164185,455.674072265625
0.5500787496566772,666.9763793945312,0.6536514163017273,581.7605590820312
1.594645619392395,309.220458984375,1.731996774673462,343.197265625
1.828503966331482,468.8346862792969,1.982787013053894,470.9532165527344
1.4543306827545166,83.55905151367188,1.734923005104065,55.7885856628418
1.2048819065093994,303.7165222167969,1.1117643117904663,338.12744140625
0.019999999552965164,474.3385925292969,0.015339544042944908,532.1643676757812
1.0333858728408813,567.905517578125,1.6080800294876099,541.4779052734375
0.5033071041107178,39.527557373046875,0.5407580733299255,44.93809509277344
1.6414172649383545,474.3385925292969,1.3301671743392944,502.417724609375
1.516692876815796,545.8897705078125,1.673657774925232,545.9359741210938
0.6280314922332764,204.6456756591797,0.6386221647262573,209.79832458496094
0.815118134021759,595.4251708984375,1.223476767539978,561.3292846679688
0.42535433173179626,655.968505859375,0.6136580109596252,627.06201171875
0.20708660781383514,342.24407958984375,0.10840332508087158,445.8835754394531
1.9844094514846802,45.031494140625,1.9935179948806763,26.54920768737793
1.501102328300476,177.1259765625,1.740952968597412,167.81832885742188
1.1737008094787598,39.527557373046875,1.099932312965393,56.06904602050781
0.47212597727775574,45.031494140625,0.4436783194541931,59.272178649902344
0.6748031377792358,677.9842529296875,0.784325361251831,605.4501953125
0.8618897795677185,188.13388061523438,0.8625954389572144,177.63308715820312
0.22267717123031616,534.8818969726562,0.41279205679893494,491.5816345214844
1.828503966331482,358.7558898925781,1.7150384187698364,289.9917907714844
0.9710236191749573,298.21258544921875,1.0574525594711304,346.2175598144531
1.1737008094787598,215.65354919433594,1.2279551029205322,199.642578125
0.7839370369911194,287.2047119140625,0.6768410205841064,332.289794921875
1.1113386154174805,391.779541015625,0.6748383045196533,586.0933227539062
1.329606294631958,254.1811065673828,1.3189386129379272,256.084716796875
2.0,485.3464660644531,1.8082867860794067,443.5963439941406
0.1759055107831955,325.7322692871094,0.38793089985847473,283.7064208984375
1.4699212312698364,672.4802856445312,1.5482439994812012,597.61376953125
1.9688189029693604,474.3385925292969,1.6587913036346436,613.418212890625
1.1737008094787598,595.4251708984375,1.3551594018936157,544.475341796875
0.5656692981719971,17.511810302734375,0.5336008667945862,-4.657552242279053
1.0957480669021606,474.3385925292969,1.0993711948394775,552.8430786132812
0.113543301820755,622.9448852539062,0.29833826422691345,475.0315246582031
0.752755880355835,397.2834777832031,1.0610172748565674,367.6680908203125
1.7817323207855225,6.503936767578125,1.74099862575531,19.9974308013916
0.9710236191749573,215.65354919433594,0.801300585269928,234.6369171142578
0.7371653318405151,589.9212646484375,0.48668545484542847,593.291259765625
0.2538582682609558,353.251953125,0.22004777193069458,376.6636962890625
1.5478739738464355,430.3070983886719,1.9212149381637573,406.4143981933594
0.14472442865371704,408.2913513183594,0.19982177019119263,422.9288330078125
1.3919684886932373,380.77166748046875,1.7620511054992676,482.69549560546875
0.16031496226787567,303.7165222167969,0.520248532295227,179.86587524414062
0.42535433173179626,353.251953125,0.4081592857837677,369.9344787597656
0.3785826861858368,496.3543395996094,0.45403364300727844,423.6368103027344
0.48771652579307556,463.33074951171875,0.440853476524353,496.9909973144531
1.3607873916625977,144.10235595703125,1.5028209686279297,165.0540313720703
0.5500787496566772,287.2047119140625,0.6271547675132751,314.21978759765625
0.19149605929851532,127.5905532836914,0.006318438798189163,159.62351989746094
0.7839370369911194,386.2756042480469,1.0212663412094116,324.7987365722656
0.19149605929851532,463.33074951171875,0.37317410111427307,416.8773498535156
0.3006299138069153,358.7558898925781,0.23431150615215302,380.978759765625
0.6436220407485962,578.9133911132812,1.0505542755126953,424.3768005371094
1.329606294631958,628.4487915039062,1.2313388586044312,683.7737426757812
0.815118134021759,391.779541015625,0.7604576945304871,434.36737060546875
0.9866141676902771,402.78741455078125,1.5164563655853271,368.7029724121094
1.6881890296936035,468.8346862792969,1.6852600574493408,475.40411376953125
1.0022047758102417,628.4487915039062,1.102752447128296,574.6367797851562
1.017795443534851,375.26776123046875,1.1264779567718506,396.8089904785156
0.36299213767051697,204.6456756591797,0.4977664351463318,201.62933349609375
0.47212597727775574,127.5905532836914,0.5486904978752136,154.79420471191406
0.9866141676902771,138.59841918945312,1.007772445678711,157.84707641601562
1.0801575183868408,23.0157470703125,1.1686214208602905,6.277915000915527
0.5033071041107178,116.58268737792969,0.4602350890636444,116.79692840576172
0.9554330706596375,600.9291381835938,1.0936540365219116,519.7859497070312
0.06677165627479553,193.63780212402344,0.21354754269123077,165.25723266601562
1.0489764213562012,556.8976440429688,0.9547268748283386,570.3966674804688
1.5634645223617554,226.66140747070312,1.3388707637786865,261.9617919921875
1.4855117797851562,364.2598876953125,1.6134921312332153,424.908935546875
0.33181101083755493,655.968505859375,0.4792037606239319,533.72314453125
0.1759055107831955,501.8582763671875,0.2272195667028427,509.492431640625
0.8618897795677185,655.968505859375,1.3973841667175293,491.43914794921875
1.3763779401779175,617.44091796875,1.3597314357757568,550.2667846679688
1.236063003540039,485.3464660644531,1.1115065813064575,513.0531616210938
1.6881890296936035,375.26776123046875,1.236135721206665,503.7780456542969
0.6436220407485962,166.11810302734375,0.6527604460716248,158.20071411132812
0.7215747833251953,94.56694030761719,0.6581119298934937,134.20370483398438
0.14472442865371704,83.55905151367188,0.12360849976539612,111.83335876464844
0.9866141676902771,50.53543472290039,1.1034226417541504,46.06517028808594
1.5790550708770752,23.0157470703125,1.584118127822876,23.634109497070312
1.1425197124481201,138.59841918945312,0.8205996751785278,196.3263702392578
0.3941732347011566,452.32281494140625,0.45225921273231506,486.9352722167969
1.3140157461166382,386.2756042480469,1.4128203392028809,337.83123779296875
1.516692876815796,83.55905151367188,1.2857630252838135,80.1023941040039
0.47212597727775574,177.1259765625,0.25841301679611206,260.3895263671875
1.1269291639328003,435.81103515625,1.3198469877243042,400.1943664550781
0.9710236191749573,507.3622131347656,1.3482027053833008,537.33837890625
0.7839370369911194,666.9763793945312,0.8286270499229431,575.5269775390625
1.3763779401779175,490.85040283203125,1.4381757974624634,448.4489440917969
0.5500787496566772,155.1102294921875,0.6196941137313843,115.34114074707031
0.5344882011413574,534.8818969726562,0.5266907811164856,589.9577026367188
1.2672441005706787,166.11810302734375,1.0071138143539429,242.18307495117188
0.5656692981719971,644.9606323242188,0.7309118509292603,606.1805419921875
1.0489764213562012,424.80316162109375,1.0968024730682373,439.7152099609375
1.329606294631958,45.031494140625,1.2636759281158447,45.54079055786133
0.8462992310523987,507.3622131347656,0.9447807669639587,444.6931457519531
0.8930708765983582,661.472412109375,1.1190718412399292,620.3878784179688
1.1269291639328003,600.9291381835938,1.3174670934677124,435.6000061035156
0.4565354287624359,204.6456756591797,0.42650458216667175,209.88400268554688
0.42535433173179626,259.6850280761719,0.535098671913147,225.94981384277344
1.1113386154174805,314.7243957519531,0.8526609539985657,312.6502685546875
1.2204724550247192,243.17323303222656,1.0995937585830688,279.724853515625
0.5344882011413574,314.7243957519531,0.5060005784034729,406.41595458984375
0.7995275855064392,622.9448852539062,0.9749026894569397,576.8220825195312
0.6903936862945557,89.06298828125,0.6414948105812073,110.13607788085938
1.3451968431472778,666.9763793945312,1.4308651685714722,651.4317016601562
0.9866141676902771,534.8818969726562,1.028742790222168,616.822021484375
0.7683464288711548,694.4960327148438,0.8139630556106567,592.18017578125
1.2204724550247192,12.00787353515625,1.1531823873519897,41.49421691894531
0.48771652579307556,545.8897705078125,0.20358340442180634,611.2614135742188
1.7817323207855225,232.16537475585938,1.34651517868042,363.27008056640625
0.19149605929851532,122.08661651611328,0.20788760483264923,82.79635620117188
0.06677165627479553,578.9133911132812,0.12301117181777954,499.8763122558594
2.0,39.527557373046875,1.7492423057556152,144.46141052246094
1.2516535520553589,270.6929016113281,1.0368376970291138,371.4711608886719
0.7371653318405151,94.56694030761719,0.6442603468894958,119.71339416503906
0.40976378321647644,23.0157470703125,0.46250882744789124,26.826581954956055
1.15811026096344,529.3779296875,1.5394953489303589,421.88848876953125
1.5322834253311157,683.4881591796875,1.404407024383545,641.9061889648438
1.6570079326629639,573.409423828125,1.5720914602279663,496.1234130859375
0.5033071041107178,573.409423828125,0.7633318901062012,454.1048583984375
1.7193701267242432,700.0,1.909733533859253,514.2365112304688
0.22267717123031616,215.65354919433594,0.19758592545986176,187.1492156982422
0.9398425221443176,17.511810302734375,1.114854335784912,-15.963157653808594
0.9398425221443176,457.8267517089844,0.7695337533950806,587.7222900390625
1.7817323207855225,166.11810302734375,1.7207602262496948,159.4854736328125
0.2538582682609558,325.7322692871094,-0.012732766568660736,422.1265869140625
0.7215747833251953,72.55117797851562,0.7311002612113953,81.06561279296875
1.0489764213562012,468.8346862792969,1.032297134399414,429.15362548828125
0.28503936529159546,34.02362060546875,0.26170089840888977,21.801420211791992
1.236063003540039,94.56694030761719,1.1688895225524902,78.43511962890625
1.8596850633621216,463.33074951171875,2.121063470840454,353.0621337890625
1.812913417816162,215.65354919433594,1.488682508468628,300.91619873046875
0.9242519736289978,270.6929016113281,1.0333129167556763,227.79672241210938
0.7215747833251953,34.02362060546875,0.7629169225692749,24.498653411865234
1.7193701267242432,595.4251708984375,1.5007789134979248,583.2196655273438
1.1113386154174805,243.17323303222656,0.9068810939788818,289.7996520996094
1.4699212312698364,463.33074951171875,1.2324151992797852,630.219482421875
0.6436220407485962,83.55905151367188,0.761540949344635,32.63848876953125
1.6570079326629639,523.8740234375,1.690082311630249,528.2569580078125
1.6258267164230347,78.05511474609375,1.8295457363128662,80.97032928466797
1.2984251976013184,193.63780212402344,1.2690520286560059,234.8712615966797
0.47212597727775574,556.8976440429688,0.5502844452857971,567.7533569335938
1.6725984811782837,595.4251708984375,1.8294289112091064,390.6207580566406
1.15811026096344,479.842529296875,1.3869847059249878,487.2752380371094
0.113543301820755,133.094482421875,0.19199176132678986,120.39453125
0.33181101083755493,391.779541015625,0.48470574617385864,367.9145202636719
0.9866141676902771,237.66929626464844,1.1581039428710938,202.36410522460938
0.9710236191749573,325.7322692871094,0.9711995124816895,378.21868896484375
1.594645619392395,204.6456756591797,1.472691297531128,257.48583984375
0.7215747833251953,23.0157470703125,0.8392502069473267,43.424678802490234
0.6280314922332764,512.8661499023438,0.8506568670272827,474.0469970703125
0.34740158915519714,67.0472412109375,0.33233124017715454,71.60579681396484
1.2828346490859985,83.55905151367188,1.1740695238113403,138.87890625
1.8596850633621216,402.78741455078125,1.4366718530654907,545.3196411132812
0.019999999552965164,507.3622131347656,0.16451576352119446,481.271484375
0.019999999552965164,78.05511474609375,-0.05477852746844292,103.9687271118164
0.1759055107831955,496.3543395996094,0.3283982574939728,537.3737182617188
0.5188976526260376,650.4645385742188,0.5039041638374329,569.88623046875
0.3162204623222351,463.33074951171875,0.3045060634613037,512.5110473632812
0.20708660781383514,298.21258544921875,0.20177240669727325,400.689453125
0.22267717123031616,496.3543395996094,0.42809799313545227,379.5618591308594
1.594645619392395,6.503936767578125,1.5273373126983643,20.155237197875977
0.6124409437179565,452.32281494140625,0.603088915348053,524.6044921875
0.7215747833251953,270.6929016113281,0.7227762341499329,252.0690155029297
1.064566969871521,61.54330825805664,1.3498620986938477,21.343307495117188
0.8462992310523987,309.220458984375,0.7396122217178345,406.7189636230469
1.5478739738464355,474.3385925292969,1.5953630208969116,384.7684020996094
0.09795275330543518,452.32281494140625,0.13412809371948242,496.10595703125
0.19149605929851532,61.54330825805664,0.2684628963470459,43.489925384521484
0.6124409437179565,276.19683837890625,0.604176938533783,275.2542724609375
1.812913417816162,661.472412109375,1.1807754039764404,646.827880859375
0.2538582682609558,584.4172973632812,0.47260525822639465,501.6070861816406
0.40976378321647644,677.9842529296875,0.5724057555198669,481.85302734375
0.9242519736289978,347.7480163574219,0.9167703986167908,460.72381591796875
1.0801575183868408,210.1496124267578,0.9969692826271057,251.03302001953125
1.4699212312698364,210.1496124267578,1.6547775268554688,215.421142578125
0.09795275330543518,408.2913513183594,0.25970426201820374,420.0469055175781
0.5344882011413574,221.15748596191406,0.7482491731643677,185.21656799316406
1.064566969871521,413.7952880859375,1.322420358657837,460.571533203125
0.8930708765983582,507.3622131347656,1.4019533395767212,403.72955322265625
0.9866141676902771,540.3858032226562,1.0505825281143188,529.0551147460938
1.7661417722702026,287.2047119140625,1.7417689561843872,333.16912841796875
1.812913417816162,666.9763793945312,1.6220353841781616,749.3779296875
1.6102361679077148,265.18896484375,1.643390417098999,281.3735656738281
1.3607873916625977,50.53543472290039,1.3285292387008667,49.725006103515625
0.19149605929851532,545.8897705078125,0.3712705373764038,563.3042602539062
1.4543306827545166,133.094482421875,1.2433284521102905,215.0144500732422
0.7995275855064392,562.4015502929688,0.9038543105125427,557.0855712890625
0.5812598466873169,534.8818969726562,0.8984123468399048,428.1863708496094
1.3607873916625977,347.7480163574219,1.1287870407104492,436.2012023925781
1.4699212312698364,688.9921264648438,1.4226874113082886,654.793212890625
1.2828346490859985,336.7401428222656,1.088324785232544,313.2604675292969
0.08236220479011536,45.031494140625,0.23207220435142517,48.17951583862305
1.734960675239563,166.11810302734375,1.6262105703353882,179.9175262451172
0.5344882011413574,628.4487915039062,0.5471718311309814,606.0609741210938
1.6102361679077148,248.6771697998047,1.6216542720794678,317.27349853515625
0.9554330706596375,122.08661651611328,0.8111264705657959,155.10153198242188
1.5478739738464355,39.527557373046875,1.621216058731079,43.647857666015625
0.4409448802471161,650.4645385742188,0.6571043133735657,531.9876708984375
0.4565354287624359,397.2834777832031,0.39625030755996704,468.43646240234375
0.14472442865371704,512.8661499023438,0.3316271901130676,459.6249694824219
0.7995275855064392,419.2992248535156,0.6768525242805481,521.8511352539062
1.5322834253311157,314.7243957519531,1.395746111869812,372.836181640625
0.6903936862945557,303.7165222167969,0.8533684015274048,316.509033203125
1.9532283544540405,23.0157470703125,1.9791375398635864,18.98248863220215
1.7973228693008423,606.4330444335938,2.094851493835449,548.185791015625
1.236063003540039,578.9133911132812,1.5704243183135986,477.8817138671875
0.09795275330543518,628.4487915039062,0.25597190856933594,594.8060302734375
0.8307086825370789,391.779541015625,0.9964868426322937,392.181640625
0.9398425221443176,485.3464660644531,0.5413236618041992,650.2005004882812
1.828503966331482,61.54330825805664,1.8099794387817383,58.2318000793457
1.15811026096344,160.61416625976562,1.0176122188568115,230.94818115234375
1.1269291639328003,281.7007751464844,0.7786740064620972,475.2013244628906
0.7683464288711548,116.58268737792969,0.8198517560958862,120.7828598022461
1.3140157461166382,375.26776123046875,1.1191271543502808,502.4278259277344
0.113543301820755,584.4172973632812,0.09984411299228668,517.60986328125
0.7995275855064392,628.4487915039062,0.9429208636283875,619.8067016601562
0.5656692981719971,496.3543395996094,1.195536494255066,409.7304992675781
1.2048819065093994,529.3779296875,1.0709984302520752,625.417236328125
1.236063003540039,149.60629272460938,0.9324833154678345,166.27349853515625
0.09795275330543518,430.3070983886719,0.34316831827163696,388.19293212890625
1.7193701267242432,56.039371490478516,1.6437065601348877,55.31928253173828
0.6124409437179565,661.472412109375,0.7891196012496948,536.2909545898438
0.019999999552965164,650.4645385742188,-0.04757934436202049,610.8248901367188
0.05118110775947571,6.503936767578125,0.07878358662128448,76.61225128173828
0.26944881677627563,61.54330825805664,0.303963303565979,65.13453674316406
0.8307086825370789,248.6771697998047,0.7766163945198059,229.38804626464844
0.48771652579307556,259.6850280761719,0.2519303560256958,339.82489013671875
1.6102361679077148,116.58268737792969,1.6417189836502075,103.271484375
1.1425197124481201,12.00787353515625,1.4235529899597168,-29.17455291748047
0.1759055107831955,265.18896484375,0.2269676774740219,265.99090576171875
0.03559055179357529,325.7322692871094,0.2195708155632019,296.06890869140625
1.7505512237548828,655.968505859375,1.5362237691879272,583.34716796875
1.1269291639328003,193.63780212402344,1.3006770610809326,188.81336975097656
0.28503936529159546,182.62994384765625,0.37893179059028625,157.31507873535156
1.6881890296936035,303.7165222167969,1.5463165044784546,355.0431823730469
0.6436220407485962,364.2598876953125,0.7794693112373352,356.6468505859375
1.017795443534851,633.9527587890625,1.1668156385421753,526.6725463867188
0.19149605929851532,45.031494140625,0.1214844137430191,54.741947174072266
0.4565354287624359,628.4487915039062,0.7552700042724609,531.3341674804688
1.501102328300476,523.8740234375,1.2281337976455688,587.423095703125
1.3140157461166382,452.32281494140625,1.1356383562088013,494.45318603515625
1.6414172649383545,589.9212646484375,1.5003101825714111,599.3828125
1.5478739738464355,94.56694030761719,1.6702585220336914,65.3890380859375
1.734960675239563,364.2598876953125,1.4769829511642456,425.2484436035156
0.16031496226787567,353.251953125,-0.008164247497916222,449.7598571777344
1.8752756118774414,584.4172973632812,1.8247936964035034,674.7756958007812
1.7817323207855225,105.5748062133789,1.5225743055343628,153.6946258544922
1.7973228693008423,331.2362060546875,1.6685261726379395,480.2355651855469
1.1269291639328003,402.78741455078125,1.330969214439392,428.3609924316406
1.516692876815796,17.511810302734375,1.4345464706420898,18.103912353515625
0.5656692981719971,226.66140747070312,0.7350325584411621,168.02503967285156
0.3785826861858368,507.3622131347656,0.8044580221176147,374.9891052246094
1.9844094514846802,347.7480163574219,1.9146689176559448,320.10943603515625
0.42535433173179626,243.17323303222656,0.36526477336883545,340.2250061035156
0.09795275330543518,463.33074951171875,0.24840019643306732,469.4556579589844
1.6414172649383545,540.3858032226562,1.5497934818267822,624.414306640625
1.15811026096344,402.78741455078125,1.867782711982727,285.7536315917969
1.4699212312698364,589.9212646484375,1.5653983354568481,623.0968017578125
1.0801575183868408,584.4172973632812,1.1668890714645386,659.0147705078125
1.4387401342391968,573.409423828125,1.512804388999939,620.8865356445312
0.3006299138069153,534.8818969726562,0.5317376255989075,473.9649963378906
1.4855117797851562,221.15748596191406,1.7091213464736938,203.5933837890625
0.33181101083755493,67.0472412109375,0.27823522686958313,70.40028381347656
0.752755880355835,39.527557373046875,0.5489469766616821,99.23641204833984
0.47212597727775574,490.85040283203125,0.45565298199653625,516.266845703125
1.9532283544540405,17.511810302734375,1.8163690567016602,113.2965087890625
0.12913386523723602,468.8346862792969,0.18727213144302368,423.4560546875
1.3763779401779175,127.5905532836914,1.2192895412445068,125.09063720703125
0.7995275855064392,56.039371490478516,0.8500272631645203,81.89048767089844
0.113543301820755,254.1811065673828,0.3124510645866394,158.41664123535156
0.1759055107831955,237.66929626464844,0.24959741532802582,157.92483520507812
1.4075590372085571,628.4487915039062,1.6599282026290894,583.2847290039062
0.3162204623222351,556.8976440429688,0.3249191641807556,493.4775085449219
0.12913386523723602,562.4015502929688,0.09685926139354706,564.7335205078125
1.6570079326629639,408.2913513183594,1.6139198541641235,439.5217590332031
0.2538582682609558,688.9921264648438,0.5282015204429626,629.3384399414062
0.9710236191749573,17.511810302734375,1.0448272228240967,4.862303733825684
0.113543301820755,677.9842529296875,0.18713845312595367,607.9781494140625
0.2538582682609558,303.7165222167969,0.2487848401069641,397.6358642578125
0.8307086825370789,501.8582763671875,0.6649149060249329,593.6619262695312
1.1737008094787598,221.15748596191406,1.0958479642868042,257.06915283203125
2.0,320.22833251953125,1.5946485996246338,358.7940368652344
1.2204724550247192,507.3622131347656,1.3123234510421753,539.2149658203125
0.5188976526260376,303.7165222167969,0.8269721269607544,207.38824462890625
0.34740158915519714,127.5905532836914,0.14748676121234894,134.5586395263672
1.1425197124481201,331.2362060546875,0.8081986904144287,434.19403076171875
1.3607873916625977,259.6850280761719,1.3470109701156616,211.71315002441406
1.0333858728408813,578.9133911132812,0.9040856957435608,594.8067016601562
0.5968503952026367,122.08661651611328,0.7285983562469482,96.81265258789062
1.017795443534851,56.039371490478516,1.1210728883743286,35.79358673095703
0.42535433173179626,595.4251708984375,0.4355837106704712,523.9100341796875
1.6725984811782837,325.7322692871094,1.384466290473938,481.7896423339844
0.40976378321647644,171.62203979492188,0.23298151791095734,208.8306884765625
1.1892913579940796,281.7007751464844,1.2195457220077515,207.9210205078125
1.064566969871521,633.9527587890625,1.2392902374267578,564.0700073242188
0.5812598466873169,413.7952880859375,0.8238959908485413,415.1226806640625
1.329606294631958,61.54330825805664,1.5021028518676758,18.02592658996582
1.2516535520553589,397.2834777832031,1.3349186182022095,460.7967224121094
1.2048819065093994,237.66929626464844,0.8036176562309265,318.3279113769531
1.6881890296936035,578.9133911132812,1.1753032207489014,719.5748901367188
0.659212589263916,199.14173889160156,0.8554651737213135,159.2256317138672
1.7193701267242432,259.6850280761719,1.6430894136428833,298.1996154785156
0.34740158915519714,441.3149719238281,0.16999059915542603,503.05419921875
0.12913386523723602,287.2047119140625,0.007976271212100983,350.3465881347656
0.3006299138069153,419.2992248535156,0.11441870033740997,533.3298950195312
1.9844094514846802,6.503936767578125,2.022160053253174,50.48176193237305
0.7683464288711548,644.9606323242188,1.1321426630020142,473.6096496582031
1.9844094514846802,650.4645385742188,1.7600419521331787,533.828369140625
0.5656692981719971,353.251953125,0.41767409443855286,365.4153747558594
0.8774803280830383,226.66140747070312,0.6479678750038147,336.1763000488281
0.16031496226787567,116.58268737792969,0.3346441388130188,65.22793579101562
1.2984251976013184,34.02362060546875,1.3208478689193726,49.7094841003418
1.1892913579940796,578.9133911132812,1.339438796043396,586.7356567382812
1.6102361679077148,606.4330444335938,1.2176027297973633,552.7562866210938
1.3607873916625977,1.0,1.413080096244812,-27.587953567504883
0.5344882011413574,452.32281494140625,0.8999617099761963,497.5302734375
0.48771652579307556,182.62994384765625,0.2324393093585968,260.9893493652344
1.0801575183868408,347.7480163574219,1.2060043811798096,354.9066467285156
1.017795443534851,457.8267517089844,1.3404223918914795,450.1087646484375
1.1113386154174805,248.6771697998047,1.406584620475769,243.61187744140625
0.6436220407485962,270.6929016113281,0.5125422477722168,284.87237548828125
0.5968503952026367,562.4015502929688,0.25658583641052246,656.7846069335938
0.8307086825370789,116.58268737792969,0.674944281578064,126.25910949707031
0.36299213767051697,490.85040283203125,0.4623871445655823,438.7622985839844
0.815118134021759,23.0157470703125,0.7287847995758057,10.869590759277344
1.594645619392395,111.07874298095703,1.439945101737976,101.77130126953125
0.6748031377792358,67.0472412109375,0.7473163604736328,20.833642959594727
0.28503936529159546,265.18896484375,0.5065861940383911,222.40460205078125
1.9688189029693604,452.32281494140625,1.9418997764587402,384.9385986328125
0.659212589263916,424.80316162109375,0.9818488955497742,403.5326843261719
1.906456708908081,116.58268737792969,1.771996259689331,130.1326141357422
1.501102328300476,375.26776123046875,1.5074115991592407,340.5871887207031
0.5968503952026367,523.8740234375,0.6119565963745117,446.1571960449219
0.815118134021759,661.472412109375,1.2728071212768555,529.5565795898438
0.12913386523723602,622.9448852539062,0.14618328213691711,551.8943481445312
0.03559055179357529,518.3700561523438,0.07820853590965271,476.5018310546875
1.329606294631958,72.55117797851562,1.7390872240066528,6.417827129364014
1.3607873916625977,479.842529296875,1.5793248414993286,451.18023681640625
0.5033071041107178,127.5905532836914,0.5016912817955017,146.49838256835938
0.06677165627479553,457.8267517089844,0.04912892356514931,524.9053955078125
1.8596850633621216,314.7243957519531,1.5829893350601196,248.18048095703125
1.594645619392395,292.7086486816406,1.623071312904358,423.1733093261719
1.5634645223617554,309.220458984375,1.546442985534668,314.3459167480469
1.3140157461166382,507.3622131347656,1.3710031509399414,517.1836547851562
1.6414172649383545,149.60629272460938,1.4159272909164429,186.0446319580078
1.501102328300476,237.66929626464844,1.6603080034255981,221.4564208984375
1.0333858728408813,28.519685745239258,0.9882222414016724,38.54835510253906
1.3919684886932373,358.7558898925781,0.7648324370384216,492.98272705078125
1.017795443534851,83.55905151367188,1.015578031539917,81.48845672607422
1.6102361679077148,562.4015502929688,1.3318809270858765,579.6364135742188
0.40976378321647644,67.0472412109375,0.34061533212661743,86.17573547363281
1.1113386154174805,188.13388061523438,1.2569782733917236,169.94906616210938
1.8752756118774414,221.15748596191406,1.6549943685531616,273.2204284667969
1.7661417722702026,595.4251708984375,1.8096953630447388,551.8193969726562
0.5188976526260376,188.13388061523438,0.5930237770080566,194.60409545898438
0.12913386523723602,534.8818969726562,0.377300888299942,537.4171142578125
1.4075590372085571,661.472412109375,1.4077728986740112,576.8857421875
0.6748031377792358,419.2992248535156,0.7626017332077026,382.00103759765625
0.7995275855064392,441.3149719238281,0.8840706944465637,408.570068359375
1.3607873916625977,694.4960327148438,1.4159067869186401,687.1066284179688
0.03559055179357529,94.56694030761719,0.09950046241283417,90.39156341552734
0.42535433173179626,463.33074951171875,0.880547821521759,320.97637939453125
0.26944881677627563,441.3149719238281,0.2986413538455963,589.1735229492188
1.9688189029693604,347.7480163574219,1.8837898969650269,360.32720947265625
1.5790550708770752,270.6929016113281,1.4912585020065308,178.22125244140625
0.3006299138069153,408.2913513183594,0.3935268223285675,447.4993896484375
0.09795275330543518,320.22833251953125,-0.07761086523532867,348.86663818359375
2.0,540.3858032226562,2.1413300037384033,458.4857177734375
0.9242519736289978,655.968505859375,0.9537897706031799,605.221923828125
1.0801575183868408,485.3464660644531,1.1371397972106934,473.8552551269531
1.3919684886932373,127.5905532836914,1.2995206117630005,170.0548858642578
1.017795443534851,144.10235595703125,0.928313136100769,181.5847625732422
0.26944881677627563,435.81103515625,0.31071460247039795,442.5072937011719
1.1892913579940796,606.4330444335938,1.3241418600082397,570.5247192382812
1.7193701267242432,303.7165222167969,1.2825672626495361,430.3035888671875
0.6280314922332764,402.78741455078125,0.7492803335189819,411.6986389160156
1.906456708908081,232.16537475585938,1.9934710264205933,215.4401092529297
0.3941732347011566,138.59841918945312,0.4729677438735962,95.01298522949219
0.09795275330543518,149.60629272460938,0.05147881433367729,155.4883270263672
1.3763779401779175,683.4881591796875,1.4218506813049316,669.8678588867188
1.6570079326629639,677.9842529296875,1.1740493774414062,629.7916870117188
1.0333858728408813,611.93701171875,0.79997318983078,663.878173828125
0.05118110775947571,50.53543472290039,-0.20764371752738953,134.5397186279297
0.40976378321647644,600.9291381835938,0.6630165576934814,577.1767578125
0.06677165627479553,45.031494140625,0.13390101492404938,38.779388427734375
1.594645619392395,622.9448852539062,1.33810293674469,629.890380859375
0.019999999552965164,375.26776123046875,0.173199862241745,383.35894775390625
0.9554330706596375,221.15748596191406,0.8859760761260986,220.3824920654297
0.12913386523723602,61.54330825805664,0.12412475049495697,67.2959976196289
0.42535433173179626,298.21258544921875,0.3467700481414795,329.6285705566406
1.6570079326629639,551.3936767578125,1.8534733057022095,448.83953857421875
1.4699212312698364,133.094482421875,1.2238593101501465,196.2874298095703
1.3140157461166382,270.6929016113281,1.1123970746994019,278.71075439453125
0.2538582682609558,28.519685745239258,0.29863986372947693,11.701772689819336
0.03559055179357529,34.02362060546875,0.11036375164985657,17.789169311523438
1.4543306827545166,479.842529296875,1.6373121738433838,380.8732604980469
1.3919684886932373,694.4960327148438,1.4815287590026855,576.4288940429688
0.019999999552965164,166.11810302734375,-0.015909995883703232,205.59751892089844
1.2204724550247192,628.4487915039062,0.9547038674354553,657.8845825195312
0.03559055179357529,182.62994384765625,0.14275386929512024,159.83909606933594
0.5500787496566772,89.06298828125,0.43758803606033325,110.26081848144531
0.7371653318405151,474.3385925292969,0.41917723417282104,566.3365478515625
0.5188976526260376,314.7243957519531,0.43297046422958374,399.23712158203125
1.4543306827545166,50.53543472290039,1.2280118465423584,73.0704345703125
0.06677165627479553,452.32281494140625,0.1802556812763214,432.55133056640625
0.7371653318405151,391.779541015625,0.8360596299171448,277.7496032714844
0.6903936862945557,529.3779296875,0.8908655643463135,520.7111206054688
1.4075590372085571,424.80316162109375,1.6456403732299805,382.1027526855469
1.6414172649383545,606.4330444335938,1.0948220491409302,706.5261840820312
1.1425197124481201,523.8740234375,1.182562232017517,479.14410400390625
1.7661417722702026,116.58268737792969,1.394369125366211,158.5287628173828
1.5790550708770752,672.4802856445312,1.8758076429367065,587.6290893554688
0.6124409437179565,496.3543395996094,0.8465058207511902,458.3297119140625
0.06677165627479553,479.842529296875,0.11865217983722687,501.1997985839844
0.3162204623222351,578.9133911132812,0.6470089554786682,519.5357055664062
0.03559055179357529,265.18896484375,-0.0008815508335828781,314.515869140625
1.2672441005706787,281.7007751464844,1.3985787630081177,339.73504638671875
0.03559055179357529,67.0472412109375,-0.05093980208039284,72.95909881591797
0.5968503952026367,573.409423828125,0.8400372862815857,569.4063110351562
0.113543301820755,441.3149719238281,0.16610944271087646,458.2479248046875
1.812913417816162,523.8740234375,1.5440542697906494,683.4356079101562
1.7817323207855225,644.9606323242188,1.6839264631271362,590.5194091796875
1.1113386154174805,435.81103515625,1.4275693893432617,403.48687744140625
1.4543306827545166,149.60629272460938,1.5154191255569458,74.52790832519531
0.6436220407485962,94.56694030761719,0.7088020443916321,88.59220123291016
0.3162204623222351,23.0157470703125,0.5236316323280334,0.43554872274398804
1.9532283544540405,617.44091796875,1.6951195001602173,541.6886596679688
0.26944881677627563,622.9448852539062,0.5202677845954895,514.8781127929688
1.6881890296936035,628.4487915039062,1.6991047859191895,750.5301513671875
0.9710236191749573,644.9606323242188,1.1470369100570679,520.6403198242188
1.1425197124481201,490.85040283203125,1.2616326808929443,536.86572265625
0.113543301820755,688.9921264648438,0.12312547862529755,635.71044921875
0.26944881677627563,683.4881591796875,0.06630171835422516,625.4459228515625
0.5500787496566772,694.4960327148438,0.7401914596557617,587.7969970703125
0.4565354287624359,600.9291381835938,0.834638237953186,525.6769409179688
1.8752756118774414,232.16537475585938,1.6631280183792114,174.28016662597656
0.7995275855064392,72.55117797851562,1.0507092475891113,58.846073150634766
1.3607873916625977,232.16537475585938,1.3779616355895996,345.6351318359375
1.1269291639328003,50.53543472290039,0.9686965346336365,70.25453186035156
1.594645619392395,166.11810302734375,1.6198303699493408,115.87757110595703
0.22267717123031616,402.78741455078125,0.2408563196659088,373.4476013183594
0.8774803280830383,298.21258544921875,0.8027532696723938,294.2976379394531
1.7037795782089233,105.5748062133789,1.387696623802185,115.15309143066406
1.812913417816162,122.08661651611328,1.5247000455856323,132.17959594726562
0.22267717123031616,545.8897705078125,-0.003645641729235649,592.4425048828125
0.4409448802471161,94.56694030761719,0.3311499059200287,101.87648010253906
1.3140157461166382,391.779541015625,0.8551516532897949,473.2374267578125
1.6570079326629639,34.02362060546875,1.5036474466323853,39.68328857421875
0.36299213767051697,111.07874298095703,0.3390395939350128,120.57717895507812
0.6436220407485962,336.7401428222656,0.729851245880127,332.3589782714844
1.4543306827545166,507.3622131347656,1.5744962692260742,452.85491943359375
1.1425197124481201,397.2834777832031,1.1715387105941772,426.9269714355469
1.7193701267242432,248.6771697998047,1.6562644243240356,414.30853271484375
0.019999999552965164,694.4960327148438,0.16689996421337128,508.0835876464844
1.6725984811782837,100.07086944580078,1.44321870803833,211.67808532714844
0.3785826861858368,56.039371490478516,0.2709156274795532,65.20471954345703
1.5790550708770752,364.2598876953125,1.141883134841919,434.54791259765625
0.16031496226787567,452.32281494140625,0.19801166653633118,506.8436584472656
1.0022047758102417,232.16537475585938,0.9319993853569031,306.9852294921875
1.0022047758102417,1.0,1.0197150707244873,-12.878984451293945
1.7037795782089233,226.66140747070312,2.051926374435425,139.62417602539062
0.7839370369911194,479.842529296875,0.7119051814079285,432.2010498046875
1.812913417816162,248.6771697998047,1.540876865386963,322.7550048828125
0.9398425221443176,127.5905532836914,0.8664706945419312,149.09701538085938
0.659212589263916,496.3543395996094,0.5191672444343567,455.3939514160156
1.7505512237548828,578.9133911132812,1.3196218013763428,608.3323974609375
1.9220472574234009,655.968505859375,1.6832513809204102,691.5957641601562
1.5322834253311157,182.62994384765625,1.4142265319824219,149.5908660888672
1.1425197124481201,309.220458984375,1.0262004137039185,384.1381530761719
0.9710236191749573,479.842529296875,1.0998324155807495,492.1109313964844
0.5656692981719971,270.6929016113281,0.8367542028427124,219.07717895507812
1.1892913579940796,336.7401428222656,1.581060767173767,313.7843933105469
1.812913417816162,386.2756042480469,1.789405107498169,475.1495361328125
1.017795443534851,595.4251708984375,1.4583096504211426,623.373046875
0.659212589263916,391.779541015625,0.627021312713623,417.4764709472656
0.9710236191749573,523.8740234375,1.056015968322754,508.19793701171875
1.9844094514846802,622.9448852539062,1.5566325187683105,625.6726684570312
1.6414172649383545,67.0472412109375,1.4294342994689941,117.00730895996094
0.6124409437179565,364.2598876953125,0.7018646001815796,353.4724426269531
2.0,606.4330444335938,1.624280571937561,604.1260986328125
0.113543301820755,369.7638244628906,-0.06741370260715485,386.3893127441406
0.40976378321647644,314.7243957519531,0.5846744775772095,279.7675476074219
1.0489764213562012,353.251953125,1.367384433746338,235.26145935058594
1.828503966331482,507.3622131347656,1.7644593715667725,560.0452880859375
1.9376378059387207,232.16537475585938,1.9371792078018188,224.90379333496094
1.6725984811782837,534.8818969726562,1.571556806564331,509.3617248535156
1.4387401342391968,435.81103515625,1.6631145477294922,464.7749328613281
1.4543306827545166,100.07086944580078,1.300673007965088,148.6168212890625
1.236063003540039,573.409423828125,0.7870953679084778,740.111328125
0.5033071041107178,496.3543395996094,0.8334164023399353,367.6011657714844
1.6570079326629639,474.3385925292969,1.5841008424758911,583.7809448242188
1.6258267164230347,204.6456756591797,1.4244062900543213,219.20529174804688
0.8930708765983582,254.1811065673828,1.0102899074554443,222.4589080810547
0.659212589263916,457.8267517089844,0.5028391480445862,561.4222412109375
0.05118110775947571,578.9133911132812,0.04201287403702736,554.2857055664062
0.238267719745636,501.8582763671875,0.4438309371471405,523.28271484375
0.36299213767051697,666.9763793945312,0.7164344787597656,530.7991333007812
1.7817323207855225,672.4802856445312,1.8990730047225952,660.6819458007812
1.3140157461166382,133.094482421875,1.2500827312469482,137.78182983398438
0.5344882011413574,248.6771697998047,0.29202738404273987,330.5473937988281
0.08236220479011536,83.55905151367188,0.011333166621625423,85.50406646728516
1.2204724550247192,364.2598876953125,1.1335699558258057,440.59619140625
1.4387401342391968,17.511810302734375,1.7537713050842285,9.304572105407715
0.6748031377792358,485.3464660644531,0.8212178349494934,497.2557678222656
0.40976378321647644,694.4960327148438,0.49705830216407776,714.108642578125
1.2672441005706787,177.1259765625,1.2834429740905762,179.91677856445312
2.0,441.3149719238281,1.5063637495040894,489.7924499511719
0.20708660781383514,39.527557373046875,0.12373869121074677,48.03865432739258
1.8752756118774414,672.4802856445312,1.886806607246399,606.2364501953125
0.7839370369911194,237.66929626464844,0.9922575950622559,191.9322052001953
1.8596850633621216,72.55117797851562,1.6178572177886963,96.16241455078125
0.5188976526260376,259.6850280761719,0.3695448637008667,279.815673828125
1.6414172649383545,12.00787353515625,1.6321932077407837,22.562789916992188
0.4409448802471161,226.66140747070312,0.5536063313484192,250.87295532226562
0.7839370369911194,512.8661499023438,0.9318087100982666,472.9690246582031
1.4543306827545166,512.8661499023438,1.6471983194351196,564.5695190429688
1.6881890296936035,6.503936767578125,1.6554933786392212,-2.804187774658203
0.06677165627479553,133.094482421875,0.0021088942885398865,157.70474243164062
1.6258267164230347,325.7322692871094,1.283584475517273,352.560302734375
1.3140157461166382,529.3779296875,1.4374891519546509,551.0501708984375
1.2204724550247192,424.80316162109375,1.2017070055007935,407.019775390625
1.9220472574234009,556.8976440429688,1.6365169286727905,541.4628295898438
1.6102361679077148,226.66140747070312,1.7761152982711792,237.2144775390625
0.05118110775947571,56.039371490478516,-0.004166873171925545,75.42264556884766
1.5478739738464355,243.17323303222656,1.5456575155258179,295.568115234375
1.6725984811782837,518.3700561523438,1.5057282447814941,490.58148193359375
1.4543306827545166,331.2362060546875,1.4510785341262817,422.7340087890625
0.6748031377792358,386.2756042480469,0.7564600110054016,478.39947509765625
0.7215747833251953,397.2834777832031,1.0115119218826294,355.34698486328125
0.9866141676902771,358.7558898925781,0.9098479151725769,390.7028503417969
0.815118134021759,479.842529296875,0.9364047646522522,508.6800842285156
1.7037795782089233,6.503936767578125,1.5310428142547607,77.6944808959961
1.6725984811782837,248.6771697998047,1.3499943017959595,300.9103088378906
1.3607873916625977,160.61416625976562,1.153742790222168,186.06895446777344
1.5634645223617554,485.3464660644531,1.2799296379089355,563.6049194335938
0.8930708765983582,435.81103515625,1.0403295755386353,476.24053955078125
0.5188976526260376,600.9291381835938,0.5719032287597656,524.661376953125
0.3941732347011566,391.779541015625,0.34779199957847595,376.4095458984375
0.4565354287624359,402.78741455078125,0.7972065210342407,375.99920654296875
0.09795275330543518,28.519685745239258,0.18150383234024048,54.31255340576172
0.7995275855064392,386.2756042480469,1.0765714645385742,292.0732116699219
1.3607873916625977,56.039371490478516,1.355241060256958,30.113088607788086
1.1113386154174805,474.3385925292969,1.2357676029205322,412.9837646484375
0.33181101083755493,89.06298828125,0.42300477623939514,80.45170593261719
0.7371653318405151,562.4015502929688,0.6214337944984436,611.9977416992188
1.3140157461166382,105.5748062133789,1.2204151153564453,122.99655151367188
0.8930708765983582,617.44091796875,1.1917911767959595,532.7880249023438
1.2828346490859985,457.8267517089844,1.580309510231018,425.4248046875
1.1113386154174805,160.61416625976562,1.0235674381256104,288.37353515625
1.2672441005706787,496.3543395996094,1.337638258934021,533.0552978515625
1.812913417816162,17.511810302734375,1.643125057220459,67.61299133300781
1.3451968431472778,94.56694030761719,1.6025152206420898,77.56392669677734
1.8440945148468018,111.07874298095703,1.7348254919052124,129.30946350097656
1.15811026096344,518.3700561523438,0.996972382068634,565.6580810546875
1.7037795782089233,457.8267517089844,1.6559146642684937,438.4976501464844
1.594645619392395,578.9133911132812,1.732101321220398,650.5054321289062
1.423149585723877,72.55117797851562,1.2668689489364624,107.52674865722656
1.0333858728408813,413.7952880859375,1.0424573421478271,467.2295837402344
0.28503936529159546,221.15748596191406,0.257706880569458,224.46751403808594
0.7839370369911194,353.251953125,0.7290349006652832,385.5754089355469
1.828503966331482,369.7638244628906,1.8610942363739014,414.92333984375
0.3785826861858368,342.24407958984375,0.4161128103733063,323.20904541015625
1.3607873916625977,177.1259765625,1.544234037399292,171.15089416503906
0.20708660781383514,226.66140747070312,0.3897400498390198,198.77867126464844
0.752755880355835,149.60629272460938,0.7106472849845886,189.76731872558594
1.1113386154174805,331.2362060546875,1.1584794521331787,403.6432189941406
0.3785826861858368,166.11810302734375,0.4507913887500763,192.21432495117188
1.2516535520553589,545.8897705078125,1.3228280544281006,431.2747802734375
0.908661425113678,573.409423828125,0.9642335176467896,655.345947265625
0.06677165627479553,248.6771697998047,0.06642257422208786,277.9330139160156
0.3162204623222351,573.409423828125,0.6194876432418823,514.8569946289062
0.05118110775947571,529.3779296875,0.4257828891277313,394.652099609375
1.2984251976013184,578.9133911132812,1.2809232473373413,680.4443969726562
0.4409448802471161,589.9212646484375,0.30803191661834717,618.5938720703125
0.8307086825370789,457.8267517089844,0.9575707316398621,388.6133117675781
1.7973228693008423,496.3543395996094,1.3597835302352905,647.4135131835938
1.5478739738464355,215.65354919433594,1.4178136587142944,235.21861267089844
0.6748031377792358,661.472412109375,0.8744568824768066,535.04296875
0.8618897795677185,567.905517578125,0.850088357925415,594.2167358398438
1.1892913579940796,661.472412109375,1.3099571466445923,559.2169799804688
1.3763779401779175,89.06298828125,1.1920078992843628,112.79457092285156
0.4565354287624359,369.7638244628906,0.2592233121395111,443.86944580078125
1.1113386154174805,177.1259765625,0.8816284537315369,204.28807067871094
0.908661425113678,144.10235595703125,0.8778718113899231,161.1075439453125
0.03559055179357529,479.842529296875,0.21669435501098633,520.9304809570312
1.906456708908081,683.4881591796875,1.6316804885864258,588.091552734375
0.1759055107831955,105.5748062133789,0.20388272404670715,67.56008911132812
0.113543301820755,655.968505859375,0.3233111798763275,541.8856811523438
0.3941732347011566,232.16537475585938,0.22509059309959412,306.6103820800781
0.9710236191749573,386.2756042480469,0.8149805665016174,503.99951171875
0.752755880355835,320.22833251953125,1.0377490520477295,243.5713348388672
0.3006299138069153,507.3622131347656,0.21076485514640808,508.29693603515625
0.815118134021759,468.8346862792969,0.7796143293380737,482.1155700683594
0.8774803280830383,534.8818969726562,0.9268553853034973,578.0684814453125
1.0333858728408813,72.55117797851562,0.8463638424873352,136.3379669189453
0.34740158915519714,430.3070983886719,0.07931345701217651,546.0350341796875
0.5500787496566772,100.07086944580078,0.3941144049167633,122.76192474365234
1.9376378059387207,221.15748596191406,1.7557075023651123,236.1486053466797
0.33181101083755493,644.9606323242188,0.507806122303009,508.110107421875
1.2672441005706787,446.8188781738281,1.2617580890655518,452.6465148925781
1.6881890296936035,28.519685745239258,1.865601658821106,0.3188462257385254
0.03559055179357529,298.21258544921875,0.02514401450753212,348.5445861816406
0.7059842348098755,320.22833251953125,0.7732647061347961,403.5260009765625
1.017795443534851,606.4330444335938,1.3283984661102295,502.5020751953125
0.47212597727775574,501.8582763671875,0.7679980993270874,343.7655029296875
0.16031496226787567,94.56694030761719,0.2563450038433075,88.5678939819336
1.0489764213562012,56.039371490478516,1.2873584032058716,33.84684753417969
0.7059842348098755,677.9842529296875,0.461428701877594,773.8823852539062
0.48771652579307556,452.32281494140625,0.941443920135498,308.8108215332031
1.0022047758102417,490.85040283203125,0.8937509655952454,515.2542724609375
1.1892913579940796,122.08661651611328,1.352673053741455,86.40794372558594
0.9866141676902771,644.9606323242188,1.2614372968673706,614.607177734375
0.12913386523723602,496.3543395996094,0.012461436912417412,599.1013793945312
1.8908661603927612,606.4330444335938,1.703212857246399,693.4684448242188
1.7973228693008423,595.4251708984375,1.6169934272766113,486.99798583984375
1.3919684886932373,529.3779296875,1.8494954109191895,407.0326232910156
1.7661417722702026,39.527557373046875,1.7852275371551514,33.148582458496094
0.6124409437179565,303.7165222167969,0.5249521136283875,330.7198181152344
1.3451968431472778,23.0157470703125,1.4799765348434448,-7.097945213317871
1.4855117797851562,369.7638244628906,1.8354101181030273,404.52874755859375
0.9554330706596375,369.7638244628906,0.9933478236198425,329.2915344238281
0.8930708765983582,28.519685745239258,1.0042632818222046,51.35554122924805
1.6725984811782837,452.32281494140625,1.679105281829834,467.78570556640625
1.5634645223617554,419.2992248535156,1.562765121459961,498.86053466796875
1.1892913579940796,171.62203979492188,1.2320067882537842,157.54884338378906
0.908661425113678,182.62994384765625,0.7298369407653809,199.302978515625
1.3919684886932373,628.4487915039062,1.4487481117248535,665.4556274414062
1.594645619392395,441.3149719238281,1.544611930847168,491.0306396484375
0.752755880355835,1.0,0.5821517109870911,58.15375900268555
0.16031496226787567,413.7952880859375,0.21092966198921204,444.36981201171875
1.7973228693008423,402.78741455078125,1.8403747081756592,396.3144836425781
1.9688189029693604,133.094482421875,1.6171224117279053,144.25848388671875
1.9688189029693604,122.08661651611328,1.8058829307556152,152.083251953125
0.19149605929851532,611.93701171875,0.09182876348495483,612.9000244140625
1.3140157461166382,292.7086486816406,0.9656452536582947,357.9109191894531
0.5968503952026367,127.5905532836914,0.7324521541595459,137.225830078125
0.05118110775947571,12.00787353515625,0.15328983962535858,40.504844665527344
1.3140157461166382,694.4960327148438,1.2513388395309448,782.1422119140625
1.0957480669021606,12.00787353515625,0.9739251732826233,40.02735900878906
0.9242519736289978,144.10235595703125,0.947782576084137,146.51754760742188
0.238267719745636,105.5748062133789,0.09931032359600067,110.85464477539062
1.501102328300476,452.32281494140625,1.5485814809799194,371.063720703125
1.8596850633621216,391.779541015625,1.7778629064559937,408.05450439453125
0.08236220479011536,501.8582763671875,0.16712252795696259,586.9829711914062
1.828503966331482,540.3858032226562,1.3820282220840454,543.621826171875
0.8774803280830383,430.3070983886719,0.911808967590332,424.2998046875
0.8462992310523987,83.55905151367188,0.822077751159668,98.88636016845703
1.1737008094787598,193.63780212402344,1.3988254070281982,121.01710510253906
0.5033071041107178,688.9921264648438,0.7926297783851624,586.4415893554688
1.6570079326629639,545.8897705078125,1.4505970478057861,578.537353515625
0.6280314922332764,292.7086486816406,0.7723972797393799,233.5669708251953
1.5790550708770752,430.3070983886719,1.4569203853607178,526.4465942382812
0.659212589263916,628.4487915039062,0.6206322312355042,505.10986328125
0.8774803280830383,325.7322692871094,1.0875957012176514,255.25050354003906
0.26944881677627563,144.10235595703125,0.3185165226459503,164.72813415527344
1.6414172649383545,672.4802856445312,1.7521873712539673,628.1194458007812
0.28503936529159546,391.779541015625,0.2053430676460266,565.7581176757812
0.34740158915519714,479.842529296875,0.04230985790491104,564.5404663085938
0.8307086825370789,402.78741455078125,0.82402104139328,392.39862060546875
0.1759055107831955,512.8661499023438,0.4903193712234497,372.33892822265625
1.516692876815796,325.7322692871094,1.6976255178451538,350.1162109375
1.812913417816162,28.519685745239258,1.4766954183578491,125.7265396118164
0.908661425113678,210.1496124267578,0.5676700472831726,219.50148010253906
0.7059842348098755,578.9133911132812,0.6171415448188782,667.4833374023438
0.7059842348098755,611.93701171875,0.9427778720855713,497.5715026855469
1.4075590372085571,507.3622131347656,1.3457238674163818,531.4965209960938
1.4075590372085571,452.32281494140625,1.380566120147705,412.3090515136719
0.659212589263916,221.15748596191406,0.7172214388847351,206.20848083496094
1.4387401342391968,133.094482421875,1.0657914876937866,280.61663818359375
1.2516535520553589,314.7243957519531,1.0745357275009155,412.3328857421875
0.22267717123031616,232.16537475585938,0.24068781733512878,227.91842651367188
0.7995275855064392,523.8740234375,1.0530731678009033,511.4427490234375
1.9532283544540405,457.8267517089844,1.715937852859497,475.0269470214844
1.329606294631958,287.2047119140625,1.3128139972686768,394.237548828125
1.812913417816162,457.8267517089844,1.1976653337478638,524.6941528320312
1.1892913579940796,237.66929626464844,1.355560302734375,250.4951934814453
1.3607873916625977,287.2047119140625,1.3190594911575317,292.92822265625
0.7215747833251953,578.9133911132812,0.6378058195114136,522.3207397460938
1.4543306827545166,655.968505859375,1.407025694847107,616.81298828125
0.3785826861858368,237.66929626464844,0.21915939450263977,313.2886047363281
1.7661417722702026,138.59841918945312,1.2472107410430908,271.199462890625
1.1113386154174805,155.1102294921875,1.2707422971725464,135.84481811523438
1.9844094514846802,61.54330825805664,1.6128709316253662,121.68707275390625
1.236063003540039,457.8267517089844,1.4118785858154297,433.19488525390625
1.0489764213562012,677.9842529296875,1.1423704624176025,590.613037109375
0.752755880355835,72.55117797851562,0.743898868560791,84.2944107055664
1.15811026096344,6.503936767578125,1.2174582481384277,23.337417602539062
0.28503936529159546,1.0,0.15469181537628174,-17.813499450683594
0.20708660781383514,474.3385925292969,0.07761657238006592,538.7828979492188
0.33181101083755493,1.0,0.29501450061798096,23.359546661376953
0.1759055107831955,166.11810302734375,0.11114048957824707,170.08734130859375
0.7995275855064392,100.07086944580078,0.8376057147979736,50.67930603027344
0.8618897795677185,160.61416625976562,0.9513465762138367,187.95298767089844
0.6280314922332764,386.2756042480469,0.5271744728088379,371.2264709472656
1.906456708908081,111.07874298095703,1.8223282098770142,163.9520263671875
0.3162204623222351,34.02362060546875,0.2542705237865448,61.16050720214844
0.3785826861858368,677.9842529296875,0.22694219648838043,683.8508911132812
0.6436220407485962,688.9921264648438,0.8975382447242737,591.9700317382812
1.4699212312698364,545.8897705078125,1.3577065467834473,546.4147338867188
0.7215747833251953,688.9921264648438,0.9334507584571838,616.8427124023438
1.329606294631958,457.8267517089844,1.1805156469345093,511.5463562011719
1.1892913579940796,567.905517578125,1.399638295173645,436.8020324707031
0.8930708765983582,633.9527587890625,0.996321976184845,508.4769287109375
0.8307086825370789,56.039371490478516,0.872624397277832,34.66216278076172
0.48771652579307556,468.8346862792969,-0.20076963305473328,623.7103881835938
1.3919684886932373,512.8661499023438,1.4644213914871216,506.9394226074219
1.9376378059387207,633.9527587890625,1.5770785808563232,582.37890625
0.9554330706596375,562.4015502929688,1.2448549270629883,478.9256896972656
0.6124409437179565,523.8740234375,0.5870118141174316,543.617431640625
0.6748031377792358,441.3149719238281,1.0311791896820068,324.3793640136719
0.113543301820755,248.6771697998047,-0.15194793045520782,350.6878967285156
1.9844094514846802,661.472412109375,1.6991868019104004,596.477783203125
0.2538582682609558,265.18896484375,0.2618657648563385,265.7113952636719
0.8930708765983582,116.58268737792969,0.8961089849472046,138.51104736328125
0.5033071041107178,325.7322692871094,0.3451780080795288,397.9777526855469
0.7371653318405151,292.7086486816406,1.1213971376419067,276.9740905761719
0.5656692981719971,540.3858032226562,0.47197088599205017,578.947021484375
0.9710236191749573,606.4330444335938,0.9580230116844177,652.2420654296875
1.2048819065093994,573.409423828125,1.4455336332321167,620.3268432617188
1.594645619392395,94.56694030761719,1.3399759531021118,165.2355194091797
0.20708660781383514,584.4172973632812,-0.03299732506275177,579.3902587890625
0.7839370369911194,358.7558898925781,0.9578916430473328,342.929931640625
0.7059842348098755,111.07874298095703,0.8541966080665588,56.980751037597656
1.3140157461166382,441.3149719238281,1.0764257907867432,578.990966796875
0.7371653318405151,578.9133911132812,0.3646429479122162,697.1292724609375
1.6570079326629639,78.05511474609375,1.4649384021759033,101.6261215209961
1.6570079326629639,243.17323303222656,1.7878541946411133,264.9353332519531
1.9844094514846802,28.519685745239258,1.9664790630340576,-36.901954650878906
1.1892913579940796,199.14173889160156,1.0957551002502441,264.22021484375
0.9242519736289978,551.3936767578125,0.7310212850570679,555.86328125
1.0333858728408813,309.220458984375,0.9685763120651245,253.27084350585938
1.1892913579940796,160.61416625976562,1.2014721632003784,161.9879913330078
1.0022047758102417,303.7165222167969,0.9797197580337524,359.3865661621094
1.0333858728408813,650.4645385742188,1.0496495962142944,582.2391967773438
1.5322834253311157,166.11810302734375,1.2423914670944214,298.84375
1.9376378059387207,144.10235595703125,1.6730293035507202,204.09628295898438
0.5500787496566772,584.4172973632812,0.4661891758441925,647.1880493164062
0.9866141676902771,441.3149719238281,1.1734097003936768,444.9918518066406
1.7973228693008423,89.06298828125,1.742474913597107,71.41910552978516
0.3941732347011566,287.2047119140625,0.5543364882469177,289.83905029296875
0.113543301820755,281.7007751464844,0.15537802875041962,286.1080322265625
1.3763779401779175,309.220458984375,1.707331657409668,293.73681640625
1.6258267164230347,50.53543472290039,0.8940402865409851,174.1720428466797
0.42535433173179626,413.7952880859375,0.32942572236061096,443.63336181640625
0.9398425221443176,666.9763793945312,1.1352026462554932,475.93829345703125
1.9844094514846802,578.9133911132812,1.601811170578003,517.7052001953125
0.3006299138069153,34.02362060546875,0.19689111411571503,78.2439193725586
1.4855117797851562,688.9921264648438,1.7491227388381958,640.524169921875
1.6258267164230347,56.039371490478516,1.3049676418304443,126.9952621459961
1.2672441005706787,138.59841918945312,1.140661358833313,147.19296264648438
1.15811026096344,138.59841918945312,1.0990217924118042,129.84971618652344
0.7683464288711548,391.779541015625,1.1392656564712524,328.7035827636719
1.0957480669021606,452.32281494140625,1.4550877809524536,437.94403076171875
1.6414172649383545,578.9133911132812,1.6600781679153442,649.6111450195312
0.8930708765983582,446.8188781738281,1.0490745306015015,443.9037170410156
1.3919684886932373,342.24407958984375,1.3885000944137573,420.1570739746094
0.7683464288711548,474.3385925292969,0.446434885263443,544.8561401367188
0.113543301820755,402.78741455078125,0.3967704772949219,335.90167236328125
1.15811026096344,254.1811065673828,1.4749014377593994,218.6258544921875
1.2984251976013184,23.0157470703125,1.553734302520752,-34.63304901123047
0.9398425221443176,518.3700561523438,0.7340289950370789,526.88232421875
1.7037795782089233,331.2362060546875,1.4973070621490479,471.5240478515625
0.16031496226787567,700.0,0.4596315622329712,544.0785522460938
0.28503936529159546,397.2834777832031,0.3011528551578522,348.6775817871094
1.1425197124481201,589.9212646484375,1.194974422454834,526.816650390625
1.1425197124481201,666.9763793945312,1.1313772201538086,616.8900146484375
1.6414172649383545,688.9921264648438,1.5119895935058594,619.4234008789062
0.9398425221443176,617.44091796875,1.0925190448760986,596.34423828125
0.33181101083755493,155.1102294921875,0.3934691548347473,178.7294921875
1.4387401342391968,677.9842529296875,1.659348964691162,562.3211669921875
0.4409448802471161,573.409423828125,0.41395312547683716,553.6587524414062
0.3162204623222351,193.63780212402344,0.1925266832113266,251.16165161132812
1.4855117797851562,397.2834777832031,1.4355955123901367,416.23828125
1.7973228693008423,556.8976440429688,1.6339623928070068,503.2705993652344
0.2538582682609558,50.53543472290039,0.21261967718601227,72.41722869873047
0.752755880355835,28.519685745239258,0.7724308371543884,43.703460693359375
0.6748031377792358,694.4960327148438,0.6827977299690247,688.8650512695312
1.1269291639328003,485.3464660644531,1.2414429187774658,480.024658203125
1.1892913579940796,677.9842529296875,1.3759742975234985,665.0961303710938
0.7839370369911194,265.18896484375,0.7852383255958557,292.8753967285156
1.828503966331482,380.77166748046875,1.3600037097930908,487.2911682128906
1.15811026096344,551.3936767578125,1.467645287513733,568.4202270507812
0.4565354287624359,435.81103515625,0.5942615866661072,411.73980712890625
1.9532283544540405,166.11810302734375,1.5515905618667603,303.97479248046875
1.236063003540039,287.2047119140625,1.1031129360198975,308.1761169433594
1.3763779401779175,452.32281494140625,1.3285698890686035,389.51751708984375
0.7995275855064392,12.00787353515625,0.7212293148040771,57.9471549987793
1.8596850633621216,342.24407958984375,1.734857201576233,455.65301513671875
0.5812598466873169,441.3149719238281,0.43643149733543396,482.76019287109375
0.12913386523723602,683.4881591796875,0.14292626082897186,555.6001586914062
0.6280314922332764,188.13388061523438,0.5031726956367493,276.1713562011719
0.752755880355835,600.9291381835938,0.9605017900466919,480.690185546875
0.659212589263916,468.8346862792969,0.6539938449859619,488.91845703125
1.017795443534851,512.8661499023438,1.2081694602966309,432.31048583984375
0.8618897795677185,688.9921264648438,1.0556060075759888,629.5816650390625
1.2048819065093994,6.503936767578125,1.3432046175003052,-27.13127899169922
0.26944881677627563,127.5905532836914,0.10079899430274963,142.7276611328125
1.6414172649383545,501.8582763671875,1.5059704780578613,536.9002075195312
0.815118134021759,562.4015502929688,0.9850795865058899,559.0303344726562
1.4855117797851562,534.8818969726562,1.4198009967803955,541.6799926757812
0.8462992310523987,61.54330825805664,0.8752870559692383,109.37220764160156
0.9242519736289978,672.4802856445312,1.1987704038619995,557.9025268554688
0.7059842348098755,501.8582763671875,0.8352276086807251,574.430419921875
0.7839370369911194,83.55905151367188,0.8394483923912048,69.44586944580078
1.9532283544540405,501.8582763671875,2.041063070297241,438.6613464355469
0.6436220407485962,111.07874298095703,0.6022258400917053,98.64608001708984
1.3607873916625977,578.9133911132812,1.3094650506973267,516.5516967773438
1.5634645223617554,45.031494140625,1.5450652837753296,54.253910064697266
1.5634645223617554,23.0157470703125,1.5239728689193726,20.135265350341797
0.4565354287624359,694.4960327148438,0.766589343547821,601.994873046875
0.20708660781383514,232.16537475585938,0.1437297761440277,265.5632629394531
0.48771652579307556,551.3936767578125,0.5304573178291321,572.609375
1.2672441005706787,144.10235595703125,1.216251254081726,177.9110565185547
1.1113386154174805,402.78741455078125,1.3047492504119873,401.4283142089844
0.5812598466873169,606.4330444335938,0.6386892795562744,564.3178100585938
1.8908661603927612,78.05511474609375,1.7310394048690796,103.56879425048828
0.8930708765983582,325.7322692871094,0.7544945478439331,326.20111083984375
1.2672441005706787,435.81103515625,1.0771733522415161,693.2937622070312
0.08236220479011536,67.0472412109375,0.043580345809459686,102.74021911621094
0.8930708765983582,138.59841918945312,0.7696263194084167,184.255859375
1.0801575183868408,45.031494140625,1.0738203525543213,60.77647018432617
1.1737008094787598,507.3622131347656,1.562149167060852,537.131591796875
1.7037795782089233,468.8346862792969,1.3552442789077759,578.8441772460938
0.9242519736289978,666.9763793945312,1.2787917852401733,611.6859130859375
1.594645619392395,281.7007751464844,1.4488636255264282,337.2059326171875
0.19149605929851532,523.8740234375,0.22941642999649048,520.5858154296875
1.1269291639328003,171.62203979492188,0.7831853628158569,289.9423828125
1.6414172649383545,441.3149719238281,1.6825462579727173,469.0731201171875
1.7037795782089233,683.4881591796875,1.849007487297058,519.5638427734375
1.2204724550247192,584.4172973632812,1.346166968345642,632.7454833984375
0.47212597727775574,441.3149719238281,0.39477425813674927,512.5859985351562
1.5322834253311157,353.251953125,1.5160218477249146,398.3574523925781
0.03559055179357529,215.65354919433594,0.044324830174446106,236.75173950195312
1.6258267164230347,578.9133911132812,1.6132440567016602,532.7315673828125
1.7505512237548828,353.251953125,1.5343221426010132,473.4248352050781
1.064566969871521,12.00787353515625,1.0446637868881226,14.888323783874512
1.7193701267242432,39.527557373046875,1.6737396717071533,25.97846031188965
1.1425197124481201,595.4251708984375,1.0399285554885864,582.2839965820312
0.8462992310523987,270.6929016113281,1.0358695983886719,222.093017578125
1.828503966331482,391.779541015625,1.7925748825073242,479.1728820800781
0.7059842348098755,606.4330444335938,0.456672340631485,733.01953125
0.7683464288711548,677.9842529296875,1.4007285833358765,571.6211547851562
1.1425197124481201,160.61416625976562,1.1023712158203125,170.17466735839844
0.03559055179357529,474.3385925292969,0.0013414062559604645,572.025634765625
1.5790550708770752,237.66929626464844,1.2738295793533325,408.78106689453125
1.2672441005706787,391.779541015625,1.2983464002609253,455.9463195800781
1.9532283544540405,287.2047119140625,1.6872410774230957,306.2240295410156
0.3006299138069153,700.0,0.5409737229347229,485.3433837890625
1.2516535520553589,688.9921264648438,1.617884635925293,466.1481628417969
1.1113386154174805,17.511810302734375,1.2908648252487183,-12.176756858825684
1.8908661603927612,248.6771697998047,1.8715925216674805,376.5458068847656
1.6725984811782837,166.11810302734375,1.8145368099212646,128.63426208496094
1.8752756118774414,567.905517578125,1.7767236232757568,625.5693359375
0.16031496226787567,342.24407958984375,0.07365305721759796,357.4430236816406
0.5656692981719971,23.0157470703125,0.4273891746997833,17.2034854888916
0.113543301820755,56.039371490478516,0.0854485034942627,42.65000534057617
1.4387401342391968,171.62203979492188,1.2406896352767944,232.90582275390625
0.7995275855064392,507.3622131347656,0.8565257787704468,523.1544799804688
1.9688189029693604,298.21258544921875,1.666098713874817,340.5057067871094
0.48771652579307556,518.3700561523438,0.42297112941741943,504.5653381347656
1.812913417816162,23.0157470703125,1.7458299398422241,-21.051969528198242
1.516692876815796,606.4330444335938,1.752060890197754,455.8945617675781
1.017795443534851,672.4802856445312,1.3641923666000366,539.2572021484375
0.5033071041107178,369.7638244628906,0.40823590755462646,439.8048095703125
1.5790550708770752,501.8582763671875,1.3648524284362793,581.4107666015625
0.8618897795677185,518.3700561523438,1.1346474885940552,469.7137756347656
1.516692876815796,556.8976440429688,1.2047581672668457,513.7681884765625
0.19149605929851532,485.3464660644531,0.4887824058532715,399.7893981933594
1.7193701267242432,105.5748062133789,1.2830913066864014,173.42967224121094
0.8462992310523987,617.44091796875,0.7994818091392517,550.3466186523438
1.812913417816162,650.4645385742188,1.4602391719818115,677.4664916992188
1.1737008094787598,584.4172973632812,1.115947961807251,522.7991943359375
0.659212589263916,320.22833251953125,0.9346331357955933,310.65118408203125
0.5812598466873169,116.58268737792969,0.5650590658187866,142.4466094970703
1.3763779401779175,199.14173889160156,1.680575966835022,167.62216186523438
1.9376378059387207,573.409423828125,1.5010451078414917,546.0123901367188
0.14472442865371704,309.220458984375,-0.06789769232273102,400.4502868652344
0.6124409437179565,529.3779296875,0.6807892322540283,466.19342041015625
1.594645619392395,56.039371490478516,1.3883992433547974,120.73371887207031
1.1425197124481201,215.65354919433594,1.3374511003494263,149.69671630859375
0.6280314922332764,270.6929016113281,0.5618075132369995,255.1976318359375
0.28503936529159546,606.4330444335938,0.2743150293827057,629.5794677734375
1.4387401342391968,111.07874298095703,1.209407925605774,126.84732818603516
0.6748031377792358,177.1259765625,0.9245424866676331,140.69558715820312
1.906456708908081,468.8346862792969,1.8454760313034058,510.98828125
0.5968503952026367,67.0472412109375,0.4363710582256317,75.08323669433594
1.6725984811782837,468.8346862792969,1.420634388923645,565.5106811523438
1.6725984811782837,342.24407958984375,1.7087604999542236,420.38616943359375
1.4075590372085571,72.55117797851562,0.9861181974411011,211.3959197998047
1.2516535520553589,254.1811065673828,1.161096453666687,297.2789611816406
0.9398425221443176,94.56694030761719,0.8194540739059448,138.4937744140625
1.6725984811782837,265.18896484375,1.567939043045044,257.0323486328125
1.7817323207855225,551.3936767578125,1.7086572647094727,544.9970703125
1.2984251976013184,700.0,1.4838429689407349,668.7767944335938
1.1269291639328003,237.66929626464844,1.359542727470398,165.75546264648438
0.19149605929851532,221.15748596191406,0.2658412456512451,238.24472045898438
1.0957480669021606,303.7165222167969,0.9037780165672302,458.962890625
0.9554330706596375,105.5748062133789,1.0262340307235718,141.8406524658203
0.05118110775947571,474.3385925292969,0.03433927893638611,522.2378540039062
0.12913386523723602,160.61416625976562,0.029386943206191063,163.64039611816406
1.0333858728408813,331.2362060546875,1.1273711919784546,327.79052734375
1.4075590372085571,160.61416625976562,1.6219745874404907,145.9529266357422
1.6881890296936035,248.6771697998047,1.5041054487228394,388.03839111328125
0.1759055107831955,287.2047119140625,0.163138285279274,312.4381103515625
0.908661425113678,512.8661499023438,1.132616639137268,428.68896484375
1.7817323207855225,633.9527587890625,1.8000565767288208,525.710205078125
1.1269291639328003,133.094482421875,1.0767474174499512,137.90133666992188
0.06677165627479553,490.85040283203125,-0.021560218185186386,540.188720703125
1.1113386154174805,413.7952880859375,1.5229556560516357,342.0863037109375
1.6414172649383545,122.08661651611328,1.4921088218688965,98.10555267333984
1.7505512237548828,83.55905151367188,1.6272640228271484,130.22494506835938
0.7683464288711548,584.4172973632812,0.5959399342536926,587.6416625976562
1.4543306827545166,650.4645385742188,1.5516191720962524,580.8685913085938
1.5790550708770752,424.80316162109375,1.6848196983337402,465.4932861328125
0.815118134021759,402.78741455078125,0.8926303386688232,395.6331787109375
1.1737008094787598,188.13388061523438,1.3403323888778687,195.2359619140625
0.03559055179357529,292.7086486816406,0.05985566973686218,278.92657470703125
0.7839370369911194,23.0157470703125,0.8818889260292053,60.82826232910156
1.7193701267242432,424.80316162109375,1.8787237405776978,433.9330749511719
0.05118110775947571,1.0,0.02848583087325096,22.633350372314453
0.113543301820755,100.07086944580078,0.10564614832401276,98.00955200195312
1.1269291639328003,468.8346862792969,1.2372112274169922,403.32586669921875
1.6570079326629639,83.55905151367188,1.272699236869812,211.7167510986328
0.12913386523723602,661.472412109375,0.4340933859348297,463.6392517089844
1.1737008094787598,523.8740234375,1.3665621280670166,461.2328186035156
0.12913386523723602,595.4251708984375,0.06725233048200607,602.30859375
1.3607873916625977,182.62994384765625,1.5949864387512207,127.57429504394531
0.3162204623222351,694.4960327148438,0.5701794028282166,575.3833618164062
1.1892913579940796,215.65354919433594,1.222524642944336,187.6867218017578
0.3162204623222351,457.8267517089844,0.25408121943473816,524.1470947265625
1.1737008094787598,347.7480163574219,1.2735437154769897,334.3357238769531
1.5322834253311157,303.7165222167969,1.6868987083435059,256.90576171875
0.6436220407485962,622.9448852539062,0.6829900741577148,600.6088256835938
0.19149605929851532,193.63780212402344,0.2688780128955841,155.57391357421875
1.4855117797851562,232.16537475585938,1.631728172302246,218.65821838378906
1.3140157461166382,512.8661499023438,1.2015149593353271,586.6780395507812
0.908661425113678,226.66140747070312,0.672700047492981,304.7481384277344
1.734960675239563,100.07086944580078,1.719058871269226,99.27474212646484
0.33181101083755493,94.56694030761719,0.2496035248041153,86.49996185302734
1.812913417816162,78.05511474609375,1.9047850370407104,86.58760833740234
0.34740158915519714,259.6850280761719,0.013594541698694229,316.2787170410156
1.8752756118774414,633.9527587890625,1.7268939018249512,632.8368530273438
1.236063003540039,661.472412109375,1.3225481510162354,528.3737182617188
0.8307086825370789,490.85040283203125,0.7644563317298889,542.7517700195312
0.5656692981719971,171.62203979492188,0.7188930511474609,96.18730163574219
0.08236220479011536,144.10235595703125,0.18923614919185638,145.2794952392578
0.8774803280830383,677.9842529296875,1.1648558378219604,557.3578491210938
1.6258267164230347,160.61416625976562,1.479457974433899,142.7984161376953
0.05118110775947571,655.968505859375,0.3420535922050476,595.159912109375
0.3941732347011566,149.60629272460938,0.3156547546386719,141.02505493164062
0.7683464288711548,567.905517578125,0.5156647562980652,589.3961181640625
1.9220472574234009,424.80316162109375,1.7333252429962158,486.39605712890625
0.7059842348098755,34.02362060546875,0.7495366930961609,4.458927631378174
1.0333858728408813,397.2834777832031,1.2007246017456055,384.12530517578125
1.9376378059387207,6.503936767578125,1.931125521659851,36.45295715332031
0.752755880355835,441.3149719238281,1.1523939371109009,433.2638244628906
1.0801575183868408,215.65354919433594,1.0868995189666748,292.3663330078125
0.8462992310523987,149.60629272460938,0.9164458513259888,186.37277221679688
0.2538582682609558,226.66140747070312,0.2461838573217392,219.15049743652344
0.09795275330543518,380.77166748046875,0.21282875537872314,372.70648193359375
0.9710236191749573,446.8188781738281,1.1120399236679077,531.1755981445312
1.9220472574234009,237.66929626464844,1.844289779663086,226.94190979003906
1.0022047758102417,34.02362060546875,1.0851303339004517,12.33226490020752
0.42535433173179626,303.7165222167969,0.4528387486934662,327.1409912109375
1.594645619392395,45.031494140625,1.6607706546783447,-11.359222412109375
1.017795443534851,573.409423828125,1.2318153381347656,543.3486938476562
1.5790550708770752,650.4645385742188,1.7045050859451294,594.9083251953125
0.4565354287624359,72.55117797851562,0.49747270345687866,72.69744110107422
0.47212597727775574,270.6929016113281,0.41183409094810486,261.23785400390625
1.1269291639328003,100.07086944580078,1.2892096042633057,95.73367309570312
1.0801575183868408,402.78741455078125,0.9675023555755615,526.3629150390625
0.6124409437179565,386.2756042480469,0.609764575958252,478.28485107421875
1.6102361679077148,221.15748596191406,1.9739656448364258,111.92967987060547
1.516692876815796,666.9763793945312,1.3507870435714722,486.345703125
1.0489764213562012,397.2834777832031,1.2897711992263794,341.952392578125
1.5322834253311157,78.05511474609375,1.4618299007415771,90.06786346435547
1.812913417816162,61.54330825805664,1.7711423635482788,47.67231369018555
1.734960675239563,56.039371490478516,1.631872296333313,54.2955207824707
0.5188976526260376,523.8740234375,0.8227698802947998,476.6070251464844
1.017795443534851,644.9606323242188,0.8129447102546692,662.2969970703125
0.3162204623222351,496.3543395996094,0.1904522031545639,533.2210693359375
0.33181101083755493,83.55905151367188,0.49893251061439514,87.91213989257812
1.4543306827545166,34.02362060546875,1.3209162950515747,36.996665954589844
0.16031496226787567,501.8582763671875,0.42143282294273376,399.15692138671875
0.908661425113678,204.6456756591797,0.7616284489631653,246.8252716064453
1.6414172649383545,545.8897705078125,1.7882267236709595,640.7692260742188
1.2048819065093994,193.63780212402344,1.3138281106948853,164.29530334472656
1.017795443534851,1.0,1.1307965517044067,28.06123161315918
1.2204724550247192,67.0472412109375,1.3363265991210938,61.998741149902344
0.6124409437179565,700.0,0.8840493559837341,582.1656494140625
1.4543306827545166,578.9133911132812,1.3391907215118408,491.4747314453125
1.236063003540039,199.14173889160156,0.768926739692688,380.5658264160156
0.659212589263916,105.5748062133789,0.6641292572021484,106.73052215576172
1.3451968431472778,12.00787353515625,1.2234829664230347,39.31687545776367
0.8307086825370789,617.44091796875,1.0978021621704102,602.7855834960938
1.0957480669021606,193.63780212402344,0.9750838279724121,216.1740264892578
1.1737008094787598,232.16537475585938,0.9006068110466003,307.1578674316406
0.3941732347011566,364.2598876953125,0.3178901970386505,424.2347412109375
0.42535433173179626,518.3700561523438,0.6113433241844177,389.7660827636719
1.5478739738464355,402.78741455078125,1.504989743232727,388.6322021484375
0.113543301820755,633.9527587890625,-0.08098165690898895,652.8966674804688
0.5344882011413574,111.07874298095703,0.5040143132209778,119.35626220703125
1.5790550708770752,578.9133911132812,1.7101718187332153,603.90185546875
0.113543301820755,270.6929016113281,0.07986132800579071,301.8036193847656
1.7973228693008423,617.44091796875,1.7022578716278076,624.7333374023438
0.14472442865371704,94.56694030761719,0.09606052935123444,101.99346923828125
0.5812598466873169,617.44091796875,0.708466112613678,522.4854736328125
0.6903936862945557,254.1811065673828,0.8250954151153564,285.0281066894531
1.4387401342391968,485.3464660644531,1.3009898662567139,481.4059753417969
1.0801575183868408,556.8976440429688,1.2725039720535278,561.4207763671875
1.3763779401779175,39.527557373046875,1.3011482954025269,69.37220001220703
0.7215747833251953,39.527557373046875,0.7458228468894958,52.804630279541016
1.8440945148468018,655.968505859375,1.3071949481964111,574.5767211914062
1.329606294631958,17.511810302734375,1.2065175771713257,10.522256851196289
1.3451968431472778,628.4487915039062,1.1792980432510376,480.7078552246094
0.8774803280830383,67.0472412109375,0.764938473701477,115.03697204589844
1.3607873916625977,303.7165222167969,1.3063048124313354,331.6310119628906
0.40976378321647644,353.251953125,0.12499845027923584,465.1068115234375
1.812913417816162,342.24407958984375,1.985758662223816,248.85678100585938
1.3140157461166382,578.9133911132812,1.161044955253601,541.8707275390625
0.5344882011413574,512.8661499023438,0.4248988628387451,568.6968383789062
0.9866141676902771,160.61416625976562,1.115208387374878,171.5364990234375
0.5188976526260376,496.3543395996094,0.3728727400302887,539.4966430664062
1.4699212312698364,160.61416625976562,1.6872773170471191,156.81015014648438
0.08236220479011536,611.93701171875,0.05884876847267151,609.6983642578125
1.236063003540039,683.4881591796875,1.6169685125350952,644.1165771484375
1.7973228693008423,6.503936767578125,1.7619976997375488,28.711132049560547
1.9532283544540405,298.21258544921875,1.637639045715332,287.2508544921875
1.8908661603927612,347.7480163574219,1.9013594388961792,329.63409423828125
1.0489764213562012,611.93701171875,0.9340903162956238,495.5960998535156
1.8908661603927612,551.3936767578125,1.699922800064087,626.127197265625
1.017795443534851,353.251953125,0.7628138065338135,495.48712158203125
1.2048819065093994,452.32281494140625,1.1035633087158203,589.0874633789062
1.9376378059387207,358.7558898925781,1.797979712486267,341.78326416015625
0.5188976526260376,666.9763793945312,0.843283474445343,531.4130859375
0.7683464288711548,155.1102294921875,0.9726164937019348,90.45592498779297
1.2048819065093994,215.65354919433594,0.7376495599746704,279.5957946777344
1.3140157461166382,369.7638244628906,1.3186379671096802,444.99615478515625
1.2516535520553589,666.9763793945312,1.4331251382827759,552.0912475585938
1.8752756118774414,375.26776123046875,1.7257832288742065,381.76422119140625
1.6414172649383545,336.7401428222656,1.7380434274673462,437.4154052734375
0.7059842348098755,540.3858032226562,0.7247079610824585,502.2685546875
1.4855117797851562,529.3779296875,1.2119462490081787,611.8585815429688
0.14472442865371704,413.7952880859375,0.04919739440083504,460.83978271484375
0.9242519736289978,166.11810302734375,1.1018452644348145,147.22825622558594
0.5656692981719971,386.2756042480469,0.6742559671401978,353.923583984375
0.8774803280830383,364.2598876953125,0.798295259475708,502.4341125488281
0.09795275330543518,391.779541015625,0.2980273365974426,333.2740478515625
1.5478739738464355,221.15748596191406,1.6782256364822388,212.31857299804688
1.15811026096344,309.220458984375,1.3114734888076782,352.54443359375
1.3763779401779175,61.54330825805664,1.329601764678955,102.0595932006836
0.36299213767051697,463.33074951171875,0.43805992603302,403.7552795410156
0.5188976526260376,529.3779296875,0.7505085468292236,490.08929443359375
0.36299213767051697,56.039371490478516,0.25273802876472473,84.98625183105469
1.4387401342391968,298.21258544921875,1.494135856628418,396.55328369140625
1.516692876815796,259.6850280761719,1.4867043495178223,230.28363037109375
0.2538582682609558,589.9212646484375,0.26445022225379944,522.4270629882812
1.4387401342391968,6.503936767578125,1.3275208473205566,16.28900146484375
0.6903936862945557,474.3385925292969,0.9367936253547668,427.1410827636719
0.6280314922332764,562.4015502929688,1.1637781858444214,317.9250183105469
1.8596850633621216,408.2913513183594,1.6289983987808228,474.4937744140625
0.20708660781383514,155.1102294921875,0.010439503937959671,202.45701599121094
0.8930708765983582,556.8976440429688,0.9127397537231445,540.4431762695312
0.7683464288711548,61.54330825805664,0.7735886573791504,110.35488891601562
1.7973228693008423,193.63780212402344,1.689554214477539,205.61917114257812
1.1892913579940796,617.44091796875,1.2114408016204834,645.8348999023438
0.908661425113678,534.8818969726562,0.9369227290153503,572.5418090820312
0.238267719745636,215.65354919433594,0.1771867722272873,201.33694458007812
0.019999999552965164,34.02362060546875,0.14480547606945038,19.365816116333008
1.017795443534851,50.53543472290039,1.2552692890167236,11.742936134338379
0.7995275855064392,677.9842529296875,1.0741682052612305,620.953857421875
1.6258267164230347,567.905517578125,1.1982276439666748,584.9544067382812
0.9242519736289978,353.251953125,0.6077372431755066,510.2460021972656
0.019999999552965164,700.0,0.2137392908334732,550.7540893554688
1.7193701267242432,133.094482421875,1.7866393327713013,104.71806335449219
0.752755880355835,655.968505859375,0.8472175598144531,507.5732421875
0.6748031377792358,655.968505859375,0.47161486744880676,583.7488403320312
0.815118134021759,375.26776123046875,0.9077586531639099,394.9299011230469
0.34740158915519714,298.21258544921875,0.4205334484577179,297.166748046875
0.6903936862945557,17.511810302734375,0.5296375751495361,41.218074798583984
1.2984251976013184,39.527557373046875,1.55701744556427,44.19386291503906
0.36299213767051697,149.60629272460938,0.3424690365791321,148.34657287597656
1.8752756118774414,237.66929626464844,1.4242185354232788,369.5447998046875
1.236063003540039,700.0,1.5114761590957642,670.7978515625
0.5812598466873169,595.4251708984375,0.6319525837898254,567.1484985351562
0.9398425221443176,507.3622131347656,0.9942765235900879,438.4313659667969
0.7215747833251953,67.0472412109375,0.6952133178710938,99.00630187988281
1.7817323207855225,215.65354919433594,1.5267698764801025,364.30523681640625
1.5478739738464355,446.8188781738281,1.5655457973480225,486.4450988769531
1.329606294631958,281.7007751464844,1.4483728408813477,318.16845703125
1.3763779401779175,611.93701171875,1.033299446105957,572.6849975585938
0.1759055107831955,672.4802856445312,0.4216138422489166,537.086181640625
1.5322834253311157,644.9606323242188,1.7962344884872437,463.2362060546875
1.3763779401779175,243.17323303222656,1.5336648225784302,242.2935028076172
0.3941732347011566,578.9133911132812,0.5823122262954712,485.25482177734375
1.906456708908081,254.1811065673828,1.9246288537979126,301.0050354003906
0.5656692981719971,358.7558898925781,0.8371302485466003,256.73211669921875
1.4699212312698364,386.2756042480469,1.7706271409988403,512.8919677734375
1.329606294631958,221.15748596191406,1.242464542388916,301.4837341308594
0.7839370369911194,204.6456756591797,0.7410123348236084,236.07650756835938
1.9532283544540405,507.3622131347656,2.0115110874176025,457.0744934082031
0.9242519736289978,534.8818969726562,1.0863326787948608,454.6869201660156
0.7059842348098755,567.905517578125,1.0713411569595337,422.4012451171875
1.4387401342391968,633.9527587890625,1.4938560724258423,499.19659423828125
0.28503936529159546,111.07874298095703,0.30970093607902527,111.69525909423828
0.8930708765983582,534.8818969726562,1.1029846668243408,564.1260986328125
0.5812598466873169,336.7401428222656,0.9282487034797668,267.69952392578125
1.0022047758102417,309.220458984375,1.25406014919281,254.55374145507812
0.113543301820755,391.779541015625,0.23497486114501953,373.30908203125
1.501102328300476,122.08661651611328,1.4150975942611694,139.80612182617188
1.906456708908081,380.77166748046875,1.6686285734176636,485.733642578125
1.329606294631958,243.17323303222656,1.204348087310791,322.75250244140625
1.8440945148468018,545.8897705078125,1.4786183834075928,534.1314697265625
0.7215747833251953,193.63780212402344,0.49699923396110535,222.4124755859375
1.812913417816162,265.18896484375,2.0488367080688477,288.00079345703125
0.19149605929851532,23.0157470703125,0.19233064353466034,6.208160400390625
0.40976378321647644,127.5905532836914,0.480970174074173,158.90867614746094
1.7973228693008423,584.4172973632812,1.7013700008392334,477.6468811035156
0.8618897795677185,474.3385925292969,1.4660894870758057,414.41973876953125
1.4543306827545166,325.7322692871094,1.5035185813903809,296.8165283203125
0.5968503952026367,248.6771697998047,0.6971889138221741,210.42550659179688
1.0957480669021606,584.4172973632812,1.3405085802078247,492.61566162109375
0.16031496226787567,518.3700561523438,0.07599557936191559,587.7889404296875
1.734960675239563,474.3385925292969,1.5140539407730103,417.3648986816406
1.7037795782089233,221.15748596191406,1.3867037296295166,281.679931640625
0.8462992310523987,34.02362060546875,0.9112511873245239,28.360074996948242
0.34740158915519714,276.19683837890625,0.3227604925632477,296.1879577636719
1.017795443534851,248.6771697998047,0.9576222896575928,315.6731872558594
0.6903936862945557,28.519685745239258,0.5839671492576599,86.71851348876953
1.8596850633621216,122.08661651611328,1.5834497213363647,165.38841247558594
1.329606294631958,39.527557373046875,1.433995008468628,11.797082901000977
1.4075590372085571,375.26776123046875,1.688187837600708,301.6302185058594
0.7215747833251953,375.26776123046875,1.0136864185333252,350.7093505859375
2.0,523.8740234375,1.56178617477417,564.2347412109375
0.238267719745636,111.07874298095703,0.2872519791126251,108.80435943603516
1.3763779401779175,655.968505859375,1.321378231048584,687.1426391601562
0.20708660781383514,177.1259765625,0.11685232818126678,198.8776092529297
0.7995275855064392,617.44091796875,0.9397982954978943,531.3949584960938
0.40976378321647644,292.7086486816406,0.7190318703651428,213.88986206054688
1.0022047758102417,474.3385925292969,1.1614717245101929,569.1493530273438
1.8908661603927612,144.10235595703125,1.8125383853912354,124.85919952392578
0.16031496226787567,105.5748062133789,0.21476204693317413,107.42576599121094
0.40976378321647644,386.2756042480469,0.238966166973114,515.6066284179688
0.5033071041107178,254.1811065673828,0.5509583950042725,300.19659423828125
1.9220472574234009,298.21258544921875,1.458128809928894,447.625
1.9220472574234009,386.2756042480469,2.0118677616119385,261.46588134765625
1.7661417722702026,600.9291381835938,1.5420191287994385,712.1582641601562
0.7683464288711548,353.251953125,0.6126505732536316,393.2494812011719
1.2672441005706787,23.0157470703125,1.2085176706314087,68.99497985839844
1.2048819065093994,518.3700561523438,1.568475365638733,483.8526306152344
1.7817323207855225,23.0157470703125,1.6728888750076294,59.98176193237305
1.9220472574234009,204.6456756591797,1.8186603784561157,245.65733337402344
1.828503966331482,584.4172973632812,2.0724637508392334,524.4947509765625
0.4565354287624359,391.779541015625,0.6673992276191711,332.4189453125
0.26944881677627563,320.22833251953125,0.2933625280857086,306.818359375
1.4699212312698364,12.00787353515625,1.5358201265335083,-22.90793800354004
0.40976378321647644,611.93701171875,0.36205950379371643,607.9738159179688
1.8596850633621216,281.7007751464844,1.5720480680465698,319.2757263183594
0.09795275330543518,298.21258544921875,0.3742606043815613,289.3326110839844
1.4075590372085571,540.3858032226562,1.6349903345108032,550.7297973632812
1.594645619392395,534.8818969726562,1.5406020879745483,601.2297973632812
1.9688189029693604,276.19683837890625,1.8976709842681885,297.3036193847656
1.2672441005706787,61.54330825805664,1.0465935468673706,74.6302490234375
1.6570079326629639,259.6850280761719,1.6228128671646118,270.94451904296875
1.5790550708770752,243.17323303222656,1.4153674840927124,251.18563842773438
1.1892913579940796,474.3385925292969,1.2856848239898682,416.4166259765625
0.113543301820755,545.8897705078125,0.2198028713464737,491.9481506347656
1.3451968431472778,496.3543395996094,1.3625770807266235,406.3206481933594
1.1737008094787598,309.220458984375,1.0566484928131104,381.6812438964844
0.113543301820755,694.4960327148438,0.15535469353199005,588.3751831054688
1.4543306827545166,633.9527587890625,1.5723469257354736,521.1767578125
1.0957480669021606,144.10235595703125,1.1563301086425781,142.44313049316406
1.4699212312698364,540.3858032226562,1.22215735912323,572.7759399414062
0.48771652579307556,138.59841918945312,0.5778958797454834,118.63008880615234
1.7973228693008423,688.9921264648438,1.5100603103637695,662.638427734375
0.05118110775947571,342.24407958984375,0.24744369089603424,292.37005615234375
1.812913417816162,413.7952880859375,1.5347380638122559,552.66552734375
0.7215747833251953,45.031494140625,0.7167393565177917,71.61978912353516
1.0333858728408813,606.4330444335938,1.7254396677017212,517.598876953125
0.5968503952026367,226.66140747070312,0.6449217200279236,265.41064453125
0.40976378321647644,1.0,0.32895445823669434,34.75519561767578
1.5322834253311157,479.842529296875,1.604859471321106,419.4922790527344
1.2516535520553589,116.58268737792969,0.9777026176452637,196.40321350097656
1.9844094514846802,375.26776123046875,1.818659782409668,441.9095458984375
1.906456708908081,331.2362060546875,1.533843755722046,432.10491943359375
1.9220472574234009,369.7638244628906,1.3304115533828735,399.7075500488281
0.908661425113678,479.842529296875,1.2034803628921509,447.52081298828125
0.16031496226787567,534.8818969726562,0.2523126006126404,514.2440185546875
1.4075590372085571,457.8267517089844,1.2079106569290161,460.6121826171875
1.1269291639328003,534.8818969726562,1.284206748008728,491.2507629394531
0.8774803280830383,232.16537475585938,0.7141150832176208,337.0437927246094
1.6414172649383545,633.9527587890625,1.3543570041656494,575.07373046875
0.815118134021759,485.3464660644531,0.6841232180595398,582.553466796875
0.7683464288711548,298.21258544921875,0.6750203371047974,360.96490478515625
1.501102328300476,408.2913513183594,1.4771770238876343,518.4925537109375
1.9844094514846802,72.55117797851562,1.7879544496536255,77.81340789794922
0.2538582682609558,402.78741455078125,0.20745889842510223,443.4410095214844
1.6881890296936035,188.13388061523438,1.3365761041641235,345.4078674316406
0.3941732347011566,248.6771697998047,0.6635527014732361,179.88156127929688
1.1269291639328003,28.519685745239258,1.4032814502716064,-20.34100914001465
1.9532283544540405,567.905517578125,1.6838500499725342,564.5341796875
0.20708660781383514,700.0,0.5113846659660339,568.0372924804688
0.9866141676902771,353.251953125,1.1144319772720337,375.8073425292969
1.0333858728408813,298.21258544921875,0.6314893960952759,423.0658264160156
0.3785826861858368,694.4960327148438,0.2419627457857132,666.4998779296875
0.019999999552965164,644.9606323242188,0.06857573986053467,654.0715942382812
0.1759055107831955,700.0,0.531374990940094,577.0592041015625
1.6258267164230347,34.02362060546875,1.7358300685882568,-2.5698559284210205
0.34740158915519714,270.6929016113281,0.2585506737232208,362.4047546386719
1.3763779401779175,177.1259765625,1.5880848169326782,143.31903076171875
0.6903936862945557,83.55905151367188,0.5501019954681396,82.28582000732422
0.5033071041107178,171.62203979492188,0.40161067247390747,207.51388549804688
0.113543301820755,512.8661499023438,-0.08302898705005646,613.1477661132812
1.2048819065093994,628.4487915039062,1.5919581651687622,465.2388610839844
0.26944881677627563,700.0,0.0614355206489563,751.7136840820312
0.8774803280830383,490.85040283203125,1.0143524408340454,560.5343017578125
1.6102361679077148,496.3543395996094,1.583288550376892,513.3721313476562
1.4855117797851562,479.842529296875,1.514271855354309,454.6490478515625
1.594645619392395,650.4645385742188,1.3998026847839355,653.5337524414062
1.0022047758102417,485.3464660644531,1.1048922538757324,430.4728698730469
1.017795443534851,364.2598876953125,1.1758074760437012,428.4053649902344
1.8908661603927612,446.8188781738281,1.5605100393295288,573.087890625
0.7215747833251953,441.3149719238281,0.6596651077270508,535.292724609375
0.8618897795677185,584.4172973632812,1.1977590322494507,556.7858276367188
0.752755880355835,78.05511474609375,0.7795465588569641,74.9429931640625
2.0,193.63780212402344,1.9912673234939575,202.76214599609375
0.6436220407485962,639.4566650390625,0.7851352691650391,671.9666748046875
0.4409448802471161,595.4251708984375,0.3850836753845215,530.8778076171875
1.1269291639328003,683.4881591796875,1.1536695957183838,548.1005249023438
1.017795443534851,567.905517578125,1.2480530738830566,507.9165344238281
0.7059842348098755,12.00787353515625,0.6419775485992432,17.905527114868164
0.5656692981719971,320.22833251953125,0.7574080228805542,253.48081970214844
0.238267719745636,655.968505859375,0.681473970413208,369.3212890625
0.6436220407485962,127.5905532836914,0.710262656211853,132.4224395751953
1.3919684886932373,182.62994384765625,1.280422568321228,217.6931610107422
0.5812598466873169,358.7558898925781,1.095180630683899,256.5118408203125
1.017795443534851,89.06298828125,1.1170084476470947,102.93275451660156
0.14472442865371704,474.3385925292969,0.24243073165416718,412.0071105957031
0.1759055107831955,573.409423828125,0.26353153586387634,513.306640625
1.501102328300476,276.19683837890625,1.5152745246887207,311.9083251953125
0.3941732347011566,1.0,0.3755771517753601,-1.975189208984375
0.20708660781383514,182.62994384765625,0.32693666219711304,180.61599731445312
1.5322834253311157,67.0472412109375,1.575446367263794,65.56986236572266
0.20708660781383514,611.93701171875,0.5994374752044678,525.4221801757812
0.7683464288711548,479.842529296875,0.4279736578464508,613.2714233398438
1.0489764213562012,276.19683837890625,0.835656464099884,345.17462158203125
1.3451968431472778,50.53543472290039,1.3358838558197021,90.82568359375
0.7371653318405151,237.66929626464844,0.7171861529350281,219.1566925048828
0.6280314922332764,479.842529296875,0.7190971374511719,494.9132080078125
0.8618897795677185,67.0472412109375,0.8090246915817261,59.972938537597656
0.7059842348098755,166.11810302734375,0.8370217680931091,172.31851196289062
0.6124409437179565,155.1102294921875,0.634217381477356,158.41383361816406
0.6903936862945557,644.9606323242188,0.8895087242126465,475.8194274902344
1.236063003540039,100.07086944580078,0.9962137341499329,122.08013153076172
0.5812598466873169,50.53543472290039,0.5119290351867676,64.27804565429688
0.113543301820755,518.3700561523438,0.1593329757452011,526.86669921875
0.3941732347011566,270.6929016113281,0.4429277181625366,345.76922607421875
1.15811026096344,688.9921264648438,1.4305120706558228,523.955078125
1.0957480669021606,6.503936767578125,1.0026644468307495,22.210166931152344
1.812913417816162,380.77166748046875,1.546461820602417,508.7458190917969
0.09795275330543518,402.78741455078125,0.20351552963256836,384.8154296875
1.8596850633621216,479.842529296875,1.6682331562042236,617.5907592773438
1.423149585723877,666.9763793945312,1.3644587993621826,668.8226928710938
0.3941732347011566,188.13388061523438,0.44617998600006104,197.44631958007812
1.6414172649383545,303.7165222167969,1.4036548137664795,321.6638488769531
1.2204724550247192,298.21258544921875,1.4183697700500488,302.8572082519531
0.03559055179357529,397.2834777832031,0.09661233425140381,383.466064453125
1.6570079326629639,232.16537475585938,1.8303176164627075,154.91912841796875
0.6280314922332764,369.7638244628906,0.7908532023429871,385.0265808105469
1.4387401342391968,358.7558898925781,1.2198747396469116,495.4287414550781
1.5634645223617554,265.18896484375,1.7131648063659668,208.607666015625
1.4387401342391968,237.66929626464844,1.1086534261703491,355.3833923339844
0.06677165627479553,353.251953125,0.14678290486335754,325.67095947265625
0.3006299138069153,446.8188781738281,0.1969960629940033,565.7523193359375
0.6748031377792358,171.62203979492188,0.8945140242576599,141.97503662109375
1.8440945148468018,243.17323303222656,1.6001594066619873,316.30010986328125
1.6570079326629639,193.63780212402344,1.6044813394546509,200.43966674804688
0.48771652579307556,61.54330825805664,0.49292677640914917,43.61030578613281
0.09795275330543518,133.094482421875,0.12783396244049072,144.47735595703125
0.7683464288711548,331.2362060546875,1.0246200561523438,334.60540771484375
0.5656692981719971,83.55905151367188,0.4336145222187042,109.90530395507812
0.26944881677627563,369.7638244628906,0.768001139163971,288.6631774902344
1.3763779401779175,12.00787353515625,1.4789955615997314,3.7705271244049072
1.8752756118774414,342.24407958984375,1.6089872121810913,480.364501953125
1.1269291639328003,314.7243957519531,1.1285831928253174,405.0571594238281
1.828503966331482,661.472412109375,1.5916152000427246,604.707763671875
1.017795443534851,529.3779296875,0.8112850189208984,612.2247314453125
0.4409448802471161,551.3936767578125,0.43057742714881897,508.65716552734375
1.734960675239563,375.26776123046875,1.6960233449935913,503.5492248535156
1.3919684886932373,83.55905151367188,1.297287940979004,118.29476928710938
1.9844094514846802,639.4566650390625,1.4985712766647339,605.97119140625
1.0489764213562012,584.4172973632812,1.0514237880706787,550.6814575195312
1.2984251976013184,523.8740234375,1.4278440475463867,593.084228515625
1.0801575183868408,441.3149719238281,1.634089469909668,362.18505859375
1.0489764213562012,485.3464660644531,1.4908088445663452,497.52630615234375
0.5500787496566772,314.7243957519531,0.5507580637931824,288.5378723144531
1.9532283544540405,193.63780212402344,1.8501183986663818,181.81251525878906
1.6102361679077148,336.7401428222656,1.540557622909546,428.1001281738281
0.3162204623222351,380.77166748046875,0.4138808846473694,364.4239807128906
0.6124409437179565,177.1259765625,0.48150286078453064,266.1954345703125
0.7215747833251953,650.4645385742188,0.8207808136940002,569.4390258789062
0.9866141676902771,655.968505859375,1.3230607509613037,557.5860595703125
0.3785826861858368,435.81103515625,0.18891718983650208,481.9379577636719
1.8596850633621216,677.9842529296875,1.4488141536712646,647.2864990234375
0.9242519736289978,523.8740234375,0.9127161502838135,404.9728088378906
0.6903936862945557,430.3070983886719,0.9753100275993347,503.36163330078125
1.0022047758102417,23.0157470703125,0.8780881762504578,64.7333984375
1.5634645223617554,644.9606323242188,1.6265145540237427,627.802001953125
0.019999999552965164,149.60629272460938,0.038677848875522614,162.2782745361328
0.6280314922332764,518.3700561523438,0.9776395559310913,438.9100036621094
0.42535433173179626,342.24407958984375,0.4610046148300171,353.19970703125
0.6903936862945557,556.8976440429688,0.9258064031600952,597.5481567382812
1.6725984811782837,639.4566650390625,1.2261356115341187,560.86279296875
0.4409448802471161,452.32281494140625,0.4812066853046417,510.7020568847656
1.8596850633621216,182.62994384765625,1.4062408208847046,248.04840087890625
1.812913417816162,639.4566650390625,1.7203644514083862,614.5147094726562
0.7371653318405151,468.8346862792969,0.7568144798278809,474.64471435546875
0.40976378321647644,331.2362060546875,0.5918027758598328,267.75360107421875
0.908661425113678,441.3149719238281,1.0890231132507324,401.2068786621094
1.9688189029693604,523.8740234375,1.7919371128082275,509.9623718261719
1.501102328300476,694.4960327148438,1.5266549587249756,572.4461059570312
1.6102361679077148,375.26776123046875,1.4032390117645264,605.06640625
1.6725984811782837,78.05511474609375,1.564164400100708,77.38585662841797
0.6748031377792358,353.251953125,0.9286778569221497,383.36932373046875
1.0022047758102417,534.8818969726562,1.2934272289276123,658.6112060546875
0.6748031377792358,606.4330444335938,0.5101886987686157,555.8163452148438
1.6881890296936035,138.59841918945312,1.103822112083435,273.6990661621094
1.4075590372085571,303.7165222167969,1.1158454418182373,384.91888427734375
1.6414172649383545,375.26776123046875,1.1334694623947144,412.13104248046875
0.9554330706596375,155.1102294921875,0.7821246981620789,186.55067443847656
0.3162204623222351,61.54330825805664,0.17075267434120178,104.46836853027344
0.19149605929851532,94.56694030761719,0.15695129334926605,96.84884643554688
1.594645619392395,540.3858032226562,1.608249306678772,456.3514099121094
1.9220472574234009,551.3936767578125,1.9946750402450562,548.10107421875
0.22267717123031616,193.63780212402344,0.23329578340053558,202.78549194335938
1.329606294631958,369.7638244628906,1.3390309810638428,470.9315490722656
0.5812598466873169,694.4960327148438,0.9508833885192871,514.1648559570312
0.5500787496566772,243.17323303222656,0.3807462453842163,342.5787048339844
1.4387401342391968,529.3779296875,1.053483486175537,530.251953125
0.5656692981719971,578.9133911132812,0.607611358165741,592.40283203125
0.3006299138069153,688.9921264648438,0.31358322501182556,585.7113037109375
0.6280314922332764,413.7952880859375,0.7483812570571899,447.6585388183594
0.06677165627479553,441.3149719238281,0.3319617807865143,364.3087158203125
0.8307086825370789,6.503936767578125,0.94144606590271,4.9467387199401855
1.5322834253311157,485.3464660644531,1.6348257064819336,513.0787963867188
1.1737008094787598,342.24407958984375,1.2530158758163452,397.8466491699219
1.1425197124481201,105.5748062133789,1.0499041080474854,125.73709106445312
0.9554330706596375,688.9921264648438,0.6247768402099609,730.1807861328125
1.329606294631958,468.8346862792969,1.2111743688583374,550.23681640625
1.2516535520553589,677.9842529296875,0.8514977693557739,684.6351318359375
0.752755880355835,116.58268737792969,0.59621262550354,149.86343383789062
1.5790550708770752,265.18896484375,1.6132755279541016,219.1174774169922
1.15811026096344,622.9448852539062,1.1851564645767212,546.8759155273438
0.06677165627479553,287.2047119140625,0.05276345834136009,321.57354736328125
0.6903936862945557,314.7243957519531,1.0245381593704224,249.60110473632812
0.9710236191749573,188.13388061523438,1.0767643451690674,214.3999481201172
1.2048819065093994,479.842529296875,1.1113978624343872,580.522705078125
0.34740158915519714,468.8346862792969,0.14189356565475464,500.485595703125
0.7683464288711548,171.62203979492188,0.5337655544281006,267.5469055175781
1.329606294631958,441.3149719238281,1.2906944751739502,511.49395751953125
0.6903936862945557,589.9212646484375,0.5990620851516724,556.8928833007812
1.516692876815796,248.6771697998047,1.5973936319351196,297.8628845214844
0.40976378321647644,61.54330825805664,0.4087897837162018,108.29228210449219
0.8618897795677185,309.220458984375,0.8929861783981323,376.93353271484375
0.03559055179357529,540.3858032226562,-0.052494484931230545,599.2803955078125
0.05118110775947571,446.8188781738281,0.009617517702281475,503.511962890625
1.8908661603927612,441.3149719238281,1.9344645738601685,399.9447021484375
0.16031496226787567,694.4960327148438,0.5002071261405945,482.07403564453125
1.7037795782089233,611.93701171875,1.4246209859848022,649.2974853515625
1.9532283544540405,490.85040283203125,1.5724413394927979,550.1674194335938
1.5478739738464355,325.7322692871094,1.6531380414962769,303.77935791015625
0.7995275855064392,540.3858032226562,1.0449234247207642,500.89892578125
1.064566969871521,39.527557373046875,1.0785059928894043,48.020530700683594
0.08236220479011536,259.6850280761719,0.205547034740448,240.5800018310547
0.908661425113678,700.0,1.2160478830337524,566.62451171875
0.752755880355835,419.2992248535156,0.9945412278175354,408.4213562011719
2.0,688.9921264648438,1.806980848312378,660.0463256835938
1.4075590372085571,12.00787353515625,1.2958256006240845,31.715679168701172
1.9844094514846802,166.11810302734375,1.8254997730255127,193.61952209472656
0.6903936862945557,446.8188781738281,0.44826677441596985,451.9773254394531
1.8908661603927612,501.8582763671875,1.679867148399353,569.15673828125
1.3763779401779175,83.55905151367188,1.569248914718628,36.05992126464844
1.906456708908081,72.55117797851562,1.6149253845214844,158.03170776367188
0.5656692981719971,424.80316162109375,0.6275773644447327,472.95013427734375
0.019999999552965164,430.3070983886719,0.1959112137556076,498.7594909667969
1.423149585723877,193.63780212402344,1.4529445171356201,226.5380096435547
1.7193701267242432,435.81103515625,1.3306289911270142,438.3842468261719
1.1737008094787598,644.9606323242188,1.424371600151062,544.7877807617188
0.16031496226787567,78.05511474609375,-0.03045310080051422,89.06684875488281
1.2672441005706787,287.2047119140625,1.3672056198120117,296.9978942871094
0.40976378321647644,34.02362060546875,0.5716922283172607,13.938695907592773
1.5478739738464355,292.7086486816406,1.251715898513794,417.18475341796875
0.6124409437179565,204.6456756591797,0.5919813513755798,210.60028076171875
1.4543306827545166,243.17323303222656,1.0286539793014526,388.8930969238281
0.5033071041107178,600.9291381835938,0.28300151228904724,605.029052734375
1.6725984811782837,419.2992248535156,1.869031310081482,456.65631103515625
1.9844094514846802,39.527557373046875,1.9934746026992798,-26.415084838867188
1.5634645223617554,182.62994384765625,1.8782060146331787,102.88420867919922
0.9398425221443176,413.7952880859375,1.2149630784988403,370.48260498046875
1.6102361679077148,149.60629272460938,1.459365725517273,180.77365112304688
0.5033071041107178,457.8267517089844,0.4857723116874695,490.7315368652344
1.906456708908081,28.519685745239258,1.7216318845748901,74.43773651123047
1.2984251976013184,309.220458984375,1.3653992414474487,320.51763916015625
1.6414172649383545,199.14173889160156,1.5235676765441895,296.68695068359375
0.5500787496566772,402.78741455078125,0.8050649762153625,374.51287841796875
0.40976378321647644,303.7165222167969,0.5067017674446106,299.4108581542969
1.2672441005706787,402.78741455078125,1.1157197952270508,437.8478698730469
0.4565354287624359,573.409423828125,0.7245657444000244,533.899658203125
1.15811026096344,430.3070983886719,1.7702044248580933,336.2552185058594
0.6903936862945557,633.9527587890625,0.4862440228462219,660.2254638671875
1.2828346490859985,89.06298828125,1.2595372200012207,124.03903198242188
0.2538582682609558,540.3858032226562,0.2328561544418335,570.2530517578125
0.12913386523723602,441.3149719238281,0.06512675434350967,484.8642272949219
0.019999999552965164,94.56694030761719,0.08573305606842041,117.54942321777344
2.0,303.7165222167969,1.8979374170303345,466.9636535644531
0.47212597727775574,56.039371490478516,0.23827102780342102,90.16934204101562
1.7505512237548828,6.503936767578125,1.6475783586502075,28.451250076293945
0.6436220407485962,281.7007751464844,0.519284725189209,346.0184631347656
0.33181101083755493,501.8582763671875,0.2847113311290741,426.2247619628906
0.19149605929851532,457.8267517089844,0.23039758205413818,407.6584777832031
1.3140157461166382,320.22833251953125,1.5168341398239136,421.3205261230469
0.12913386523723602,424.80316162109375,0.19750632345676422,318.87451171875
1.236063003540039,270.6929016113281,1.3764501810073853,300.5488586425781
1.2048819065093994,611.93701171875,1.170135259628296,538.6766357421875
1.1892913579940796,287.2047119140625,1.0167217254638672,277.5152893066406
1.516692876815796,358.7558898925781,1.7019128799438477,356.8608703613281
1.236063003540039,133.094482421875,1.2030131816864014,103.18204498291016
1.8596850633621216,628.4487915039062,1.299832820892334,561.91552734375
0.03559055179357529,446.8188781738281,0.1387733519077301,414.8908386230469
0.36299213767051697,28.519685745239258,0.4581867754459381,31.51951789855957
1.9844094514846802,270.6929016113281,1.5142135620117188,491.3760681152344
1.2672441005706787,369.7638244628906,1.2713940143585205,416.4397888183594
1.8908661603927612,221.15748596191406,1.610811710357666,245.70358276367188
0.9398425221443176,375.26776123046875,0.9597422480583191,391.3417053222656
0.8618897795677185,369.7638244628906,0.7070688009262085,410.96942138671875
0.6748031377792358,270.6929016113281,0.9051421284675598,222.9351806640625
0.908661425113678,171.62203979492188,1.0346208810806274,169.82408142089844
0.1759055107831955,215.65354919433594,0.13661716878414154,236.4446563720703
1.7193701267242432,155.1102294921875,1.3792654275894165,181.3596954345703
1.3140157461166382,666.9763793945312,1.336495280265808,593.2063598632812
0.19149605929851532,573.409423828125,0.3123306632041931,481.1534423828125
0.4565354287624359,94.56694030761719,0.4655083417892456,99.41791534423828
1.4387401342391968,672.4802856445312,1.2825815677642822,725.905029296875
1.9688189029693604,639.4566650390625,1.5919835567474365,568.8990478515625
0.48771652579307556,611.93701171875,0.5035573244094849,497.3012390136719
0.12913386523723602,265.18896484375,0.19104371964931488,268.3997497558594
0.6280314922332764,364.2598876953125,0.7043612003326416,377.3150634765625
1.329606294631958,485.3464660644531,1.131693720817566,505.6687927246094
0.16031496226787567,573.409423828125,0.5201939940452576,475.6540222167969
0.7215747833251953,353.251953125,0.717664361000061,398.010009765625
0.7839370369911194,116.58268737792969,0.7519134283065796,161.85140991210938
0.3006299138069153,496.3543395996094,0.4434226155281067,380.2765197753906
1.017795443534851,408.2913513183594,0.9788501262664795,405.5487976074219
0.7371653318405151,545.8897705078125,1.0078883171081543,603.6683349609375
1.7817323207855225,127.5905532836914,1.8612240552902222,127.5171127319336
0.5500787496566772,353.251953125,0.769077479839325,279.4651184082031
1.3451968431472778,589.9212646484375,1.7849193811416626,426.6588439941406
1.6881890296936035,67.0472412109375,1.6064001321792603,73.9778060913086
1.0333858728408813,23.0157470703125,1.0919620990753174,18.4744930267334
0.6280314922332764,611.93701171875,0.6128107309341431,597.1148071289062
0.5812598466873169,479.842529296875,0.900273859500885,357.63128662109375
1.2828346490859985,529.3779296875,1.2088900804519653,611.8400268554688
1.3140157461166382,331.2362060546875,1.075066089630127,377.93060302734375
1.5478739738464355,188.13388061523438,1.4280959367752075,259.7825927734375
0.6436220407485962,287.2047119140625,0.7329071760177612,321.517578125
1.423149585723877,39.527557373046875,1.2884799242019653,102.25315856933594
1.4699212312698364,435.81103515625,1.4634449481964111,533.9821166992188
1.4075590372085571,644.9606323242188,1.5164966583251953,645.4213256835938
1.5790550708770752,496.3543395996094,1.4829670190811157,511.4862976074219
0.14472442865371704,468.8346862792969,0.32223746180534363,469.00811767578125
0.33181101083755493,149.60629272460938,0.2376544326543808,175.19924926757812
0.5968503952026367,661.472412109375,0.679104208946228,618.0335083007812
0.28503936529159546,534.8818969726562,0.5284231305122375,448.4847717285156
0.5812598466873169,424.80316162109375,0.8547005653381348,439.5195617675781
0.9242519736289978,397.2834777832031,0.7694055438041687,477.06536865234375
0.5812598466873169,644.9606323242188,0.8387634754180908,594.0951538085938
0.9866141676902771,589.9212646484375,1.0685644149780273,536.1829833984375
0.908661425113678,430.3070983886719,1.111726999282837,522.357177734375
1.9220472574234009,463.33074951171875,2.049428701400757,442.0106506347656
1.734960675239563,215.65354919433594,1.7989803552627563,173.37828063964844
1.8908661603927612,111.07874298095703,1.4721227884292603,228.30445861816406
0.47212597727775574,540.3858032226562,0.8554459810256958,363.0168762207031
1.4075590372085571,545.8897705078125,1.5675146579742432,390.59979248046875
0.659212589263916,573.409423828125,0.7785792946815491,501.9943542480469
1.828503966331482,397.2834777832031,1.3543403148651123,469.7908935546875
1.15811026096344,672.4802856445312,1.2320520877838135,612.861328125
0.08236220479011536,72.55117797851562,-0.18949365615844727,133.09820556640625
1.9532283544540405,325.7322692871094,1.8523534536361694,311.6223449707031
1.8596850633621216,61.54330825805664,1.6471221446990967,124.76448822021484
1.9844094514846802,320.22833251953125,1.6202231645584106,358.0226135253906
1.2048819065093994,122.08661651611328,1.3753010034561157,95.71023559570312
1.1737008094787598,380.77166748046875,0.8465293049812317,461.260009765625
1.8440945148468018,540.3858032226562,1.7472550868988037,532.8524780273438
1.7817323207855225,584.4172973632812,1.8084797859191895,529.8408813476562
0.908661425113678,221.15748596191406,0.8583762645721436,257.54290771484375
1.2048819065093994,314.7243957519531,1.4141919612884521,312.5400695800781
0.7059842348098755,672.4802856445312,0.9457147121429443,570.7202758789062
0.20708660781383514,193.63780212402344,0.23842141032218933,174.0755615234375
1.7505512237548828,446.8188781738281,1.4822852611541748,576.6488037109375
0.9554330706596375,611.93701171875,1.3529589176177979,489.9459228515625
1.017795443534851,611.93701171875,1.2884974479675293,585.4696044921875
1.3607873916625977,358.7558898925781,1.3065892457962036,464.4720153808594
0.5968503952026367,452.32281494140625,1.051038146018982,308.2279052734375
0.16031496226787567,507.3622131347656,0.3502589166164398,541.7861328125
0.3785826861858368,457.8267517089844,0.40353652834892273,466.3769226074219
1.15811026096344,644.9606323242188,1.2716552019119263,692.4115600585938
1.8440945148468018,292.7086486816406,1.7245625257492065,465.5149841308594
0.6124409437179565,589.9212646484375,0.7478139400482178,578.3261108398438
0.40976378321647644,320.22833251953125,0.31763580441474915,367.2142028808594
1.9376378059387207,666.9763793945312,1.7809125185012817,564.5029296875
0.6280314922332764,485.3464660644531,0.5951757431030273,568.3809814453125
1.501102328300476,204.6456756591797,1.4781005382537842,178.4932403564453
0.3785826861858368,270.6929016113281,0.2232178896665573,332.6371154785156
1.2204724550247192,419.2992248535156,1.1760128736495972,459.7336730957031
1.423149585723877,248.6771697998047,1.6156337261199951,242.17018127441406
0.238267719745636,474.3385925292969,0.39275503158569336,392.160888671875
1.6414172649383545,155.1102294921875,1.7459912300109863,163.0083770751953
0.3941732347011566,336.7401428222656,0.4292162358760834,304.94775390625
1.7193701267242432,490.85040283203125,1.7251278162002563,536.7349853515625
0.7995275855064392,534.8818969726562,0.6509388089179993,516.0103149414062
0.28503936529159546,138.59841918945312,0.14591167867183685,166.68856811523438
0.9242519736289978,138.59841918945312,0.9129257202148438,199.54074096679688
0.659212589263916,193.63780212402344,0.6362581253051758,174.48048400878906
1.6881890296936035,34.02362060546875,1.8237303495407104,-13.303376197814941
0.14472442865371704,386.2756042480469,0.2144099622964859,323.2233581542969
1.3607873916625977,424.80316162109375,1.0517449378967285,566.3059692382812
1.9532283544540405,155.1102294921875,1.7638953924179077,173.6799774169922
0.4409448802471161,446.8188781738281,0.5957972407341003,355.2565612792969
0.238267719745636,232.16537475585938,0.25760334730148315,217.91012573242188
0.3785826861858368,100.07086944580078,0.2934913635253906,104.08419799804688
0.26944881677627563,166.11810302734375,0.5037165284156799,139.65530395507812
0.14472442865371704,336.7401428222656,0.4036436975002289,279.0646667480469
1.9220472574234009,661.472412109375,1.4388246536254883,630.8297729492188
0.47212597727775574,622.9448852539062,0.48233476281166077,601.7240600585938
1.15811026096344,133.094482421875,1.2552255392074585,164.0397491455078
0.6436220407485962,34.02362060546875,0.8123791217803955,11.465875625610352
1.6414172649383545,39.527557373046875,1.6613363027572632,63.90046310424805
0.2538582682609558,116.58268737792969,0.14312055706977844,170.3490447998047
0.5033071041107178,232.16537475585938,0.3343057930469513,257.85284423828125
0.42535433173179626,254.1811065673828,0.42099127173423767,288.78204345703125
1.3607873916625977,166.11810302734375,0.8691290616989136,411.66424560546875
0.8930708765983582,314.7243957519531,1.117165207862854,243.42779541015625
0.26944881677627563,424.80316162109375,0.3330279588699341,521.2650146484375
1.1425197124481201,628.4487915039062,1.2514164447784424,664.93310546875
0.6748031377792358,633.9527587890625,0.699839174747467,544.00732421875
0.9398425221443176,628.4487915039062,1.0450350046157837,544.5489501953125
1.3451968431472778,397.2834777832031,1.487830638885498,400.3224792480469
0.9866141676902771,457.8267517089844,1.5147966146469116,504.63470458984375
0.238267719745636,61.54330825805664,0.1601795107126236,70.68560791015625
0.14472442865371704,496.3543395996094,0.2645179331302643,488.6082458496094
1.1737008094787598,650.4645385742188,1.358915090560913,702.6519775390625
1.2204724550247192,177.1259765625,1.121176838874817,201.3110809326172
0.5344882011413574,644.9606323242188,0.5423468351364136,569.644287109375
1.594645619392395,694.4960327148438,1.5601876974105835,650.7447509765625
0.9866141676902771,606.4330444335938,1.0727312564849854,509.7393798828125
1.7973228693008423,512.8661499023438,1.5846333503723145,588.031005859375
0.5033071041107178,122.08661651611328,0.3332501947879791,155.25863647460938
0.9710236191749573,78.05511474609375,0.8613234758377075,143.4825897216797
0.6124409437179565,413.7952880859375,0.8639596700668335,427.6087341308594
0.9710236191749573,155.1102294921875,1.0233715772628784,152.802001953125
0.12913386523723602,501.8582763671875,0.3313254117965698,450.6029052734375
1.5478739738464355,237.66929626464844,1.6883865594863892,248.0491485595703
0.6280314922332764,584.4172973632812,0.723688542842865,472.06243896484375
1.7661417722702026,567.905517578125,1.7026982307434082,494.60491943359375
0.238267719745636,248.6771697998047,0.23510070145130157,265.4045104980469
1.3607873916625977,292.7086486816406,1.3074188232421875,318.0793762207031
1.8596850633621216,666.9763793945312,1.7935551404953003,565.5867309570312
1.2672441005706787,171.62203979492188,0.797802746295929,282.6253967285156
0.6280314922332764,56.039371490478516,0.6600735187530518,49.351585388183594
1.7505512237548828,364.2598876953125,1.8401148319244385,314.9474182128906
1.906456708908081,105.5748062133789,1.7043914794921875,143.20700073242188
1.2048819065093994,166.11810302734375,1.1815961599349976,198.25999450683594
1.1892913579940796,243.17323303222656,1.124913215637207,260.2055358886719
1.2516535520553589,457.8267517089844,1.4637869596481323,510.6077575683594
1.5634645223617554,650.4645385742188,1.8048434257507324,449.5492858886719
1.7817323207855225,606.4330444335938,1.9326438903808594,545.3187866210938
1.1737008094787598,111.07874298095703,1.0587663650512695,130.7012176513672
1.6570079326629639,540.3858032226562,1.3023840188980103,499.6937255859375
0.08236220479011536,633.9527587890625,0.4007102847099304,500.7707214355469
0.22267717123031616,111.07874298095703,0.19810979068279266,91.9039306640625
1.064566969871521,331.2362060546875,0.9253413081169128,403.9774169921875
0.113543301820755,375.26776123046875,0.06246035918593407,408.33050537109375
0.659212589263916,133.094482421875,0.6621142029762268,94.18245697021484
0.6436220407485962,78.05511474609375,0.5041037797927856,127.27020263671875
1.0801575183868408,606.4330444335938,0.8088055849075317,664.4100952148438
0.3941732347011566,325.7322692871094,0.39461174607276917,350.7479553222656
0.7839370369911194,100.07086944580078,0.7991669774055481,83.9544906616211
0.08236220479011536,78.05511474609375,0.0707184374332428,102.12154388427734
1.4075590372085571,39.527557373046875,1.3256568908691406,54.30309295654297
1.9220472574234009,595.4251708984375,1.745622992515564,611.6995849609375
1.6881890296936035,265.18896484375,1.5591133832931519,221.93673706054688
0.3785826861858368,655.968505859375,0.41424980759620667,616.0776977539062
1.423149585723877,309.220458984375,1.3525969982147217,305.274169921875
1.4387401342391968,402.78741455078125,1.0812664031982422,490.1482238769531
0.815118134021759,584.4172973632812,1.2234923839569092,499.9497985839844
0.113543301820755,386.2756042480469,-0.1879667192697525,519.8519897460938
1.9688189029693604,199.14173889160156,2.090636968612671,237.3566131591797
1.2204724550247192,463.33074951171875,1.4608207941055298,458.15301513671875
1.2204724550247192,155.1102294921875,1.6831121444702148,103.49544525146484
0.40976378321647644,188.13388061523438,0.47486260533332825,167.58526611328125
0.09795275330543518,45.031494140625,0.11061221361160278,32.80965805053711
1.5790550708770752,402.78741455078125,1.6828855276107788,384.37445068359375
0.3006299138069153,232.16537475585938,0.3733603060245514,254.87557983398438
1.017795443534851,661.472412109375,1.1216468811035156,585.0120239257812
0.5188976526260376,226.66140747070312,0.5582820177078247,203.5570068359375
0.5500787496566772,413.7952880859375,0.38031578063964844,478.3149719238281
1.3140157461166382,639.4566650390625,1.7940342426300049,505.6060791015625
0.5033071041107178,331.2362060546875,0.7750759720802307,316.7287292480469
1.7193701267242432,67.0472412109375,1.4986528158187866,89.12446594238281
1.8440945148468018,221.15748596191406,1.6496658325195312,296.06451416015625
0.908661425113678,105.5748062133789,0.9638015627861023,119.3175277709961
0.3162204623222351,298.21258544921875,0.21683858335018158,403.0822448730469
0.3162204623222351,606.4330444335938,0.24533142149448395,520.1900024414062
0.7371653318405151,226.66140747070312,0.780010998249054,244.56735229492188
0.42535433173179626,215.65354919433594,0.39292892813682556,228.18380737304688
1.6414172649383545,490.85040283203125,1.6799726486206055,373.5635070800781
1.2204724550247192,336.7401428222656,1.4169048070907593,362.02825927734375
1.7193701267242432,254.1811065673828,1.552789330482483,288.4467468261719
0.5033071041107178,556.8976440429688,0.3972199559211731,583.8262329101562
1.4543306827545166,386.2756042480469,2.034595012664795,382.5637512207031
0.5033071041107178,655.968505859375,0.3238505721092224,673.910888671875
0.3941732347011566,61.54330825805664,0.45848995447158813,16.721736907958984
0.238267719745636,331.2362060546875,0.08778679370880127,434.6485595703125
0.05118110775947571,325.7322692871094,0.1531965583562851,331.25274658203125
0.05118110775947571,507.3622131347656,0.39134854078292847,420.269287109375
0.7059842348098755,523.8740234375,0.7200894951820374,564.3176879882812
0.7215747833251953,281.7007751464844,0.6151536703109741,307.0602722167969
0.8774803280830383,160.61416625976562,0.5168225169181824,301.17034912109375
1.4699212312698364,215.65354919433594,1.3012886047363281,254.8894500732422
0.42535433173179626,567.905517578125,0.5053845047950745,554.9851684570312
1.2828346490859985,452.32281494140625,1.586724877357483,365.95880126953125
1.2204724550247192,501.8582763671875,1.5108559131622314,492.2515869140625
0.26944881677627563,463.33074951171875,0.5339696407318115,392.3941650390625
0.6124409437179565,446.8188781738281,0.5137007832527161,487.0621337890625
1.3607873916625977,430.3070983886719,1.1179410219192505,477.6175231933594
1.2516535520553589,23.0157470703125,1.2343063354492188,49.305931091308594
1.812913417816162,606.4330444335938,1.7385578155517578,655.770263671875
1.0957480669021606,221.15748596191406,1.4287033081054688,160.21739196777344
1.734960675239563,347.7480163574219,1.4839619398117065,287.7906799316406
1.9688189029693604,666.9763793945312,1.457969069480896,630.8356323242188
0.08236220479011536,628.4487915039062,0.1258557140827179,672.15673828125
1.6881890296936035,644.9606323242188,1.7345446348190308,523.7523803710938
1.0333858728408813,100.07086944580078,0.9075270891189575,100.04338073730469
2.0,622.9448852539062,1.4328328371047974,628.1051025390625
0.48771652579307556,89.06298828125,0.3705082833766937,72.96990966796875
0.5968503952026367,540.3858032226562,0.6023734211921692,510.1534729003906
1.6414172649383545,1.0,1.4939073324203491,68.28062438964844
0.5344882011413574,1.0,0.551970362663269,9.584662437438965
0.8618897795677185,375.26776123046875,0.9421197175979614,316.4902648925781
0.6280314922332764,589.9212646484375,0.9567498564720154,491.03631591796875
1.3763779401779175,628.4487915039062,1.2037664651870728,543.192138671875
1.3140157461166382,138.59841918945312,1.1896218061447144,163.53009033203125
0.9242519736289978,435.81103515625,0.9257129430770874,407.4291687011719
1.6102361679077148,281.7007751464844,1.147444725036621,414.7890930175781
0.7683464288711548,628.4487915039062,1.1026265621185303,697.6381225585938
1.4075590372085571,342.24407958984375,1.653286337852478,377.1844787597656
2.0,12.00787353515625,1.8866124153137207,7.318256855010986
1.3919684886932373,452.32281494140625,1.3355571031570435,414.0356140136719
0.34740158915519714,215.65354919433594,0.3008127808570862,253.4005126953125
1.2984251976013184,56.039371490478516,1.430997371673584,-5.381378650665283
1.2828346490859985,182.62994384765625,1.2834709882736206,245.3295135498047
0.19149605929851532,254.1811065673828,0.12417612969875336,271.0772705078125
0.5812598466873169,683.4881591796875,0.8208487629890442,702.436767578125
1.7193701267242432,61.54330825805664,1.367142915725708,99.63822174072266
0.6436220407485962,446.8188781738281,0.7791756987571716,390.0240173339844
0.06677165627479553,226.66140747070312,0.23288802802562714,190.69667053222656
1.8440945148468018,358.7558898925781,1.602888584136963,409.7494201660156
0.26944881677627563,479.842529296875,0.2282184362411499,429.9941101074219
0.9398425221443176,144.10235595703125,0.8023003339767456,175.23651123046875
1.3451968431472778,419.2992248535156,1.1468782424926758,484.9496154785156
1.6414172649383545,28.519685745239258,1.4835569858551025,34.082889556884766
0.8930708765983582,166.11810302734375,1.013887882232666,132.634521484375
1.3919684886932373,391.779541015625,1.368241786956787,479.6766662597656
0.22267717123031616,683.4881591796875,0.1458672732114792,631.5022583007812
1.9844094514846802,50.53543472290039,1.841152548789978,62.435977935791016
0.9398425221443176,424.80316162109375,0.9559593796730042,424.0408630371094
0.6748031377792358,496.3543395996094,0.6881589889526367,573.4882202148438
0.33181101083755493,650.4645385742188,0.28502923250198364,545.97802734375
1.15811026096344,226.66140747070312,1.0983320474624634,377.48193359375
1.828503966331482,501.8582763671875,1.579766035079956,523.6165161132812
1.7193701267242432,347.7480163574219,1.626577377319336,349.7036437988281
1.8440945148468018,611.93701171875,1.8571608066558838,565.3633422851562
1.0333858728408813,56.039371490478516,1.0599603652954102,55.54566955566406
0.7683464288711548,430.3070983886719,0.9502502679824829,380.75177001953125
1.236063003540039,413.7952880859375,1.3535314798355103,400.4388427734375
1.5634645223617554,1.0,1.706060767173767,-1.7483177185058594
1.8596850633621216,617.44091796875,1.761827826499939,589.24365234375
0.08236220479011536,254.1811065673828,0.35037222504615784,197.8938751220703
0.7683464288711548,380.77166748046875,0.9165515303611755,444.989013671875
1.0489764213562012,628.4487915039062,0.9566715955734253,591.7644653320312
1.5322834253311157,655.968505859375,1.2741764783859253,617.58740234375
1.1737008094787598,122.08661651611328,1.1311787366867065,141.80462646484375
1.7193701267242432,270.6929016113281,1.3035955429077148,480.4419860839844
1.3451968431472778,149.60629272460938,1.3980308771133423,153.8494110107422
0.5500787496566772,457.8267517089844,0.8798672556877136,450.61871337890625
0.16031496226787567,12.00787353515625,0.35982099175453186,-41.58551788330078
1.6881890296936035,105.5748062133789,1.5348432064056396,120.52555847167969
1.2828346490859985,694.4960327148438,1.4821265935897827,709.5956420898438
1.5634645223617554,303.7165222167969,1.4126302003860474,369.83172607421875
1.7037795782089233,259.6850280761719,1.6506280899047852,276.4833679199219
1.8908661603927612,529.3779296875,1.5499951839447021,563.5225830078125
1.0957480669021606,100.07086944580078,0.8866806626319885,173.87515258789062
0.12913386523723602,1.0,0.20792043209075928,14.117424011230469
1.6725984811782837,298.21258544921875,1.7464600801467896,254.04263305664062
1.3140157461166382,144.10235595703125,1.465840220451355,111.21334838867188
0.7683464288711548,441.3149719238281,0.6649852395057678,516.5784912109375
0.3006299138069153,292.7086486816406,0.22902148962020874,273.1377868652344
1.7037795782089233,138.59841918945312,1.7156741619110107,123.03401184082031
0.12913386523723602,56.039371490478516,0.0891580730676651,54.68902587890625
0.752755880355835,358.7558898925781,0.897381067276001,332.6796569824219
1.064566969871521,700.0,1.3065499067306519,695.0350952148438
0.14472442865371704,672.4802856445312,0.09724065661430359,686.9445190429688
1.2984251976013184,562.4015502929688,1.359372854232788,532.7099609375
1.7973228693008423,677.9842529296875,2.0008246898651123,616.49365234375
0.05118110775947571,501.8582763671875,0.11445048451423645,592.06689453125
1.3451968431472778,45.031494140625,1.3899887800216675,35.168479919433594
1.4699212312698364,622.9448852539062,1.2691621780395508,661.7291259765625
1.2048819065093994,397.2834777832031,1.3891198635101318,398.3975830078125
0.5344882011413574,666.9763793945312,0.8544748425483704,550.5863647460938
1.7973228693008423,589.9212646484375,1.8881723880767822,579.1759033203125
0.28503936529159546,430.3070983886719,0.19216327369213104,457.1123962402344
0.7683464288711548,617.44091796875,0.7359810471534729,551.1458129882812
1.0801575183868408,468.8346862792969,0.9961681962013245,478.23211669921875
0.6903936862945557,666.9763793945312,1.0078052282333374,598.9519653320312
0.8774803280830383,523.8740234375,0.950149416923523,476.3543701171875
1.1737008094787598,89.06298828125,0.9056687355041504,111.20335388183594
0.3006299138069153,155.1102294921875,0.3716138005256653,127.76942443847656
1.4699212312698364,83.55905151367188,1.5711002349853516,80.66618347167969
1.0489764213562012,342.24407958984375,1.5793217420578003,262.544677734375
1.6881890296936035,666.9763793945312,1.5052565336227417,653.39794921875
1.6414172649383545,100.07086944580078,1.7932281494140625,47.03417205810547
0.48771652579307556,67.0472412109375,0.2785574197769165,99.1445083618164
1.3919684886932373,309.220458984375,1.5302990674972534,343.1029968261719
0.3941732347011566,94.56694030761719,0.4475858211517334,46.621673583984375
