target:h_c,target:sigma_k,predicted:h_c,predicted:sigma_k
1.9844094514846802,408.2913513183594,1.8903895616531372,513.7538452148438
1.2828346490859985,149.60629272460938,1.194444179534912,230.98631286621094
1.4855117797851562,683.4881591796875,1.851454496383667,639.7337646484375
1.8908661603927612,320.22833251953125,1.5272080898284912,342.3426818847656
0.28503936529159546,177.1259765625,0.2796207070350647,186.5645751953125
1.501102328300476,452.32281494140625,1.662721037864685,405.6612243652344
0.8930708765983582,50.53543472290039,1.0301281213760376,58.34443283081055
0.5656692981719971,6.503936767578125,0.5402809381484985,12.013867378234863
0.16031496226787567,375.26776123046875,0.08750846982002258,427.19439697265625
0.9710236191749573,34.02362060546875,1.116131067276001,59.71815490722656
0.815118134021759,402.78741455078125,0.816443145275116,446.3135986328125
1.501102328300476,501.8582763671875,1.3157953023910522,503.0471496582031
1.4543306827545166,325.7322692871094,1.552941918373108,332.0796203613281
1.0333858728408813,270.6929016113281,1.105420708656311,249.26925659179688
0.26944881677627563,105.5748062133789,0.22685453295707703,127.1634521484375
0.5500787496566772,39.527557373046875,0.5288631319999695,43.23916244506836
0.42535433173179626,529.3779296875,0.4697072505950928,596.9402465820312
0.5500787496566772,672.4802856445312,0.49331212043762207,694.3821411132812
1.329606294631958,303.7165222167969,1.5274680852890015,292.9822692871094
0.4409448802471161,446.8188781738281,0.553796112537384,374.7724609375
0.06677165627479553,100.07086944580078,0.0616244301199913,98.09770965576172
1.2048819065093994,314.7243957519531,1.245153784751892,305.2595520019531
0.3006299138069153,391.779541015625,0.4748193621635437,372.9068908691406
1.0957480669021606,325.7322692871094,1.449676275253296,352.0245666503906
1.828503966331482,375.26776123046875,1.6379191875457764,495.9132080078125
1.4699212312698364,589.9212646484375,1.433793306350708,532.9797973632812
0.19149605929851532,617.44091796875,0.3561725616455078,503.3653869628906
0.12913386523723602,446.8188781738281,0.3209088444709778,407.6503601074219
1.064566969871521,672.4802856445312,1.0884084701538086,583.8699340820312
0.8462992310523987,463.33074951171875,0.9740669131278992,487.17413330078125
1.4075590372085571,331.2362060546875,1.3764406442642212,470.5855407714844
0.40976378321647644,166.11810302734375,0.526354968547821,145.8262176513672
0.7839370369911194,6.503936767578125,0.8567477464675903,-8.84394359588623
0.7683464288711548,446.8188781738281,0.9064339995384216,344.0304870605469
1.3607873916625977,298.21258544921875,1.7435500621795654,231.9874267578125
0.09795275330543518,364.2598876953125,0.040398433804512024,392.1122741699219
0.08236220479011536,380.77166748046875,0.07057271897792816,434.797607421875
0.6903936862945557,12.00787353515625,0.7427840828895569,-1.7216906547546387
1.8596850633621216,28.519685745239258,1.8197160959243774,5.985544681549072
0.908661425113678,424.80316162109375,1.174371600151062,518.6025390625
0.9398425221443176,551.3936767578125,1.337430477142334,452.8624572753906
0.8774803280830383,342.24407958984375,1.0585227012634277,277.2656555175781
1.501102328300476,551.3936767578125,1.1139391660690308,615.6427612304688
1.6881890296936035,353.251953125,1.7510523796081543,341.2839050292969
0.4565354287624359,50.53543472290039,0.5532431602478027,61.28453063964844
1.2984251976013184,210.1496124267578,1.0842090845108032,390.5200500488281
0.8930708765983582,369.7638244628906,0.8951234817504883,429.85748291015625
1.7193701267242432,171.62203979492188,1.5937634706497192,220.9977264404297
0.33181101083755493,595.4251708984375,0.37307706475257874,487.3250732421875
1.1425197124481201,666.9763793945312,1.1886987686157227,480.74310302734375
0.7839370369911194,155.1102294921875,0.8005481958389282,165.11228942871094
0.9554330706596375,325.7322692871094,0.9752244353294373,367.6184387207031
1.2672441005706787,578.9133911132812,1.3325234651565552,549.9551391601562
1.4387401342391968,661.472412109375,1.334949254989624,688.3609008789062
1.2048819065093994,215.65354919433594,1.3107882738113403,157.08033752441406
0.6124409437179565,468.8346862792969,0.44002804160118103,505.216064453125
0.09795275330543518,518.3700561523438,0.2760087549686432,438.5057373046875
0.3785826861858368,600.9291381835938,0.48423662781715393,476.31671142578125
0.12913386523723602,122.08661651611328,0.22024789452552795,134.2895965576172
1.6414172649383545,347.7480163574219,1.9403396844863892,381.05621337890625
1.3607873916625977,534.8818969726562,1.2563140392303467,573.5293579101562
0.019999999552965164,287.2047119140625,0.13295458257198334,318.8758850097656
0.9242519736289978,171.62203979492188,1.168653130531311,134.3423614501953
1.5322834253311157,56.039371490478516,1.7389906644821167,37.50009536743164
0.47212597727775574,210.1496124267578,0.5372557044029236,193.85821533203125
0.5812598466873169,314.7243957519531,0.5903699994087219,261.29736328125
0.9554330706596375,199.14173889160156,0.9848564267158508,218.80551147460938
1.594645619392395,512.8661499023438,1.5384963750839233,566.7205200195312
1.9376378059387207,270.6929016113281,1.4906286001205444,550.2693481445312
1.5634645223617554,23.0157470703125,1.6400623321533203,-24.308513641357422
0.9242519736289978,342.24407958984375,1.0169283151626587,379.493408203125
1.516692876815796,353.251953125,1.6619211435317993,277.1187744140625
1.4855117797851562,287.2047119140625,1.2073941230773926,424.16998291015625
1.5322834253311157,617.44091796875,1.5456479787826538,531.1090698242188
0.06677165627479553,325.7322692871094,0.06679998338222504,409.6393737792969
0.5188976526260376,50.53543472290039,0.5771098136901855,56.33833312988281
0.20708660781383514,677.9842529296875,0.2754262387752533,560.1544189453125
1.4699212312698364,309.220458984375,1.367852807044983,403.5888977050781
1.6102361679077148,650.4645385742188,1.2832627296447754,605.106689453125
1.0801575183868408,463.33074951171875,0.9505849480628967,465.3741455078125
1.2984251976013184,644.9606323242188,1.5073591470718384,553.239501953125
1.7193701267242432,380.77166748046875,1.708219051361084,373.7575988769531
1.1737008094787598,430.3070983886719,1.2486847639083862,349.6562194824219
0.40976378321647644,210.1496124267578,0.3460834324359894,256.228271484375
0.12913386523723602,199.14173889160156,0.16812875866889954,223.0195770263672
1.017795443534851,105.5748062133789,1.0381886959075928,125.86714935302734
0.12913386523723602,226.66140747070312,0.09177599847316742,300.16534423828125
1.4543306827545166,210.1496124267578,1.270172357559204,355.4487609863281
0.7683464288711548,160.61416625976562,1.0756789445877075,132.98495483398438
1.9844094514846802,556.8976440429688,1.7843270301818848,560.4141235351562
1.0801575183868408,496.3543395996094,1.4832223653793335,580.5010375976562
1.906456708908081,94.56694030761719,1.875680685043335,74.76624298095703
2.0,490.85040283203125,1.6507508754730225,626.9570922851562
1.9688189029693604,298.21258544921875,2.1029679775238037,203.24234008789062
1.4855117797851562,600.9291381835938,1.706349492073059,469.8588562011719
0.12913386523723602,611.93701171875,0.4870890974998474,381.90777587890625
0.08236220479011536,435.81103515625,0.14682450890541077,404.12664794921875
1.0957480669021606,375.26776123046875,0.8248955011367798,476.9263916015625
0.5033071041107178,402.78741455078125,0.5725811123847961,375.3092956542969
0.36299213767051697,655.968505859375,0.43006962537765503,543.2095336914062
1.1269291639328003,457.8267517089844,1.7094322443008423,304.2092590332031
0.6436220407485962,1.0,0.6775002479553223,-0.37885963916778564
0.12913386523723602,50.53543472290039,0.1844940483570099,57.78730392456055
1.1425197124481201,446.8188781738281,0.8499923348426819,593.8336181640625
1.5322834253311157,144.10235595703125,1.6046581268310547,148.72474670410156
0.16031496226787567,166.11810302734375,0.3421897292137146,149.11265563964844
0.7371653318405151,133.094482421875,0.8351902365684509,112.64675903320312
0.5344882011413574,364.2598876953125,0.6536514163017273,350.83148193359375
0.9398425221443176,424.80316162109375,1.2661446332931519,413.797607421875
0.5344882011413574,28.519685745239258,0.4793522357940674,50.94840621948242
0.2538582682609558,364.2598876953125,0.2944539785385132,376.4257507324219
1.6102361679077148,276.19683837890625,1.4068524837493896,403.7494812011719
0.16031496226787567,78.05511474609375,0.13986186683177948,113.72830963134766
0.9554330706596375,204.6456756591797,0.8321099281311035,225.75717163085938
1.6570079326629639,1.0,1.7264090776443481,13.309347152709961
0.752755880355835,193.63780212402344,0.984660804271698,134.49122619628906
0.09795275330543518,617.44091796875,0.2360697239637375,661.7149658203125
1.329606294631958,138.59841918945312,1.11233389377594,170.91578674316406
0.3785826861858368,56.039371490478516,0.3780609667301178,73.31964111328125
0.9710236191749573,655.968505859375,0.9949272274971008,603.4236450195312
0.3006299138069153,468.8346862792969,0.557407557964325,411.4779968261719
1.5790550708770752,402.78741455078125,1.7297083139419556,366.1204528808594
1.734960675239563,144.10235595703125,1.7569832801818848,175.0659942626953
0.8307086825370789,292.7086486816406,0.7265363335609436,269.3648376464844
0.9710236191749573,210.1496124267578,1.084376335144043,187.7251739501953
0.9398425221443176,138.59841918945312,0.7201634049415588,227.08009338378906
1.6258267164230347,523.8740234375,1.6273598670959473,516.1160278320312
0.48771652579307556,534.8818969726562,0.6664252281188965,445.87554931640625
0.9242519736289978,144.10235595703125,0.6352818012237549,210.1407928466797
1.2828346490859985,358.7558898925781,1.5056049823760986,336.91705322265625
0.47212597727775574,507.3622131347656,0.2821158766746521,571.5481567382812
1.1892913579940796,600.9291381835938,1.3936944007873535,531.0406494140625
1.0489764213562012,248.6771697998047,0.9644096493721008,371.6621398925781
0.05118110775947571,111.07874298095703,0.19308224320411682,92.03620147705078
0.33181101083755493,617.44091796875,0.530046820640564,592.7969360351562
0.7995275855064392,78.05511474609375,0.6630526185035706,109.15968322753906
0.6280314922332764,479.842529296875,0.9960363507270813,333.19915771484375
1.5322834253311157,270.6929016113281,1.530434489250183,328.6266174316406
0.5188976526260376,237.66929626464844,0.6937877535820007,208.9294891357422
1.423149585723877,259.6850280761719,1.4482264518737793,350.46026611328125
1.516692876815796,666.9763793945312,1.7350022792816162,586.25390625
1.1113386154174805,259.6850280761719,1.2211107015609741,270.70751953125
1.8440945148468018,210.1496124267578,2.077505350112915,229.04525756835938
0.5656692981719971,545.8897705078125,0.3601277768611908,541.734619140625
1.516692876815796,28.519685745239258,1.6170052289962769,31.3633975982666
1.4075590372085571,551.3936767578125,1.5249820947647095,499.7660827636719
0.3941732347011566,45.031494140625,0.37746164202690125,78.34071350097656
1.0801575183868408,391.779541015625,1.1903527975082397,378.2206115722656
1.828503966331482,111.07874298095703,1.7656490802764893,134.42152404785156
1.6102361679077148,45.031494140625,1.3930269479751587,100.49878692626953
1.906456708908081,512.8661499023438,1.8666504621505737,646.793701171875
0.08236220479011536,237.66929626464844,0.05773825943470001,249.8196258544922
1.2516535520553589,512.8661499023438,1.1934047937393188,536.4922485351562
0.20708660781383514,144.10235595703125,0.3027154207229614,122.75941467285156
0.14472442865371704,182.62994384765625,0.24483029544353485,162.50608825683594
0.42535433173179626,611.93701171875,0.5437019467353821,596.1417846679688
0.6436220407485962,584.4172973632812,0.7482403516769409,546.322509765625
0.09795275330543518,188.13388061523438,0.259844571352005,177.289306640625
1.8908661603927612,628.4487915039062,1.8449416160583496,544.720458984375
0.20708660781383514,78.05511474609375,0.33215174078941345,68.90397644042969
1.6102361679077148,237.66929626464844,1.7468714714050293,207.81028747558594
1.6414172649383545,617.44091796875,1.8863074779510498,561.431640625
0.1759055107831955,523.8740234375,0.38780099153518677,528.42724609375
0.8462992310523987,199.14173889160156,0.7682009339332581,232.64862060546875
0.22267717123031616,474.3385925292969,0.38377711176872253,387.9934387207031
0.47212597727775574,193.63780212402344,0.3583541810512543,253.68116760253906
0.12913386523723602,589.9212646484375,0.056467946618795395,602.662841796875
2.0,193.63780212402344,1.956756591796875,173.35983276367188
0.47212597727775574,45.031494140625,0.48567429184913635,52.63393020629883
0.33181101083755493,683.4881591796875,0.23508919775485992,685.4061279296875
0.9398425221443176,584.4172973632812,0.9696446061134338,654.6519775390625
0.48771652579307556,386.2756042480469,0.4910941421985626,384.8938293457031
0.28503936529159546,369.7638244628906,0.4880678057670593,321.62640380859375
0.5968503952026367,556.8976440429688,0.8784898519515991,424.5716247558594
1.6570079326629639,166.11810302734375,1.645798921585083,222.33673095703125
1.0957480669021606,589.9212646484375,1.1236516237258911,579.5686645507812
0.8618897795677185,276.19683837890625,1.030989646911621,270.2699890136719
1.3451968431472778,463.33074951171875,1.0432299375534058,517.8638916015625
1.516692876815796,177.1259765625,1.4968127012252808,135.25436401367188
0.16031496226787567,578.9133911132812,0.23103711009025574,541.8162231445312
0.8618897795677185,111.07874298095703,0.7590596079826355,116.11570739746094
0.3941732347011566,89.06298828125,0.5260605216026306,66.88204193115234
0.36299213767051697,628.4487915039062,0.3473285436630249,566.3748779296875
0.019999999552965164,523.8740234375,-0.15523433685302734,613.2846069335938
1.501102328300476,655.968505859375,1.3946638107299805,650.4143676757812
1.1892913579940796,336.7401428222656,1.2762941122055054,487.3529052734375
0.8462992310523987,226.66140747070312,1.105728268623352,171.15643310546875
1.5634645223617554,474.3385925292969,1.6259257793426514,446.6029052734375
1.734960675239563,226.66140747070312,1.4196046590805054,275.2007141113281
1.5478739738464355,677.9842529296875,1.6042978763580322,519.2286987304688
1.4387401342391968,336.7401428222656,1.6488547325134277,361.164306640625
0.7371653318405151,210.1496124267578,0.7416505217552185,244.12933349609375
1.7505512237548828,116.58268737792969,1.6508591175079346,118.45064544677734
0.815118134021759,6.503936767578125,0.8513506650924683,16.191253662109375
0.9242519736289978,89.06298828125,0.9400255680084229,113.8199462890625
1.828503966331482,100.07086944580078,1.5427919626235962,197.71197509765625
1.3919684886932373,424.80316162109375,1.452823281288147,469.42095947265625
0.7995275855064392,100.07086944580078,0.8618758320808411,79.26529693603516
0.05118110775947571,182.62994384765625,0.07050752639770508,197.26812744140625
1.9220472574234009,243.17323303222656,1.5565273761749268,216.1049041748047
1.6725984811782837,171.62203979492188,1.9077632427215576,191.21925354003906
1.828503966331482,166.11810302734375,1.5962235927581787,255.94143676757812
0.3785826861858368,105.5748062133789,0.4709688127040863,89.41033935546875
0.03559055179357529,12.00787353515625,0.1109415739774704,-13.190147399902344
1.6102361679077148,490.85040283203125,1.4511873722076416,445.84326171875
1.7505512237548828,105.5748062133789,1.7278506755828857,81.30033874511719
1.8752756118774414,243.17323303222656,1.9651989936828613,229.24783325195312
1.0801575183868408,127.5905532836914,1.089552879333496,176.86900329589844
1.0022047758102417,298.21258544921875,1.1685142517089844,250.88563537597656
1.3140157461166382,287.2047119140625,1.4414265155792236,285.1722106933594
1.9376378059387207,430.3070983886719,1.950012445449829,520.5706176757812
1.9376378059387207,12.00787353515625,1.782347559928894,90.31079864501953
0.815118134021759,430.3070983886719,1.0833224058151245,410.06048583984375
0.03559055179357529,457.8267517089844,0.2937493622303009,382.5059814453125
0.8774803280830383,265.18896484375,1.0567160844802856,273.1614074707031
1.4387401342391968,485.3464660644531,1.5387228727340698,417.7340087890625
1.7193701267242432,276.19683837890625,1.8436695337295532,178.9706573486328
0.36299213767051697,100.07086944580078,0.4459964632987976,87.45758819580078
0.5812598466873169,644.9606323242188,0.5944575071334839,633.498046875
1.7661417722702026,17.511810302734375,1.5164788961410522,75.17327880859375
0.8618897795677185,402.78741455078125,0.9256051182746887,388.263916015625
0.3162204623222351,56.039371490478516,0.4125135540962219,42.33066940307617
1.1425197124481201,595.4251708984375,1.2749921083450317,498.7999267578125
0.4409448802471161,600.9291381835938,0.582879900932312,625.398193359375
1.0022047758102417,545.8897705078125,0.9427154064178467,630.783203125
0.5812598466873169,331.2362060546875,0.5939449071884155,326.6218566894531
1.0333858728408813,430.3070983886719,1.4026458263397217,418.8611145019531
1.9220472574234009,78.05511474609375,1.7644343376159668,112.59471130371094
0.1759055107831955,259.6850280761719,0.24849475920200348,255.49014282226562
0.5344882011413574,419.2992248535156,0.5052964687347412,471.99493408203125
0.7995275855064392,507.3622131347656,0.7424769401550293,565.5830688476562
1.7817323207855225,391.779541015625,1.7574000358581543,430.73590087890625
1.6414172649383545,452.32281494140625,1.677204966545105,484.43267822265625
1.9376378059387207,661.472412109375,2.0200955867767334,601.4452514648438
1.4387401342391968,408.2913513183594,1.513313889503479,452.21490478515625
1.7973228693008423,281.7007751464844,1.6535762548446655,313.697265625
1.9376378059387207,424.80316162109375,1.5814634561538696,496.6302795410156
1.828503966331482,644.9606323242188,1.6339216232299805,703.3615112304688
0.7059842348098755,402.78741455078125,1.2527248859405518,339.7784729003906
0.7683464288711548,628.4487915039062,1.1181832551956177,512.0739135742188
1.7505512237548828,100.07086944580078,1.8366528749465942,109.15911865234375
0.14472442865371704,518.3700561523438,0.19038783013820648,521.9737548828125
1.9532283544540405,644.9606323242188,1.9419670104980469,518.5874633789062
0.4565354287624359,611.93701171875,0.6591977477073669,639.5975952148438
1.2672441005706787,133.094482421875,1.298053503036499,172.0010986328125
0.22267717123031616,149.60629272460938,0.18907468020915985,188.1101531982422
1.7037795782089233,116.58268737792969,1.4960376024246216,152.48143005371094
1.7037795782089233,375.26776123046875,1.4842339754104614,459.43096923828125
0.3941732347011566,650.4645385742188,0.371654212474823,646.6295166015625
1.7037795782089233,567.905517578125,1.7227932214736938,455.0640563964844
1.5478739738464355,490.85040283203125,1.4732096195220947,530.2257080078125
1.7505512237548828,606.4330444335938,1.8416578769683838,664.261962890625
1.2204724550247192,303.7165222167969,0.8798907399177551,427.38970947265625
0.8774803280830383,309.220458984375,0.5826467871665955,459.8232421875
1.8908661603927612,672.4802856445312,1.9404754638671875,699.67919921875
0.9398425221443176,672.4802856445312,1.0006933212280273,618.2644653320312
1.6570079326629639,353.251953125,1.803174376487732,394.8014221191406
1.0489764213562012,276.19683837890625,1.5098657608032227,186.07859802246094
1.7973228693008423,298.21258544921875,1.723086953163147,399.7371826171875
1.3763779401779175,133.094482421875,1.5332536697387695,110.40790557861328
0.9710236191749573,490.85040283203125,0.9977238774299622,592.740966796875
1.4543306827545166,226.66140747070312,1.8257298469543457,182.13218688964844
1.734960675239563,105.5748062133789,1.7981200218200684,40.9454345703125
1.7973228693008423,672.4802856445312,1.549254298210144,561.28857421875
1.0957480669021606,347.7480163574219,0.8642231225967407,423.791259765625
0.33181101083755493,523.8740234375,0.41422364115715027,509.1254577636719
0.12913386523723602,606.4330444335938,0.17775079607963562,493.6580505371094
0.5033071041107178,34.02362060546875,0.5376619696617126,9.59545612335205
1.4543306827545166,518.3700561523438,2.106454610824585,396.7863464355469
0.908661425113678,457.8267517089844,1.0166786909103394,378.4006042480469
0.7995275855064392,496.3543395996094,0.5685507655143738,523.8328247070312
0.5656692981719971,210.1496124267578,0.49936923384666443,213.49459838867188
1.329606294631958,485.3464660644531,1.106087327003479,531.9658813476562
1.6102361679077148,232.16537475585938,1.4806910753250122,310.4040222167969
1.2516535520553589,545.8897705078125,1.0346018075942993,528.8345947265625
1.6414172649383545,628.4487915039062,1.8599445819854736,544.4611206054688
1.4387401342391968,545.8897705078125,1.391700029373169,491.62335205078125
1.15811026096344,567.905517578125,1.1951602697372437,578.8763427734375
1.516692876815796,655.968505859375,1.8805488348007202,439.29840087890625
1.6725984811782837,512.8661499023438,1.6451098918914795,537.7738647460938
0.47212597727775574,474.3385925292969,0.6067056655883789,457.6184387207031
1.1425197124481201,226.66140747070312,0.8855680227279663,322.8796081542969
0.22267717123031616,562.4015502929688,0.20143042504787445,684.4732666015625
1.4387401342391968,507.3622131347656,1.6843736171722412,474.764404296875
0.47212597727775574,1.0,0.5360867381095886,-4.7649688720703125
0.5188976526260376,446.8188781738281,0.8594793677330017,324.00689697265625
0.8307086825370789,655.968505859375,1.232618808746338,537.2708740234375
1.8596850633621216,144.10235595703125,1.5005667209625244,170.39251708984375
0.6748031377792358,94.56694030761719,0.7808583378791809,100.20561981201172
0.908661425113678,320.22833251953125,0.8225750923156738,364.59161376953125
0.14472442865371704,83.55905151367188,0.16211090981960297,103.19794464111328
1.0957480669021606,622.9448852539062,1.3044320344924927,628.2652587890625
1.7505512237548828,23.0157470703125,1.7504130601882935,62.82374954223633
0.20708660781383514,402.78741455078125,0.26573923230171204,414.1471862792969
0.42535433173179626,243.17323303222656,0.49701595306396484,222.64877319335938
1.3451968431472778,6.503936767578125,1.3126336336135864,31.585025787353516
1.7193701267242432,237.66929626464844,1.5263406038284302,369.91229248046875
1.1425197124481201,1.0,1.3925637006759644,-46.21029281616211
0.8774803280830383,402.78741455078125,0.9061406850814819,388.22991943359375
1.9220472574234009,369.7638244628906,1.515128493309021,341.9814147949219
0.47212597727775574,688.9921264648438,0.4424644708633423,567.8547973632812
1.0489764213562012,573.409423828125,1.2678108215332031,534.5918579101562
0.3006299138069153,688.9921264648438,0.24574391543865204,557.8958129882812
0.16031496226787567,380.77166748046875,0.14393772184848785,404.26611328125
0.16031496226787567,551.3936767578125,0.2295127660036087,525.8749389648438
1.4387401342391968,595.4251708984375,1.5826632976531982,536.5704956054688
1.8752756118774414,644.9606323242188,1.5509788990020752,612.3781127929688
0.3785826861858368,534.8818969726562,0.4498666226863861,456.8762512207031
0.47212597727775574,56.039371490478516,0.3888855576515198,81.48099517822266
1.4543306827545166,23.0157470703125,1.6603262424468994,11.480020523071289
0.22267717123031616,468.8346862792969,0.32160893082618713,472.44036865234375
1.3451968431472778,655.968505859375,1.6663531064987183,454.5174255371094
1.594645619392395,688.9921264648438,1.4944511651992798,608.6445922851562
0.6748031377792358,17.511810302734375,0.6932657957077026,18.709463119506836
0.36299213767051697,518.3700561523438,0.5235647559165955,512.0394897460938
0.019999999552965164,485.3464660644531,0.1009112298488617,483.7381286621094
0.8774803280830383,215.65354919433594,1.1530576944351196,185.98663330078125
0.3006299138069153,265.18896484375,0.6245649456977844,168.17726135253906
0.238267719745636,171.62203979492188,0.3634566366672516,168.80453491210938
0.9866141676902771,430.3070983886719,1.3054615259170532,406.3214416503906
1.906456708908081,320.22833251953125,1.5632439851760864,417.0760192871094
0.5812598466873169,39.527557373046875,0.4793855547904968,65.07843017578125
0.3785826861858368,677.9842529296875,0.53913414478302,570.4378051757812
0.47212597727775574,353.251953125,0.44907400012016296,446.2298583984375
0.08236220479011536,386.2756042480469,0.18782521784305573,341.65606689453125
0.22267717123031616,67.0472412109375,0.26360103487968445,76.179931640625
0.8307086825370789,199.14173889160156,0.7702782154083252,223.3138427734375
1.0957480669021606,127.5905532836914,1.0843925476074219,157.57742309570312
1.4387401342391968,666.9763793945312,1.6127020120620728,489.3604431152344
0.9710236191749573,314.7243957519531,1.0990726947784424,322.7670593261719
0.19149605929851532,89.06298828125,0.3419950604438782,77.32195281982422
0.14472442865371704,556.8976440429688,0.16060371696949005,540.6917724609375
1.9532283544540405,265.18896484375,1.1797562837600708,531.7933349609375
0.48771652579307556,435.81103515625,0.8444616794586182,382.3722839355469
1.8440945148468018,551.3936767578125,1.9504668712615967,522.0333251953125
0.3785826861858368,364.2598876953125,0.4222239851951599,393.7762756347656
1.4075590372085571,413.7952880859375,1.5536822080612183,420.5430603027344
1.2204724550247192,138.59841918945312,1.1514761447906494,160.63760375976562
1.5322834253311157,644.9606323242188,1.9459236860275269,528.3237915039062
0.09795275330543518,39.527557373046875,0.21277852356433868,14.515758514404297
0.5812598466873169,380.77166748046875,0.6235024333000183,451.38409423828125
1.2984251976013184,501.8582763671875,1.6172654628753662,491.2807922363281
1.4543306827545166,700.0,1.5369501113891602,506.84979248046875
1.5790550708770752,556.8976440429688,1.7555662393569946,487.5010986328125
0.05118110775947571,67.0472412109375,0.14693230390548706,70.75370788574219
0.3162204623222351,606.4330444335938,0.37504222989082336,521.9913330078125
0.2538582682609558,589.9212646484375,0.23090924322605133,551.1476440429688
0.09795275330543518,122.08661651611328,0.13392947614192963,116.9314956665039
0.34740158915519714,567.905517578125,0.4685898423194885,513.412353515625
0.14472442865371704,534.8818969726562,0.2308354526758194,596.1129150390625
1.8752756118774414,446.8188781738281,1.6535230875015259,457.1712341308594
1.4699212312698364,573.409423828125,1.8553048372268677,566.3001708984375
0.6748031377792358,567.905517578125,0.9585171341896057,588.26904296875
1.1113386154174805,606.4330444335938,1.21513032913208,586.9862060546875
1.1737008094787598,672.4802856445312,1.1712098121643066,711.4437255859375
1.4387401342391968,672.4802856445312,1.523665189743042,679.8666381835938
0.5656692981719971,237.66929626464844,0.6622796058654785,243.02691650390625
0.40976378321647644,661.472412109375,0.4278045892715454,556.4775390625
1.1425197124481201,166.11810302734375,1.1324607133865356,178.98040771484375
1.423149585723877,408.2913513183594,1.4788323640823364,382.5167541503906
1.7505512237548828,39.527557373046875,1.5973856449127197,74.63141632080078
1.1892913579940796,100.07086944580078,1.3016929626464844,113.68824768066406
0.06677165627479553,166.11810302734375,-0.038633447140455246,189.6015167236328
0.16031496226787567,584.4172973632812,0.2296196073293686,602.1747436523438
1.6725984811782837,111.07874298095703,1.1776912212371826,217.1902313232422
0.815118134021759,578.9133911132812,1.3246352672576904,456.39727783203125
0.22267717123031616,133.094482421875,0.22138945758342743,149.5193634033203
1.0489764213562012,243.17323303222656,1.1561955213546753,270.9825134277344
1.1425197124481201,254.1811065673828,1.2100728750228882,278.024658203125
0.26944881677627563,28.519685745239258,0.426498681306839,-35.644474029541016
0.8930708765983582,573.409423828125,0.7499063611030579,656.4078369140625
1.5790550708770752,622.9448852539062,1.766859531402588,683.638916015625
0.8774803280830383,67.0472412109375,0.8158249258995056,81.25849151611328
1.1113386154174805,518.3700561523438,1.2816418409347534,581.5943603515625
0.16031496226787567,540.3858032226562,0.09689843654632568,552.137939453125
0.36299213767051697,72.55117797851562,0.3251957893371582,71.88784790039062
1.812913417816162,149.60629272460938,1.6229183673858643,169.32293701171875
1.906456708908081,457.8267517089844,1.8141134977340698,457.8364562988281
1.6570079326629639,518.3700561523438,1.6715046167373657,539.3707885742188
1.2048819065093994,94.56694030761719,1.0201847553253174,144.39576721191406
1.3451968431472778,298.21258544921875,1.064544677734375,444.3385314941406
1.236063003540039,226.66140747070312,1.5241594314575195,195.3306427001953
1.4543306827545166,413.7952880859375,1.397112250328064,488.490234375
1.1425197124481201,270.6929016113281,1.0340514183044434,373.3115234375
1.5634645223617554,105.5748062133789,1.2061892747879028,197.0244140625
0.26944881677627563,578.9133911132812,0.3385823667049408,555.884765625
0.5500787496566772,215.65354919433594,0.5474779605865479,173.35296630859375
0.7839370369911194,248.6771697998047,0.8171218633651733,284.76446533203125
0.8462992310523987,650.4645385742188,0.8504589200019836,637.0231323242188
1.516692876815796,408.2913513183594,1.4047318696975708,429.924072265625
0.3785826861858368,314.7243957519531,0.5474236607551575,304.0786437988281
1.423149585723877,457.8267517089844,1.4995180368423462,586.7623901367188
1.3607873916625977,287.2047119140625,1.5099817514419556,273.4000549316406
1.4855117797851562,232.16537475585938,1.0999175310134888,342.8037414550781
1.6258267164230347,199.14173889160156,1.2153263092041016,241.04364013671875
0.9398425221443176,276.19683837890625,0.9194921851158142,285.0777587890625
1.7817323207855225,622.9448852539062,1.5501232147216797,551.6866455078125
1.0022047758102417,166.11810302734375,1.1081916093826294,181.73138427734375
0.22267717123031616,375.26776123046875,0.19617526233196259,393.5602111816406
1.2048819065093994,83.55905151367188,1.3390973806381226,90.27406311035156
1.3607873916625977,50.53543472290039,1.530356764793396,49.559288024902344
1.9376378059387207,199.14173889160156,1.9272452592849731,209.02061462402344
0.5033071041107178,111.07874298095703,0.43588823080062866,154.4275360107422
1.15811026096344,171.62203979492188,1.1181973218917847,184.2053680419922
1.3919684886932373,237.66929626464844,1.6689023971557617,214.2694854736328
0.9398425221443176,501.8582763671875,1.0365831851959229,483.1754150390625
0.6124409437179565,78.05511474609375,0.6609829068183899,94.10643768310547
0.33181101083755493,545.8897705078125,0.4613457918167114,552.2775268554688
0.3162204623222351,17.511810302734375,0.48453858494758606,-15.946054458618164
0.5968503952026367,402.78741455078125,0.573218584060669,382.0535583496094
0.05118110775947571,320.22833251953125,0.12068004906177521,301.0223693847656
1.0801575183868408,567.905517578125,1.218170404434204,665.8812866210938
0.6903936862945557,485.3464660644531,0.7914118766784668,448.66326904296875
0.36299213767051697,529.3779296875,0.8287060856819153,397.2814025878906
1.9376378059387207,39.527557373046875,1.830681562423706,37.311702728271484
0.34740158915519714,452.32281494140625,0.49135076999664307,429.4600830078125
1.594645619392395,34.02362060546875,1.9148510694503784,-28.31962013244629
0.6436220407485962,111.07874298095703,0.633655846118927,139.99005126953125
1.4855117797851562,529.3779296875,1.3954441547393799,596.0698852539062
0.6124409437179565,138.59841918945312,0.7236542105674744,129.59872436523438
0.47212597727775574,155.1102294921875,0.577593982219696,185.5267333984375
0.34740158915519714,105.5748062133789,0.4945661127567291,55.13934326171875
0.5656692981719971,221.15748596191406,0.8257572054862976,173.59820556640625
1.7817323207855225,666.9763793945312,1.76084303855896,591.4645385742188
1.1269291639328003,12.00787353515625,1.1130774021148682,30.425382614135742
1.8440945148468018,358.7558898925781,1.4648295640945435,407.08251953125
0.47212597727775574,430.3070983886719,0.2753651738166809,526.3522338867188
1.5478739738464355,540.3858032226562,1.3662422895431519,595.6331787109375
0.5500787496566772,50.53543472290039,0.5979463458061218,36.437355041503906
0.6436220407485962,413.7952880859375,0.5253400802612305,502.34893798828125
1.0957480669021606,358.7558898925781,1.1876217126846313,461.5395812988281
1.7973228693008423,644.9606323242188,1.4351314306259155,597.1775512695312
0.815118134021759,474.3385925292969,0.7300347089767456,538.1414184570312
1.15811026096344,452.32281494140625,1.6034902334213257,389.52850341796875
0.5656692981719971,666.9763793945312,0.6596789956092834,597.9164428710938
1.2672441005706787,413.7952880859375,1.5223352909088135,506.13775634765625
0.5344882011413574,12.00787353515625,0.6315827369689941,-8.553934097290039
0.14472442865371704,50.53543472290039,0.19232720136642456,68.60660552978516
1.7973228693008423,430.3070983886719,1.6596481800079346,474.3937683105469
0.019999999552965164,688.9921264648438,3.98978590965271e-05,696.9330444335938
1.2204724550247192,650.4645385742188,1.4221752882003784,547.3740234375
1.7037795782089233,364.2598876953125,1.6164023876190186,491.9765319824219
1.6725984811782837,303.7165222167969,1.6687833070755005,381.4300231933594
0.7839370369911194,402.78741455078125,0.8016658425331116,447.12591552734375
1.8908661603927612,105.5748062133789,1.558308720588684,207.2418670654297
1.8752756118774414,584.4172973632812,1.7867887020111084,669.102294921875
0.3162204623222351,490.85040283203125,0.37137049436569214,469.4782409667969
1.7661417722702026,584.4172973632812,1.4774647951126099,648.6931762695312
0.3941732347011566,105.5748062133789,0.44539251923561096,107.35733032226562
0.42535433173179626,501.8582763671875,0.21739894151687622,567.843017578125
0.113543301820755,479.842529296875,0.13467036187648773,532.0482788085938
1.15811026096344,446.8188781738281,1.1654114723205566,468.4874572753906
0.019999999552965164,298.21258544921875,-0.0042979903519153595,313.0976257324219
1.1113386154174805,177.1259765625,1.1551311016082764,160.17356872558594
1.3451968431472778,17.511810302734375,1.4608014822006226,-1.7009332180023193
1.1269291639328003,210.1496124267578,0.7863178849220276,299.3119812011719
1.1269291639328003,424.80316162109375,1.5337814092636108,419.47442626953125
1.9844094514846802,287.2047119140625,1.9692635536193848,362.0513610839844
0.7059842348098755,573.409423828125,0.8405992388725281,550.1270751953125
0.9554330706596375,578.9133911132812,1.256592035293579,533.6903076171875
1.4699212312698364,331.2362060546875,1.130418062210083,370.0460510253906
0.33181101083755493,248.6771697998047,0.303275465965271,249.45458984375
0.5656692981719971,364.2598876953125,0.784813404083252,306.70703125
0.7995275855064392,320.22833251953125,0.4654502272605896,452.87078857421875
0.8618897795677185,430.3070983886719,0.8530747294425964,459.4881896972656
0.8462992310523987,573.409423828125,1.1375993490219116,472.69500732421875
0.8930708765983582,402.78741455078125,1.0509752035140991,380.8835144042969
0.3941732347011566,193.63780212402344,0.5192211866378784,176.83108520507812
0.6436220407485962,232.16537475585938,0.47474467754364014,327.6116943359375
1.0489764213562012,155.1102294921875,1.0648478269577026,135.9578857421875
0.7215747833251953,617.44091796875,0.7385626435279846,534.2913208007812
0.48771652579307556,474.3385925292969,0.8884223699569702,400.67987060546875
1.6881890296936035,391.779541015625,1.377533197402954,613.7130737304688
1.9688189029693604,474.3385925292969,1.3910409212112427,650.449951171875
0.9242519736289978,688.9921264648438,1.3987016677856445,670.8456420898438
1.8440945148468018,562.4015502929688,1.896782398223877,521.1688232421875
0.16031496226787567,12.00787353515625,0.27487242221832275,0.19231116771697998
1.828503966331482,589.9212646484375,1.8971753120422363,596.6361694335938
1.423149585723877,463.33074951171875,1.7158011198043823,456.3108825683594
0.8462992310523987,529.3779296875,1.1235628128051758,425.0657958984375
1.6102361679077148,138.59841918945312,1.529506802558899,163.85009765625
1.7973228693008423,149.60629272460938,1.713533878326416,159.90785217285156
1.2204724550247192,287.2047119140625,1.2921357154846191,323.8896179199219
1.6725984811782837,45.031494140625,1.7359631061553955,58.568851470947266
0.4409448802471161,105.5748062133789,0.4401211142539978,133.97425842285156
1.329606294631958,193.63780212402344,1.4321038722991943,187.8473663330078
0.7995275855064392,474.3385925292969,0.8032889366149902,512.228515625
1.828503966331482,314.7243957519531,1.190867304801941,394.066162109375
0.36299213767051697,468.8346862792969,0.39100533723831177,469.5768737792969
1.5634645223617554,666.9763793945312,1.6853532791137695,552.5476684570312
1.0022047758102417,336.7401428222656,1.2551466226577759,298.3806457519531
0.7059842348098755,628.4487915039062,0.8090311884880066,616.850830078125
0.9554330706596375,386.2756042480469,1.150712013244629,405.8003234863281
0.7371653318405151,12.00787353515625,0.8394977450370789,4.075861930847168
1.6570079326629639,138.59841918945312,1.492793321609497,164.41146850585938
1.828503966331482,518.3700561523438,1.5929008722305298,487.6286315917969
1.3763779401779175,138.59841918945312,1.5276614427566528,118.79955291748047
1.0333858728408813,56.039371490478516,1.1251744031906128,66.7984619140625
1.8908661603927612,270.6929016113281,1.6776015758514404,253.39430236816406
0.7683464288711548,545.8897705078125,1.0256251096725464,524.8677368164062
1.828503966331482,177.1259765625,1.4522279500961304,254.5134735107422
0.08236220479011536,111.07874298095703,0.15645691752433777,124.89234161376953
1.2672441005706787,281.7007751464844,1.27217435836792,300.74249267578125
0.5656692981719971,105.5748062133789,0.5502737760543823,113.1260986328125
0.8930708765983582,259.6850280761719,1.1305712461471558,287.1619567871094
1.9532283544540405,171.62203979492188,1.6710200309753418,275.6267395019531
0.09795275330543518,694.4960327148438,0.13156954944133759,628.7188110351562
1.6881890296936035,688.9921264648438,1.9918274879455566,487.2727966308594
0.3162204623222351,111.07874298095703,0.320352703332901,134.66220092773438
0.08236220479011536,177.1259765625,0.18758058547973633,199.64515686035156
0.06677165627479553,364.2598876953125,-0.10085536539554596,460.48553466796875
0.7215747833251953,650.4645385742188,0.9749403595924377,508.5075988769531
0.03559055179357529,694.4960327148438,0.1332213431596756,598.0526123046875
0.9554330706596375,133.094482421875,1.151498556137085,134.02432250976562
1.329606294631958,309.220458984375,1.3441251516342163,264.2163391113281
0.28503936529159546,138.59841918945312,0.3940938413143158,124.72015380859375
1.4543306827545166,523.8740234375,1.5331850051879883,428.8375244140625
0.1759055107831955,138.59841918945312,0.41581156849861145,87.65319061279297
0.7371653318405151,78.05511474609375,0.9849205017089844,33.97474670410156
1.4387401342391968,12.00787353515625,1.6817470788955688,6.997440338134766
0.12913386523723602,309.220458984375,0.09665761888027191,297.654296875
1.0489764213562012,320.22833251953125,0.9941567778587341,329.0082702636719
0.3941732347011566,578.9133911132812,0.3963058888912201,524.7259521484375
0.8774803280830383,617.44091796875,1.4000039100646973,489.0224914550781
0.3006299138069153,303.7165222167969,0.4884919822216034,255.28842163085938
0.22267717123031616,39.527557373046875,0.3759537637233734,36.52200698852539
1.828503966331482,320.22833251953125,1.7818697690963745,385.1470031738281
1.236063003540039,683.4881591796875,1.1310365200042725,686.55419921875
0.7215747833251953,171.62203979492188,0.566957950592041,236.2880859375
0.9242519736289978,375.26776123046875,1.0626976490020752,382.5720520019531
0.6280314922332764,639.4566650390625,0.5526385307312012,591.91748046875
0.06677165627479553,661.472412109375,0.2798074185848236,486.9318542480469
1.6725984811782837,94.56694030761719,1.2207127809524536,226.4700164794922
1.1113386154174805,61.54330825805664,1.2961369752883911,43.26347732543945
1.734960675239563,545.8897705078125,1.6243798732757568,571.1441040039062
0.08236220479011536,413.7952880859375,0.10447008907794952,388.7651062011719
1.017795443534851,342.24407958984375,0.9264045357704163,355.8865966796875
0.4409448802471161,633.9527587890625,0.5056891441345215,581.3065185546875
1.0022047758102417,540.3858032226562,1.256071925163269,474.0557861328125
0.09795275330543518,633.9527587890625,0.22670677304267883,606.2238159179688
1.6725984811782837,589.9212646484375,2.0057759284973145,506.5289306640625
1.6414172649383545,507.3622131347656,1.4734675884246826,633.8748779296875
1.0957480669021606,452.32281494140625,1.1951820850372314,499.3533020019531
1.5478739738464355,556.8976440429688,1.450415015220642,588.560302734375
0.659212589263916,380.77166748046875,0.5543462038040161,474.0068664550781
1.4075590372085571,122.08661651611328,1.066962718963623,207.80032348632812
1.7973228693008423,127.5905532836914,1.712193489074707,135.42926025390625
1.1737008094787598,177.1259765625,1.1012797355651855,222.9903106689453
0.238267719745636,325.7322692871094,0.2683030068874359,356.3145751953125
0.7995275855064392,127.5905532836914,0.7400607466697693,143.13099670410156
1.0801575183868408,694.4960327148438,0.9738965034484863,709.3803100585938
1.2672441005706787,298.21258544921875,1.6655631065368652,211.77305603027344
0.3162204623222351,336.7401428222656,0.6550983786582947,264.06585693359375
1.7661417722702026,122.08661651611328,1.5585601329803467,156.19198608398438
1.3451968431472778,578.9133911132812,1.5955963134765625,587.6276245117188
1.828503966331482,633.9527587890625,1.5159846544265747,644.4872436523438
0.08236220479011536,556.8976440429688,0.41694197058677673,486.3938903808594
0.7683464288711548,452.32281494140625,0.7458382844924927,602.7037963867188
0.7683464288711548,485.3464660644531,0.5788195133209229,552.99072265625
1.3140157461166382,644.9606323242188,1.5636484622955322,651.2544555664062
0.5968503952026367,633.9527587890625,0.4268238842487335,575.2516479492188
1.2828346490859985,562.4015502929688,1.6298269033432007,455.5782165527344
0.12913386523723602,391.779541015625,0.2169462889432907,381.0470275878906
1.1425197124481201,292.7086486816406,1.335427165031433,299.3473205566406
0.659212589263916,122.08661651611328,0.7093747854232788,115.6072769165039
0.8774803280830383,545.8897705078125,1.3996920585632324,435.905517578125
0.9710236191749573,182.62994384765625,0.8982195854187012,211.82650756835938
1.3140157461166382,397.2834777832031,1.4079816341400146,396.8266296386719
1.3140157461166382,589.9212646484375,1.0578289031982422,709.9144287109375
1.906456708908081,144.10235595703125,1.4714999198913574,260.8450927734375
0.03559055179357529,243.17323303222656,0.15363392233848572,263.415771484375
0.34740158915519714,17.511810302734375,0.3415582776069641,11.756921768188477
1.2204724550247192,56.039371490478516,1.2519553899765015,84.92109680175781
1.4387401342391968,100.07086944580078,1.496900200843811,125.92298889160156
1.3140157461166382,259.6850280761719,1.5805071592330933,209.5152130126953
0.8307086825370789,457.8267517089844,1.0505387783050537,462.62158203125
2.0,507.3622131347656,1.7328156232833862,557.1527099609375
0.26944881677627563,490.85040283203125,0.335197389125824,521.7081909179688
2.0,644.9606323242188,1.6517680883407593,569.6637573242188
0.752755880355835,683.4881591796875,0.7696091532707214,695.83349609375
0.3006299138069153,94.56694030761719,0.3032855689525604,102.02980041503906
0.33181101083755493,45.031494140625,0.3600814640522003,42.81880569458008
1.6258267164230347,133.094482421875,1.839891791343689,106.03607177734375
1.7973228693008423,221.15748596191406,2.018497943878174,178.5234832763672
0.28503936529159546,507.3622131347656,0.4074346423149109,508.3175048828125
1.4387401342391968,248.6771697998047,1.407468318939209,358.6480712890625
1.6102361679077148,309.220458984375,1.3567593097686768,452.14337158203125
1.6881890296936035,463.33074951171875,1.6121196746826172,387.6517639160156
0.7371653318405151,177.1259765625,0.6485976576805115,227.56204223632812
1.4543306827545166,254.1811065673828,1.6871402263641357,243.89122009277344
0.26944881677627563,177.1259765625,0.42546990513801575,161.83975219726562
0.08236220479011536,89.06298828125,0.16831038892269135,78.42479705810547
1.4387401342391968,1.0,1.5245847702026367,-8.288692474365234
0.3785826861858368,61.54330825805664,0.43056976795196533,59.704620361328125
0.06677165627479553,595.4251708984375,-0.030225373804569244,570.276123046875
0.3785826861858368,446.8188781738281,0.5023320913314819,474.2662353515625
1.8752756118774414,490.85040283203125,1.7175171375274658,662.9798583984375
1.0957480669021606,6.503936767578125,1.1985052824020386,-4.1333818435668945
0.3162204623222351,567.905517578125,0.33638596534729004,484.9457092285156
0.8307086825370789,127.5905532836914,0.9511318802833557,116.88994598388672
1.2828346490859985,589.9212646484375,1.7843420505523682,546.0132446289062
1.8908661603927612,347.7480163574219,1.6725035905838013,372.7318420410156
1.7505512237548828,457.8267517089844,1.7979387044906616,553.0160522460938
1.828503966331482,248.6771697998047,1.414244294166565,284.1893005371094
0.09795275330543518,1.0,0.24120967090129852,8.7316255569458
0.659212589263916,369.7638244628906,0.6967512369155884,368.0898132324219
0.47212597727775574,281.7007751464844,0.7063412070274353,206.384765625
1.2672441005706787,523.8740234375,1.6181440353393555,473.65087890625
1.3140157461166382,127.5905532836914,1.3182820081710815,159.5952911376953
1.7505512237548828,413.7952880859375,1.6410651206970215,457.614013671875
0.9554330706596375,633.9527587890625,0.9799752831459045,608.7275390625
1.9376378059387207,215.65354919433594,1.6414583921432495,348.6158142089844
1.329606294631958,595.4251708984375,1.4071375131607056,559.5653686523438
1.6414172649383545,1.0,1.6905524730682373,-16.50586700439453
1.4075590372085571,644.9606323242188,1.6240684986114502,530.4210815429688
0.3941732347011566,364.2598876953125,0.44096124172210693,341.4781188964844
1.9532283544540405,281.7007751464844,1.84758460521698,276.56964111328125
1.9532283544540405,61.54330825805664,2.066007137298584,63.424068450927734
0.34740158915519714,336.7401428222656,0.6176631450653076,290.8906555175781
0.113543301820755,694.4960327148438,0.14515702426433563,584.1378784179688
1.064566969871521,221.15748596191406,1.1761943101882935,222.76161193847656
0.7371653318405151,83.55905151367188,0.7772794961929321,49.58256149291992
1.2672441005706787,204.6456756591797,0.9235411286354065,291.1676330566406
0.12913386523723602,292.7086486816406,0.18159611523151398,302.8050537109375
0.4409448802471161,353.251953125,0.5104128122329712,330.6280212402344
0.16031496226787567,413.7952880859375,0.2560601830482483,424.3097839355469
0.5656692981719971,270.6929016113281,0.6991363167762756,270.0659484863281
0.48771652579307556,204.6456756591797,0.6793028116226196,169.8294219970703
0.7995275855064392,221.15748596191406,0.6100403070449829,293.8774719238281
0.20708660781383514,17.511810302734375,0.35134097933769226,-6.04595947265625
1.1269291639328003,265.18896484375,1.2404720783233643,270.78204345703125
0.238267719745636,309.220458984375,0.36701861023902893,312.4620361328125
1.516692876815796,424.80316162109375,1.4455556869506836,430.93603515625
0.34740158915519714,562.4015502929688,0.4821035861968994,475.5284729003906
0.14472442865371704,496.3543395996094,0.40450865030288696,376.19439697265625
0.47212597727775574,391.779541015625,0.5965417623519897,379.0667724609375
1.0801575183868408,177.1259765625,1.4599517583847046,160.3314666748047
0.36299213767051697,397.2834777832031,0.7230046987533569,351.31915283203125
1.6258267164230347,617.44091796875,1.7775039672851562,492.42730712890625
1.9532283544540405,578.9133911132812,1.623549222946167,757.71923828125
0.8774803280830383,347.7480163574219,0.9460529088973999,399.1172790527344
1.3140157461166382,254.1811065673828,1.5389679670333862,186.90110778808594
1.15811026096344,661.472412109375,1.3160243034362793,529.9566040039062
0.9710236191749573,105.5748062133789,0.9330172538757324,136.81063842773438
1.6258267164230347,210.1496124267578,1.2944985628128052,246.39529418945312
0.12913386523723602,639.4566650390625,0.08718806505203247,637.929443359375
0.28503936529159546,303.7165222167969,0.4641137719154358,254.3964385986328
1.329606294631958,276.19683837890625,1.5455527305603027,196.84912109375
0.6436220407485962,105.5748062133789,0.6691937446594238,93.24688720703125
0.113543301820755,551.3936767578125,0.21013902127742767,527.6859130859375
0.7215747833251953,336.7401428222656,0.6153373718261719,440.69903564453125
0.8618897795677185,468.8346862792969,0.8209892511367798,488.96063232421875
0.5500787496566772,12.00787353515625,0.6054044365882874,12.195751190185547
1.516692876815796,507.3622131347656,1.8327586650848389,480.2959289550781
0.33181101083755493,666.9763793945312,0.3461263179779053,544.6603393554688
0.659212589263916,61.54330825805664,0.5225867033004761,103.00242614746094
1.9532283544540405,50.53543472290039,1.9325827360153198,46.379737854003906
1.6881890296936035,655.968505859375,1.8576453924179077,586.9854736328125
1.15811026096344,23.0157470703125,1.1550469398498535,-32.968109130859375
1.0333858728408813,644.9606323242188,0.8193712830543518,694.3848876953125
1.8440945148468018,12.00787353515625,1.8208059072494507,90.91659545898438
1.4699212312698364,534.8818969726562,1.4238719940185547,595.0350341796875
0.6903936862945557,17.511810302734375,0.7120407223701477,21.923538208007812
0.26944881677627563,56.039371490478516,0.25974002480506897,32.2729606628418
0.6124409437179565,700.0,0.908398449420929,538.3906860351562
0.33181101083755493,661.472412109375,0.2715267539024353,632.3425903320312
0.5033071041107178,369.7638244628906,0.5920898914337158,333.4300842285156
0.5968503952026367,397.2834777832031,0.5403104424476624,446.8272705078125
0.7839370369911194,589.9212646484375,1.2039154767990112,523.56787109375
1.236063003540039,28.519685745239258,1.4377150535583496,32.757659912109375
0.5033071041107178,94.56694030761719,0.3663826584815979,141.7128448486328
0.4565354287624359,380.77166748046875,0.86155104637146,291.08544921875
1.2672441005706787,529.3779296875,1.658527135848999,489.3678894042969
1.6881890296936035,650.4645385742188,1.1953083276748657,721.4801025390625
1.9376378059387207,347.7480163574219,1.3708001375198364,467.1494140625
0.7371653318405151,375.26776123046875,0.7632365226745605,386.0224609375
1.9688189029693604,496.3543395996094,1.9358543157577515,467.5818176269531
2.0,617.44091796875,2.0086610317230225,590.3306274414062
0.36299213767051697,490.85040283203125,0.4488978087902069,375.8829040527344
1.8596850633621216,661.472412109375,1.9823774099349976,569.918212890625
0.5188976526260376,100.07086944580078,0.5129401087760925,103.63389587402344
1.8908661603927612,188.13388061523438,1.8992661237716675,283.5189208984375
0.7215747833251953,72.55117797851562,0.7639575004577637,69.75877380371094
1.4699212312698364,375.26776123046875,1.583168387413025,391.3570861816406
1.516692876815796,111.07874298095703,1.697098970413208,37.490081787109375
0.7839370369911194,573.409423828125,0.8840430378913879,636.3038940429688
1.8596850633621216,650.4645385742188,1.762213945388794,709.4379272460938
0.019999999552965164,149.60629272460938,0.13283857703208923,144.34779357910156
0.8307086825370789,78.05511474609375,0.6555789113044739,131.23143005371094
1.4699212312698364,12.00787353515625,1.5261017084121704,-20.63688087463379
0.9710236191749573,89.06298828125,0.9517419338226318,108.49882507324219
0.8618897795677185,232.16537475585938,0.8082826733589172,270.0794982910156
0.019999999552965164,364.2598876953125,0.29282331466674805,275.7403869628906
0.6903936862945557,160.61416625976562,0.6478706002235413,222.89576721191406
0.8618897795677185,446.8188781738281,1.0283491611480713,338.9199523925781
1.4855117797851562,61.54330825805664,1.4268261194229126,67.70711517333984
1.5322834253311157,171.62203979492188,1.4911854267120361,147.9183807373047
0.5656692981719971,529.3779296875,0.4305195212364197,594.1258544921875
0.5500787496566772,639.4566650390625,0.5832524299621582,555.974853515625
0.6903936862945557,23.0157470703125,0.6768984198570251,43.51911544799805
2.0,413.7952880859375,1.412061095237732,471.4392395019531
0.09795275330543518,61.54330825805664,0.2224104404449463,45.08779525756836
1.4855117797851562,589.9212646484375,1.5069332122802734,534.6199340820312
0.9242519736289978,45.031494140625,0.864639401435852,88.59961700439453
0.03559055179357529,551.3936767578125,-0.007825471460819244,615.0146484375
1.7661417722702026,204.6456756591797,1.8144150972366333,216.86375427246094
0.7059842348098755,353.251953125,0.8498021364212036,332.103759765625
1.4699212312698364,215.65354919433594,1.514014720916748,167.36441040039062
1.8908661603927612,380.77166748046875,1.8610296249389648,547.3017578125
0.3785826861858368,100.07086944580078,0.3256000280380249,88.4487533569336
0.42535433173179626,259.6850280761719,0.528907060623169,301.72320556640625
0.8618897795677185,573.409423828125,0.9397262930870056,500.0831604003906
0.09795275330543518,628.4487915039062,0.21743503212928772,509.6202087402344
0.9242519736289978,683.4881591796875,1.3080641031265259,610.0285034179688
1.6881890296936035,232.16537475585938,1.4699509143829346,282.3658752441406
1.734960675239563,160.61416625976562,1.9470747709274292,202.11317443847656
1.516692876815796,672.4802856445312,1.5007736682891846,623.2274169921875
2.0,606.4330444335938,1.2962576150894165,585.5963134765625
0.09795275330543518,221.15748596191406,0.27604615688323975,186.13145446777344
0.36299213767051697,204.6456756591797,0.21614797413349152,220.15882873535156
0.113543301820755,441.3149719238281,0.10568276047706604,536.070068359375
1.8752756118774414,650.4645385742188,1.705950140953064,596.4276123046875
1.0957480669021606,611.93701171875,1.3624818325042725,576.4322509765625
1.1269291639328003,518.3700561523438,1.0647635459899902,590.845703125
0.36299213767051697,369.7638244628906,0.5838462710380554,296.13385009765625
1.5478739738464355,589.9212646484375,1.6273036003112793,516.91650390625
1.329606294631958,617.44091796875,1.4438912868499756,594.7017211914062
0.815118134021759,342.24407958984375,0.553524911403656,496.0997314453125
1.6414172649383545,672.4802856445312,1.7245135307312012,645.61279296875
0.05118110775947571,160.61416625976562,0.09145773947238922,198.76870727539062
0.22267717123031616,358.7558898925781,0.27462005615234375,358.7753601074219
0.5033071041107178,485.3464660644531,0.7133463621139526,370.82733154296875
2.0,595.4251708984375,1.8553111553192139,553.3787231445312
1.5478739738464355,408.2913513183594,1.5412030220031738,344.4878845214844
0.16031496226787567,606.4330444335938,0.3701777160167694,515.1641845703125
1.6102361679077148,342.24407958984375,1.365545392036438,448.4703674316406
0.6436220407485962,507.3622131347656,0.839862048625946,416.1424865722656
1.8908661603927612,127.5905532836914,1.785872459411621,73.5281753540039
1.4387401342391968,424.80316162109375,1.3995327949523926,476.3807067871094
0.9242519736289978,424.80316162109375,0.8974646329879761,467.1326599121094
1.4699212312698364,468.8346862792969,1.6691601276397705,613.481201171875
0.26944881677627563,534.8818969726562,0.3769824206829071,473.59771728515625
1.5790550708770752,419.2992248535156,1.609745979309082,392.4016418457031
1.7505512237548828,276.19683837890625,1.7429490089416504,255.88156127929688
0.12913386523723602,127.5905532836914,0.23962604999542236,88.76835632324219
0.7215747833251953,325.7322692871094,0.788286030292511,374.3119812011719
0.752755880355835,501.8582763671875,1.033395528793335,393.5620422363281
0.3785826861858368,248.6771697998047,0.4266742467880249,271.62158203125
0.19149605929851532,683.4881591796875,0.36143699288368225,564.6011352539062
1.8596850633621216,611.93701171875,1.8596304655075073,595.0254516601562
0.7839370369911194,595.4251708984375,0.6091165542602539,556.12158203125
0.36299213767051697,336.7401428222656,0.40116357803344727,338.41632080078125
1.4699212312698364,270.6929016113281,1.3193917274475098,351.5798034667969
0.16031496226787567,496.3543395996094,0.061640944331884384,567.5020141601562
1.828503966331482,694.4960327148438,1.6189020872116089,649.8261108398438
0.9554330706596375,402.78741455078125,0.8184123039245605,532.2936401367188
0.20708660781383514,452.32281494140625,0.14733073115348816,562.0376586914062
1.1269291639328003,655.968505859375,1.192945122718811,592.5525512695312
0.5968503952026367,369.7638244628906,0.47450724244117737,430.06402587890625
1.5634645223617554,221.15748596191406,1.3678958415985107,396.23681640625
1.0957480669021606,540.3858032226562,1.541826844215393,521.9525146484375
0.113543301820755,309.220458984375,0.15482506155967712,298.0433654785156
1.2984251976013184,666.9763793945312,1.5692874193191528,633.6434936523438
1.9844094514846802,122.08661651611328,1.5795533657073975,129.495849609375
0.36299213767051697,534.8818969726562,0.4681733250617981,482.1373291015625
0.16031496226787567,177.1259765625,0.26777413487434387,180.5550079345703
0.9554330706596375,545.8897705078125,1.1481010913848877,529.8740234375
1.1892913579940796,512.8661499023438,1.5217281579971313,518.689697265625
0.4409448802471161,672.4802856445312,0.7165083289146423,591.580078125
1.4855117797851562,314.7243957519531,1.499582052230835,328.23455810546875
1.423149585723877,518.3700561523438,1.3276164531707764,635.2941284179688
0.08236220479011536,468.8346862792969,-0.04822639003396034,568.8409423828125
1.064566969871521,485.3464660644531,1.1692686080932617,418.89703369140625
1.8440945148468018,23.0157470703125,1.70694100856781,76.873046875
0.5968503952026367,595.4251708984375,0.7592508792877197,466.17327880859375
1.064566969871521,144.10235595703125,0.9714433550834656,149.3420867919922
0.3785826861858368,237.66929626464844,0.4644860625267029,231.89869689941406
1.4543306827545166,67.0472412109375,1.6039384603500366,69.64501953125
0.5033071041107178,644.9606323242188,0.3620491325855255,709.5902099609375
1.4699212312698364,23.0157470703125,1.5511302947998047,20.312997817993164
1.812913417816162,177.1259765625,1.6470834016799927,185.8913116455078
0.20708660781383514,61.54330825805664,0.11286686360836029,49.476985931396484
1.017795443534851,232.16537475585938,1.082039713859558,221.26820373535156
1.9532283544540405,100.07086944580078,1.670426368713379,133.50238037109375
1.734960675239563,419.2992248535156,1.6571823358535767,486.3078918457031
1.8440945148468018,347.7480163574219,1.9968421459197998,243.0266876220703
1.2048819065093994,347.7480163574219,1.0944410562515259,364.88665771484375
0.47212597727775574,595.4251708984375,0.33365803956985474,621.4119873046875
0.8618897795677185,28.519685745239258,0.9050110578536987,29.683441162109375
1.3140157461166382,430.3070983886719,1.1950167417526245,469.2747802734375
0.05118110775947571,419.2992248535156,0.24712496995925903,375.95733642578125
1.3451968431472778,287.2047119140625,1.247205376625061,306.1101379394531
1.6258267164230347,221.15748596191406,1.0516806840896606,422.9549865722656
1.3451968431472778,507.3622131347656,1.5014134645462036,530.1612548828125
0.7371653318405151,265.18896484375,0.8847938776016235,236.057373046875
1.0957480669021606,193.63780212402344,0.8692635893821716,289.2537841796875
0.5033071041107178,61.54330825805664,0.6334949731826782,64.13755798339844
1.1269291639328003,501.8582763671875,0.9223623275756836,564.221435546875
0.6903936862945557,479.842529296875,0.5468243956565857,502.7232666015625
1.5634645223617554,182.62994384765625,1.5286023616790771,236.04148864746094
0.20708660781383514,446.8188781738281,0.27883556485176086,432.4424743652344
0.36299213767051697,226.66140747070312,0.29347699880599976,214.66697692871094
0.5033071041107178,545.8897705078125,0.5541577339172363,524.5682373046875
0.7839370369911194,655.968505859375,1.1929564476013184,601.6468505859375
0.22267717123031616,56.039371490478516,0.35421955585479736,38.029903411865234
1.9844094514846802,17.511810302734375,1.7941581010818481,14.054187774658203
0.5033071041107178,606.4330444335938,0.5407567620277405,621.2678833007812
0.6903936862945557,490.85040283203125,0.6167142987251282,520.1597290039062
1.9844094514846802,116.58268737792969,1.4033207893371582,282.4610290527344
1.1737008094787598,89.06298828125,1.0921076536178589,87.91680145263672
0.19149605929851532,149.60629272460938,0.3894479274749756,91.85435485839844
1.9220472574234009,452.32281494140625,2.1290338039398193,420.4538879394531
0.1759055107831955,133.094482421875,0.2478523999452591,120.63131713867188
0.28503936529159546,688.9921264648438,0.6944541335105896,507.9728088378906
0.8930708765983582,441.3149719238281,0.7687598466873169,560.0654296875
0.4565354287624359,512.8661499023438,0.48676151037216187,540.109130859375
0.5656692981719971,358.7558898925781,0.6984168291091919,361.5234069824219
0.6903936862945557,419.2992248535156,0.9479272365570068,390.4905700683594
1.0801575183868408,545.8897705078125,1.1237154006958008,674.7628173828125
0.09795275330543518,595.4251708984375,0.4343029260635376,551.4244995117188
1.7973228693008423,584.4172973632812,1.9003723859786987,608.7067260742188
1.594645619392395,281.7007751464844,1.5262128114700317,309.8908996582031
0.22267717123031616,89.06298828125,0.10380539298057556,100.71145629882812
1.5478739738464355,452.32281494140625,1.6481236219406128,576.2861938476562
1.6258267164230347,72.55117797851562,1.538415789604187,101.01832580566406
0.5188976526260376,61.54330825805664,0.5767804980278015,69.01530456542969
1.1269291639328003,342.24407958984375,0.969069242477417,399.92999267578125
1.7817323207855225,325.7322692871094,1.7697383165359497,354.1426086425781
0.238267719745636,12.00787353515625,0.344852089881897,29.790668487548828
0.5812598466873169,265.18896484375,0.6314079165458679,263.7105712890625
0.40976378321647644,61.54330825805664,0.4649727940559387,48.68294143676758
0.20708660781383514,622.9448852539062,0.44396650791168213,548.66357421875
0.9242519736289978,463.33074951171875,0.5345435738563538,610.4833984375
1.7661417722702026,633.9527587890625,1.614304780960083,373.76434326171875
0.1759055107831955,512.8661499023438,0.24642950296401978,473.7435607910156
0.6124409437179565,650.4645385742188,0.8205392360687256,594.8877563476562
1.0333858728408813,584.4172973632812,1.0636343955993652,461.7186584472656
0.7995275855064392,12.00787353515625,0.9018207788467407,-25.562345504760742
1.3763779401779175,248.6771697998047,1.3564329147338867,282.61376953125
0.42535433173179626,408.2913513183594,0.5285485982894897,412.8480224609375
0.8462992310523987,386.2756042480469,0.9759006500244141,380.68231201171875
1.8908661603927612,23.0157470703125,1.887754201889038,-9.209480285644531
0.9554330706596375,303.7165222167969,1.0718196630477905,296.1744689941406
0.7215747833251953,1.0,0.8368333578109741,-20.765806198120117
0.06677165627479553,430.3070983886719,-0.0004954971373081207,546.3880615234375
1.7973228693008423,303.7165222167969,1.6261614561080933,455.8607482910156
0.9866141676902771,287.2047119140625,1.3247896432876587,241.4379425048828
1.2516535520553589,672.4802856445312,1.3680680990219116,573.5126953125
0.03559055179357529,589.9212646484375,0.06352546811103821,614.5802001953125
0.16031496226787567,386.2756042480469,0.12800581753253937,456.61492919921875
1.6258267164230347,122.08661651611328,1.700993299484253,108.55960083007812
1.812913417816162,573.409423828125,1.427687406539917,536.9345703125
0.7371653318405151,611.93701171875,1.0225427150726318,479.0578918457031
0.5188976526260376,331.2362060546875,0.46227478981018066,407.12799072265625
0.7683464288711548,298.21258544921875,0.8982728719711304,283.622314453125
0.5500787496566772,287.2047119140625,0.5279872417449951,348.1795654296875
0.5500787496566772,567.905517578125,0.7153468132019043,474.23236083984375
1.734960675239563,67.0472412109375,1.7941572666168213,115.48046112060547
0.815118134021759,617.44091796875,1.0319995880126953,504.0122985839844
1.8596850633621216,127.5905532836914,2.0649406909942627,141.07118225097656
1.594645619392395,644.9606323242188,1.7636092901229858,486.88128662109375
1.423149585723877,237.66929626464844,0.9569346308708191,311.785400390625
1.9376378059387207,540.3858032226562,1.608965516090393,598.1475219726562
0.40976378321647644,144.10235595703125,0.4846571981906891,146.03868103027344
1.2672441005706787,677.9842529296875,1.6475502252578735,593.9461669921875
1.6102361679077148,622.9448852539062,1.8615797758102417,545.1284790039062
1.2204724550247192,72.55117797851562,1.4350097179412842,36.75826644897461
1.3140157461166382,375.26776123046875,1.6709274053573608,463.65863037109375
0.7683464288711548,490.85040283203125,0.5680323839187622,474.3443908691406
2.0,94.56694030761719,1.864648461341858,118.06513977050781
0.5188976526260376,545.8897705078125,0.8507662415504456,451.32818603515625
1.1425197124481201,578.9133911132812,1.2014063596725464,631.9652099609375
0.5344882011413574,204.6456756591797,0.7478035688400269,152.6775360107422
1.15811026096344,45.031494140625,1.2736908197402954,13.103365898132324
1.6570079326629639,149.60629272460938,1.7783561944961548,85.08014678955078
0.6436220407485962,50.53543472290039,0.7313612699508667,80.1240234375
1.15811026096344,127.5905532836914,0.8834747076034546,224.17701721191406
1.2828346490859985,595.4251708984375,1.097800850868225,588.2557983398438
1.906456708908081,171.62203979492188,1.3939621448516846,244.24209594726562
0.47212597727775574,149.60629272460938,0.35483095049858093,186.03282165527344
0.33181101083755493,424.80316162109375,0.590316891670227,444.0130920410156
0.7683464288711548,523.8740234375,1.1408088207244873,558.4802856445312
1.8908661603927612,375.26776123046875,1.583489179611206,532.4447021484375
1.828503966331482,457.8267517089844,1.3605929613113403,627.3668212890625
1.2672441005706787,237.66929626464844,1.4845466613769531,119.16092681884766
1.734960675239563,595.4251708984375,1.5525261163711548,552.6934814453125
1.2048819065093994,325.7322692871094,1.0123264789581299,366.5671691894531
1.828503966331482,210.1496124267578,1.843711018562317,181.7213134765625
0.20708660781383514,666.9763793945312,0.2014579176902771,535.4389038085938
1.1269291639328003,435.81103515625,1.58686363697052,325.5849304199219
0.6903936862945557,694.4960327148438,0.8232306241989136,580.5194091796875
0.08236220479011536,133.094482421875,0.0915115624666214,146.215576171875
0.20708660781383514,276.19683837890625,0.47971412539482117,231.6585235595703
0.16031496226787567,243.17323303222656,0.2944771349430084,221.21527099609375
0.16031496226787567,144.10235595703125,0.24351094663143158,104.59062957763672
1.2048819065093994,413.7952880859375,1.2183741331100464,366.77862548828125
0.9554330706596375,314.7243957519531,1.301825761795044,251.54640197753906
0.752755880355835,490.85040283203125,0.8232353925704956,400.6344909667969
0.2538582682609558,441.3149719238281,0.4858880937099457,432.58074951171875
0.6903936862945557,677.9842529296875,0.6875197887420654,659.6031494140625
1.329606294631958,600.9291381835938,1.6610411405563354,487.3063049316406
0.34740158915519714,320.22833251953125,0.2111816257238388,407.792236328125
0.8462992310523987,116.58268737792969,0.7895737290382385,172.4660186767578
1.329606294631958,122.08661651611328,1.30140221118927,113.73111724853516
1.9376378059387207,650.4645385742188,1.4734163284301758,696.5110473632812
1.9220472574234009,210.1496124267578,1.5068116188049316,257.37884521484375
0.33181101083755493,364.2598876953125,0.2907152771949768,370.4158935546875
1.3451968431472778,600.9291381835938,1.4337599277496338,513.9636840820312
0.08236220479011536,215.65354919433594,0.1348479688167572,226.29595947265625
1.5634645223617554,171.62203979492188,1.3268067836761475,192.7217559814453
0.28503936529159546,1.0,0.31879910826683044,-2.3543219566345215
0.9242519736289978,210.1496124267578,0.9819608926773071,216.7289276123047
1.2204724550247192,644.9606323242188,1.6118448972702026,524.3348999023438
0.06677165627479553,78.05511474609375,0.17053921520709991,91.07923126220703
0.8462992310523987,611.93701171875,1.101804494857788,635.433837890625
1.329606294631958,89.06298828125,1.3159112930297852,91.9494400024414
0.752755880355835,94.56694030761719,0.9396181106567383,93.82840728759766
1.5322834253311157,589.9212646484375,1.5695072412490845,580.484130859375
1.4075590372085571,408.2913513183594,1.4848836660385132,395.96875
0.08236220479011536,606.4330444335938,0.033864185214042664,593.1220703125
1.236063003540039,452.32281494140625,1.3977301120758057,433.0953369140625
0.6903936862945557,633.9527587890625,0.6560595035552979,632.1795654296875
1.594645619392395,474.3385925292969,1.7837249040603638,456.8186340332031
1.1737008094787598,617.44091796875,1.5534241199493408,441.2822570800781
0.33181101083755493,34.02362060546875,0.3201865255832672,44.596256256103516
1.423149585723877,633.9527587890625,1.4185841083526611,584.94873046875
1.6102361679077148,155.1102294921875,1.7806018590927124,124.28184509277344
1.0957480669021606,688.9921264648438,1.2997963428497314,624.9708251953125
0.2538582682609558,435.81103515625,0.34261417388916016,359.40277099609375
1.7505512237548828,397.2834777832031,1.7096329927444458,338.05120849609375
0.6436220407485962,72.55117797851562,0.5747660398483276,96.53876495361328
1.2516535520553589,661.472412109375,1.5300793647766113,557.4915161132812
1.329606294631958,573.409423828125,1.213633418083191,530.7906494140625
0.3785826861858368,380.77166748046875,0.5130518674850464,403.63995361328125
1.4855117797851562,380.77166748046875,1.32868230342865,493.90472412109375
0.659212589263916,666.9763793945312,0.3598063886165619,707.3054809570312
0.5344882011413574,611.93701171875,0.6798482537269592,545.2251586914062
0.8930708765983582,650.4645385742188,0.8972645401954651,681.2509155273438
0.9398425221443176,512.8661499023438,1.2361993789672852,504.9285583496094
1.15811026096344,496.3543395996094,1.327829122543335,499.1044921875
0.42535433173179626,512.8661499023438,0.35119032859802246,571.2180786132812
0.42535433173179626,485.3464660644531,0.7310949563980103,358.3131103515625
0.113543301820755,446.8188781738281,0.2256954163312912,551.5637817382812
1.1113386154174805,138.59841918945312,1.327889084815979,81.27775573730469
1.423149585723877,512.8661499023438,1.0493096113204956,652.80126953125
0.3162204623222351,655.968505859375,0.013163145631551743,730.3527221679688
0.19149605929851532,650.4645385742188,0.30671045184135437,657.4494018554688
1.2516535520553589,595.4251708984375,1.0202534198760986,554.4960327148438
1.516692876815796,50.53543472290039,1.540710210800171,57.33652114868164
0.19149605929851532,397.2834777832031,0.2097586691379547,325.5140075683594
0.33181101083755493,243.17323303222656,0.3507722020149231,217.1307373046875
0.8774803280830383,50.53543472290039,1.0889719724655151,12.973381996154785
0.1759055107831955,314.7243957519531,0.41120582818984985,243.01766967773438
0.34740158915519714,457.8267517089844,0.4456816017627716,493.8996887207031
1.9376378059387207,507.3622131347656,1.595840334892273,469.4716796875
1.6881890296936035,584.4172973632812,1.7080458402633667,590.2570190429688
0.1759055107831955,100.07086944580078,0.29960009455680847,82.7721939086914
1.734960675239563,677.9842529296875,1.89922297000885,549.7269897460938
1.1425197124481201,639.4566650390625,1.232679009437561,579.1752319335938
0.47212597727775574,700.0,0.61228346824646,586.6452026367188
1.734960675239563,397.2834777832031,1.6555038690567017,485.9938049316406
1.3919684886932373,133.094482421875,1.35952627658844,123.76345825195312
0.7371653318405151,644.9606323242188,0.9694933295249939,516.1119995117188
0.9554330706596375,171.62203979492188,1.341731071472168,114.19132995605469
1.1113386154174805,688.9921264648438,1.2201670408248901,601.3114013671875
0.9710236191749573,276.19683837890625,1.13796067237854,260.3865661621094
1.017795443534851,83.55905151367188,1.0805492401123047,91.72293090820312
0.4565354287624359,545.8897705078125,0.63459712266922,554.7247924804688
1.501102328300476,83.55905151367188,1.7013455629348755,40.39011001586914
0.659212589263916,226.66140747070312,0.7868843078613281,226.81396484375
0.16031496226787567,424.80316162109375,0.21658466756343842,379.0354309082031
1.3140157461166382,408.2913513183594,1.5156877040863037,342.7519226074219
0.20708660781383514,281.7007751464844,0.19589368999004364,297.2662658691406
1.423149585723877,358.7558898925781,1.2733741998672485,380.8276062011719
1.3140157461166382,17.511810302734375,1.4371403455734253,6.105463027954102
1.6881890296936035,600.9291381835938,1.5827580690383911,521.3338623046875
0.113543301820755,314.7243957519531,0.27909016609191895,304.4970703125
0.5968503952026367,413.7952880859375,0.8487961292266846,320.33709716796875
1.329606294631958,23.0157470703125,1.486567497253418,-13.43078327178955
0.26944881677627563,700.0,0.28041359782218933,641.5787353515625
1.7505512237548828,435.81103515625,1.7400941848754883,405.0473327636719
1.2516535520553589,287.2047119140625,1.5080316066741943,265.6266784667969
1.6258267164230347,578.9133911132812,1.2991527318954468,692.7799682617188
0.6748031377792358,424.80316162109375,0.6197148561477661,475.40264892578125
1.828503966331482,133.094482421875,1.9005576372146606,178.9297332763672
1.329606294631958,171.62203979492188,1.2117468118667603,193.064453125
0.09795275330543518,199.14173889160156,0.1670871526002884,184.861083984375
1.0333858728408813,193.63780212402344,1.1519359350204468,194.5326385498047
1.0957480669021606,496.3543395996094,1.07163667678833,552.6000366210938
1.7817323207855225,600.9291381835938,2.0217020511627197,639.9765625
0.48771652579307556,600.9291381835938,0.5326691269874573,519.6024169921875
2.0,270.6929016113281,1.8326895236968994,450.5742492675781
1.501102328300476,166.11810302734375,1.141610860824585,336.4373779296875
0.8462992310523987,468.8346862792969,0.8061626553535461,523.0542602539062
1.3451968431472778,424.80316162109375,1.5234981775283813,520.0152587890625
0.9398425221443176,331.2362060546875,1.4253638982772827,221.42416381835938
1.3140157461166382,534.8818969726562,1.340619444847107,557.4650268554688
1.4075590372085571,485.3464660644531,1.3111631870269775,546.7490234375
1.2984251976013184,353.251953125,1.0261878967285156,394.7948303222656
1.3451968431472778,419.2992248535156,0.8359362483024597,484.8768005371094
1.7193701267242432,490.85040283203125,2.105510711669922,552.614501953125
0.7215747833251953,320.22833251953125,1.0084331035614014,231.9398651123047
0.40976378321647644,650.4645385742188,0.3712301254272461,601.837158203125
1.2672441005706787,127.5905532836914,1.3376625776290894,137.51304626464844
1.9688189029693604,67.0472412109375,1.9181764125823975,66.18607330322266
1.9220472574234009,83.55905151367188,1.542319655418396,216.49526977539062
1.3919684886932373,204.6456756591797,1.2730029821395874,233.45509338378906
0.9710236191749573,474.3385925292969,0.9910262227058411,448.22882080078125
0.7683464288711548,419.2992248535156,0.9058824181556702,454.8700256347656
0.08236220479011536,694.4960327148438,0.01064230129122734,697.3154907226562
1.3607873916625977,435.81103515625,1.4567352533340454,534.9579467773438
0.3785826861858368,116.58268737792969,0.35748186707496643,118.17472839355469
0.9710236191749573,265.18896484375,0.8284322619438171,261.7076110839844
0.5033071041107178,501.8582763671875,0.3846036493778229,561.4669799804688
0.6436220407485962,611.93701171875,0.95973140001297,565.2649536132812
1.3919684886932373,501.8582763671875,1.674403429031372,493.8637390136719
1.4699212312698364,144.10235595703125,1.5325027704238892,143.5422821044922
1.2828346490859985,688.9921264648438,1.4920796155929565,779.180419921875
0.48771652579307556,479.842529296875,0.41441425681114197,506.0314025878906
0.6903936862945557,100.07086944580078,0.5281150341033936,143.9544219970703
1.1737008094787598,171.62203979492188,1.441335678100586,132.9125213623047
1.7193701267242432,545.8897705078125,1.759634017944336,532.6196899414062
0.28503936529159546,573.409423828125,0.2865602374076843,588.3713989257812
1.2204724550247192,540.3858032226562,1.3358138799667358,501.05633544921875
0.238267719745636,232.16537475585938,0.2686203122138977,226.65914916992188
1.7193701267242432,468.8346862792969,1.916720986366272,414.5265197753906
1.2204724550247192,358.7558898925781,1.1711928844451904,317.135009765625
1.9376378059387207,287.2047119140625,1.7284433841705322,360.98455810546875
1.8752756118774414,545.8897705078125,1.7640228271484375,585.006591796875
0.238267719745636,446.8188781738281,0.27156487107276917,476.46868896484375
1.9532283544540405,254.1811065673828,1.5261836051940918,422.8504638671875
1.6258267164230347,298.21258544921875,1.530221700668335,446.6870422363281
0.9242519736289978,556.8976440429688,1.172089695930481,459.5724182128906
1.9844094514846802,391.779541015625,1.5764151811599731,465.556396484375
0.238267719745636,83.55905151367188,0.23711079359054565,73.5705795288086
0.5656692981719971,468.8346862792969,0.6002619862556458,517.67236328125
1.236063003540039,694.4960327148438,1.3254401683807373,578.3759155273438
0.5656692981719971,309.220458984375,0.6728229522705078,273.2877197265625
1.4699212312698364,127.5905532836914,1.5036169290542603,168.3195343017578
1.064566969871521,50.53543472290039,1.2636845111846924,51.12483596801758
0.5500787496566772,314.7243957519531,0.6227577924728394,333.1678466796875
1.0022047758102417,89.06298828125,0.9634131789207458,111.80714416503906
1.5478739738464355,661.472412109375,1.7694711685180664,653.926025390625
1.3763779401779175,562.4015502929688,1.5627540349960327,480.2060546875
0.6124409437179565,639.4566650390625,0.5988547205924988,665.9025268554688
1.3919684886932373,375.26776123046875,1.628944754600525,265.9423522949219
1.8440945148468018,391.779541015625,1.7285003662109375,360.8136291503906
1.3763779401779175,358.7558898925781,1.4029203653335571,393.15185546875
0.3785826861858368,155.1102294921875,0.21212546527385712,193.0479736328125
1.5790550708770752,474.3385925292969,1.5503618717193604,422.8964538574219
0.28503936529159546,226.66140747070312,0.46399617195129395,212.21961975097656
1.2204724550247192,232.16537475585938,1.0899438858032227,271.24005126953125
0.7839370369911194,39.527557373046875,0.8632171154022217,21.066253662109375
1.8908661603927612,6.503936767578125,1.9367897510528564,-49.41510772705078
1.828503966331482,254.1811065673828,1.9448672533035278,216.4317169189453
1.9532283544540405,529.3779296875,1.9358175992965698,451.9950866699219
0.06677165627479553,127.5905532836914,0.19458244740962982,108.21045684814453
1.8752756118774414,529.3779296875,1.498684287071228,633.0491333007812
1.4543306827545166,490.85040283203125,1.3388917446136475,510.24078369140625
1.5478739738464355,441.3149719238281,1.6885309219360352,506.58489990234375
0.7371653318405151,243.17323303222656,0.8554727435112,260.57012939453125
0.3785826861858368,276.19683837890625,0.5594731569290161,232.68235778808594
0.752755880355835,540.3858032226562,0.6896151304244995,600.0365600585938
1.017795443534851,496.3543395996094,1.4982374906539917,568.5614624023438
1.4855117797851562,171.62203979492188,1.1974080801010132,250.10592651367188
0.12913386523723602,683.4881591796875,0.22987762093544006,503.0169372558594
0.5656692981719971,243.17323303222656,0.8231707811355591,180.8671875
0.08236220479011536,17.511810302734375,0.19539104402065277,50.67263412475586
0.5812598466873169,595.4251708984375,0.777203381061554,487.7174987792969
1.8596850633621216,655.968505859375,1.5367368459701538,578.0969848632812
0.5812598466873169,215.65354919433594,0.41868382692337036,278.030517578125
0.8930708765983582,232.16537475585938,0.9568641185760498,193.5598602294922
0.22267717123031616,650.4645385742188,0.2987852394580841,570.0548706054688
0.5968503952026367,479.842529296875,0.5133572816848755,591.5477905273438
1.2672441005706787,490.85040283203125,1.3581271171569824,459.4488525390625
1.2828346490859985,683.4881591796875,1.296609878540039,691.780517578125
0.6124409437179565,562.4015502929688,1.0904632806777954,477.7613525390625
1.5322834253311157,386.2756042480469,1.812615156173706,465.09722900390625
0.47212597727775574,628.4487915039062,0.5986924171447754,566.5532836914062
1.3607873916625977,578.9133911132812,1.5736637115478516,621.17041015625
0.40976378321647644,232.16537475585938,0.6405936479568481,150.41525268554688
1.064566969871521,452.32281494140625,1.1369272470474243,469.7065124511719
1.0333858728408813,688.9921264648438,0.9433567523956299,687.6617431640625
0.4565354287624359,166.11810302734375,0.3658125102519989,195.41326904296875
1.6258267164230347,650.4645385742188,1.3553881645202637,579.8560180664062
0.33181101083755493,380.77166748046875,0.20313598215579987,481.865966796875
0.5968503952026367,551.3936767578125,0.6401970982551575,628.557861328125
0.40976378321647644,347.7480163574219,0.48550936579704285,360.4061584472656
1.7193701267242432,474.3385925292969,1.4271810054779053,514.1116943359375
0.47212597727775574,419.2992248535156,0.42828434705734253,402.42822265625
0.8774803280830383,457.8267517089844,1.046425700187683,405.3392639160156
1.2204724550247192,193.63780212402344,1.1823822259902954,255.02130126953125
1.1737008094787598,259.6850280761719,1.3464295864105225,246.3223876953125
0.7683464288711548,331.2362060546875,0.74643874168396,302.5157165527344
0.06677165627479553,402.78741455078125,0.30577579140663147,346.75457763671875
1.5322834253311157,562.4015502929688,1.634895920753479,545.1395874023438
0.4565354287624359,331.2362060546875,0.24243047833442688,467.4664001464844
0.03559055179357529,584.4172973632812,0.21962162852287292,592.0958862304688
0.8774803280830383,298.21258544921875,1.216275691986084,231.37930297851562
1.4855117797851562,83.55905151367188,1.8738123178482056,1.2181391716003418
0.47212597727775574,39.527557373046875,0.49855291843414307,32.49595642089844
0.9554330706596375,380.77166748046875,0.9392865300178528,505.23358154296875
1.0801575183868408,39.527557373046875,1.0612130165100098,52.88797378540039
1.3140157461166382,6.503936767578125,1.367323398590088,-3.689134120941162
0.238267719745636,122.08661651611328,0.25720417499542236,109.25885009765625
1.7037795782089233,1.0,2.0569686889648438,-39.212974548339844
1.812913417816162,78.05511474609375,1.60471773147583,50.25379943847656
0.5033071041107178,83.55905151367188,0.48257285356521606,87.79505920410156
1.15811026096344,408.2913513183594,1.3975887298583984,402.7562255859375
0.09795275330543518,655.968505859375,0.10946716368198395,671.4940795898438
0.2538582682609558,342.24407958984375,0.37023818492889404,261.120361328125
0.8930708765983582,61.54330825805664,0.9575176239013672,81.92452239990234
1.3919684886932373,562.4015502929688,1.2586108446121216,517.8206176757812
0.7995275855064392,116.58268737792969,0.8040335178375244,124.14840698242188
1.7817323207855225,507.3622131347656,1.8888516426086426,451.3072814941406
0.48771652579307556,166.11810302734375,0.5883537530899048,147.9604034423828
0.8618897795677185,633.9527587890625,0.9184982180595398,591.7512817382812
0.5812598466873169,507.3622131347656,0.6182407736778259,580.475830078125
1.5478739738464355,650.4645385742188,1.7014576196670532,341.08917236328125
0.9866141676902771,644.9606323242188,1.2973171472549438,547.0709838867188
0.7059842348098755,441.3149719238281,0.5165683627128601,480.4289245605469
1.7505512237548828,639.4566650390625,1.4926092624664307,609.500244140625
0.5188976526260376,650.4645385742188,0.6311254501342773,629.6764526367188
1.3451968431472778,12.00787353515625,1.410158634185791,4.170834064483643
1.1425197124481201,353.251953125,0.930473804473877,478.6634216308594
0.6903936862945557,270.6929016113281,0.7045832872390747,265.6898498535156
1.2828346490859985,89.06298828125,1.2055048942565918,140.84852600097656
1.8908661603927612,441.3149719238281,1.5651867389678955,520.964599609375
1.5322834253311157,457.8267517089844,1.5697953701019287,535.0231323242188
0.42535433173179626,468.8346862792969,0.5765867233276367,465.00604248046875
1.2828346490859985,606.4330444335938,1.3367104530334473,470.4229431152344
1.516692876815796,116.58268737792969,1.5475026369094849,152.33583068847656
1.423149585723877,540.3858032226562,1.62629234790802,381.7995910644531
1.734960675239563,133.094482421875,1.7039387226104736,139.6743927001953
0.6436220407485962,694.4960327148438,0.3603234887123108,654.4802856445312
1.2672441005706787,215.65354919433594,0.9438483715057373,338.5568542480469
0.40976378321647644,72.55117797851562,0.4954861104488373,82.9659652709961
0.7683464288711548,413.7952880859375,1.0931134223937988,338.52716064453125
1.1113386154174805,34.02362060546875,1.2567147016525269,-8.637672424316406
1.7505512237548828,61.54330825805664,1.6379858255386353,92.30982971191406
0.5656692981719971,622.9448852539062,0.7198358178138733,481.3580017089844
1.5322834253311157,419.2992248535156,1.4775842428207397,460.9762878417969
0.34740158915519714,661.472412109375,0.42585352063179016,568.93798828125
1.8908661603927612,518.3700561523438,1.7582827806472778,535.802978515625
0.05118110775947571,694.4960327148438,0.14829766750335693,621.46044921875
1.9220472574234009,700.0,1.5439412593841553,740.8228149414062
1.8752756118774414,600.9291381835938,1.6234982013702393,610.97216796875
0.6280314922332764,694.4960327148438,0.8371400237083435,578.7069091796875
1.2984251976013184,578.9133911132812,1.2567578554153442,590.8309326171875
1.1113386154174805,452.32281494140625,1.3314149379730225,442.616943359375
1.8440945148468018,567.905517578125,1.7622146606445312,727.7046508789062
1.3140157461166382,380.77166748046875,1.378672480583191,461.279052734375
0.1759055107831955,347.7480163574219,0.24254313111305237,327.08233642578125
1.906456708908081,644.9606323242188,1.8983073234558105,618.5088500976562
1.3607873916625977,61.54330825805664,1.1339834928512573,111.02704620361328
0.8462992310523987,56.039371490478516,0.8408343195915222,67.69171142578125
0.5344882011413574,463.33074951171875,0.43460941314697266,479.7535400390625
1.2984251976013184,523.8740234375,1.2807254791259766,511.972412109375
1.7661417722702026,364.2598876953125,1.637122392654419,401.0273742675781
0.8618897795677185,380.77166748046875,1.1623857021331787,363.3912048339844
0.9554330706596375,342.24407958984375,0.6839874982833862,436.28253173828125
1.9376378059387207,496.3543395996094,1.683990478515625,606.0012817382812
1.594645619392395,193.63780212402344,1.7585934400558472,163.9259490966797
0.238267719745636,193.63780212402344,0.21380501985549927,251.5353546142578
1.2516535520553589,688.9921264648438,1.779813289642334,448.4795227050781
0.659212589263916,578.9133911132812,0.3060728907585144,696.6954345703125
0.12913386523723602,369.7638244628906,0.052929311990737915,416.66265869140625
1.5790550708770752,600.9291381835938,1.7946957349777222,607.5057373046875
0.3006299138069153,606.4330444335938,0.28566238284111023,480.4682922363281
0.05118110775947571,606.4330444335938,0.26161015033721924,570.389404296875
1.6881890296936035,265.18896484375,1.6030887365341187,299.7400207519531
1.7973228693008423,479.842529296875,1.2592885494232178,510.49432373046875
2.0,336.7401428222656,1.8621835708618164,341.92498779296875
0.6903936862945557,6.503936767578125,0.715840220451355,2.4184441566467285
1.3140157461166382,435.81103515625,1.5356568098068237,327.4505310058594
1.3763779401779175,468.8346862792969,1.7252061367034912,349.98394775390625
0.05118110775947571,661.472412109375,0.06995461881160736,639.9193725585938
0.6436220407485962,463.33074951171875,0.8004975318908691,477.7005310058594
1.1269291639328003,17.511810302734375,1.2727024555206299,16.48760986328125
0.7215747833251953,622.9448852539062,0.8586182594299316,564.485107421875
0.22267717123031616,61.54330825805664,0.19667978584766388,57.444461822509766
1.828503966331482,584.4172973632812,1.9187748432159424,533.518798828125
1.4699212312698364,386.2756042480469,1.3938720226287842,422.5301513671875
0.16031496226787567,457.8267517089844,0.1379799246788025,492.1525573730469
1.8908661603927612,276.19683837890625,1.705142855644226,290.99090576171875
0.8930708765983582,78.05511474609375,1.022919774055481,89.10284423828125
1.15811026096344,529.3779296875,1.2437248229980469,523.5931396484375
0.06677165627479553,204.6456756591797,0.03594081848859787,206.77024841308594
1.7193701267242432,342.24407958984375,1.7979291677474976,381.92974853515625
1.4543306827545166,331.2362060546875,1.6138685941696167,405.2763977050781
0.05118110775947571,688.9921264648438,0.05051711946725845,697.1717529296875
1.1425197124481201,408.2913513183594,1.326578140258789,421.45184326171875
0.6280314922332764,380.77166748046875,0.4935999810695648,436.1702880859375
0.03559055179357529,281.7007751464844,-0.04054718464612961,327.86358642578125
1.2828346490859985,430.3070983886719,1.4011976718902588,428.5081481933594
0.3006299138069153,512.8661499023438,0.36864495277404785,372.27655029296875
0.659212589263916,204.6456756591797,0.6410006880760193,235.68609619140625
0.19149605929851532,232.16537475585938,0.10958898067474365,222.45738220214844
0.7995275855064392,633.9527587890625,0.9458454847335815,718.6756591796875
0.8930708765983582,413.7952880859375,1.0383704900741577,497.0962829589844
0.5500787496566772,606.4330444335938,1.0234655141830444,491.1355895996094
1.017795443534851,72.55117797851562,1.3164619207382202,21.646093368530273
0.8307086825370789,347.7480163574219,0.7930571436882019,348.8954162597656
1.064566969871521,281.7007751464844,0.9657464623451233,301.6299133300781
1.236063003540039,67.0472412109375,1.216958999633789,111.16194915771484
1.423149585723877,430.3070983886719,1.4407492876052856,444.4523010253906
0.2538582682609558,496.3543395996094,-0.036564357578754425,636.7139892578125
1.2204724550247192,1.0,1.2985889911651611,1.602069616317749
1.3919684886932373,188.13388061523438,1.3522056341171265,189.8979949951172
0.4565354287624359,523.8740234375,0.8203021883964539,438.9283752441406
1.7817323207855225,254.1811065673828,1.7565547227859497,306.5156555175781
1.423149585723877,182.62994384765625,1.3716171979904175,185.11463928222656
0.4565354287624359,215.65354919433594,0.26299986243247986,281.81341552734375
1.6414172649383545,331.2362060546875,1.5479696989059448,451.4503479003906
1.3451968431472778,523.8740234375,1.0805243253707886,635.3057250976562
0.7059842348098755,237.66929626464844,0.7926838397979736,238.49192810058594
1.2204724550247192,122.08661651611328,1.0416120290756226,147.06141662597656
0.752755880355835,364.2598876953125,0.4918118119239807,412.2470703125
0.5500787496566772,353.251953125,0.7070426344871521,307.2972717285156
1.2984251976013184,622.9448852539062,1.4302830696105957,476.7107238769531
0.9866141676902771,265.18896484375,0.7509081363677979,423.2019348144531
1.3607873916625977,45.031494140625,1.4480085372924805,32.069664001464844
0.5656692981719971,50.53543472290039,0.6229293942451477,63.930145263671875
0.6748031377792358,413.7952880859375,1.0228229761123657,413.9834289550781
0.8618897795677185,116.58268737792969,0.8246269822120667,147.864013671875
1.2516535520553589,666.9763793945312,1.2151895761489868,634.2134399414062
1.734960675239563,281.7007751464844,1.6207679510116577,300.5814208984375
1.9220472574234009,474.3385925292969,2.018106698989868,527.7828369140625
1.7505512237548828,628.4487915039062,1.8072692155838013,657.1063842773438
0.5188976526260376,639.4566650390625,0.5510033965110779,584.5991821289062
0.238267719745636,584.4172973632812,0.6786659955978394,549.3825073242188
0.1759055107831955,50.53543472290039,0.11587774753570557,29.071731567382812
0.8618897795677185,413.7952880859375,0.9747025370597839,348.7303771972656
1.812913417816162,67.0472412109375,1.4536511898040771,111.20515441894531
1.2828346490859985,490.85040283203125,1.3348239660263062,503.37396240234375
1.8440945148468018,298.21258544921875,1.6186325550079346,357.0203552246094
0.9398425221443176,342.24407958984375,1.1618905067443848,219.2014923095703
0.8930708765983582,397.2834777832031,1.5333716869354248,252.0703887939453
1.8908661603927612,413.7952880859375,1.8448143005371094,506.6084289550781
1.734960675239563,479.842529296875,1.6539989709854126,512.9981079101562
0.1759055107831955,155.1102294921875,0.06657823920249939,198.75726318359375
1.2204724550247192,529.3779296875,1.175866961479187,555.1485595703125
1.7973228693008423,435.81103515625,1.2520811557769775,536.875244140625
1.3919684886932373,529.3779296875,1.737237811088562,455.37005615234375
0.16031496226787567,193.63780212402344,0.27643173933029175,156.02906799316406
0.9866141676902771,149.60629272460938,0.8691419959068298,195.81321716308594
1.9220472574234009,298.21258544921875,1.3962866067886353,429.7609558105469
0.2538582682609558,446.8188781738281,0.44411155581474304,409.595458984375
1.1425197124481201,287.2047119140625,1.1404234170913696,335.8393859863281
0.03559055179357529,622.9448852539062,0.02244620770215988,608.2257080078125
0.22267717123031616,413.7952880859375,0.17161937057971954,476.0795593261719
1.5478739738464355,210.1496124267578,1.4657090902328491,163.00479125976562
0.03559055179357529,166.11810302734375,0.13381940126419067,151.9337158203125
0.6280314922332764,672.4802856445312,0.6887590885162354,616.8516235351562
2.0,100.07086944580078,1.7759857177734375,129.12594604492188
1.423149585723877,562.4015502929688,1.5857696533203125,547.2579345703125
1.4855117797851562,309.220458984375,1.4671553373336792,277.6090393066406
1.7037795782089233,221.15748596191406,1.433793544769287,210.09889221191406
1.1269291639328003,149.60629272460938,1.5070408582687378,110.95295715332031
0.3006299138069153,353.251953125,0.29046979546546936,471.4486083984375
0.2538582682609558,254.1811065673828,0.19236277043819427,321.2945861816406
1.7661417722702026,325.7322692871094,1.7482452392578125,365.7530212402344
1.1113386154174805,672.4802856445312,1.3215161561965942,591.785400390625
1.8440945148468018,138.59841918945312,1.474239706993103,237.48329162597656
0.40976378321647644,276.19683837890625,0.69862961769104,215.719970703125
1.7193701267242432,611.93701171875,1.5325528383255005,620.9867553710938
1.7973228693008423,677.9842529296875,1.482141375541687,612.73583984375
1.3607873916625977,518.3700561523438,1.5228524208068848,589.7598266601562
1.9532283544540405,237.66929626464844,1.7335456609725952,283.0417785644531
0.05118110775947571,358.7558898925781,0.46538496017456055,288.4225769042969
0.8307086825370789,463.33074951171875,0.5845454931259155,566.9085083007812
0.2538582682609558,166.11810302734375,0.24834291636943817,192.5928192138672
0.1759055107831955,193.63780212402344,0.2877781391143799,189.6698455810547
0.9398425221443176,259.6850280761719,0.8899073004722595,251.0124053955078
1.4075590372085571,677.9842529296875,1.4324887990951538,586.1392822265625
1.7661417722702026,270.6929016113281,1.574250340461731,333.6552734375
1.7661417722702026,589.9212646484375,1.621072769165039,554.2518310546875
0.47212597727775574,78.05511474609375,0.3974458873271942,110.89523315429688
1.3607873916625977,23.0157470703125,1.6109195947647095,-7.5447282791137695
1.236063003540039,155.1102294921875,1.0098968744277954,173.6537628173828
0.2538582682609558,116.58268737792969,0.27944526076316833,99.44539642333984
1.0022047758102417,562.4015502929688,1.4858691692352295,316.2763671875
1.0333858728408813,133.094482421875,1.0985922813415527,122.25450134277344
0.5188976526260376,617.44091796875,0.8821919560432434,403.5232849121094
1.7193701267242432,122.08661651611328,1.6288119554519653,100.09293365478516
0.12913386523723602,556.8976440429688,0.2819507122039795,567.9883422851562
1.9376378059387207,303.7165222167969,1.8635292053222656,250.30276489257812
0.22267717123031616,17.511810302734375,0.39601173996925354,-6.0759596824646
1.4387401342391968,243.17323303222656,1.609768271446228,212.6684112548828
0.8618897795677185,89.06298828125,0.8990229964256287,140.50405883789062
1.501102328300476,402.78741455078125,1.8524305820465088,418.67431640625
0.06677165627479553,12.00787353515625,0.27277687191963196,26.794448852539062
2.0,358.7558898925781,1.9797106981277466,297.1183776855469
0.5968503952026367,364.2598876953125,0.7327231168746948,328.03228759765625
1.7037795782089233,155.1102294921875,1.8668427467346191,141.99240112304688
0.5188976526260376,562.4015502929688,0.317222535610199,556.4593505859375
0.3941732347011566,551.3936767578125,0.6611078381538391,386.6764221191406
1.236063003540039,221.15748596191406,0.7254617810249329,279.8185729980469
1.501102328300476,666.9763793945312,1.620466947555542,625.134521484375
1.734960675239563,589.9212646484375,1.6642956733703613,650.6549682617188
0.019999999552965164,281.7007751464844,0.2503173053264618,265.1763000488281
0.9398425221443176,94.56694030761719,0.905029296875,90.1758041381836
1.812913417816162,551.3936767578125,1.6091630458831787,594.5308227539062
0.1759055107831955,45.031494140625,0.2757749557495117,33.13332748413086
1.6414172649383545,138.59841918945312,1.7431495189666748,115.84298706054688
0.09795275330543518,23.0157470703125,0.18340285122394562,-17.544015884399414
1.2204724550247192,430.3070983886719,1.1536870002746582,372.2121276855469
1.15811026096344,402.78741455078125,1.420678973197937,353.6308288574219
0.8774803280830383,94.56694030761719,1.1092357635498047,89.91859436035156
0.7215747833251953,435.81103515625,0.8658608198165894,504.0956726074219
0.5188976526260376,270.6929016113281,0.7375321388244629,273.4658203125
1.1892913579940796,540.3858032226562,1.1421929597854614,601.8743896484375
0.5188976526260376,111.07874298095703,0.5682852268218994,100.15304565429688
0.908661425113678,556.8976440429688,0.9062204957008362,581.2539672851562
2.0,226.66140747070312,1.679692029953003,227.2993621826172
0.6436220407485962,177.1259765625,0.5070568919181824,230.0299835205078
1.017795443534851,237.66929626464844,1.1451042890548706,278.3848876953125
1.594645619392395,578.9133911132812,1.6602729558944702,590.780029296875
0.20708660781383514,468.8346862792969,0.16508768498897552,523.0440673828125
1.017795443534851,39.527557373046875,1.147753357887268,1.6960225105285645
1.7193701267242432,67.0472412109375,2.070742607116699,-3.5690526962280273
1.4075590372085571,314.7243957519531,1.229722023010254,420.11328125
1.2204724550247192,622.9448852539062,1.480602741241455,505.3587646484375
1.906456708908081,589.9212646484375,1.5639104843139648,528.402099609375
1.329606294631958,479.842529296875,1.1717720031738281,559.881103515625
1.7973228693008423,496.3543395996094,1.6411292552947998,704.515869140625
1.6570079326629639,45.031494140625,1.2136967182159424,90.09700775146484
1.7193701267242432,501.8582763671875,1.6480469703674316,535.4691162109375
0.33181101083755493,512.8661499023438,0.2611669600009918,486.0005187988281
1.017795443534851,78.05511474609375,0.9694781303405762,94.78321075439453
0.5188976526260376,408.2913513183594,0.4678513705730438,451.8504333496094
0.7371653318405151,193.63780212402344,0.7067451477050781,221.4581298828125
0.1759055107831955,639.4566650390625,0.39835381507873535,604.9973754882812
1.0801575183868408,457.8267517089844,1.3529647588729858,403.81622314453125
0.33181101083755493,622.9448852539062,0.5580496191978455,516.6897583007812
0.6748031377792358,452.32281494140625,0.6430602073669434,515.6895141601562
0.3785826861858368,666.9763793945312,0.3811061978340149,689.3060913085938
1.3607873916625977,369.7638244628906,1.4786912202835083,409.29248046875
1.5478739738464355,292.7086486816406,1.6043752431869507,267.66668701171875
0.8618897795677185,611.93701171875,0.7423755526542664,573.3314208984375
0.908661425113678,199.14173889160156,1.0839512348175049,183.06715393066406
1.4387401342391968,61.54330825805664,1.7205188274383545,37.177940368652344
0.7371653318405151,430.3070983886719,0.48628926277160645,537.2604370117188
0.8618897795677185,556.8976440429688,0.9090673923492432,588.3821411132812
1.2984251976013184,287.2047119140625,1.5011701583862305,289.73138427734375
1.2828346490859985,364.2598876953125,1.5025999546051025,362.52301025390625
1.2516535520553589,138.59841918945312,1.3244338035583496,137.8307342529297
1.0957480669021606,215.65354919433594,1.2513505220413208,211.54592895507812
1.4543306827545166,358.7558898925781,1.3302303552627563,464.0131530761719
0.238267719745636,149.60629272460938,0.3068915009498596,138.81967163085938
1.2984251976013184,182.62994384765625,1.2157095670700073,180.1243438720703
1.828503966331482,292.7086486816406,1.7460495233535767,467.0856018066406
1.2672441005706787,210.1496124267578,1.1396678686141968,265.01239013671875
0.7995275855064392,545.8897705078125,0.8463056683540344,408.0484619140625
0.12913386523723602,314.7243957519531,0.10870923101902008,311.6786804199219
0.1759055107831955,452.32281494140625,0.025813501328229904,507.888427734375
1.906456708908081,34.02362060546875,1.6661994457244873,83.5787124633789
1.423149585723877,325.7322692871094,1.5912667512893677,250.27920532226562
1.812913417816162,221.15748596191406,1.6057710647583008,261.4725646972656
0.3941732347011566,413.7952880859375,0.46879661083221436,499.3939514160156
0.6903936862945557,336.7401428222656,0.850336492061615,278.8706359863281
0.8307086825370789,688.9921264648438,0.939398467540741,656.895263671875
1.4075590372085571,17.511810302734375,1.2407255172729492,37.169273376464844
0.8618897795677185,309.220458984375,1.0142216682434082,351.0643005371094
0.3006299138069153,127.5905532836914,0.3557445704936981,105.25572204589844
1.0022047758102417,61.54330825805664,1.0373598337173462,59.433013916015625
0.4565354287624359,622.9448852539062,0.4929007887840271,600.5123901367188
0.019999999552965164,309.220458984375,-0.05183836445212364,332.1729431152344
0.47212597727775574,122.08661651611328,0.5562619566917419,142.13267517089844
1.0489764213562012,518.3700561523438,1.2948373556137085,515.4016723632812
0.5968503952026367,347.7480163574219,0.49185189604759216,418.4142761230469
0.1759055107831955,672.4802856445312,0.44277843832969666,533.0237426757812
1.2828346490859985,155.1102294921875,1.556355595588684,120.93700408935547
0.5033071041107178,39.527557373046875,0.6009108424186707,9.265213012695312
0.22267717123031616,347.7480163574219,0.2836799621582031,330.84222412109375
0.5033071041107178,105.5748062133789,0.6857456564903259,104.32036590576172
0.9398425221443176,567.905517578125,1.427511215209961,491.1388854980469
0.6280314922332764,303.7165222167969,0.48814812302589417,344.13616943359375
0.6436220407485962,529.3779296875,0.69789719581604,467.3135681152344
0.09795275330543518,644.9606323242188,0.1805233210325241,554.548095703125
0.42535433173179626,617.44091796875,0.3930135667324066,650.4963989257812
0.5968503952026367,221.15748596191406,0.652824342250824,241.4756317138672
0.4409448802471161,336.7401428222656,0.6451563835144043,348.29193115234375
1.5322834253311157,347.7480163574219,1.8501362800598145,285.878662109375
0.5812598466873169,105.5748062133789,0.5629331469535828,115.09710693359375
1.2516535520553589,507.3622131347656,1.0817533731460571,552.6629028320312
0.1759055107831955,496.3543395996094,0.27806994318962097,505.5093078613281
1.017795443534851,127.5905532836914,1.0398613214492798,109.37300872802734
0.9866141676902771,254.1811065673828,1.309120535850525,203.1988067626953
1.828503966331482,309.220458984375,1.5438283681869507,404.16485595703125
0.2538582682609558,700.0,0.06830687820911407,733.0789184570312
0.14472442865371704,551.3936767578125,0.32535210251808167,430.385986328125
1.1892913579940796,188.13388061523438,0.9981043338775635,206.5513458251953
0.6436220407485962,160.61416625976562,0.716869056224823,203.92044067382812
0.8618897795677185,628.4487915039062,1.55897057056427,356.09100341796875
0.8462992310523987,700.0,0.9685365557670593,634.04638671875
0.19149605929851532,677.9842529296875,0.2584608495235443,585.6250610351562
0.42535433173179626,600.9291381835938,0.4435040354728699,536.1620483398438
0.4409448802471161,67.0472412109375,0.3902517855167389,81.04898834228516
0.9710236191749573,72.55117797851562,0.8252096772193909,88.3860855102539
0.8307086825370789,105.5748062133789,0.7308156490325928,135.7817840576172
1.5322834253311157,578.9133911132812,1.3982514142990112,484.3456726074219
1.812913417816162,193.63780212402344,1.9787811040878296,142.24559020996094
0.5344882011413574,336.7401428222656,0.7047915458679199,274.4937744140625
0.8774803280830383,655.968505859375,1.1704198122024536,681.2276000976562
0.16031496226787567,485.3464660644531,0.20625317096710205,427.8709716796875
1.4075590372085571,265.18896484375,1.0947291851043701,358.9830627441406
0.42535433173179626,380.77166748046875,0.4621245563030243,378.1524658203125
1.5478739738464355,622.9448852539062,1.9745699167251587,509.73492431640625
0.7839370369911194,1.0,0.8896901607513428,-1.0661392211914062
0.6124409437179565,694.4960327148438,0.7333168983459473,553.8826904296875
0.3006299138069153,457.8267517089844,0.7778964042663574,325.9127502441406
1.1269291639328003,138.59841918945312,1.006606101989746,179.15760803222656
0.9398425221443176,380.77166748046875,0.9189935326576233,429.39739990234375
0.14472442865371704,270.6929016113281,0.015629896894097328,325.8616027832031
1.7817323207855225,523.8740234375,1.9064700603485107,530.0198974609375
0.5344882011413574,391.779541015625,0.752592146396637,344.0939025878906
1.1737008094787598,6.503936767578125,1.4081262350082397,-13.46162223815918
1.7817323207855225,452.32281494140625,1.7390813827514648,448.16278076171875
0.7839370369911194,364.2598876953125,1.1203781366348267,271.93511962890625
1.4699212312698364,435.81103515625,1.4509999752044678,476.083984375
1.4387401342391968,149.60629272460938,1.748010277748108,94.2846450805664
0.8930708765983582,347.7480163574219,1.2078896760940552,316.7356872558594
1.6881890296936035,133.094482421875,1.5821387767791748,123.8124008178711
1.1425197124481201,622.9448852539062,1.5481520891189575,575.3331298828125
1.501102328300476,457.8267517089844,1.5911400318145752,535.7833251953125
0.36299213767051697,358.7558898925781,0.36370357871055603,375.603515625
0.9398425221443176,639.4566650390625,1.0642261505126953,598.731201171875
1.5322834253311157,287.2047119140625,1.4446184635162354,393.17852783203125
1.9220472574234009,67.0472412109375,1.7243107557296753,105.12833404541016
1.4855117797851562,595.4251708984375,1.102852702140808,695.9019775390625
0.6903936862945557,50.53543472290039,0.7536404728889465,46.7298583984375
1.2828346490859985,144.10235595703125,1.1446951627731323,120.94670104980469
1.7817323207855225,485.3464660644531,1.9804185628890991,412.9659729003906
1.3140157461166382,23.0157470703125,1.2200021743774414,15.300886154174805
1.2828346490859985,314.7243957519531,1.6649574041366577,321.052490234375
0.3941732347011566,529.3779296875,0.4405827522277832,423.529541015625
0.28503936529159546,94.56694030761719,0.2510964572429657,69.90089416503906
1.5322834253311157,600.9291381835938,1.66836416721344,512.8412475585938
0.9398425221443176,83.55905151367188,1.062427043914795,75.41231536865234
1.3140157461166382,474.3385925292969,1.870822548866272,297.9041748046875
1.1737008094787598,50.53543472290039,1.140121340751648,63.41804885864258
1.594645619392395,133.094482421875,1.559346318244934,177.46234130859375
0.28503936529159546,562.4015502929688,0.317175954580307,531.6903076171875
0.5033071041107178,413.7952880859375,0.8985281586647034,381.5992431640625
1.329606294631958,446.8188781738281,1.8118513822555542,378.0224914550781
0.9398425221443176,677.9842529296875,0.8843384981155396,535.99853515625
0.238267719745636,595.4251708984375,0.6293431520462036,541.9064331054688
1.6414172649383545,408.2913513183594,1.983468770980835,466.8389892578125
0.7683464288711548,133.094482421875,0.8468542098999023,122.35664367675781
0.8930708765983582,617.44091796875,1.234717845916748,599.9446411132812
1.6725984811782837,78.05511474609375,1.6099237203598022,74.44639587402344
0.6748031377792358,490.85040283203125,0.9803028702735901,467.82452392578125
0.3006299138069153,419.2992248535156,0.29343777894973755,459.39166259765625
1.7661417722702026,446.8188781738281,1.5871217250823975,429.4292907714844
1.6881890296936035,248.6771697998047,1.927419662475586,307.3238525390625
1.906456708908081,193.63780212402344,1.8665320873260498,276.03375244140625
0.7059842348098755,540.3858032226562,0.5210002660751343,622.2274780273438
0.7215747833251953,177.1259765625,0.9224722981452942,153.21961975097656
1.7037795782089233,479.842529296875,1.4541856050491333,517.5508422851562
1.1113386154174805,17.511810302734375,1.3409264087677002,-4.577375888824463
0.6124409437179565,479.842529296875,0.6145268678665161,562.7450561523438
1.6881890296936035,12.00787353515625,1.626105785369873,6.402101993560791
1.8908661603927612,523.8740234375,1.7525966167449951,483.78955078125
0.05118110775947571,347.7480163574219,0.1647951453924179,314.9961853027344
1.0801575183868408,611.93701171875,1.4874752759933472,498.6677551269531
1.15811026096344,111.07874298095703,1.2509682178497314,108.4432144165039
0.7683464288711548,397.2834777832031,0.9971274733543396,372.03778076171875
0.12913386523723602,237.66929626464844,0.5109003782272339,146.72372436523438
1.9220472574234009,529.3779296875,1.8903454542160034,561.4076538085938
0.8930708765983582,380.77166748046875,1.2482153177261353,313.7398376464844
0.7995275855064392,529.3779296875,1.0876396894454956,540.9515991210938
0.3006299138069153,342.24407958984375,0.38426831364631653,377.19635009765625
0.3162204623222351,688.9921264648438,0.6863784193992615,431.0861511230469
0.9710236191749573,424.80316162109375,0.876092255115509,546.6671752929688
0.1759055107831955,28.519685745239258,0.3723125755786896,34.40054702758789
0.4409448802471161,523.8740234375,0.4580831229686737,568.781494140625
1.7193701267242432,672.4802856445312,1.8724288940429688,640.603515625
1.0022047758102417,358.7558898925781,0.959790825843811,401.38519287109375
0.16031496226787567,232.16537475585938,0.123533234000206,231.93798828125
1.3607873916625977,529.3779296875,1.2467517852783203,498.8149719238281
0.16031496226787567,650.4645385742188,0.32983657717704773,515.8236694335938
1.4387401342391968,50.53543472290039,1.6611673831939697,30.9531307220459
1.9220472574234009,435.81103515625,1.8279410600662231,436.5953063964844
0.908661425113678,287.2047119140625,0.9795628190040588,283.2882080078125
0.6280314922332764,105.5748062133789,0.8568061590194702,69.45481872558594
0.22267717123031616,639.4566650390625,0.2611125707626343,625.8289794921875
0.3785826861858368,369.7638244628906,0.35436469316482544,338.0550231933594
1.3451968431472778,441.3149719238281,1.1785558462142944,434.41912841796875
0.06677165627479553,485.3464660644531,0.12794049084186554,513.9093627929688
1.812913417816162,611.93701171875,1.748410940170288,594.2606811523438
0.22267717123031616,430.3070983886719,0.24830937385559082,406.09893798828125
1.7817323207855225,419.2992248535156,1.571077823638916,519.5875854492188
1.6725984811782837,6.503936767578125,1.7615853548049927,-12.219785690307617
1.5478739738464355,595.4251708984375,1.7706668376922607,496.57806396484375
0.48771652579307556,501.8582763671875,0.5459371209144592,508.4136657714844
0.8618897795677185,199.14173889160156,0.8256422281265259,242.0742950439453
0.33181101083755493,221.15748596191406,0.15388058125972748,271.43511962890625
0.19149605929851532,237.66929626464844,0.3122844696044922,237.38079833984375
1.9376378059387207,380.77166748046875,1.9028139114379883,475.4334716796875
1.0333858728408813,39.527557373046875,1.1442539691925049,40.14870834350586
0.5344882011413574,171.62203979492188,0.7192388772964478,122.7265396118164
0.6903936862945557,600.9291381835938,0.7718719244003296,564.2883911132812
0.7683464288711548,39.527557373046875,0.6859679818153381,54.89901351928711
1.9844094514846802,534.8818969726562,2.0299675464630127,478.8515319824219
1.1425197124481201,199.14173889160156,1.366485834121704,176.2490234375
1.7817323207855225,243.17323303222656,2.1447155475616455,249.4878692626953
0.33181101083755493,254.1811065673828,0.5602265000343323,206.94447326660156
1.0333858728408813,523.8740234375,1.0957977771759033,440.7964172363281
0.6436220407485962,298.21258544921875,0.5036267638206482,383.6304626464844
1.1269291639328003,595.4251708984375,1.1118942499160767,548.8380737304688
1.6102361679077148,391.779541015625,1.66627037525177,323.1883239746094
0.34740158915519714,468.8346862792969,0.34169089794158936,439.8621520996094
0.5033071041107178,534.8818969726562,0.30887123942375183,594.303466796875
1.501102328300476,28.519685745239258,1.9188978672027588,-33.189640045166016
1.9376378059387207,94.56694030761719,1.678937315940857,95.19649505615234
1.9688189029693604,320.22833251953125,1.9334532022476196,282.8747253417969
1.6258267164230347,12.00787353515625,1.7621673345565796,-21.33319854736328
0.113543301820755,303.7165222167969,0.02401268109679222,303.0625915527344
1.2828346490859985,276.19683837890625,1.1871016025543213,271.7745666503906
0.659212589263916,287.2047119140625,0.7133834958076477,275.4119567871094
1.5790550708770752,166.11810302734375,1.6427664756774902,107.81991577148438
1.6570079326629639,336.7401428222656,1.9819021224975586,341.935546875
1.2984251976013184,248.6771697998047,1.3957610130310059,237.89305114746094
0.9710236191749573,584.4172973632812,1.3319441080093384,489.0060119628906
0.12913386523723602,67.0472412109375,0.2849613130092621,10.852274894714355
1.9376378059387207,391.779541015625,1.5535306930541992,504.8389892578125
0.019999999552965164,237.66929626464844,0.19193372130393982,215.28549194335938
1.6570079326629639,655.968505859375,1.366841197013855,580.2957763671875
0.08236220479011536,325.7322692871094,0.08368529379367828,406.14404296875
1.1892913579940796,573.409423828125,1.5686057806015015,597.4453735351562
0.6124409437179565,89.06298828125,0.6583430171012878,75.6031723022461
1.8752756118774414,50.53543472290039,2.1308352947235107,-7.448769569396973
0.14472442865371704,320.22833251953125,0.24721737205982208,292.8354187011719
1.2828346490859985,600.9291381835938,1.4561601877212524,612.2620239257812
1.3140157461166382,281.7007751464844,0.9116606116294861,393.42535400390625
0.2538582682609558,111.07874298095703,0.2493119090795517,109.70552825927734
0.8930708765983582,221.15748596191406,0.9356189966201782,246.16493225097656
1.3763779401779175,622.9448852539062,1.7778569459915161,514.4378662109375
0.9554330706596375,397.2834777832031,1.272693157196045,376.1252136230469
0.3785826861858368,281.7007751464844,0.19008561968803406,322.76593017578125
0.3006299138069153,562.4015502929688,0.38492804765701294,567.021484375
1.6414172649383545,336.7401428222656,1.7856476306915283,306.0137939453125
0.3006299138069153,248.6771697998047,0.48880624771118164,237.3363494873047
1.9532283544540405,226.66140747070312,1.777160406112671,193.25531005859375
1.8596850633621216,94.56694030761719,1.805765151977539,107.4511489868164
1.9688189029693604,595.4251708984375,1.689928412437439,633.36376953125
0.42535433173179626,402.78741455078125,0.4163021445274353,474.3056640625
0.7215747833251953,666.9763793945312,1.2247419357299805,648.60791015625
1.7817323207855225,144.10235595703125,1.6563868522644043,183.4424285888672
1.6725984811782837,534.8818969726562,1.7798601388931274,488.4557189941406
0.33181101083755493,78.05511474609375,0.3277447819709778,84.90367126464844
1.1892913579940796,655.968505859375,1.264569640159607,602.6317749023438
1.3919684886932373,314.7243957519531,1.0442798137664795,435.9148864746094
1.0333858728408813,89.06298828125,0.9116113185882568,126.85526275634766
0.3006299138069153,655.968505859375,0.4378083050251007,539.5027465820312
0.4565354287624359,694.4960327148438,0.41349491477012634,703.1317749023438
1.0801575183868408,144.10235595703125,0.9922547936439514,164.6524658203125
1.5322834253311157,672.4802856445312,1.6466999053955078,690.6901245117188
1.064566969871521,391.779541015625,1.0503853559494019,455.0335998535156
1.8440945148468018,606.4330444335938,1.7869890928268433,512.8517456054688
1.7193701267242432,56.039371490478516,1.9477859735488892,15.81433391571045
1.6414172649383545,221.15748596191406,2.122483015060425,106.0442123413086
0.3785826861858368,303.7165222167969,0.3567609190940857,321.8351135253906
0.019999999552965164,490.85040283203125,0.18947935104370117,486.77911376953125
0.3941732347011566,215.65354919433594,0.4450472891330719,219.2698516845703
0.8618897795677185,551.3936767578125,1.1536015272140503,458.30352783203125
1.017795443534851,479.842529296875,1.1576628684997559,415.8404846191406
0.1759055107831955,655.968505859375,0.27780893445014954,607.8264770507812
0.9710236191749573,496.3543395996094,1.1692535877227783,497.56072998046875
1.4543306827545166,72.55117797851562,1.2467433214187622,103.60215759277344
1.0801575183868408,303.7165222167969,1.3926713466644287,307.453369140625
1.9532283544540405,677.9842529296875,1.6087331771850586,645.0472412109375
1.2672441005706787,1.0,1.3766952753067017,-20.80294418334961
0.05118110775947571,501.8582763671875,0.1232929676771164,529.7396850585938
1.1737008094787598,281.7007751464844,1.1329854726791382,310.0043029785156
1.6258267164230347,309.220458984375,1.3035099506378174,444.6769104003906
1.9688189029693604,149.60629272460938,1.775996446609497,209.63743591308594
0.8307086825370789,138.59841918945312,0.7928764820098877,137.6066131591797
0.28503936529159546,50.53543472290039,0.23540398478507996,57.03301239013672
1.9688189029693604,380.77166748046875,1.734397530555725,439.6441650390625
0.8930708765983582,518.3700561523438,0.6994305849075317,704.1895141601562
0.8462992310523987,111.07874298095703,0.933280348777771,122.03382873535156
1.812913417816162,204.6456756591797,1.748258352279663,192.8912811279297
0.42535433173179626,232.16537475585938,0.45965734124183655,254.7584991455078
1.7661417722702026,650.4645385742188,1.6342250108718872,728.34375
1.6570079326629639,100.07086944580078,1.6387715339660645,87.08939361572266
0.03559055179357529,276.19683837890625,0.09909701347351074,306.1935729980469
0.14472442865371704,347.7480163574219,0.058850593864917755,360.80291748046875
1.0333858728408813,606.4330444335938,1.313077688217163,499.9249267578125
0.7683464288711548,661.472412109375,0.7838776111602783,666.5889892578125
0.9398425221443176,386.2756042480469,0.8789891600608826,438.22314453125
0.7059842348098755,248.6771697998047,0.7052266001701355,266.3063659667969
0.908661425113678,611.93701171875,0.9009621739387512,691.8129272460938
1.501102328300476,314.7243957519531,1.4032211303710938,328.89422607421875
1.6258267164230347,237.66929626464844,1.5321464538574219,325.02532958984375
1.6102361679077148,540.3858032226562,1.4169546365737915,536.4843139648438
0.12913386523723602,133.094482421875,0.1997372806072235,135.2696533203125
0.7995275855064392,193.63780212402344,1.1033684015274048,148.348388671875
0.48771652579307556,661.472412109375,0.7472149729728699,581.7360229492188
1.4855117797851562,34.02362060546875,1.725164771080017,24.272279739379883
0.7683464288711548,182.62994384765625,0.8894628882408142,190.36976623535156
1.0957480669021606,34.02362060546875,1.1677401065826416,36.30717086791992
1.2672441005706787,287.2047119140625,1.179397463798523,247.63742065429688
1.516692876815796,452.32281494140625,1.578171730041504,401.2939453125
1.5322834253311157,303.7165222167969,1.5864293575286865,326.0863037109375
0.238267719745636,61.54330825805664,0.05580904334783554,100.86201477050781
0.48771652579307556,397.2834777832031,0.5784879326820374,448.5219421386719
1.6570079326629639,446.8188781738281,1.523330807685852,434.5885009765625
0.03559055179357529,452.32281494140625,0.25734564661979675,380.2852478027344
0.8307086825370789,155.1102294921875,0.9210305213928223,159.72698974609375
0.3006299138069153,644.9606323242188,0.3095732629299164,616.1544799804688
1.2048819065093994,584.4172973632812,1.7955418825149536,566.8462524414062
0.7995275855064392,325.7322692871094,0.6890559196472168,463.1927490234375
1.3451968431472778,56.039371490478516,1.4191334247589111,66.28458404541016
1.2204724550247192,45.031494140625,1.3997348546981812,11.701455116271973
0.8930708765983582,683.4881591796875,1.608048439025879,398.95843505859375
1.0957480669021606,600.9291381835938,1.5557814836502075,556.2022705078125
0.5344882011413574,435.81103515625,0.7878767848014832,299.07867431640625
1.906456708908081,347.7480163574219,1.3403801918029785,499.5611877441406
1.6570079326629639,386.2756042480469,1.442575454711914,395.50103759765625
0.4409448802471161,666.9763793945312,0.8311249613761902,524.8397216796875
1.6725984811782837,556.8976440429688,1.766627311706543,641.59521484375
1.2984251976013184,688.9921264648438,1.3492982387542725,644.09033203125
0.752755880355835,6.503936767578125,0.8486310839653015,-34.2154541015625
1.6102361679077148,512.8661499023438,1.430232048034668,579.9110107421875
0.6748031377792358,468.8346862792969,0.6721863746643066,497.55426025390625
0.14472442865371704,122.08661651611328,0.25130197405815125,115.56409454345703
0.9710236191749573,683.4881591796875,1.1550618410110474,450.2978210449219
1.8596850633621216,221.15748596191406,1.4721897840499878,340.1073303222656
1.6102361679077148,56.039371490478516,1.6241768598556519,69.29127502441406
0.8930708765983582,672.4802856445312,1.1311819553375244,682.6939086914062
0.9866141676902771,210.1496124267578,1.1661527156829834,244.03675842285156
1.2204724550247192,347.7480163574219,0.9907724857330322,498.5665588378906
1.3919684886932373,116.58268737792969,1.3418233394622803,107.60652160644531
1.1892913579940796,287.2047119140625,1.10541570186615,346.6690673828125
1.9376378059387207,34.02362060546875,2.091482162475586,3.6013829708099365
1.6881890296936035,138.59841918945312,1.1032581329345703,268.40960693359375
0.7059842348098755,496.3543395996094,0.9473315477371216,447.5127258300781
0.03559055179357529,144.10235595703125,0.158027783036232,134.67221069335938
0.14472442865371704,144.10235595703125,0.29055213928222656,102.0766830444336
0.05118110775947571,276.19683837890625,0.12884610891342163,264.00445556640625
0.5033071041107178,617.44091796875,0.42032355070114136,622.4629516601562
1.9220472574234009,490.85040283203125,1.4885106086730957,473.5668640136719
0.3785826861858368,441.3149719238281,0.614330530166626,332.54437255859375
1.6102361679077148,204.6456756591797,1.123793601989746,354.8626403808594
0.5344882011413574,237.66929626464844,0.4946543574333191,327.20306396484375
0.22267717123031616,320.22833251953125,0.15107424557209015,376.48382568359375
0.9554330706596375,584.4172973632812,1.119279384613037,520.3207397460938
1.9220472574234009,17.511810302734375,1.8073163032531738,20.154430389404297
1.2828346490859985,160.61416625976562,1.2083823680877686,151.18325805664062
0.26944881677627563,595.4251708984375,0.30567872524261475,542.0624389648438
1.4855117797851562,28.519685745239258,1.401939868927002,26.804176330566406
1.6881890296936035,193.63780212402344,1.479756236076355,374.2567443847656
1.4855117797851562,672.4802856445312,1.5163344144821167,583.6189575195312
1.1425197124481201,474.3385925292969,0.8184629678726196,485.869384765625
1.9376378059387207,369.7638244628906,1.9792176485061646,450.6009216308594
1.9688189029693604,193.63780212402344,1.7817652225494385,176.31454467773438
1.7817323207855225,688.9921264648438,1.5248932838439941,659.5703125
0.36299213767051697,479.842529296875,0.4327409565448761,482.776123046875
1.0957480669021606,298.21258544921875,1.0981253385543823,291.90179443359375
1.6570079326629639,276.19683837890625,1.6035696268081665,304.5205993652344
0.9242519736289978,364.2598876953125,0.7751041650772095,360.2655334472656
1.5790550708770752,391.779541015625,1.555141568183899,358.52032470703125
1.734960675239563,402.78741455078125,1.379482626914978,423.94805908203125
0.05118110775947571,413.7952880859375,0.26570868492126465,402.84796142578125
1.329606294631958,243.17323303222656,1.2712785005569458,291.18414306640625
0.3006299138069153,67.0472412109375,0.39733320474624634,33.551639556884766
0.752755880355835,424.80316162109375,1.066953182220459,355.32916259765625
0.7371653318405151,89.06298828125,0.6598391532897949,78.90192413330078
0.14472442865371704,413.7952880859375,0.07965919375419617,453.9815673828125
0.40976378321647644,463.33074951171875,0.3849159777164459,495.1749267578125
1.7037795782089233,369.7638244628906,1.7200827598571777,411.6491394042969
1.7661417722702026,116.58268737792969,1.6688766479492188,99.19522857666016
1.1737008094787598,347.7480163574219,1.232720971107483,324.0085144042969
1.5322834253311157,584.4172973632812,1.3537819385528564,502.5896911621094
0.03559055179357529,485.3464660644531,0.0478719137609005,603.6527099609375
1.6258267164230347,61.54330825805664,1.7259281873703003,40.69279861450195
1.5322834253311157,276.19683837890625,1.3944836854934692,428.78289794921875
1.7661417722702026,397.2834777832031,1.9957929849624634,287.7401428222656
0.1759055107831955,600.9291381835938,0.07297280430793762,686.0513916015625
0.48771652579307556,303.7165222167969,0.4868221879005432,295.3132019042969
1.0957480669021606,336.7401428222656,0.9119372963905334,359.6869201660156
0.7839370369911194,700.0,0.937235951423645,635.1513061523438
0.7059842348098755,364.2598876953125,0.5507465600967407,414.4083557128906
0.019999999552965164,424.80316162109375,0.14951969683170319,466.8687744140625
0.5500787496566772,188.13388061523438,0.7256256937980652,185.09600830078125
1.064566969871521,606.4330444335938,1.4408189058303833,539.6261596679688
1.7817323207855225,34.02362060546875,1.5403833389282227,125.99532318115234
2.0,452.32281494140625,1.3142646551132202,583.2186889648438
1.3451968431472778,589.9212646484375,1.7923017740249634,484.95849609375
1.8440945148468018,232.16537475585938,1.5569685697555542,259.9331970214844
1.8752756118774414,193.63780212402344,1.6886444091796875,265.6667175292969
1.4075590372085571,116.58268737792969,1.37488853931427,152.89178466796875
1.1892913579940796,479.842529296875,2.0113611221313477,371.2596740722656
0.47212597727775574,72.55117797851562,0.5519384741783142,81.90288543701172
1.9532283544540405,193.63780212402344,2.1520614624023438,123.93274688720703
1.0957480669021606,534.8818969726562,1.0646039247512817,527.284912109375
1.8908661603927612,485.3464660644531,1.4786872863769531,484.15972900390625
0.9398425221443176,496.3543395996094,1.0584511756896973,550.1801147460938
0.6436220407485962,254.1811065673828,0.543283998966217,281.8595275878906
1.423149585723877,369.7638244628906,1.4861150979995728,412.0511779785156
1.4855117797851562,573.409423828125,1.6664719581604004,516.489990234375
0.06677165627479553,545.8897705078125,0.2778106927871704,455.6666259765625
0.20708660781383514,12.00787353515625,0.2513580024242401,27.77443504333496
2.0,61.54330825805664,1.7838833332061768,128.26609802246094
0.5656692981719971,155.1102294921875,0.5665801763534546,192.2189178466797
0.5500787496566772,83.55905151367188,0.61468505859375,123.44131469726562
1.5322834253311157,221.15748596191406,1.4888174533843994,237.78631591796875
1.5634645223617554,584.4172973632812,1.6635547876358032,542.0126953125
0.3006299138069153,496.3543395996094,0.2978026866912842,466.8438720703125
1.812913417816162,375.26776123046875,1.9651553630828857,333.741455078125
1.3919684886932373,56.039371490478516,1.4534014463424683,42.614952087402344
0.3162204623222351,309.220458984375,0.28765639662742615,336.03302001953125
0.26944881677627563,1.0,0.3942244350910187,-21.409849166870117
1.7193701267242432,347.7480163574219,1.8502123355865479,238.37571716308594
1.1892913579940796,468.8346862792969,0.8293434977531433,526.45947265625
0.1759055107831955,556.8976440429688,0.18646526336669922,452.0592956542969
0.5968503952026367,606.4330444335938,0.9591171145439148,581.03515625
1.8908661603927612,325.7322692871094,1.6726562976837158,397.4099426269531
0.8774803280830383,606.4330444335938,1.1404387950897217,538.2151489257812
1.1113386154174805,457.8267517089844,0.8090514540672302,523.4561157226562
1.423149585723877,309.220458984375,1.206848382949829,408.05511474609375
0.7371653318405151,358.7558898925781,0.7281126976013184,429.7995910644531
1.9688189029693604,347.7480163574219,1.6018314361572266,408.0127868652344
1.6570079326629639,331.2362060546875,1.7572687864303589,306.4296569824219
0.9398425221443176,364.2598876953125,0.8402171730995178,430.70086669921875
0.1759055107831955,325.7322692871094,0.27780982851982117,334.17340087890625
0.05118110775947571,677.9842529296875,0.28683793544769287,590.4152221679688
0.6903936862945557,111.07874298095703,0.6966258883476257,105.3961181640625
0.5344882011413574,210.1496124267578,0.4190777540206909,237.85659790039062
1.4543306827545166,694.4960327148438,1.423018217086792,580.9606323242188
0.7839370369911194,28.519685745239258,0.819315493106842,42.891883850097656
1.906456708908081,1.0,2.0999152660369873,-2.7923929691314697
1.734960675239563,199.14173889160156,2.0997650623321533,99.28657531738281
1.6570079326629639,56.039371490478516,1.7416892051696777,74.2618179321289
0.5344882011413574,254.1811065673828,0.5208366513252258,276.8069152832031
0.3006299138069153,17.511810302734375,0.3933858871459961,-12.623537063598633
1.2204724550247192,496.3543395996094,1.4403891563415527,576.71240234375
1.6258267164230347,402.78741455078125,1.3280227184295654,548.4464111328125
1.7973228693008423,122.08661651611328,1.610734462738037,113.80242919921875
0.3162204623222351,595.4251708984375,0.502990186214447,442.9519348144531
0.8618897795677185,666.9763793945312,0.7084436416625977,575.4264526367188
0.908661425113678,628.4487915039062,1.2915126085281372,467.12701416015625
1.828503966331482,419.2992248535156,1.5485987663269043,553.892578125
0.4565354287624359,105.5748062133789,0.6008614897727966,98.1786117553711
1.594645619392395,562.4015502929688,1.8645405769348145,440.7901916503906
0.6903936862945557,144.10235595703125,0.6179341077804565,171.59597778320312
0.5500787496566772,45.031494140625,0.7918551564216614,4.647686004638672
1.0489764213562012,182.62994384765625,1.2831701040267944,166.33653259277344
0.5500787496566772,221.15748596191406,0.7385336756706238,195.4350128173828
1.9688189029693604,83.55905151367188,1.7855466604232788,90.35392761230469
1.3451968431472778,111.07874298095703,1.3214493989944458,130.603515625
1.9688189029693604,479.842529296875,1.7323490381240845,572.1148681640625
0.3162204623222351,298.21258544921875,0.3625032603740692,289.8544921875
0.12913386523723602,265.18896484375,0.2884329855442047,236.67689514160156
1.5478739738464355,160.61416625976562,1.5734965801239014,146.57354736328125
1.9688189029693604,138.59841918945312,1.7156283855438232,141.71136474609375
1.8908661603927612,144.10235595703125,1.8045907020568848,170.2798614501953
1.1425197124481201,567.905517578125,1.4081302881240845,584.3872680664062
0.659212589263916,276.19683837890625,0.7437769174575806,251.87184143066406
1.7505512237548828,468.8346862792969,1.7215871810913086,438.3312683105469
1.734960675239563,534.8818969726562,1.5845482349395752,602.6716918945312
1.4387401342391968,215.65354919433594,1.528319001197815,217.04331970214844
0.7683464288711548,12.00787353515625,0.8871349096298218,13.243354797363281
1.3763779401779175,292.7086486816406,1.5440149307250977,353.0423278808594
1.423149585723877,567.905517578125,1.5363553762435913,515.7303466796875
1.516692876815796,155.1102294921875,1.6764520406723022,128.434326171875
1.3763779401779175,331.2362060546875,1.35202157497406,415.45770263671875
0.2538582682609558,633.9527587890625,0.31137871742248535,534.8345336914062
0.4565354287624359,600.9291381835938,0.7049488425254822,603.0555419921875
0.36299213767051697,589.9212646484375,0.41635388135910034,556.553466796875
0.3785826861858368,452.32281494140625,0.6584845185279846,416.8863220214844
1.6258267164230347,562.4015502929688,1.298270344734192,599.4588012695312
0.19149605929851532,210.1496124267578,0.18522709608078003,198.89990234375
0.06677165627479553,17.511810302734375,0.24342240393161774,18.552330017089844
2.0,1.0,1.9054210186004639,25.5533447265625
1.9844094514846802,589.9212646484375,1.7447233200073242,513.2366333007812
0.9866141676902771,523.8740234375,0.7590681314468384,558.9783325195312
1.812913417816162,83.55905151367188,1.6526151895523071,101.94718170166016
1.1113386154174805,160.61416625976562,1.3263614177703857,186.35787963867188
1.017795443534851,606.4330444335938,1.2231265306472778,713.210693359375
1.812913417816162,188.13388061523438,1.4360140562057495,316.13690185546875
0.019999999552965164,441.3149719238281,0.31968072056770325,362.7365417480469
0.019999999552965164,199.14173889160156,0.2624809443950653,182.83523559570312
0.659212589263916,72.55117797851562,0.6347862482070923,83.06084442138672
1.7973228693008423,287.2047119140625,1.53567373752594,359.9543151855469
1.8752756118774414,210.1496124267578,1.8349403142929077,266.8805236816406
0.5968503952026367,507.3622131347656,0.694050133228302,504.85040283203125
1.8752756118774414,61.54330825805664,1.5219039916992188,95.87345886230469
0.47212597727775574,375.26776123046875,0.5737838745117188,372.268310546875
1.8440945148468018,17.511810302734375,1.6972311735153198,3.8825905323028564
0.113543301820755,589.9212646484375,0.09064699709415436,614.0853881835938
0.5033071041107178,12.00787353515625,0.5390142202377319,-5.070852756500244
0.3006299138069153,589.9212646484375,0.23825283348560333,560.3908081054688
0.48771652579307556,512.8661499023438,0.671715259552002,565.2069091796875
0.6748031377792358,28.519685745239258,0.747265100479126,27.43515968322754
0.1759055107831955,364.2598876953125,0.281795859336853,327.5245666503906
0.5344882011413574,298.21258544921875,0.7250397801399231,297.4994812011719
0.4409448802471161,419.2992248535156,0.5082548260688782,424.5287170410156
0.7059842348098755,133.094482421875,0.6517328023910522,216.98829650878906
0.9866141676902771,23.0157470703125,1.0864394903182983,-8.011988639831543
0.5033071041107178,435.81103515625,0.21703042089939117,621.123779296875
0.2538582682609558,325.7322692871094,0.3220691680908203,395.74847412109375
1.7817323207855225,342.24407958984375,1.9205443859100342,336.7743225097656
1.7505512237548828,171.62203979492188,1.7735066413879395,170.37400817871094
1.7505512237548828,402.78741455078125,1.690337896347046,462.4645080566406
0.238267719745636,39.527557373046875,0.1587071418762207,71.71934509277344
1.3763779401779175,386.2756042480469,1.5023962259292603,373.5296630859375
1.7973228693008423,523.8740234375,1.7427443265914917,582.0
0.9242519736289978,325.7322692871094,0.886359691619873,321.71734619140625
1.0022047758102417,441.3149719238281,0.5936824083328247,510.075927734375
1.7193701267242432,232.16537475585938,1.5153087377548218,312.1330871582031
1.4699212312698364,171.62203979492188,1.4733808040618896,242.0428009033203
0.7839370369911194,122.08661651611328,0.6690061092376709,169.41860961914062
0.7059842348098755,276.19683837890625,0.6667015552520752,271.0892028808594
0.1759055107831955,111.07874298095703,0.25925949215888977,117.9708023071289
0.8462992310523987,23.0157470703125,0.7888185977935791,42.76492691040039
0.5968503952026367,259.6850280761719,0.8653439283370972,184.97235107421875
1.017795443534851,617.44091796875,1.3604207038879395,505.2284240722656
0.7215747833251953,67.0472412109375,0.8307169675827026,49.68146514892578
0.05118110775947571,72.55117797851562,0.08822612464427948,64.26764678955078
1.3451968431472778,666.9763793945312,1.2427746057510376,811.6602172851562
1.594645619392395,226.66140747070312,1.4488873481750488,261.2205810546875
1.7817323207855225,534.8818969726562,1.628894567489624,489.9523620605469
0.8462992310523987,694.4960327148438,0.6838481426239014,674.2378540039062
1.5790550708770752,320.22833251953125,2.1270833015441895,170.4344024658203
1.9376378059387207,358.7558898925781,1.9358646869659424,225.60928344726562
1.3607873916625977,325.7322692871094,1.4545302391052246,315.7467346191406
1.0801575183868408,700.0,1.0871254205703735,698.9845581054688
1.7037795782089233,287.2047119140625,1.5544382333755493,382.6655578613281
1.2516535520553589,45.031494140625,1.3592246770858765,21.527864456176758
0.7215747833251953,501.8582763671875,0.5914779901504517,554.8291625976562
1.2048819065093994,336.7401428222656,1.0897642374038696,437.1851806640625
0.019999999552965164,34.02362060546875,0.0681750476360321,7.790677547454834
1.4075590372085571,666.9763793945312,1.4318581819534302,743.7463989257812
1.064566969871521,375.26776123046875,1.4016975164413452,314.0383605957031
1.7817323207855225,17.511810302734375,1.8497350215911865,50.676429748535156
1.4699212312698364,628.4487915039062,1.5912576913833618,705.7242431640625
1.0489764213562012,672.4802856445312,1.2109211683273315,560.7256469726562
1.4075590372085571,259.6850280761719,1.3335164785385132,224.20986938476562
0.238267719745636,507.3622131347656,0.2938369810581207,589.6577758789062
1.501102328300476,589.9212646484375,1.7550255060195923,498.0086364746094
0.8307086825370789,435.81103515625,1.0406169891357422,463.6365051269531
0.6748031377792358,6.503936767578125,0.85430908203125,-1.4793529510498047
0.5968503952026367,166.11810302734375,0.42805686593055725,212.47633361816406
1.2516535520553589,67.0472412109375,1.221794843673706,118.17118072509766
0.3006299138069153,397.2834777832031,0.3168051242828369,381.9376525878906
1.9532283544540405,292.7086486816406,1.8039453029632568,220.8697509765625
0.47212597727775574,182.62994384765625,0.5349529385566711,169.09725952148438
0.19149605929851532,270.6929016113281,0.32064011693000793,244.74456787109375
0.26944881677627563,633.9527587890625,0.30331951379776,522.3555908203125
0.3941732347011566,655.968505859375,0.1962057203054428,702.6588134765625
0.815118134021759,61.54330825805664,0.7406914234161377,70.84654998779297
0.5500787496566772,551.3936767578125,0.45744630694389343,605.3047485351562
1.3607873916625977,666.9763793945312,1.7090808153152466,566.8641967773438
1.5322834253311157,39.527557373046875,1.3954026699066162,81.79352569580078
0.6748031377792358,287.2047119140625,0.7976497411727905,278.92755126953125
1.2672441005706787,67.0472412109375,1.3651000261306763,54.83649826049805
0.26944881677627563,39.527557373046875,0.4242894649505615,14.147921562194824
1.4699212312698364,408.2913513183594,1.5790656805038452,469.3066101074219
1.329606294631958,34.02362060546875,1.4631942510604858,19.86971092224121
1.6725984811782837,446.8188781738281,1.5885034799575806,498.1150207519531
1.3919684886932373,490.85040283203125,1.4385937452316284,543.7161865234375
1.9844094514846802,303.7165222167969,1.4149932861328125,444.87933349609375
1.423149585723877,347.7480163574219,1.3904716968536377,422.2705993652344
1.3140157461166382,523.8740234375,1.2258137464523315,479.2776794433594
0.06677165627479553,435.81103515625,0.14220917224884033,479.9054260253906
0.5188976526260376,325.7322692871094,0.6157628893852234,314.1713562011719
1.5634645223617554,67.0472412109375,1.3827677965164185,127.74861145019531
1.906456708908081,72.55117797851562,1.6172231435775757,213.9269256591797
1.7505512237548828,529.3779296875,1.9887714385986328,459.83819580078125
1.594645619392395,325.7322692871094,1.6308296918869019,271.45928955078125
1.594645619392395,435.81103515625,1.3478494882583618,479.088623046875
1.3919684886932373,287.2047119140625,1.3128365278244019,307.2174987792969
1.4699212312698364,672.4802856445312,1.8922429084777832,611.1597900390625
0.20708660781383514,655.968505859375,0.13268588483333588,636.6582641601562
1.6725984811782837,116.58268737792969,1.6367814540863037,101.88284301757812
0.8307086825370789,265.18896484375,1.0133037567138672,222.1143341064453
0.2538582682609558,270.6929016113281,0.240820050239563,212.37469482421875
0.7371653318405151,606.4330444335938,1.1263599395751953,634.225341796875
1.516692876815796,567.905517578125,1.7721027135849,517.004638671875
1.1425197124481201,545.8897705078125,1.3982206583023071,444.051513671875
0.5344882011413574,485.3464660644531,0.5554490089416504,484.7731018066406
0.659212589263916,309.220458984375,0.6576036810874939,376.32537841796875
0.7683464288711548,529.3779296875,0.8042903542518616,481.2962341308594
0.5500787496566772,28.519685745239258,0.7025466561317444,40.56550598144531
1.9532283544540405,523.8740234375,1.9267932176589966,540.4178466796875
1.9688189029693604,441.3149719238281,2.0631535053253174,371.4950256347656
0.05118110775947571,529.3779296875,0.05923141911625862,608.0438232421875
0.5968503952026367,441.3149719238281,0.7224656343460083,469.7548828125
1.3607873916625977,655.968505859375,1.6211180686950684,667.1402587890625
1.9688189029693604,358.7558898925781,1.4928802251815796,576.1134033203125
0.5500787496566772,677.9842529296875,0.8601065278053284,560.01416015625
0.20708660781383514,303.7165222167969,0.37288060784339905,246.43466186523438
1.5322834253311157,23.0157470703125,1.5102481842041016,9.150850296020508
1.9532283544540405,166.11810302734375,1.8636701107025146,145.36611938476562
1.064566969871521,518.3700561523438,1.5281106233596802,397.1685791015625
1.8596850633621216,331.2362060546875,1.5291416645050049,404.4911193847656
0.33181101083755493,281.7007751464844,0.4598696231842041,207.5033416748047
1.6725984811782837,166.11810302734375,1.4837208986282349,226.45799255371094
1.812913417816162,622.9448852539062,1.4969784021377563,657.8803100585938
0.6903936862945557,210.1496124267578,0.7059860825538635,284.4879455566406
0.8462992310523987,6.503936767578125,0.9630628228187561,-17.635129928588867
0.3006299138069153,50.53543472290039,0.39542627334594727,39.920753479003906
0.7995275855064392,248.6771697998047,0.7750996947288513,244.60923767089844
1.6258267164230347,683.4881591796875,1.6078524589538574,653.1866455078125
1.501102328300476,23.0157470703125,1.5460397005081177,39.09096145629883
1.3140157461166382,452.32281494140625,1.5657603740692139,438.0508728027344
0.26944881677627563,628.4487915039062,0.23255376517772675,669.92431640625
1.1737008094787598,336.7401428222656,1.3736827373504639,345.8618469238281
1.7817323207855225,331.2362060546875,1.6597673892974854,474.2461242675781
0.752755880355835,34.02362060546875,0.7854681015014648,24.669836044311523
0.26944881677627563,111.07874298095703,0.45774176716804504,71.25008392333984
0.3006299138069153,23.0157470703125,0.5210180282592773,17.46432113647461
1.1737008094787598,463.33074951171875,1.3386021852493286,332.44256591796875
0.28503936529159546,281.7007751464844,0.3031065762042999,302.0484313964844
2.0,688.9921264648438,1.6590007543563843,649.241455078125
0.7995275855064392,402.78741455078125,0.6293798089027405,446.81207275390625
1.7661417722702026,644.9606323242188,1.7406424283981323,505.80487060546875
0.7371653318405151,556.8976440429688,0.911636233329773,412.41326904296875
0.6280314922332764,144.10235595703125,0.8503640294075012,117.76244354248047
1.6258267164230347,171.62203979492188,1.5204036235809326,223.64697265625
0.33181101083755493,694.4960327148438,0.4107714593410492,597.7703247070312
1.1113386154174805,320.22833251953125,0.8632066249847412,426.58514404296875
1.6414172649383545,474.3385925292969,1.479108214378357,526.2901611328125
1.8596850633621216,160.61416625976562,1.8507972955703735,262.1604309082031
1.0957480669021606,78.05511474609375,1.152656078338623,62.5106086730957
0.8618897795677185,45.031494140625,0.9006615281105042,42.82296371459961
1.9844094514846802,133.094482421875,1.9669593572616577,126.4547119140625
0.7995275855064392,424.80316162109375,0.9939079880714417,398.8336486816406
0.5968503952026367,105.5748062133789,0.5072376132011414,114.38951873779297
1.5790550708770752,160.61416625976562,1.5168977975845337,173.2395477294922
1.7817323207855225,1.0,1.657806396484375,-10.442208290100098
1.6881890296936035,303.7165222167969,1.5298866033554077,303.6674499511719
0.7215747833251953,402.78741455078125,0.7979331612586975,365.79638671875
0.8930708765983582,501.8582763671875,1.2673859596252441,574.272216796875
1.8752756118774414,6.503936767578125,1.7819141149520874,33.89816665649414
0.113543301820755,243.17323303222656,0.1588805913925171,277.464599609375
0.05118110775947571,331.2362060546875,0.20596922934055328,285.3615417480469
0.8774803280830383,116.58268737792969,0.7615656852722168,174.78421020507812
1.2516535520553589,655.968505859375,1.2793364524841309,604.9524536132812
1.064566969871521,105.5748062133789,1.2492709159851074,84.51058197021484
0.3006299138069153,540.3858032226562,0.38538840413093567,487.98541259765625
1.064566969871521,595.4251708984375,1.596862554550171,485.9953308105469
1.1892913579940796,490.85040283203125,1.4869917631149292,511.1990051269531
1.8908661603927612,221.15748596191406,1.979317545890808,202.42579650878906
1.734960675239563,540.3858032226562,1.596254825592041,615.709716796875
1.6102361679077148,23.0157470703125,1.6745858192443848,47.44584274291992
1.2516535520553589,529.3779296875,0.985471248626709,576.60791015625
1.6102361679077148,523.8740234375,1.938277006149292,467.530029296875
1.2204724550247192,688.9921264648438,1.4183480739593506,590.0679321289062
1.5478739738464355,402.78741455078125,1.6052402257919312,457.1853942871094
0.7059842348098755,210.1496124267578,0.5849587321281433,251.0520782470703
0.9242519736289978,199.14173889160156,0.8647242784500122,142.19847106933594
1.6414172649383545,89.06298828125,1.4125226736068726,164.5435028076172
0.752755880355835,628.4487915039062,1.17560875415802,495.2222595214844
1.0957480669021606,210.1496124267578,1.180631399154663,243.51309204101562
1.6258267164230347,534.8818969726562,1.6000546216964722,468.0163269042969
1.5634645223617554,446.8188781738281,1.5109046697616577,499.2081298828125
1.5322834253311157,215.65354919433594,1.3350167274475098,276.9874572753906
1.2204724550247192,589.9212646484375,1.4913829565048218,555.3540649414062
0.5656692981719971,435.81103515625,1.227811574935913,224.6415252685547
1.0957480669021606,89.06298828125,0.9839904308319092,135.72802734375
0.7995275855064392,171.62203979492188,0.8291372656822205,160.31912231445312
1.0333858728408813,100.07086944580078,1.1265634298324585,83.13934326171875
1.3763779401779175,688.9921264648438,1.206417441368103,630.4043579101562
0.4409448802471161,485.3464660644531,0.7864825129508972,349.3426208496094
0.908661425113678,551.3936767578125,1.0317485332489014,489.1115417480469
1.9688189029693604,50.53543472290039,1.7779064178466797,89.75187683105469
1.1892913579940796,639.4566650390625,1.1665873527526855,601.1842041015625
1.5790550708770752,28.519685745239258,1.5933796167373657,14.501448631286621
1.4075590372085571,424.80316162109375,1.443351149559021,415.7919006347656
1.423149585723877,617.44091796875,1.5476782321929932,624.64794921875
1.236063003540039,122.08661651611328,1.1538610458374023,148.95220947265625
1.734960675239563,303.7165222167969,1.1972384452819824,431.9115295410156
1.0801575183868408,430.3070983886719,1.2420995235443115,371.9939880371094
0.47212597727775574,562.4015502929688,0.902890145778656,459.5477294921875
1.0489764213562012,347.7480163574219,1.1043413877487183,265.8994445800781
0.6748031377792358,292.7086486816406,0.5792356729507446,329.90423583984375
0.5656692981719971,1.0,0.649661660194397,6.179303169250488
1.0957480669021606,254.1811065673828,1.3954025506973267,214.29539489746094
0.7683464288711548,578.9133911132812,1.0744903087615967,496.6025390625
1.0333858728408813,545.8897705078125,1.4476923942565918,390.77923583984375
0.4409448802471161,584.4172973632812,0.5194157361984253,565.9352416992188
0.6280314922332764,39.527557373046875,0.6254301071166992,61.48891067504883
0.06677165627479553,221.15748596191406,0.042959168553352356,286.2044372558594
0.42535433173179626,111.07874298095703,0.5024732351303101,120.96392059326172
0.3006299138069153,408.2913513183594,0.09472194314002991,523.5738525390625
0.1759055107831955,435.81103515625,0.44504937529563904,428.8713073730469
1.5634645223617554,457.8267517089844,1.4942151308059692,559.9254760742188
0.5656692981719971,325.7322692871094,0.5931169986724854,375.37982177734375
0.2538582682609558,661.472412109375,0.3855878710746765,801.8684692382812
1.6881890296936035,567.905517578125,1.770755410194397,463.1380310058594
1.9376378059387207,259.6850280761719,1.7791296243667603,300.48193359375
0.6280314922332764,435.81103515625,0.4437777101993561,498.6434326171875
0.8307086825370789,617.44091796875,0.7210645079612732,539.9652099609375
0.4565354287624359,595.4251708984375,0.15378880500793457,744.9274291992188
0.752755880355835,56.039371490478516,0.9510428309440613,27.9788875579834
1.9688189029693604,94.56694030761719,2.095625400543213,74.34083557128906
0.5968503952026367,177.1259765625,0.5600261092185974,220.34483337402344
0.08236220479011536,397.2834777832031,0.08681511878967285,444.1473388671875
1.1269291639328003,606.4330444335938,1.4034157991409302,451.48687744140625
0.19149605929851532,584.4172973632812,0.3266669511795044,539.6869506835938
0.3785826861858368,523.8740234375,0.5253713130950928,479.3321533203125
1.2984251976013184,529.3779296875,1.3049312829971313,584.362060546875
0.6436220407485962,94.56694030761719,0.6717065572738647,88.52718353271484
0.113543301820755,523.8740234375,0.12230876088142395,524.385986328125
1.501102328300476,375.26776123046875,1.584536075592041,381.7460632324219
1.6414172649383545,298.21258544921875,1.3677407503128052,407.52227783203125
0.7215747833251953,468.8346862792969,0.7895644903182983,508.42022705078125
1.7037795782089233,424.80316162109375,1.1694128513336182,521.4219970703125
0.9866141676902771,171.62203979492188,1.0319381952285767,195.84950256347656
1.7973228693008423,419.2992248535156,1.6747723817825317,345.7232360839844
0.8618897795677185,215.65354919433594,0.5578981637954712,320.9386901855469
1.3919684886932373,584.4172973632812,1.6132296323776245,556.8096923828125
0.4565354287624359,193.63780212402344,0.6481559872627258,147.8079071044922
1.828503966331482,336.7401428222656,1.3692070245742798,529.5038452148438
1.0489764213562012,650.4645385742188,0.7248334288597107,668.8203735351562
0.22267717123031616,155.1102294921875,0.3119221031665802,139.34857177734375
1.1269291639328003,336.7401428222656,1.3505157232284546,341.6916198730469
0.3941732347011566,523.8740234375,0.5560248494148254,583.521240234375
1.1269291639328003,320.22833251953125,1.0187983512878418,398.7007141113281
1.0489764213562012,600.9291381835938,1.2453166246414185,527.8135375976562
0.47212597727775574,314.7243957519531,0.5354297161102295,268.6631774902344
1.8440945148468018,160.61416625976562,1.9848114252090454,117.48904418945312
1.3140157461166382,248.6771697998047,1.3593964576721191,295.3408203125
0.8462992310523987,320.22833251953125,0.7646952867507935,430.0732421875
0.4409448802471161,6.503936767578125,0.4903638958930969,-0.10225999355316162
1.906456708908081,188.13388061523438,1.7143925428390503,141.61683654785156
1.3140157461166382,391.779541015625,1.5905042886734009,418.988037109375
1.6258267164230347,413.7952880859375,1.666016697883606,404.5608215332031
0.2538582682609558,138.59841918945312,0.46693849563598633,86.6030502319336
0.36299213767051697,182.62994384765625,0.48489803075790405,148.99180603027344
0.4409448802471161,479.842529296875,0.7085987329483032,470.0826721191406
1.3451968431472778,644.9606323242188,1.2467718124389648,600.1340942382812
0.5812598466873169,683.4881591796875,0.5615901350975037,617.6697387695312
0.22267717123031616,457.8267517089844,0.20015594363212585,466.8175964355469
0.815118134021759,276.19683837890625,0.9571710824966431,284.0999450683594
1.017795443534851,199.14173889160156,1.2970004081726074,151.12013244628906
0.22267717123031616,309.220458984375,0.2602885067462921,268.60052490234375
0.659212589263916,688.9921264648438,0.888329267501831,519.8072509765625
1.8596850633621216,534.8818969726562,1.7280374765396118,548.40576171875
0.22267717123031616,578.9133911132812,0.35998183488845825,536.0177001953125
0.4565354287624359,232.16537475585938,0.6157363653182983,193.048583984375
1.5478739738464355,287.2047119140625,1.3805434703826904,411.82476806640625
1.2516535520553589,149.60629272460938,1.0112913846969604,203.13572692871094
0.1759055107831955,182.62994384765625,0.16189049184322357,200.47825622558594
0.7059842348098755,606.4330444335938,0.6605333089828491,561.1397094726562
0.3162204623222351,303.7165222167969,0.40793323516845703,327.1017150878906
1.501102328300476,611.93701171875,1.3101913928985596,606.2109375
0.113543301820755,375.26776123046875,0.22673974931240082,290.7126770019531
0.28503936529159546,650.4645385742188,0.3727133274078369,557.9340209960938
1.6102361679077148,639.4566650390625,1.4533108472824097,557.9641723632812
1.906456708908081,556.8976440429688,1.8950557708740234,587.3213500976562
1.3140157461166382,578.9133911132812,1.5331826210021973,678.72509765625
0.09795275330543518,171.62203979492188,0.14012931287288666,206.8147735595703
0.3785826861858368,606.4330444335938,0.45088720321655273,605.8759765625
0.28503936529159546,644.9606323242188,0.49681374430656433,570.945068359375
0.26944881677627563,485.3464660644531,0.30112192034721375,502.793212890625
1.0022047758102417,204.6456756591797,1.0559040307998657,249.06622314453125
1.9220472574234009,584.4172973632812,1.7366019487380981,595.2804565429688
1.9532283544540405,369.7638244628906,1.3408607244491577,595.3770141601562
0.12913386523723602,138.59841918945312,0.10689088702201843,130.404541015625
0.8307086825370789,353.251953125,0.6710695624351501,443.19390869140625
0.08236220479011536,100.07086944580078,0.15352870523929596,80.40824127197266
0.08236220479011536,523.8740234375,0.1878129094839096,505.23779296875
0.8462992310523987,270.6929016113281,0.7760709524154663,275.86541748046875
0.12913386523723602,298.21258544921875,0.04250267148017883,352.12786865234375
0.22267717123031616,606.4330444335938,0.17723944783210754,617.1329345703125
1.7037795782089233,358.7558898925781,1.4994206428527832,427.6642761230469
1.017795443534851,402.78741455078125,0.9854894876480103,376.9417419433594
0.36299213767051697,89.06298828125,0.3946675658226013,53.6468391418457
0.815118134021759,353.251953125,0.6524295806884766,412.1988220214844
0.6280314922332764,452.32281494140625,0.5826825499534607,488.6915588378906
0.5812598466873169,248.6771697998047,0.5407121777534485,251.21702575683594
1.2204724550247192,325.7322692871094,0.8313608765602112,486.55889892578125
0.09795275330543518,463.33074951171875,0.23344749212265015,442.22772216796875
0.7215747833251953,28.519685745239258,0.9190125465393066,3.8871188163757324
1.8752756118774414,435.81103515625,1.748341679573059,532.2601318359375
0.3941732347011566,259.6850280761719,0.5873206853866577,219.83584594726562
0.7839370369911194,17.511810302734375,0.8846938014030457,-9.606547355651855
1.812913417816162,518.3700561523438,1.4376543760299683,630.7786254882812
0.47212597727775574,468.8346862792969,0.5883042216300964,480.4983825683594
1.6725984811782837,83.55905151367188,1.3288766145706177,96.89959716796875
0.7995275855064392,160.61416625976562,0.7618098855018616,151.61593627929688
0.03559055179357529,67.0472412109375,0.137185201048851,54.99842071533203
0.752755880355835,1.0,0.8408467173576355,-17.884761810302734
1.9688189029693604,650.4645385742188,1.7056300640106201,679.73583984375
1.3607873916625977,72.55117797851562,1.5579588413238525,86.31694793701172
0.33181101083755493,171.62203979492188,0.20896212756633759,188.754638671875
1.0333858728408813,67.0472412109375,1.2254465818405151,34.30610275268555
1.734960675239563,265.18896484375,1.7726930379867554,285.9139709472656
0.8462992310523987,545.8897705078125,0.7239935398101807,669.4219360351562
0.9554330706596375,83.55905151367188,1.1314500570297241,52.636375427246094
0.659212589263916,430.3070983886719,0.7639893889427185,501.8072814941406
1.064566969871521,551.3936767578125,1.1807504892349243,552.056396484375
0.06677165627479553,700.0,0.14436562359333038,743.185546875
0.8307086825370789,94.56694030761719,0.6681922078132629,129.32037353515625
0.20708660781383514,166.11810302734375,0.23655059933662415,172.82333374023438
1.3919684886932373,463.33074951171875,1.5443954467773438,507.6734924316406
0.908661425113678,188.13388061523438,0.9176581501960754,202.93028259277344
1.3140157461166382,226.66140747070312,1.4217513799667358,223.62435913085938
0.815118134021759,545.8897705078125,0.6989852786064148,586.5330810546875
0.8774803280830383,463.33074951171875,0.6872327327728271,506.6765441894531
0.08236220479011536,78.05511474609375,0.10288651287555695,53.89263153076172
1.4699212312698364,325.7322692871094,1.658898115158081,356.3018798828125
0.9242519736289978,303.7165222167969,1.1923192739486694,306.0452880859375
1.0022047758102417,193.63780212402344,0.9648505449295044,217.49073791503906
1.6258267164230347,177.1259765625,1.250736117362976,270.70745849609375
0.47212597727775574,364.2598876953125,0.419847697019577,416.0920715332031
0.238267719745636,457.8267517089844,0.41728949546813965,425.8965759277344
1.3140157461166382,364.2598876953125,1.4349921941757202,403.652099609375
1.7661417722702026,468.8346862792969,1.5263386964797974,577.998779296875
1.5790550708770752,182.62994384765625,1.9360053539276123,133.87965393066406
0.14472442865371704,490.85040283203125,0.31273481249809265,418.2124938964844
0.48771652579307556,419.2992248535156,0.3905472755432129,446.6103515625
2.0,628.4487915039062,2.0214223861694336,533.1766967773438
1.7817323207855225,628.4487915039062,1.6949409246444702,551.1425170898438
1.8908661603927612,562.4015502929688,1.7621402740478516,606.4173583984375
1.236063003540039,512.8661499023438,1.325394630432129,443.1042785644531
0.3162204623222351,320.22833251953125,0.576697051525116,242.0506134033203
1.236063003540039,633.9527587890625,1.7907936573028564,669.1444091796875
0.7059842348098755,320.22833251953125,1.1126455068588257,291.86444091796875
0.019999999552965164,611.93701171875,0.3398365080356598,556.862060546875
0.28503936529159546,6.503936767578125,0.45746979117393494,-15.52161979675293
1.6102361679077148,144.10235595703125,1.273903727531433,174.45567321777344
0.908661425113678,700.0,1.0165271759033203,578.9290771484375
1.7193701267242432,402.78741455078125,1.816906452178955,290.8731689453125
0.9242519736289978,39.527557373046875,0.9824184775352478,14.578897476196289
1.3607873916625977,210.1496124267578,1.2230198383331299,241.1732940673828
1.1113386154174805,496.3543395996094,1.190518856048584,542.4302368164062
0.6280314922332764,188.13388061523438,0.5251861214637756,277.74951171875
1.3919684886932373,166.11810302734375,1.2362536191940308,234.7415313720703
0.36299213767051697,177.1259765625,0.5163730978965759,146.79550170898438
0.5344882011413574,182.62994384765625,0.5117879509925842,163.3550262451172
0.08236220479011536,320.22833251953125,0.016846012324094772,345.6563720703125
1.6102361679077148,578.9133911132812,1.9196252822875977,497.86566162109375
1.8596850633621216,364.2598876953125,1.563881516456604,350.45587158203125
1.9532283544540405,23.0157470703125,1.8096762895584106,49.67082977294922
0.8307086825370789,402.78741455078125,0.9618152379989624,393.1153564453125
0.6436220407485962,628.4487915039062,0.9872016906738281,477.8422546386719
0.7371653318405151,171.62203979492188,0.5382652878761292,242.78567504882812
1.6570079326629639,78.05511474609375,1.5983822345733643,97.99012756347656
0.03559055179357529,408.2913513183594,0.28348687291145325,375.1465759277344
0.7995275855064392,56.039371490478516,0.8484354615211487,55.750274658203125
1.1269291639328003,672.4802856445312,1.4329146146774292,629.9734497070312
1.4075590372085571,12.00787353515625,1.4896008968353271,21.882497787475586
1.5790550708770752,6.503936767578125,1.5451221466064453,26.47237777709961
1.5634645223617554,314.7243957519531,1.8915032148361206,269.0181884765625
0.40976378321647644,672.4802856445312,0.4160388708114624,623.333740234375
0.6748031377792358,116.58268737792969,0.634807288646698,163.67445373535156
0.16031496226787567,331.2362060546875,0.24977004528045654,309.57647705078125
0.5033071041107178,446.8188781738281,0.2504253685474396,594.3351440429688
1.594645619392395,6.503936767578125,1.5651636123657227,-9.846076965332031
0.9398425221443176,457.8267517089844,0.9148406386375427,521.2939453125
0.48771652579307556,584.4172973632812,0.812822163105011,574.9346923828125
1.1737008094787598,353.251953125,1.3037230968475342,453.06353759765625
0.8618897795677185,507.3622131347656,0.9978315830230713,515.3624267578125
0.3941732347011566,424.80316162109375,0.5328133702278137,460.9637451171875
1.7973228693008423,578.9133911132812,1.9485442638397217,421.2940368652344
0.36299213767051697,105.5748062133789,0.39240550994873047,106.98090362548828
0.20708660781383514,688.9921264648438,0.26778945326805115,595.00830078125
1.6570079326629639,39.527557373046875,1.8206087350845337,1.5844810009002686
1.6102361679077148,127.5905532836914,1.5921961069107056,116.22747802734375
1.734960675239563,45.031494140625,1.5695102214813232,39.022525787353516
1.7037795782089233,232.16537475585938,1.4225844144821167,284.2333679199219
0.752755880355835,529.3779296875,1.110955834388733,460.23846435546875
1.2048819065093994,452.32281494140625,1.2486690282821655,507.8294982910156
1.7661417722702026,501.8582763671875,1.646079659461975,631.8390502929688
0.1759055107831955,12.00787353515625,0.06683303415775299,23.927143096923828
0.238267719745636,463.33074951171875,0.22498808801174164,496.53961181640625
1.3451968431472778,182.62994384765625,1.1501480340957642,254.64242553710938
0.3162204623222351,589.9212646484375,0.10829073190689087,694.588623046875
0.8930708765983582,122.08661651611328,0.9854933619499207,110.08523559570312
0.5344882011413574,622.9448852539062,0.5218793749809265,566.8283081054688
0.19149605929851532,28.519685745239258,0.14007604122161865,32.95842742919922
0.2538582682609558,358.7558898925781,0.3459586501121521,346.54571533203125
1.6570079326629639,61.54330825805664,1.7363111972808838,23.972515106201172
0.3785826861858368,644.9606323242188,0.3514937460422516,676.2543334960938
1.6570079326629639,672.4802856445312,1.5214149951934814,561.0358276367188
0.6436220407485962,331.2362060546875,0.7382290363311768,314.1336669921875
1.6102361679077148,17.511810302734375,1.7995587587356567,-45.76899719238281
1.0489764213562012,441.3149719238281,1.255906581878662,443.62872314453125
1.1892913579940796,578.9133911132812,1.1937692165374756,639.1842651367188
1.5634645223617554,265.18896484375,1.5551124811172485,272.9727783203125
0.06677165627479553,61.54330825805664,0.25406190752983093,49.596073150634766
1.6725984811782837,688.9921264648438,1.6197478771209717,641.6531372070312
0.6124409437179565,573.409423828125,0.7422291040420532,535.6887817382812
1.6570079326629639,221.15748596191406,1.7331604957580566,220.46209716796875
0.019999999552965164,419.2992248535156,0.19458182156085968,406.8499450683594
1.9532283544540405,402.78741455078125,1.7967524528503418,473.1944885253906
1.9376378059387207,226.66140747070312,1.7410037517547607,307.4100341796875
1.0489764213562012,523.8740234375,1.4269284009933472,542.23974609375
0.26944881677627563,545.8897705078125,0.4057575762271881,359.34295654296875
1.7037795782089233,45.031494140625,1.765807867050171,8.751636505126953
0.03559055179357529,386.2756042480469,0.06711489707231522,475.06048583984375
1.594645619392395,496.3543395996094,1.3394688367843628,520.4949951171875
0.06677165627479553,584.4172973632812,0.12660998106002808,573.1460571289062
0.8930708765983582,210.1496124267578,0.8360082507133484,270.5543518066406
0.06677165627479553,397.2834777832031,0.11868508160114288,413.5943298339844
1.4387401342391968,573.409423828125,1.568398356437683,513.6747436523438
0.9866141676902771,540.3858032226562,1.4984689950942993,517.154052734375
0.238267719745636,622.9448852539062,0.30595046281814575,657.6094360351562
0.019999999552965164,672.4802856445312,0.17365610599517822,627.9855346679688
1.9844094514846802,595.4251708984375,1.6001383066177368,645.6303100585938
0.019999999552965164,303.7165222167969,0.05801460146903992,354.6055908203125
1.329606294631958,534.8818969726562,1.4601284265518188,599.7237548828125
1.5322834253311157,133.094482421875,1.4612348079681396,134.41787719726562
1.0022047758102417,94.56694030761719,0.884499192237854,146.9955291748047
1.906456708908081,276.19683837890625,1.5871511697769165,424.4127197265625
1.2516535520553589,633.9527587890625,1.3518606424331665,533.9412231445312
0.9866141676902771,111.07874298095703,1.0306575298309326,109.66545867919922
0.5188976526260376,633.9527587890625,0.8274537920951843,602.7822265625
0.4565354287624359,650.4645385742188,0.5570304989814758,559.2396850585938
1.828503966331482,369.7638244628906,1.8436214923858643,304.3653869628906
0.5656692981719971,633.9527587890625,1.0791642665863037,547.8501586914062
1.906456708908081,562.4015502929688,1.6730246543884277,642.5267944335938
0.40976378321647644,435.81103515625,0.34426823258399963,468.3981628417969
0.7995275855064392,111.07874298095703,1.2601295709609985,56.96952819824219
1.8752756118774414,221.15748596191406,1.8634941577911377,223.3331298828125
1.1269291639328003,413.7952880859375,1.3687572479248047,379.7323913574219
1.064566969871521,94.56694030761719,1.3812414407730103,63.11295700073242
0.8307086825370789,364.2598876953125,0.6473197340965271,616.2609252929688
1.9376378059387207,50.53543472290039,1.6246963739395142,105.81704711914062
1.501102328300476,182.62994384765625,1.3765226602554321,301.689697265625
0.9710236191749573,177.1259765625,0.727199912071228,230.51992797851562
0.09795275330543518,144.10235595703125,0.27992910146713257,112.33529663085938
0.19149605929851532,144.10235595703125,0.2722485363483429,140.5958251953125
1.516692876815796,380.77166748046875,1.6529552936553955,447.53021240234375
1.7193701267242432,639.4566650390625,1.9352525472640991,563.7303466796875
0.20708660781383514,248.6771697998047,0.4239647388458252,234.4224090576172
0.3006299138069153,336.7401428222656,0.34772127866744995,340.4160461425781
0.7683464288711548,292.7086486816406,0.9465723633766174,247.91273498535156
1.9220472574234009,479.842529296875,1.241801142692566,627.5762939453125
0.5344882011413574,166.11810302734375,0.6035356521606445,183.2210693359375
1.7817323207855225,347.7480163574219,1.9504718780517578,364.81097412109375
0.2538582682609558,39.527557373046875,0.3305526077747345,15.662991523742676
1.7193701267242432,78.05511474609375,1.742280125617981,72.2474365234375
1.3763779401779175,501.8582763671875,1.4862817525863647,519.4411010742188
0.5344882011413574,375.26776123046875,0.6651251912117004,285.86376953125
1.828503966331482,474.3385925292969,1.6459016799926758,528.087158203125
1.3451968431472778,72.55117797851562,1.2835721969604492,88.25398254394531
1.2048819065093994,72.55117797851562,1.062847375869751,121.91207885742188
0.6748031377792358,166.11810302734375,0.7241518497467041,151.27708435058594
0.4409448802471161,578.9133911132812,0.3421114981174469,671.37255859375
0.40976378321647644,353.251953125,0.5877915620803833,337.8677062988281
0.05118110775947571,523.8740234375,0.19772836565971375,499.4504089355469
2.0,622.9448852539062,1.9082447290420532,663.943603515625
0.5656692981719971,644.9606323242188,0.8223674297332764,555.6500854492188
1.017795443534851,221.15748596191406,0.8996962904930115,282.6188659667969
1.1269291639328003,622.9448852539062,1.0912302732467651,517.2637329101562
0.7215747833251953,45.031494140625,0.7420572638511658,40.83707046508789
0.40976378321647644,474.3385925292969,0.38358020782470703,444.5614318847656
1.8752756118774414,485.3464660644531,1.574747085571289,552.1231079101562
0.752755880355835,485.3464660644531,0.7861303687095642,527.4930419921875
0.22267717123031616,50.53543472290039,0.45122814178466797,23.703510284423828
0.4409448802471161,160.61416625976562,0.5700367093086243,143.88546752929688
1.8440945148468018,259.6850280761719,1.8819448947906494,308.58270263671875
1.7661417722702026,534.8818969726562,1.6374495029449463,625.1798706054688
0.26944881677627563,584.4172973632812,0.32473868131637573,602.6851196289062
1.064566969871521,287.2047119140625,1.0913722515106201,370.4004211425781
0.2538582682609558,485.3464660644531,0.14659643173217773,513.7625122070312
0.19149605929851532,50.53543472290039,0.23529691994190216,53.53081130981445
0.6903936862945557,540.3858032226562,0.5812520384788513,539.5520629882812
0.1759055107831955,309.220458984375,0.2546832859516144,338.60101318359375
0.5812598466873169,457.8267517089844,1.0224393606185913,369.83404541015625
1.7817323207855225,353.251953125,1.6373172998428345,273.6904296875
0.40976378321647644,34.02362060546875,0.5771432518959045,37.707130432128906
1.812913417816162,419.2992248535156,1.6962372064590454,486.98876953125
1.5478739738464355,386.2756042480469,1.787604570388794,334.9236145019531
0.019999999552965164,83.55905151367188,0.27223315834999084,78.02415466308594
1.6414172649383545,188.13388061523438,1.7657434940338135,210.16314697265625
1.7505512237548828,232.16537475585938,1.5666463375091553,276.0893859863281
0.22267717123031616,545.8897705078125,0.3316537141799927,506.32403564453125
0.06677165627479553,386.2756042480469,0.34659573435783386,352.4213562011719
1.6258267164230347,490.85040283203125,1.5248029232025146,497.740234375
0.8930708765983582,45.031494140625,1.1540309190750122,27.056238174438477
0.28503936529159546,204.6456756591797,0.425887793302536,196.67311096191406
0.7371653318405151,364.2598876953125,1.1481651067733765,293.7768859863281
1.8596850633621216,441.3149719238281,1.8112658262252808,474.4108581542969
1.2672441005706787,199.14173889160156,1.5216917991638184,217.5753173828125
0.6280314922332764,655.968505859375,0.619057834148407,698.729736328125
1.2984251976013184,12.00787353515625,1.3259477615356445,5.787020206451416
1.0333858728408813,435.81103515625,0.9876325726509094,528.0599975585938
1.0489764213562012,430.3070983886719,1.4671121835708618,322.4869384765625
0.19149605929851532,6.503936767578125,0.3579939603805542,-25.769502639770508
1.6102361679077148,688.9921264648438,1.8829238414764404,520.0098266601562
0.8462992310523987,303.7165222167969,0.6917119026184082,401.4679260253906
1.828503966331482,155.1102294921875,1.5416301488876343,238.23849487304688
1.8908661603927612,61.54330825805664,1.7658054828643799,77.48854064941406
0.7059842348098755,391.779541015625,0.8325881361961365,391.1010437011719
0.40976378321647644,105.5748062133789,0.5758903622627258,91.26902770996094
1.064566969871521,529.3779296875,1.0822045803070068,552.7174072265625
0.34740158915519714,534.8818969726562,0.6529200077056885,468.7006530761719
0.9398425221443176,688.9921264648438,0.7724512219429016,605.7374877929688
1.8596850633621216,12.00787353515625,2.0889320373535156,-30.242433547973633
1.2516535520553589,215.65354919433594,1.1995538473129272,298.0229797363281
0.6280314922332764,78.05511474609375,0.5703944563865662,70.1513900756836
1.5322834253311157,193.63780212402344,1.3479055166244507,227.17698669433594
0.19149605929851532,353.251953125,0.2465357631444931,423.4245910644531
0.8774803280830383,237.66929626464844,1.0329501628875732,226.5118865966797
1.329606294631958,221.15748596191406,1.2892205715179443,220.8479766845703
1.5790550708770752,259.6850280761719,1.3277004957199097,368.66796875
1.2672441005706787,358.7558898925781,1.2706438302993774,483.99822998046875
1.9688189029693604,446.8188781738281,1.7501325607299805,609.93359375
1.2828346490859985,127.5905532836914,1.2076115608215332,167.40057373046875
1.734960675239563,116.58268737792969,1.8030098676681519,99.08679962158203
1.9844094514846802,628.4487915039062,1.8603817224502563,537.77734375
0.8462992310523987,683.4881591796875,0.9386520981788635,642.7260131835938
1.4699212312698364,666.9763793945312,1.4312362670898438,608.0153198242188
1.8908661603927612,391.779541015625,1.703845500946045,428.7606201171875
0.019999999552965164,694.4960327148438,0.021087266504764557,601.679931640625
0.9710236191749573,39.527557373046875,0.9437202215194702,61.84250259399414
1.516692876815796,336.7401428222656,1.6581683158874512,272.34716796875
0.9866141676902771,479.842529296875,1.0452882051467896,546.4635620117188
0.7683464288711548,45.031494140625,0.8649774789810181,47.06779098510742
1.15811026096344,67.0472412109375,0.9899613857269287,85.14537811279297
0.8462992310523987,430.3070983886719,0.6905998587608337,465.47674560546875
1.7817323207855225,155.1102294921875,1.5129570960998535,234.1166229248047
1.1892913579940796,50.53543472290039,1.082126259803772,65.94376373291016
1.3451968431472778,28.519685745239258,1.5007258653640747,20.381013870239258
0.48771652579307556,672.4802856445312,0.6337915658950806,518.9861450195312
1.812913417816162,501.8582763671875,1.66365647315979,562.5642700195312
1.1269291639328003,34.02362060546875,1.196860432624817,50.79048538208008
0.48771652579307556,17.511810302734375,0.48236581683158875,15.208727836608887
1.4543306827545166,457.8267517089844,1.513170838356018,496.4716796875
0.12913386523723602,6.503936767578125,0.15279914438724518,10.916449546813965
1.2828346490859985,441.3149719238281,1.441961407661438,457.3396301269531
0.5812598466873169,540.3858032226562,1.0938842296600342,479.195556640625
0.26944881677627563,127.5905532836914,0.22333687543869019,149.94439697265625
1.7817323207855225,226.66140747070312,1.5865492820739746,233.3526153564453
0.34740158915519714,551.3936767578125,0.16608664393424988,593.9452514648438
1.3451968431472778,452.32281494140625,1.2423651218414307,524.7484130859375
1.2048819065093994,144.10235595703125,1.3592102527618408,110.46329498291016
0.19149605929851532,402.78741455078125,0.1552448868751526,442.56591796875
0.12913386523723602,628.4487915039062,0.1660284847021103,644.448486328125
1.423149585723877,105.5748062133789,1.4832569360733032,121.16032409667969
0.8618897795677185,160.61416625976562,1.1021389961242676,95.95594024658203
0.4565354287624359,138.59841918945312,0.5575861930847168,121.75146484375
0.8307086825370789,248.6771697998047,0.6471101641654968,295.8836975097656
1.8908661603927612,50.53543472290039,2.0176568031311035,30.13610076904297
1.812913417816162,17.511810302734375,1.7079912424087524,39.882320404052734
1.3451968431472778,617.44091796875,1.8093864917755127,527.0633544921875
1.4387401342391968,111.07874298095703,1.2164212465286255,175.19923400878906
0.6436220407485962,523.8740234375,0.8620067834854126,413.9938049316406
1.2672441005706787,149.60629272460938,1.4310150146484375,115.81723022460938
0.33181101083755493,303.7165222167969,0.27668046951293945,341.0801086425781
1.8596850633621216,391.779541015625,1.3845810890197754,522.3980712890625
1.2048819065093994,556.8976440429688,1.6280715465545654,501.5921325683594
1.0957480669021606,562.4015502929688,1.5067839622497559,496.684814453125
1.6570079326629639,111.07874298095703,1.477131962776184,160.75006103515625
0.5033071041107178,567.905517578125,0.2939503490924835,646.6632080078125
0.6280314922332764,122.08661651611328,0.4797353446483612,158.1379852294922
1.0801575183868408,628.4487915039062,1.3196054697036743,491.0698547363281
1.9376378059387207,633.9527587890625,1.833932638168335,469.584228515625
0.34740158915519714,292.7086486816406,0.34698760509490967,284.4472961425781
0.3941732347011566,232.16537475585938,0.4816133677959442,178.83860778808594
0.3785826861858368,232.16537475585938,0.5526928901672363,232.21925354003906
0.659212589263916,551.3936767578125,0.6334116458892822,537.895263671875
0.34740158915519714,34.02362060546875,0.3075684607028961,79.251220703125
1.906456708908081,204.6456756591797,1.8514702320098877,252.9141845703125
0.47212597727775574,237.66929626464844,0.5975459814071655,198.91842651367188
0.20708660781383514,375.26776123046875,0.28024527430534363,346.9136047363281
0.33181101083755493,540.3858032226562,0.35832539200782776,536.4014282226562
1.594645619392395,182.62994384765625,1.3246264457702637,371.3497009277344
1.0489764213562012,688.9921264648438,1.2207211256027222,664.0387573242188
1.329606294631958,650.4645385742188,1.1157758235931396,636.69189453125
0.33181101083755493,700.0,0.694051206111908,540.8589477539062
1.6725984811782837,518.3700561523438,1.6670305728912354,480.87896728515625
0.7215747833251953,655.968505859375,0.8528227210044861,529.7546997070312
0.9554330706596375,89.06298828125,0.7867502570152283,135.36935424804688
1.6570079326629639,193.63780212402344,1.659246802330017,188.32769775390625
1.5478739738464355,507.3622131347656,1.5844929218292236,510.51580810546875
0.3785826861858368,287.2047119140625,0.23815807700157166,358.007080078125
0.8774803280830383,89.06298828125,1.1044847965240479,83.14069366455078
0.9710236191749573,127.5905532836914,0.9683908820152283,107.97749328613281
1.0489764213562012,408.2913513183594,0.9931198954582214,448.9326171875
1.1269291639328003,397.2834777832031,1.0430337190628052,523.2039184570312
1.4075590372085571,633.9527587890625,1.2690433263778687,597.30517578125
0.5344882011413574,248.6771697998047,0.5729340314865112,252.38360595703125
0.7371653318405151,287.2047119140625,0.5346576571464539,415.5401611328125
0.08236220479011536,518.3700561523438,0.059568487107753754,554.1211547851562
1.3140157461166382,507.3622131347656,1.5534875392913818,538.6455078125
0.7839370369911194,600.9291381835938,0.9804713129997253,618.0931396484375
0.6124409437179565,314.7243957519531,0.8147465586662292,295.3995056152344
1.812913417816162,298.21258544921875,1.7494553327560425,310.5066223144531
1.2984251976013184,507.3622131347656,1.4416935443878174,597.7883911132812
0.48771652579307556,34.02362060546875,0.5926370024681091,21.369930267333984
0.26944881677627563,188.13388061523438,0.37143802642822266,138.7923583984375
1.812913417816162,402.78741455078125,1.743119239807129,487.2118835449219
0.48771652579307556,358.7558898925781,0.4579300284385681,360.3947448730469
0.34740158915519714,413.7952880859375,0.7352340817451477,302.39019775390625
0.1759055107831955,342.24407958984375,0.3129606246948242,286.4666748046875
0.12913386523723602,94.56694030761719,0.31387051939964294,68.53331756591797
1.501102328300476,265.18896484375,1.1591720581054688,436.2607727050781
0.8462992310523987,496.3543395996094,1.1355094909667969,455.9964904785156
1.423149585723877,111.07874298095703,1.6385324001312256,80.52681732177734
0.09795275330543518,430.3070983886719,0.31606996059417725,450.7264709472656
1.8752756118774414,56.039371490478516,1.8068543672561646,59.273563385009766
1.1113386154174805,89.06298828125,0.9686997532844543,127.01631164550781
1.7505512237548828,155.1102294921875,1.495280146598816,214.62742614746094
1.7817323207855225,193.63780212402344,1.8602302074432373,144.19317626953125
0.8930708765983582,496.3543395996094,0.8897508978843689,593.806884765625
0.9554330706596375,501.8582763671875,0.752705991268158,552.7479248046875
1.5478739738464355,105.5748062133789,1.7491769790649414,30.50667381286621
0.4565354287624359,309.220458984375,0.2999688684940338,370.55621337890625
1.0489764213562012,380.77166748046875,1.0117112398147583,335.0517578125
1.1425197124481201,452.32281494140625,1.6075831651687622,539.9161987304688
0.4409448802471161,193.63780212402344,0.6381128430366516,183.8730926513672
0.26944881677627563,430.3070983886719,0.3532862961292267,386.86578369140625
0.6124409437179565,303.7165222167969,0.7513290047645569,261.66552734375
0.8930708765983582,89.06298828125,0.8818994760513306,100.31355285644531
0.4409448802471161,17.511810302734375,0.4292934536933899,35.10362243652344
0.9710236191749573,661.472412109375,1.1719716787338257,631.191650390625
1.15811026096344,232.16537475585938,1.292261004447937,279.70306396484375
1.2828346490859985,507.3622131347656,1.105071783065796,581.7562866210938
0.8774803280830383,639.4566650390625,1.407982349395752,443.48272705078125
1.236063003540039,89.06298828125,1.4447203874588013,119.21786499023438
1.0957480669021606,204.6456756591797,1.1614561080932617,219.782470703125
0.6748031377792358,364.2598876953125,0.6214395761489868,402.48992919921875
1.6414172649383545,215.65354919433594,1.63443124294281,197.17950439453125
1.2984251976013184,292.7086486816406,1.5746420621871948,321.7330322265625
0.06677165627479553,292.7086486816406,0.1291458159685135,276.076416015625
0.03559055179357529,287.2047119140625,0.08957064151763916,335.33721923828125
0.8618897795677185,320.22833251953125,1.1742984056472778,273.7898864746094
0.7995275855064392,468.8346862792969,0.8315750360488892,507.15472412109375
0.908661425113678,6.503936767578125,0.8780493140220642,22.576919555664062
0.3162204623222351,391.779541015625,0.38430479168891907,406.7697448730469
0.1759055107831955,232.16537475585938,0.25355827808380127,203.9351806640625
0.113543301820755,248.6771697998047,0.18736645579338074,266.3699035644531
1.4543306827545166,144.10235595703125,1.486226201057434,156.49972534179688
1.7505512237548828,644.9606323242188,1.970280408859253,580.7616577148438
1.6102361679077148,105.5748062133789,1.7326611280441284,95.1957015991211
0.20708660781383514,83.55905151367188,0.2806949019432068,55.15026092529297
0.7995275855064392,567.905517578125,0.5788187384605408,507.8812561035156
0.3006299138069153,611.93701171875,0.32460930943489075,563.7764892578125
0.5033071041107178,688.9921264648438,0.6773509979248047,519.841796875
0.42535433173179626,490.85040283203125,0.6452637910842896,425.0246276855469
0.14472442865371704,204.6456756591797,0.145466148853302,204.71829223632812
0.908661425113678,28.519685745239258,1.122222900390625,7.5781145095825195
1.828503966331482,441.3149719238281,1.813827395439148,442.9336853027344
0.7215747833251953,56.039371490478516,0.8538225293159485,48.52436065673828
0.9710236191749573,221.15748596191406,0.9606142044067383,245.50633239746094
1.8908661603927612,545.8897705078125,2.0060629844665527,398.4660949707031
1.7505512237548828,193.63780212402344,1.7556582689285278,144.9315948486328
1.4543306827545166,50.53543472290039,1.50833261013031,69.77403259277344
1.7661417722702026,72.55117797851562,1.6754943132400513,69.7847671508789
0.3006299138069153,287.2047119140625,0.4191768765449524,262.23553466796875
0.7839370369911194,89.06298828125,0.876503586769104,64.74140167236328
1.2984251976013184,463.33074951171875,1.3284598588943481,436.3037109375
1.3451968431472778,611.93701171875,1.5462802648544312,608.181884765625
1.0022047758102417,314.7243957519531,1.1969928741455078,322.14434814453125
0.5033071041107178,430.3070983886719,0.5335645079612732,529.3982543945312
1.3919684886932373,633.9527587890625,1.5154889822006226,579.1795043945312
1.8908661603927612,584.4172973632812,1.7445317506790161,556.6089477539062
1.9688189029693604,661.472412109375,1.354944109916687,605.2404174804688
1.8752756118774414,303.7165222167969,1.8216257095336914,352.1559753417969
1.4543306827545166,259.6850280761719,1.3285620212554932,320.6322937011719
0.05118110775947571,1.0,0.13572919368743896,-16.642410278320312
0.5188976526260376,254.1811065673828,0.6840762495994568,241.19529724121094
0.33181101083755493,210.1496124267578,0.5009612441062927,189.74234008789062
0.3941732347011566,419.2992248535156,0.6799474954605103,418.37841796875
0.36299213767051697,287.2047119140625,0.03299503028392792,413.8883361816406
1.6258267164230347,303.7165222167969,1.2533811330795288,424.6644592285156
0.5812598466873169,700.0,0.8977137207984924,430.9477233886719
0.14472442865371704,408.2913513183594,0.31593185663223267,430.48095703125
1.15811026096344,116.58268737792969,1.2286163568496704,105.95047760009766
1.7193701267242432,633.9527587890625,1.867932677268982,646.4505004882812
0.9242519736289978,149.60629272460938,0.925051212310791,195.91954040527344
1.5478739738464355,666.9763793945312,1.3383468389511108,629.1870727539062
0.6280314922332764,331.2362060546875,0.6661497950553894,287.56036376953125
0.908661425113678,655.968505859375,1.1228691339492798,578.228271484375
0.659212589263916,683.4881591796875,1.0321624279022217,597.2066040039062
1.2516535520553589,100.07086944580078,1.4490768909454346,76.28895568847656
1.4543306827545166,303.7165222167969,1.5309348106384277,307.77099609375
0.14472442865371704,402.78741455078125,0.12631353735923767,441.9129638671875
0.6748031377792358,688.9921264648438,0.7685203552246094,599.981689453125
1.7193701267242432,188.13388061523438,1.5982517004013062,213.24440002441406
1.734960675239563,193.63780212402344,1.6224236488342285,361.58453369140625
1.4387401342391968,578.9133911132812,1.3435533046722412,606.8977661132812
1.7037795782089233,430.3070983886719,1.8767677545547485,473.99713134765625
0.47212597727775574,320.22833251953125,0.3248786926269531,374.0171813964844
0.4565354287624359,507.3622131347656,0.559784471988678,516.7825927734375
0.5656692981719971,254.1811065673828,0.7774307727813721,229.63311767578125
1.4855117797851562,144.10235595703125,1.6528966426849365,180.79873657226562
0.08236220479011536,12.00787353515625,0.24283279478549957,-26.969072341918945
0.9242519736289978,551.3936767578125,0.967426061630249,530.3001708984375
1.7505512237548828,1.0,1.881198763847351,40.37744903564453
0.8307086825370789,496.3543395996094,0.9378845691680908,494.03985595703125
0.22267717123031616,364.2598876953125,0.0313115157186985,446.6011047363281
1.236063003540039,463.33074951171875,1.8897693157196045,402.55389404296875
0.6903936862945557,243.17323303222656,0.5470573306083679,241.7015380859375
1.4543306827545166,243.17323303222656,1.1682686805725098,235.45252990722656
1.7037795782089233,600.9291381835938,1.7894492149353027,607.9391479492188
1.15811026096344,650.4645385742188,1.3080421686172485,635.7979736328125
0.9242519736289978,622.9448852539062,0.706609308719635,514.074462890625
0.48771652579307556,177.1259765625,0.3920556604862213,210.0480499267578
1.8908661603927612,402.78741455078125,1.4422292709350586,482.8128356933594
1.1892913579940796,160.61416625976562,1.56758451461792,78.6800537109375
1.236063003540039,248.6771697998047,1.1326684951782227,272.9994812011719
0.8462992310523987,441.3149719238281,0.851087749004364,386.81231689453125
0.22267717123031616,622.9448852539062,0.5406644344329834,576.5582275390625
0.40976378321647644,595.4251708984375,0.6470057964324951,523.45166015625
0.5812598466873169,694.4960327148438,0.8085981011390686,594.6146240234375
1.017795443534851,661.472412109375,1.1254024505615234,525.52099609375
1.5322834253311157,540.3858032226562,1.6364458799362183,546.721923828125
0.5656692981719971,226.66140747070312,0.6370872855186462,215.58717346191406
0.08236220479011536,243.17323303222656,0.11034807562828064,228.7504425048828
1.5322834253311157,661.472412109375,1.3687938451766968,594.695068359375
0.659212589263916,468.8346862792969,0.7187260389328003,586.3536376953125
1.4855117797851562,545.8897705078125,1.8143621683120728,431.64794921875
1.6881890296936035,633.9527587890625,1.5920212268829346,562.7106323242188
0.9866141676902771,446.8188781738281,1.4106429815292358,407.3172912597656
1.3140157461166382,424.80316162109375,1.1498665809631348,502.6177673339844
1.7037795782089233,408.2913513183594,1.978068470954895,302.1489562988281
2.0,501.8582763671875,1.6450444459915161,551.897705078125
1.7037795782089233,485.3464660644531,1.7390680313110352,612.667724609375
1.1425197124481201,402.78741455078125,1.1804941892623901,517.0784912109375
1.017795443534851,116.58268737792969,0.9571506977081299,171.49057006835938
0.4409448802471161,210.1496124267578,0.4722862243652344,205.94764709472656
1.017795443534851,347.7480163574219,1.2321522235870361,315.26971435546875
0.8618897795677185,457.8267517089844,0.9865050911903381,412.9053649902344
0.12913386523723602,336.7401428222656,0.3386748731136322,293.0319519042969
0.22267717123031616,529.3779296875,0.10814040899276733,570.0053100585938
0.752755880355835,160.61416625976562,0.9082200527191162,153.2361297607422
0.5500787496566772,171.62203979492188,0.7011069059371948,124.28213500976562
1.6570079326629639,17.511810302734375,1.7394145727157593,1.1075572967529297
1.5634645223617554,78.05511474609375,1.6487947702407837,74.13029479980469
1.15811026096344,534.8818969726562,1.4934678077697754,436.2506103515625
1.6570079326629639,523.8740234375,1.6167243719100952,558.252685546875
0.5500787496566772,78.05511474609375,0.5260969400405884,101.48648834228516
1.7973228693008423,556.8976440429688,1.7127490043640137,600.0925903320312
1.017795443534851,507.3622131347656,1.2282627820968628,510.38702392578125
0.19149605929851532,309.220458984375,-0.032529737800359726,461.8974304199219
1.501102328300476,435.81103515625,1.6184245347976685,432.38873291015625
1.4075590372085571,50.53543472290039,1.3502445220947266,71.28030395507812
1.0801575183868408,529.3779296875,0.9971843957901001,599.0265502929688
0.26944881677627563,155.1102294921875,0.19752658903598785,196.17152404785156
1.1425197124481201,606.4330444335938,1.3967450857162476,519.412109375
1.7505512237548828,672.4802856445312,1.691710352897644,630.0191040039062
1.2828346490859985,485.3464660644531,1.261326789855957,589.989501953125
0.5968503952026367,325.7322692871094,0.5831156969070435,291.14453125
1.5634645223617554,17.511810302734375,1.7155205011367798,-31.557796478271484
0.4409448802471161,380.77166748046875,0.5774216651916504,357.5554504394531
1.329606294631958,149.60629272460938,1.1819475889205933,178.529541015625
0.9242519736289978,193.63780212402344,0.7191838622093201,228.6771240234375
1.2672441005706787,28.519685745239258,1.6297886371612549,-19.724327087402344
1.3607873916625977,133.094482421875,1.488197922706604,114.86271667480469
0.8930708765983582,622.9448852539062,1.2924857139587402,634.637939453125
0.4565354287624359,199.14173889160156,0.6448636054992676,176.8621063232422
1.6258267164230347,556.8976440429688,1.5513900518417358,661.6898803710938
0.3785826861858368,633.9527587890625,0.5039854049682617,584.4674072265625
1.7505512237548828,160.61416625976562,1.6991846561431885,138.5701904296875
1.236063003540039,375.26776123046875,1.26084303855896,457.5442810058594
1.7817323207855225,413.7952880859375,1.5812721252441406,423.78472900390625
1.9376378059387207,342.24407958984375,1.7634953260421753,270.95001220703125
1.2828346490859985,617.44091796875,1.0002646446228027,623.3380737304688
1.6414172649383545,309.220458984375,1.5398430824279785,357.8267517089844
0.7371653318405151,303.7165222167969,0.5824848413467407,309.733154296875
0.3941732347011566,672.4802856445312,0.441195011138916,539.7089233398438
1.6570079326629639,23.0157470703125,1.5961363315582275,-6.9142584800720215
0.238267719745636,650.4645385742188,0.40841275453567505,551.9711303710938
1.8752756118774414,578.9133911132812,1.7535362243652344,532.41650390625
0.9554330706596375,430.3070983886719,1.1687648296356201,430.09814453125
1.8596850633621216,419.2992248535156,1.9311714172363281,373.4792175292969
1.2204724550247192,672.4802856445312,1.6763536930084229,607.7691040039062
0.33181101083755493,331.2362060546875,0.36737099289894104,298.0743408203125
1.7817323207855225,694.4960327148438,1.4643290042877197,631.6921997070312
1.906456708908081,391.779541015625,1.7512496709823608,446.80181884765625
1.236063003540039,622.9448852539062,1.5315479040145874,584.84326171875
0.08236220479011536,424.80316162109375,0.11945009231567383,440.0451354980469
0.8307086825370789,122.08661651611328,0.8480473160743713,114.81273651123047
1.4699212312698364,661.472412109375,1.4542572498321533,604.8388671875
0.8307086825370789,28.519685745239258,0.8852850794792175,-17.153966903686523
0.8618897795677185,694.4960327148438,0.8645187616348267,637.5665893554688
1.1425197124481201,138.59841918945312,1.20466148853302,152.56500244140625
1.0489764213562012,259.6850280761719,0.854494035243988,309.0448303222656
1.9220472574234009,144.10235595703125,1.692638874053955,204.92172241210938
1.7037795782089233,518.3700561523438,1.643968939781189,582.5127563476562
1.1113386154174805,677.9842529296875,1.4387210607528687,694.5896606445312
1.4075590372085571,78.05511474609375,1.6085537672042847,88.09953308105469
0.815118134021759,226.66140747070312,0.7556831240653992,241.95791625976562
1.5634645223617554,138.59841918945312,1.053918480873108,294.15496826171875
0.6903936862945557,628.4487915039062,0.665215015411377,650.6119384765625
1.9844094514846802,105.5748062133789,1.9406914710998535,98.05921173095703
1.516692876815796,171.62203979492188,1.4929672479629517,183.78941345214844
1.064566969871521,501.8582763671875,1.0984207391738892,554.0167236328125
1.5478739738464355,331.2362060546875,1.4233729839324951,352.7726135253906
1.8596850633621216,215.65354919433594,1.8548071384429932,257.86090087890625
1.6102361679077148,545.8897705078125,1.7662773132324219,505.2134094238281
0.22267717123031616,628.4487915039062,0.18864887952804565,656.9257202148438
0.05118110775947571,441.3149719238281,0.20858049392700195,462.95733642578125
0.09795275330543518,419.2992248535156,0.364850252866745,413.5385437011719
1.2984251976013184,683.4881591796875,1.3684873580932617,701.2865600585938
0.6436220407485962,100.07086944580078,0.798056960105896,73.33068084716797
1.423149585723877,650.4645385742188,1.2080931663513184,603.4724731445312
0.12913386523723602,270.6929016113281,0.11453709006309509,288.69647216796875
1.4699212312698364,314.7243957519531,1.5043361186981201,312.8719482421875
1.8596850633621216,199.14173889160156,1.1179856061935425,344.2586364746094
1.2048819065093994,457.8267517089844,1.4352277517318726,504.6996154785156
1.9688189029693604,116.58268737792969,1.8376058340072632,131.1960906982422
1.4075590372085571,578.9133911132812,1.3737012147903442,636.4739379882812
1.0801575183868408,254.1811065673828,1.2481399774551392,242.8396759033203
0.752755880355835,402.78741455078125,0.7336648106575012,438.04364013671875
0.5188976526260376,215.65354919433594,0.5978827476501465,195.75132751464844
0.6748031377792358,298.21258544921875,0.5270673632621765,417.69207763671875
1.6881890296936035,551.3936767578125,1.5779237747192383,571.190185546875
1.812913417816162,111.07874298095703,1.7969467639923096,171.14935302734375
0.16031496226787567,237.66929626464844,0.25083431601524353,229.7626190185547
0.40976378321647644,545.8897705078125,0.3509956896305084,546.2933959960938
1.4387401342391968,303.7165222167969,1.2636867761611938,473.8291015625
1.3140157461166382,314.7243957519531,1.1979269981384277,339.5959167480469
1.4699212312698364,622.9448852539062,1.4256517887115479,593.3836669921875
1.9376378059387207,45.031494140625,2.0789225101470947,64.2689208984375
0.47212597727775574,116.58268737792969,0.5976992249488831,50.18136215209961
1.812913417816162,677.9842529296875,2.015460729598999,570.8804321289062
1.8440945148468018,441.3149719238281,1.7059231996536255,461.8818359375
0.22267717123031616,683.4881591796875,0.2803025245666504,631.6704711914062
0.2538582682609558,61.54330825805664,0.3153080344200134,45.80018615722656
0.8307086825370789,193.63780212402344,0.6874321103096008,238.19967651367188
0.9710236191749573,309.220458984375,1.1876994371414185,308.7122802734375
1.8440945148468018,490.85040283203125,2.0218489170074463,491.6953125
0.9554330706596375,408.2913513183594,1.0225640535354614,427.51800537109375
0.05118110775947571,259.6850280761719,0.2639031410217285,237.98065185546875
1.9688189029693604,369.7638244628906,1.779579520225525,385.98468017578125
0.1759055107831955,358.7558898925781,0.13752414286136627,323.6640319824219
1.7193701267242432,364.2598876953125,1.803094506263733,405.4023132324219
1.594645619392395,507.3622131347656,1.640265941619873,586.0420532226562
0.3006299138069153,523.8740234375,0.28445497155189514,530.6511840820312
0.5033071041107178,474.3385925292969,0.7391977310180664,426.8323059082031
0.752755880355835,127.5905532836914,0.8620557188987732,88.12621307373047
0.5812598466873169,89.06298828125,0.48004642128944397,128.5424041748047
0.03559055179357529,160.61416625976562,0.285117506980896,134.00660705566406
1.017795443534851,446.8188781738281,1.0266375541687012,386.5339660644531
2.0,518.3700561523438,1.7424103021621704,611.2628784179688
1.734960675239563,138.59841918945312,1.618795394897461,131.34707641601562
0.40976378321647644,204.6456756591797,0.5100523233413696,190.4261016845703
1.4387401342391968,155.1102294921875,1.6496986150741577,110.26776885986328
1.4387401342391968,6.503936767578125,1.335523009300232,17.012996673583984
1.6881890296936035,78.05511474609375,1.7276811599731445,83.34982299804688
1.4075590372085571,133.094482421875,1.477347493171692,129.8835906982422
1.3140157461166382,463.33074951171875,1.2652581930160522,470.50567626953125
1.2048819065093994,485.3464660644531,0.9734744429588318,656.0336303710938
0.019999999552965164,677.9842529296875,0.1822725087404251,669.7644653320312
1.8752756118774414,133.094482421875,1.5892395973205566,224.42984008789062
1.2828346490859985,694.4960327148438,1.4630560874938965,721.4515380859375
1.3919684886932373,556.8976440429688,1.5288071632385254,539.0851440429688
0.8774803280830383,529.3779296875,1.1439110040664673,484.9154968261719
0.019999999552965164,122.08661651611328,0.28106755018234253,91.22692108154297
0.7839370369911194,622.9448852539062,0.9309712648391724,636.0684814453125
1.1113386154174805,188.13388061523438,1.339502215385437,142.66566467285156
1.1425197124481201,133.094482421875,1.277213454246521,146.9915008544922
1.8596850633621216,292.7086486816406,1.7591172456741333,326.4571533203125
0.6280314922332764,138.59841918945312,0.6229339241981506,152.11793518066406
1.6725984811782837,226.66140747070312,1.7731173038482666,198.45199584960938
0.5344882011413574,177.1259765625,0.44944891333580017,181.40560913085938
1.906456708908081,463.33074951171875,1.9237388372421265,414.7565612792969
0.8462992310523987,188.13388061523438,0.9822177886962891,141.18496704101562
0.08236220479011536,628.4487915039062,0.34101125597953796,459.31390380859375
1.1113386154174805,446.8188781738281,1.3484597206115723,407.3840026855469
0.8462992310523987,61.54330825805664,0.8307195901870728,118.85430145263672
1.1425197124481201,28.519685745239258,1.1881552934646606,43.613670349121094
1.2204724550247192,204.6456756591797,1.0053437948226929,257.7345886230469
0.3941732347011566,331.2362060546875,0.7379941344261169,265.09930419921875
1.2672441005706787,391.779541015625,1.3714191913604736,426.75872802734375
0.5188976526260376,177.1259765625,0.5672544240951538,191.6490936279297
1.5790550708770752,408.2913513183594,1.3955669403076172,566.5851440429688
0.7371653318405151,50.53543472290039,0.8021219372749329,34.201446533203125
0.20708660781383514,529.3779296875,0.40330255031585693,414.2093505859375
0.7371653318405151,45.031494140625,0.6691662669181824,46.94768142700195
1.2828346490859985,221.15748596191406,1.3537349700927734,179.42886352539062
0.8618897795677185,149.60629272460938,1.1587648391723633,108.1978759765625
1.064566969871521,523.8740234375,1.1596695184707642,497.1180114746094
0.4565354287624359,72.55117797851562,0.4613359868526459,87.3622817993164
0.5968503952026367,468.8346862792969,0.8282016515731812,432.5530090332031
1.8908661603927612,309.220458984375,1.4611150026321411,466.86065673828125
1.5790550708770752,226.66140747070312,1.778895378112793,219.95831298828125
0.9242519736289978,402.78741455078125,1.1005568504333496,482.001220703125
0.3006299138069153,628.4487915039062,0.12233658134937286,560.9951782226562
0.4565354287624359,23.0157470703125,0.6338891386985779,24.999780654907227
0.47212597727775574,34.02362060546875,0.6275932192802429,24.05682945251465
0.238267719745636,518.3700561523438,0.22364935278892517,500.109619140625
1.2828346490859985,100.07086944580078,1.4642603397369385,98.77821350097656
1.1269291639328003,105.5748062133789,1.1793547868728638,113.57389068603516
1.9376378059387207,83.55905151367188,1.8358668088912964,101.84959411621094
0.3162204623222351,347.7480163574219,0.40376025438308716,295.9454040527344
0.19149605929851532,177.1259765625,0.026162002235651016,222.48297119140625
1.906456708908081,61.54330825805664,1.7958282232284546,71.96022033691406
1.4543306827545166,83.55905151367188,1.736841082572937,46.83838653564453
1.9220472574234009,28.519685745239258,1.9267054796218872,78.91328430175781
1.5634645223617554,545.8897705078125,1.4763084650039673,427.28656005859375
1.064566969871521,358.7558898925781,1.5536985397338867,261.5981750488281
0.8930708765983582,254.1811065673828,0.6628828644752502,351.930908203125
1.3140157461166382,694.4960327148438,1.205370306968689,690.00927734375
0.05118110775947571,243.17323303222656,0.05855153128504753,191.3965301513672
0.908661425113678,149.60629272460938,0.8978734612464905,158.61138916015625
0.34740158915519714,226.66140747070312,0.1650058627128601,271.5340881347656
1.6725984811782837,23.0157470703125,1.7915185689926147,23.51766014099121
1.501102328300476,496.3543395996094,1.4995836019515991,485.5843200683594
1.594645619392395,166.11810302734375,1.5684226751327515,168.2482147216797
1.7193701267242432,39.527557373046875,1.8967939615249634,70.18148803710938
0.5344882011413574,347.7480163574219,0.454374223947525,404.73052978515625
1.017795443534851,700.0,1.1191611289978027,637.7374877929688
0.9866141676902771,199.14173889160156,1.001099944114685,192.8208465576172
1.4699212312698364,441.3149719238281,1.4211039543151855,506.73193359375
1.0333858728408813,336.7401428222656,1.4939968585968018,233.117919921875
1.6725984811782837,28.519685745239258,2.0523083209991455,-5.982554912567139
1.5478739738464355,254.1811065673828,1.431713581085205,418.9354248046875
0.5344882011413574,331.2362060546875,0.7623956203460693,244.08819580078125
0.5188976526260376,155.1102294921875,0.5589210391044617,176.0917205810547
1.8440945148468018,314.7243957519531,1.6946067810058594,323.99072265625
1.5322834253311157,452.32281494140625,1.3849841356277466,471.2012634277344
0.05118110775947571,600.9291381835938,0.35914814472198486,540.2899780273438
1.7661417722702026,661.472412109375,2.0742788314819336,624.219970703125
1.9220472574234009,397.2834777832031,1.820923089981079,318.3337097167969
1.4543306827545166,441.3149719238281,1.3468106985092163,464.04315185546875
1.828503966331482,628.4487915039062,1.794987678527832,636.4488525390625
0.9242519736289978,457.8267517089844,0.9694983959197998,512.0640869140625
1.3607873916625977,375.26776123046875,0.9415978789329529,540.2156982421875
0.5812598466873169,226.66140747070312,0.7620213627815247,218.0477294921875
1.7817323207855225,248.6771697998047,2.009756088256836,256.41156005859375
1.2204724550247192,276.19683837890625,1.5512759685516357,296.63916015625
1.7037795782089233,292.7086486816406,1.5938111543655396,279.41064453125
0.7059842348098755,155.1102294921875,0.8770859241485596,127.85749053955078
1.1892913579940796,298.21258544921875,1.1456528902053833,330.18218994140625
0.6903936862945557,28.519685745239258,0.8667791485786438,31.194210052490234
1.8596850633621216,688.9921264648438,1.6256834268569946,718.4678955078125
1.3140157461166382,700.0,1.44645357131958,623.3800048828125
0.33181101083755493,111.07874298095703,0.36170387268066406,145.06814575195312
0.7059842348098755,347.7480163574219,0.6600455641746521,352.21954345703125
1.8596850633621216,182.62994384765625,1.6855616569519043,200.1903533935547
0.33181101083755493,452.32281494140625,0.49822765588760376,411.5420227050781
0.5344882011413574,540.3858032226562,0.5236477255821228,534.0040893554688
0.7839370369911194,254.1811065673828,1.0058646202087402,252.31399536132812
1.4543306827545166,320.22833251953125,1.2792826890945435,398.4330139160156
1.5790550708770752,83.55905151367188,1.5085548162460327,119.9642105102539
1.7505512237548828,419.2992248535156,2.006873607635498,302.4770202636719
0.08236220479011536,67.0472412109375,0.15653128921985626,67.4693832397461
0.48771652579307556,457.8267517089844,0.990446925163269,327.383544921875
0.8462992310523987,424.80316162109375,0.9670023322105408,531.2249755859375
1.6881890296936035,485.3464660644531,1.6672194004058838,417.82598876953125
0.9398425221443176,683.4881591796875,0.9730284214019775,653.0521850585938
0.5344882011413574,606.4330444335938,0.5618947744369507,543.0632934570312
0.9398425221443176,67.0472412109375,0.9623722434043884,61.799930572509766
0.113543301820755,600.9291381835938,0.08568696677684784,726.5484619140625
1.9376378059387207,600.9291381835938,1.6018553972244263,602.3739624023438
1.3607873916625977,567.905517578125,0.9494054913520813,565.0791015625
0.33181101083755493,149.60629272460938,0.198470339179039,207.03268432617188
0.659212589263916,303.7165222167969,0.8042604327201843,267.70062255859375
1.8908661603927612,298.21258544921875,1.4680564403533936,453.4029846191406
0.113543301820755,639.4566650390625,-0.02164415642619133,655.1088256835938
1.064566969871521,589.9212646484375,1.055953025817871,670.8984375
1.1892913579940796,292.7086486816406,0.7886378765106201,410.5556335449219
0.8774803280830383,688.9921264648438,1.2470039129257202,648.8573608398438
0.20708660781383514,441.3149719238281,0.5033012628555298,300.75384521484375
1.828503966331482,639.4566650390625,1.8564634323120117,636.8335571289062
1.906456708908081,408.2913513183594,1.5063382387161255,399.5
0.752755880355835,441.3149719238281,0.8245681524276733,547.5514526367188
1.7505512237548828,391.779541015625,1.4552159309387207,527.1956787109375
1.906456708908081,138.59841918945312,1.5981411933898926,232.5166778564453
0.9710236191749573,672.4802856445312,1.0478286743164062,598.163818359375
1.8440945148468018,144.10235595703125,1.935483455657959,135.2906494140625
1.4387401342391968,28.519685745239258,1.5361438989639282,-18.016321182250977
0.8307086825370789,72.55117797851562,0.7398434281349182,132.9605255126953
0.03559055179357529,468.8346862792969,0.23936030268669128,510.14227294921875
0.9398425221443176,556.8976440429688,1.3449254035949707,496.47430419921875
1.0489764213562012,199.14173889160156,1.4248216152191162,141.9958038330078
1.812913417816162,353.251953125,1.512411117553711,430.8398742675781
0.5344882011413574,287.2047119140625,0.5101180076599121,282.93023681640625
1.3451968431472778,661.472412109375,1.3879636526107788,698.001220703125
1.15811026096344,694.4960327148438,0.9438372254371643,621.4990844726562
1.906456708908081,127.5905532836914,1.5374635457992554,204.4621124267578
0.6436220407485962,595.4251708984375,1.0389208793640137,496.0983581542969
0.6748031377792358,215.65354919433594,1.0812721252441406,173.3575439453125
0.09795275330543518,303.7165222167969,0.32801756262779236,212.9033203125
1.9688189029693604,127.5905532836914,2.10414719581604,129.7589111328125
0.113543301820755,424.80316162109375,0.3030252158641815,347.52191162109375
0.7839370369911194,617.44091796875,1.0927298069000244,495.2442626953125
1.1113386154174805,545.8897705078125,1.342226505279541,547.5913696289062
0.03559055179357529,336.7401428222656,0.1306818574666977,380.6772155761719
0.48771652579307556,221.15748596191406,0.6684790253639221,190.81048583984375
0.42535433173179626,39.527557373046875,0.33366864919662476,89.58509826660156
1.1737008094787598,265.18896484375,1.3492871522903442,263.55657958984375
1.7661417722702026,369.7638244628906,1.626267433166504,434.4469299316406
1.5634645223617554,369.7638244628906,1.835087776184082,326.5940246582031
0.5033071041107178,67.0472412109375,0.5450541973114014,65.31189727783203
0.6436220407485962,166.11810302734375,0.5406758785247803,173.41860961914062
0.3162204623222351,34.02362060546875,0.3675127923488617,50.25161361694336
0.113543301820755,199.14173889160156,0.2996852695941925,187.3698272705078
1.3451968431472778,468.8346862792969,1.3134093284606934,502.60693359375
1.6881890296936035,342.24407958984375,1.648964285850525,443.2861022949219
1.7973228693008423,606.4330444335938,1.879351258277893,573.505126953125
0.5344882011413574,116.58268737792969,0.5580046772956848,104.0872573852539
0.3941732347011566,683.4881591796875,0.3190821707248688,573.7658081054688
0.7059842348098755,34.02362060546875,0.9697525501251221,3.8668313026428223
1.329606294631958,584.4172973632812,1.5788508653640747,585.0076293945312
0.815118134021759,166.11810302734375,0.7405468225479126,193.9888916015625
0.14472442865371704,683.4881591796875,0.3260986804962158,531.4881591796875
1.4543306827545166,611.93701171875,1.4660494327545166,530.253173828125
1.8908661603927612,589.9212646484375,1.702856421470642,622.818359375
0.16031496226787567,105.5748062133789,0.27744150161743164,94.49322509765625
1.2204724550247192,364.2598876953125,1.3043402433395386,427.4391174316406
1.7505512237548828,677.9842529296875,1.8207253217697144,694.5057983398438
1.017795443534851,633.9527587890625,1.1531949043273926,623.2610473632812
0.5188976526260376,358.7558898925781,0.6205995678901672,355.5223083496094
0.6748031377792358,188.13388061523438,0.5420708656311035,252.53857421875
1.7193701267242432,270.6929016113281,1.5239932537078857,389.625
1.9220472574234009,193.63780212402344,1.5408680438995361,291.42645263671875
1.064566969871521,386.2756042480469,0.7987053394317627,421.6217346191406
0.4565354287624359,408.2913513183594,0.599719762802124,349.2178955078125
1.1737008094787598,320.22833251953125,1.1501933336257935,258.4554748535156
0.238267719745636,248.6771697998047,0.329892098903656,251.2623748779297
1.0957480669021606,523.8740234375,1.1337950229644775,485.7339172363281
1.0957480669021606,512.8661499023438,1.0125337839126587,544.3271484375
0.47212597727775574,534.8818969726562,0.5902391076087952,518.5882568359375
1.1425197124481201,468.8346862792969,1.4170045852661133,450.6356506347656
1.594645619392395,215.65354919433594,1.7020481824874878,261.796875
0.3941732347011566,446.8188781738281,0.34291160106658936,521.3095092773438
1.9688189029693604,276.19683837890625,2.0524942874908447,258.24603271484375
0.03559055179357529,34.02362060546875,0.002333415672183037,39.276187896728516
0.26944881677627563,193.63780212402344,0.3841111660003662,191.52333068847656
1.7037795782089233,529.3779296875,1.4965777397155762,564.7366333007812
1.7973228693008423,138.59841918945312,1.4027066230773926,185.93582153320312
1.516692876815796,617.44091796875,1.7736960649490356,563.7415771484375
1.9220472574234009,1.0,1.66807222366333,25.91471290588379
0.28503936529159546,270.6929016113281,0.4548448324203491,197.95913696289062
0.5656692981719971,100.07086944580078,0.46877220273017883,146.4165802001953
1.3607873916625977,188.13388061523438,1.420153021812439,200.13763427734375
0.3162204623222351,364.2598876953125,0.19818668067455292,415.0358581542969
1.0333858728408813,512.8661499023438,1.061005711555481,635.3401489257812
1.0957480669021606,303.7165222167969,1.3863205909729004,247.7487335205078
0.14472442865371704,325.7322692871094,0.3050824999809265,300.0223388671875
1.501102328300476,479.842529296875,1.3745976686477661,505.3212890625
1.0957480669021606,94.56694030761719,0.8939591646194458,143.57981872558594
1.3763779401779175,17.511810302734375,1.5242856740951538,-11.46242904663086
1.0489764213562012,391.779541015625,1.1450467109680176,372.7772216796875
1.0022047758102417,380.77166748046875,0.8353816866874695,379.5451354980469
1.9220472574234009,364.2598876953125,1.7394602298736572,416.73974609375
0.5500787496566772,474.3385925292969,0.9050624966621399,414.98675537109375
1.9688189029693604,210.1496124267578,1.5114712715148926,359.8155822753906
0.06677165627479553,457.8267517089844,-0.10368585586547852,627.3021850585938
1.1113386154174805,441.3149719238281,1.3066192865371704,397.6132507324219
1.9844094514846802,369.7638244628906,1.7687574625015259,473.12628173828125
1.5790550708770752,105.5748062133789,1.6796481609344482,89.17705535888672
0.9710236191749573,375.26776123046875,1.1033822298049927,441.4135437011719
0.9242519736289978,512.8661499023438,0.6986269950866699,619.5985107421875
0.5968503952026367,226.66140747070312,0.6096080541610718,298.76983642578125
1.15811026096344,199.14173889160156,1.363120198249817,170.46580505371094
0.019999999552965164,496.3543395996094,0.15810523927211761,439.4380798339844
1.8440945148468018,270.6929016113281,1.3782719373703003,348.62335205078125
0.36299213767051697,292.7086486816406,0.27052778005599976,330.2814636230469
0.09795275330543518,573.409423828125,0.186569944024086,476.4350280761719
0.03559055179357529,111.07874298095703,0.20372721552848816,82.73417663574219
0.26944881677627563,166.11810302734375,0.24920102953910828,169.6260223388672
1.3607873916625977,408.2913513183594,1.2881629467010498,388.801025390625
0.7059842348098755,468.8346862792969,0.7986556887626648,452.0093994140625
1.0957480669021606,380.77166748046875,1.1849678754806519,557.6831665039062
1.423149585723877,12.00787353515625,1.561319351196289,-3.3493385314941406
1.2048819065093994,199.14173889160156,0.916620671749115,245.419677734375
0.09795275330543518,259.6850280761719,0.10054388642311096,278.78570556640625
0.26944881677627563,463.33074951171875,0.2743668556213379,498.6384582519531
1.2672441005706787,694.4960327148438,1.407936692237854,581.0599365234375
1.0489764213562012,166.11810302734375,0.9076617956161499,256.7760009765625
0.08236220479011536,633.9527587890625,0.42152518033981323,482.2682800292969
1.4543306827545166,474.3385925292969,1.3446964025497437,541.3248901367188
0.659212589263916,144.10235595703125,0.7604165077209473,161.90155029296875
0.9554330706596375,650.4645385742188,1.4292453527450562,509.3839111328125
1.1737008094787598,611.93701171875,1.3269376754760742,559.5946655273438
0.2538582682609558,672.4802856445312,0.3447888493537903,643.3619384765625
1.3919684886932373,232.16537475585938,1.2579247951507568,260.5235900878906
0.6280314922332764,402.78741455078125,0.9575439095497131,357.695556640625
1.0022047758102417,138.59841918945312,1.2066997289657593,111.34012603759766
1.812913417816162,210.1496124267578,1.395521640777588,339.1346740722656
0.19149605929851532,336.7401428222656,0.2922564446926117,362.3838806152344
1.6102361679077148,496.3543395996094,1.7928593158721924,447.82635498046875
1.0957480669021606,683.4881591796875,1.3049830198287964,503.7958984375
1.6414172649383545,606.4330444335938,1.6515647172927856,579.6188354492188
0.7839370369911194,72.55117797851562,0.7803201079368591,83.5857925415039
0.03559055179357529,89.06298828125,0.16766421496868134,75.50135040283203
1.3607873916625977,402.78741455078125,1.559421420097351,484.8435974121094
0.34740158915519714,655.968505859375,0.5642686486244202,473.630615234375
0.752755880355835,567.905517578125,0.615646243095398,589.6094970703125
0.908661425113678,540.3858032226562,1.0357635021209717,576.2801513671875
1.017795443534851,452.32281494140625,0.6794018745422363,494.409912109375
1.9688189029693604,56.039371490478516,2.157845973968506,-1.4471025466918945
0.12913386523723602,424.80316162109375,0.11328572034835815,513.073486328125
1.1113386154174805,402.78741455078125,1.291101098060608,421.1632385253906
0.26944881677627563,34.02362060546875,0.43868908286094666,24.587425231933594
0.752755880355835,358.7558898925781,0.8415652513504028,358.74560546875
0.28503936529159546,28.519685745239258,0.4261733889579773,13.081457138061523
1.2828346490859985,331.2362060546875,1.2511670589447021,374.03558349609375
0.3941732347011566,149.60629272460938,0.40830808877944946,150.3365020751953
0.34740158915519714,254.1811065673828,0.4611365497112274,262.95806884765625
0.7839370369911194,551.3936767578125,1.2475203275680542,433.371826171875
1.7037795782089233,562.4015502929688,1.647074818611145,566.0861206054688
0.08236220479011536,529.3779296875,0.1835789680480957,525.5459594726562
1.828503966331482,562.4015502929688,1.6115050315856934,642.32568359375
0.33181101083755493,100.07086944580078,0.3687894344329834,94.07198333740234
1.5634645223617554,611.93701171875,1.6806190013885498,561.4307250976562
0.815118134021759,56.039371490478516,0.7847582697868347,64.75492095947266
1.4855117797851562,237.66929626464844,1.694643497467041,293.730224609375
1.3763779401779175,551.3936767578125,1.812922716140747,446.82281494140625
1.594645619392395,540.3858032226562,1.6246320009231567,601.4547119140625
0.42535433173179626,551.3936767578125,0.5877004265785217,474.03955078125
1.3763779401779175,72.55117797851562,1.6185188293457031,53.141380310058594
0.20708660781383514,287.2047119140625,0.21073821187019348,271.3674621582031
0.9710236191749573,331.2362060546875,0.7996747493743896,420.9766540527344
1.064566969871521,188.13388061523438,0.9344624876976013,318.7237548828125
1.3919684886932373,507.3622131347656,1.6084986925125122,518.5582885742188
0.33181101083755493,23.0157470703125,0.4643937647342682,3.0500545501708984
0.5344882011413574,45.031494140625,0.6219698190689087,3.7136693000793457
0.8462992310523987,661.472412109375,0.9171956181526184,605.8418579101562
0.42535433173179626,276.19683837890625,0.39051419496536255,292.7967834472656
1.1113386154174805,243.17323303222656,1.0959103107452393,211.57376098632812
1.6414172649383545,633.9527587890625,1.3438071012496948,617.3601684570312
1.4699212312698364,303.7165222167969,1.5305370092391968,396.6376647949219
1.2204724550247192,182.62994384765625,1.194583773612976,251.2262725830078
1.812913417816162,556.8976440429688,1.2137233018875122,654.2598876953125
1.2984251976013184,408.2913513183594,1.3075904846191406,365.4508056640625
1.5322834253311157,325.7322692871094,1.8051224946975708,291.76519775390625
0.3785826861858368,347.7480163574219,0.390395849943161,418.4149169921875
0.3162204623222351,100.07086944580078,0.4042949080467224,61.44862365722656
0.8307086825370789,166.11810302734375,1.020035743713379,132.7910919189453
1.4543306827545166,512.8661499023438,1.4309008121490479,528.81884765625
1.7817323207855225,116.58268737792969,1.829881191253662,100.908447265625
0.16031496226787567,1.0,0.3288886547088623,-22.963430404663086
0.3941732347011566,144.10235595703125,0.3112081289291382,192.5847625732422
0.5344882011413574,100.07086944580078,0.6133228540420532,73.36833190917969
1.0022047758102417,78.05511474609375,1.1923898458480835,66.9231948852539
1.4543306827545166,287.2047119140625,1.594618558883667,312.88177490234375
0.908661425113678,122.08661651611328,0.8691389560699463,152.59503173828125
1.6414172649383545,501.8582763671875,1.4210853576660156,610.557373046875
1.2048819065093994,446.8188781738281,1.4985650777816772,458.85113525390625
1.3451968431472778,188.13388061523438,1.0655512809753418,262.7855529785156
0.6436220407485962,226.66140747070312,0.7913804054260254,222.1840362548828
0.47212597727775574,683.4881591796875,0.5687993764877319,563.1931762695312
0.659212589263916,298.21258544921875,0.8395726680755615,243.7172393798828
1.9844094514846802,353.251953125,1.6970582008361816,476.8820495605469
1.3919684886932373,160.61416625976562,1.2181267738342285,223.53964233398438
1.6414172649383545,523.8740234375,1.5908828973770142,506.0299072265625
0.5033071041107178,122.08661651611328,0.5617110133171082,120.0660171508789
0.05118110775947571,397.2834777832031,0.015415994450449944,409.76165771484375
1.6102361679077148,28.519685745239258,1.3666235208511353,66.60710144042969
1.828503966331482,540.3858032226562,1.6731706857681274,494.1047668457031
1.2048819065093994,28.519685745239258,1.1302622556686401,86.82587432861328
0.4565354287624359,149.60629272460938,0.5405876040458679,151.27261352539062
1.9844094514846802,358.7558898925781,2.042541027069092,344.17913818359375
1.6570079326629639,694.4960327148438,1.837666630744934,576.541748046875
0.47212597727775574,270.6929016113281,0.5871917605400085,218.7423858642578
1.7973228693008423,408.2913513183594,1.6205072402954102,475.78387451171875
1.0489764213562012,452.32281494140625,1.229334831237793,442.3190002441406
1.4387401342391968,617.44091796875,1.7343826293945312,553.254150390625
0.5344882011413574,232.16537475585938,0.7496692538261414,209.50086975097656
0.42535433173179626,446.8188781738281,0.7871034741401672,326.3829650878906
1.812913417816162,474.3385925292969,1.5929176807403564,549.0171508789062
1.8440945148468018,28.519685745239258,2.035072088241577,-30.31519317626953
0.8462992310523987,562.4015502929688,0.9267817139625549,439.41558837890625
0.47212597727775574,94.56694030761719,0.4464914798736572,90.80953216552734
0.8462992310523987,1.0,0.9286865592002869,-25.961931228637695
0.113543301820755,364.2598876953125,0.3544064462184906,340.0526428222656
0.7995275855064392,270.6929016113281,0.7877333760261536,386.3347473144531
1.594645619392395,364.2598876953125,1.7707182168960571,304.9478454589844
1.7973228693008423,347.7480163574219,1.7586416006088257,336.9627380371094
2.0,353.251953125,1.7910103797912598,400.3442077636719
0.6280314922332764,265.18896484375,0.9235230684280396,233.6949005126953
1.9532283544540405,364.2598876953125,1.9427400827407837,376.9290771484375
0.019999999552965164,479.842529296875,0.3328871726989746,373.4474182128906
1.6102361679077148,34.02362060546875,1.4876768589019775,69.83004760742188
0.3006299138069153,650.4645385742188,0.3720106780529022,662.2194213867188
1.812913417816162,314.7243957519531,1.7784953117370605,272.56134033203125
1.0022047758102417,83.55905151367188,0.9859307408332825,116.88863372802734
1.3607873916625977,556.8976440429688,1.3113372325897217,576.2871704101562
0.48771652579307556,353.251953125,0.6275724172592163,372.031494140625
0.5033071041107178,677.9842529296875,0.41071414947509766,649.5833740234375
1.423149585723877,331.2362060546875,1.4748026132583618,368.6347961425781
1.1892913579940796,171.62203979492188,1.292385220527649,136.14366149902344
0.7215747833251953,17.511810302734375,0.8411416411399841,-20.330726623535156
1.7037795782089233,127.5905532836914,1.560581088066101,156.3900909423828
0.6903936862945557,331.2362060546875,0.6146746277809143,441.1497497558594
0.03559055179357529,122.08661651611328,0.16502413153648376,131.5680389404297
1.0333858728408813,639.4566650390625,1.3386156558990479,545.3923950195312
1.2672441005706787,644.9606323242188,1.1307830810546875,685.718017578125
0.3162204623222351,496.3543395996094,0.3710542321205139,420.51458740234375
0.6903936862945557,1.0,0.696563184261322,20.216354370117188
0.6903936862945557,589.9212646484375,1.0645734071731567,539.98681640625
0.26944881677627563,413.7952880859375,0.2721351087093353,459.088134765625
1.0957480669021606,221.15748596191406,0.9985803961753845,280.6430969238281
0.1759055107831955,166.11810302734375,0.2742859125137329,117.89524841308594
1.9220472574234009,292.7086486816406,1.830865502357483,227.32923889160156
0.659212589263916,584.4172973632812,0.7739156484603882,665.2426147460938
0.26944881677627563,72.55117797851562,0.2940692901611328,62.354637145996094
1.064566969871521,496.3543395996094,0.9068157076835632,492.22802734375
2.0,364.2598876953125,1.4526472091674805,446.8395690917969
1.4075590372085571,254.1811065673828,1.354902982711792,301.00946044921875
1.2048819065093994,270.6929016113281,1.1797356605529785,331.9585876464844
1.0022047758102417,254.1811065673828,0.8583261966705322,304.0913391113281
1.3919684886932373,177.1259765625,1.58015775680542,148.94332885742188
1.064566969871521,463.33074951171875,1.3153295516967773,389.8837585449219
1.329606294631958,562.4015502929688,1.192448616027832,521.98974609375
0.34740158915519714,199.14173889160156,0.3241976201534271,209.97947692871094
0.7683464288711548,61.54330825805664,0.7840366363525391,61.50653076171875
0.5500787496566772,105.5748062133789,0.5912268757820129,90.6703872680664
1.7193701267242432,199.14173889160156,1.8409920930862427,143.0224609375
0.20708660781383514,331.2362060546875,0.23939970135688782,298.558837890625
0.06677165627479553,633.9527587890625,0.22517898678779602,538.9259643554688
0.7839370369911194,518.3700561523438,0.8430288434028625,540.9728393554688
1.6881890296936035,424.80316162109375,1.8317946195602417,402.1587219238281
1.1425197124481201,397.2834777832031,1.4577348232269287,502.2028503417969
0.20708660781383514,457.8267517089844,0.15010854601860046,488.5791015625
1.1269291639328003,50.53543472290039,1.1793097257614136,39.9924201965332
0.8774803280830383,270.6929016113281,0.9235955476760864,237.09544372558594
0.40976378321647644,507.3622131347656,0.5500813126564026,440.77301025390625
1.9688189029693604,39.527557373046875,1.9742950201034546,1.1435494422912598
1.6570079326629639,254.1811065673828,1.876932978630066,160.71240234375
1.906456708908081,39.527557373046875,1.6619529724121094,117.92403411865234
0.908661425113678,210.1496124267578,1.0940797328948975,160.99342346191406
0.9866141676902771,628.4487915039062,1.2769612073898315,498.49444580078125
0.5968503952026367,694.4960327148438,0.8994476795196533,589.0758056640625
0.06677165627479553,133.094482421875,0.11664488911628723,191.85482788085938
0.2538582682609558,309.220458984375,0.3378400504589081,266.65411376953125
0.9398425221443176,402.78741455078125,0.9679810404777527,347.59600830078125
1.4075590372085571,540.3858032226562,1.7114747762680054,520.6041259765625
1.4855117797851562,188.13388061523438,1.7390824556350708,131.91958618164062
0.06677165627479553,45.031494140625,0.17750409245491028,40.736328125
1.0333858728408813,551.3936767578125,1.1141186952590942,504.4595031738281
0.113543301820755,23.0157470703125,0.1708393096923828,30.94098663330078
0.5188976526260376,606.4330444335938,0.6175601482391357,574.1475219726562
0.8930708765983582,116.58268737792969,0.6768701076507568,171.34320068359375
0.03559055179357529,193.63780212402344,0.10391078889369965,223.1410369873047
0.8930708765983582,265.18896484375,0.8642452359199524,262.733642578125
0.14472442865371704,67.0472412109375,0.21861115097999573,52.17209243774414
1.3763779401779175,56.039371490478516,1.1233807802200317,87.27310180664062
1.3763779401779175,281.7007751464844,1.4440685510635376,369.364013671875
0.1759055107831955,94.56694030761719,0.3020835816860199,65.42088317871094
1.594645619392395,232.16537475585938,1.6880627870559692,246.03921508789062
0.19149605929851532,534.8818969726562,0.34007981419563293,561.8658447265625
0.47212597727775574,61.54330825805664,0.46201789379119873,82.0799789428711
1.6881890296936035,540.3858032226562,1.630030632019043,537.1004638671875
1.7973228693008423,683.4881591796875,1.8197753429412842,569.2254638671875
1.2516535520553589,622.9448852539062,1.341083288192749,585.9088134765625
0.42535433173179626,100.07086944580078,0.3599119782447815,123.89824676513672
1.0333858728408813,375.26776123046875,1.052818775177002,434.8059387207031
0.08236220479011536,353.251953125,0.41841816902160645,286.9161682128906
0.7839370369911194,446.8188781738281,1.0525239706039429,393.2701416015625
0.7371653318405151,589.9212646484375,0.8119781017303467,562.35888671875
0.16031496226787567,122.08661651611328,0.1536262333393097,136.55764770507812
0.815118134021759,391.779541015625,0.6058568358421326,449.41973876953125
0.12913386523723602,325.7322692871094,0.1967175304889679,314.0337829589844
1.0957480669021606,655.968505859375,1.2530615329742432,597.6463012695312
0.238267719745636,430.3070983886719,0.15375462174415588,423.6798095703125
0.7683464288711548,28.519685745239258,0.771898627281189,21.266380310058594
1.5478739738464355,166.11810302734375,1.4218605756759644,169.190673828125
1.594645619392395,254.1811065673828,1.6420722007751465,252.72767639160156
0.238267719745636,166.11810302734375,0.331390380859375,149.82298278808594
0.9710236191749573,441.3149719238281,0.9396646022796631,522.13720703125
0.12913386523723602,364.2598876953125,0.21873824298381805,375.85003662109375
1.2048819065093994,655.968505859375,1.3800150156021118,577.328125
1.7973228693008423,111.07874298095703,1.762855887413025,165.55392456054688
1.828503966331482,468.8346862792969,1.7699151039123535,547.6866455078125
0.14472442865371704,485.3464660644531,0.15136949717998505,508.3795166015625
1.4543306827545166,677.9842529296875,1.6321327686309814,614.3179321289062
1.8596850633621216,155.1102294921875,1.5812987089157104,178.57456970214844
0.09795275330543518,94.56694030761719,0.2588667571544647,49.14900588989258
0.05118110775947571,193.63780212402344,0.15282611548900604,189.70848083496094
1.828503966331482,446.8188781738281,1.7557216882705688,428.46588134765625
1.3919684886932373,254.1811065673828,1.4253484010696411,302.5669860839844
0.752755880355835,650.4645385742188,1.0977833271026611,543.5315551757812
1.7973228693008423,171.62203979492188,1.5773859024047852,187.56031799316406
1.8752756118774414,89.06298828125,1.779219388961792,91.28935241699219
0.42535433173179626,419.2992248535156,0.5328798294067383,471.3345642089844
0.9866141676902771,221.15748596191406,1.1376128196716309,236.175537109375
1.5790550708770752,314.7243957519531,1.691338062286377,362.14410400390625
1.4387401342391968,204.6456756591797,1.6812245845794678,159.1931915283203
0.36299213767051697,545.8897705078125,0.4724951982498169,516.8798828125
1.6414172649383545,204.6456756591797,1.4658006429672241,235.57447814941406
0.5188976526260376,468.8346862792969,0.46473634243011475,607.1454467773438
0.238267719745636,523.8740234375,0.4343325197696686,438.89068603515625
1.3919684886932373,12.00787353515625,1.5881086587905884,-7.274289131164551
0.48771652579307556,529.3779296875,0.4863232970237732,487.85125732421875
0.8930708765983582,276.19683837890625,0.7831327319145203,375.4480285644531
0.5968503952026367,237.66929626464844,0.52413010597229,308.1305236816406
0.28503936529159546,17.511810302734375,0.37128758430480957,11.74154281616211
0.42535433173179626,358.7558898925781,0.5335788130760193,299.2845458984375
0.8774803280830383,452.32281494140625,0.9195363521575928,508.18365478515625
0.05118110775947571,166.11810302734375,0.34184888005256653,106.90926361083984
1.4855117797851562,677.9842529296875,1.312333345413208,556.6356201171875
1.1892913579940796,116.58268737792969,0.8958492279052734,230.52456665039062
0.6280314922332764,375.26776123046875,0.8757144212722778,326.8070373535156
0.019999999552965164,644.9606323242188,0.23850753903388977,631.7163696289062
0.19149605929851532,490.85040283203125,0.2511257529258728,552.0309448242188
1.4075590372085571,589.9212646484375,1.5356467962265015,528.87451171875
1.0022047758102417,529.3779296875,1.2666528224945068,449.8163757324219
0.752755880355835,78.05511474609375,0.8687935471534729,46.58049392700195
0.14472442865371704,243.17323303222656,0.15422190725803375,233.0889892578125
1.6725984811782837,298.21258544921875,1.2944284677505493,400.2640686035156
1.017795443534851,419.2992248535156,0.9780123233795166,473.00396728515625
0.34740158915519714,397.2834777832031,0.6270865201950073,316.0766906738281
0.09795275330543518,441.3149719238281,0.010104574263095856,476.64605712890625
0.6124409437179565,144.10235595703125,0.5517430305480957,165.38552856445312
0.9242519736289978,584.4172973632812,1.1595042943954468,536.1806030273438
1.2672441005706787,160.61416625976562,1.1808236837387085,255.62973022460938
1.064566969871521,56.039371490478516,1.0552693605422974,49.563167572021484
0.6124409437179565,199.14173889160156,0.4292488396167755,312.2175598144531
1.7661417722702026,309.220458984375,1.9304229021072388,414.5231628417969
0.6748031377792358,127.5905532836914,0.8047310709953308,118.54703521728516
1.9844094514846802,248.6771697998047,1.4453192949295044,370.0906677246094
1.3607873916625977,485.3464660644531,1.3625807762145996,509.8614807128906
0.08236220479011536,56.039371490478516,0.1709873080253601,3.125437021255493
0.8774803280830383,259.6850280761719,0.9268411993980408,248.97740173339844
0.5033071041107178,512.8661499023438,0.465756893157959,550.8714599609375
0.03559055179357529,105.5748062133789,0.09232886135578156,103.7896957397461
0.6124409437179565,589.9212646484375,0.9265682101249695,562.1896362304688
1.9532283544540405,479.842529296875,1.9167591333389282,621.062744140625
0.40976378321647644,584.4172973632812,0.42492589354515076,474.9526062011719
0.5344882011413574,292.7086486816406,0.4075887203216553,390.0670471191406
0.3006299138069153,56.039371490478516,0.4471491873264313,17.01137351989746
0.14472442865371704,45.031494140625,0.21087300777435303,25.923385620117188
1.6414172649383545,248.6771697998047,1.6841061115264893,201.48646545410156
0.08236220479011536,138.59841918945312,0.24093219637870789,136.92776489257812
1.3919684886932373,215.65354919433594,1.4794164896011353,187.67503356933594
0.12913386523723602,221.15748596191406,0.11710505187511444,218.92233276367188
0.08236220479011536,490.85040283203125,0.2481384575366974,580.7295532226562
1.6102361679077148,298.21258544921875,1.32650887966156,377.31634521484375
0.6748031377792358,529.3779296875,0.7724388837814331,602.7450561523438
0.6280314922332764,254.1811065673828,0.865146815776825,209.94960021972656
0.752755880355835,474.3385925292969,0.8585277795791626,389.97216796875
1.2204724550247192,243.17323303222656,1.3558820486068726,247.41812133789062
1.1737008094787598,17.511810302734375,1.1666920185089111,24.870769500732422
1.3607873916625977,688.9921264648438,1.3348071575164795,673.718505859375
1.4543306827545166,155.1102294921875,1.47343909740448,153.65611267089844
0.7215747833251953,496.3543395996094,0.5829735994338989,628.6209106445312
0.8307086825370789,309.220458984375,0.991005539894104,298.443115234375
1.3919684886932373,600.9291381835938,1.2057493925094604,558.6078491210938
1.9220472574234009,446.8188781738281,1.5651912689208984,525.7207641601562
0.08236220479011536,430.3070983886719,0.14740705490112305,500.8887634277344
1.828503966331482,17.511810302734375,1.9667387008666992,-2.278275489807129
1.4543306827545166,402.78741455078125,1.6420369148254395,485.7491455078125
0.19149605929851532,551.3936767578125,0.13502725958824158,564.6417236328125
0.5344882011413574,512.8661499023438,0.6777074933052063,588.6103515625
1.4543306827545166,111.07874298095703,1.2125557661056519,198.81822204589844
1.0801575183868408,369.7638244628906,1.2055811882019043,366.2422790527344
0.3941732347011566,204.6456756591797,0.5235354900360107,189.68551635742188
0.9242519736289978,336.7401428222656,1.222374677658081,259.7845458984375
1.5634645223617554,700.0,1.4654384851455688,653.0071411132812
1.7661417722702026,298.21258544921875,1.8656394481658936,322.73443603515625
0.4409448802471161,463.33074951171875,0.42884016036987305,423.53729248046875
0.9866141676902771,6.503936767578125,1.1357698440551758,19.62797737121582
0.6124409437179565,17.511810302734375,0.6251927614212036,36.65469741821289
0.752755880355835,232.16537475585938,0.9503998160362244,172.5995635986328
0.09795275330543518,688.9921264648438,0.20546838641166687,565.6390991210938
1.0333858728408813,479.842529296875,1.4288864135742188,434.09344482421875
0.5188976526260376,193.63780212402344,0.7579309940338135,194.18081665039062
0.6436220407485962,402.78741455078125,0.847367525100708,377.283935546875
1.7193701267242432,177.1259765625,1.4830968379974365,273.7793273925781
0.26944881677627563,237.66929626464844,0.19199621677398682,262.6107177734375
0.09795275330543518,320.22833251953125,0.05502145737409592,320.3526916503906
0.7839370369911194,111.07874298095703,0.9953697323799133,80.69312286376953
0.47212597727775574,397.2834777832031,0.3365010619163513,465.2862548828125
0.7059842348098755,683.4881591796875,0.9567711353302002,615.1431274414062
1.4387401342391968,292.7086486816406,1.3121886253356934,349.06231689453125
0.019999999552965164,127.5905532836914,0.12216323614120483,120.1557388305664
0.1759055107831955,23.0157470703125,0.14373430609703064,32.74916076660156
0.26944881677627563,529.3779296875,0.28894561529159546,519.4430541992188
1.2828346490859985,622.9448852539062,1.4938766956329346,603.3665771484375
1.6881890296936035,276.19683837890625,1.5470118522644043,282.4692077636719
0.9398425221443176,298.21258544921875,0.8150454163551331,396.6228942871094
1.501102328300476,364.2598876953125,1.5975592136383057,298.3220520019531
1.828503966331482,72.55117797851562,1.6799105405807495,126.25503540039062
1.4855117797851562,606.4330444335938,1.4808188676834106,538.4154052734375
0.6903936862945557,501.8582763671875,0.967415452003479,337.1847839355469
0.5968503952026367,408.2913513183594,0.6467322707176208,456.16912841796875
1.0022047758102417,369.7638244628906,1.0760356187820435,278.8707275390625
1.7193701267242432,17.511810302734375,1.6703301668167114,31.890209197998047
1.4075590372085571,292.7086486816406,1.2165212631225586,331.8250732421875
1.7505512237548828,50.53543472290039,1.633496642112732,33.999549865722656
0.5968503952026367,380.77166748046875,0.5008891820907593,484.2190856933594
2.0,556.8976440429688,1.773998498916626,551.60107421875
0.3162204623222351,485.3464660644531,0.56280916929245,429.2687072753906
0.09795275330543518,215.65354919433594,0.27642297744750977,149.94439697265625
0.26944881677627563,144.10235595703125,0.30399298667907715,144.33905029296875
0.7059842348098755,226.66140747070312,0.8460813164710999,221.69044494628906
0.4409448802471161,408.2913513183594,0.4998251497745514,449.69671630859375
2.0,639.4566650390625,1.4188659191131592,673.645263671875
0.7995275855064392,463.33074951171875,1.0552948713302612,491.3017578125
0.40976378321647644,606.4330444335938,0.3913428783416748,564.2828979492188
1.7973228693008423,342.24407958984375,1.6032565832138062,378.26483154296875
0.3941732347011566,320.22833251953125,0.4081805646419525,319.9667663574219
0.34740158915519714,496.3543395996094,0.21986007690429688,607.45361328125
1.7661417722702026,61.54330825805664,1.9992449283599854,46.00117492675781
2.0,155.1102294921875,1.830106258392334,218.25827026367188
1.3607873916625977,215.65354919433594,1.6622902154922485,207.16363525390625
0.7683464288711548,496.3543395996094,0.5937303304672241,563.217041015625
1.3607873916625977,452.32281494140625,1.1519312858581543,453.9716796875
1.7193701267242432,292.7086486816406,1.649695873260498,284.0135803222656
0.16031496226787567,430.3070983886719,0.1895960122346878,489.06756591796875
0.019999999552965164,446.8188781738281,0.22667483985424042,373.46917724609375
1.064566969871521,430.3070983886719,1.5053553581237793,324.68695068359375
1.1737008094787598,144.10235595703125,1.1259708404541016,154.18606567382812
1.3140157461166382,182.62994384765625,1.4278961420059204,174.48483276367188
0.6124409437179565,276.19683837890625,0.6208880543708801,290.09521484375
0.20708660781383514,386.2756042480469,0.35364413261413574,378.4941711425781
0.1759055107831955,457.8267517089844,0.2578818202018738,449.2889709472656
1.7661417722702026,127.5905532836914,1.7642278671264648,125.02749633789062
0.7683464288711548,281.7007751464844,0.9934141635894775,276.5204772949219
1.3607873916625977,105.5748062133789,1.3927589654922485,115.01641082763672
0.3006299138069153,578.9133911132812,0.7287935614585876,442.1603088378906
1.812913417816162,545.8897705078125,1.943631649017334,489.3995666503906
1.5322834253311157,160.61416625976562,1.5324761867523193,180.73800659179688
0.3785826861858368,501.8582763671875,0.18386924266815186,536.3883056640625
1.734960675239563,573.409423828125,1.29838228225708,716.978271484375
1.3140157461166382,309.220458984375,1.0513392686843872,441.5819396972656
1.329606294631958,314.7243957519531,1.2582910060882568,479.9735412597656
1.423149585723877,292.7086486816406,1.3230054378509521,351.01513671875
1.9532283544540405,111.07874298095703,1.3393354415893555,166.98988342285156
1.1425197124481201,562.4015502929688,1.1772667169570923,549.6022338867188
1.8752756118774414,226.66140747070312,1.8630143404006958,224.13059997558594
0.6748031377792358,397.2834777832031,0.9619559645652771,297.7996826171875
0.7839370369911194,688.9921264648438,0.6319645047187805,565.0970458984375
0.7683464288711548,584.4172973632812,0.8443988561630249,452.01409912109375
0.019999999552965164,606.4330444335938,0.15493929386138916,599.1109008789062
0.5656692981719971,83.55905151367188,0.6330910921096802,91.30963897705078
0.9554330706596375,287.2047119140625,0.6975339651107788,389.39947509765625
1.9532283544540405,551.3936767578125,1.8673326969146729,585.29150390625
0.28503936529159546,617.44091796875,0.3537006676197052,597.3330078125
1.017795443534851,303.7165222167969,0.8777796030044556,404.0706481933594
1.9844094514846802,485.3464660644531,1.756432294845581,522.2288208007812
1.7661417722702026,56.039371490478516,1.666806936264038,61.83076095581055
0.6436220407485962,259.6850280761719,0.8109697699546814,226.23057556152344
1.734960675239563,501.8582763671875,1.3199740648269653,594.87744140625
0.22267717123031616,287.2047119140625,0.32409873604774475,289.11468505859375
0.7215747833251953,34.02362060546875,0.8386174440383911,2.3625497817993164
1.501102328300476,94.56694030761719,1.4480220079421997,122.82703399658203
1.2048819065093994,182.62994384765625,1.1666570901870728,248.13076782226562
0.9242519736289978,28.519685745239258,0.8340778350830078,12.77633285522461
0.4409448802471161,639.4566650390625,0.43614792823791504,590.3167724609375
1.423149585723877,545.8897705078125,1.6106265783309937,589.7416381835938
1.2828346490859985,551.3936767578125,1.2057329416275024,569.7584228515625
1.9376378059387207,133.094482421875,1.763571858406067,139.7926025390625
0.26944881677627563,501.8582763671875,0.11229012906551361,577.8854370117188
0.42535433173179626,336.7401428222656,0.6038278341293335,308.7605285644531
1.594645619392395,479.842529296875,1.7359451055526733,541.7052001953125
1.3451968431472778,551.3936767578125,1.2024163007736206,657.4301147460938
1.3607873916625977,677.9842529296875,1.3208253383636475,753.6173095703125
0.7683464288711548,556.8976440429688,0.7707634568214417,563.8107299804688
0.238267719745636,551.3936767578125,0.41790714859962463,478.4262390136719
0.6436220407485962,457.8267517089844,0.6237622499465942,423.59674072265625
0.1759055107831955,336.7401428222656,0.1945360004901886,413.0396728515625
1.7193701267242432,386.2756042480469,1.701484203338623,352.66845703125
0.4565354287624359,314.7243957519531,0.6264404654502869,296.6799621582031
1.4075590372085571,138.59841918945312,1.5239335298538208,130.07960510253906
0.33181101083755493,446.8188781738281,0.32636168599128723,563.1008911132812
1.5790550708770752,193.63780212402344,1.5527089834213257,160.5795135498047
0.12913386523723602,633.9527587890625,0.12376829981803894,683.94677734375
0.08236220479011536,622.9448852539062,0.46318310499191284,514.378173828125
1.6258267164230347,567.905517578125,1.0487627983093262,562.4574584960938
0.5500787496566772,584.4172973632812,0.8533449172973633,424.2337951660156
1.3919684886932373,386.2756042480469,1.6680408716201782,402.05975341796875
0.22267717123031616,452.32281494140625,0.3157958984375,441.202880859375
1.236063003540039,644.9606323242188,1.2598472833633423,571.0157470703125
1.3919684886932373,595.4251708984375,1.6044479608535767,499.1992492675781
1.3763779401779175,116.58268737792969,1.189886212348938,144.00697326660156
0.47212597727775574,298.21258544921875,0.7568104863166809,207.21009826660156
0.9710236191749573,446.8188781738281,1.4205360412597656,417.0086669921875
1.6414172649383545,364.2598876953125,1.483808159828186,385.6109619140625
0.08236220479011536,72.55117797851562,0.044199831783771515,64.92446899414062
0.113543301820755,12.00787353515625,0.13248108327388763,21.59715461730957
1.3451968431472778,237.66929626464844,1.3638228178024292,232.1412811279297
1.0801575183868408,386.2756042480469,0.9588269591331482,392.80267333984375
0.5968503952026367,523.8740234375,0.7909917831420898,406.78271484375
0.7995275855064392,512.8661499023438,0.9634125232696533,403.34765625
1.7505512237548828,534.8818969726562,1.632887840270996,551.004150390625
0.6124409437179565,463.33074951171875,1.071447491645813,433.21649169921875
0.4565354287624359,364.2598876953125,0.2893346846103668,400.4800720214844
1.236063003540039,688.9921264648438,1.3975425958633423,610.1487426757812
1.828503966331482,182.62994384765625,1.8498281240463257,186.194580078125
