target:h_c,target:sigma_k,predicted:h_c,predicted:sigma_k
0.5656692981719971,215.65354919433594,0.4039883017539978,164.94358825683594
1.6102361679077148,512.8661499023438,1.155861258506775,413.55194091796875
1.0957480669021606,369.7638244628906,0.46832075715065,506.1368408203125
0.8307086825370789,226.66140747070312,1.3458396196365356,387.31146240234375
1.9688189029693604,397.2834777832031,1.7330927848815918,340.9234924316406
1.8752756118774414,336.7401428222656,1.268917441368103,430.4610900878906
0.8618897795677185,628.4487915039062,1.0750441551208496,378.3309020996094
1.0489764213562012,149.60629272460938,1.3847554922103882,161.35516357421875
1.5790550708770752,540.3858032226562,1.148888349533081,562.635009765625
1.6570079326629639,606.4330444335938,1.2172430753707886,410.24505615234375
0.7371653318405151,100.07086944580078,1.0378124713897705,74.8383560180664
0.238267719745636,309.220458984375,0.5629509091377258,238.49122619628906
1.6102361679077148,386.2756042480469,1.4583975076675415,323.9309387207031
1.5322834253311157,639.4566650390625,1.556705117225647,491.3819274902344
0.33181101083755493,138.59841918945312,-0.15576505661010742,146.38717651367188
1.329606294631958,700.0,1.0351225137710571,521.1504516601562
0.3006299138069153,584.4172973632812,1.1482640504837036,433.797119140625
0.09795275330543518,331.2362060546875,0.6589440703392029,224.46876525878906
0.7059842348098755,628.4487915039062,1.079515814781189,502.33294677734375
1.6725984811782837,639.4566650390625,1.132754921913147,639.1725463867188
0.20708660781383514,303.7165222167969,0.4849223792552948,245.72909545898438
1.812913417816162,688.9921264648438,0.9511749148368835,625.3223266601562
1.8908661603927612,639.4566650390625,1.236541509628296,386.48516845703125
0.5033071041107178,408.2913513183594,1.0976494550704956,222.40237426757812
1.4387401342391968,17.511810302734375,1.2008675336837769,57.421722412109375
0.908661425113678,688.9921264648438,0.9993584156036377,409.20086669921875
0.9398425221443176,226.66140747070312,1.1232315301895142,302.27764892578125
1.4543306827545166,204.6456756591797,0.9170587658882141,182.91322326660156
1.5790550708770752,512.8661499023438,1.5022324323654175,474.5357971191406
0.5968503952026367,408.2913513183594,0.7858583927154541,478.9512023925781
0.16031496226787567,380.77166748046875,0.11618910729885101,338.3287353515625
1.15811026096344,281.7007751464844,1.1549444198608398,398.48736572265625
0.40976378321647644,67.0472412109375,0.28883424401283264,22.76743507385254
1.1113386154174805,127.5905532836914,1.21610689163208,197.90367126464844
1.6881890296936035,1.0,1.5641140937805176,118.41163635253906
0.5344882011413574,127.5905532836914,0.68833327293396,260.75970458984375
0.6124409437179565,468.8346862792969,0.8794731497764587,413.8159484863281
1.0957480669021606,644.9606323242188,1.0427974462509155,478.7954406738281
0.5500787496566772,595.4251708984375,0.88844233751297,536.6404418945312
0.9242519736289978,578.9133911132812,1.2280316352844238,522.0828247070312
1.828503966331482,595.4251708984375,1.3802165985107422,571.8115234375
1.8596850633621216,430.3070983886719,1.0709317922592163,330.77691650390625
1.7817323207855225,391.779541015625,1.6721309423446655,361.0066833496094
1.4699212312698364,188.13388061523438,0.6617512106895447,317.03717041015625
1.0957480669021606,446.8188781738281,0.9800083041191101,456.6102294921875
0.9242519736289978,144.10235595703125,0.8323677182197571,247.25540161132812
0.40976378321647644,677.9842529296875,0.4562895894050598,418.9062194824219
1.5634645223617554,578.9133911132812,1.1263937950134277,406.9726257324219
1.6102361679077148,111.07874298095703,1.529132604598999,283.0133361816406
0.815118134021759,309.220458984375,1.0351693630218506,294.3360595703125
1.6102361679077148,446.8188781738281,1.264029860496521,444.16339111328125
1.8440945148468018,45.031494140625,0.9632543921470642,186.21636962890625
1.8908661603927612,402.78741455078125,1.155203104019165,529.6380615234375
1.2672441005706787,534.8818969726562,1.5004605054855347,391.74151611328125
1.4543306827545166,600.9291381835938,1.4842674732208252,558.6604614257812
0.5188976526260376,72.55117797851562,0.7567411661148071,220.75631713867188
0.6124409437179565,61.54330825805664,0.560175359249115,85.78140258789062
1.2516535520553589,611.93701171875,1.7460157871246338,387.2431335449219
0.7839370369911194,595.4251708984375,1.4646989107131958,617.2301025390625
1.7193701267242432,199.14173889160156,1.248661994934082,280.5660400390625
1.0022047758102417,644.9606323242188,1.0354504585266113,505.2842102050781
0.06677165627479553,369.7638244628906,-0.003239870071411133,426.5315246582031
0.752755880355835,166.11810302734375,0.6980891823768616,112.87480926513672
0.7839370369911194,232.16537475585938,0.6483891606330872,367.78533935546875
0.6436220407485962,639.4566650390625,0.8945090770721436,519.3948974609375
1.0022047758102417,424.80316162109375,1.0587632656097412,485.7734375
0.05118110775947571,529.3779296875,0.8058972954750061,247.2114715576172
1.7817323207855225,155.1102294921875,1.1236019134521484,294.4601745605469
1.0489764213562012,661.472412109375,1.1141225099563599,679.6100463867188
0.12913386523723602,100.07086944580078,0.32891160249710083,53.74366760253906
1.5790550708770752,468.8346862792969,2.1976065635681152,410.9707946777344
1.9220472574234009,72.55117797851562,1.0936474800109863,295.4847717285156
1.1425197124481201,364.2598876953125,1.5994296073913574,508.1343994140625
1.2828346490859985,518.3700561523438,1.321537733078003,449.0616149902344
0.6124409437179565,369.7638244628906,0.721592903137207,443.9710998535156
1.6102361679077148,298.21258544921875,1.4019296169281006,334.7503967285156
0.9242519736289978,380.77166748046875,1.1058132648468018,442.2264404296875
0.5812598466873169,430.3070983886719,0.6903901696205139,557.8065185546875
0.12913386523723602,259.6850280761719,0.4106385111808777,412.9543151855469
1.5322834253311157,534.8818969726562,1.000786304473877,474.33331298828125
1.7193701267242432,694.4960327148438,1.6987390518188477,580.521728515625
1.5322834253311157,100.07086944580078,1.0688848495483398,257.044677734375
0.5033071041107178,199.14173889160156,0.7050932049751282,142.35926818847656
0.9710236191749573,512.8661499023438,1.4978055953979492,350.1558837890625
0.659212589263916,215.65354919433594,1.031327247619629,143.0706024169922
1.1269291639328003,342.24407958984375,1.518723487854004,396.8593444824219
1.516692876815796,232.16537475585938,1.7567520141601562,305.0257263183594
1.2048819065093994,463.33074951171875,1.7197860479354858,422.1296691894531
0.3941732347011566,622.9448852539062,0.7479656338691711,311.80389404296875
0.752755880355835,270.6929016113281,0.7759144902229309,337.57366943359375
1.8440945148468018,529.3779296875,1.0530714988708496,460.9194641113281
1.017795443534851,270.6929016113281,1.0123389959335327,356.3132019042969
1.812913417816162,633.9527587890625,1.5328623056411743,510.424560546875
0.113543301820755,210.1496124267578,0.20187780261039734,282.50225830078125
1.2828346490859985,589.9212646484375,1.6358336210250854,405.4276123046875
1.906456708908081,226.66140747070312,1.4743587970733643,319.85333251953125
0.8618897795677185,573.409423828125,0.7250931262969971,560.096435546875
1.7037795782089233,265.18896484375,1.320822834968567,351.0033874511719
1.501102328300476,501.8582763671875,1.5261971950531006,535.130859375
1.1269291639328003,578.9133911132812,1.0379024744033813,528.6342163085938
1.6725984811782837,567.905517578125,1.5436933040618896,415.1471862792969
1.8440945148468018,573.409423828125,1.157531976699829,517.7671508789062
1.7193701267242432,452.32281494140625,1.180732250213623,355.277099609375
0.8774803280830383,6.503936767578125,1.0947463512420654,-26.94700813293457
1.7973228693008423,89.06298828125,0.9946016073226929,233.76210021972656
1.8596850633621216,193.63780212402344,1.0723867416381836,433.6827697753906
0.22267717123031616,188.13388061523438,-0.24473966658115387,293.1062316894531
0.659212589263916,204.6456756591797,0.9885080456733704,320.5459899902344
0.659212589263916,265.18896484375,0.8583980202674866,254.16966247558594
0.22267717123031616,72.55117797851562,0.2605113387107849,5.624342441558838
1.0801575183868408,683.4881591796875,1.1074929237365723,492.5712890625
0.3941732347011566,116.58268737792969,0.11797948181629181,136.8300018310547
0.5968503952026367,523.8740234375,1.066813588142395,334.88201904296875
1.8440945148468018,518.3700561523438,1.6459274291992188,519.37109375
0.1759055107831955,105.5748062133789,0.29013577103614807,-9.559447288513184
0.5033071041107178,149.60629272460938,0.7503801584243774,172.02011108398438
1.7505512237548828,45.031494140625,1.2061282396316528,191.91656494140625
0.28503936529159546,485.3464660644531,0.17002779245376587,443.5662536621094
0.14472442865371704,501.8582763671875,0.722244143486023,408.60577392578125
0.5968503952026367,622.9448852539062,1.2508416175842285,414.01708984375
0.7215747833251953,193.63780212402344,0.5909092426300049,389.2351379394531
0.6436220407485962,122.08661651611328,0.7779876589775085,88.81783294677734
0.6436220407485962,490.85040283203125,1.0362740755081177,274.1509704589844
1.0022047758102417,133.094482421875,0.18323175609111786,256.7695007324219
1.0801575183868408,523.8740234375,1.089057207107544,437.96966552734375
1.2048819065093994,254.1811065673828,0.9341204762458801,379.08734130859375
0.47212597727775574,540.3858032226562,1.066545009613037,416.10516357421875
1.6258267164230347,677.9842529296875,1.3636564016342163,336.3985900878906
1.4699212312698364,342.24407958984375,1.4293924570083618,372.72821044921875
0.9554330706596375,347.7480163574219,1.578581690788269,386.6236877441406
0.8930708765983582,479.842529296875,1.147385835647583,430.6864013671875
0.3785826861858368,677.9842529296875,0.9269987344741821,475.9114074707031
1.8596850633621216,694.4960327148438,1.7251023054122925,474.0559997558594
1.0333858728408813,540.3858032226562,1.3205602169036865,513.6207275390625
1.8596850633621216,34.02362060546875,0.8827975392341614,148.5594024658203
1.1113386154174805,413.7952880859375,1.5248022079467773,365.9998779296875
0.752755880355835,72.55117797851562,0.6326106190681458,146.4957275390625
0.908661425113678,700.0,1.2838842868804932,507.6505126953125
0.42535433173179626,325.7322692871094,0.7314435243606567,409.90557861328125
1.5790550708770752,677.9842529296875,1.5845286846160889,466.2397766113281
0.06677165627479553,193.63780212402344,-0.059893157333135605,316.7864990234375
1.2984251976013184,666.9763793945312,1.5321636199951172,611.2867431640625
1.1113386154174805,523.8740234375,1.4206876754760742,643.3070068359375
1.2672441005706787,677.9842529296875,1.3378055095672607,463.77392578125
1.6881890296936035,155.1102294921875,0.8917011022567749,371.70001220703125
1.906456708908081,149.60629272460938,1.438490390777588,335.06146240234375
0.3941732347011566,127.5905532836914,0.5831623673439026,152.49656677246094
0.9710236191749573,490.85040283203125,1.1108330488204956,473.7726745605469
0.752755880355835,265.18896484375,0.5461561679840088,264.4917907714844
0.7371653318405151,133.094482421875,0.7624263763427734,237.48023986816406
0.28503936529159546,34.02362060546875,0.1771886944770813,99.05860137939453
0.9242519736289978,23.0157470703125,0.941983699798584,3.684673309326172
0.09795275330543518,221.15748596191406,0.3542613089084625,186.960693359375
0.12913386523723602,523.8740234375,0.7743667960166931,355.4840087890625
0.5033071041107178,188.13388061523438,0.4037483334541321,301.6336364746094
0.20708660781383514,155.1102294921875,0.4284946918487549,43.817047119140625
0.40976378321647644,611.93701171875,1.17520010471344,439.0579833984375
1.2204724550247192,435.81103515625,1.288283348083496,495.0925598144531
0.9242519736289978,287.2047119140625,0.8213929533958435,320.1214599609375
0.752755880355835,606.4330444335938,0.9563340544700623,523.0476684570312
1.0801575183868408,369.7638244628906,1.4777982234954834,467.3882751464844
0.20708660781383514,320.22833251953125,0.7394580841064453,188.10972595214844
0.06677165627479553,650.4645385742188,0.7583522796630859,276.642333984375
1.5478739738464355,474.3385925292969,1.6320902109146118,492.8961486816406
0.6748031377792358,672.4802856445312,1.2790900468826294,421.3094787597656
1.5478739738464355,215.65354919433594,1.093941569328308,416.87939453125
1.3140157461166382,485.3464660644531,1.1947993040084839,585.77392578125
0.2538582682609558,232.16537475585938,0.1800049990415573,149.2450714111328
1.236063003540039,226.66140747070312,1.0697728395462036,380.1014404296875
0.8774803280830383,523.8740234375,1.6369715929031372,498.59246826171875
0.7371653318405151,12.00787353515625,0.6229692101478577,-85.07353973388672
0.5812598466873169,72.55117797851562,0.3876080811023712,65.092529296875
0.5656692981719971,292.7086486816406,0.8156238794326782,273.3711242675781
1.4543306827545166,160.61416625976562,0.5637790560722351,324.05078125
0.8307086825370789,512.8661499023438,0.943945586681366,372.12835693359375
1.8752756118774414,331.2362060546875,1.5978225469589233,397.92730712890625
1.0022047758102417,67.0472412109375,0.9951026439666748,184.0942840576172
1.2048819065093994,89.06298828125,0.8749064803123474,114.04370880126953
1.8440945148468018,446.8188781738281,1.6983625888824463,507.9696350097656
0.6903936862945557,281.7007751464844,0.9432370066642761,285.74908447265625
1.6102361679077148,342.24407958984375,1.3736883401870728,590.0568237304688
1.4543306827545166,122.08661651611328,1.2644273042678833,280.04248046875
1.501102328300476,94.56694030761719,0.9340602159500122,391.7711486816406
1.7505512237548828,468.8346862792969,1.645539402961731,312.0772705078125
0.5500787496566772,391.779541015625,0.7530750036239624,344.4620056152344
1.8752756118774414,67.0472412109375,1.122654914855957,303.5507507324219
1.9376378059387207,529.3779296875,1.3661600351333618,541.7955932617188
1.7505512237548828,100.07086944580078,1.2672653198242188,285.2536315917969
1.1425197124481201,226.66140747070312,0.7837661504745483,430.5110778808594
1.6414172649383545,61.54330825805664,1.4881418943405151,216.43190002441406
1.8440945148468018,116.58268737792969,1.6847467422485352,266.2225341796875
1.828503966331482,144.10235595703125,1.2136601209640503,189.5389404296875
0.9554330706596375,672.4802856445312,1.408199667930603,668.3214721679688
0.2538582682609558,287.2047119140625,0.6407214999198914,394.6575622558594
0.9866141676902771,562.4015502929688,0.6405471563339233,469.5061340332031
0.12913386523723602,39.527557373046875,0.003588354215025902,100.36808013916016
0.3941732347011566,221.15748596191406,0.6908857226371765,299.1384582519531
1.0333858728408813,177.1259765625,0.86868816614151,322.81524658203125
0.815118134021759,28.519685745239258,1.2203328609466553,-4.0182085037231445
1.1113386154174805,149.60629272460938,0.8990885615348816,330.49114990234375
0.1759055107831955,611.93701171875,0.5773042440414429,302.6575012207031
1.828503966331482,287.2047119140625,1.4547933340072632,480.2518310546875
0.26944881677627563,611.93701171875,0.8728523850440979,417.22442626953125
0.08236220479011536,507.3622131347656,1.0763218402862549,369.02386474609375
2.0,463.33074951171875,1.2172139883041382,491.56097412109375
1.6102361679077148,270.6929016113281,1.3725292682647705,347.8961181640625
1.0489764213562012,496.3543395996094,1.1571602821350098,551.300048828125
0.815118134021759,6.503936767578125,0.8367714285850525,-1.577996015548706
0.5033071041107178,386.2756042480469,1.1389310359954834,409.67230224609375
0.113543301820755,507.3622131347656,0.5079675316810608,398.74713134765625
0.9398425221443176,468.8346862792969,1.1326243877410889,378.8313293457031
1.8752756118774414,265.18896484375,1.456604242324829,158.6479949951172
0.03559055179357529,72.55117797851562,-0.20162689685821533,142.35922241210938
1.2672441005706787,430.3070983886719,1.5363749265670776,494.1761169433594
1.2672441005706787,83.55905151367188,1.0082383155822754,304.1875305175781
0.659212589263916,628.4487915039062,1.4215202331542969,392.7965087890625
0.5500787496566772,408.2913513183594,0.8250532746315002,385.9798889160156
1.7973228693008423,61.54330825805664,1.3092527389526367,167.7037811279297
0.36299213767051697,199.14173889160156,0.2359791398048401,219.0443572998047
0.16031496226787567,314.7243957519531,0.19271844625473022,368.3130798339844
0.33181101083755493,309.220458984375,0.27161672711372375,219.06581115722656
1.1737008094787598,149.60629272460938,1.4610109329223633,413.8168640136719
0.12913386523723602,688.9921264648438,0.6537697911262512,341.515869140625
0.14472442865371704,584.4172973632812,0.3661660850048065,375.5035095214844
1.828503966331482,237.66929626464844,0.9068053960800171,356.8217468261719
0.28503936529159546,237.66929626464844,0.4893743097782135,243.42913818359375
1.3607873916625977,182.62994384765625,0.864575982093811,285.3348388671875
1.2048819065093994,111.07874298095703,0.5241521596908569,493.4563903808594
1.5478739738464355,628.4487915039062,1.1266993284225464,426.069091796875
0.8307086825370789,353.251953125,0.912097692489624,383.0494689941406
0.659212589263916,441.3149719238281,0.8749716877937317,435.1542663574219
1.734960675239563,386.2756042480469,1.1038893461227417,514.4953002929688
1.8596850633621216,138.59841918945312,1.0762513875961304,468.0024108886719
0.40976378321647644,672.4802856445312,0.7885729074478149,423.1327819824219
0.9554330706596375,380.77166748046875,0.37612420320510864,422.2862854003906
1.8908661603927612,281.7007751464844,1.7456353902816772,412.3405456542969
1.4855117797851562,556.8976440429688,2.281750440597534,503.1605224609375
0.2538582682609558,314.7243957519531,0.7073972821235657,362.414306640625
0.1759055107831955,6.503936767578125,0.2557253837585449,42.31936264038086
0.12913386523723602,336.7401428222656,0.5442848801612854,199.23745727539062
0.09795275330543518,188.13388061523438,0.42578279972076416,190.294677734375
1.5478739738464355,248.6771697998047,1.23554527759552,354.9518737792969
0.9554330706596375,666.9763793945312,1.648423433303833,507.953369140625
0.815118134021759,171.62203979492188,0.5308724641799927,251.94097900390625
0.113543301820755,435.81103515625,0.7186123132705688,284.2161560058594
1.2048819065093994,177.1259765625,1.4872872829437256,271.34185791015625
1.5634645223617554,347.7480163574219,0.8525698781013489,455.9938659667969
0.7839370369911194,265.18896484375,1.1070423126220703,328.6634826660156
1.3763779401779175,353.251953125,1.1871265172958374,420.7884521484375
1.0022047758102417,276.19683837890625,1.506618618965149,240.8367462158203
0.22267717123031616,45.031494140625,0.09608733654022217,96.46356964111328
1.7193701267242432,408.2913513183594,1.054581642150879,494.8550720214844
0.9398425221443176,94.56694030761719,1.0153895616531372,58.28937911987305
0.3162204623222351,683.4881591796875,0.2262982279062271,450.7908935546875
0.28503936529159546,204.6456756591797,0.582004725933075,245.02630615234375
1.1892913579940796,468.8346862792969,1.1708110570907593,352.2507629394531
1.1737008094787598,622.9448852539062,1.503440499305725,450.8869323730469
0.40976378321647644,182.62994384765625,0.4247594475746155,211.6904754638672
0.6903936862945557,1.0,0.6035732626914978,-31.238262176513672
1.501102328300476,303.7165222167969,1.2646836042404175,389.0291748046875
0.16031496226787567,364.2598876953125,0.9669672250747681,355.9844665527344
1.7973228693008423,320.22833251953125,1.6686640977859497,516.7592163085938
0.6124409437179565,347.7480163574219,0.7070026993751526,330.2621154785156
0.7371653318405151,622.9448852539062,1.1209434270858765,422.5823059082031
1.501102328300476,243.17323303222656,0.8503515124320984,221.85415649414062
1.516692876815796,39.527557373046875,1.0362508296966553,-29.687456130981445
1.8596850633621216,144.10235595703125,1.533880591392517,291.4908752441406
1.8596850633621216,419.2992248535156,1.7667298316955566,254.87051391601562
1.8752756118774414,199.14173889160156,1.3715883493423462,347.92059326171875
0.08236220479011536,677.9842529296875,1.054887056350708,447.30047607421875
1.8908661603927612,364.2598876953125,1.2509243488311768,403.1841735839844
0.4565354287624359,144.10235595703125,0.5253067016601562,55.079185485839844
0.1759055107831955,463.33074951171875,0.7096499800682068,502.5383605957031
0.19149605929851532,177.1259765625,0.05116017162799835,202.6858367919922
0.47212597727775574,611.93701171875,1.2077395915985107,553.3355712890625
1.7037795782089233,606.4330444335938,1.0671765804290771,585.6201782226562
1.017795443534851,353.251953125,1.0810866355895996,470.9169006347656
1.3607873916625977,700.0,1.1707115173339844,591.4908447265625
1.8908661603927612,138.59841918945312,0.9688095450401306,390.8302917480469
1.734960675239563,622.9448852539062,1.8301304578781128,499.30682373046875
0.5500787496566772,116.58268737792969,0.5091573596000671,87.02714538574219
1.15811026096344,584.4172973632812,1.2916207313537598,578.0095825195312
1.2984251976013184,441.3149719238281,1.527511477470398,499.66326904296875
0.3941732347011566,430.3070983886719,0.7700510025024414,320.1561279296875
0.48771652579307556,116.58268737792969,0.9643650650978088,-44.47858810424805
1.3919684886932373,650.4645385742188,1.3306312561035156,592.845947265625
1.3763779401779175,655.968505859375,1.316153883934021,536.2944946289062
0.26944881677627563,226.66140747070312,0.33881065249443054,292.92901611328125
0.09795275330543518,111.07874298095703,0.11571279168128967,89.78360748291016
0.42535433173179626,45.031494140625,0.4000031650066376,-31.818767547607422
1.017795443534851,111.07874298095703,1.1133949756622314,40.09666061401367
0.6748031377792358,408.2913513183594,1.0471512079238892,370.6868591308594
1.15811026096344,694.4960327148438,0.8538863062858582,556.091796875
0.4565354287624359,265.18896484375,0.8196282386779785,411.2314758300781
1.4543306827545166,397.2834777832031,1.4401812553405762,460.549072265625
0.4409448802471161,479.842529296875,0.8191220164299011,304.9346923828125
0.8307086825370789,501.8582763671875,0.8551144003868103,565.7108764648438
1.828503966331482,435.81103515625,1.2851711511611938,590.656005859375
0.7215747833251953,468.8346862792969,1.1119332313537598,336.7993469238281
1.3919684886932373,83.55905151367188,0.8087188601493835,309.5773010253906
1.3451968431472778,364.2598876953125,1.2984353303909302,461.48223876953125
1.3763779401779175,534.8818969726562,1.4774260520935059,350.45770263671875
0.5033071041107178,314.7243957519531,0.49728822708129883,409.02142333984375
1.2048819065093994,72.55117797851562,1.249874234199524,191.56365966796875
0.22267717123031616,677.9842529296875,0.6199058294296265,325.7432861328125
1.2048819065093994,199.14173889160156,1.3850027322769165,342.4902038574219
0.019999999552965164,336.7401428222656,0.4872412085533142,237.1251983642578
0.5033071041107178,413.7952880859375,1.1051828861236572,354.4486999511719
0.7371653318405151,457.8267517089844,0.9669874906539917,408.28656005859375
0.47212597727775574,67.0472412109375,0.43401557207107544,28.83783721923828
0.8307086825370789,314.7243957519531,1.8100427389144897,135.1117401123047
0.5033071041107178,182.62994384765625,0.35807114839553833,193.8268585205078
0.33181101083755493,369.7638244628906,0.6549498438835144,363.5655212402344
0.7683464288711548,248.6771697998047,1.3282854557037354,280.9058837890625
1.6258267164230347,61.54330825805664,1.0453089475631714,199.09803771972656
1.7193701267242432,600.9291381835938,1.553428053855896,511.4572448730469
0.48771652579307556,171.62203979492188,0.6294151544570923,196.01498413085938
1.3607873916625977,529.3779296875,1.3741329908370972,542.2619018554688
1.8908661603927612,606.4330444335938,1.1517307758331299,565.7571411132812
0.8930708765983582,320.22833251953125,0.6611202955245972,366.43609619140625
1.2516535520553589,661.472412109375,1.2674323320388794,547.589111328125
1.5634645223617554,562.4015502929688,1.3023076057434082,577.2081909179688
1.516692876815796,523.8740234375,1.4632890224456787,357.2438049316406
1.2828346490859985,452.32281494140625,1.7270748615264893,458.5959167480469
1.3763779401779175,567.905517578125,1.1558165550231934,539.5209350585938
0.5812598466873169,452.32281494140625,1.722664475440979,423.0636901855469
0.5500787496566772,111.07874298095703,0.8193938732147217,103.02688598632812
1.7037795782089233,391.779541015625,1.655236840248108,402.1194763183594
1.906456708908081,672.4802856445312,1.0388543605804443,640.4052124023438
1.7661417722702026,606.4330444335938,1.4487367868423462,620.2470092773438
1.6725984811782837,375.26776123046875,1.4600646495819092,570.550537109375
1.7505512237548828,644.9606323242188,1.0114680528640747,588.364013671875
0.5812598466873169,589.9212646484375,1.0955349206924438,631.3009643554688
0.659212589263916,639.4566650390625,0.8999659419059753,611.1449584960938
1.236063003540039,78.05511474609375,0.9008970260620117,132.26336669921875
1.1425197124481201,309.220458984375,1.2747397422790527,268.5980529785156
0.8462992310523987,435.81103515625,0.8874818086624146,485.5022888183594
1.6570079326629639,694.4960327148438,1.4877222776412964,560.6870727539062
0.4565354287624359,78.05511474609375,0.1778123527765274,134.79136657714844
0.908661425113678,303.7165222167969,1.1969327926635742,462.6894836425781
1.2984251976013184,133.094482421875,0.7452001571655273,348.75433349609375
0.752755880355835,127.5905532836914,0.6187790632247925,153.72763061523438
2.0,501.8582763671875,1.2440285682678223,619.8795166015625
0.3785826861858368,83.55905151367188,-0.012777179479598999,185.02549743652344
0.19149605929851532,127.5905532836914,0.15682610869407654,191.98416137695312
0.3941732347011566,413.7952880859375,1.050811529159546,321.32623291015625
0.5500787496566772,127.5905532836914,0.4217217266559601,208.90049743652344
0.908661425113678,347.7480163574219,1.5049467086791992,485.140869140625
0.5656692981719971,78.05511474609375,0.19748733937740326,177.5218048095703
0.9242519736289978,688.9921264648438,0.9817005395889282,481.2771911621094
1.8440945148468018,237.66929626464844,1.2474876642227173,325.0372314453125
0.03559055179357529,56.039371490478516,-0.27097266912460327,100.6701889038086
0.42535433173179626,468.8346862792969,0.8003557920455933,384.7864685058594
0.2538582682609558,122.08661651611328,0.6540840864181519,41.15691375732422
1.423149585723877,320.22833251953125,1.3033887147903442,546.2615356445312
0.7371653318405151,523.8740234375,1.0173861980438232,456.42474365234375
1.3919684886932373,100.07086944580078,0.9046338796615601,214.70704650878906
1.4387401342391968,325.7322692871094,1.6095830202102661,230.78799438476562
1.828503966331482,534.8818969726562,1.6042494773864746,438.6672058105469
1.6881890296936035,89.06298828125,0.8066194653511047,250.09384155273438
0.7059842348098755,45.031494140625,0.87237548828125,38.890254974365234
1.0801575183868408,89.06298828125,0.9475715756416321,157.98599243164062
1.3140157461166382,534.8818969726562,1.3080013990402222,378.2851257324219
1.9220472574234009,397.2834777832031,2.0943312644958496,474.0775146484375
1.6102361679077148,237.66929626464844,1.33831787109375,324.0719909667969
1.7037795782089233,215.65354919433594,1.412793517112732,364.6382141113281
1.4075590372085571,677.9842529296875,1.2634398937225342,381.05487060546875
1.6725984811782837,441.3149719238281,1.724811315536499,449.880126953125
0.40976378321647644,375.26776123046875,0.9305263161659241,187.04037475585938
1.2048819065093994,644.9606323242188,1.111547589302063,561.4303588867188
0.2538582682609558,254.1811065673828,0.39000850915908813,335.8838806152344
0.8618897795677185,523.8740234375,1.0282663106918335,456.61865234375
0.06677165627479553,600.9291381835938,0.5440523028373718,338.6881103515625
1.6881890296936035,529.3779296875,1.2783499956130981,542.1824951171875
1.7505512237548828,402.78741455078125,1.5409002304077148,453.3368225097656
0.3941732347011566,700.0,0.5617766976356506,482.75811767578125
0.28503936529159546,320.22833251953125,0.2163192182779312,299.44769287109375
1.4543306827545166,320.22833251953125,1.0937000513076782,380.04864501953125
0.6903936862945557,100.07086944580078,0.9656035304069519,86.4797134399414
0.6280314922332764,540.3858032226562,1.2162047624588013,473.9349365234375
0.36299213767051697,34.02362060546875,0.08016180992126465,18.735149383544922
1.3919684886932373,413.7952880859375,1.8962230682373047,463.004150390625
0.908661425113678,34.02362060546875,1.0902597904205322,51.34547424316406
1.4387401342391968,397.2834777832031,1.8641457557678223,521.6202392578125
1.1113386154174805,144.10235595703125,1.0621713399887085,246.24681091308594
1.5322834253311157,204.6456756591797,1.0255529880523682,416.3492736816406
1.7193701267242432,644.9606323242188,1.3904820680618286,353.35272216796875
0.113543301820755,45.031494140625,0.06751957535743713,50.241939544677734
0.5033071041107178,584.4172973632812,0.9879546165466309,516.714599609375
1.2204724550247192,265.18896484375,1.167523741722107,364.49969482421875
1.236063003540039,573.409423828125,1.0293142795562744,422.3766784667969
0.42535433173179626,567.905517578125,0.9072615504264832,345.16888427734375
1.1892913579940796,94.56694030761719,1.4791048765182495,74.85137176513672
0.5033071041107178,452.32281494140625,0.44660091400146484,374.48443603515625
1.516692876815796,270.6929016113281,1.617977261543274,391.6481018066406
0.14472442865371704,171.62203979492188,0.4297653138637543,228.61512756347656
0.9554330706596375,485.3464660644531,1.2620850801467896,559.6407470703125
0.8774803280830383,424.80316162109375,1.1208988428115845,300.4399719238281
0.7215747833251953,215.65354919433594,1.0178706645965576,169.5355682373047
1.6102361679077148,468.8346862792969,1.0848164558410645,352.24041748046875
0.1759055107831955,485.3464660644531,0.5245501399040222,442.0408630371094
1.1737008094787598,551.3936767578125,0.4797293543815613,458.1594543457031
1.3451968431472778,226.66140747070312,0.7097211480140686,419.71478271484375
1.2204724550247192,210.1496124267578,1.0871866941452026,362.505126953125
1.2516535520553589,606.4330444335938,1.2351953983306885,586.6312866210938
0.40976378321647644,177.1259765625,0.11629843711853027,345.6556396484375
0.5812598466873169,496.3543395996094,0.5213230848312378,424.61212158203125
0.3785826861858368,457.8267517089844,1.2301528453826904,203.4405975341797
0.7683464288711548,666.9763793945312,0.6002117395401001,583.6529541015625
0.6280314922332764,248.6771697998047,1.1635217666625977,126.3000717163086
1.5322834253311157,562.4015502929688,1.100439429283142,571.40771484375
1.9220472574234009,358.7558898925781,1.4849798679351807,476.5444030761719
1.3763779401779175,463.33074951171875,1.4394181966781616,490.0044250488281
0.5188976526260376,353.251953125,1.010825514793396,275.9754333496094
0.7995275855064392,347.7480163574219,0.7275441288948059,312.05255126953125
0.659212589263916,28.519685745239258,0.5656347870826721,76.65022277832031
1.4855117797851562,314.7243957519531,1.262459397315979,398.6871337890625
1.9220472574234009,149.60629272460938,1.3328040838241577,420.5053405761719
0.22267717123031616,281.7007751464844,0.3228853642940521,371.8977966308594
1.6102361679077148,353.251953125,1.1202068328857422,519.0999145507812
1.4699212312698364,573.409423828125,1.41845703125,469.8912353515625
1.8596850633621216,562.4015502929688,0.9583520889282227,525.62548828125
0.8307086825370789,287.2047119140625,0.514838695526123,424.73931884765625
0.36299213767051697,611.93701171875,0.6358023285865784,231.68038940429688
1.2204724550247192,375.26776123046875,0.9250525832176208,375.00439453125
0.7371653318405151,666.9763793945312,0.9220134019851685,487.8594665527344
1.7193701267242432,287.2047119140625,0.8698246479034424,366.9021301269531
0.815118134021759,633.9527587890625,1.032555341720581,366.9908752441406
1.1737008094787598,303.7165222167969,1.9118348360061646,328.2932434082031
1.0022047758102417,45.031494140625,0.8663504123687744,83.0534896850586
1.9532283544540405,56.039371490478516,1.7757046222686768,97.31576538085938
0.3785826861858368,534.8818969726562,0.9955534338951111,358.7102355957031
0.05118110775947571,424.80316162109375,0.5146627426147461,268.03387451171875
0.3162204623222351,391.779541015625,0.6940250396728516,308.4291687011719
1.329606294631958,677.9842529296875,1.6765934228897095,434.818359375
0.7839370369911194,6.503936767578125,1.1084543466567993,-21.92853355407715
1.1425197124481201,72.55117797851562,0.9467961192131042,159.52804565429688
1.3763779401779175,375.26776123046875,1.2465945482254028,438.8087158203125
0.5033071041107178,430.3070983886719,0.9651536345481873,333.2167663574219
1.0957480669021606,611.93701171875,1.71700119972229,611.959228515625
0.7215747833251953,419.2992248535156,0.8212012052536011,409.87750244140625
1.064566969871521,342.24407958984375,0.8437442183494568,424.3433532714844
0.908661425113678,358.7558898925781,1.589409589767456,345.32720947265625
0.4409448802471161,369.7638244628906,0.4859156310558319,267.1953430175781
0.7839370369911194,45.031494140625,0.6931559443473816,28.00938606262207
0.9866141676902771,226.66140747070312,0.8667758703231812,253.70870971679688
0.3162204623222351,155.1102294921875,0.3502991795539856,170.60968017578125
0.238267719745636,408.2913513183594,1.0853335857391357,436.3898620605469
1.2516535520553589,111.07874298095703,1.4356571435928345,395.3356628417969
1.1892913579940796,1.0,1.178058385848999,29.241901397705078
1.8440945148468018,155.1102294921875,1.2247523069381714,323.0367736816406
0.3006299138069153,540.3858032226562,0.9054505228996277,345.8923034667969
0.5344882011413574,529.3779296875,0.9803421497344971,490.3587646484375
1.0333858728408813,391.779541015625,0.5691017508506775,464.0904235839844
1.15811026096344,545.8897705078125,1.558417797088623,322.7872619628906
1.6881890296936035,369.7638244628906,1.1945385932922363,514.5728759765625
1.2672441005706787,17.511810302734375,1.2143962383270264,50.117393493652344
0.03559055179357529,463.33074951171875,0.37339645624160767,345.32635498046875
1.2516535520553589,441.3149719238281,1.6697896718978882,463.9183654785156
1.4387401342391968,441.3149719238281,1.4262990951538086,518.27685546875
0.5656692981719971,188.13388061523438,0.9798015356063843,101.04417419433594
1.15811026096344,39.527557373046875,0.9302277565002441,234.6375274658203
0.06677165627479553,265.18896484375,0.2574060261249542,368.8679504394531
1.5322834253311157,193.63780212402344,0.9785541892051697,237.6309356689453
1.7661417722702026,413.7952880859375,1.4848790168762207,451.21087646484375
1.1113386154174805,644.9606323242188,0.9557119607925415,620.0588989257812
1.734960675239563,518.3700561523438,1.3567638397216797,367.6377868652344
0.019999999552965164,67.0472412109375,0.04586970433592796,142.87884521484375
1.4699212312698364,600.9291381835938,1.657862663269043,209.3863067626953
1.828503966331482,56.039371490478516,1.2740581035614014,175.69192504882812
1.1113386154174805,199.14173889160156,0.9482873678207397,350.0478210449219
1.2828346490859985,353.251953125,1.6377476453781128,658.14599609375
1.9844094514846802,160.61416625976562,1.5786569118499756,341.51043701171875
0.5344882011413574,6.503936767578125,0.5044686794281006,-25.866714477539062
1.8752756118774414,12.00787353515625,1.1084191799163818,103.89022827148438
1.5634645223617554,105.5748062133789,1.5246572494506836,206.0572052001953
1.828503966331482,336.7401428222656,1.4326379299163818,655.8988647460938
1.3607873916625977,116.58268737792969,1.4303982257843018,309.69464111328125
1.5790550708770752,232.16537475585938,1.6199901103973389,368.97027587890625
0.36299213767051697,556.8976440429688,0.7029432058334351,476.44598388671875
0.752755880355835,144.10235595703125,0.8358774185180664,312.4352722167969
1.2984251976013184,413.7952880859375,1.6346591711044312,475.1316833496094
1.2048819065093994,45.031494140625,1.0061945915222168,-2.649564266204834
0.8930708765983582,149.60629272460938,0.505430281162262,398.7430114746094
0.3006299138069153,144.10235595703125,0.3606715798377991,204.74415588378906
0.3785826861858368,248.6771697998047,0.7879515886306763,284.9880676269531
1.5478739738464355,518.3700561523438,1.33681058883667,540.4557495117188
0.9398425221443176,518.3700561523438,1.1278685331344604,606.5816650390625
0.7995275855064392,413.7952880859375,0.9410775899887085,335.5133361816406
1.4543306827545166,89.06298828125,1.478733777999878,91.73403930664062
0.7683464288711548,133.094482421875,0.6760240793228149,259.22283935546875
0.5500787496566772,518.3700561523438,1.1282302141189575,488.0811462402344
0.48771652579307556,100.07086944580078,0.5908321738243103,184.56031799316406
0.5968503952026367,452.32281494140625,1.3735499382019043,509.76959228515625
0.22267717123031616,122.08661651611328,0.3919975459575653,80.42853546142578
1.7037795782089233,408.2913513183594,1.7599937915802002,394.8892822265625
0.6436220407485962,364.2598876953125,0.9064539670944214,265.87109375
0.34740158915519714,254.1811065673828,0.01098377350717783,327.9309387207031
1.6725984811782837,270.6929016113281,1.6063719987869263,439.6467590332031
1.7505512237548828,303.7165222167969,1.3225167989730835,368.67559814453125
0.752755880355835,661.472412109375,0.831812858581543,621.3064575195312
0.9242519736289978,694.4960327148438,1.0098553895950317,667.0181274414062
0.05118110775947571,292.7086486816406,0.5096060037612915,168.81341552734375
1.0333858728408813,545.8897705078125,1.3972482681274414,558.1903076171875
1.5478739738464355,199.14173889160156,1.434237003326416,501.91241455078125
1.9220472574234009,501.8582763671875,1.5642430782318115,537.52783203125
0.8618897795677185,17.511810302734375,1.0494933128356934,-11.570253372192383
0.8618897795677185,639.4566650390625,1.686232328414917,426.2618408203125
0.5812598466873169,672.4802856445312,0.8020152449607849,277.9983825683594
0.7839370369911194,50.53543472290039,0.4680943191051483,107.89335632324219
0.42535433173179626,50.53543472290039,0.6348289251327515,-61.24535369873047
1.812913417816162,166.11810302734375,1.422621488571167,126.88113403320312
0.8618897795677185,204.6456756591797,0.7120559215545654,418.3821105957031
0.8774803280830383,683.4881591796875,1.3921935558319092,613.6889038085938
1.2048819065093994,375.26776123046875,0.8045861721038818,365.4515380859375
0.9710236191749573,353.251953125,1.1746522188186646,207.7611846923828
1.594645619392395,611.93701171875,0.8967869877815247,540.2808227539062
1.8908661603927612,661.472412109375,1.2617673873901367,549.5919799804688
1.1113386154174805,270.6929016113281,1.1354433298110962,300.7460021972656
0.659212589263916,166.11810302734375,0.577632486820221,240.2510528564453
0.5033071041107178,556.8976440429688,0.5101725459098816,399.8242492675781
1.501102328300476,666.9763793945312,1.4798005819320679,521.928466796875
0.5812598466873169,325.7322692871094,0.6646619439125061,269.90679931640625
1.2984251976013184,325.7322692871094,1.4128144979476929,456.3757019042969
1.15811026096344,413.7952880859375,1.6549774408340454,303.1697082519531
1.423149585723877,232.16537475585938,1.1462385654449463,468.7952880859375
1.1425197124481201,600.9291381835938,1.4622185230255127,542.7603759765625
1.9688189029693604,160.61416625976562,1.1723415851593018,400.55169677734375
0.5656692981719971,72.55117797851562,0.5798242092132568,6.860659599304199
0.8307086825370789,276.19683837890625,0.7017108798027039,421.2962951660156
0.5188976526260376,331.2362060546875,0.8590110540390015,237.58816528320312
0.9710236191749573,248.6771697998047,0.48125892877578735,288.1480407714844
1.8596850633621216,446.8188781738281,1.1919711828231812,531.9370727539062
1.3140157461166382,23.0157470703125,1.3323702812194824,70.8779525756836
0.34740158915519714,463.33074951171875,0.8359079360961914,397.1346740722656
1.3451968431472778,677.9842529296875,1.09573233127594,459.0522155761719
0.05118110775947571,331.2362060546875,0.3989086151123047,163.48880004882812
0.19149605929851532,105.5748062133789,0.24979683756828308,74.1656265258789
1.6102361679077148,573.409423828125,1.6053130626678467,675.051513671875
0.5656692981719971,545.8897705078125,0.8930330872535706,417.9701232910156
1.7817323207855225,28.519685745239258,1.2050532102584839,179.4696044921875
0.815118134021759,61.54330825805664,0.4737914204597473,207.47628784179688
0.752755880355835,61.54330825805664,0.7826569676399231,112.56587219238281
0.3006299138069153,210.1496124267578,0.5769757628440857,116.59034729003906
1.828503966331482,160.61416625976562,1.1199135780334473,236.45272827148438
1.7193701267242432,61.54330825805664,1.0257147550582886,175.67584228515625
1.15811026096344,386.2756042480469,1.3238005638122559,491.8205871582031
1.5478739738464355,529.3779296875,0.8417302966117859,616.6141357421875
1.734960675239563,369.7638244628906,1.75344979763031,393.78277587890625
1.1737008094787598,358.7558898925781,0.7678542137145996,450.446533203125
1.5478739738464355,512.8661499023438,1.284021258354187,446.569091796875
1.594645619392395,523.8740234375,1.59055495262146,580.3844604492188
0.5188976526260376,144.10235595703125,0.3274284601211548,275.8583984375
1.9376378059387207,584.4172973632812,1.34184992313385,567.0635375976562
0.40976378321647644,628.4487915039062,1.1753125190734863,326.5534362792969
1.4699212312698364,259.6850280761719,1.7465003728866577,438.2326354980469
1.064566969871521,204.6456756591797,0.961617648601532,188.06446838378906
1.8596850633621216,331.2362060546875,1.3506443500518799,528.2649536132812
0.34740158915519714,133.094482421875,0.25957584381103516,214.29669189453125
0.19149605929851532,523.8740234375,1.1076184511184692,211.90480041503906
1.9220472574234009,540.3858032226562,1.105838418006897,424.0385437011719
0.40976378321647644,83.55905151367188,0.317539244890213,182.05352783203125
2.0,457.8267517089844,1.5524539947509766,430.12738037109375
1.0333858728408813,419.2992248535156,1.0280895233154297,522.3522338867188
0.7995275855064392,204.6456756591797,0.8625349998474121,286.5128479003906
1.906456708908081,551.3936767578125,1.3008123636245728,580.3469848632812
0.9242519736289978,166.11810302734375,0.863208532333374,288.1589660644531
1.8908661603927612,644.9606323242188,1.6151139736175537,411.5298156738281
1.501102328300476,276.19683837890625,1.198918342590332,523.9915771484375
1.15811026096344,243.17323303222656,0.9661731123924255,371.88958740234375
0.47212597727775574,56.039371490478516,0.45624226331710815,84.39449310302734
1.6570079326629639,281.7007751464844,1.629826307296753,371.28741455078125
0.8774803280830383,386.2756042480469,1.233378529548645,511.2128601074219
1.236063003540039,254.1811065673828,1.4645668268203735,416.39013671875
1.4387401342391968,655.968505859375,1.2411370277404785,335.9419860839844
0.9242519736289978,72.55117797851562,1.15308678150177,62.71177291870117
1.5634645223617554,391.779541015625,1.3937393426895142,345.6533203125
0.908661425113678,254.1811065673828,1.0347148180007935,280.912353515625
0.16031496226787567,688.9921264648438,1.1995363235473633,392.59716796875
1.7193701267242432,529.3779296875,1.5029094219207764,507.8426513671875
0.7683464288711548,688.9921264648438,1.1687912940979004,469.7884826660156
1.828503966331482,325.7322692871094,0.8690699934959412,410.3046569824219
0.9242519736289978,551.3936767578125,1.3115404844284058,362.3085632324219
0.815118134021759,100.07086944580078,1.0564403533935547,83.20331573486328
0.7059842348098755,199.14173889160156,0.6951909065246582,218.1018829345703
0.6280314922332764,72.55117797851562,0.6472331881523132,47.91569900512695
0.8930708765983582,677.9842529296875,0.9380339980125427,329.04290771484375
0.815118134021759,237.66929626464844,0.8085838556289673,279.8286437988281
0.08236220479011536,578.9133911132812,0.5113092660903931,281.2022399902344
0.12913386523723602,628.4487915039062,0.13193818926811218,427.0490417480469
0.5500787496566772,617.44091796875,1.3619894981384277,473.7147216796875
0.20708660781383514,28.519685745239258,0.351357102394104,47.45791244506836
0.6436220407485962,204.6456756591797,0.7208244800567627,295.4313049316406
1.1269291639328003,28.519685745239258,1.1729300022125244,6.356991767883301
0.113543301820755,556.8976440429688,0.7801870703697205,239.1077423095703
0.9554330706596375,534.8818969726562,1.6680667400360107,414.78643798828125
0.5188976526260376,512.8661499023438,0.9276720285415649,291.2543640136719
0.5500787496566772,210.1496124267578,0.3297571539878845,267.0993957519531
1.4699212312698364,353.251953125,1.089096188545227,427.31414794921875
1.1737008094787598,397.2834777832031,1.6739647388458252,305.3603820800781
0.8307086825370789,122.08661651611328,1.2783907651901245,21.88090705871582
1.906456708908081,144.10235595703125,1.692880392074585,426.498291015625
0.09795275330543518,452.32281494140625,0.7228267788887024,427.3800964355469
0.9866141676902771,133.094482421875,0.9126005172729492,208.06570434570312
1.423149585723877,204.6456756591797,1.2498676776885986,319.0081787109375
0.5188976526260376,562.4015502929688,1.116020917892456,431.75701904296875
1.8752756118774414,468.8346862792969,1.3114243745803833,394.6357116699219
1.7817323207855225,551.3936767578125,1.427101731300354,571.6383666992188
1.3763779401779175,589.9212646484375,0.9313928484916687,576.3894653320312
1.6102361679077148,320.22833251953125,1.830129861831665,373.5213623046875
1.423149585723877,61.54330825805664,1.3721576929092407,312.4058532714844
1.2984251976013184,111.07874298095703,1.4045912027359009,18.59791374206543
1.236063003540039,683.4881591796875,1.2236384153366089,551.7723388671875
0.6748031377792358,507.3622131347656,1.1168311834335327,329.1181945800781
0.42535433173179626,562.4015502929688,1.0855079889297485,357.73193359375
0.113543301820755,595.4251708984375,0.977191150188446,421.7868347167969
0.47212597727775574,336.7401428222656,0.9280560612678528,274.49273681640625
1.812913417816162,655.968505859375,0.9415321350097656,385.5507507324219
0.4565354287624359,424.80316162109375,0.9833605289459229,313.6884460449219
0.06677165627479553,347.7480163574219,0.3772512674331665,297.3630676269531
0.3006299138069153,133.094482421875,0.3091183006763458,243.30459594726562
0.26944881677627563,221.15748596191406,0.3244788944721222,281.8917236328125
1.1113386154174805,419.2992248535156,1.393029808998108,335.99652099609375
1.4855117797851562,529.3779296875,1.0928266048431396,462.0436706542969
1.0489764213562012,254.1811065673828,0.7569750547409058,244.05653381347656
1.423149585723877,127.5905532836914,0.6360708475112915,253.07586669921875
0.5033071041107178,507.3622131347656,1.1018462181091309,494.50665283203125
0.6748031377792358,380.77166748046875,1.076789140701294,446.3177490234375
0.8618897795677185,589.9212646484375,1.4442086219787598,408.18365478515625
0.5344882011413574,468.8346862792969,0.8265590667724609,597.9324340820312
0.238267719745636,325.7322692871094,0.03342917934060097,348.4591979980469
0.26944881677627563,540.3858032226562,0.34544169902801514,440.5506896972656
0.5812598466873169,138.59841918945312,0.6358047723770142,157.17623901367188
1.6570079326629639,210.1496124267578,1.356511116027832,374.1548156738281
0.7683464288711548,61.54330825805664,1.259942650794983,60.365779876708984
1.2204724550247192,204.6456756591797,0.9666767120361328,333.6792297363281
1.7661417722702026,232.16537475585938,1.564874529838562,447.7757263183594
0.9398425221443176,413.7952880859375,0.8406652808189392,538.1887817382812
1.734960675239563,375.26776123046875,0.9424089789390564,519.3599853515625
0.2538582682609558,78.05511474609375,0.2520349621772766,141.05389404296875
1.3919684886932373,358.7558898925781,0.43585482239723206,504.04412841796875
1.9532283544540405,529.3779296875,1.5103107690811157,377.884765625
0.5188976526260376,254.1811065673828,0.21792025864124298,238.88934326171875
1.734960675239563,452.32281494140625,1.0259426832199097,437.8046569824219
0.238267719745636,232.16537475585938,0.3082365095615387,307.7292785644531
1.0957480669021606,430.3070983886719,1.1985617876052856,398.8646240234375
1.2048819065093994,155.1102294921875,1.2339452505111694,126.92037963867188
1.6725984811782837,226.66140747070312,1.387199878692627,219.77049255371094
1.4543306827545166,100.07086944580078,0.798556923866272,283.87078857421875
0.3941732347011566,468.8346862792969,1.327205777168274,337.3940124511719
0.7995275855064392,199.14173889160156,1.185739517211914,167.0967559814453
0.34740158915519714,281.7007751464844,0.12665340304374695,363.305908203125
0.7215747833251953,199.14173889160156,0.7928051948547363,337.3209228515625
1.3763779401779175,56.039371490478516,0.9678594470024109,222.8562774658203
0.19149605929851532,474.3385925292969,0.8874230980873108,450.8165283203125
1.4075590372085571,666.9763793945312,1.502429485321045,566.79638671875
1.6881890296936035,133.094482421875,1.3185187578201294,253.17820739746094
1.906456708908081,386.2756042480469,1.312479853630066,458.3342590332031
1.3607873916625977,34.02362060546875,1.3918265104293823,118.61844635009766
1.501102328300476,12.00787353515625,1.2658507823944092,-7.816749572753906
1.3451968431472778,584.4172973632812,1.75493586063385,464.490234375
0.908661425113678,83.55905151367188,0.5424098968505859,195.1540069580078
0.8930708765983582,122.08661651611328,1.091732144355774,311.7739562988281
1.2984251976013184,463.33074951171875,1.6358484029769897,356.53094482421875
1.9688189029693604,644.9606323242188,1.3199526071548462,398.2040710449219
0.7059842348098755,265.18896484375,0.8248952627182007,307.224853515625
1.0333858728408813,325.7322692871094,1.7675395011901855,211.1263885498047
0.8930708765983582,700.0,1.1209622621536255,505.63299560546875
1.15811026096344,490.85040283203125,1.3588428497314453,380.3028869628906
1.4387401342391968,12.00787353515625,1.3828548192977905,102.78942108154297
1.1892913579940796,171.62203979492188,1.0759434700012207,339.6869812011719
1.906456708908081,12.00787353515625,0.9134249091148376,102.89390563964844
0.05118110775947571,281.7007751464844,0.5995482206344604,189.49063110351562
1.064566969871521,34.02362060546875,1.2401963472366333,-39.97929382324219
0.238267719745636,320.22833251953125,0.4051581025123596,286.58013916015625
1.1269291639328003,694.4960327148438,1.5850192308425903,484.82781982421875
1.6725984811782837,100.07086944580078,1.8036928176879883,69.56188201904297
0.19149605929851532,254.1811065673828,0.5701767802238464,224.84384155273438
0.8618897795677185,485.3464660644531,1.7772191762924194,400.8642272949219
1.9688189029693604,562.4015502929688,1.6592702865600586,490.2530822753906
0.908661425113678,265.18896484375,1.03093683719635,250.7806854248047
0.7215747833251953,138.59841918945312,0.400648295879364,138.12782287597656
0.42535433173179626,342.24407958984375,1.2245006561279297,291.1397399902344
0.019999999552965164,138.59841918945312,0.3678734600543976,247.09222412109375
0.7995275855064392,23.0157470703125,0.83174067735672,11.92802906036377
0.16031496226787567,188.13388061523438,0.2648763358592987,216.80458068847656
1.6258267164230347,314.7243957519531,1.4123103618621826,540.703857421875
1.7817323207855225,556.8976440429688,1.6675100326538086,570.2325439453125
2.0,507.3622131347656,1.2914470434188843,351.66900634765625
1.5478739738464355,485.3464660644531,1.068302869796753,461.94049072265625
1.2204724550247192,446.8188781738281,1.2900736331939697,415.4148864746094
0.5656692981719971,628.4487915039062,1.282654881477356,399.1739196777344
1.6258267164230347,116.58268737792969,0.6911166906356812,364.0824890136719
0.7683464288711548,105.5748062133789,0.5048739910125732,86.86846160888672
0.5812598466873169,105.5748062133789,0.7561425566673279,114.01342010498047
1.2672441005706787,347.7480163574219,1.4326244592666626,238.36790466308594
0.6903936862945557,628.4487915039062,0.7189282774925232,536.8706665039062
1.5322834253311157,545.8897705078125,1.799552083015442,500.55999755859375
1.7037795782089233,243.17323303222656,1.3216867446899414,440.9303283691406
0.6748031377792358,611.93701171875,0.8719316124916077,545.6470336914062
1.6570079326629639,122.08661651611328,0.830344557762146,447.847412109375
0.36299213767051697,518.3700561523438,0.9076566100120544,406.3219909667969
0.659212589263916,89.06298828125,0.4212338924407959,84.10791015625
0.7995275855064392,655.968505859375,1.3629902601242065,440.42626953125
1.2048819065093994,617.44091796875,0.6947820782661438,490.4481201171875
1.6102361679077148,364.2598876953125,0.893171489238739,460.9306335449219
0.019999999552965164,309.220458984375,0.3745978772640228,130.43601989746094
0.3785826861858368,672.4802856445312,1.262958288192749,443.4049377441406
0.752755880355835,56.039371490478516,0.8747764825820923,-40.92963790893555
0.6280314922332764,39.527557373046875,0.7640615701675415,-12.707745552062988
1.5790550708770752,111.07874298095703,1.2227933406829834,423.61285400390625
1.1425197124481201,166.11810302734375,0.9682000279426575,196.5283966064453
1.7037795782089233,578.9133911132812,1.776855230331421,395.84307861328125
1.2516535520553589,210.1496124267578,1.1116948127746582,476.64434814453125
0.33181101083755493,413.7952880859375,0.9861160516738892,262.260009765625
0.5188976526260376,369.7638244628906,0.3819713592529297,398.6240539550781
1.9532283544540405,501.8582763671875,1.601658582687378,426.0770263671875
1.4543306827545166,661.472412109375,1.297269344329834,630.7303466796875
0.7839370369911194,534.8818969726562,1.092368483543396,436.6062316894531
0.5968503952026367,243.17323303222656,1.0614224672317505,187.3153076171875
1.516692876815796,435.81103515625,1.7393314838409424,426.6553649902344
1.6414172649383545,589.9212646484375,1.3231538534164429,502.2044677734375
0.9710236191749573,221.15748596191406,1.0479159355163574,262.1318359375
1.5478739738464355,336.7401428222656,1.6040781736373901,346.7455749511719
0.9710236191749573,584.4172973632812,0.9626981019973755,573.004150390625
0.908661425113678,72.55117797851562,1.2449641227722168,69.31427001953125
1.0333858728408813,342.24407958984375,1.2087751626968384,455.6199951171875
1.2672441005706787,122.08661651611328,0.7960729002952576,271.2029113769531
1.1892913579940796,133.094482421875,1.2042534351348877,229.47889709472656
1.0333858728408813,105.5748062133789,0.848605215549469,78.74838256835938
0.6436220407485962,441.3149719238281,0.5691033601760864,429.38037109375
1.236063003540039,617.44091796875,0.8114902973175049,392.4819641113281
1.6102361679077148,215.65354919433594,1.1165398359298706,401.0295104980469
0.6903936862945557,452.32281494140625,0.9387446045875549,455.6001281738281
1.0333858728408813,512.8661499023438,1.203352689743042,505.8677062988281
1.8752756118774414,226.66140747070312,1.3565223217010498,229.7490234375
0.6903936862945557,265.18896484375,0.42997264862060547,355.9783020019531
0.7371653318405151,600.9291381835938,1.6239540576934814,433.3628234863281
1.0489764213562012,204.6456756591797,0.9525980949401855,270.9273986816406
0.8307086825370789,182.62994384765625,0.9957472681999207,228.7941131591797
0.6124409437179565,331.2362060546875,0.9006928205490112,378.04107666015625
0.238267719745636,369.7638244628906,0.6901610493659973,371.9572448730469
1.2048819065093994,237.66929626464844,1.1145788431167603,410.3193664550781
1.8752756118774414,28.519685745239258,1.7146037817001343,36.78230667114258
0.28503936529159546,276.19683837890625,0.8872014880180359,174.1273956298828
0.6436220407485962,226.66140747070312,0.6645630598068237,352.66229248046875
1.3763779401779175,270.6929016113281,1.3127316236495972,299.488037109375
1.15811026096344,28.519685745239258,1.3303815126419067,-1.9488208293914795
0.9398425221443176,67.0472412109375,0.6984380483627319,205.99501037597656
0.7839370369911194,281.7007751464844,1.160768985748291,329.9518127441406
0.9242519736289978,292.7086486816406,1.2419371604919434,213.91159057617188
1.4387401342391968,149.60629272460938,1.2545520067214966,194.4196319580078
1.9376378059387207,144.10235595703125,1.0061990022659302,238.76512145996094
0.7371653318405151,188.13388061523438,0.5864338278770447,184.01646423339844
1.5790550708770752,419.2992248535156,1.241803526878357,433.94097900390625
0.815118134021759,166.11810302734375,0.17479316890239716,309.3194885253906
1.1269291639328003,353.251953125,0.6584696173667908,445.4827880859375
1.2048819065093994,700.0,1.3238871097564697,585.4423828125
1.236063003540039,122.08661651611328,0.6661215424537659,289.8200988769531
1.7817323207855225,166.11810302734375,0.7436783313751221,402.38214111328125
1.1269291639328003,611.93701171875,1.6816856861114502,620.1729125976562
1.4387401342391968,215.65354919433594,1.0575542449951172,309.80487060546875
1.2204724550247192,303.7165222167969,0.8584803938865662,377.43505859375
0.40976378321647644,474.3385925292969,0.9799399971961975,445.6514892578125
1.8908661603927612,672.4802856445312,1.5156404972076416,526.0625
0.08236220479011536,188.13388061523438,0.19038774073123932,63.708213806152344
1.9688189029693604,320.22833251953125,1.404685378074646,404.94183349609375
0.34740158915519714,474.3385925292969,0.3725864291191101,308.36810302734375
0.752755880355835,529.3779296875,0.5646233558654785,410.8952941894531
1.8440945148468018,270.6929016113281,1.3658586740493774,294.1025695800781
1.4699212312698364,243.17323303222656,1.5293282270431519,69.47840881347656
0.815118134021759,452.32281494140625,0.9524340033531189,379.1118469238281
0.7683464288711548,683.4881591796875,1.2105461359024048,552.6932373046875
1.2828346490859985,243.17323303222656,1.1186091899871826,343.1020202636719
1.423149585723877,545.8897705078125,1.5575809478759766,455.8074645996094
0.815118134021759,116.58268737792969,0.8921093344688416,129.07330322265625
1.5478739738464355,12.00787353515625,1.5244660377502441,-5.032162189483643
0.5656692981719971,639.4566650390625,0.9274465441703796,469.2189636230469
0.113543301820755,694.4960327148438,0.6190701723098755,541.5010375976562
1.8440945148468018,534.8818969726562,1.0062192678451538,435.4325866699219
0.5968503952026367,430.3070983886719,0.8917614817619324,388.329345703125
1.2672441005706787,578.9133911132812,1.1269744634628296,463.4369812011719
1.15811026096344,457.8267517089844,1.0794830322265625,294.64080810546875
0.20708660781383514,419.2992248535156,0.602827787399292,318.51513671875
1.906456708908081,89.06298828125,0.8407694697380066,221.31195068359375
1.423149585723877,386.2756042480469,0.6989642381668091,283.8634948730469
0.34740158915519714,232.16537475585938,0.38493233919143677,368.0679626464844
0.6903936862945557,380.77166748046875,1.2494159936904907,531.4475708007812
1.501102328300476,496.3543395996094,1.5034762620925903,292.3443908691406
0.752755880355835,83.55905151367188,0.9143757224082947,112.90087127685547
1.9688189029693604,116.58268737792969,1.7217912673950195,123.63470458984375
1.501102328300476,72.55117797851562,0.6829531788825989,126.87273406982422
1.4075590372085571,611.93701171875,1.556386947631836,499.6646423339844
0.34740158915519714,589.9212646484375,1.060392141342163,447.987060546875
1.7973228693008423,265.18896484375,1.5322954654693604,474.0814208984375
0.3006299138069153,331.2362060546875,0.4373307526111603,293.71435546875
1.5634645223617554,127.5905532836914,1.0672425031661987,206.53512573242188
0.3785826861858368,6.503936767578125,0.44003716111183167,14.360074996948242
0.9866141676902771,545.8897705078125,1.1110889911651611,286.7064514160156
1.828503966331482,556.8976440429688,1.3841278553009033,490.9894714355469
1.812913417816162,325.7322692871094,1.1664236783981323,570.9749755859375
1.501102328300476,633.9527587890625,1.1034444570541382,576.230712890625
1.6881890296936035,655.968505859375,1.1530680656433105,555.3463745117188
0.08236220479011536,34.02362060546875,-0.23722527921199799,32.99254608154297
1.0022047758102417,386.2756042480469,1.0785446166992188,375.8034973144531
0.5968503952026367,666.9763793945312,1.3068560361862183,315.18798828125
0.05118110775947571,683.4881591796875,0.9525508880615234,529.2660522460938
1.594645619392395,435.81103515625,1.4945391416549683,553.4951782226562
1.2828346490859985,424.80316162109375,1.3725849390029907,550.3117065429688
1.5790550708770752,391.779541015625,1.3419909477233887,353.8363342285156
1.8908661603927612,490.85040283203125,1.6404638290405273,633.6668090820312
1.329606294631958,287.2047119140625,1.6992546319961548,547.7885131835938
0.5344882011413574,314.7243957519531,1.739409327507019,474.37847900390625
0.06677165627479553,166.11810302734375,0.05739211663603783,128.42103576660156
1.0801575183868408,485.3464660644531,0.7859984040260315,355.7532043457031
0.6748031377792358,556.8976440429688,0.7802796959877014,247.18663024902344
1.2828346490859985,435.81103515625,1.4100350141525269,390.62689208984375
0.2538582682609558,490.85040283203125,0.7605406045913696,389.2364501953125
1.1892913579940796,292.7086486816406,0.9985738396644592,425.6391296386719
1.017795443534851,628.4487915039062,1.0684051513671875,558.6127319335938
0.6280314922332764,600.9291381835938,0.7301467657089233,508.99542236328125
1.236063003540039,83.55905151367188,0.9500623345375061,149.73760986328125
0.3006299138069153,166.11810302734375,0.6265173554420471,159.49598693847656
0.7839370369911194,496.3543395996094,1.0135564804077148,389.1622009277344
1.9688189029693604,567.905517578125,1.2580821514129639,546.4026489257812
1.734960675239563,188.13388061523438,1.5146414041519165,393.1102294921875
1.064566969871521,287.2047119140625,1.528617262840271,398.29046630859375
1.6414172649383545,182.62994384765625,1.4852112531661987,489.9346008300781
0.19149605929851532,281.7007751464844,0.25363394618034363,228.16018676757812
0.3941732347011566,309.220458984375,1.106542944908142,209.84326171875
0.5344882011413574,210.1496124267578,0.6497330069541931,127.00008392333984
1.5322834253311157,578.9133911132812,1.1151316165924072,613.1586303710938
1.7973228693008423,248.6771697998047,1.196842908859253,513.0855712890625
0.20708660781383514,402.78741455078125,0.7062892913818359,199.24392700195312
0.5656692981719971,83.55905151367188,0.33729875087738037,149.09927368164062
0.5344882011413574,226.66140747070312,0.9069429636001587,288.4781799316406
1.6725984811782837,78.05511474609375,1.2739149332046509,192.0679168701172
1.0801575183868408,694.4960327148438,0.8725469708442688,446.4680480957031
0.4409448802471161,199.14173889160156,0.5279394388198853,263.7306213378906
1.4075590372085571,540.3858032226562,1.5909472703933716,543.100830078125
0.3785826861858368,661.472412109375,0.7261388897895813,456.2608642578125
0.5033071041107178,325.7322692871094,0.7703778743743896,391.4921569824219
1.4387401342391968,347.7480163574219,0.9250175356864929,389.05328369140625
1.8596850633621216,105.5748062133789,1.2473180294036865,296.065185546875
0.7683464288711548,595.4251708984375,1.6102200746536255,271.67059326171875
0.659212589263916,67.0472412109375,0.6660166382789612,42.70414733886719
0.14472442865371704,177.1259765625,0.29392847418785095,220.41470336914062
1.7037795782089233,611.93701171875,1.2615848779678345,585.3551635742188
0.5812598466873169,292.7086486816406,0.0695762112736702,318.981689453125
1.6570079326629639,342.24407958984375,1.2192984819412231,493.6849060058594
0.6124409437179565,578.9133911132812,0.8306330442428589,557.7701416015625
0.8930708765983582,452.32281494140625,1.2747175693511963,504.3506774902344
1.906456708908081,188.13388061523438,1.356872797012329,441.55194091796875
1.7505512237548828,39.527557373046875,1.3797996044158936,172.87518310546875
1.1425197124481201,45.031494140625,0.6693813800811768,167.6859588623047
0.7995275855064392,72.55117797851562,1.6214944124221802,134.26100158691406
0.3006299138069153,518.3700561523438,0.724380373954773,369.6322326660156
0.7683464288711548,149.60629272460938,0.359613835811615,440.1141662597656
1.4543306827545166,149.60629272460938,1.219023585319519,204.17718505859375
1.7505512237548828,133.094482421875,1.6689213514328003,334.7718811035156
1.3140157461166382,529.3779296875,1.1623876094818115,455.9930114746094
1.2204724550247192,358.7558898925781,1.1841658353805542,315.0120544433594
2.0,56.039371490478516,0.8510477542877197,248.37106323242188
0.9398425221443176,292.7086486816406,1.3989014625549316,423.2963562011719
1.8596850633621216,237.66929626464844,0.9463533759117126,559.7639770507812
0.7059842348098755,457.8267517089844,1.2734471559524536,537.634765625
0.5812598466873169,518.3700561523438,0.6886528134346008,449.73779296875
0.6903936862945557,485.3464660644531,0.8385235071182251,562.4158935546875
1.6414172649383545,237.66929626464844,1.3418422937393188,342.1728210449219
0.5344882011413574,512.8661499023438,0.9917075037956238,551.907470703125
0.019999999552965164,424.80316162109375,0.6512541174888611,308.7950134277344
0.26944881677627563,672.4802856445312,0.7871593832969666,498.26025390625
0.3162204623222351,127.5905532836914,0.17968495190143585,209.38087463378906
0.14472442865371704,160.61416625976562,0.2651849389076233,192.0905303955078
1.7973228693008423,149.60629272460938,1.5358952283859253,389.3101806640625
0.659212589263916,342.24407958984375,1.3352718353271484,427.02911376953125
1.2828346490859985,545.8897705078125,1.736581802368164,570.2598876953125
0.28503936529159546,72.55117797851562,0.4962426424026489,112.61154174804688
0.752755880355835,584.4172973632812,0.952594518661499,486.78387451171875
0.8930708765983582,50.53543472290039,0.961872398853302,-6.4473347663879395
0.9398425221443176,215.65354919433594,0.859434187412262,239.44972229003906
0.4409448802471161,562.4015502929688,1.5348166227340698,496.0983581542969
0.4565354287624359,320.22833251953125,1.1465256214141846,488.3450012207031
0.40976378321647644,111.07874298095703,0.285602331161499,115.48897552490234
1.2984251976013184,490.85040283203125,1.0690419673919678,503.41717529296875
1.7661417722702026,182.62994384765625,1.1389827728271484,242.48641967773438
0.5656692981719971,50.53543472290039,0.9387001395225525,18.2531795501709
1.516692876815796,534.8818969726562,1.8784111738204956,504.47796630859375
1.4387401342391968,358.7558898925781,1.3489267826080322,600.7681274414062
0.9554330706596375,435.81103515625,1.4383772611618042,561.8609008789062
1.7505512237548828,237.66929626464844,1.7629402875900269,279.4698486328125
0.019999999552965164,325.7322692871094,0.39248186349868774,350.18695068359375
1.2672441005706787,688.9921264648438,1.3882007598876953,610.0311279296875
1.9220472574234009,67.0472412109375,1.4342293739318848,100.68912506103516
0.3785826861858368,342.24407958984375,0.42207056283950806,322.68060302734375
1.3607873916625977,254.1811065673828,1.186172366142273,362.5404052734375
0.238267719745636,292.7086486816406,1.046345591545105,144.197021484375
1.7505512237548828,23.0157470703125,1.5421748161315918,169.85215759277344
1.5634645223617554,221.15748596191406,0.7086043357849121,394.6131896972656
1.5634645223617554,320.22833251953125,1.3537107706069946,332.6181640625
0.42535433173179626,309.220458984375,0.9115278720855713,281.0080261230469
1.8596850633621216,556.8976440429688,1.478249192237854,426.2836608886719
0.5656692981719971,463.33074951171875,1.3214768171310425,502.11566162109375
1.9688189029693604,210.1496124267578,0.9084540009498596,495.91546630859375
1.4543306827545166,292.7086486816406,1.1211036443710327,445.3968811035156
0.5500787496566772,479.842529296875,0.8678793907165527,426.176025390625
1.4699212312698364,529.3779296875,0.8684062361717224,488.4599609375
1.4855117797851562,512.8661499023438,1.6750892400741577,375.34796142578125
0.42535433173179626,215.65354919433594,0.28284212946891785,235.17626953125
1.5322834253311157,441.3149719238281,1.324025273323059,402.6889343261719
0.19149605929851532,116.58268737792969,0.017404133453965187,173.7905731201172
1.4075590372085571,661.472412109375,1.6893616914749146,578.7650756835938
0.815118134021759,413.7952880859375,1.0864073038101196,517.6568603515625
0.908661425113678,639.4566650390625,0.8439900875091553,557.1356201171875
0.08236220479011536,644.9606323242188,0.6321436762809753,375.7150573730469
0.659212589263916,551.3936767578125,1.1235125064849854,279.2132568359375
1.064566969871521,666.9763793945312,1.2234073877334595,648.9392700195312
0.8618897795677185,50.53543472290039,0.976669430732727,12.860011100769043
1.6258267164230347,17.511810302734375,1.3053016662597656,115.65499114990234
1.7817323207855225,221.15748596191406,1.1471474170684814,248.14495849609375
0.16031496226787567,204.6456756591797,0.2591066360473633,231.1656036376953
0.20708660781383514,700.0,0.9243099689483643,369.338623046875
1.3607873916625977,39.527557373046875,1.1925653219223022,203.0912322998047
1.7505512237548828,188.13388061523438,1.2547831535339355,561.0787963867188
1.4543306827545166,138.59841918945312,1.1052958965301514,380.2518310546875
1.906456708908081,314.7243957519531,1.4332282543182373,354.9501037597656
0.9398425221443176,204.6456756591797,0.9804213643074036,245.5142364501953
0.7995275855064392,226.66140747070312,0.8375478386878967,344.618408203125
0.815118134021759,358.7558898925781,0.8751326203346252,451.38702392578125
1.2828346490859985,523.8740234375,1.1086359024047852,437.9461975097656
0.47212597727775574,402.78741455078125,0.7088411450386047,367.7735900878906
1.6414172649383545,116.58268737792969,0.9859164953231812,386.59100341796875
1.1269291639328003,127.5905532836914,0.863621175289154,161.95489501953125
0.3941732347011566,182.62994384765625,0.2746465504169464,312.5773010253906
1.828503966331482,193.63780212402344,1.252672791481018,470.1952819824219
1.1737008094787598,34.02362060546875,1.4595541954040527,-10.098068237304688
0.5968503952026367,210.1496124267578,0.4676288664340973,215.55667114257812
0.8307086825370789,199.14173889160156,0.7417206168174744,177.2053680419922
1.7037795782089233,628.4487915039062,1.2468316555023193,511.63995361328125
0.4565354287624359,155.1102294921875,0.39136946201324463,383.16156005859375
0.8307086825370789,397.2834777832031,1.2597498893737793,461.8631286621094
0.5188976526260376,611.93701171875,0.5980790853500366,410.6820983886719
0.4409448802471161,589.9212646484375,0.5304149389266968,412.3875427246094
1.4543306827545166,353.251953125,1.485905408859253,257.3644104003906
1.017795443534851,325.7322692871094,1.2620229721069336,372.568359375
0.8307086825370789,23.0157470703125,1.2697237730026245,104.21461486816406
1.906456708908081,199.14173889160156,1.659286379814148,300.19989013671875
0.9710236191749573,12.00787353515625,1.4025044441223145,-7.779903411865234
1.4699212312698364,303.7165222167969,1.6068743467330933,409.4713439941406
1.3763779401779175,177.1259765625,1.6582258939743042,195.07431030273438
0.8618897795677185,100.07086944580078,0.5699636340141296,102.50062561035156
1.4387401342391968,83.55905151367188,1.0506784915924072,167.73605346679688
0.113543301820755,320.22833251953125,-0.004565475508570671,335.114990234375
1.5790550708770752,595.4251708984375,1.2767291069030762,635.95556640625
1.9220472574234009,672.4802856445312,1.5300174951553345,456.1621398925781
1.9688189029693604,1.0,1.5190389156341553,75.48760986328125
1.15811026096344,380.77166748046875,1.2828401327133179,315.2522277832031
0.5500787496566772,17.511810302734375,0.7395560145378113,-28.794498443603516
1.4855117797851562,111.07874298095703,1.3572025299072266,233.1161346435547
0.06677165627479553,413.7952880859375,0.429284930229187,345.5682067871094
1.906456708908081,567.905517578125,1.7775899171829224,409.368408203125
0.28503936529159546,45.031494140625,-0.1821151226758957,110.948974609375
1.3763779401779175,479.842529296875,0.8232225179672241,524.8656005859375
0.09795275330543518,534.8818969726562,0.725766122341156,373.06085205078125
0.908661425113678,111.07874298095703,1.243902564048767,-20.3559627532959
1.4543306827545166,518.3700561523438,1.538090705871582,310.7943420410156
1.0489764213562012,650.4645385742188,1.1697574853897095,537.8618774414062
1.734960675239563,12.00787353515625,1.9949644804000854,30.737215042114258
0.2538582682609558,1.0,0.3025299608707428,-5.24783182144165
0.05118110775947571,127.5905532836914,0.39414432644844055,75.26893615722656
1.7973228693008423,331.2362060546875,0.9917505383491516,608.4171142578125
0.019999999552965164,155.1102294921875,0.3690922260284424,129.37826538085938
0.6124409437179565,111.07874298095703,1.1441726684570312,70.66329193115234
0.08236220479011536,215.65354919433594,-0.4403209984302521,282.4716491699219
0.7215747833251953,1.0,0.25026607513427734,-10.892263412475586
0.3162204623222351,402.78741455078125,0.7305277585983276,321.54241943359375
1.5790550708770752,237.66929626464844,1.2908872365951538,258.94219970703125
0.48771652579307556,303.7165222167969,0.8792590498924255,629.0487670898438
1.236063003540039,490.85040283203125,1.152671217918396,473.53582763671875
1.3451968431472778,100.07086944580078,1.176452875137329,194.33282470703125
1.0957480669021606,111.07874298095703,0.7877020239830017,258.80072021484375
1.0957480669021606,336.7401428222656,1.313498616218567,361.7933044433594
1.6258267164230347,534.8818969726562,1.1998565196990967,492.0694885253906
1.15811026096344,182.62994384765625,0.8613622188568115,242.45188903808594
0.7371653318405151,155.1102294921875,0.755511462688446,153.77407836914062
0.659212589263916,545.8897705078125,1.157649278640747,467.34832763671875
1.0957480669021606,232.16537475585938,0.8335912227630615,289.3313293457031
1.4543306827545166,45.031494140625,0.9962877631187439,191.48355102539062
0.9398425221443176,694.4960327148438,1.7835512161254883,483.9483337402344
0.3162204623222351,243.17323303222656,0.4067099690437317,230.9510955810547
1.4387401342391968,105.5748062133789,1.0886545181274414,167.86964416503906
1.0957480669021606,182.62994384765625,1.0513075590133667,182.43887329101562
0.06677165627479553,292.7086486816406,0.8618521094322205,349.0703125
1.1113386154174805,34.02362060546875,1.0479170083999634,110.33565521240234
1.017795443534851,677.9842529296875,0.9736617803573608,484.0169982910156
1.3763779401779175,512.8661499023438,1.101633071899414,482.81640625
1.7973228693008423,611.93701171875,0.8873454332351685,552.7723388671875
1.5790550708770752,314.7243957519531,1.2720088958740234,427.712158203125
0.5968503952026367,254.1811065673828,0.8192938566207886,295.52020263671875
1.423149585723877,441.3149719238281,1.2768064737319946,386.7017822265625
0.6436220407485962,138.59841918945312,0.4371575117111206,304.3274841308594
1.8752756118774414,232.16537475585938,1.3316254615783691,424.88482666015625
0.28503936529159546,50.53543472290039,0.16497397422790527,-16.8976993560791
0.47212597727775574,155.1102294921875,0.5346354842185974,142.07687377929688
0.47212597727775574,573.409423828125,0.9137348532676697,469.7900085449219
0.8774803280830383,507.3622131347656,1.9458388090133667,491.8637390136719
1.4699212312698364,397.2834777832031,1.6138304471969604,593.1235961914062
0.14472442865371704,166.11810302734375,0.0670279711484909,132.8079833984375
0.5500787496566772,584.4172973632812,1.0187479257583618,476.8962097167969
0.3941732347011566,628.4487915039062,1.1268928050994873,556.5809936523438
0.5344882011413574,72.55117797851562,0.13106264173984528,246.25018310546875
0.34740158915519714,111.07874298095703,0.348116010427475,91.39542388916016
0.28503936529159546,303.7165222167969,-0.11317998170852661,362.4297180175781
1.3763779401779175,248.6771697998047,1.1618692874908447,306.4565124511719
1.3607873916625977,622.9448852539062,1.7543458938598633,538.5776977539062
0.03559055179357529,155.1102294921875,0.4801400303840637,116.4342269897461
0.8930708765983582,688.9921264648438,1.2705210447311401,607.70263671875
1.1113386154174805,435.81103515625,1.0564268827438354,302.6024475097656
1.7661417722702026,463.33074951171875,1.2986606359481812,683.2304077148438
1.4075590372085571,523.8740234375,1.1899504661560059,384.07391357421875
0.47212597727775574,694.4960327148438,1.3002300262451172,458.3623046875
1.4855117797851562,254.1811065673828,1.2100534439086914,251.9781036376953
1.828503966331482,672.4802856445312,1.5527390241622925,406.4261169433594
1.329606294631958,446.8188781738281,0.9473547339439392,368.36871337890625
0.16031496226787567,633.9527587890625,0.6613743305206299,467.80706787109375
1.9844094514846802,606.4330444335938,1.342038631439209,572.8582763671875
0.06677165627479553,144.10235595703125,0.11420448124408722,135.06781005859375
1.9376378059387207,292.7086486816406,1.4281212091445923,442.3683776855469
0.7059842348098755,100.07086944580078,0.7621569037437439,138.98399353027344
1.906456708908081,512.8661499023438,1.2224558591842651,548.1525268554688
1.3919684886932373,573.409423828125,1.5451490879058838,548.7073974609375
0.6280314922332764,320.22833251953125,1.2493972778320312,335.6283264160156
1.7973228693008423,655.968505859375,1.6499813795089722,440.9314880371094
1.734960675239563,226.66140747070312,1.4768941402435303,339.23541259765625
0.4565354287624359,127.5905532836914,0.4314689040184021,187.2137451171875
1.0022047758102417,380.77166748046875,1.046309471130371,337.7935791015625
0.8774803280830383,600.9291381835938,0.903565526008606,557.42822265625
1.6570079326629639,435.81103515625,1.202517032623291,368.51007080078125
0.3006299138069153,380.77166748046875,0.48811331391334534,384.70684814453125
0.14472442865371704,496.3543395996094,0.44448837637901306,464.1160888671875
0.28503936529159546,369.7638244628906,0.4927116930484772,340.6868591308594
0.5500787496566772,463.33074951171875,0.44167420268058777,439.7429504394531
1.9532283544540405,221.15748596191406,1.6059515476226807,306.3762512207031
0.1759055107831955,523.8740234375,0.6091285347938538,300.8315734863281
1.9376378059387207,430.3070983886719,1.986735463142395,525.4935302734375
1.5478739738464355,386.2756042480469,1.8315099477767944,362.13824462890625
0.908661425113678,380.77166748046875,1.4073529243469238,349.9205017089844
0.16031496226787567,353.251953125,0.7945444583892822,292.0620422363281
0.3785826861858368,700.0,1.095896601676941,395.3482971191406
0.9554330706596375,545.8897705078125,1.7454296350479126,423.7401428222656
1.1892913579940796,259.6850280761719,0.9155654907226562,334.5534362792969
1.0801575183868408,78.05511474609375,0.8157081007957458,156.1793975830078
1.017795443534851,595.4251708984375,1.081632375717163,578.9276733398438
1.064566969871521,298.21258544921875,0.5045554637908936,352.4197692871094
0.908661425113678,617.44091796875,1.58638334274292,567.3504638671875
0.8774803280830383,408.2913513183594,0.8351487517356873,192.53297424316406
1.9532283544540405,105.5748062133789,1.062340259552002,373.51458740234375
0.7995275855064392,435.81103515625,1.4569547176361084,419.0417785644531
0.3785826861858368,72.55117797851562,0.16219212114810944,114.29905700683594
1.3451968431472778,221.15748596191406,0.8862103819847107,343.20947265625
1.15811026096344,199.14173889160156,1.4748899936676025,168.71640014648438
1.3451968431472778,347.7480163574219,1.4040641784667969,422.76141357421875
0.48771652579307556,23.0157470703125,0.6611289381980896,-26.431133270263672
1.6102361679077148,435.81103515625,1.1164008378982544,397.2026062011719
1.7817323207855225,380.77166748046875,1.2939364910125732,379.22216796875
1.9376378059387207,633.9527587890625,1.580657720565796,540.3153076171875
0.7371653318405151,644.9606323242188,1.3190549612045288,415.7279357910156
1.0489764213562012,490.85040283203125,1.3477237224578857,543.247314453125
0.5033071041107178,364.2598876953125,0.8409258723258972,412.88201904296875
0.8930708765983582,28.519685745239258,1.1576942205429077,-60.43061447143555
0.3941732347011566,298.21258544921875,0.5988526344299316,218.648681640625
1.9532283544540405,600.9291381835938,1.9489614963531494,427.13812255859375
0.9866141676902771,138.59841918945312,1.1804523468017578,212.61630249023438
1.5790550708770752,457.8267517089844,1.4990851879119873,538.506103515625
1.0489764213562012,556.8976440429688,1.2711260318756104,427.96209716796875
0.2538582682609558,89.06298828125,0.3941900134086609,-24.629623413085938
0.9554330706596375,17.511810302734375,1.2161365747451782,9.516901969909668
0.6436220407485962,347.7480163574219,0.9565931558609009,402.2784423828125
1.15811026096344,523.8740234375,1.1547585725784302,539.007080078125
1.329606294631958,254.1811065673828,0.7055111527442932,414.7050476074219
0.5188976526260376,413.7952880859375,0.8223473429679871,459.12982177734375
1.1892913579940796,226.66140747070312,0.82745760679245,260.0125732421875
0.113543301820755,23.0157470703125,0.12386561930179596,70.61229705810547
0.33181101083755493,72.55117797851562,0.24159127473831177,147.30870056152344
0.7371653318405151,380.77166748046875,0.5681481957435608,409.0414733886719
0.12913386523723602,276.19683837890625,0.39721453189849854,275.41156005859375
1.9376378059387207,485.3464660644531,1.3908255100250244,420.1332092285156
1.0022047758102417,325.7322692871094,0.6748405694961548,407.16650390625
1.1892913579940796,606.4330444335938,1.3100730180740356,460.62493896484375
1.15811026096344,688.9921264648438,1.5300170183181763,303.13336181640625
1.7037795782089233,12.00787353515625,1.5108999013900757,30.351940155029297
1.6725984811782837,56.039371490478516,1.1898905038833618,161.30624389648438
1.017795443534851,281.7007751464844,1.1326918601989746,343.4516906738281
1.828503966331482,441.3149719238281,1.2075140476226807,449.6191101074219
1.329606294631958,232.16537475585938,1.2615246772766113,338.1709899902344
1.329606294631958,83.55905151367188,0.3131105601787567,295.62493896484375
1.7973228693008423,452.32281494140625,1.369696021080017,514.3965454101562
0.9710236191749573,83.55905151367188,0.8557778596878052,84.96630096435547
0.08236220479011536,375.26776123046875,0.5587136745452881,336.6711730957031
0.5344882011413574,303.7165222167969,0.716732919216156,301.7196044921875
0.40976378321647644,435.81103515625,0.8245651125907898,375.9534606933594
0.16031496226787567,199.14173889160156,0.38461601734161377,132.51007080078125
1.4855117797851562,430.3070983886719,1.0460399389266968,567.56298828125
0.5656692981719971,688.9921264648438,0.8296190500259399,432.8991394042969
0.9398425221443176,122.08661651611328,1.0119109153747559,221.4852294921875
0.42535433173179626,540.3858032226562,0.6500369906425476,605.6698608398438
1.1425197124481201,116.58268737792969,1.0998337268829346,81.3200912475586
1.828503966331482,50.53543472290039,1.4244301319122314,171.73779296875
0.3941732347011566,23.0157470703125,0.3125641644001007,-0.9828790426254272
1.064566969871521,375.26776123046875,1.1163935661315918,445.548095703125
0.7995275855064392,523.8740234375,0.9121256470680237,473.83575439453125
0.5500787496566772,397.2834777832031,0.5187574028968811,277.34918212890625
1.9688189029693604,276.19683837890625,0.9895600080490112,328.0764465332031
1.9376378059387207,655.968505859375,1.6682595014572144,473.8725891113281
0.3785826861858368,479.842529296875,0.4495254158973694,482.330078125
0.3941732347011566,28.519685745239258,0.4497068524360657,-7.565605163574219
1.0333858728408813,138.59841918945312,0.8860780596733093,93.3766860961914
1.2516535520553589,265.18896484375,1.5015677213668823,324.38323974609375
1.1892913579940796,441.3149719238281,0.8177231550216675,559.4118041992188
1.8752756118774414,567.905517578125,1.7257329225540161,559.1097412109375
0.6748031377792358,661.472412109375,0.792962908744812,477.30230712890625
1.594645619392395,171.62203979492188,1.1528091430664062,220.48971557617188
1.828503966331482,34.02362060546875,1.5442488193511963,28.894298553466797
0.36299213767051697,666.9763793945312,0.9163696765899658,401.2923583984375
0.06677165627479553,23.0157470703125,-0.1433108001947403,70.91336822509766
0.7215747833251953,155.1102294921875,0.611746609210968,135.64234924316406
0.42535433173179626,600.9291381835938,1.0284194946289062,403.5988464355469
1.3763779401779175,474.3385925292969,1.4961878061294556,406.3677978515625
1.9376378059387207,199.14173889160156,1.4914590120315552,372.5372314453125
1.3919684886932373,342.24407958984375,1.2796369791030884,393.0303039550781
1.2984251976013184,358.7558898925781,0.8980908989906311,350.1134948730469
1.516692876815796,281.7007751464844,1.0609838962554932,381.0557861328125
0.28503936529159546,518.3700561523438,0.9777732491493225,437.35894775390625
1.501102328300476,397.2834777832031,1.20108962059021,518.17724609375
0.26944881677627563,397.2834777832031,0.5012617707252502,399.89154052734375
1.0957480669021606,325.7322692871094,1.1430031061172485,369.4805908203125
1.2048819065093994,100.07086944580078,0.9492356777191162,228.45016479492188
1.0957480669021606,61.54330825805664,1.1752769947052002,160.9174041748047
1.5322834253311157,369.7638244628906,1.2650026082992554,481.7787780761719
1.6881890296936035,523.8740234375,1.4149951934814453,512.0548095703125
0.238267719745636,391.779541015625,0.3320767283439636,216.02197265625
1.3140157461166382,622.9448852539062,1.1869968175888062,483.6488342285156
1.594645619392395,111.07874298095703,1.581620454788208,227.31185913085938
1.3140157461166382,683.4881591796875,1.4818016290664673,479.458984375
1.9220472574234009,12.00787353515625,1.8319588899612427,28.630760192871094
1.1425197124481201,1.0,1.4474281072616577,17.009349822998047
0.03559055179357529,518.3700561523438,1.138038992881775,402.9684143066406
0.8462992310523987,375.26776123046875,0.47473499178886414,512.4669189453125
1.5478739738464355,61.54330825805664,1.1296663284301758,116.89954376220703
0.9710236191749573,67.0472412109375,0.8404030799865723,104.6032943725586
1.734960675239563,688.9921264648438,1.246815800666809,608.6782836914062
0.6436220407485962,567.905517578125,1.4390043020248413,350.08880615234375
0.2538582682609558,105.5748062133789,0.18204036355018616,215.72251892089844
0.3941732347011566,331.2362060546875,1.0570803880691528,383.7034606933594
1.1425197124481201,56.039371490478516,0.7709428071975708,123.70704650878906
1.6881890296936035,182.62994384765625,0.9156616926193237,539.3860473632812
0.4565354287624359,567.905517578125,0.9888785481452942,396.3769226074219
1.1425197124481201,567.905517578125,1.5560534000396729,522.30078125
0.22267717123031616,287.2047119140625,0.3721107244491577,309.8392028808594
0.48771652579307556,639.4566650390625,1.0411111116409302,417.69091796875
1.1737008094787598,386.2756042480469,1.2831718921661377,551.2459716796875
0.7839370369911194,336.7401428222656,0.9631533026695251,437.9234619140625
1.1269291639328003,265.18896484375,0.7999140024185181,357.34588623046875
1.017795443534851,309.220458984375,1.4576356410980225,286.1590576171875
0.6280314922332764,226.66140747070312,0.7163694500923157,198.73008728027344
0.3162204623222351,628.4487915039062,0.596447229385376,609.1888427734375
0.8618897795677185,622.9448852539062,1.1905114650726318,461.43280029296875
1.0489764213562012,688.9921264648438,1.56715726852417,600.4821166992188
1.4855117797851562,287.2047119140625,1.614715337753296,240.64779663085938
1.501102328300476,314.7243957519531,1.592850923538208,562.056396484375
0.7683464288711548,639.4566650390625,1.685343861579895,423.9793701171875
0.28503936529159546,155.1102294921875,0.1059594452381134,190.23692321777344
0.2538582682609558,61.54330825805664,0.13912352919578552,-48.74873733520508
1.6102361679077148,501.8582763671875,1.0060749053955078,497.5989990234375
0.40976378321647644,232.16537475585938,0.4062291085720062,214.43434143066406
0.5033071041107178,369.7638244628906,0.5879718065261841,336.1107177734375
0.815118134021759,666.9763793945312,1.351365089416504,565.7116088867188
0.12913386523723602,567.905517578125,0.8604176044464111,401.8214416503906
0.7995275855064392,94.56694030761719,0.4961754381656647,69.48822021484375
1.5478739738464355,375.26776123046875,1.6672053337097168,490.0129699707031
1.064566969871521,1.0,1.1730204820632935,-83.45291137695312
1.6258267164230347,248.6771697998047,1.189088225364685,536.2584228515625
0.8307086825370789,177.1259765625,1.122728943824768,354.3680419921875
1.1892913579940796,127.5905532836914,0.8522155284881592,146.7802276611328
0.5500787496566772,50.53543472290039,0.5289857983589172,132.19268798828125
1.5634645223617554,452.32281494140625,1.7039923667907715,581.5816040039062
1.1737008094787598,402.78741455078125,0.8223651051521301,341.843017578125
1.0489764213562012,457.8267517089844,1.2650537490844727,507.8344421386719
1.9688189029693604,639.4566650390625,1.318910837173462,572.5088500976562
1.3763779401779175,1.0,1.0224331617355347,203.44989013671875
1.9220472574234009,512.8661499023438,1.2482303380966187,584.8858642578125
1.4699212312698364,496.3543395996094,1.5452345609664917,602.4186401367188
1.7037795782089233,94.56694030761719,1.3088959455490112,292.3293762207031
1.0489764213562012,39.527557373046875,0.7830663919448853,46.3554573059082
0.09795275330543518,155.1102294921875,0.05461767688393593,186.1824493408203
1.1737008094787598,617.44091796875,1.5958516597747803,583.1548461914062
1.8752756118774414,606.4330444335938,1.3595073223114014,613.0099487304688
0.4565354287624359,650.4645385742188,0.9312624335289001,574.449462890625
1.5322834253311157,617.44091796875,1.3909666538238525,449.0710144042969
0.8930708765983582,193.63780212402344,0.8584069609642029,222.92604064941406
1.7193701267242432,336.7401428222656,1.0121991634368896,433.1210021972656
0.7059842348098755,666.9763793945312,0.839023232460022,557.5424194335938
0.5344882011413574,589.9212646484375,0.7173697352409363,348.29913330078125
0.3941732347011566,661.472412109375,0.4884761869907379,523.7455444335938
1.3451968431472778,386.2756042480469,1.349173903465271,440.9667663574219
0.9554330706596375,402.78741455078125,1.0121978521347046,555.204833984375
0.8618897795677185,694.4960327148438,0.8345035910606384,381.65338134765625
1.1892913579940796,100.07086944580078,0.7514368295669556,85.61017608642578
1.1892913579940796,490.85040283203125,1.039808750152588,438.81414794921875
1.423149585723877,672.4802856445312,1.2454204559326172,481.2830505371094
1.0022047758102417,94.56694030761719,0.6757858991622925,232.65354919433594
0.47212597727775574,683.4881591796875,0.5579452514648438,431.7736511230469
1.0022047758102417,281.7007751464844,1.0759726762771606,353.9126281738281
0.09795275330543518,28.519685745239258,-0.28830158710479736,83.55748748779297
1.017795443534851,254.1811065673828,1.0562328100204468,379.77532958984375
1.064566969871521,540.3858032226562,1.0968303680419922,352.1058349609375
1.0957480669021606,633.9527587890625,1.1917593479156494,588.9931030273438
0.659212589263916,182.62994384765625,0.5727778673171997,164.6199188232422
0.06677165627479553,518.3700561523438,0.6563640832901001,345.95758056640625
0.752755880355835,309.220458984375,1.1795639991760254,487.3511657714844
1.0022047758102417,127.5905532836914,0.5957709550857544,259.763916015625
0.48771652579307556,485.3464660644531,1.1892216205596924,231.50518798828125
1.2204724550247192,468.8346862792969,1.052464485168457,474.46966552734375
1.6414172649383545,375.26776123046875,1.3198953866958618,510.2369079589844
1.6881890296936035,551.3936767578125,1.2983317375183105,534.4512939453125
1.5322834253311157,177.1259765625,0.9287538528442383,257.4358215332031
1.9532283544540405,677.9842529296875,1.6296643018722534,516.608154296875
0.5968503952026367,534.8818969726562,1.082349419593811,390.3785400390625
1.2828346490859985,490.85040283203125,1.1594682931900024,326.61163330078125
0.2538582682609558,496.3543395996094,0.4543759822845459,298.84295654296875
0.7215747833251953,336.7401428222656,1.2597206830978394,262.7293395996094
1.812913417816162,683.4881591796875,1.2221183776855469,696.5509033203125
0.47212597727775574,127.5905532836914,0.5453270673751831,168.91700744628906
1.6725984811782837,72.55117797851562,1.3270777463912964,216.79690551757812
0.26944881677627563,72.55117797851562,0.09424643218517303,106.16756439208984
0.6748031377792358,694.4960327148438,1.0635743141174316,393.9733581542969
0.8930708765983582,501.8582763671875,0.8918451070785522,412.0164489746094
1.9688189029693604,446.8188781738281,1.169033169746399,584.8173217773438
0.14472442865371704,331.2362060546875,0.2300332486629486,265.0022277832031
0.7683464288711548,402.78741455078125,0.5403767824172974,315.7361145019531
0.3006299138069153,474.3385925292969,0.9271286725997925,330.5148620605469
0.238267719745636,666.9763793945312,0.7536890506744385,443.5387268066406
1.3919684886932373,567.905517578125,1.9344953298568726,546.5015869140625
1.0801575183868408,160.61416625976562,0.7629668116569519,299.9012451171875
1.3140157461166382,408.2913513183594,1.702170491218567,380.76617431640625
0.42535433173179626,287.2047119140625,0.864216148853302,284.07098388671875
1.9376378059387207,639.4566650390625,1.7638540267944336,538.0902709960938
0.36299213767051697,468.8346862792969,0.40873274207115173,378.92352294921875
1.8908661603927612,683.4881591796875,1.2621080875396729,534.8656005859375
1.15811026096344,50.53543472290039,0.8651130795478821,64.01885986328125
0.8462992310523987,221.15748596191406,0.6079153418540955,281.6484680175781
1.828503966331482,540.3858032226562,1.4020910263061523,523.3793334960938
1.8596850633621216,160.61416625976562,1.6827466487884521,340.39892578125
0.26944881677627563,28.519685745239258,0.47377336025238037,-62.86684036254883
1.7505512237548828,485.3464660644531,1.6054449081420898,511.5001220703125
1.6570079326629639,303.7165222167969,1.3811885118484497,503.653076171875
0.5656692981719971,518.3700561523438,0.659923255443573,349.0108947753906
1.9220472574234009,611.93701171875,0.7891242504119873,544.7301025390625
0.908661425113678,138.59841918945312,0.4929613173007965,219.8981475830078
0.06677165627479553,391.779541015625,0.5841179490089417,277.2044372558594
1.2048819065093994,364.2598876953125,1.4841246604919434,421.25042724609375
0.5968503952026367,639.4566650390625,1.2315137386322021,333.533447265625
0.9398425221443176,78.05511474609375,0.9196028113365173,134.92462158203125
0.3785826861858368,309.220458984375,0.8402859568595886,296.2304992675781
0.7371653318405151,551.3936767578125,0.7118788361549377,375.3771667480469
1.9844094514846802,545.8897705078125,1.1364470720291138,549.9618530273438
1.5322834253311157,611.93701171875,1.5561585426330566,456.4838562011719
0.7995275855064392,34.02362060546875,0.7436996102333069,81.75218200683594
0.6124409437179565,600.9291381835938,0.2854754626750946,446.98193359375
0.4409448802471161,375.26776123046875,0.45396021008491516,382.9102478027344
0.1759055107831955,45.031494140625,0.06457995623350143,20.702007293701172
1.0489764213562012,347.7480163574219,0.770979106426239,272.4701232910156
1.7661417722702026,259.6850280761719,1.4543640613555908,240.72962951660156
0.9866141676902771,419.2992248535156,1.43350350856781,435.90936279296875
1.5790550708770752,430.3070983886719,1.093132495880127,367.6670837402344
1.8908661603927612,424.80316162109375,1.4246453046798706,383.1308288574219
1.9532283544540405,342.24407958984375,1.4976245164871216,502.5147399902344
0.908661425113678,512.8661499023438,1.5119060277938843,542.5999145507812
1.9688189029693604,556.8976440429688,1.517850399017334,588.7882690429688
1.3451968431472778,408.2913513183594,1.091320514678955,270.54547119140625
0.7995275855064392,298.21258544921875,1.097353219985962,294.2608337402344
0.05118110775947571,89.06298828125,-0.1075049340724945,134.39942932128906
0.9242519736289978,78.05511474609375,0.4489428400993347,188.46009826660156
1.236063003540039,468.8346862792969,1.1603916883468628,526.3265991210938
0.4565354287624359,457.8267517089844,0.7643003463745117,359.5795593261719
0.3162204623222351,562.4015502929688,0.5517390966415405,486.2293701171875
0.14472442865371704,683.4881591796875,0.5293797254562378,354.5902404785156
1.4075590372085571,281.7007751464844,1.415303349494934,360.6852722167969
0.42535433173179626,496.3543395996094,0.6833346486091614,450.45947265625
1.7505512237548828,545.8897705078125,1.4653829336166382,624.3003540039062
0.5188976526260376,78.05511474609375,0.26333415508270264,193.74488830566406
0.33181101083755493,177.1259765625,0.5168382525444031,107.70886993408203
1.5478739738464355,226.66140747070312,1.1048508882522583,473.9087219238281
1.6570079326629639,133.094482421875,1.5621436834335327,364.9922790527344
1.3607873916625977,50.53543472290039,1.6738624572753906,109.62194061279297
1.6258267164230347,644.9606323242188,0.9191529750823975,583.3816528320312
0.7995275855064392,188.13388061523438,0.39556702971458435,300.3077697753906
0.1759055107831955,413.7952880859375,0.5476325750350952,234.24899291992188
1.2984251976013184,683.4881591796875,1.1037533283233643,616.3275146484375
1.423149585723877,700.0,1.2984528541564941,420.99163818359375
1.2204724550247192,259.6850280761719,1.026949167251587,355.0069580078125
0.7215747833251953,347.7480163574219,1.0079355239868164,504.2403869628906
0.26944881677627563,215.65354919433594,0.12443402409553528,218.783447265625
1.5478739738464355,160.61416625976562,1.6024638414382935,345.26727294921875
1.0801575183868408,556.8976440429688,1.2606770992279053,584.7039184570312
0.019999999552965164,254.1811065673828,0.15187719464302063,347.7715148925781
0.8930708765983582,270.6929016113281,0.7972924709320068,268.1686096191406
1.7505512237548828,661.472412109375,1.4492474794387817,343.2850646972656
1.2204724550247192,562.4015502929688,1.173187494277954,780.9631958007812
1.1113386154174805,56.039371490478516,1.0570058822631836,50.1147575378418
0.34740158915519714,562.4015502929688,0.7410329580307007,570.1758422851562
1.15811026096344,606.4330444335938,1.325523018836975,366.3643798828125
0.9242519736289978,479.842529296875,1.5187040567398071,482.0640563964844
0.5500787496566772,490.85040283203125,1.1538920402526855,393.8352355957031
1.7817323207855225,56.039371490478516,0.6118966937065125,224.45675659179688
0.3785826861858368,463.33074951171875,1.0941157341003418,294.483154296875
1.516692876815796,380.77166748046875,1.492239236831665,305.3604431152344
1.15811026096344,116.58268737792969,1.0974043607711792,251.27586364746094
0.6436220407485962,386.2756042480469,0.49926573038101196,457.345458984375
0.7995275855064392,61.54330825805664,0.557762861251831,187.42259216308594
1.0022047758102417,391.779541015625,0.8132265210151672,375.0260009765625
0.9398425221443176,105.5748062133789,0.7905774116516113,256.03582763671875
1.4387401342391968,45.031494140625,1.4629042148590088,32.925086975097656
0.7995275855064392,490.85040283203125,0.9870685338973999,390.22271728515625
1.064566969871521,413.7952880859375,1.3221802711486816,498.6852111816406
0.5500787496566772,369.7638244628906,0.901470422744751,436.4615478515625
0.06677165627479553,127.5905532836914,0.2626793384552002,80.65208435058594
1.9532283544540405,39.527557373046875,1.6717537641525269,-3.3368358612060547
1.4699212312698364,1.0,2.00883150100708,27.158327102661133
1.329606294631958,127.5905532836914,1.5912516117095947,258.45843505859375
1.501102328300476,369.7638244628906,1.4948326349258423,476.1453552246094
0.7059842348098755,72.55117797851562,0.9171052575111389,50.31360626220703
1.8440945148468018,419.2992248535156,1.5587469339370728,390.334228515625
0.8774803280830383,573.409423828125,1.2400400638580322,471.5401916503906
0.14472442865371704,259.6850280761719,0.303923100233078,454.26409912109375
1.3607873916625977,23.0157470703125,0.759774386882782,123.6319351196289
1.5634645223617554,204.6456756591797,0.5373734831809998,354.430908203125
0.5033071041107178,496.3543395996094,0.4133559465408325,412.35321044921875
0.659212589263916,468.8346862792969,1.134841799736023,549.447021484375
1.4387401342391968,490.85040283203125,1.9444104433059692,353.99395751953125
0.06677165627479553,320.22833251953125,0.32432466745376587,266.2082824707031
1.4699212312698364,611.93701171875,1.4558743238449097,544.4454345703125
0.6124409437179565,45.031494140625,0.2652304172515869,95.71136474609375
1.2672441005706787,281.7007751464844,1.4064048528671265,358.17724609375
0.3006299138069153,386.2756042480469,0.8282960653305054,258.6968688964844
1.9688189029693604,474.3385925292969,1.5861246585845947,425.7166442871094
0.3162204623222351,72.55117797851562,0.3586333394050598,78.31844329833984
1.3919684886932373,523.8740234375,1.385032057762146,506.55615234375
0.6748031377792358,303.7165222167969,0.8094107508659363,372.47406005859375
1.1737008094787598,6.503936767578125,1.3908984661102295,-108.81803894042969
0.20708660781383514,122.08661651611328,0.21691657602787018,49.53436279296875
0.33181101083755493,1.0,0.31182676553726196,-47.99646759033203
0.815118134021759,45.031494140625,0.6327223777770996,101.47026824951172
1.8752756118774414,479.842529296875,0.9988677501678467,440.79058837890625
1.7973228693008423,237.66929626464844,1.2421481609344482,390.6112060546875
0.2538582682609558,694.4960327148438,0.704171359539032,232.69102478027344
1.6258267164230347,606.4330444335938,1.3042807579040527,511.79730224609375
1.2204724550247192,424.80316162109375,1.2060084342956543,507.8649597167969
0.3941732347011566,650.4645385742188,0.8389684557914734,455.3105773925781
0.7683464288711548,694.4960327148438,1.5376874208450317,506.99822998046875
1.1737008094787598,683.4881591796875,1.6120713949203491,498.1842041015625
0.5500787496566772,545.8897705078125,0.9743101596832275,421.7952575683594
1.4075590372085571,424.80316162109375,1.1473078727722168,461.7231140136719
0.5188976526260376,171.62203979492188,0.8427488803863525,86.70683288574219
0.05118110775947571,430.3070983886719,0.3202561140060425,417.0839538574219
1.2672441005706787,600.9291381835938,1.3538912534713745,452.4866943359375
1.6725984811782837,221.15748596191406,1.1331406831741333,451.1102600097656
0.5656692981719971,347.7480163574219,1.0177409648895264,290.2132873535156
0.9866141676902771,523.8740234375,1.0297698974609375,367.4178466796875
0.20708660781383514,375.26776123046875,0.46308597922325134,455.2698669433594
1.329606294631958,50.53543472290039,1.3800545930862427,80.57958221435547
1.4699212312698364,683.4881591796875,1.7014365196228027,465.3901672363281
1.734960675239563,177.1259765625,1.7001723051071167,446.5392150878906
0.3941732347011566,463.33074951171875,0.5974929928779602,441.2670593261719
1.906456708908081,61.54330825805664,1.7545539140701294,130.39276123046875
1.1425197124481201,133.094482421875,1.0819227695465088,115.10688781738281
0.7215747833251953,232.16537475585938,0.7647833228111267,409.0124816894531
0.5968503952026367,424.80316162109375,0.746624231338501,551.2276000976562
1.7661417722702026,644.9606323242188,1.3073370456695557,433.2617492675781
0.33181101083755493,347.7480163574219,0.5415078401565552,382.140869140625
1.5634645223617554,463.33074951171875,1.417991280555725,260.6871337890625
0.5033071041107178,474.3385925292969,1.1584481000900269,212.7301788330078
0.7059842348098755,111.07874298095703,0.46573305130004883,277.7076721191406
1.8752756118774414,391.779541015625,1.5704072713851929,378.6456298828125
0.42535433173179626,89.06298828125,0.09616412222385406,116.37680053710938
1.0333858728408813,28.519685745239258,1.1619634628295898,-31.842071533203125
0.8307086825370789,221.15748596191406,1.1343964338302612,397.8106689453125
1.2828346490859985,391.779541015625,1.2870112657546997,602.691162109375
1.2828346490859985,78.05511474609375,1.1209478378295898,125.36327362060547
1.5790550708770752,94.56694030761719,0.9429183006286621,278.1204833984375
0.5500787496566772,347.7480163574219,1.1725778579711914,308.69189453125
0.5656692981719971,100.07086944580078,0.5036453008651733,117.7060317993164
1.6258267164230347,611.93701171875,1.2203614711761475,581.5458374023438
1.5478739738464355,331.2362060546875,1.5526090860366821,385.9681701660156
1.9688189029693604,149.60629272460938,1.5953962802886963,307.4920654296875
0.7839370369911194,226.66140747070312,0.5347719192504883,365.531982421875
1.8440945148468018,650.4645385742188,1.4716753959655762,530.9285278320312
0.42535433173179626,474.3385925292969,1.0853009223937988,388.39453125
1.7661417722702026,375.26776123046875,1.2646440267562866,478.3197326660156
0.8618897795677185,413.7952880859375,1.1627198457717896,304.57366943359375
1.4699212312698364,595.4251708984375,1.2948710918426514,394.22027587890625
1.2204724550247192,254.1811065673828,1.65949285030365,293.5436706542969
0.34740158915519714,138.59841918945312,0.1324133574962616,277.8237609863281
1.8596850633621216,149.60629272460938,1.0947657823562622,66.84716033935547
1.1113386154174805,391.779541015625,1.0398508310317993,434.82696533203125
1.1113386154174805,457.8267517089844,1.049629807472229,411.8685607910156
0.34740158915519714,655.968505859375,0.8220705389976501,604.9614868164062
1.5478739738464355,501.8582763671875,1.7499191761016846,546.5504760742188
1.812913417816162,397.2834777832031,1.4276589155197144,556.7550659179688
1.8440945148468018,358.7558898925781,1.2396270036697388,491.9214172363281
1.15811026096344,105.5748062133789,1.496639609336853,109.84412384033203
1.9844094514846802,501.8582763671875,0.9567118883132935,588.3046264648438
0.40976378321647644,133.094482421875,0.5361542701721191,190.85484313964844
1.4543306827545166,221.15748596191406,1.106331467628479,444.15167236328125
0.4409448802471161,281.7007751464844,0.7862051725387573,161.9413604736328
1.734960675239563,457.8267517089844,1.5754438638687134,481.50579833984375
0.08236220479011536,226.66140747070312,0.37316542863845825,308.6442565917969
1.7661417722702026,347.7480163574219,1.2299665212631226,417.51593017578125
0.019999999552965164,226.66140747070312,0.101233571767807,269.4410095214844
0.5344882011413574,523.8740234375,0.727948784828186,289.638916015625
1.7193701267242432,177.1259765625,1.2327895164489746,320.7060546875
0.752755880355835,452.32281494140625,0.7834566831588745,428.82586669921875
1.501102328300476,474.3385925292969,1.0052117109298706,571.0
1.8752756118774414,193.63780212402344,0.9912404417991638,238.9552459716797
0.7839370369911194,358.7558898925781,1.0149829387664795,516.6986083984375
0.7995275855064392,578.9133911132812,1.069970965385437,374.53179931640625
0.6436220407485962,309.220458984375,0.7958330512046814,241.70748901367188
1.1425197124481201,287.2047119140625,0.8015425205230713,418.2453918457031
1.017795443534851,116.58268737792969,1.0615004301071167,126.8890609741211
0.34740158915519714,78.05511474609375,0.43538621068000793,109.89508819580078
0.36299213767051697,314.7243957519531,0.6065937280654907,219.1832275390625
0.9710236191749573,578.9133911132812,1.0449143648147583,450.2841796875
1.7973228693008423,540.3858032226562,0.8392069935798645,533.8614501953125
1.6725984811782837,496.3543395996094,0.9017971158027649,545.547607421875
1.6102361679077148,611.93701171875,1.8649518489837646,608.9639282226562
1.1269291639328003,116.58268737792969,0.9481425285339355,334.97357177734375
0.8930708765983582,419.2992248535156,1.0269958972930908,413.63067626953125
1.7037795782089233,386.2756042480469,1.437340497970581,509.8793640136719
1.7973228693008423,413.7952880859375,1.3499199151992798,518.9310302734375
0.6280314922332764,298.21258544921875,0.580811083316803,241.07359313964844
0.6903936862945557,149.60629272460938,0.9314205050468445,102.01200866699219
0.908661425113678,666.9763793945312,0.9392221570014954,577.9714965820312
1.6102361679077148,347.7480163574219,1.3986233472824097,404.15264892578125
0.9242519736289978,94.56694030761719,0.877805233001709,226.21546936035156
1.5634645223617554,12.00787353515625,1.5858484506607056,50.82086944580078
1.5478739738464355,232.16537475585938,0.9551299214363098,367.9259033203125
0.7059842348098755,144.10235595703125,0.8210922479629517,196.6079864501953
0.5968503952026367,672.4802856445312,0.9280073642730713,563.3058471679688
1.9844094514846802,254.1811065673828,1.9103710651397705,455.7935791015625
1.6725984811782837,160.61416625976562,1.568503975868225,313.1782531738281
0.815118134021759,419.2992248535156,1.127908706665039,506.0832214355469
1.4387401342391968,144.10235595703125,1.274182677268982,171.9049072265625
0.8618897795677185,369.7638244628906,0.8819805383682251,322.13360595703125
0.908661425113678,375.26776123046875,1.107875943183899,487.5010681152344
0.9710236191749573,529.3779296875,1.2566320896148682,423.57958984375
1.9220472574234009,573.409423828125,1.4349122047424316,612.2230834960938
1.5322834253311157,523.8740234375,1.5202369689941406,473.9136657714844
1.5790550708770752,50.53543472290039,0.9835419654846191,169.67051696777344
0.2538582682609558,413.7952880859375,0.5613946914672852,487.2757568359375
1.5478739738464355,700.0,1.689378261566162,500.9619140625
1.4543306827545166,386.2756042480469,1.318585991859436,261.5706481933594
0.3006299138069153,573.409423828125,0.9128153324127197,407.26751708984375
0.42535433173179626,573.409423828125,0.7732045650482178,476.8642272949219
1.9220472574234009,287.2047119140625,1.8260525465011597,341.55950927734375
1.0022047758102417,672.4802856445312,0.775589644908905,528.5407104492188
1.0801575183868408,402.78741455078125,1.39872407913208,393.9844665527344
1.0022047758102417,639.4566650390625,1.269040584564209,505.9418640136719
1.3919684886932373,683.4881591796875,1.606653094291687,402.79803466796875
1.1425197124481201,39.527557373046875,1.5581625699996948,116.94457244873047
0.7371653318405151,298.21258544921875,1.143831729888916,365.01129150390625
0.5033071041107178,116.58268737792969,0.28858980536460876,141.5897674560547
1.4543306827545166,408.2913513183594,1.2802525758743286,459.92645263671875
0.26944881677627563,17.511810302734375,0.3365989923477173,42.12891387939453
1.9220472574234009,589.9212646484375,1.6104376316070557,406.5531311035156
0.7371653318405151,248.6771697998047,0.8340319395065308,235.3975372314453
0.6903936862945557,490.85040283203125,1.0618128776550293,244.10299682617188
0.22267717123031616,457.8267517089844,0.8963227868080139,345.1187744140625
0.34740158915519714,578.9133911132812,0.5866411924362183,483.47802734375
0.8930708765983582,127.5905532836914,0.49290281534194946,250.6871337890625
0.03559055179357529,34.02362060546875,0.11408667266368866,13.234964370727539
0.5656692981719971,6.503936767578125,0.6714170575141907,-15.761323928833008
0.48771652579307556,617.44091796875,0.6357457041740417,466.9862976074219
1.594645619392395,155.1102294921875,1.5360503196716309,367.07989501953125
0.34740158915519714,375.26776123046875,0.730708658695221,344.9620361328125
0.5812598466873169,529.3779296875,0.7031397223472595,479.428955078125
1.7817323207855225,386.2756042480469,1.2909953594207764,423.7984313964844
0.3006299138069153,122.08661651611328,-0.09793713688850403,153.64158630371094
1.7817323207855225,628.4487915039062,1.1842947006225586,375.2796936035156
1.2204724550247192,567.905517578125,1.6568644046783447,549.9710693359375
0.659212589263916,474.3385925292969,0.39271989464759827,551.1097412109375
0.34740158915519714,600.9291381835938,0.9279276132583618,410.6799621582031
1.4387401342391968,578.9133911132812,1.068707823753357,486.4408264160156
1.017795443534851,419.2992248535156,1.1907992362976074,295.1053771972656
1.6258267164230347,259.6850280761719,1.2326215505599976,429.58734130859375
1.3607873916625977,688.9921264648438,1.2939738035202026,320.7648010253906
1.812913417816162,248.6771697998047,1.5188690423965454,324.5208740234375
1.7817323207855225,320.22833251953125,0.7600158452987671,451.6258850097656
0.5033071041107178,78.05511474609375,0.5533273816108704,12.863814353942871
0.7215747833251953,496.3543395996094,1.2228633165359497,310.4299621582031
0.7839370369911194,28.519685745239258,0.7822293639183044,65.98444366455078
0.908661425113678,408.2913513183594,1.2544970512390137,429.771240234375
1.0333858728408813,182.62994384765625,1.1725047826766968,407.9981384277344
0.8774803280830383,655.968505859375,1.3082176446914673,542.8258666992188
1.329606294631958,386.2756042480469,1.4039005041122437,526.0570068359375
1.501102328300476,248.6771697998047,0.8302387595176697,345.12945556640625
1.2048819065093994,122.08661651611328,1.067468523979187,196.8597412109375
0.6280314922332764,270.6929016113281,0.7313143610954285,211.30984497070312
1.236063003540039,666.9763793945312,1.0980405807495117,630.1842041015625
0.34740158915519714,204.6456756591797,0.6876252889633179,274.7059020996094
1.1425197124481201,94.56694030761719,0.8377924561500549,311.6612854003906
1.4543306827545166,210.1496124267578,1.7701232433319092,476.7510070800781
1.906456708908081,408.2913513183594,1.3122395277023315,448.6598815917969
0.26944881677627563,342.24407958984375,0.038486234843730927,400.0652770996094
1.3763779401779175,166.11810302734375,1.3959163427352905,285.0835266113281
1.9532283544540405,149.60629272460938,1.125230073928833,399.8762512207031
1.236063003540039,534.8818969726562,1.0742930173873901,351.8855285644531
0.9554330706596375,292.7086486816406,1.0850932598114014,297.5447692871094
0.06677165627479553,700.0,1.209263563156128,505.0868835449219
1.7973228693008423,17.511810302734375,1.4648733139038086,103.535400390625
1.8908661603927612,17.511810302734375,1.6945347785949707,13.1681489944458
1.7661417722702026,303.7165222167969,1.3207813501358032,203.739013671875
0.3785826861858368,600.9291381835938,1.0898405313491821,333.449951171875
0.5033071041107178,298.21258544921875,0.5483221411705017,294.69189453125
1.3607873916625977,12.00787353515625,1.4903920888900757,71.34552764892578
0.9710236191749573,556.8976440429688,1.0056456327438354,387.4602355957031
0.40976378321647644,606.4330444335938,0.7762764096260071,318.1637268066406
0.752755880355835,611.93701171875,1.3382328748703003,644.2028198242188
1.8440945148468018,166.11810302734375,1.308748722076416,439.69061279296875
1.064566969871521,496.3543395996094,1.0316781997680664,487.0211181640625
1.423149585723877,430.3070983886719,1.0146360397338867,548.677490234375
1.4543306827545166,529.3779296875,1.6133129596710205,523.194580078125
1.8440945148468018,700.0,1.5326002836227417,495.2906188964844
1.2048819065093994,276.19683837890625,0.9754013419151306,469.1893615722656
1.9688189029693604,309.220458984375,1.7574423551559448,468.1752624511719
1.7661417722702026,248.6771697998047,1.121389627456665,381.9427490234375
1.2984251976013184,584.4172973632812,1.3356513977050781,294.4112243652344
0.3941732347011566,507.3622131347656,1.0458327531814575,380.24700927734375
1.0489764213562012,485.3464660644531,1.0555561780929565,495.72216796875
0.3162204623222351,589.9212646484375,0.8175964951515198,528.3270874023438
2.0,397.2834777832031,1.4656025171279907,454.49005126953125
0.9554330706596375,413.7952880859375,0.8850687742233276,549.1763916015625
0.5656692981719971,529.3779296875,0.935131311416626,434.41461181640625
1.1737008094787598,347.7480163574219,1.0425223112106323,404.568359375
1.4543306827545166,34.02362060546875,1.2374252080917358,59.79402542114258
0.5033071041107178,17.511810302734375,0.5376415848731995,30.399974822998047
1.7193701267242432,501.8582763671875,1.8285177946090698,472.11590576171875
0.113543301820755,133.094482421875,0.4059973359107971,156.81642150878906
1.3607873916625977,204.6456756591797,1.3753553628921509,332.7098693847656
0.1759055107831955,551.3936767578125,0.4886852502822876,394.9486389160156
0.40976378321647644,1.0,0.6359345316886902,-74.84113311767578
0.5188976526260376,232.16537475585938,1.0500956773757935,231.4540252685547
1.3763779401779175,111.07874298095703,0.8812125325202942,85.13430786132812
0.20708660781383514,276.19683837890625,0.45022115111351013,481.5904235839844
1.7817323207855225,254.1811065673828,1.3073033094406128,313.0056457519531
0.9242519736289978,468.8346862792969,1.193625807762146,602.8662719726562
0.36299213767051697,265.18896484375,0.31699052453041077,293.49822998046875
0.7995275855064392,468.8346862792969,1.3691459894180298,359.8502502441406
1.2204724550247192,463.33074951171875,1.566412091255188,410.2933044433594
0.9398425221443176,314.7243957519531,0.7902409434318542,368.623779296875
1.7037795782089233,534.8818969726562,1.2179940938949585,569.0125122070312
0.48771652579307556,441.3149719238281,1.0742747783660889,262.169189453125
0.6280314922332764,45.031494140625,0.2548844516277313,50.31052017211914
0.9710236191749573,215.65354919433594,1.1372785568237305,367.0309753417969
0.238267719745636,364.2598876953125,0.23021921515464783,208.17373657226562
0.26944881677627563,171.62203979492188,0.36221322417259216,215.72821044921875
0.7995275855064392,281.7007751464844,0.8785909414291382,371.802490234375
1.6881890296936035,391.779541015625,1.0815321207046509,440.7682189941406
0.4565354287624359,259.6850280761719,0.9663581848144531,228.29754638671875
0.3785826861858368,391.779541015625,1.2671316862106323,226.2899169921875
2.0,562.4015502929688,1.3079088926315308,641.7261352539062
0.5188976526260376,578.9133911132812,0.9494567513465881,277.83709716796875
1.4543306827545166,94.56694030761719,1.2956912517547607,273.65863037109375
0.7059842348098755,127.5905532836914,0.5567530989646912,241.3303985595703
0.7839370369911194,314.7243957519531,0.6358780264854431,282.5584411621094
0.4565354287624359,556.8976440429688,0.4022008180618286,617.0770263671875
0.33181101083755493,243.17323303222656,0.984129011631012,241.6705780029297
1.3607873916625977,237.66929626464844,1.3075169324874878,467.2474060058594
0.113543301820755,666.9763793945312,1.1077549457550049,409.92401123046875
1.0022047758102417,600.9291381835938,1.110044240951538,476.96282958984375
1.329606294631958,397.2834777832031,1.322466254234314,476.040283203125
0.20708660781383514,17.511810302734375,0.3897104263305664,-42.719879150390625
1.812913417816162,534.8818969726562,1.2514976263046265,547.3273315429688
0.4565354287624359,677.9842529296875,0.7427303791046143,408.6738586425781
1.2828346490859985,83.55905151367188,1.392860770225525,95.4920883178711
1.7661417722702026,545.8897705078125,1.0468711853027344,599.6368408203125
0.7371653318405151,655.968505859375,1.3470423221588135,498.2850341796875
1.9376378059387207,369.7638244628906,1.6195787191390991,414.4156188964844
1.3451968431472778,270.6929016113281,1.148686170578003,448.8512878417969
0.9398425221443176,380.77166748046875,1.3861879110336304,518.8959350585938
1.6102361679077148,556.8976440429688,1.2325384616851807,463.6617126464844
1.4543306827545166,496.3543395996094,1.2708507776260376,338.24993896484375
0.4565354287624359,518.3700561523438,1.2904398441314697,310.89141845703125
1.9532283544540405,562.4015502929688,1.2777175903320312,174.0818634033203
0.4409448802471161,545.8897705078125,1.0337778329849243,344.6321716308594
1.5790550708770752,606.4330444335938,1.48828125,401.3621826171875
0.6124409437179565,700.0,0.8530415892601013,610.87255859375
1.423149585723877,413.7952880859375,0.9552749991416931,471.68096923828125
1.3451968431472778,61.54330825805664,0.9807829260826111,16.78537940979004
1.501102328300476,540.3858032226562,1.7123043537139893,498.62835693359375
1.7973228693008423,408.2913513183594,0.5849601626396179,497.3692321777344
1.0957480669021606,650.4645385742188,1.2999690771102905,519.4301147460938
1.9844094514846802,111.07874298095703,1.4122159481048584,312.5567626953125
1.3763779401779175,94.56694030761719,1.1782113313674927,189.23875427246094
0.019999999552965164,12.00787353515625,0.3877905607223511,-4.4462738037109375
0.36299213767051697,364.2598876953125,0.8694391250610352,241.87767028808594
0.8618897795677185,34.02362060546875,0.8281309604644775,105.59477996826172
0.09795275330543518,193.63780212402344,0.10472771525382996,60.063499450683594
0.14472442865371704,210.1496124267578,0.2700842022895813,322.3465881347656
1.3451968431472778,551.3936767578125,1.3385764360427856,275.8495788574219
1.812913417816162,193.63780212402344,1.40718674659729,173.18968200683594
1.1113386154174805,529.3779296875,1.0817394256591797,498.2632751464844
1.2672441005706787,160.61416625976562,1.333573341369629,213.60992431640625
1.734960675239563,523.8740234375,0.938028872013092,418.77313232421875
0.20708660781383514,105.5748062133789,0.48704221844673157,109.03095245361328
1.9220472574234009,298.21258544921875,1.65233314037323,414.2972412109375
1.5322834253311157,540.3858032226562,1.443156123161316,470.95697021484375
0.9866141676902771,683.4881591796875,0.8485358357429504,528.238525390625
1.6102361679077148,595.4251708984375,0.8722322583198547,506.5965576171875
0.26944881677627563,243.17323303222656,0.6450008153915405,154.28683471679688
1.3451968431472778,248.6771697998047,0.9854304194450378,409.51531982421875
1.7193701267242432,166.11810302734375,1.7660328149795532,105.84883880615234
1.4543306827545166,56.039371490478516,1.4766215085983276,186.8109893798828
0.5812598466873169,402.78741455078125,0.7331902384757996,427.5762023925781
0.9398425221443176,177.1259765625,0.9232782125473022,140.89723205566406
1.1269291639328003,336.7401428222656,1.0190588235855103,513.4885864257812
1.9220472574234009,155.1102294921875,1.447984218597412,452.4648742675781
1.329606294631958,584.4172973632812,1.829958438873291,498.01641845703125
0.752755880355835,215.65354919433594,0.4100032448768616,230.07977294921875
0.16031496226787567,265.18896484375,0.1048194020986557,231.22303771972656
0.36299213767051697,353.251953125,0.5785380005836487,512.5113525390625
1.0801575183868408,408.2913513183594,1.7408390045166016,457.81915283203125
1.7817323207855225,331.2362060546875,1.1858028173446655,572.0996704101562
1.2204724550247192,347.7480163574219,0.9013091921806335,546.979736328125
1.906456708908081,397.2834777832031,1.3929846286773682,501.74749755859375
1.1425197124481201,83.55905151367188,0.7308533787727356,167.04359436035156
0.7059842348098755,694.4960327148438,1.3829580545425415,616.32568359375
1.8908661603927612,529.3779296875,1.676546335220337,529.53076171875
0.36299213767051697,485.3464660644531,1.1159363985061646,519.3617553710938
1.064566969871521,138.59841918945312,1.297857642173767,67.6268081665039
0.5344882011413574,567.905517578125,0.9189863801002502,426.34625244140625
1.7817323207855225,105.5748062133789,1.063068151473999,350.8240051269531
0.6903936862945557,204.6456756591797,0.9969683885574341,272.2427062988281
0.815118134021759,672.4802856445312,0.4404996335506439,550.4165649414062
0.6280314922332764,281.7007751464844,0.6088075637817383,421.066162109375
0.9866141676902771,463.33074951171875,1.4067543745040894,423.7108154296875
0.908661425113678,468.8346862792969,1.018200397491455,422.82464599609375
2.0,276.19683837890625,1.7111639976501465,610.8218994140625
0.7839370369911194,589.9212646484375,1.0518842935562134,461.3779602050781
0.08236220479011536,138.59841918945312,-0.05275863781571388,185.70578002929688
0.3785826861858368,94.56694030761719,0.43226414918899536,80.4030532836914
0.8462992310523987,188.13388061523438,0.6547170877456665,373.1109313964844
1.828503966331482,688.9921264648438,1.4588849544525146,442.2218017578125
1.1737008094787598,540.3858032226562,1.3962761163711548,451.2255859375
0.8774803280830383,248.6771697998047,1.0015100240707397,326.7156677246094
0.05118110775947571,413.7952880859375,0.6640939712524414,169.51748657226562
0.40976378321647644,155.1102294921875,0.7571104168891907,140.66165161132812
1.7037795782089233,144.10235595703125,1.0865390300750732,314.2247009277344
1.5634645223617554,573.409423828125,1.2496176958084106,457.2143859863281
1.8752756118774414,490.85040283203125,1.4703130722045898,494.4921875
0.6280314922332764,83.55905151367188,0.4641489088535309,84.93573760986328
1.7037795782089233,210.1496124267578,1.2349237203598022,289.2038269042969
0.113543301820755,347.7480163574219,0.6462741494178772,262.5843811035156
0.9398425221443176,545.8897705078125,1.1648935079574585,348.7875061035156
0.03559055179357529,628.4487915039062,0.41549035906791687,333.8123779296875
1.3919684886932373,584.4172973632812,1.3290764093399048,503.6221618652344
1.3140157461166382,545.8897705078125,1.1783095598220825,398.4991149902344
1.423149585723877,226.66140747070312,1.5140284299850464,352.8080139160156
1.7505512237548828,435.81103515625,1.748026967048645,577.7057495117188
0.8462992310523987,83.55905151367188,0.43436530232429504,258.6285400390625
0.6903936862945557,661.472412109375,1.310472011566162,594.930419921875
1.0957480669021606,353.251953125,0.8342191576957703,389.27618408203125
0.5656692981719971,45.031494140625,0.39195629954338074,-16.693435668945312
0.5188976526260376,408.2913513183594,0.7097035646438599,403.57794189453125
1.6258267164230347,243.17323303222656,1.1594133377075195,323.29669189453125
1.828503966331482,61.54330825805664,1.3308643102645874,306.5932922363281
1.501102328300476,28.519685745239258,1.512831687927246,9.956005096435547
0.7839370369911194,171.62203979492188,1.207394003868103,284.1178894042969
1.7661417722702026,661.472412109375,1.5445849895477295,425.66156005859375
0.5033071041107178,468.8346862792969,0.8916038274765015,555.9624633789062
0.4409448802471161,67.0472412109375,0.1452517956495285,128.77383422851562
1.8596850633621216,265.18896484375,1.184791088104248,366.49481201171875
1.594645619392395,17.511810302734375,1.7235430479049683,-13.023696899414062
1.064566969871521,17.511810302734375,1.2073640823364258,18.64845848083496
0.26944881677627563,419.2992248535156,0.7517457008361816,433.8912048339844
1.5790550708770752,303.7165222167969,1.5975806713104248,562.175048828125
0.7215747833251953,314.7243957519531,1.0200388431549072,329.1473693847656
1.4855117797851562,424.80316162109375,1.3729662895202637,544.3374633789062
0.5656692981719971,700.0,1.3752626180648804,340.92828369140625
1.423149585723877,215.65354919433594,1.0222526788711548,243.02633666992188
1.7817323207855225,34.02362060546875,1.3583738803863525,100.43533325195312
1.4075590372085571,457.8267517089844,1.2458776235580444,483.99749755859375
0.19149605929851532,133.094482421875,0.18248097598552704,168.06544494628906
0.33181101083755493,633.9527587890625,0.9847918152809143,522.342529296875
1.516692876815796,364.2598876953125,1.3424028158187866,505.9004821777344
0.3162204623222351,600.9291381835938,1.131690502166748,448.6761474609375
0.3006299138069153,17.511810302734375,0.17827391624450684,-48.47865295410156
0.113543301820755,408.2913513183594,0.6040638089179993,432.2366638183594
0.815118134021759,606.4330444335938,0.7917301654815674,544.2952270507812
1.5478739738464355,111.07874298095703,1.1674435138702393,396.3161926269531
1.3140157461166382,149.60629272460938,0.9189791679382324,347.54705810546875
0.9710236191749573,17.511810302734375,1.1569401025772095,43.66831970214844
0.815118134021759,292.7086486816406,0.7527403831481934,332.0035095214844
1.0801575183868408,204.6456756591797,0.6416671276092529,224.0775146484375
1.594645619392395,127.5905532836914,1.2770051956176758,341.9078063964844
1.3763779401779175,639.4566650390625,1.4430195093154907,447.324951171875
0.7371653318405151,144.10235595703125,0.8273609280586243,136.73699951171875
1.7037795782089233,600.9291381835938,1.3836431503295898,491.2454528808594
0.7683464288711548,413.7952880859375,1.332440972328186,425.3796691894531
1.6258267164230347,424.80316162109375,1.2139490842819214,428.369384765625
0.08236220479011536,155.1102294921875,0.40090471506118774,32.228675842285156
0.6436220407485962,661.472412109375,0.9365429878234863,470.1946716308594
1.15811026096344,12.00787353515625,1.0878759622573853,27.886388778686523
0.8618897795677185,221.15748596191406,1.0361053943634033,293.00042724609375
1.7037795782089233,171.62203979492188,1.0055092573165894,314.0498962402344
0.9242519736289978,369.7638244628906,1.4895172119140625,519.2955322265625
0.19149605929851532,540.3858032226562,0.9251662492752075,369.8581848144531
1.4699212312698364,171.62203979492188,0.7796065211296082,256.9638366699219
1.812913417816162,573.409423828125,1.7847486734390259,621.4371948242188
0.5500787496566772,694.4960327148438,0.8672517538070679,448.6298522949219
1.017795443534851,523.8740234375,1.4653611183166504,298.62835693359375
0.6280314922332764,644.9606323242188,1.4257688522338867,525.5823364257812
0.8618897795677185,358.7558898925781,0.6467139720916748,402.779052734375
0.20708660781383514,78.05511474609375,-0.33423158526420593,188.67807006835938
1.516692876815796,408.2913513183594,1.3075212240219116,425.76104736328125
0.908661425113678,45.031494140625,0.8741081953048706,121.67867279052734
0.7683464288711548,6.503936767578125,0.6239983439445496,-18.913501739501953
1.236063003540039,248.6771697998047,0.8347955346107483,349.56927490234375
1.6258267164230347,413.7952880859375,1.2174309492111206,481.4040832519531
0.8462992310523987,391.779541015625,1.0456370115280151,529.2911376953125
1.9688189029693604,111.07874298095703,0.9207261204719543,155.67990112304688
1.2516535520553589,474.3385925292969,1.026564598083496,415.4000549316406
0.34740158915519714,325.7322692871094,0.5214557647705078,332.6281433105469
0.05118110775947571,259.6850280761719,0.5220338106155396,244.11636352539062
0.659212589263916,688.9921264648438,0.6456393599510193,418.8907775878906
0.752755880355835,45.031494140625,0.9019549489021301,99.14684295654297
0.06677165627479553,617.44091796875,0.5153231024742126,480.4677734375
0.7839370369911194,303.7165222167969,0.9094607830047607,288.53973388671875
1.1737008094787598,199.14173889160156,0.8675729036331177,330.3409118652344
0.5344882011413574,666.9763793945312,0.7760334610939026,398.3099060058594
0.113543301820755,89.06298828125,0.06371739506721497,164.02162170410156
0.7683464288711548,23.0157470703125,0.9074440002441406,1.7043876647949219
0.5500787496566772,270.6929016113281,0.6863200664520264,392.19482421875
1.7661417722702026,490.85040283203125,1.6600807905197144,388.4927062988281
0.7059842348098755,94.56694030761719,0.5276569128036499,147.12489318847656
1.0333858728408813,276.19683837890625,1.32733952999115,322.3924255371094
0.4409448802471161,138.59841918945312,0.2950659692287445,203.34934997558594
0.4409448802471161,441.3149719238281,0.5730719566345215,435.0545349121094
0.5968503952026367,292.7086486816406,1.1719508171081543,346.3055419921875
0.8774803280830383,452.32281494140625,0.6993033289909363,502.1387939453125
1.6258267164230347,540.3858032226562,1.2025275230407715,591.7606201171875
0.34740158915519714,309.220458984375,0.5868778228759766,272.7281494140625
1.8596850633621216,672.4802856445312,1.3304803371429443,515.6567993164062
0.815118134021759,221.15748596191406,0.5867729783058167,280.76568603515625
1.017795443534851,661.472412109375,0.8609485626220703,563.0081787109375
1.1269291639328003,111.07874298095703,1.1345938444137573,163.02870178222656
0.815118134021759,232.16537475585938,0.8711360692977905,320.562744140625
1.9220472574234009,28.519685745239258,1.405723214149475,83.83084869384766
0.7995275855064392,567.905517578125,1.4564080238342285,483.75543212890625
1.4387401342391968,386.2756042480469,1.7917098999023438,274.5591735839844
0.9242519736289978,562.4015502929688,0.6685214638710022,346.7882995605469
0.5188976526260376,655.968505859375,0.8224982023239136,433.21588134765625
0.6280314922332764,177.1259765625,0.4073411524295807,395.73797607421875
1.423149585723877,281.7007751464844,1.2213791608810425,433.4992370605469
1.6414172649383545,622.9448852539062,1.25045907497406,479.8462829589844
0.28503936529159546,562.4015502929688,1.0966174602508545,581.0630493164062
1.2516535520553589,287.2047119140625,1.4205708503723145,393.8667297363281
1.5790550708770752,380.77166748046875,1.6522682905197144,492.0480651855469
1.1425197124481201,463.33074951171875,1.7212326526641846,615.6255493164062
1.828503966331482,116.58268737792969,1.2673367261886597,292.321533203125
1.9220472574234009,237.66929626464844,1.609184980392456,423.5652770996094
1.4075590372085571,364.2598876953125,1.7940685749053955,361.18731689453125
0.09795275330543518,463.33074951171875,0.8265370726585388,157.07875061035156
0.5500787496566772,364.2598876953125,0.820572555065155,331.3736572265625
0.20708660781383514,23.0157470703125,0.24251806735992432,-47.69186019897461
1.9376378059387207,133.094482421875,1.837114691734314,313.7187805175781
0.20708660781383514,265.18896484375,1.1118435859680176,247.6909942626953
1.1113386154174805,683.4881591796875,1.7994496822357178,602.5942993164062
0.12913386523723602,589.9212646484375,0.348298579454422,409.408203125
1.7193701267242432,672.4802856445312,1.2244718074798584,541.2666015625
0.7371653318405151,474.3385925292969,1.2232023477554321,327.6299133300781
0.6748031377792358,358.7558898925781,0.6003983020782471,255.5737762451172
1.5790550708770752,127.5905532836914,1.1853725910186768,327.70928955078125
1.0957480669021606,78.05511474609375,1.095302939414978,165.61013793945312
1.7973228693008423,617.44091796875,1.5785963535308838,608.5070190429688
1.1113386154174805,287.2047119140625,0.8643018007278442,241.44647216796875
1.4387401342391968,474.3385925292969,1.507922649383545,613.9832763671875
1.15811026096344,677.9842529296875,1.8498578071594238,529.3359375
0.6903936862945557,567.905517578125,0.7757436633110046,418.4717102050781
0.5656692981719971,138.59841918945312,0.0850495994091034,369.84442138671875
1.6102361679077148,122.08661651611328,1.0723544359207153,210.2387237548828
0.42535433173179626,435.81103515625,1.3972811698913574,443.8121643066406
0.8930708765983582,540.3858032226562,1.501187801361084,447.96917724609375
1.9220472574234009,551.3936767578125,1.1575312614440918,450.2681884765625
1.2516535520553589,127.5905532836914,1.2849677801132202,108.83712005615234
1.9376378059387207,435.81103515625,0.8705621361732483,487.37615966796875
0.33181101083755493,512.8661499023438,0.8751215934753418,257.6998291015625
0.659212589263916,556.8976440429688,0.9188739061355591,447.60809326171875
0.8462992310523987,182.62994384765625,0.5904038548469543,452.3073425292969
0.3006299138069153,281.7007751464844,0.2152121216058731,255.73695373535156
0.8774803280830383,358.7558898925781,0.7472558617591858,377.20184326171875
1.3451968431472778,369.7638244628906,1.300512671470642,436.328857421875
0.03559055179357529,199.14173889160156,-0.035585567355155945,132.16607666015625
1.8596850633621216,578.9133911132812,1.3920665979385376,499.0836486816406
0.7839370369911194,133.094482421875,0.8990433216094971,140.91372680664062
1.2516535520553589,435.81103515625,0.5134023427963257,547.0012817382812
1.5478739738464355,496.3543395996094,1.2810063362121582,410.0287170410156
1.7193701267242432,540.3858032226562,1.371768593788147,486.0069274902344
1.2516535520553589,507.3622131347656,1.6145174503326416,507.62799072265625
0.20708660781383514,611.93701171875,0.4681474566459656,490.6515808105469
1.9688189029693604,430.3070983886719,1.7314609289169312,555.6864624023438
0.7683464288711548,199.14173889160156,0.7181112170219421,357.0619812011719
1.7973228693008423,534.8818969726562,1.449416160583496,561.5455932617188
0.752755880355835,314.7243957519531,0.5754908323287964,379.2989807128906
1.329606294631958,221.15748596191406,1.3224564790725708,359.00372314453125
1.5478739738464355,639.4566650390625,1.4838476181030273,478.6595458984375
1.9688189029693604,683.4881591796875,1.5243465900421143,530.4193115234375
1.8908661603927612,166.11810302734375,1.9063109159469604,443.8086853027344
0.9866141676902771,199.14173889160156,0.7347873449325562,291.35260009765625
0.26944881677627563,655.968505859375,0.43664202094078064,414.2012939453125
0.6436220407485962,375.26776123046875,1.3895219564437866,288.8940734863281
1.6414172649383545,529.3779296875,1.1073575019836426,470.95550537109375
0.40976378321647644,562.4015502929688,0.7824383974075317,420.86981201171875
0.9398425221443176,672.4802856445312,1.104771614074707,364.3844909667969
1.4699212312698364,105.5748062133789,0.9682165384292603,116.19738006591797
1.2672441005706787,551.3936767578125,1.0403350591659546,465.823974609375
1.0489764213562012,567.905517578125,1.4477578401565552,533.966064453125
0.1759055107831955,204.6456756591797,0.2865801751613617,211.1407928466797
1.064566969871521,424.80316162109375,1.1884793043136597,501.0912780761719
1.5790550708770752,182.62994384765625,1.7792205810546875,296.3537292480469
0.06677165627479553,243.17323303222656,0.47039929032325745,170.94451904296875
0.12913386523723602,122.08661651611328,-0.10439363121986389,142.08761596679688
0.20708660781383514,292.7086486816406,0.22708849608898163,410.1766662597656
0.9866141676902771,457.8267517089844,1.197130799293518,575.1322021484375
1.6102361679077148,177.1259765625,1.0463757514953613,471.8921203613281
1.1892913579940796,39.527557373046875,1.011677622795105,205.77395629882812
0.238267719745636,496.3543395996094,0.8580434322357178,406.5642395019531
1.9532283544540405,144.10235595703125,1.221679449081421,314.3131103515625
1.15811026096344,496.3543395996094,1.5584796667099,582.8630981445312
0.019999999552965164,578.9133911132812,0.5408446192741394,295.3795471191406
1.5322834253311157,573.409423828125,1.6491512060165405,500.19940185546875
0.33181101083755493,100.07086944580078,0.4157547056674957,141.2803497314453
0.47212597727775574,133.094482421875,0.4850670397281647,185.34629821777344
1.812913417816162,446.8188781738281,1.6315802335739136,506.734619140625
1.5790550708770752,402.78741455078125,1.7664276361465454,276.96484375
1.4699212312698364,562.4015502929688,1.8945451974868774,520.8328247070312
0.8307086825370789,435.81103515625,0.5089444518089294,376.9405517578125
0.815118134021759,457.8267517089844,0.9947205781936646,453.68804931640625
1.1113386154174805,501.8582763671875,1.1020036935806274,384.5223693847656
1.501102328300476,534.8818969726562,1.4059326648712158,558.874267578125
1.4075590372085571,402.78741455078125,1.0447851419448853,203.58114624023438
0.5033071041107178,100.07086944580078,0.6000101566314697,-17.89261245727539
0.26944881677627563,622.9448852539062,0.9024593830108643,394.88507080078125
1.9220472574234009,347.7480163574219,1.6696828603744507,378.6876220703125
1.6102361679077148,281.7007751464844,0.5950222015380859,418.00677490234375
0.752755880355835,567.905517578125,1.4118034839630127,472.73760986328125
0.6280314922332764,551.3936767578125,1.037651777267456,463.2872009277344
1.4543306827545166,512.8661499023438,1.5000606775283813,423.80389404296875
1.1737008094787598,155.1102294921875,0.7658219337463379,378.0498352050781
2.0,622.9448852539062,1.5636228322982788,520.5701293945312
1.6102361679077148,193.63780212402344,1.747286319732666,384.65106201171875
1.423149585723877,353.251953125,1.18146812915802,549.7614135742188
1.906456708908081,369.7638244628906,1.1419874429702759,431.6024169921875
0.26944881677627563,661.472412109375,0.7000418901443481,562.5474853515625
0.019999999552965164,6.503936767578125,-0.021440614014863968,68.05970764160156
1.0489764213562012,551.3936767578125,1.2740939855575562,444.9196472167969
1.017795443534851,138.59841918945312,1.1591569185256958,382.7976989746094
1.0022047758102417,490.85040283203125,0.6744608283042908,576.4240112304688
1.6881890296936035,336.7401428222656,1.7354048490524292,500.838134765625
1.6570079326629639,523.8740234375,1.3303645849227905,415.6778259277344
1.6570079326629639,182.62994384765625,1.2005172967910767,363.2521057128906
1.2828346490859985,28.519685745239258,1.1648041009902954,40.32443618774414
1.7505512237548828,144.10235595703125,0.8713827133178711,355.2268981933594
1.9220472574234009,452.32281494140625,1.1111938953399658,430.8111267089844
0.47212597727775574,23.0157470703125,0.5990493893623352,31.81184959411621
1.8752756118774414,584.4172973632812,1.2487142086029053,538.1220092773438
0.7215747833251953,666.9763793945312,1.0954447984695435,484.60150146484375
0.9866141676902771,501.8582763671875,1.5510045289993286,440.4276123046875
0.8307086825370789,45.031494140625,0.7142983675003052,99.97593688964844
1.1269291639328003,331.2362060546875,0.8429208993911743,409.2503356933594
1.6258267164230347,160.61416625976562,1.239222764968872,244.7860565185547
0.019999999552965164,485.3464660644531,0.5244391560554504,329.4795227050781
0.19149605929851532,518.3700561523438,0.9261177778244019,323.57000732421875
1.064566969871521,600.9291381835938,0.7978541851043701,350.2458190917969
1.236063003540039,677.9842529296875,1.40326988697052,456.40203857421875
0.6280314922332764,221.15748596191406,0.36512792110443115,443.552978515625
0.6280314922332764,127.5905532836914,0.6017638444900513,123.12357330322266
0.8618897795677185,435.81103515625,1.516558051109314,456.4921569824219
1.1113386154174805,490.85040283203125,1.2319589853286743,445.2805480957031
1.8908661603927612,600.9291381835938,1.589137077331543,571.947509765625
1.828503966331482,243.17323303222656,1.5518046617507935,399.4178161621094
0.5500787496566772,45.031494140625,0.7614631652832031,37.060997009277344
0.14472442865371704,391.779541015625,0.6383388638496399,300.7055358886719
0.6748031377792358,677.9842529296875,1.1582828760147095,421.3675842285156
0.34740158915519714,1.0,0.5662935972213745,-51.43143844604492
0.36299213767051697,193.63780212402344,0.23332075774669647,234.02810668945312
0.34740158915519714,408.2913513183594,0.7535002827644348,410.2649230957031
0.6124409437179565,556.8976440429688,1.658112645149231,410.5296630859375
1.812913417816162,628.4487915039062,1.3742668628692627,595.7499389648438
0.3785826861858368,281.7007751464844,0.7608579993247986,380.4742736816406
1.4075590372085571,160.61416625976562,0.7406548261642456,257.7035827636719
1.3607873916625977,298.21258544921875,1.0141834020614624,592.1771850585938
0.3162204623222351,501.8582763671875,0.9501832723617554,424.0150146484375
0.9866141676902771,6.503936767578125,1.139552116394043,-56.83085632324219
0.6903936862945557,369.7638244628906,1.1625529527664185,378.0520935058594
0.2538582682609558,468.8346862792969,0.6483924984931946,595.9542236328125
0.6903936862945557,551.3936767578125,1.3066456317901611,554.1891479492188
0.9710236191749573,380.77166748046875,1.1220568418502808,418.225341796875
1.4543306827545166,50.53543472290039,1.1219452619552612,144.62738037109375
0.7839370369911194,507.3622131347656,0.9380305409431458,509.3309020996094
0.6280314922332764,116.58268737792969,0.7122577428817749,51.2316780090332
0.4565354287624359,595.4251708984375,0.8880955576896667,319.3914489746094
1.3451968431472778,276.19683837890625,1.2499148845672607,281.0696105957031
0.08236220479011536,171.62203979492188,0.1389382928609848,314.3554382324219
0.019999999552965164,567.905517578125,0.45183977484703064,364.3965759277344
0.03559055179357529,369.7638244628906,0.7624427080154419,302.356201171875
1.2672441005706787,666.9763793945312,1.5707083940505981,738.1041259765625
1.7505512237548828,573.409423828125,1.6332361698150635,527.4893188476562
1.8908661603927612,111.07874298095703,1.4693657159805298,266.3248596191406
0.5344882011413574,177.1259765625,0.4348556101322174,266.58685302734375
1.4699212312698364,485.3464660644531,1.7116633653640747,552.5780029296875
0.03559055179357529,688.9921264648438,0.6007267236709595,506.27783203125
0.5033071041107178,259.6850280761719,0.5544379949569702,378.2148742675781
0.5188976526260376,193.63780212402344,0.9439854025840759,227.9256134033203
0.7839370369911194,1.0,0.7058151960372925,44.91267776489258
0.113543301820755,446.8188781738281,0.9744516611099243,409.05303955078125
0.238267719745636,650.4645385742188,0.889421820640564,321.1068115234375
1.8752756118774414,655.968505859375,0.7050147652626038,523.5701904296875
0.7059842348098755,347.7480163574219,0.8567454814910889,310.1064147949219
0.7683464288711548,28.519685745239258,0.7362459897994995,-39.43025588989258
1.6258267164230347,589.9212646484375,0.7154998779296875,676.0816650390625
1.1425197124481201,67.0472412109375,0.8461484909057617,182.805419921875
0.26944881677627563,468.8346862792969,0.7760303616523743,211.14401245117188
1.4387401342391968,56.039371490478516,1.1332716941833496,249.98336791992188
1.4699212312698364,589.9212646484375,1.9032557010650635,250.055419921875
0.7371653318405151,34.02362060546875,0.8701266050338745,-37.9519157409668
0.5968503952026367,298.21258544921875,0.6142706871032715,382.0995788574219
1.2672441005706787,325.7322692871094,1.2748770713806152,428.0145568847656
0.4409448802471161,45.031494140625,0.5841564536094666,46.028079986572266
1.1269291639328003,617.44091796875,1.175023078918457,532.278076171875
1.3140157461166382,155.1102294921875,1.4757895469665527,373.8213195800781
0.6436220407485962,83.55905151367188,0.6745284795761108,145.44403076171875
1.6102361679077148,661.472412109375,1.1178500652313232,480.7908020019531
1.4543306827545166,199.14173889160156,1.5302804708480835,383.9031677246094
0.9398425221443176,6.503936767578125,0.9194246530532837,2.6404213905334473
0.8930708765983582,457.8267517089844,1.1991026401519775,390.61492919921875
0.9398425221443176,50.53543472290039,0.972748339176178,142.84439086914062
1.5790550708770752,474.3385925292969,1.2994211912155151,485.5127868652344
0.42535433173179626,72.55117797851562,0.42338237166404724,45.689449310302734
1.5634645223617554,6.503936767578125,1.265413522720337,168.53038024902344
0.33181101083755493,149.60629272460938,0.13198024034500122,253.50965881347656
0.9710236191749573,683.4881591796875,1.315442681312561,587.55078125
1.6102361679077148,490.85040283203125,1.187563180923462,383.1898498535156
0.5656692981719971,94.56694030761719,0.6509501934051514,86.19670867919922
1.064566969871521,188.13388061523438,0.7866719365119934,463.17822265625
0.09795275330543518,540.3858032226562,0.9971380829811096,262.49090576171875
1.3140157461166382,182.62994384765625,0.5925263166427612,376.7523498535156
0.42535433173179626,182.62994384765625,0.5418326258659363,345.63677978515625
1.423149585723877,237.66929626464844,1.0669254064559937,381.06011962890625
1.4543306827545166,644.9606323242188,1.4432728290557861,576.383544921875
0.19149605929851532,402.78741455078125,1.0020689964294434,344.8579406738281
1.7973228693008423,633.9527587890625,1.9532053470611572,521.1827392578125
0.5033071041107178,600.9291381835938,1.1672132015228271,626.8526611328125
1.1737008094787598,111.07874298095703,1.255100131034851,241.86766052246094
0.7683464288711548,210.1496124267578,0.6132014393806458,304.2264099121094
0.5500787496566772,402.78741455078125,0.8271961808204651,314.5675048828125
1.6881890296936035,232.16537475585938,1.6052886247634888,363.9312744140625
1.6414172649383545,331.2362060546875,1.3281646966934204,436.0513000488281
1.236063003540039,441.3149719238281,0.6202224493026733,327.1532287597656
2.0,50.53543472290039,1.5896239280700684,448.6376037597656
1.064566969871521,259.6850280761719,1.2203246355056763,489.13946533203125
1.8908661603927612,303.7165222167969,1.531635046005249,411.7700500488281
1.906456708908081,584.4172973632812,1.6730250120162964,538.5078735351562
1.594645619392395,270.6929016113281,1.297669768333435,321.8026428222656
1.2204724550247192,182.62994384765625,1.5672720670700073,409.0384216308594
1.9532283544540405,490.85040283203125,1.1497565507888794,456.32891845703125
1.3607873916625977,452.32281494140625,1.2298895120620728,394.5453186035156
1.4543306827545166,177.1259765625,0.946227490901947,343.9375305175781
1.236063003540039,61.54330825805664,0.787043571472168,94.89795684814453
0.8930708765983582,133.094482421875,0.9044217467308044,149.6050262451172
0.5812598466873169,408.2913513183594,0.635411262512207,353.80963134765625
0.4409448802471161,34.02362060546875,0.10036659240722656,15.477290153503418
0.48771652579307556,683.4881591796875,0.7100818753242493,400.9859924316406
1.594645619392395,193.63780212402344,1.362594485282898,436.4830627441406
0.5656692981719971,672.4802856445312,0.681230902671814,482.3503723144531
1.6725984811782837,149.60629272460938,1.2679510116577148,232.78793334960938
0.12913386523723602,281.7007751464844,0.7799907922744751,236.72552490234375
0.08236220479011536,298.21258544921875,0.3474418520927429,206.3831787109375
0.8307086825370789,468.8346862792969,1.0295133590698242,237.2927703857422
0.2538582682609558,512.8661499023438,0.7653041481971741,450.1962585449219
1.3607873916625977,545.8897705078125,1.3486732244491577,613.9169921875
1.6881890296936035,408.2913513183594,1.608285665512085,644.5524291992188
0.3006299138069153,6.503936767578125,0.1199420839548111,-40.2849235534668
0.05118110775947571,633.9527587890625,0.6621025204658508,388.0378112792969
1.2672441005706787,6.503936767578125,1.6533182859420776,-27.082073211669922
0.40976378321647644,116.58268737792969,0.33268028497695923,243.13180541992188
1.3451968431472778,177.1259765625,0.7433890700340271,423.7466125488281
0.7371653318405151,122.08661651611328,0.4179515540599823,188.55967712402344
0.5968503952026367,485.3464660644531,1.39711594581604,306.0041809082031
1.8908661603927612,584.4172973632812,1.100037693977356,535.4857788085938
1.3451968431472778,424.80316162109375,1.0528372526168823,445.8038330078125
0.6903936862945557,512.8661499023438,1.1081626415252686,348.91839599609375
1.3451968431472778,83.55905151367188,0.6289530992507935,205.5629425048828
0.3785826861858368,468.8346862792969,0.9790791273117065,226.08856201171875
0.9710236191749573,28.519685745239258,1.239524483680725,-17.298694610595703
0.12913386523723602,215.65354919433594,0.27066493034362793,191.14588928222656
0.238267719745636,160.61416625976562,0.454508900642395,119.6534194946289
0.9710236191749573,210.1496124267578,0.9210576415061951,133.65968322753906
1.0333858728408813,496.3543395996094,0.8396611213684082,551.553466796875
1.6102361679077148,182.62994384765625,1.384067177772522,121.40387725830078
0.5344882011413574,655.968505859375,1.2371973991394043,560.7626953125
0.752755880355835,523.8740234375,0.9345746040344238,543.2555541992188
1.0957480669021606,639.4566650390625,1.5152045488357544,559.546875
0.14472442865371704,397.2834777832031,0.3916040062904358,269.77484130859375
1.1269291639328003,166.11810302734375,1.0293439626693726,281.93365478515625
1.3919684886932373,391.779541015625,1.2363152503967285,429.71978759765625
0.9554330706596375,584.4172973632812,1.3720413446426392,386.134765625
0.20708660781383514,639.4566650390625,1.0822932720184326,412.2449035644531
0.019999999552965164,441.3149719238281,0.3694428503513336,405.6889953613281
0.7059842348098755,331.2362060546875,0.6406815052032471,328.223388671875
1.6881890296936035,419.2992248535156,1.518509030342102,538.561767578125
1.0333858728408813,353.251953125,1.1929794549942017,342.248291015625
1.2672441005706787,89.06298828125,1.3290616273880005,192.80722045898438
0.1759055107831955,138.59841918945312,0.012001288123428822,145.15615844726562
0.1759055107831955,573.409423828125,0.9508086442947388,352.045166015625
1.4075590372085571,529.3779296875,1.1031447649002075,538.02099609375
1.7817323207855225,666.9763793945312,1.4104796648025513,602.5949096679688
0.9398425221443176,578.9133911132812,0.798433244228363,309.0299377441406
1.501102328300476,694.4960327148438,1.1254963874816895,292.6489562988281
0.1759055107831955,606.4330444335938,0.46630164980888367,458.0423583984375
1.3140157461166382,144.10235595703125,1.1545294523239136,157.7398681640625
0.5656692981719971,342.24407958984375,0.6412822008132935,419.5317077636719
1.329606294631958,166.11810302734375,1.319275140762329,316.648681640625
0.752755880355835,617.44091796875,1.1582355499267578,526.6190185546875
1.2048819065093994,677.9842529296875,1.7283803224563599,584.5462036132812
0.7683464288711548,518.3700561523438,1.0733704566955566,534.3732299804688
1.4387401342391968,177.1259765625,1.1251027584075928,377.9150695800781
1.1113386154174805,94.56694030761719,0.7483362555503845,250.8058319091797
1.0489764213562012,127.5905532836914,1.1439685821533203,259.37255859375
1.0801575183868408,325.7322692871094,1.0436367988586426,298.9178466796875
0.5344882011413574,155.1102294921875,0.8759394288063049,149.63087463378906
0.659212589263916,457.8267517089844,0.4364439845085144,497.4293212890625
1.594645619392395,518.3700561523438,1.2266367673873901,527.138427734375
0.6280314922332764,375.26776123046875,0.7812339663505554,354.4335632324219
0.7215747833251953,39.527557373046875,0.5470786690711975,122.3845443725586
0.9398425221443176,446.8188781738281,1.3146177530288696,337.6602783203125
0.16031496226787567,78.05511474609375,0.041272539645433426,166.84918212890625
1.501102328300476,688.9921264648438,1.1957342624664307,334.5422668457031
1.9532283544540405,694.4960327148438,1.1865936517715454,506.4660339355469
1.064566969871521,551.3936767578125,0.9242502450942993,570.50390625
1.6258267164230347,199.14173889160156,1.317010760307312,384.6794738769531
0.6748031377792358,23.0157470703125,0.8321760892868042,-54.238929748535156
1.4855117797851562,94.56694030761719,1.5791423320770264,51.13893508911133
1.0022047758102417,700.0,1.1074347496032715,505.1540832519531
1.7661417722702026,617.44091796875,1.5201174020767212,348.8775634765625
0.9242519736289978,309.220458984375,0.7685959935188293,515.0966796875
0.47212597727775574,413.7952880859375,0.6935625076293945,401.8433532714844
0.9866141676902771,210.1496124267578,0.9449289441108704,389.7044372558594
0.5968503952026367,336.7401428222656,1.1095449924468994,277.3245544433594
0.5500787496566772,353.251953125,1.1142789125442505,469.2408142089844
0.7995275855064392,457.8267517089844,1.0548990964889526,442.7908020019531
0.113543301820755,6.503936767578125,0.15060169994831085,30.028718948364258
1.516692876815796,226.66140747070312,1.0702810287475586,256.6329345703125
1.4387401342391968,391.779541015625,0.6341502666473389,489.054443359375
1.6570079326629639,12.00787353515625,1.5470370054244995,5.006413459777832
0.47212597727775574,452.32281494140625,0.6805402636528015,465.7695617675781
1.3451968431472778,298.21258544921875,1.0661956071853638,509.23870849609375
0.34740158915519714,441.3149719238281,0.7267377972602844,370.6424560546875
0.9554330706596375,369.7638244628906,0.8292504549026489,429.0216369628906
1.4387401342391968,204.6456756591797,1.6943800449371338,266.829345703125
1.9376378059387207,666.9763793945312,1.4290448427200317,559.7062377929688
1.3763779401779175,182.62994384765625,1.2592486143112183,438.69915771484375
2.0,611.93701171875,1.966947078704834,449.2973327636719
1.6414172649383545,100.07086944580078,0.702322244644165,249.38015747070312
1.329606294631958,78.05511474609375,1.1439543962478638,222.98190307617188
1.5478739738464355,89.06298828125,1.071885585784912,111.45884704589844
1.812913417816162,661.472412109375,1.1018644571304321,571.749755859375
1.4855117797851562,281.7007751464844,1.26939857006073,374.514892578125
0.113543301820755,116.58268737792969,0.40244820713996887,210.1190643310547
0.238267719745636,237.66929626464844,0.42472419142723083,88.1796875
0.7839370369911194,468.8346862792969,1.23379647731781,129.5206298828125
1.2984251976013184,50.53543472290039,1.260313630104065,142.55960083007812
1.423149585723877,12.00787353515625,1.5718436241149902,30.027748107910156
0.9866141676902771,485.3464660644531,1.127568244934082,480.8171081542969
0.9710236191749573,688.9921264648438,0.5830833911895752,570.5968627929688
0.9242519736289978,193.63780212402344,1.2299840450286865,248.15054321289062
1.594645619392395,215.65354919433594,1.0767399072647095,324.6521911621094
0.8618897795677185,501.8582763671875,1.294724464416504,332.3431701660156
1.5322834253311157,320.22833251953125,1.1780743598937988,374.1412353515625
1.423149585723877,529.3779296875,1.4401533603668213,451.1320495605469
1.1425197124481201,138.59841918945312,1.1162725687026978,141.55247497558594
1.0333858728408813,83.55905151367188,0.5216039419174194,213.09544372558594
0.8618897795677185,556.8976440429688,1.213485598564148,451.4940490722656
0.4409448802471161,303.7165222167969,0.4823586642742157,196.52395629882812
0.40976378321647644,243.17323303222656,0.15379874408245087,218.7962188720703
1.15811026096344,633.9527587890625,0.9410837292671204,573.869873046875
0.4409448802471161,325.7322692871094,0.27482956647872925,296.8882751464844
0.3006299138069153,50.53543472290039,0.04476785659790039,78.23167419433594
1.5634645223617554,111.07874298095703,1.3197401762008667,210.26162719726562
1.5478739738464355,149.60629272460938,1.3569869995117188,118.75123596191406
0.3785826861858368,567.905517578125,0.6049361228942871,537.6000366210938
0.33181101083755493,45.031494140625,0.15613868832588196,95.35608673095703
0.40976378321647644,221.15748596191406,0.7631971836090088,238.06231689453125
1.0333858728408813,529.3779296875,1.1640962362289429,454.83721923828125
0.28503936529159546,551.3936767578125,0.9144826531410217,526.7164306640625
0.8307086825370789,336.7401428222656,1.0133548974990845,333.375
1.1113386154174805,50.53543472290039,1.493268609046936,-31.150123596191406
0.7059842348098755,67.0472412109375,0.6803964376449585,130.2579803466797
1.2672441005706787,265.18896484375,0.8936351537704468,362.7857360839844
0.7683464288711548,309.220458984375,1.0123817920684814,375.9345703125
0.6748031377792358,490.85040283203125,1.3932278156280518,505.2481689453125
1.064566969871521,474.3385925292969,0.9797919988632202,661.0862426757812
1.3451968431472778,633.9527587890625,1.6830363273620605,537.8455810546875
1.8440945148468018,12.00787353515625,1.236112117767334,161.9929656982422
0.3785826861858368,265.18896484375,0.8078755736351013,173.4854278564453
1.516692876815796,611.93701171875,1.2105401754379272,468.9781494140625
0.019999999552965164,199.14173889160156,0.39143481850624084,112.90080261230469
0.4409448802471161,232.16537475585938,0.5904494524002075,287.4247741699219
1.8908661603927612,501.8582763671875,1.2701783180236816,429.0763854980469
1.6102361679077148,325.7322692871094,1.6451871395111084,374.4033508300781
0.5188976526260376,199.14173889160156,0.5688837170600891,178.0847625732422
0.815118134021759,479.842529296875,0.7827791571617126,532.105712890625
1.0957480669021606,468.8346862792969,1.213300108909607,505.8451232910156
0.019999999552965164,468.8346862792969,0.01850171945989132,357.4935302734375
1.9220472574234009,320.22833251953125,1.1735916137695312,550.5008544921875
1.1737008094787598,1.0,1.0306187868118286,-15.017120361328125
1.7193701267242432,567.905517578125,1.740175724029541,553.003662109375
1.0489764213562012,281.7007751464844,1.2122981548309326,466.8533020019531
1.017795443534851,446.8188781738281,1.1777517795562744,439.64044189453125
1.1269291639328003,479.842529296875,0.6207486987113953,547.8650512695312
0.08236220479011536,259.6850280761719,0.6965287327766418,286.6571960449219
0.33181101083755493,391.779541015625,1.09141206741333,413.3856201171875
1.5634645223617554,83.55905151367188,1.023862361907959,287.6137390136719
1.2048819065093994,501.8582763671875,1.386366605758667,421.1177978515625
0.019999999552965164,672.4802856445312,0.3054641783237457,547.2230224609375
1.2204724550247192,639.4566650390625,1.214884877204895,522.2867431640625
0.6748031377792358,221.15748596191406,0.6373276114463806,295.8479919433594
1.501102328300476,83.55905151367188,1.3018074035644531,445.8492431640625
2.0,380.77166748046875,1.4675908088684082,498.3982238769531
0.7995275855064392,633.9527587890625,0.9509425163269043,522.572509765625
1.6881890296936035,584.4172973632812,2.1907432079315186,562.1463012695312
0.20708660781383514,364.2598876953125,0.1284964680671692,409.7934875488281
1.6414172649383545,254.1811065673828,1.5475910902023315,243.14926147460938
0.08236220479011536,639.4566650390625,0.7497926354408264,456.4396667480469
0.5188976526260376,105.5748062133789,0.5771659016609192,158.2574920654297
1.7505512237548828,6.503936767578125,1.2775226831436157,30.881471633911133
1.9688189029693604,281.7007751464844,1.6234211921691895,401.7495422363281
1.7661417722702026,83.55905151367188,1.2431524991989136,309.53759765625
0.09795275330543518,166.11810302734375,0.1488645374774933,126.01215362548828
1.906456708908081,644.9606323242188,1.826322078704834,659.4161376953125
0.7059842348098755,83.55905151367188,0.8150792121887207,17.129758834838867
0.019999999552965164,408.2913513183594,0.32240596413612366,276.8069763183594
1.5322834253311157,78.05511474609375,1.4253594875335693,187.71981811523438
0.20708660781383514,573.409423828125,0.8310827612876892,307.7414855957031
1.7505512237548828,309.220458984375,1.6741151809692383,453.76605224609375
0.09795275330543518,215.65354919433594,0.3531789481639862,215.5033721923828
0.6280314922332764,567.905517578125,0.9521626830101013,302.55694580078125
1.8440945148468018,364.2598876953125,1.1478651762008667,288.3366394042969
0.7995275855064392,518.3700561523438,0.7016153335571289,470.0478210449219
1.594645619392395,507.3622131347656,1.6020570993423462,570.5386962890625
0.42535433173179626,83.55905151367188,0.4153679609298706,139.5579376220703
1.0489764213562012,700.0,1.2348144054412842,550.3873901367188
0.5188976526260376,595.4251708984375,0.5926229953765869,543.0187377929688
0.40976378321647644,105.5748062133789,0.3486778736114502,158.68296813964844
0.5033071041107178,210.1496124267578,0.7461637854576111,237.39645385742188
1.828503966331482,562.4015502929688,0.7194229960441589,661.2625732421875
0.659212589263916,672.4802856445312,1.226715087890625,594.76611328125
0.5968503952026367,320.22833251953125,0.6764042377471924,291.8968200683594
1.594645619392395,600.9291381835938,0.7823343873023987,570.6102294921875
1.0489764213562012,611.93701171875,1.0669355392456055,490.1953430175781
1.828503966331482,276.19683837890625,1.4709501266479492,551.1343383789062
0.7683464288711548,221.15748596191406,0.7489174008369446,209.42137145996094
0.19149605929851532,584.4172973632812,0.3455488085746765,384.7447204589844
1.734960675239563,567.905517578125,1.834255576133728,488.177490234375
1.4855117797851562,683.4881591796875,1.6038880348205566,570.20166015625
1.828503966331482,259.6850280761719,1.4486750364303589,302.21527099609375
0.28503936529159546,534.8818969726562,0.9562333226203918,304.5872497558594
1.064566969871521,50.53543472290039,0.9328463673591614,141.56423950195312
0.28503936529159546,441.3149719238281,0.7532936334609985,350.96038818359375
0.9242519736289978,138.59841918945312,1.0769000053405762,263.1846618652344
0.47212597727775574,479.842529296875,1.1327157020568848,394.4718933105469
0.34740158915519714,127.5905532836914,0.4494122564792633,32.11628723144531
1.594645619392395,650.4645385742188,1.4217637777328491,555.3632202148438
1.516692876815796,72.55117797851562,0.998606264591217,317.9135437011719
0.3941732347011566,199.14173889160156,0.3481687307357788,380.2024841308594
0.238267719745636,430.3070983886719,0.8472872972488403,292.3041687011719
1.5634645223617554,595.4251708984375,1.5559605360031128,493.93951416015625
1.1737008094787598,270.6929016113281,1.210120439529419,268.5546875
1.4699212312698364,281.7007751464844,1.0156314373016357,291.6913146972656
0.815118134021759,661.472412109375,1.0746691226959229,442.04461669921875
1.7037795782089233,237.66929626464844,1.2675411701202393,344.0579833984375
1.236063003540039,353.251953125,1.3349111080169678,439.3011169433594
1.2984251976013184,182.62994384765625,0.9651644825935364,349.3072204589844
1.828503966331482,430.3070983886719,1.6100953817367554,602.1907348632812
1.812913417816162,298.21258544921875,1.165708065032959,340.0035400390625
0.28503936529159546,270.6929016113281,0.41084516048431396,196.69927978515625
1.9532283544540405,281.7007751464844,1.140589952468872,420.38568115234375
0.14472442865371704,661.472412109375,0.4659847021102905,350.4006652832031
0.113543301820755,331.2362060546875,0.486909955739975,297.5853576660156
1.2828346490859985,650.4645385742188,1.0164260864257812,393.5567932128906
1.8596850633621216,666.9763793945312,1.4680275917053223,433.6410217285156
0.5344882011413574,204.6456756591797,0.13041308522224426,336.9464111328125
1.828503966331482,122.08661651611328,1.423336386680603,195.4979705810547
0.113543301820755,166.11810302734375,0.10403287410736084,176.6157989501953
0.9398425221443176,375.26776123046875,0.740336000919342,238.02394104003906
1.9376378059387207,496.3543395996094,1.06373131275177,543.8491821289062
0.42535433173179626,661.472412109375,0.5441248416900635,420.9788513183594
1.2984251976013184,424.80316162109375,1.234419345855713,350.30810546875
0.33181101083755493,336.7401428222656,0.4783593416213989,368.871337890625
1.6881890296936035,210.1496124267578,1.5464195013046265,165.37896728515625
0.5188976526260376,551.3936767578125,0.9596555233001709,558.509765625
1.236063003540039,23.0157470703125,1.3401966094970703,108.62712860107422
1.906456708908081,254.1811065673828,1.3907201290130615,318.77978515625
1.5322834253311157,23.0157470703125,1.4956934452056885,15.414346694946289
1.1737008094787598,61.54330825805664,1.1297825574874878,126.257568359375
0.7059842348098755,309.220458984375,0.32656776905059814,468.6600036621094
2.0,518.3700561523438,1.175389289855957,373.8251953125
1.6881890296936035,265.18896484375,0.9636554718017578,410.3007507324219
0.26944881677627563,254.1811065673828,0.8360506296157837,351.60638427734375
1.1737008094787598,430.3070983886719,1.6551052331924438,560.1917724609375
1.423149585723877,479.842529296875,1.3781412839889526,403.1216735839844
0.815118134021759,342.24407958984375,1.2376081943511963,395.838134765625
0.752755880355835,677.9842529296875,1.0889216661453247,485.0991516113281
1.9688189029693604,259.6850280761719,0.7913144826889038,505.48089599609375
0.5033071041107178,562.4015502929688,1.1992570161819458,505.3187255859375
1.1113386154174805,122.08661651611328,0.9615165591239929,155.52572631835938
1.5322834253311157,127.5905532836914,0.9331086874008179,234.2711944580078
1.4075590372085571,501.8582763671875,1.143728494644165,474.98052978515625
1.0801575183868408,67.0472412109375,0.8593239188194275,178.9685821533203
1.5790550708770752,501.8582763671875,0.7700797915458679,508.3340148925781
1.9376378059387207,28.519685745239258,0.9296237230300903,160.94393920898438
0.1759055107831955,177.1259765625,0.7255164980888367,123.40170288085938
0.3785826861858368,243.17323303222656,1.1703883409500122,331.4566650390625
1.3919684886932373,78.05511474609375,1.1775134801864624,170.67857360839844
1.7817323207855225,298.21258544921875,1.6698309183120728,226.664306640625
0.36299213767051697,644.9606323242188,0.4588329792022705,473.09564208984375
0.7839370369911194,353.251953125,0.7312178015708923,510.3526611328125
0.3162204623222351,331.2362060546875,0.44251084327697754,503.5428161621094
0.06677165627479553,485.3464660644531,0.1617249995470047,390.5139465332031
0.09795275330543518,666.9763793945312,0.7714774012565613,333.31842041015625
0.7995275855064392,364.2598876953125,1.6125328540802002,202.83111572265625
0.09795275330543518,61.54330825805664,0.1088358610868454,146.9683837890625
1.4543306827545166,78.05511474609375,1.125065803527832,210.8463897705078
0.3162204623222351,518.3700561523438,1.0730946063995361,292.3284606933594
1.0801575183868408,600.9291381835938,0.9644323587417603,448.622314453125
0.5033071041107178,34.02362060546875,0.9887944459915161,28.578536987304688
0.26944881677627563,331.2362060546875,0.599253237247467,305.3061828613281
1.0489764213562012,380.77166748046875,1.2730497121810913,408.61749267578125
0.8618897795677185,45.031494140625,0.8133832812309265,-16.825639724731445
1.6570079326629639,199.14173889160156,1.2080060243606567,303.2719421386719
1.734960675239563,303.7165222167969,1.669005274772644,382.3902587890625
1.828503966331482,204.6456756591797,1.005665898323059,423.0106201171875
0.9398425221443176,61.54330825805664,0.41461947560310364,175.15362548828125
1.1113386154174805,72.55117797851562,1.1552937030792236,45.105342864990234
1.3451968431472778,595.4251708984375,1.510737419128418,410.7629699707031
0.40976378321647644,512.8661499023438,0.8039587140083313,341.2325744628906
0.3785826861858368,430.3070983886719,0.8995848298072815,304.0712585449219
1.15811026096344,556.8976440429688,1.3888589143753052,379.6253967285156
1.8596850633621216,83.55905151367188,1.5757488012313843,146.5409698486328
0.36299213767051697,232.16537475585938,0.429641455411911,295.7303161621094
0.48771652579307556,83.55905151367188,0.3704233467578888,93.00772857666016
0.03559055179357529,402.78741455078125,0.4759427011013031,264.0911865234375
1.7505512237548828,28.519685745239258,1.8745819330215454,66.2721176147461
1.3919684886932373,171.62203979492188,1.2577921152114868,292.18536376953125
1.8596850633621216,248.6771697998047,1.43352472782135,288.1371154785156
0.659212589263916,402.78741455078125,0.9743969440460205,354.36456298828125
0.1759055107831955,215.65354919433594,0.5022459030151367,238.27157592773438
1.4699212312698364,309.220458984375,1.1318200826644897,527.9739379882812
1.5634645223617554,567.905517578125,0.8949101567268372,534.3140258789062
1.2516535520553589,303.7165222167969,1.0639803409576416,276.47454833984375
1.5322834253311157,512.8661499023438,1.407196044921875,635.4412841796875
1.2984251976013184,122.08661651611328,0.8677528500556946,376.9360046386719
1.1269291639328003,94.56694030761719,0.7588690519332886,234.38018798828125
1.4855117797851562,122.08661651611328,1.1673994064331055,197.28921508789062
1.6725984811782837,67.0472412109375,1.523256778717041,169.30926513671875
1.9688189029693604,23.0157470703125,1.653651475906372,91.37770080566406
0.8774803280830383,215.65354919433594,1.3638768196105957,316.1950988769531
1.9220472574234009,419.2992248535156,1.8052154779434204,289.4892578125
1.6881890296936035,441.3149719238281,1.5599101781845093,557.3375244140625
0.7839370369911194,237.66929626464844,1.0384033918380737,169.96717834472656
1.8908661603927612,556.8976440429688,1.3761494159698486,560.5814208984375
1.6881890296936035,490.85040283203125,2.0084547996520996,342.424072265625
0.3941732347011566,452.32281494140625,0.5932726263999939,282.1799011230469
0.9398425221443176,501.8582763671875,1.3492096662521362,486.21856689453125
0.28503936529159546,435.81103515625,0.5479028820991516,437.03076171875
0.33181101083755493,188.13388061523438,0.14923833310604095,191.2090301513672
0.26944881677627563,545.8897705078125,0.7884006500244141,254.3467559814453
1.734960675239563,122.08661651611328,1.2611624002456665,140.41563415527344
1.1892913579940796,237.66929626464844,0.9363512396812439,492.86883544921875
1.828503966331482,545.8897705078125,1.1431320905685425,644.5447387695312
1.0333858728408813,562.4015502929688,1.0054491758346558,439.8747863769531
1.6258267164230347,672.4802856445312,1.60233473777771,510.6629333496094
1.4699212312698364,89.06298828125,1.3616716861724854,230.8724365234375
1.6570079326629639,408.2913513183594,1.493118166923523,287.7582702636719
0.20708660781383514,243.17323303222656,0.4553193151950836,196.9304656982422
1.7193701267242432,248.6771697998047,1.235716700553894,302.1846923828125
0.113543301820755,523.8740234375,0.3629004657268524,501.01300048828125
1.0489764213562012,287.2047119140625,1.5933345556259155,224.79052734375
1.7037795782089233,336.7401428222656,1.0814244747161865,282.3541564941406
1.8908661603927612,292.7086486816406,1.3355876207351685,417.5011291503906
1.4543306827545166,243.17323303222656,1.0064702033996582,437.1407470703125
0.9398425221443176,397.2834777832031,0.96596759557724,531.8309936523438
0.12913386523723602,193.63780212402344,0.5413236021995544,310.7948913574219
1.7973228693008423,204.6456756591797,1.5152231454849243,389.3933410644531
1.423149585723877,457.8267517089844,1.278184175491333,473.1221618652344
0.22267717123031616,17.511810302734375,0.2621157169342041,-58.70957946777344
1.5790550708770752,353.251953125,0.973417341709137,517.3717651367188
1.4387401342391968,100.07086944580078,0.8672358989715576,419.4389953613281
1.2516535520553589,116.58268737792969,1.148805022239685,265.4774169921875
1.8908661603927612,248.6771697998047,1.6279854774475098,492.49786376953125
1.1269291639328003,50.53543472290039,0.9946866035461426,4.217236518859863
0.06677165627479553,364.2598876953125,0.07631135731935501,312.072509765625
0.3785826861858368,655.968505859375,1.0731900930404663,656.7312622070312
1.7817323207855225,584.4172973632812,1.4901814460754395,484.9512023925781
0.12913386523723602,298.21258544921875,0.01238296739757061,387.6513977050781
0.1759055107831955,474.3385925292969,0.6902242302894592,373.5079650878906
0.019999999552965164,237.66929626464844,0.3979180157184601,270.9098815917969
1.6258267164230347,232.16537475585938,1.6614959239959717,183.80531311035156
1.5478739738464355,540.3858032226562,1.225467324256897,485.7666015625
0.8930708765983582,138.59841918945312,1.1348092555999756,305.99468994140625
0.4409448802471161,380.77166748046875,0.9923834204673767,271.0270690917969
0.9398425221443176,243.17323303222656,0.8856397271156311,449.71905517578125
1.1113386154174805,67.0472412109375,1.2399623394012451,-7.086444854736328
1.15811026096344,402.78741455078125,2.20458984375,498.9295654296875
1.2516535520553589,144.10235595703125,0.9664996266365051,153.98512268066406
0.34740158915519714,501.8582763671875,0.8208485245704651,347.2972717285156
1.906456708908081,529.3779296875,1.4344781637191772,687.51513671875
1.0801575183868408,424.80316162109375,1.3471394777297974,352.7455139160156
1.8596850633621216,369.7638244628906,1.2427294254302979,399.7520446777344
1.516692876815796,259.6850280761719,1.2186975479125977,355.8708190917969
0.14472442865371704,182.62994384765625,0.35555094480514526,153.8983917236328
0.12913386523723602,342.24407958984375,0.7434960603713989,400.3585510253906
1.812913417816162,677.9842529296875,1.5436204671859741,430.18768310546875
0.8462992310523987,556.8976440429688,1.3836179971694946,369.8614807128906
0.19149605929851532,309.220458984375,0.8042470812797546,282.3251647949219
1.9220472574234009,331.2362060546875,1.3405455350875854,484.1987609863281
1.2516535520553589,12.00787353515625,1.290367841720581,61.79666519165039
0.5188976526260376,336.7401428222656,1.166803240776062,400.4050598144531
0.09795275330543518,545.8897705078125,0.3887993395328522,353.0872802734375
0.8930708765983582,314.7243957519531,0.8223715424537659,429.2874450683594
1.7973228693008423,166.11810302734375,0.7471060752868652,167.7523193359375
1.594645619392395,589.9212646484375,1.2732356786727905,542.0817260742188
0.6280314922332764,94.56694030761719,0.3153006136417389,217.07408142089844
1.0333858728408813,672.4802856445312,1.2068766355514526,377.1107482910156
0.5968503952026367,248.6771697998047,0.6543713212013245,408.3052978515625
0.7839370369911194,380.77166748046875,1.0583055019378662,408.13232421875
0.20708660781383514,507.3622131347656,0.5660737156867981,497.5622863769531
0.7995275855064392,529.3779296875,1.2848148345947266,538.1635131835938
1.3607873916625977,518.3700561523438,1.360145092010498,385.79669189453125
1.423149585723877,424.80316162109375,0.829932451248169,562.5252075195312
0.8462992310523987,144.10235595703125,0.7574126124382019,350.538330078125
0.16031496226787567,617.44091796875,0.28176912665367126,414.06927490234375
1.9532283544540405,320.22833251953125,1.0356864929199219,443.95318603515625
1.7661417722702026,666.9763793945312,1.3709074258804321,541.5541381835938
1.5634645223617554,61.54330825805664,1.1842660903930664,366.083740234375
0.47212597727775574,551.3936767578125,0.9370051026344299,294.7859191894531
1.734960675239563,490.85040283203125,1.0071548223495483,486.7615966796875
0.908661425113678,17.511810302734375,1.2868080139160156,-67.17654418945312
0.14472442865371704,155.1102294921875,0.16081836819648743,343.4330749511719
1.0333858728408813,600.9291381835938,1.2998143434524536,399.169921875
1.5478739738464355,661.472412109375,1.2234247922897339,545.3974609375
1.4855117797851562,23.0157470703125,1.3075510263442993,125.8406982421875
0.7371653318405151,292.7086486816406,0.7595483064651489,302.4032287597656
0.14472442865371704,149.60629272460938,0.13328887522220612,266.9692687988281
0.6280314922332764,171.62203979492188,0.6757094860076904,183.05178833007812
1.4387401342391968,61.54330825805664,1.0860843658447266,142.4005584716797
0.9242519736289978,661.472412109375,1.4898202419281006,595.253173828125
0.7683464288711548,287.2047119140625,1.208737850189209,402.9327392578125
0.8618897795677185,144.10235595703125,0.7667118310928345,247.2341766357422
1.2672441005706787,149.60629272460938,1.5029069185256958,207.71922302246094
0.7371653318405151,529.3779296875,1.3310620784759521,440.0556335449219
0.8462992310523987,237.66929626464844,0.6620290279388428,402.34832763671875
0.05118110775947571,149.60629272460938,0.037012990564107895,56.326866149902344
1.6725984811782837,281.7007751464844,1.431398868560791,544.2853393554688
1.516692876815796,578.9133911132812,1.6089928150177002,511.7047424316406
1.5322834253311157,358.7558898925781,0.8250849843025208,455.6241149902344
1.1425197124481201,386.2756042480469,0.8030786514282227,418.7643127441406
1.0022047758102417,50.53543472290039,1.0209827423095703,81.83016204833984
0.659212589263916,655.968505859375,1.1257991790771484,520.09326171875
1.1737008094787598,573.409423828125,0.7302632331848145,503.1988525390625
0.08236220479011536,50.53543472290039,0.004166778177022934,14.985633850097656
1.064566969871521,452.32281494140625,1.0143539905548096,485.0660095214844
0.7371653318405151,320.22833251953125,1.1117297410964966,351.1507568359375
0.06677165627479553,578.9133911132812,0.878585934638977,540.0325317382812
0.9710236191749573,298.21258544921875,1.1073356866836548,326.12738037109375
1.064566969871521,61.54330825805664,0.8539060950279236,31.287721633911133
1.906456708908081,496.3543395996094,1.4568578004837036,439.884521484375
1.2672441005706787,226.66140747070312,1.3235447406768799,500.4393005371094
1.4075590372085571,210.1496124267578,0.974914014339447,155.38949584960938
1.734960675239563,391.779541015625,0.9587894082069397,546.8797607421875
0.14472442865371704,600.9291381835938,0.8069841861724854,564.1295166015625
1.3140157461166382,468.8346862792969,0.9660687446594238,360.7543029785156
1.8752756118774414,402.78741455078125,1.4531959295272827,456.3321228027344
0.34740158915519714,116.58268737792969,0.43567219376564026,142.10934448242188
0.03559055179357529,303.7165222167969,-0.08492238819599152,368.8589172363281
0.40976378321647644,127.5905532836914,0.4054892063140869,149.45123291015625
0.8774803280830383,177.1259765625,1.1524040699005127,177.61520385742188
1.5790550708770752,281.7007751464844,1.1802576780319214,399.5648193359375
1.4543306827545166,507.3622131347656,1.112301230430603,254.2315216064453
0.14472442865371704,78.05511474609375,-0.1544996052980423,114.40668487548828
1.1425197124481201,336.7401428222656,1.1223787069320679,335.20458984375
1.3451968431472778,331.2362060546875,0.7529702186584473,271.790283203125
1.9688189029693604,534.8818969726562,1.8180475234985352,516.546630859375
0.5968503952026367,67.0472412109375,0.7268308997154236,115.7923355102539
0.4565354287624359,23.0157470703125,0.5432273149490356,0.20769482851028442
0.22267717123031616,210.1496124267578,0.1540186107158661,224.3756866455078
1.734960675239563,298.21258544921875,1.3653312921524048,377.8388366699219
0.238267719745636,507.3622131347656,0.4316008985042572,523.3713989257812
0.659212589263916,490.85040283203125,1.5511665344238281,415.12139892578125
1.4075590372085571,221.15748596191406,0.9002569317817688,216.03021240234375
0.6124409437179565,56.039371490478516,1.0748324394226074,31.104843139648438
1.1425197124481201,369.7638244628906,0.9670448303222656,446.115234375
1.7037795782089233,677.9842529296875,1.2457256317138672,660.0640869140625
1.0333858728408813,700.0,1.5384631156921387,521.8687744140625
1.423149585723877,474.3385925292969,1.0146398544311523,543.6324462890625
1.734960675239563,364.2598876953125,0.7570734024047852,465.1797180175781
0.8774803280830383,485.3464660644531,0.9941767454147339,523.662841796875
1.7193701267242432,589.9212646484375,1.7834173440933228,526.8831176757812
0.48771652579307556,243.17323303222656,0.7298697233200073,209.55516052246094
0.4565354287624359,12.00787353515625,0.6104348301887512,-42.8018684387207
0.42535433173179626,6.503936767578125,0.5715146064758301,-53.79879379272461
1.7037795782089233,303.7165222167969,1.1930180788040161,450.9344177246094
1.1737008094787598,595.4251708984375,0.9895613789558411,369.070068359375
1.329606294631958,265.18896484375,1.2888919115066528,321.93621826171875
0.5656692981719971,177.1259765625,0.8436772227287292,324.74920654296875
0.7683464288711548,177.1259765625,0.6053640842437744,212.54849243164062
0.9710236191749573,6.503936767578125,1.1095043420791626,-61.54051971435547
0.06677165627479553,50.53543472290039,0.17193013429641724,58.45710754394531
0.5500787496566772,243.17323303222656,0.12061676383018494,324.76263427734375
0.4409448802471161,595.4251708984375,0.420226514339447,372.8592224121094
1.516692876815796,111.07874298095703,1.242854356765747,278.885498046875
0.8618897795677185,512.8661499023438,1.2391647100448608,421.8893737792969
1.594645619392395,419.2992248535156,1.3815934658050537,297.8265075683594
0.9554330706596375,419.2992248535156,1.3481730222702026,389.66937255859375
1.828503966331482,83.55905151367188,1.2836463451385498,317.15997314453125
1.9844094514846802,325.7322692871094,1.1912519931793213,249.0060272216797
1.3919684886932373,452.32281494140625,1.0658730268478394,467.7778015136719
0.238267719745636,402.78741455078125,0.852611243724823,423.12969970703125
1.8908661603927612,534.8818969726562,1.7938737869262695,464.1849365234375
0.5812598466873169,353.251953125,0.767914354801178,258.1958312988281
1.0957480669021606,485.3464660644531,1.356199860572815,555.6719970703125
1.064566969871521,166.11810302734375,1.2019872665405273,256.0964660644531
0.9866141676902771,166.11810302734375,0.8800016045570374,339.3282470703125
1.8908661603927612,507.3622131347656,1.4470876455307007,533.0680541992188
1.8440945148468018,56.039371490478516,1.2293139696121216,284.9727478027344
0.5033071041107178,397.2834777832031,0.6357866525650024,449.90533447265625
1.828503966331482,507.3622131347656,1.3900351524353027,604.7373657226562
0.5500787496566772,166.11810302734375,0.5613251328468323,218.59983825683594
1.734960675239563,419.2992248535156,1.4612531661987305,430.08984375
0.03559055179357529,160.61416625976562,0.3539339303970337,149.47763061523438
1.516692876815796,694.4960327148438,1.5265114307403564,532.6873168945312
1.1425197124481201,325.7322692871094,1.717516541481018,243.9735565185547
1.3140157461166382,336.7401428222656,1.1009782552719116,388.4717102050781
1.236063003540039,182.62994384765625,1.3925912380218506,369.3084716796875
1.1113386154174805,138.59841918945312,0.7539789080619812,167.35902404785156
0.7995275855064392,617.44091796875,0.7505781054496765,499.266845703125
1.6258267164230347,600.9291381835938,0.9792979955673218,474.0224914550781
1.6725984811782837,688.9921264648438,1.188392162322998,444.24237060546875
0.36299213767051697,254.1811065673828,0.5558598041534424,332.5580749511719
0.113543301820755,78.05511474609375,-0.10220570862293243,153.68003845214844
1.8596850633621216,633.9527587890625,1.140844464302063,520.351806640625
1.1269291639328003,556.8976440429688,1.1851032972335815,400.22393798828125
0.3941732347011566,683.4881591796875,0.5468903183937073,426.9171142578125
1.1113386154174805,562.4015502929688,1.3883967399597168,551.3350830078125
0.14472442865371704,633.9527587890625,0.577458381652832,573.3369140625
1.7661417722702026,408.2913513183594,1.3651740550994873,327.0173034667969
0.20708660781383514,457.8267517089844,1.059774398803711,215.12832641601562
0.8618897795677185,309.220458984375,1.0983346700668335,478.9021911621094
1.2204724550247192,45.031494140625,1.0846126079559326,88.26341247558594
1.9532283544540405,83.55905151367188,1.5588269233703613,270.0145263671875
0.4565354287624359,446.8188781738281,0.4716768264770508,457.99774169921875
0.7371653318405151,171.62203979492188,0.6597634553909302,192.48580932617188
0.08236220479011536,380.77166748046875,0.6872998476028442,249.4387969970703
1.0333858728408813,606.4330444335938,1.488749384880066,491.9769592285156
0.9242519736289978,89.06298828125,1.425809383392334,73.49503326416016
0.09795275330543518,523.8740234375,0.5414086580276489,470.675537109375
0.9554330706596375,116.58268737792969,0.4039835035800934,151.4031524658203
1.9844094514846802,446.8188781738281,1.3363752365112305,410.34246826171875
0.5968503952026367,72.55117797851562,0.25481346249580383,74.33323669433594
1.6414172649383545,342.24407958984375,1.123620629310608,516.0825805664062
1.1269291639328003,655.968505859375,1.4307899475097656,432.1009521484375
0.33181101083755493,298.21258544921875,0.792717456817627,310.4986572265625
1.7817323207855225,534.8818969726562,1.3462209701538086,573.493896484375
1.1269291639328003,193.63780212402344,0.9143459796905518,460.2655029296875
1.2204724550247192,270.6929016113281,1.0946027040481567,353.5574035644531
1.9532283544540405,133.094482421875,0.9354426264762878,313.52947998046875
1.6414172649383545,67.0472412109375,1.0185792446136475,89.57411193847656
0.26944881677627563,287.2047119140625,0.28063464164733887,298.16046142578125
0.4565354287624359,188.13388061523438,0.2523900866508484,257.8291015625
1.8596850633621216,606.4330444335938,1.7080316543579102,521.8828735351562
1.4543306827545166,171.62203979492188,1.5931205749511719,235.8046875
1.4855117797851562,138.59841918945312,0.9497531056404114,310.23486328125
1.3140157461166382,166.11810302734375,1.3214062452316284,388.44573974609375
1.1269291639328003,523.8740234375,1.1781023740768433,580.4730224609375
0.7683464288711548,67.0472412109375,0.6561408638954163,118.96517944335938
1.3763779401779175,325.7322692871094,1.015793800354004,319.44110107421875
0.36299213767051697,303.7165222167969,0.9195815324783325,316.96240234375
0.238267719745636,6.503936767578125,0.2682448923587799,43.787620544433594
0.05118110775947571,320.22833251953125,0.4176750183105469,312.34869384765625
0.09795275330543518,688.9921264648438,0.8419752717018127,471.4381408691406
0.6903936862945557,463.33074951171875,0.6927453875541687,425.1324157714844
0.4409448802471161,611.93701171875,1.2230454683303833,506.3280944824219
1.5478739738464355,452.32281494140625,1.3203727006912231,423.7920227050781
1.9688189029693604,78.05511474609375,0.9851815700531006,334.61474609375
0.6748031377792358,292.7086486816406,1.0543376207351685,344.3999328613281
0.5344882011413574,424.80316162109375,0.7902005910873413,330.95294189453125
1.516692876815796,446.8188781738281,1.5408501625061035,552.613037109375
0.34740158915519714,661.472412109375,0.6867119073867798,539.6810913085938
0.20708660781383514,204.6456756591797,0.6876410841941833,131.28224182128906
0.12913386523723602,210.1496124267578,0.16939586400985718,196.00509643554688
1.5322834253311157,474.3385925292969,1.5445705652236938,575.837890625
0.33181101083755493,661.472412109375,0.8991616368293762,488.5445861816406
1.017795443534851,611.93701171875,0.9624719023704529,612.0091552734375
1.9376378059387207,171.62203979492188,1.338352918624878,258.6709899902344
1.2672441005706787,435.81103515625,1.4026342630386353,381.43743896484375
1.1892913579940796,364.2598876953125,0.960466742515564,301.3862609863281
1.8752756118774414,83.55905151367188,1.4929759502410889,205.32437133789062
0.26944881677627563,628.4487915039062,1.1528490781784058,499.96875
0.5968503952026367,677.9842529296875,1.2237333059310913,396.04595947265625
1.017795443534851,386.2756042480469,0.9498395919799805,531.0150146484375
1.1113386154174805,232.16537475585938,0.7514123916625977,363.4028015136719
0.4565354287624359,204.6456756591797,0.7278429269790649,211.6924591064453
0.09795275330543518,204.6456756591797,0.1559557467699051,302.3984375
1.0333858728408813,259.6850280761719,1.234752893447876,321.18157958984375
0.16031496226787567,182.62994384765625,0.37988144159317017,93.27623748779297
0.5188976526260376,534.8818969726562,1.2252761125564575,554.1619262695312
0.815118134021759,331.2362060546875,1.0583235025405884,435.4825134277344
2.0,303.7165222167969,1.3931546211242676,469.87677001953125
1.3451968431472778,28.519685745239258,1.4219491481781006,15.516077995300293
0.48771652579307556,375.26776123046875,0.9577257037162781,284.82958984375
1.8440945148468018,595.4251708984375,1.2116492986679077,508.3224792480469
1.5634645223617554,606.4330444335938,1.4824336767196655,439.4815368652344
0.19149605929851532,694.4960327148438,1.0260995626449585,500.8226013183594
0.09795275330543518,353.251953125,0.6598066687583923,339.693603515625
0.6436220407485962,584.4172973632812,0.8520210385322571,191.49838256835938
0.09795275330543518,413.7952880859375,1.0056862831115723,248.5712432861328
1.7973228693008423,39.527557373046875,1.5855789184570312,115.53068542480469
1.7193701267242432,6.503936767578125,1.408617377281189,51.659698486328125
0.5656692981719971,243.17323303222656,0.7814112901687622,282.5368347167969
1.3140157461166382,655.968505859375,0.8431550860404968,529.30419921875
0.03559055179357529,314.7243957519531,0.33894139528274536,273.2207946777344
0.36299213767051697,600.9291381835938,0.7505479454994202,456.7178039550781
0.4409448802471161,248.6771697998047,0.9897620677947998,151.7567901611328
1.6258267164230347,45.031494140625,0.9104429483413696,147.1045379638672
1.7973228693008423,72.55117797851562,1.2413970232009888,307.90185546875
0.34740158915519714,221.15748596191406,0.8774916529655457,142.9970245361328
0.6280314922332764,650.4645385742188,1.0843093395233154,509.0204162597656
0.908661425113678,567.905517578125,0.9758482575416565,310.7586364746094
0.8307086825370789,270.6929016113281,0.9611658453941345,446.2060241699219
1.7817323207855225,661.472412109375,1.612200379371643,409.5275573730469
0.6124409437179565,589.9212646484375,1.287447214126587,471.50286865234375
0.5812598466873169,298.21258544921875,0.7412244081497192,427.08740234375
0.7059842348098755,413.7952880859375,1.0614559650421143,389.35260009765625
1.4855117797851562,39.527557373046875,1.0260170698165894,202.96461486816406
0.7059842348098755,567.905517578125,1.0045325756072998,332.96221923828125
0.238267719745636,116.58268737792969,0.4810987412929535,178.91600036621094
0.34740158915519714,12.00787353515625,0.3796978294849396,48.2333869934082
1.2048819065093994,490.85040283203125,1.0534322261810303,535.8138427734375
0.22267717123031616,485.3464660644531,0.8524537086486816,431.67828369140625
1.5478739738464355,435.81103515625,1.4486174583435059,604.4537353515625
0.9554330706596375,45.031494140625,0.7760037779808044,21.736480712890625
1.8752756118774414,501.8582763671875,1.6866569519042969,544.8479614257812
0.26944881677627563,276.19683837890625,0.7374557852745056,170.40113830566406
1.9220472574234009,507.3622131347656,1.4089866876602173,262.3902282714844
1.15811026096344,298.21258544921875,1.1249386072158813,419.577880859375
1.6570079326629639,89.06298828125,1.479264259338379,100.31283569335938
1.0489764213562012,100.07086944580078,1.0351101160049438,106.9729232788086
0.8618897795677185,375.26776123046875,1.1925443410873413,417.80157470703125
1.4075590372085571,193.63780212402344,1.0950706005096436,313.7773132324219
0.9242519736289978,584.4172973632812,1.4884788990020752,472.71429443359375
0.7371653318405151,94.56694030761719,0.888483464717865,218.80081176757812
1.6881890296936035,611.93701171875,1.5410948991775513,462.72052001953125
1.4543306827545166,413.7952880859375,1.0409972667694092,456.6403503417969
0.8462992310523987,430.3070983886719,0.833061158657074,451.365966796875
1.7973228693008423,683.4881591796875,1.4466382265090942,554.7535400390625
0.8930708765983582,160.61416625976562,1.228356122970581,167.36163330078125
0.9398425221443176,573.409423828125,1.8038864135742188,459.5984191894531
1.7661417722702026,50.53543472290039,1.1736739873886108,127.29499816894531
0.659212589263916,149.60629272460938,0.4139869511127472,225.1334686279297
0.7215747833251953,127.5905532836914,0.36780664324760437,239.11842346191406
1.9688189029693604,369.7638244628906,1.391300082206726,299.4913330078125
0.7215747833251953,320.22833251953125,0.5904518961906433,303.565185546875
0.5656692981719971,210.1496124267578,0.6034832000732422,328.8912353515625
1.9688189029693604,408.2913513183594,1.7234104871749878,254.7403564453125
1.2672441005706787,650.4645385742188,1.5087810754776,317.4342041015625
0.4409448802471161,413.7952880859375,0.7271314859390259,443.45660400390625
0.20708660781383514,314.7243957519531,0.5609723329544067,215.31536865234375
0.19149605929851532,512.8661499023438,0.6538063883781433,296.6451416015625
0.5812598466873169,413.7952880859375,0.8193514347076416,438.4568176269531
1.7817323207855225,397.2834777832031,1.561061143875122,349.9189758300781
1.828503966331482,584.4172973632812,1.5062721967697144,484.9417419433594
0.47212597727775574,12.00787353515625,0.3375493884086609,-19.063514709472656
0.5033071041107178,402.78741455078125,1.5290879011154175,357.5700378417969
0.815118134021759,435.81103515625,1.0917325019836426,445.4539489746094
1.15811026096344,270.6929016113281,0.9918196797370911,282.15234375
1.0489764213562012,336.7401428222656,1.147273302078247,520.3087768554688
0.8462992310523987,408.2913513183594,0.910249650478363,461.2093505859375
1.6258267164230347,468.8346862792969,1.5321249961853027,353.0563659667969
1.8908661603927612,485.3464660644531,1.6422598361968994,587.4207153320312
0.238267719745636,254.1811065673828,0.6720361113548279,192.0406951904297
0.40976378321647644,430.3070983886719,1.1183598041534424,386.6644592285156
0.5812598466873169,111.07874298095703,0.7334533333778381,113.92642974853516
1.5634645223617554,309.220458984375,1.3372654914855957,342.3442077636719
0.42535433173179626,369.7638244628906,0.45616137981414795,331.3515319824219
1.9844094514846802,303.7165222167969,1.66598641872406,532.8547973632812
0.16031496226787567,424.80316162109375,0.34894052147865295,361.81689453125
1.9532283544540405,325.7322692871094,1.264133334159851,386.1800537109375
1.1892913579940796,446.8188781738281,1.3357088565826416,445.6098937988281
1.828503966331482,551.3936767578125,1.856539249420166,558.1218872070312
1.4075590372085571,61.54330825805664,1.397883415222168,168.943115234375
1.329606294631958,496.3543395996094,1.4888191223144531,490.11505126953125
0.03559055179357529,589.9212646484375,0.5858900547027588,332.7817077636719
0.12913386523723602,111.07874298095703,0.35497838258743286,75.47076416015625
1.9376378059387207,479.842529296875,1.2641009092330933,237.8878936767578
0.26944881677627563,435.81103515625,0.4955291450023651,348.871826171875
1.734960675239563,39.527557373046875,1.0926874876022339,265.3952331542969
1.8596850633621216,210.1496124267578,1.127609133720398,405.676513671875
1.9220472574234009,309.220458984375,1.3830093145370483,318.6853942871094
1.8596850633621216,309.220458984375,0.7245344519615173,270.7772521972656
1.9844094514846802,193.63780212402344,1.6388002634048462,283.3183898925781
1.2672441005706787,452.32281494140625,0.9894281625747681,453.43133544921875
0.7059842348098755,435.81103515625,1.0249663591384888,543.3477783203125
0.9242519736289978,683.4881591796875,1.1786404848098755,445.9314880371094
0.3785826861858368,23.0157470703125,0.10126963257789612,-13.734169006347656
0.16031496226787567,325.7322692871094,0.2962595820426941,385.6561279296875
0.09795275330543518,573.409423828125,0.4116867184638977,297.04925537109375
0.5968503952026367,276.19683837890625,0.43847259879112244,250.0751495361328
1.9532283544540405,551.3936767578125,1.5304615497589111,536.0111083984375
1.15811026096344,655.968505859375,1.2969225645065308,649.2772216796875
1.8596850633621216,485.3464660644531,1.516044020652771,508.2323913574219
1.4699212312698364,116.58268737792969,1.2069147825241089,239.91383361816406
1.7661417722702026,468.8346862792969,0.9417024850845337,576.5667114257812
1.9688189029693604,540.3858032226562,1.4194211959838867,525.4603881835938
1.9532283544540405,6.503936767578125,1.5307576656341553,83.88418579101562
1.5790550708770752,221.15748596191406,1.2436262369155884,363.5786437988281
1.2984251976013184,551.3936767578125,1.6425268650054932,721.408203125
0.5188976526260376,490.85040283203125,0.5928095579147339,347.0762634277344
0.113543301820755,622.9448852539062,0.5106916427612305,417.3598937988281
1.8908661603927612,232.16537475585938,1.7657800912857056,379.1019287109375
1.6258267164230347,408.2913513183594,1.0917350053787231,400.1407775878906
0.7995275855064392,12.00787353515625,0.5872207880020142,5.145589351654053
1.4075590372085571,545.8897705078125,1.5321708917617798,519.9994506835938
0.6748031377792358,606.4330444335938,0.9774062633514404,405.4125061035156
1.7505512237548828,375.26776123046875,1.7623082399368286,307.8941650390625
1.4543306827545166,490.85040283203125,1.1974760293960571,417.628173828125
0.5033071041107178,226.66140747070312,0.41441670060157776,371.3514099121094
0.8618897795677185,259.6850280761719,0.9542025327682495,436.9566955566406
0.6436220407485962,672.4802856445312,0.6583209037780762,475.5238952636719
1.4855117797851562,496.3543395996094,1.4994796514511108,358.3813171386719
0.5812598466873169,204.6456756591797,0.9615670442581177,340.8539733886719
1.236063003540039,375.26776123046875,0.7730458378791809,483.0454406738281
1.6725984811782837,369.7638244628906,1.147782802581787,500.2999267578125
0.47212597727775574,28.519685745239258,0.8770139813423157,-4.061459064483643
0.8618897795677185,188.13388061523438,0.9232938289642334,283.7011413574219
1.7817323207855225,446.8188781738281,1.2452765703201294,481.7841491699219
1.4075590372085571,292.7086486816406,1.2730070352554321,460.77850341796875
1.7505512237548828,424.80316162109375,1.2829456329345703,412.9306335449219
0.16031496226787567,413.7952880859375,0.6089650392532349,241.31031799316406
1.2984251976013184,331.2362060546875,0.9061372876167297,419.8966064453125
0.19149605929851532,166.11810302734375,0.08933961391448975,165.7982177734375
1.15811026096344,551.3936767578125,1.5777630805969238,581.8485107421875
0.908661425113678,287.2047119140625,1.2715901136398315,500.80535888671875
1.236063003540039,100.07086944580078,1.1541966199874878,145.70730590820312
1.516692876815796,166.11810302734375,1.3555948734283447,310.4459228515625
1.1892913579940796,89.06298828125,0.5636541247367859,251.53009033203125
0.6748031377792358,485.3464660644531,0.8286967277526855,410.87652587890625
1.906456708908081,39.527557373046875,1.1745269298553467,104.25043487548828
1.7193701267242432,358.7558898925781,1.481179118156433,546.0999145507812
1.9532283544540405,243.17323303222656,1.0746331214904785,303.89215087890625
1.9532283544540405,661.472412109375,1.54685378074646,633.2236938476562
0.28503936529159546,589.9212646484375,0.4972340762615204,392.5674133300781
1.3140157461166382,45.031494140625,1.4177477359771729,152.51431274414062
0.09795275330543518,160.61416625976562,0.2713868319988251,202.15805053710938
1.734960675239563,496.3543395996094,1.5784766674041748,487.1462707519531
1.423149585723877,254.1811065673828,1.083235740661621,326.38323974609375
1.516692876815796,617.44091796875,1.4674590826034546,467.0130920410156
0.9242519736289978,628.4487915039062,1.2261080741882324,493.99456787109375
1.7661417722702026,578.9133911132812,1.7087689638137817,597.2772216796875
1.1113386154174805,617.44091796875,1.001766562461853,423.0663146972656
0.22267717123031616,331.2362060546875,0.33300289511680603,296.13116455078125
0.5968503952026367,166.11810302734375,0.24878953397274017,287.4528503417969
1.8752756118774414,424.80316162109375,1.8523154258728027,567.00439453125
1.5322834253311157,419.2992248535156,1.2215553522109985,594.6775512695312
0.113543301820755,94.56694030761719,0.4825049340724945,110.9287109375
0.03559055179357529,683.4881591796875,1.588064432144165,334.48846435546875
0.6748031377792358,259.6850280761719,0.7625976800918579,321.0865173339844
1.3451968431472778,204.6456756591797,1.0229120254516602,430.8140869140625
1.0801575183868408,237.66929626464844,0.7704874277114868,185.9832305908203
1.5478739738464355,133.094482421875,1.1849862337112427,319.1864013671875
0.5656692981719971,364.2598876953125,0.6454561352729797,351.5589294433594
1.2672441005706787,259.6850280761719,1.7716716527938843,231.62548828125
1.1269291639328003,628.4487915039062,1.5368800163269043,447.21295166015625
0.6903936862945557,193.63780212402344,0.29263654351234436,286.6925354003906
0.8930708765983582,155.1102294921875,1.0199406147003174,173.42457580566406
1.2204724550247192,518.3700561523438,1.3046294450759888,632.1493530273438
0.8930708765983582,375.26776123046875,0.664239227771759,393.2514953613281
1.329606294631958,419.2992248535156,1.2865303754806519,527.6743774414062
1.6414172649383545,78.05511474609375,1.1377078294754028,129.8558349609375
1.501102328300476,578.9133911132812,1.4192843437194824,563.0262451171875
1.6414172649383545,155.1102294921875,1.5982056856155396,40.14573669433594
0.7995275855064392,210.1496124267578,0.6636226773262024,246.29090881347656
0.8930708765983582,39.527557373046875,0.6630766987800598,10.540929794311523
0.14472442865371704,611.93701171875,0.730075478553772,556.335693359375
0.659212589263916,666.9763793945312,0.5566056966781616,369.8682556152344
0.06677165627479553,210.1496124267578,0.16171510517597198,328.8104248046875
0.4409448802471161,501.8582763671875,0.8717001080513,378.2537841796875
1.2672441005706787,545.8897705078125,1.4248404502868652,490.3094177246094
1.4387401342391968,133.094482421875,0.8814494609832764,218.51856994628906
0.6748031377792358,402.78741455078125,0.7863529324531555,446.70819091796875
1.3607873916625977,402.78741455078125,1.0503957271575928,395.564453125
0.22267717123031616,254.1811065673828,0.8645187616348267,286.8408508300781
0.752755880355835,347.7480163574219,0.9644322395324707,286.76336669921875
1.8596850633621216,408.2913513183594,1.5914177894592285,622.0350341796875
1.2672441005706787,408.2913513183594,1.6304733753204346,389.8705749511719
0.28503936529159546,56.039371490478516,0.456352174282074,64.51549530029297
0.3162204623222351,94.56694030761719,-0.11029194295406342,188.47628784179688
1.5790550708770752,166.11810302734375,1.4350305795669556,226.44996643066406
1.423149585723877,105.5748062133789,1.2743768692016602,251.9253692626953
0.9242519736289978,149.60629272460938,0.7600727081298828,182.487060546875
0.40976378321647644,496.3543395996094,1.1644339561462402,516.8482055664062
0.12913386523723602,171.62203979492188,0.38210636377334595,150.3151092529297
1.906456708908081,700.0,1.8630121946334839,572.127197265625
1.1737008094787598,578.9133911132812,1.2895084619522095,548.2969360351562
1.4699212312698364,419.2992248535156,0.8077419996261597,441.8939208984375
0.5344882011413574,584.4172973632812,0.661644697189331,483.4729309082031
1.9220472574234009,45.031494140625,1.448647141456604,123.42729187011719
1.1737008094787598,221.15748596191406,0.7982991933822632,441.63140869140625
0.06677165627479553,474.3385925292969,0.8299874067306519,282.3078308105469
0.4409448802471161,155.1102294921875,0.8748965263366699,26.963956832885742
0.9866141676902771,171.62203979492188,1.0911809206008911,196.83859252929688
1.9376378059387207,243.17323303222656,1.9837113618850708,191.4317626953125
0.6903936862945557,320.22833251953125,1.1904816627502441,274.2627868652344
0.12913386523723602,479.842529296875,0.5867809653282166,363.172119140625
1.4543306827545166,188.13388061523438,1.2176152467727661,309.7580871582031
1.0333858728408813,61.54330825805664,0.8929170966148376,97.66495513916016
0.5188976526260376,600.9291381835938,0.9857071042060852,484.76544189453125
1.4075590372085571,325.7322692871094,1.3322075605392456,444.7455139160156
0.7371653318405151,336.7401428222656,0.8134408593177795,286.5838317871094
1.236063003540039,17.511810302734375,1.360952377319336,13.374100685119629
0.12913386523723602,105.5748062133789,0.2925249934196472,107.79676818847656
0.752755880355835,562.4015502929688,1.1214520931243896,493.18115234375
1.7193701267242432,28.519685745239258,1.439838171005249,-17.101205825805664
0.26944881677627563,369.7638244628906,0.9169951677322388,426.13958740234375
0.42535433173179626,1.0,0.300996333360672,55.27710723876953
0.8774803280830383,149.60629272460938,0.6828754544258118,247.9567108154297
1.15811026096344,177.1259765625,0.7171646952629089,254.6749267578125
0.06677165627479553,171.62203979492188,0.011941199190914631,194.98846435546875
0.6748031377792358,12.00787353515625,1.018620252609253,-43.58053970336914
1.0489764213562012,171.62203979492188,1.548898696899414,213.73306274414062
0.12913386523723602,386.2756042480469,0.3159222900867462,295.7657470703125
1.516692876815796,248.6771697998047,0.870417058467865,338.97003173828125
0.8774803280830383,666.9763793945312,1.4198482036590576,453.7670593261719
1.5634645223617554,182.62994384765625,1.3095197677612305,131.30960083007812
0.42535433173179626,67.0472412109375,0.6107271313667297,-56.46955490112305
1.3607873916625977,78.05511474609375,1.0722872018814087,153.45130920410156
0.34740158915519714,39.527557373046875,0.5238151550292969,-32.82698059082031
0.752755880355835,105.5748062133789,0.2787308096885681,345.958740234375
0.47212597727775574,39.527557373046875,0.3927382826805115,73.21630859375
1.2204724550247192,193.63780212402344,1.0993026494979858,277.6009826660156
0.7371653318405151,67.0472412109375,0.8342073559761047,-94.55767059326172
0.34740158915519714,259.6850280761719,0.7615871429443359,324.966796875
1.9220472574234009,254.1811065673828,1.5020850896835327,351.7337951660156
2.0,529.3779296875,1.6518124341964722,524.4205322265625
1.6414172649383545,347.7480163574219,1.4523797035217285,515.1570434570312
0.5188976526260376,545.8897705078125,0.923359215259552,400.1180725097656
0.14472442865371704,314.7243957519531,0.6383259296417236,349.2497863769531
0.4565354287624359,281.7007751464844,0.660544753074646,399.3489074707031
0.9866141676902771,518.3700561523438,1.1292568445205688,504.6326904296875
0.22267717123031616,518.3700561523438,0.7464895248413086,481.0759582519531
0.815118134021759,391.779541015625,1.078050971031189,451.1948547363281
0.42535433173179626,210.1496124267578,0.7490052580833435,220.46807861328125
0.7839370369911194,600.9291381835938,1.4738035202026367,454.3994140625
1.236063003540039,336.7401428222656,1.0474882125854492,360.53863525390625
0.3162204623222351,221.15748596191406,0.520873486995697,200.20211791992188
1.017795443534851,369.7638244628906,1.497775673866272,391.361328125
1.5634645223617554,518.3700561523438,1.3457955121994019,340.0793151855469
1.6258267164230347,617.44091796875,1.2742246389389038,513.9342651367188
0.815118134021759,688.9921264648438,0.8133201003074646,287.4953308105469
0.5812598466873169,265.18896484375,0.6153232455253601,355.31024169921875
0.7059842348098755,622.9448852539062,0.8706095218658447,388.39263916015625
0.6436220407485962,694.4960327148438,1.4465532302856445,455.6756286621094
0.7371653318405151,265.18896484375,1.033376693725586,398.4912414550781
0.8618897795677185,314.7243957519531,1.0136678218841553,459.9549865722656
0.1759055107831955,512.8661499023438,0.6337097883224487,333.31829833984375
1.0022047758102417,677.9842529296875,0.9322689175605774,439.1921691894531
0.7371653318405151,567.905517578125,1.0860209465026855,507.9282531738281
0.9398425221443176,270.6929016113281,1.1444103717803955,297.5801086425781
1.1737008094787598,474.3385925292969,1.4001175165176392,537.3950805664062
0.3785826861858368,56.039371490478516,0.461428165435791,11.214676856994629
1.236063003540039,408.2913513183594,1.405990481376648,383.1123352050781
1.0333858728408813,589.9212646484375,1.2268924713134766,302.0316467285156
0.47212597727775574,391.779541015625,0.7471746206283569,374.3274841308594
1.0957480669021606,199.14173889160156,0.6730709075927734,510.0077209472656
1.4387401342391968,419.2992248535156,0.744465708732605,521.9591674804688
1.9220472574234009,479.842529296875,1.4804680347442627,421.5184020996094
1.423149585723877,72.55117797851562,1.6194357872009277,220.89102172851562
0.6124409437179565,688.9921264648438,0.9888056516647339,606.5078735351562
0.6436220407485962,105.5748062133789,0.6277163624763489,166.9956512451172
0.33181101083755493,56.039371490478516,0.5580033659934998,11.544709205627441
0.05118110775947571,540.3858032226562,0.9652762413024902,445.7406005859375
1.8596850633621216,116.58268737792969,1.2382783889770508,275.5998229980469
0.7995275855064392,358.7558898925781,0.772185206413269,372.59161376953125
1.6570079326629639,320.22833251953125,1.4520350694656372,363.11492919921875
1.7505512237548828,347.7480163574219,0.9603487849235535,324.470703125
0.7059842348098755,589.9212646484375,1.0210843086242676,514.7384033203125
1.1113386154174805,89.06298828125,0.9146014451980591,161.45773315429688
1.7973228693008423,650.4645385742188,1.184755802154541,489.8458557128906
0.36299213767051697,529.3779296875,0.25188082456588745,495.8527526855469
0.9242519736289978,534.8818969726562,1.2952998876571655,473.4936218261719
0.8618897795677185,171.62203979492188,0.6758313775062561,206.6748809814453
1.7505512237548828,221.15748596191406,0.677507221698761,340.08428955078125
0.03559055179357529,281.7007751464844,0.1387328803539276,283.84539794921875
0.5500787496566772,281.7007751464844,0.514479398727417,269.11663818359375
0.8307086825370789,622.9448852539062,0.6980894804000854,493.2801513671875
0.7683464288711548,452.32281494140625,1.2682074308395386,509.6727600097656
0.6903936862945557,177.1259765625,0.6903724074363708,206.89263916015625
0.3006299138069153,138.59841918945312,0.6154094338417053,22.55902671813965
1.1737008094787598,661.472412109375,1.1726645231246948,591.4147338867188
1.5322834253311157,375.26776123046875,1.5853809118270874,407.0986328125
1.2672441005706787,595.4251708984375,1.2644124031066895,341.82427978515625
1.7661417722702026,628.4487915039062,1.9396859407424927,515.6640014648438
0.34740158915519714,160.61416625976562,0.6116346120834351,178.1291961669922
1.7037795782089233,83.55905151367188,1.011070966720581,225.19422912597656
0.08236220479011536,424.80316162109375,0.6898653507232666,275.2144470214844
0.12913386523723602,441.3149719238281,0.4926489591598511,314.2444152832031
1.4075590372085571,116.58268737792969,1.4327459335327148,308.7767639160156
1.1269291639328003,666.9763793945312,0.961113691329956,643.0850830078125
0.8774803280830383,633.9527587890625,1.3204947710037231,575.188720703125
1.9844094514846802,424.80316162109375,1.8115794658660889,603.6942138671875
0.22267717123031616,639.4566650390625,1.1097137928009033,516.163330078125
1.9688189029693604,122.08661651611328,1.5537352561950684,181.1602325439453
1.064566969871521,584.4172973632812,1.2731963396072388,309.7171936035156
1.2204724550247192,496.3543395996094,1.206451654434204,412.3460998535156
1.0801575183868408,331.2362060546875,1.4190740585327148,237.17869567871094
0.48771652579307556,694.4960327148438,0.9534507393836975,505.259521484375
1.812913417816162,512.8661499023438,1.2205314636230469,547.3942260742188
0.8930708765983582,650.4645385742188,1.1249991655349731,480.8729248046875
1.3451968431472778,518.3700561523438,1.2310656309127808,673.1655883789062
1.2204724550247192,545.8897705078125,1.3289817571640015,578.3386840820312
1.2984251976013184,303.7165222167969,1.033368468284607,399.5101013183594
1.7037795782089233,232.16537475585938,1.8435359001159668,276.451171875
0.113543301820755,375.26776123046875,0.1677958369255066,334.2810974121094
0.659212589263916,463.33074951171875,0.777724027633667,522.3804321289062
1.6881890296936035,226.66140747070312,1.9943755865097046,203.7390899658203
1.9220472574234009,633.9527587890625,0.772028386592865,476.8364562988281
0.5033071041107178,331.2362060546875,0.8099812865257263,227.04483032226562
2.0,336.7401428222656,1.2905980348587036,331.361083984375
0.22267717123031616,237.66929626464844,0.5113657712936401,363.5596008300781
0.33181101083755493,430.3070983886719,1.0647516250610352,496.327392578125
1.6102361679077148,61.54330825805664,1.010255217552185,239.82972717285156
0.26944881677627563,529.3779296875,0.5429452061653137,464.6329345703125
0.3785826861858368,452.32281494140625,0.4872797131538391,475.58990478515625
1.1269291639328003,375.26776123046875,0.7634933590888977,299.548095703125
1.6102361679077148,369.7638244628906,1.3706331253051758,408.4308776855469
0.8462992310523987,463.33074951171875,1.5769047737121582,264.45001220703125
0.5812598466873169,1.0,0.6181351542472839,-12.348084449768066
0.815118134021759,628.4487915039062,0.4945717453956604,472.97882080078125
0.34740158915519714,248.6771697998047,0.40152883529663086,266.7245788574219
1.6725984811782837,485.3464660644531,1.5952593088150024,637.0035400390625
0.28503936529159546,578.9133911132812,1.1055396795272827,368.6825866699219
0.05118110775947571,336.7401428222656,0.22537775337696075,372.3413391113281
1.6570079326629639,463.33074951171875,1.471466302871704,565.5817260742188
0.9242519736289978,441.3149719238281,1.4968230724334717,430.6671447753906
1.9220472574234009,413.7952880859375,1.545976996421814,635.0264892578125
1.4075590372085571,562.4015502929688,1.2637380361557007,511.1016845703125
1.6881890296936035,144.10235595703125,1.1815582513809204,453.09246826171875
0.26944881677627563,248.6771697998047,0.6240164637565613,189.813232421875
0.6436220407485962,265.18896484375,0.48668360710144043,266.80230712890625
0.7995275855064392,320.22833251953125,0.8212785720825195,148.284912109375
0.26944881677627563,314.7243957519531,0.029708120971918106,238.53733825683594
1.1269291639328003,221.15748596191406,1.2002538442611694,211.36044311523438
1.8752756118774414,287.2047119140625,1.3652124404907227,534.7291259765625
1.6258267164230347,666.9763793945312,1.5274193286895752,608.228759765625
0.5656692981719971,534.8818969726562,1.083808183670044,268.93701171875
1.3451968431472778,452.32281494140625,1.030906081199646,501.4801940917969
0.113543301820755,358.7558898925781,0.7698519825935364,385.7015380859375
0.7059842348098755,270.6929016113281,0.9988484978675842,327.4268493652344
1.5478739738464355,556.8976440429688,1.5477945804595947,366.9388122558594
1.423149585723877,369.7638244628906,1.306221604347229,497.4631042480469
0.03559055179357529,677.9842529296875,0.6576937437057495,403.67999267578125
0.06677165627479553,34.02362060546875,-0.21613432466983795,69.791748046875
1.4075590372085571,688.9921264648438,0.8625119924545288,501.9698486328125
1.1113386154174805,358.7558898925781,0.7748590111732483,309.31341552734375
0.7995275855064392,672.4802856445312,1.2705719470977783,558.9555053710938
1.3451968431472778,72.55117797851562,1.062004804611206,107.84874725341797
1.017795443534851,545.8897705078125,1.7431414127349854,578.8496704101562
1.329606294631958,567.905517578125,1.6272910833358765,536.9868774414062
0.40976378321647644,567.905517578125,0.6838815212249756,396.7860107421875
0.8774803280830383,622.9448852539062,1.7510719299316406,637.3211669921875
1.1269291639328003,303.7165222167969,1.35165536403656,419.54156494140625
1.9688189029693604,622.9448852539062,1.5423277616500854,468.7627258300781
0.48771652579307556,149.60629272460938,0.3823935389518738,195.55262756347656
1.6258267164230347,485.3464660644531,1.1675468683242798,343.45062255859375
1.7661417722702026,94.56694030761719,1.3628649711608887,89.0316162109375
1.1425197124481201,353.251953125,1.5041009187698364,280.3455810546875
1.017795443534851,34.02362060546875,0.8430572152137756,38.336341857910156
0.7371653318405151,386.2756042480469,0.9335689544677734,303.5506591796875
1.8440945148468018,221.15748596191406,1.3635448217391968,417.99468994140625
1.15811026096344,573.409423828125,0.7234175801277161,372.6341857910156
1.9220472574234009,232.16537475585938,1.8931347131729126,451.2121887207031
1.3919684886932373,237.66929626464844,1.5306328535079956,264.3258361816406
1.906456708908081,457.8267517089844,1.3701061010360718,430.5074462890625
1.501102328300476,375.26776123046875,1.2432597875595093,394.5592956542969
0.908661425113678,23.0157470703125,0.9540751576423645,-30.181177139282227
1.2828346490859985,386.2756042480469,1.2832149267196655,145.20623779296875
0.7371653318405151,507.3622131347656,1.001973271369934,556.8992919921875
1.2984251976013184,287.2047119140625,1.1817069053649902,369.03399658203125
1.7037795782089233,28.519685745239258,0.9778782725334167,106.43053436279297
1.3451968431472778,243.17323303222656,1.2871183156967163,254.06553649902344
1.6258267164230347,441.3149719238281,1.1461992263793945,281.81805419921875
1.6258267164230347,105.5748062133789,1.428908109664917,117.30130004882812
1.2048819065093994,94.56694030761719,0.6478279232978821,226.84300231933594
0.7995275855064392,17.511810302734375,0.6523609757423401,29.124637603759766
1.4387401342391968,111.07874298095703,0.9571505188941956,187.92498779296875
1.4855117797851562,144.10235595703125,1.3239998817443848,326.2967529296875
1.3763779401779175,573.409423828125,1.2930707931518555,408.1772766113281
0.36299213767051697,94.56694030761719,0.2869723439216614,80.64736938476562
1.6414172649383545,248.6771697998047,0.9299540519714355,507.6563720703125
0.06677165627479553,490.85040283203125,0.8084970116615295,450.84503173828125
1.516692876815796,17.511810302734375,1.0162577629089355,88.9250717163086
1.812913417816162,551.3936767578125,1.6439327001571655,662.3712158203125
1.3607873916625977,336.7401428222656,0.9245908260345459,520.8356323242188
0.08236220479011536,105.5748062133789,-0.1292213350534439,194.46783447265625
0.6124409437179565,12.00787353515625,0.6096048951148987,-79.92985534667969
1.734960675239563,661.472412109375,0.95827317237854,534.1669311523438
1.15811026096344,237.66929626464844,1.2777920961380005,453.6014709472656
1.236063003540039,364.2598876953125,1.3004229068756104,356.4501647949219
0.28503936529159546,688.9921264648438,0.7893047332763672,493.889404296875
0.2538582682609558,424.80316162109375,0.4270932674407959,450.2484436035156
1.9532283544540405,177.1259765625,1.09156334400177,441.4913635253906
1.2048819065093994,182.62994384765625,1.3203637599945068,366.8831787109375
2.0,700.0,0.8377190232276917,524.4248657226562
0.7839370369911194,606.4330444335938,0.8983761668205261,483.0023498535156
1.1892913579940796,639.4566650390625,1.5492949485778809,580.11328125
0.019999999552965164,628.4487915039062,0.6580328941345215,467.31414794921875
1.6414172649383545,353.251953125,1.3236862421035767,555.0908813476562
0.34740158915519714,677.9842529296875,0.4601816236972809,516.1396484375
0.33181101083755493,193.63780212402344,0.1435825675725937,316.037353515625
0.113543301820755,529.3779296875,1.0357584953308105,381.3380126953125
1.1113386154174805,166.11810302734375,1.03865385055542,273.0755310058594
0.9554330706596375,23.0157470703125,1.023125171661377,3.500286817550659
0.06677165627479553,397.2834777832031,0.5668378472328186,315.3197937011719
2.0,683.4881591796875,1.81082022190094,719.1080932617188
1.9844094514846802,529.3779296875,1.1414246559143066,387.9207458496094
0.1759055107831955,468.8346862792969,0.11714096367359161,397.1490783691406
2.0,232.16537475585938,1.4453988075256348,313.8659973144531
0.5812598466873169,633.9527587890625,0.5496196746826172,373.2315979003906
1.3763779401779175,331.2362060546875,1.055443286895752,469.8752746582031
1.1737008094787598,281.7007751464844,1.2831915616989136,276.9479675292969
1.828503966331482,265.18896484375,1.407272219657898,287.6934814453125
1.3607873916625977,628.4487915039062,1.5926803350448608,613.7846069335938
1.4699212312698364,111.07874298095703,1.6638833284378052,155.49215698242188
1.6102361679077148,17.511810302734375,1.6553276777267456,39.53738021850586
0.3006299138069153,12.00787353515625,0.31928497552871704,-63.966773986816406
0.5968503952026367,309.220458984375,0.7221803069114685,327.1304931640625
1.1113386154174805,589.9212646484375,1.4259753227233887,483.5215759277344
1.8440945148468018,463.33074951171875,1.1390421390533447,354.6035461425781
0.12913386523723602,413.7952880859375,0.5238175392150879,230.21957397460938
0.752755880355835,391.779541015625,0.7948567867279053,148.11366271972656
1.3607873916625977,501.8582763671875,1.4086633920669556,391.5633239746094
1.734960675239563,342.24407958984375,1.4570178985595703,450.9700012207031
0.1759055107831955,320.22833251953125,0.5210097432136536,260.9156494140625
0.20708660781383514,408.2913513183594,0.43457984924316406,398.2386169433594
1.5634645223617554,116.58268737792969,1.0053738355636597,351.3511047363281
0.5656692981719971,160.61416625976562,0.5280300974845886,223.99429321289062
0.5812598466873169,419.2992248535156,1.2279584407806396,178.05831909179688
0.08236220479011536,628.4487915039062,0.6268473863601685,482.26300048828125
1.7505512237548828,342.24407958984375,1.2411198616027832,584.7261962890625
0.019999999552965164,270.6929016113281,0.6409388184547424,242.62399291992188
1.8440945148468018,606.4330444335938,1.0260933637619019,659.1565551757812
1.6881890296936035,116.58268737792969,0.7997047305107117,309.3870849609375
0.20708660781383514,248.6771697998047,0.40300703048706055,148.0411376953125
0.7215747833251953,518.3700561523438,0.747592568397522,457.51617431640625
1.0801575183868408,6.503936767578125,1.3395752906799316,-37.19231033325195
1.7193701267242432,56.039371490478516,1.3441015481948853,110.0654296875
0.14472442865371704,72.55117797851562,0.14293548464775085,78.22065734863281
0.659212589263916,523.8740234375,1.549308180809021,337.887451171875
0.8307086825370789,6.503936767578125,1.4991639852523804,-182.73159790039062
0.3006299138069153,56.039371490478516,0.3566809594631195,14.6730375289917
1.2828346490859985,105.5748062133789,0.7260864973068237,260.1478271484375
1.1737008094787598,644.9606323242188,1.6815448999404907,510.1492919921875
1.0333858728408813,292.7086486816406,1.2531723976135254,561.1260986328125
1.4543306827545166,342.24407958984375,0.7197823524475098,332.22906494140625
1.3763779401779175,210.1496124267578,1.3767162561416626,177.8428955078125
0.1759055107831955,17.511810302734375,0.02498505264520645,49.76952362060547
0.7839370369911194,166.11810302734375,1.1081178188323975,129.12286376953125
1.7973228693008423,490.85040283203125,0.8607881665229797,488.071533203125
1.734960675239563,243.17323303222656,1.39345121383667,296.0979309082031
1.5790550708770752,39.527557373046875,1.4125115871429443,29.929410934448242
1.5790550708770752,259.6850280761719,1.0840508937835693,327.08819580078125
1.4543306827545166,556.8976440429688,1.6801491975784302,330.761962890625
0.4565354287624359,578.9133911132812,1.1896635293960571,529.0724487304688
0.36299213767051697,12.00787353515625,0.13128909468650818,-49.56779861450195
1.734960675239563,358.7558898925781,1.7864186763763428,363.1181335449219
0.9866141676902771,83.55905151367188,0.9667243361473083,253.13009643554688
0.8774803280830383,105.5748062133789,1.043369174003601,56.242225646972656
0.9866141676902771,430.3070983886719,1.1470946073532104,439.35638427734375
0.5812598466873169,94.56694030761719,0.6944150328636169,119.31033325195312
0.7683464288711548,507.3622131347656,1.6721305847167969,410.9679870605469
1.4075590372085571,512.8661499023438,1.5166770219802856,454.1932067871094
1.0957480669021606,50.53543472290039,1.3430075645446777,57.99722671508789
1.3140157461166382,17.511810302734375,1.1701393127441406,-63.440399169921875
1.7037795782089233,45.031494140625,1.6410244703292847,141.32171630859375
0.9242519736289978,375.26776123046875,1.1550235748291016,367.3697204589844
0.9242519736289978,457.8267517089844,1.256278395652771,355.1719665527344
0.9866141676902771,380.77166748046875,1.0282907485961914,297.9801025390625
0.8774803280830383,259.6850280761719,1.342978596687317,289.9891052246094
1.4699212312698364,380.77166748046875,1.564871907234192,300.7023010253906
1.0022047758102417,562.4015502929688,1.1290857791900635,143.8035888671875
0.20708660781383514,655.968505859375,0.5981711745262146,445.1192321777344
0.6124409437179565,655.968505859375,0.7764290571212769,522.8123779296875
0.4565354287624359,287.2047119140625,0.39351320266723633,272.35418701171875
0.28503936529159546,358.7558898925781,1.117226243019104,437.7496032714844
0.3941732347011566,226.66140747070312,0.6333381533622742,195.54385375976562
1.516692876815796,45.031494140625,1.0657415390014648,77.31285858154297
0.5968503952026367,617.44091796875,1.2396245002746582,502.2565002441406
1.594645619392395,633.9527587890625,1.3457348346710205,571.7437744140625
1.7037795782089233,259.6850280761719,1.186267614364624,246.40728759765625
0.9710236191749573,171.62203979492188,0.859767735004425,295.9361267089844
1.812913417816162,320.22833251953125,1.2943124771118164,396.0537414550781
1.423149585723877,138.59841918945312,1.2015937566757202,412.2896423339844
0.16031496226787567,452.32281494140625,0.5895692706108093,461.9635314941406
0.8307086825370789,661.472412109375,1.4940625429153442,515.07958984375
1.4855117797851562,358.7558898925781,1.5248503684997559,492.6437072753906
0.40976378321647644,320.22833251953125,0.7918304204940796,238.6375274658203
0.6124409437179565,105.5748062133789,0.4150013327598572,224.24981689453125
1.6881890296936035,402.78741455078125,1.3580724000930786,521.5052490234375
1.0801575183868408,578.9133911132812,0.9699668288230896,474.11846923828125
0.6748031377792358,688.9921264648438,1.1779611110687256,476.7410888671875
0.1759055107831955,694.4960327148438,1.1781314611434937,376.19427490234375
0.22267717123031616,50.53543472290039,0.44961756467819214,61.75129318237305
0.16031496226787567,463.33074951171875,0.6373363137245178,455.2905578613281
0.5500787496566772,628.4487915039062,1.1248276233673096,462.0677185058594
0.6436220407485962,303.7165222167969,1.0606870651245117,290.1147766113281
1.0489764213562012,177.1259765625,1.0853861570358276,358.04315185546875
0.8774803280830383,39.527557373046875,1.0002590417861938,-43.581092834472656
1.7037795782089233,177.1259765625,1.4489597082138062,301.18060302734375
0.815118134021759,501.8582763671875,0.807534396648407,469.5219421386719
0.26944881677627563,562.4015502929688,1.0003491640090942,346.91912841796875
1.0022047758102417,166.11810302734375,0.7978681921958923,269.4223937988281
0.6436220407485962,468.8346862792969,0.9586704969406128,529.4771728515625
1.7661417722702026,243.17323303222656,0.8817365169525146,364.0928955078125
0.5968503952026367,116.58268737792969,0.7245997786521912,89.85230255126953
0.03559055179357529,655.968505859375,0.7954713106155396,455.2586975097656
0.3006299138069153,529.3779296875,0.7794581055641174,559.6476440429688
0.28503936529159546,232.16537475585938,0.5959940552711487,322.9830322265625
1.734960675239563,281.7007751464844,0.8853049278259277,314.9555969238281
0.33181101083755493,78.05511474609375,0.2052934169769287,45.861820220947266
0.659212589263916,100.07086944580078,0.31160926818847656,166.72523498535156
1.2828346490859985,34.02362060546875,0.4644877314567566,140.3813934326172
0.7371653318405151,116.58268737792969,0.5633949041366577,116.58609771728516
0.7995275855064392,534.8818969726562,0.9027765989303589,396.157470703125
1.3140157461166382,188.13388061523438,0.6348810195922852,250.73092651367188
1.1737008094787598,556.8976440429688,1.5871014595031738,608.3108520507812
0.5656692981719971,468.8346862792969,0.7664990425109863,565.220458984375
1.5790550708770752,397.2834777832031,1.2639399766921997,420.4002990722656
0.6748031377792358,397.2834777832031,1.1543008089065552,486.5655212402344
1.9376378059387207,336.7401428222656,1.389461874961853,521.634765625
1.0957480669021606,243.17323303222656,0.7340365052223206,419.876220703125
0.7839370369911194,529.3779296875,0.96126788854599,523.6717529296875
1.9688189029693604,452.32281494140625,1.3696279525756836,489.66217041015625
1.064566969871521,276.19683837890625,0.6612577438354492,421.55584716796875
1.1425197124481201,501.8582763671875,0.9355019927024841,510.3666076660156
0.8307086825370789,232.16537475585938,0.4677099585533142,409.7400817871094
0.8618897795677185,408.2913513183594,0.9411705136299133,422.56427001953125
1.017795443534851,490.85040283203125,1.7708226442337036,510.164794921875
0.26944881677627563,688.9921264648438,0.6645872592926025,471.3734130859375
1.734960675239563,606.4330444335938,0.9394221305847168,409.1278381347656
1.3451968431472778,199.14173889160156,1.3490636348724365,172.2402801513672
0.9554330706596375,342.24407958984375,0.5695748329162598,537.1203002929688
1.3607873916625977,474.3385925292969,0.6534438133239746,424.44244384765625
1.423149585723877,248.6771697998047,1.651721477508545,487.4100036621094
0.3785826861858368,232.16537475585938,0.10838644206523895,394.631103515625
0.752755880355835,446.8188781738281,1.231975793838501,378.5262451171875
1.828503966331482,6.503936767578125,1.989290714263916,20.981325149536133
0.019999999552965164,380.77166748046875,0.8539698123931885,153.34750366210938
0.19149605929851532,199.14173889160156,0.5182785987854004,282.1552734375
1.017795443534851,105.5748062133789,0.6920194625854492,185.19039916992188
1.6881890296936035,578.9133911132812,1.4628798961639404,593.2569580078125
0.9398425221443176,556.8976440429688,1.0486109256744385,558.7721557617188
1.501102328300476,512.8661499023438,1.5803638696670532,310.71923828125
0.40976378321647644,534.8818969726562,0.16958406567573547,406.2214660644531
1.5478739738464355,188.13388061523438,1.1475639343261719,483.8812561035156
1.7973228693008423,45.031494140625,0.9229796528816223,149.44229125976562
0.5812598466873169,221.15748596191406,1.2614777088165283,152.06613159179688
0.16031496226787567,149.60629272460938,0.2591454088687897,246.97012329101562
1.6414172649383545,540.3858032226562,1.334774136543274,540.348876953125
1.4075590372085571,606.4330444335938,1.541780710220337,520.4473876953125
0.19149605929851532,259.6850280761719,0.20289908349514008,297.33441162109375
2.0,248.6771697998047,1.9153012037277222,377.72564697265625
0.34740158915519714,446.8188781738281,0.5711253881454468,232.82398986816406
0.019999999552965164,89.06298828125,0.26580628752708435,54.63762283325195
1.906456708908081,600.9291381835938,1.7194157838821411,526.7913208007812
1.0801575183868408,292.7086486816406,1.03067147731781,483.87725830078125
1.3140157461166382,677.9842529296875,1.1284916400909424,591.9932861328125
0.33181101083755493,644.9606323242188,0.7989453077316284,342.0247497558594
0.8930708765983582,611.93701171875,1.3933696746826172,318.5141906738281
0.815118134021759,468.8346862792969,0.431688517332077,388.0382080078125
1.7817323207855225,589.9212646484375,1.300777792930603,587.7409057617188
1.5634645223617554,633.9527587890625,1.156865119934082,404.65228271484375
1.0022047758102417,314.7243957519531,1.1721982955932617,324.3397521972656
1.8752756118774414,677.9842529296875,1.749075174331665,443.7447814941406
1.236063003540039,177.1259765625,1.2357838153839111,353.8136901855469
0.5188976526260376,221.15748596191406,0.6068551540374756,234.64593505859375
0.1759055107831955,243.17323303222656,0.5472601056098938,110.7977066040039
1.5322834253311157,424.80316162109375,1.2595257759094238,489.4312744140625
1.4855117797851562,452.32281494140625,0.9765145778656006,415.90704345703125
1.906456708908081,683.4881591796875,1.4542450904846191,659.6610717773438
0.6280314922332764,193.63780212402344,0.9327816367149353,142.6814422607422
1.501102328300476,358.7558898925781,1.0330899953842163,438.45166015625
1.7193701267242432,683.4881591796875,1.5531433820724487,539.5794677734375
1.7973228693008423,369.7638244628906,1.3433042764663696,383.1488952636719
0.14472442865371704,221.15748596191406,0.9496956467628479,47.379920959472656
0.113543301820755,336.7401428222656,0.02347857691347599,376.65423583984375
1.064566969871521,639.4566650390625,1.6184407472610474,376.321044921875
1.501102328300476,254.1811065673828,0.9363667368888855,448.5391540527344
1.8596850633621216,281.7007751464844,1.4445021152496338,317.6933288574219
1.064566969871521,364.2598876953125,1.012852668762207,192.6244659423828
0.238267719745636,89.06298828125,0.1963450163602829,135.19615173339844
0.20708660781383514,215.65354919433594,0.60061115026474,89.57249450683594
0.20708660781383514,309.220458984375,0.45138588547706604,311.8869934082031
0.6280314922332764,166.11810302734375,0.6218830347061157,169.8397216796875
0.9554330706596375,358.7558898925781,0.6727436184883118,512.932373046875
1.5790550708770752,138.59841918945312,0.7207945585250854,245.19447326660156
0.9866141676902771,67.0472412109375,0.7609670758247375,169.41041564941406
1.15811026096344,501.8582763671875,1.5409523248672485,375.02301025390625
0.7839370369911194,578.9133911132812,0.9141905307769775,433.4932861328125
0.8618897795677185,650.4645385742188,0.9549105167388916,515.537353515625
1.0333858728408813,116.58268737792969,0.8172098398208618,82.6640853881836
0.6748031377792358,479.842529296875,0.9744765162467957,315.9534912109375
0.238267719745636,265.18896484375,0.33525654673576355,189.5955810546875
0.2538582682609558,573.409423828125,0.48022326827049255,342.7818298339844
1.3451968431472778,133.094482421875,1.1227163076400757,292.9168701171875
1.0957480669021606,204.6456756591797,1.7817614078521729,223.7995147705078
1.734960675239563,166.11810302734375,1.8054720163345337,395.693359375
1.329606294631958,463.33074951171875,1.6241072416305542,511.1625671386719
1.1737008094787598,243.17323303222656,1.123126745223999,209.60635375976562
0.8930708765983582,358.7558898925781,1.0305193662643433,322.85601806640625
0.42535433173179626,413.7952880859375,0.7411067485809326,462.33544921875
1.5790550708770752,578.9133911132812,1.429456114768982,494.4304504394531
0.8462992310523987,490.85040283203125,0.9731893539428711,494.6290588378906
1.0022047758102417,369.7638244628906,1.4030293226242065,386.95074462890625
1.3607873916625977,210.1496124267578,1.2844024896621704,147.27976989746094
1.4387401342391968,435.81103515625,1.2027168273925781,482.81524658203125
1.017795443534851,160.61416625976562,0.9825860261917114,305.61419677734375
0.7995275855064392,160.61416625976562,0.397481232881546,411.72784423828125
0.3006299138069153,589.9212646484375,0.550335168838501,268.3139953613281
1.0022047758102417,457.8267517089844,1.6839607954025269,396.49371337890625
1.064566969871521,430.3070983886719,0.9058741927146912,512.865234375
0.7683464288711548,342.24407958984375,1.2284072637557983,220.8932342529297
1.812913417816162,111.07874298095703,1.309876561164856,308.9784851074219
0.019999999552965164,507.3622131347656,0.25235429406166077,330.65863037109375
0.238267719745636,644.9606323242188,0.7712364792823792,379.4521789550781
1.906456708908081,78.05511474609375,1.2770401239395142,281.6173400878906
1.4699212312698364,523.8740234375,1.2210912704467773,473.81585693359375
0.22267717123031616,199.14173889160156,0.16484355926513672,262.35211181640625
0.6903936862945557,688.9921264648438,1.5018938779830933,532.7152709960938
1.1269291639328003,397.2834777832031,1.044470191001892,484.85675048828125
0.33181101083755493,622.9448852539062,0.43919864296913147,529.1441650390625
1.6414172649383545,650.4645385742188,1.1179479360580444,482.52996826171875
0.6124409437179565,683.4881591796875,0.9540910124778748,585.7780151367188
1.7037795782089233,193.63780212402344,1.033779501914978,392.1511535644531
1.6414172649383545,6.503936767578125,1.3923768997192383,-25.676176071166992
0.5500787496566772,424.80316162109375,0.6321996450424194,294.9617614746094
1.5634645223617554,474.3385925292969,1.030264139175415,368.2305908203125
0.5500787496566772,287.2047119140625,0.5533838868141174,337.44854736328125
1.8752756118774414,237.66929626464844,1.1470147371292114,355.17266845703125
1.1269291639328003,358.7558898925781,1.3902853727340698,469.16876220703125
1.8908661603927612,353.251953125,1.0704224109649658,559.72314453125
0.03559055179357529,116.58268737792969,-0.08298079669475555,141.46376037597656
0.8930708765983582,694.4960327148438,1.440081000328064,556.7059936523438
0.05118110775947571,369.7638244628906,0.5982811450958252,311.4315185546875
1.5478739738464355,490.85040283203125,1.3394843339920044,552.5048828125
1.906456708908081,452.32281494140625,1.9586071968078613,508.09637451171875
0.4409448802471161,314.7243957519531,0.5088167190551758,321.8022155761719
1.0957480669021606,342.24407958984375,1.100625991821289,491.35186767578125
1.4543306827545166,700.0,1.5497890710830688,515.2841186523438
0.2538582682609558,408.2913513183594,0.2801622748374939,403.1768493652344
1.594645619392395,182.62994384765625,1.269238829612732,258.72613525390625
1.3607873916625977,463.33074951171875,1.654495120048523,354.151611328125
1.7193701267242432,512.8661499023438,1.5240893363952637,368.8653259277344
1.4855117797851562,127.5905532836914,1.549766182899475,237.7493438720703
1.3919684886932373,276.19683837890625,1.7080283164978027,97.32274627685547
0.8462992310523987,105.5748062133789,1.06244957447052,39.208335876464844
1.7973228693008423,78.05511474609375,1.5460505485534668,327.3352355957031
1.5322834253311157,17.511810302734375,1.544688105583191,38.117347717285156
0.7995275855064392,127.5905532836914,0.9663618206977844,173.49205017089844
0.7683464288711548,479.842529296875,0.8389990329742432,391.7146301269531
1.7505512237548828,281.7007751464844,1.6266138553619385,409.6265869140625
0.16031496226787567,545.8897705078125,0.9573729038238525,568.8792724609375
1.5478739738464355,45.031494140625,0.9736653566360474,195.96290588378906
1.5634645223617554,314.7243957519531,1.4377501010894775,511.2221374511719
0.9398425221443176,386.2756042480469,1.067383885383606,377.7128601074219
1.0957480669021606,529.3779296875,1.5468788146972656,470.5452880859375
1.064566969871521,270.6929016113281,1.0601085424423218,354.1779479980469
1.8440945148468018,61.54330825805664,0.6811987161636353,185.4723358154297
0.6748031377792358,226.66140747070312,0.8430340886116028,257.14227294921875
1.5790550708770752,188.13388061523438,1.4630097150802612,383.5188293457031
1.1892913579940796,17.511810302734375,0.8971046209335327,57.891387939453125
1.6881890296936035,94.56694030761719,1.3644458055496216,452.3199462890625
0.8930708765983582,446.8188781738281,0.886304497718811,504.8939208984375
1.0957480669021606,28.519685745239258,1.3992563486099243,-62.7957878112793
1.734960675239563,72.55117797851562,1.3205163478851318,170.2899627685547
1.6258267164230347,633.9527587890625,1.742659091949463,595.536376953125
0.5344882011413574,633.9527587890625,1.34502375125885,403.4104919433594
0.33181101083755493,127.5905532836914,-0.10238541662693024,113.25772857666016
1.4387401342391968,688.9921264648438,1.88651442527771,508.747314453125
1.1892913579940796,479.842529296875,1.3719544410705566,332.083984375
0.42535433173179626,105.5748062133789,0.4624706208705902,153.38577270507812
0.26944881677627563,424.80316162109375,0.5472777485847473,446.21697998046875
0.5344882011413574,111.07874298095703,0.24691054224967957,239.98976135253906
1.0333858728408813,23.0157470703125,1.6546379327774048,-47.679649353027344
1.3919684886932373,375.26776123046875,0.8691213130950928,297.18402099609375
0.6124409437179565,512.8661499023438,0.8717440962791443,377.50616455078125
1.9844094514846802,12.00787353515625,1.5329325199127197,77.51509094238281
1.3919684886932373,419.2992248535156,1.1035014390945435,456.1685791015625
1.1737008094787598,435.81103515625,0.9746583700180054,424.0181579589844
1.8440945148468018,67.0472412109375,1.6395783424377441,469.7825927734375
1.1737008094787598,501.8582763671875,1.189733862876892,495.3091735839844
1.3140157461166382,391.779541015625,1.5263545513153076,395.509521484375
1.2048819065093994,523.8740234375,0.9188719391822815,433.1899719238281
1.3607873916625977,149.60629272460938,1.3039648532867432,254.85293579101562
0.908661425113678,606.4330444335938,1.0236624479293823,570.60986328125
0.1759055107831955,303.7165222167969,0.48337891697883606,275.37408447265625
2.0,386.2756042480469,1.085834264755249,383.8063049316406
0.8774803280830383,199.14173889160156,1.0636487007141113,277.3268127441406
0.7839370369911194,199.14173889160156,1.2261838912963867,309.9649963378906
1.1425197124481201,611.93701171875,1.3651940822601318,439.47479248046875
1.7973228693008423,512.8661499023438,1.3249359130859375,377.9493713378906
0.1759055107831955,639.4566650390625,0.8960813879966736,252.2526397705078
0.33181101083755493,700.0,0.7772335410118103,526.0012817382812
1.906456708908081,490.85040283203125,1.9128484725952148,578.3770751953125
0.19149605929851532,265.18896484375,0.7358695268630981,89.36163330078125
1.0022047758102417,138.59841918945312,1.0786442756652832,269.3183898925781
1.8908661603927612,243.17323303222656,1.282662272453308,242.6594696044922
1.5634645223617554,56.039371490478516,1.7488927841186523,108.1004867553711
0.5033071041107178,72.55117797851562,0.45040541887283325,105.33536529541016
1.812913417816162,23.0157470703125,1.5076963901519775,68.03667449951172
1.3140157461166382,133.094482421875,0.9999502301216125,243.10264587402344
0.8462992310523987,545.8897705078125,1.3636984825134277,506.7132568359375
1.5790550708770752,45.031494140625,1.2546254396438599,113.50198364257812
1.7973228693008423,67.0472412109375,1.1008548736572266,154.64952087402344
0.7059842348098755,584.4172973632812,1.0861997604370117,542.6533203125
0.33181101083755493,215.65354919433594,0.5103402137756348,207.39227294921875
0.6124409437179565,545.8897705078125,1.2120498418807983,490.4704284667969
0.05118110775947571,567.905517578125,0.7146602869033813,402.4183349609375
1.4855117797851562,567.905517578125,0.9533761739730835,341.5231628417969
0.8930708765983582,507.3622131347656,1.0223543643951416,517.08349609375
1.2828346490859985,67.0472412109375,0.9398460984230042,175.22193908691406
0.9866141676902771,23.0157470703125,1.0801811218261719,80.84249114990234
1.6414172649383545,688.9921264648438,1.2706419229507446,479.04498291015625
1.7973228693008423,243.17323303222656,1.6254948377609253,383.230224609375
0.7995275855064392,56.039371490478516,1.0853006839752197,62.61504364013672
1.9532283544540405,1.0,1.3444079160690308,104.14007568359375
0.33181101083755493,501.8582763671875,0.7141883373260498,377.41949462890625
0.19149605929851532,61.54330825805664,0.11093370616436005,99.231201171875
0.5968503952026367,397.2834777832031,0.9895766377449036,400.8025207519531
0.113543301820755,479.842529296875,0.6665315628051758,394.4594421386719
1.2672441005706787,507.3622131347656,1.464996337890625,528.8292846679688
0.5656692981719971,303.7165222167969,0.6775169372558594,198.75799560546875
1.7973228693008423,358.7558898925781,1.1851704120635986,409.4689636230469
1.0022047758102417,606.4330444335938,1.2464945316314697,512.8974609375
1.9688189029693604,424.80316162109375,1.3870433568954468,523.8140869140625
0.3941732347011566,67.0472412109375,0.6517583131790161,-33.416412353515625
1.1892913579940796,534.8818969726562,1.2354838848114014,620.3790893554688
0.8462992310523987,501.8582763671875,0.6084315776824951,410.2304992675781
0.238267719745636,677.9842529296875,0.6142805218696594,480.1548156738281
0.3162204623222351,320.22833251953125,0.5841667652130127,307.77362060546875
1.1425197124481201,578.9133911132812,0.5805627703666687,587.781982421875
0.22267717123031616,567.905517578125,1.0567281246185303,385.18719482421875
0.14472442865371704,193.63780212402344,0.016047777608036995,263.41644287109375
0.5500787496566772,496.3543395996094,0.9953135251998901,466.2471008300781
1.3919684886932373,479.842529296875,1.4300634860992432,457.0401611328125
1.5322834253311157,221.15748596191406,1.0371977090835571,385.9804992675781
1.8752756118774414,243.17323303222656,1.344937801361084,376.40313720703125
1.516692876815796,265.18896484375,1.4692953824996948,444.0621032714844
1.4543306827545166,17.511810302734375,1.4792959690093994,107.78583526611328
