#;PSRJ;PMRA;PMDEC;PX;POSEPOCH;Gl;Gb;RAJD;DECJD;P0;P1;DM;TAU_SC;S400;S1400;S2000;DIST;ZZ;XX;YY;ASSOC;SURVEY;
;;(mas/yr);(mas/yr);(mas);(MJD);(deg);(deg);(deg);(deg);(s);;(cm^-3pc);(s);(mJy);(mJy);(mJy);(kpc);(kpc);(kpc);(kpc);;;
1;J0002+6216;32.500;-13.700;0.600;55806.00;117.327;-0.074;0.74237500;62.26927778;0.115364;5.97e-15;218.60;NAN;NAN;0.02;NAN;6.357;-0.008;5.648;11.418;GRS:4FGL_J0002.8+6217[aab+22],XRS:1XSPS_;FermiBlind;
2;J0006+1834;NAN;NAN;NAN;NAN;108.172;-42.985;1.52000000;18.58305556;0.693748;2.10e-15;11.41;NAN;0.20;NAN;NAN;0.860;-0.586;0.598;8.696;NAN;ar4,ar327,fast_gpps;
3;J0007+7303;NAN;NAN;NAN;54952.00;119.660;10.463;1.75708333;73.05205556;0.315873;3.60e-13;NAN;NAN;NAN;NAN;NAN;1.400;0.254;1.196;9.181;GRS:4FGL_J0007.0+7303[aab+22],XRS:RX_J00;FermiBlind;
4;J0011+08;NAN;NAN;NAN;57022.00;106.228;-53.407;2.89166667;8.16666667;2.552870;NAN;24.90;NAN;NAN;NAN;NAN;5.399;-4.335;3.090;9.399;NAN;ar327,fast_gpps;
5;J0012+5431;NAN;NAN;NAN;59128.00;117.231;-7.911;3.09708333;54.52777778;3.025301;1.28e-16;131.30;NAN;NAN;NAN;NAN;5.427;-0.747;4.780;10.960;NAN;chime;
6;J0014+4746;19.300;-19.700;NAN;49664.00;116.497;-14.631;3.57395833;47.77594444;1.240699;5.64e-16;30.41;0.00;14.00;3.00;NAN;1.776;-0.449;1.538;9.267;NAN;gb1,gb2,gb3,lotaas;
7;J0021-0909;NAN;NAN;NAN;58388.00;100.291;-70.726;5.46445833;-9.16630556;2.314131;1.04e-15;25.20;NAN;NAN;0.13;NAN;25.000;-23.599;8.119;9.974;NAN;fast_crafts;
8;J0024-7204C;5.250;-2.550;0.232;51600.00;305.923;-44.892;5.95981083;-72.07541800;0.005757;-4.99e-20;24.59;NAN;1.53;0.52;0.23;4.520;-3.190;-2.593;6.621;GC:47Tuc(NGC104),XRS:[bgh+06];pksgc;
9;J0024-7204D;5.250;-2.550;0.232;51600.00;305.881;-44.893;6.05783717;-72.07884789;0.005358;-3.42e-21;24.74;NAN;0.95;0.35;0.20;4.520;-3.190;-2.594;6.623;GC:47Tuc(NGC104),XRS:[bgh+06];pksgc;
10;J0024-7204F;5.250;-2.550;0.232;51600.00;305.899;-44.892;6.01606446;-72.07856064;0.002624;6.45e-20;24.38;NAN;NAN;NAN;NAN;4.520;-3.190;-2.594;6.622;GC:47Tuc(NGC104),XRS:[bgh+06];pksgc;
11;J0024-7204G;5.250;-2.550;0.232;51600.00;305.891;-44.893;6.03316792;-72.07769528;0.004040;-4.22e-20;24.43;NAN;NAN;NAN;NAN;4.520;-3.190;-2.594;6.623;GC:47Tuc(NGC104),XRS:[bgh+06];pksgc;
12;J0024-7204L;5.250;-2.550;0.232;51600.00;305.898;-44.888;6.01571708;-72.08247861;0.004346;-1.22e-19;24.40;NAN;NAN;NAN;NAN;4.520;-3.190;-2.594;6.622;GC:47Tuc(NGC104),XRS:[bgh+06];pksgc;
13;J0024-7204M;5.250;-2.550;0.232;51600.00;305.913;-44.877;5.97704125;-72.09187667;0.003677;-3.84e-20;24.43;NAN;NAN;NAN;NAN;4.520;-3.189;-2.594;6.621;GC:47Tuc(NGC104),XRS:[bgh+06];pksgc;
14;J0024-7204N;5.250;-2.550;0.232;51600.00;305.890;-44.897;6.03828333;-72.07469186;0.003054;-2.19e-20;24.56;NAN;NAN;NAN;NAN;4.520;-3.190;-2.594;6.623;GC:47Tuc(NGC104),XRS:[bgh+06];pksgc;
15;J0024-7204Z;5.250;-2.550;0.232;51600.00;305.894;-44.887;6.02517083;-72.08374444;0.004554;-4.54e-21;24.45;NAN;NAN;NAN;NAN;4.520;-3.190;-2.594;6.622;GC:47Tuc(NGC104),XRS:[bhc+17];misc;
16;J0024-7204aa;5.250;-2.550;0.232;57022.00;305.895;-44.889;6.02362500;-72.08128333;0.001840;NAN;24.92;NAN;NAN;NAN;NAN;4.520;-3.190;-2.594;6.623;GC:47Tuc(NGC104),XRS:[bhc+17];misc;
17;J0024-7204ab;5.250;-2.550;0.232;51600.00;305.891;-44.891;6.03400625;-72.07988944;0.003705;9.82e-21;24.33;NAN;NAN;NAN;NAN;4.520;-3.190;-2.594;6.623;GC:47Tuc(NGC104),XRS:[bhc+17];misc;
18;J0026+6320;NAN;NAN;NAN;56675.00;120.176;0.593;6.71067083;63.33357500;0.318358;1.51e-16;245.06;0.00;NAN;1.00;NAN;6.619;0.069;5.722;11.827;NAN;misc,gbncc;
19;J0026-1955;NAN;NAN;NAN;58880.50;83.291;-80.829;6.65000000;-19.93305556;1.306150;NAN;20.87;NAN;NAN;NAN;NAN;25.000;-24.680;3.957;8.034;NAN;gbncc,mwa_smart;
20;J0030+0451;-6.150;0.370;3.090;55000.00;113.141;-57.611;7.61428447;4.86103063;0.004865;1.02e-20;4.33;NAN;7.90;1.09;0.63;0.324;-0.273;0.159;8.568;GRS:4FGL_J0030.4+0451[aab+22];misc,FermiBlind,gbncc,lotaas;
21;J0033+57;NAN;NAN;NAN;54100.00;120.410;-5.781;8.25000000;57.00000000;0.315000;NAN;75.65;NAN;NAN;NAN;NAN;2.251;-0.227;1.931;9.634;NAN;gbt350,gbncc,lotaas;
22;J0033+61;NAN;NAN;NAN;54100.00;120.698;-1.792;8.25000000;61.00000000;0.912000;NAN;37.70;NAN;NAN;NAN;NAN;1.654;-0.052;1.422;9.344;NAN;gbt350,gbncc,lotaas;
23;J0034+69;NAN;NAN;NAN;56292.00;121.411;6.896;8.50000000;69.71666667;0.036804;NAN;80.01;NAN;4.50;NAN;NAN;2.283;0.274;1.934;9.681;NAN;gbncc;
24;J0034-0721;10.370;-11.130;0.930;52275.00;110.420;-69.815;8.53695958;-7.36483583;0.942951;4.08e-16;10.92;0.00;52.00;11.00;NAN;1.030;-0.967;0.333;8.624;NAN;mol1,lotaas,pks70;
25;J0036-1033;NAN;NAN;NAN;58774.00;110.033;-73.044;9.06254167;-10.55394444;0.900009;2.13e-16;23.10;NAN;1.00;NAN;NAN;25.000;-23.913;6.850;10.998;NAN;mwa_smart;
26;J0038-2501;NAN;NAN;NAN;57474.00;67.413;-86.354;9.54276667;-25.02520278;0.256926;7.60e-19;5.71;NAN;NAN;NAN;NAN;0.604;-0.603;0.035;8.485;NAN;gbncc;
27;J0039+35;NAN;NAN;NAN;NAN;120.121;-27.054;9.77500000;35.75000000;0.536700;NAN;53.04;NAN;NAN;NAN;NAN;25.000;-11.371;19.258;19.673;NAN;lotaas,ar327;
28;J0040+5716;12.390;-5.400;0.110;56000.00;121.452;-5.567;10.13495792;57.27356472;1.118225;2.88e-15;92.52;NAN;7.50;0.60;NAN;2.420;-0.235;2.055;9.757;NAN;gb2,gbncc,lotaas;
29;J0040-7326;NAN;NAN;NAN;NAN;304.018;-43.666;10.10125000;-73.43855556;0.398700;NAN;85.00;NAN;NAN;NAN;NAN;58.195;-40.181;-34.892;-15.051;EXGAL:SMC[cls+24];meerkat_trapum;
30;J0040-7335;NAN;NAN;NAN;NAN;303.957;-43.508;10.22458333;-73.59927778;0.145200;NAN;199.00;NAN;NAN;NAN;NAN;61.200;-42.133;-36.817;-16.294;EXGAL:SMC[cls+24];meerkat_trapum;
31;J0040-7337;NAN;NAN;NAN;NAN;303.964;-43.488;10.20250000;-73.61869444;0.059900;NAN;102.00;NAN;NAN;NAN;NAN;58.722;-40.413;-35.335;-15.302;EXGAL:SMC[cls+24],SNR:DEM;meerkat_trapum;
32;J0043-73;NAN;NAN;NAN;57990.69;303.741;-43.786;10.82333333;-73.32986111;0.937429;NAN;115.00;NAN;NAN;0.05;NAN;58.965;-40.802;-35.398;-15.144;EXGAL:SMC;misc;
33;J0044-7314;NAN;NAN;NAN;NAN;303.579;-43.886;11.24250000;-73.23433333;0.396900;NAN;78.00;NAN;NAN;NAN;NAN;57.936;-40.163;-34.788;-14.595;EXGAL:SMC[cls+24];meerkat_trapum;
34;J0045-7042;NAN;NAN;NAN;52407.00;303.652;-46.418;11.35704167;-70.70197222;0.632336;2.49e-15;71.30;NAN;NAN;0.06;NAN;59.700;-43.246;-34.260;-14.307;EXGAL:SMC;misc;
35;J0048+3412;NAN;NAN;NAN;49875.00;122.255;-28.666;12.14160282;34.20223077;1.217094;2.35e-15;39.92;0.00;2.30;NAN;NAN;4.500;-2.159;3.339;10.607;NAN;gb2,ar327,gb3,lotaas;
36;J0048-7317;NAN;NAN;NAN;NAN;303.181;-43.831;12.23416667;-73.29630556;0.079300;NAN;292.00;NAN;NAN;NAN;NAN;100.000;-69.253;-60.376;-30.981;EXGAL:SMC[cls+24],PWN:[cls+24];meerkat_trapum;
37;J0050+03;NAN;NAN;NAN;57022.00;122.485;-59.071;12.62916667;3.80000000;1.366560;NAN;26.50;NAN;NAN;NAN;NAN;25.000;-21.445;10.839;15.401;NAN;ar327,fast_gpps;
38;J0051+0423;NAN;NAN;NAN;NAN;122.962;-58.491;12.87541667;4.38027778;0.354732;7.00e-18;13.93;NAN;3.00;0.50;NAN;1.250;-1.066;0.548;8.855;NAN;gb4,ar327,gbncc,lotaas;
39;J0052-72;NAN;NAN;NAN;58008.54;302.913;-45.054;12.90208333;-72.07391667;0.191444;NAN;158.60;NAN;NAN;0.04;NAN;60.235;-42.633;-35.722;-14.622;EXGAL:SMC;misc;
40;J0054+66;NAN;NAN;NAN;54100.00;123.193;3.130;13.50000000;66.00000000;1.390000;NAN;15.00;NAN;NAN;NAN;NAN;0.901;0.049;0.753;8.993;NAN;gbt350;
41;J0054+6650;NAN;NAN;NAN;NAN;123.275;3.971;13.73094997;66.83993806;1.390217;5.55e-15;NAN;NAN;NAN;NAN;NAN;NAN;0.000;0.000;8.500;NAN;gbncc;
42;J0054+69;NAN;NAN;NAN;NAN;123.200;6.563;13.61666667;69.43333333;NAN;NAN;90.30;NAN;NAN;NAN;NAN;2.347;0.268;1.951;9.777;NAN;gbncc;
43;J0054+6946;NAN;NAN;NAN;56500.00;123.241;6.902;13.74631750;69.77134719;0.832911;7.19e-16;116.52;NAN;NAN;NAN;NAN;2.757;0.331;2.289;10.000;NAN;gbncc;
44;J0054-7228;NAN;NAN;NAN;NAN;302.565;-44.649;13.72625000;-72.47630556;0.290900;NAN;92.00;NAN;NAN;NAN;NAN;58.496;-41.109;-35.072;-13.900;EXGAL:SMC[cls+24];meerkat_trapum;
45;J0055+5117;10.470;-17.400;0.350;56000.00;123.621;-11.576;13.93915875;51.29016694;2.115171;9.54e-15;44.01;0.00;3.40;1.50;NAN;2.800;-0.562;2.284;10.019;NAN;gb2,lotaas;
46;J0056+4756;NAN;NAN;NAN;49872.00;123.796;-14.927;14.10630345;47.93626269;0.472037;3.33e-15;18.14;NAN;3.00;NAN;NAN;1.123;-0.289;0.902;9.104;NAN;gb2,lotaas;
47;J0057-7201;NAN;NAN;NAN;51213.00;302.244;-45.098;14.43333333;-72.02194444;0.738062;1.00e-16;27.00;NAN;NAN;NAN;NAN;3.475;-2.461;-2.075;7.191;NAN;misc;
48;J0058+4950;NAN;NAN;NAN;56500.00;124.045;-13.017;14.54162336;49.84055678;0.996023;8.04e-16;66.90;NAN;NAN;NAN;NAN;2.644;-0.596;2.135;9.942;NAN;gbncc,fast_gpps;
49;J0058+6125;NAN;NAN;NAN;54100.00;123.717;-1.445;14.50000000;61.41666667;0.637000;NAN;128.30;NAN;NAN;NAN;NAN;2.597;-0.065;2.159;9.941;NAN;gbt350,gbncc;
50;J0058-7218;NAN;NAN;NAN;58924.00;302.199;-44.817;14.56958333;-72.30166667;0.021766;2.89e-14;NAN;NAN;NAN;NAN;NAN;59.700;-42.079;-35.836;-14.066;EXGAL:SMC,XRS:PWN_IKT_16[met+21];misc;
51;J0059+69;NAN;NAN;NAN;NAN;123.629;7.056;14.87500000;69.91666667;1.145900;NAN;63.53;NAN;NAN;NAN;NAN;2.048;0.252;1.692;9.626;NAN;lotaas,gbncc;
52;J0100+8023;NAN;NAN;NAN;56676.00;123.318;17.530;15.06704167;80.39493056;1.493601;3.54e-16;56.01;NAN;NAN;NAN;NAN;2.847;0.858;2.269;9.991;NAN;lotaas;
53;J0100-7211;NAN;NAN;NAN;53032.00;301.930;-44.918;15.17929167;-72.19266667;8.020392;1.88e-11;NAN;NAN;NAN;NAN;NAN;59.700;-42.153;-35.878;-13.859;EXGAL:SMC,XRS:CXOU_J010043.1-721134;misc;
54;J0102+6537;9.240;1.770;0.400;56000.00;124.080;2.773;15.63746417;65.62039333;1.679164;5.95e-15;65.85;NAN;8.50;1.20;NAN;2.500;0.121;2.068;9.899;NAN;gb1,gb3,gbncc,lotaas;
55;J0103+54;NAN;NAN;NAN;56657.00;124.741;-8.796;15.90416667;54.03333333;0.354304;NAN;54.80;NAN;NAN;NAN;NAN;1.998;-0.306;1.623;9.625;NAN;gbncc,fast_gpps;
56;J0104+64;NAN;NAN;NAN;NAN;124.308;1.162;16.00000000;64.00000000;1.386000;NAN;44.60;NAN;NAN;NAN;NAN;1.711;0.035;1.413;9.464;NAN;gbncc;
57;J0105-7208;NAN;NAN;NAN;NAN;301.396;-44.938;16.40708333;-72.14816667;0.306700;NAN;120.00;NAN;NAN;NAN;NAN;59.953;-42.347;-36.225;-13.609;EXGAL:SMC[cls+24];meerkat_trapum;
58;J0106+4855;NAN;NAN;NAN;55225.00;125.465;-13.867;16.60441667;48.93105556;0.083157;4.28e-16;70.90;NAN;NAN;0.01;NAN;3.063;-0.734;2.422;10.225;GRS:4FGL_J0106.4+4855[aab+22];FermiBlind;
59;J0107+1322;NAN;NAN;NAN;NAN;128.991;-49.305;16.91645833;13.37547222;1.197383;6.87e-16;21.67;NAN;NAN;NAN;NAN;2.349;-1.781;1.190;9.464;NAN;lotaas,ar327,fast_gpps;
60;J0108+6608;-32.750;35.150;0.470;56000.00;124.646;3.328;17.09377042;66.14291639;1.283660;1.31e-14;30.55;0.00;10.00;0.90;NAN;2.140;0.124;1.758;9.715;NAN;jb1,gb1,gb2,lotaas;
61;J0108+6905;NAN;NAN;NAN;49875.00;124.461;6.277;17.12293293;69.09795221;1.071118;4.81e-17;61.06;NAN;3.70;0.40;NAN;1.981;0.217;1.624;9.614;NAN;gb2,gbncc,lotaas;
62;J0108-1431;75.000;-152.500;4.200;54100.00;140.930;-76.815;17.03477923;-14.53060753;0.807565;7.70e-17;2.38;NAN;9.00;1.40;NAN;0.210;-0.204;0.030;8.537;NAN;pks70;
63;J0109+11;NAN;NAN;NAN;NAN;129.793;-51.104;17.25000000;11.53333333;0.432700;NAN;17.00;NAN;NAN;NAN;NAN;1.566;-1.219;0.756;9.129;NAN;pumps;
64;J0110-22;NAN;NAN;NAN;NAN;163.377;-83.360;17.50000000;-22.00000000;1.262000;NAN;20.80;NAN;NAN;NAN;NAN;25.000;-24.832;0.827;11.270;NAN;gbncc;
65;J0110-2223;NAN;NAN;NAN;NAN;166.071;-83.626;17.56943451;-22.39953333;1.261960;6.21e-16;NAN;NAN;NAN;NAN;NAN;NAN;-0.000;0.000;8.500;NAN;gbncc;
66;J0111+6624;NAN;NAN;NAN;56500.00;124.928;3.609;17.84115050;66.40299564;4.301872;8.36e-15;111.20;NAN;NAN;NAN;NAN;2.412;0.152;1.974;9.878;NAN;gbncc,misc;
67;J0111-7131;NAN;NAN;NAN;52369.00;300.669;-45.510;17.86987500;-71.52966667;0.688542;7.09e-15;79.40;NAN;NAN;0.04;NAN;59.700;-42.589;-35.985;-12.840;EXGAL:SMC;misc;
68;J0113-7220;NAN;NAN;NAN;51212.00;300.615;-44.688;18.29620833;-72.34227778;0.325883;4.86e-15;125.49;NAN;NAN;0.19;NAN;59.700;-41.984;-36.527;-13.115;EXGAL:SMC;misc;
69;J0115+6325;NAN;NAN;NAN;57876.00;125.648;0.687;18.94112500;63.43077778;0.521455;1.60e-15;65.07;NAN;NAN;NAN;NAN;1.931;0.023;1.569;9.625;NAN;lotaas;
70;J0117+5914;-3.316;18.083;NAN;49751.00;126.283;-3.457;19.41108846;59.24399732;0.101439;5.85e-15;49.42;0.00;7.60;0.30;NAN;1.768;-0.107;1.423;9.544;XRS:[pb15],GRS:[saa+23];gb3,FermiAssoc,gbncc,lotaas;
71;J0120+1837;NAN;NAN;NAN;NAN;132.376;-43.711;20.05008754;18.63252691;1.313385;1.36e-17;NAN;NAN;NAN;NAN;NAN;NAN;-0.000;0.000;8.500;NAN;gbncc;
72;J0121+53;NAN;NAN;NAN;NAN;127.378;-9.133;20.25000000;53.48333333;2.724785;NAN;91.38;NAN;NAN;NAN;NAN;2.644;-0.420;2.074;10.085;NAN;chime;
73;J0122+1416;NAN;NAN;NAN;57876.00;134.030;-47.940;20.50545833;14.27138889;1.388994;3.80e-15;17.69;NAN;NAN;NAN;NAN;1.583;-1.175;0.762;9.237;NAN;misc,ar327,gbncc,lotaas,fast_gpps;
74;J0125+62;NAN;NAN;NAN;56292.00;126.899;-0.022;21.50000000;62.58333333;1.708230;NAN;118.00;NAN;3.40;NAN;NAN;2.403;-0.001;1.922;9.943;NAN;gbncc;
75;J0129+36;NAN;NAN;NAN;NAN;131.492;-26.155;22.37500000;36.08333333;1.089000;NAN;54.00;NAN;NAN;NAN;NAN;25.000;-11.020;16.809;23.367;NAN;pumps;
76;J0131-7310;NAN;NAN;NAN;52335.00;298.944;-43.648;22.86879167;-73.16926111;0.348124;1.76e-15;205.22;NAN;NAN;0.06;NAN;59.700;-41.206;-37.803;-12.406;EXGAL:SMC;misc;
77;J0133-6957;NAN;NAN;NAN;49980.20;297.691;-46.739;23.38525000;-69.95824444;0.463474;1.20e-16;22.95;NAN;5.00;0.18;NAN;2.441;-1.778;-1.481;7.723;NAN;pks70;
78;J0134-2937;17.000;-9.000;NAN;54428.00;230.251;-80.250;23.57784333;-29.62140056;0.136962;7.84e-17;21.81;NAN;9.00;3.90;NAN;25.000;-24.639;-3.255;11.207;NAN;pks70;
79;J0137+1654;NAN;NAN;NAN;NAN;138.449;-44.571;24.34950000;16.91169444;0.414763;1.22e-17;26.08;NAN;1.40;NAN;NAN;3.059;-2.147;1.445;10.131;NAN;ar4,ar327,lotaas;
80;J0137+6349;NAN;NAN;NAN;56500.00;127.955;1.402;24.30569116;63.82620927;0.717963;9.60e-16;285.50;NAN;NAN;NAN;NAN;9.097;0.223;7.171;14.093;NAN;gbncc;
81;J0139+3336;NAN;NAN;NAN;57901.00;134.381;-28.174;24.98845833;33.61658333;1.247961;2.06e-15;21.20;NAN;NAN;NAN;NAN;1.470;-0.694;0.926;9.406;NAN;misc,lotaas,fast_gpps;
82;J0139+5621;NAN;NAN;NAN;56000.00;129.609;-5.885;24.91066667;56.36022222;1.775344;7.91e-14;101.84;NAN;0.70;0.02;NAN;2.410;-0.247;1.847;10.028;NAN;misc,gbncc,lotaas;
83;J0139+5814;-19.110;-16.600;0.370;52275.00;129.216;-4.044;24.83225042;58.24217194;0.272451;1.07e-14;73.81;0.00;28.00;4.60;NAN;2.600;-0.183;2.009;10.140;GRS:[saa+23];gb1,FermiAssoc,gb2,gb3,gb4,gbncc,lo;
84;J0141+6009;NAN;NAN;NAN;49293.00;129.147;-2.105;25.41640106;60.15897431;1.222949;3.91e-16;34.93;0.00;49.00;4.50;NAN;2.300;-0.084;1.783;9.951;NAN;misc,gb3,gb4,gbncc,lotaas;
85;J0141+63;NAN;NAN;NAN;56292.00;128.497;0.798;25.25000000;63.13333333;0.046686;NAN;272.80;NAN;1.30;NAN;NAN;8.774;0.122;6.866;13.961;NAN;gbncc;
86;J0141+6303;NAN;NAN;NAN;57431.00;128.595;0.747;25.44066472;63.06373510;0.046680;1.65e-18;272.76;NAN;NAN;NAN;NAN;8.788;0.115;6.868;13.982;NAN;misc,gbncc;
87;J0146+31;NAN;NAN;NAN;57022.00;136.532;-30.353;26.56250000;31.06666667;0.938100;NAN;25.00;NAN;NAN;NAN;NAN;1.825;-0.922;1.083;9.643;NAN;misc,fast_gpps;
88;J0146+6145;-4.100;1.900;NAN;49031.00;129.384;-0.431;26.59341667;61.75077778;8.688994;1.99e-12;NAN;NAN;NAN;NAN;NAN;3.600;-0.027;2.782;10.784;XRS:4U_0142+61;misc;
89;J0147+5922;-6.390;3.800;0.470;56000.00;130.059;-2.723;26.93601417;59.36757889;0.196321;2.57e-16;40.11;0.00;6.60;2.10;NAN;1.900;-0.090;1.453;9.721;NAN;gb3,lotaas;
90;J0149+29;NAN;NAN;NAN;NAN;137.766;-32.042;27.25000000;29.16666667;2.654000;NAN;35.00;NAN;NAN;NAN;NAN;3.256;-1.727;1.855;10.544;NAN;pumps;
91;J0151-0635;10.700;-5.380;0.230;56000.00;160.368;-65.004;27.84465792;-6.58416306;1.464665;4.43e-16;25.66;NAN;38.00;1.60;NAN;25.000;-22.658;3.549;18.450;NAN;mol2,pks70;
92;J0152+0948;NAN;NAN;NAN;NAN;146.812;-50.221;28.09887500;9.80277778;2.746647;1.70e-15;22.88;NAN;0.91;NAN;NAN;2.476;-1.903;0.867;9.826;NAN;ar4,ar327;
93;J0152-1637;0.800;-31.300;0.500;56000.00;179.306;-72.457;28.04522458;-16.63156694;0.832742;1.30e-15;11.93;NAN;20.00;2.10;NAN;0.920;-0.877;0.003;8.777;NAN;mol2,pks70;
94;J0154+1833;10.300;-8.900;NAN;56900.00;143.185;-41.810;28.65367804;18.56409944;0.002365;2.92e-21;19.80;NAN;NAN;0.11;NAN;1.623;-1.082;0.725;9.468;GRS:[saa+23];ar327,FermiAssoc;
95;J0156+04;NAN;NAN;NAN;NAN;151.975;-55.155;29.00416667;4.03333333;NAN;NAN;27.50;NAN;NAN;NAN;NAN;25.000;-20.517;6.711;21.109;NAN;ar327;
96;J0156+3949;NAN;NAN;NAN;49701.00;136.369;-21.332;29.23019206;39.82459228;1.811561;1.52e-16;59.83;NAN;4.00;NAN;NAN;4.920;-1.790;3.162;11.817;NAN;gb2,gbncc,lotaas;
97;J0157+6212;1.570;44.800;0.560;56000.00;130.586;0.326;29.45809750;62.20740222;2.351745;1.89e-13;30.21;0.00;6.50;1.90;NAN;1.820;0.010;1.382;9.684;NAN;jb1,gb3,gbncc,lotaas;
98;J0158+21;NAN;NAN;NAN;NAN;143.208;-39.084;29.62083333;21.13333333;0.505300;NAN;20.00;NAN;NAN;NAN;NAN;1.568;-0.989;0.729;9.475;NAN;ar327,lotaas;
99;J0201+7005;NAN;NAN;NAN;56777.00;128.889;8.033;30.42226667;70.08836389;1.349184;5.51e-15;21.03;NAN;NAN;NAN;NAN;1.172;0.164;0.903;9.229;NAN;gbncc,lotaas;
100;J0205+6449;-1.400;0.540;NAN;55487.00;130.719;3.084;31.40801029;64.82814842;0.065716;1.94e-13;140.70;NAN;NAN;0.04;NAN;3.200;0.172;2.422;10.585;GRS:4FGL_J0205.7+6449[aab+22],SNR:3C58[b;misc,FermiBlind;
101;J0206-4028;9.000;26.000;NAN;57600.00;258.595;-69.633;31.50538750;-40.46767222;0.630551;1.20e-15;12.90;NAN;11.00;0.80;NAN;1.260;-1.181;-0.430;8.587;NAN;mol2,pks70;
102;J0209+4331;NAN;NAN;NAN;59148.00;137.686;-17.094;32.47322083;43.51831944;0.863883;5.72e-17;57.29;NAN;NAN;0.01;NAN;2.531;-0.744;1.629;10.289;NAN;fast_crafts;
103;J0209+5759;NAN;NAN;NAN;58790.00;133.162;-3.314;32.40543333;57.99591944;1.063906;1.39e-14;55.28;NAN;NAN;NAN;NAN;1.743;-0.101;1.269;9.690;NAN;chime;
104;J0211+4235;NAN;NAN;NAN;59424.00;138.214;-17.905;32.77758750;42.59012778;0.350731;1.11e-18;49.70;NAN;NAN;0.11;NAN;2.240;-0.689;1.420;10.089;NAN;fast_crafts;
105;J0211-8159;NAN;NAN;NAN;49525.14;299.592;-34.606;32.99583333;-81.99338889;3.2319;8.7e-16;24.36;NAN;6.00;0.30;NAN;1.523;-0.865;-1.090;7.881;NAN;pks70;
106;J0212+5222;NAN;NAN;NAN;56500.00;135.331;-8.520;33.21724475;52.38041719;0.376386;6.60e-15;38.21;NAN;4.10;0.90;NAN;1.558;-0.231;1.083;9.596;NAN;htru_eff,gbncc,lotaas;
107;J0215+6218;NAN;NAN;NAN;51341.00;132.575;1.030;33.98594524;62.30927029;0.548880;6.62e-16;84.00;NAN;14.50;3.70;NAN;2.004;0.036;1.475;9.856;NAN;misc,gbncc;
108;J0220+36;NAN;NAN;NAN;NAN;139.508;-17.527;34.52649404;42.53815976;NAN;NAN;45.00;NAN;NAN;NAN;NAN;NAN;-0.000;0.000;8.500;NAN;misc;
109;J0220+3626;NAN;NAN;NAN;NAN;142.317;-23.040;35.17550000;36.44880556;1.029700;NAN;40.00;NAN;NAN;NAN;NAN;2.240;-0.877;1.260;10.131;NAN;misc,ar327,lotaas,tulipp;
110;J0227+3356;NAN;NAN;NAN;59304.00;144.657;-24.870;36.73775000;33.94104444;1.240102;2.85e-15;27.00;NAN;NAN;NAN;NAN;1.595;-0.671;0.837;9.680;NAN;chime,ar327;
111;J0229+20;NAN;NAN;NAN;NAN;151.579;-36.417;37.26250000;20.96666667;0.806900;NAN;27.00;NAN;NAN;NAN;NAN;2.088;-1.240;0.800;9.978;NAN;ar327,fast_gpps;
112;J0231+7026;NAN;NAN;NAN;49692.00;131.155;9.181;37.80832172;70.44274548;1.466820;3.11e-15;46.68;0.00;2.40;0.30;NAN;1.755;0.280;1.304;9.640;NAN;gb2,gbncc,lotaas;
113;J0241+16;NAN;NAN;NAN;NAN;157.964;-39.185;40.44166667;16.06666667;1.545400;NAN;16.00;NAN;NAN;NAN;NAN;0.936;-0.591;0.272;9.172;NAN;ar327,fast_gpps;
114;J0242+62;NAN;NAN;NAN;54100.00;135.187;2.751;40.64583333;62.94722222;0.592000;NAN;3.92;NAN;NAN;NAN;NAN;0.217;0.010;0.153;8.654;NAN;gbt350,gbncc,lotaas;
115;J0243+6027;NAN;NAN;NAN;54100.00;136.271;0.500;40.75000000;60.45000000;1.473000;NAN;141.00;NAN;NAN;NAN;NAN;2.717;0.024;1.878;10.463;NAN;gbt350,gbncc;
116;J0244+14;NAN;NAN;NAN;56160.00;159.914;-40.140;41.21250000;14.45000000;2.128100;NAN;31.00;NAN;NAN;NAN;NAN;2.796;-1.802;0.734;10.507;NAN;ar327,fast_gpps;
117;J0248+4230;NAN;NAN;NAN;56588.00;144.877;-15.322;42.12917917;42.50569167;0.002601;1.69e-20;48.26;NAN;NAN;NAN;NAN;1.853;-0.490;1.028;9.962;GRS:4FGL_J0248.6+4230[brj+21];FermiAssoc;
118;J0248+6021;48.000;48.000;NAN;54000.00;136.903;0.697;42.07757083;60.35964444;0.217094;5.51e-14;370.00;NAN;NAN;14.00;NAN;2.000;0.024;1.366;9.960;GRS:4FGL_J0248.4+6021[aab+22];misc,FermiBlind;
119;J0250+5854;NAN;NAN;NAN;57973.00;137.767;-0.505;42.57408333;58.90036111;23.535378;2.72e-14;45.28;NAN;NAN;0.00;NAN;1.558;-0.014;1.047;9.654;NAN;lotaas;
120;J0255-5304;25.000;7.000;NAN;57600.00;269.862;-55.310;43.98455208;-53.07257639;0.447708;3.13e-17;15.90;NAN;17.00;5.00;NAN;1.514;-1.245;-0.862;8.502;NAN;mol1,ghrss,mol2,pks70;
121;J0301+35;NAN;NAN;NAN;NAN;150.915;-20.736;45.25000000;35.00000000;0.568040;NAN;57.43;NAN;NAN;NAN;NAN;3.100;-1.098;1.409;11.034;NAN;ar4,ar327,gbncc;
122;J0302+2252;NAN;NAN;NAN;57811.00;158.436;-30.815;45.63329167;22.87002778;1.207165;8.25e-17;18.99;NAN;70.00;NAN;NAN;1.013;-0.519;0.320;9.309;NAN;misc,ar327,lotaas,fast_gpps;
123;J0304+1932;6.000;-37.000;NAN;49289.00;161.135;-33.270;46.13797917;19.54761111;1.387584;1.30e-15;15.66;0.00;27.00;15.00;NAN;0.739;-0.405;0.200;9.085;NAN;misc,ar327,gb4,lotaas,mol2;
124;J0305+11;NAN;NAN;NAN;NAN;167.463;-39.662;46.27500000;11.38333333;0.862100;NAN;27.97;NAN;NAN;NAN;NAN;1.838;-1.173;0.307;9.881;NAN;lotaas,ar327;
125;J0317+13;NAN;NAN;NAN;NAN;168.763;-36.040;49.47500000;13.48333333;1.974300;NAN;12.90;NAN;NAN;NAN;NAN;0.367;-0.216;0.058;8.791;NAN;misc,ar327,lotaas;
126;J0318+0253;NAN;NAN;NAN;56437.00;178.457;-43.605;49.56475417;2.88374444;0.005190;1.76e-20;25.98;NAN;NAN;0.01;NAN;1.328;-0.916;0.026;9.461;GRS:4FGL_J0318.2+0254[aab+22];FermiAssoc;
127;J0323+3944;26.500;-30.770;1.050;56000.00;152.180;-14.338;50.86109125;39.74788972;3.032072;6.36e-16;26.19;0.00;34.00;0.90;NAN;0.940;-0.233;0.425;9.305;NAN;gb1,gb2,gb4,gbncc,lotaas;
128;J0324+5239;NAN;NAN;NAN;56100.00;145.094;-3.480;51.23108333;52.65869444;0.336620;3.81e-16;115.46;NAN;NAN;0.19;NAN;2.290;-0.139;1.308;10.375;NAN;htru_eff,gbncc;
129;J0325+6744;NAN;NAN;NAN;56500.00;136.715;9.089;51.27133070;67.74982995;1.364679;1.55e-15;65.28;NAN;NAN;NAN;NAN;1.929;0.305;1.306;9.887;NAN;gbncc;
130;J0329+1654;NAN;NAN;NAN;NAN;168.499;-31.683;52.28562500;16.90055556;0.893320;2.15e-16;40.82;NAN;0.60;NAN;NAN;2.557;-1.343;0.434;10.632;NAN;ar4,ar327,lotaas,fast_gpps;
131;J0332+5434;16.970;-10.370;0.590;56000.00;144.995;-1.221;53.24754000;54.57870250;0.714520;2.05e-15;26.76;0.00;1500.00;203.00;NAN;1.680;-0.036;0.964;9.876;NAN;misc,gb1,gb2,gb3,gb4,gbncc,jb1,lota;
132;J0335+4555;-3.660;-0.080;0.410;56000.00;150.348;-8.038;53.81934000;45.93151444;0.269201;7.35e-18;47.10;0.00;6.00;0.80;NAN;2.410;-0.337;1.181;10.574;NAN;gb2,lotaas,fast_gpps;
133;J0335+6623;NAN;NAN;NAN;56500.00;138.383;8.588;53.98776332;66.38989798;1.761934;4.81e-15;66.73;NAN;10.50;NAN;NAN;1.907;0.285;1.252;9.910;NAN;gbncc,lotaas;
134;J0337+79;NAN;NAN;NAN;56657.00;130.580;18.709;54.34166667;79.02888889;2.056210;NAN;16.67;NAN;NAN;NAN;NAN;1.053;0.338;0.757;9.149;NAN;gbncc;
135;J0340+4130;-0.532;-3.331;0.700;56675.00;153.783;-11.022;55.09703317;41.51258087;0.003299;7.05e-21;49.60;NAN;2.00;0.31;NAN;1.603;-0.306;0.695;9.912;GRS:4FGL_J0340.3+4130[aab+22];FermiAssoc,fast_gpps;
136;J0341+5711;NAN;NAN;NAN;54100.00;144.371;1.546;55.25000000;57.18333333;1.888000;NAN;101.00;NAN;364.70;NAN;NAN;2.037;0.055;1.186;10.155;NAN;gbt350,gbncc,lotaas;
137;J0343+06;NAN;NAN;NAN;NAN;180.791;-36.929;55.75000000;6.00000000;1.007640;NAN;46.00;NAN;NAN;NAN;NAN;3.774;-2.267;-0.042;11.517;NAN;ar4,gbncc;
138;J0343+5312;NAN;NAN;NAN;49309.00;147.017;-1.428;55.80378531;53.21484111;1.934478;1.34e-14;67.30;0.00;3.70;0.30;NAN;1.705;-0.043;0.928;9.930;NAN;gb1,gb2,lotaas;
139;J0343-3000;NAN;NAN;NAN;52950.00;227.758;-52.338;55.86641667;-30.00763889;2.597027;5.70e-17;20.20;NAN;NAN;1.30;NAN;1.594;-1.262;-0.721;9.155;NAN;pkshl,gbncc;
140;J0344-0901;NAN;NAN;NAN;58393.00;197.397;-45.333;56.15612917;-9.01740556;1.226006;3.47e-15;30.90;NAN;NAN;0.15;NAN;1.507;-1.072;-0.317;9.511;NAN;fast_crafts;
141;J0349+2340;NAN;NAN;NAN;57813.00;167.434;-23.384;57.48908333;23.68138889;2.420771;1.10e-15;62.96;NAN;NAN;NAN;NAN;3.745;-1.486;0.748;11.855;NAN;lotaas,ar327,fast_gpps;
142;J0355+28;NAN;NAN;NAN;NAN;165.177;-19.444;58.75000000;28.00000000;0.094300;NAN;48.68;NAN;NAN;NAN;NAN;1.789;-0.596;0.432;10.131;NAN;gbncc,ar327;
143;J0357+3205;117.000;115.000;NAN;54946.00;162.760;-16.006;59.46875000;32.09027778;0.444104;1.30e-14;NAN;NAN;NAN;NAN;NAN;0.835;-0.230;0.238;9.267;GRS:4FGL_J0357.8+3204[aab+22];FermiBlind;
144;J0357+5236;13.880;-10.610;0.280;56000.00;149.099;-0.522;59.43683458;52.61597028;0.197030;4.77e-16;103.71;0.00;12.00;1.90;NAN;2.900;-0.026;1.489;10.988;NAN;gb2,gbncc;
145;J0358+4155;NAN;NAN;NAN;56500.00;156.112;-8.620;59.51322767;41.92195353;0.226484;1.46e-16;46.30;NAN;NAN;NAN;NAN;1.481;-0.222;0.593;9.839;NAN;gbncc,lotaas,fast_gpps;
146;J0358+5413;9.300;8.300;0.910;54096.00;148.190;0.811;59.72384917;54.22049556;0.156384;4.39e-15;57.10;0.00;46.00;23.00;NAN;1.000;0.014;0.527;9.350;XRS:PWN[mvk+06];misc,gb1,gb2,gb3,gb4,gbncc,jb1,lota;
147;J0358+6627;NAN;NAN;NAN;56500.00;140.128;10.064;59.65803763;66.46293697;0.091506;1.09e-17;62.33;NAN;NAN;NAN;NAN;1.884;0.329;1.189;9.924;NAN;gbncc,lotaas;
148;J0359+5414;NAN;NAN;NAN;55716.00;148.231;0.883;59.85837500;54.24880556;0.079427;1.67e-14;NAN;NAN;NAN;NAN;NAN;NAN;0.000;0.000;8.500;GRS:4FGL_J0359.4+5414[aab+22],XRS:[wcp+1;FermiBlind;
149;J0401-7608;NAN;NAN;NAN;57600.00;290.313;-35.907;60.46562500;-76.13693056;0.545254;1.54e-15;21.70;NAN;19.00;3.80;NAN;1.014;-0.595;-0.770;8.215;NAN;mol2,pks70;
150;J0402+4825;NAN;NAN;NAN;58650.00;152.428;-3.177;60.66930417;48.43264167;0.512194;2.75e-16;85.20;NAN;NAN;NAN;NAN;1.844;-0.102;0.852;10.132;NAN;fast_crafts,fast_gpps;
151;J0405+3347;NAN;NAN;NAN;57824.00;162.783;-13.678;61.37319945;33.78342730;0.063954;1.64e-19;53.60;NAN;NAN;NAN;NAN;1.655;-0.391;0.476;10.036;NAN;gbncc;
152;J0406+30;NAN;NAN;NAN;NAN;165.571;-16.338;61.50000000;30.00000000;0.002600;NAN;49.37;NAN;NAN;NAN;NAN;1.641;-0.462;0.392;10.025;NAN;gbncc;
153;J0406+6138;12.400;22.740;0.220;56000.00;144.025;7.046;61.62533583;61.64483556;0.594576;5.57e-15;65.41;0.00;15.00;2.80;NAN;4.200;0.515;2.449;11.873;NAN;gb1,gb2,gb3,gb4,lotaas;
154;J0408+551;NAN;NAN;NAN;54100.00;148.663;2.267;62.00000000;55.00000000;1.837000;NAN;55.00;NAN;NAN;NAN;NAN;1.573;0.062;0.817;9.842;NAN;gbt350,lotaas;
155;J0408+552;NAN;NAN;NAN;54100.00;148.663;2.267;62.00000000;55.00000000;0.754000;NAN;63.80;NAN;NAN;NAN;NAN;1.661;0.066;0.863;9.918;NAN;gbt350,gbncc;
156;J0410-31;NAN;NAN;NAN;55196.00;230.586;-46.671;62.66250000;-31.12472222;1.878500;NAN;9.20;NAN;NAN;NAN;NAN;0.415;-0.302;-0.220;8.681;NAN;htru_pks,gbncc;
157;J0413+58;NAN;NAN;NAN;54100.00;147.122;4.934;63.25000000;58.00000000;0.687000;NAN;57.00;NAN;NAN;NAN;NAN;1.630;0.140;0.882;9.864;NAN;gbt350,gbncc,lotaas;
158;J0414+31;NAN;NAN;NAN;NAN;166.112;-14.415;63.50000000;31.00000000;1.081000;NAN;64.10;NAN;NAN;NAN;NAN;1.842;-0.459;0.428;10.232;NAN;gbncc;
159;J0415+6111;NAN;NAN;NAN;57234.00;145.154;7.489;63.96503310;61.19772651;0.440189;5.01e-17;70.80;NAN;NAN;NAN;NAN;1.845;0.240;1.045;10.001;NAN;misc,gbncc;
160;J0415+6954;-0.757;-12.626;NAN;49874.00;138.911;13.667;63.98188898;69.90274737;0.390715;7.66e-17;27.45;NAN;6.40;0.50;NAN;1.367;0.323;0.873;9.501;NAN;gb2,gb4,gbncc,lotaas;
161;J0417+35;NAN;NAN;NAN;NAN;163.219;-10.518;64.42916667;35.75000000;0.654400;NAN;48.53;NAN;NAN;NAN;NAN;1.480;-0.270;0.420;9.893;NAN;ar4,ar327,gbncc,lotaas;
162;J0417+61;NAN;NAN;NAN;56292.00;145.299;7.540;64.25000000;61.13333333;0.440283;NAN;70.14;NAN;1.50;NAN;NAN;1.837;0.241;1.037;9.997;NAN;gbncc;
163;J0418+5732;NAN;NAN;NAN;55045.00;147.979;5.119;64.64111250;57.53969722;9.078388;4.10e-15;NAN;NAN;NAN;NAN;NAN;NAN;0.000;0.000;8.500;XRS:SGR_0418+5729;misc;
164;J0418+6635;0.002;3.546;NAN;56757.00;141.525;11.536;64.69992125;66.59020167;0.002910;1.37e-20;77.56;NAN;NAN;NAN;NAN;2.205;0.441;1.344;10.191;GRS:4FGL_J0418.9+6636[aab+22];misc,FermiAssoc;
165;J0418-4154;NAN;NAN;NAN;57600.00;246.262;-45.682;64.51572833;-41.90400556;0.757119;1.32e-15;24.32;NAN;NAN;NAN;NAN;2.519;-1.802;-1.611;9.208;NAN;ghrss;
166;J0419+44;NAN;NAN;NAN;54100.00;157.525;-4.494;64.75000000;44.00000000;1.241000;NAN;71.00;NAN;NAN;NAN;NAN;1.687;-0.132;0.643;10.054;NAN;gbt350;
167;J0420+4451;NAN;NAN;NAN;NAN;157.097;-3.720;65.08766394;44.85069350;1.241126;5.92e-16;NAN;NAN;NAN;NAN;NAN;NAN;-0.000;0.000;8.500;NAN;gbncc;
168;J0420-5022;NAN;NAN;NAN;55430.60;258.136;-44.386;65.00812500;-50.38002778;3.453004;2.76e-14;NAN;NAN;NAN;NAN;NAN;NAN;-0.000;-0.000;8.500;XRS:RX_J0420.0-5022[hmp98],OPT:[kkvh11];misc;
169;J0421+3255;NAN;NAN;NAN;NAN;165.840;-11.921;65.38833333;32.93055556;0.900105;6.00e-17;77.02;NAN;NAN;NAN;NAN;1.939;-0.401;0.464;10.340;NAN;misc,ar327,lotaas;
170;J0421-0345;NAN;NAN;NAN;50847.00;197.504;-34.757;65.38981694;-3.75183645;2.161308;1.16e-15;44.61;NAN;6.00;0.50;NAN;2.197;-1.252;-0.543;10.221;NAN;pks70,gbncc;
171;J0426+4933;NAN;NAN;NAN;56100.00;154.436;0.288;66.52838750;49.56068333;0.922475;3.93e-14;84.30;NAN;NAN;0.19;NAN;1.795;0.009;0.775;10.119;NAN;gbt350,gbncc,htru_eff,lotaas;
172;J0435+2749;NAN;NAN;NAN;53400.00;171.842;-13.071;68.96590833;27.81713889;0.326279;8.17e-18;53.19;NAN;2.00;0.24;NAN;1.521;-0.344;0.210;9.967;NAN;ar4,ar327,lotaas;
173;J0447+2447;NAN;NAN;NAN;59599.00;175.883;-13.050;71.78266321;24.79730389;0.002995;8.00e-21;32.91;NAN;NAN;0.37;NAN;0.925;-0.209;0.065;9.399;NAN;fast_crafts;
174;J0447-04;NAN;NAN;NAN;56657.00;202.072;-29.657;71.75000000;-4.58333333;2.188190;NAN;29.83;NAN;NAN;NAN;NAN;0.675;-0.334;-0.220;9.044;NAN;gbt350;
175;J0448-2749;NAN;NAN;NAN;51009.00;228.347;-37.918;72.17319758;-27.82964862;0.450448;1.48e-16;26.22;NAN;2.00;2.00;NAN;1.809;-1.112;-1.066;9.448;NAN;pks70,gbncc,pkshl;
176;J0449-7031;NAN;NAN;NAN;52465.00;282.286;-35.512;72.27362500;-70.52547222;0.479164;3.37e-15;65.83;NAN;NAN;0.06;NAN;49.700;-28.869;-39.529;-0.109;EXGAL:LMC;misc;
177;J0450-1248;NAN;NAN;NAN;49338.00;211.075;-32.629;72.53658750;-12.80197222;0.438014;1.03e-16;37.04;0.00;11.00;1.20;NAN;1.774;-0.957;-0.771;9.780;NAN;mol2,pks70;
178;J0451-67;NAN;NAN;NAN;52817.00;278.410;-36.290;72.95833333;-67.30000000;0.245454;0.00e+00;45.00;NAN;NAN;0.05;NAN;49.700;-29.416;-39.629;2.641;EXGAL:LMC;misc;
179;J0452-1759;11.500;6.000;0.600;52275.00;217.078;-34.087;73.14210708;-17.98982528;0.548939;5.75e-15;39.90;0.00;82.00;17.00;NAN;0.400;-0.224;-0.200;8.764;NAN;mol1,mol2,pks70;
180;J0454+4529;NAN;NAN;NAN;56909.00;160.706;1.243;73.74712500;45.49630556;1.389137;4.89e-15;20.83;NAN;NAN;NAN;NAN;0.765;0.017;0.253;9.222;NAN;lotaas;
181;J0454+5543;53.340;-17.560;0.840;52275.00;152.617;7.547;73.53229417;55.72817694;0.340729;2.37e-15;14.60;0.00;59.00;13.00;NAN;1.180;0.155;0.538;9.539;NAN;gb1,gb2,gb4,gbncc,lotaas,fast_gpps;
182;J0455-6951;NAN;NAN;NAN;48757.00;281.290;-35.187;73.94812500;-69.85952778;0.320423;1.02e-14;94.70;NAN;0.60;0.08;NAN;49.700;-28.640;-39.832;0.548;EXGAL:LMC;misc;
183;J0456-69;NAN;NAN;NAN;52038.00;280.457;-35.334;74.12500000;-69.16666667;0.117073;NAN;103.00;NAN;NAN;NAN;NAN;49.700;-28.744;-39.872;1.141;EXGAL:LMC;misc;
184;J0456-7031;NAN;NAN;NAN;52560.00;282.049;-34.966;74.01041667;-70.51850000;0.800132;3.67e-14;100.30;NAN;NAN;0.01;NAN;49.700;-28.483;-39.831;-0.002;EXGAL:LMC;misc;
185;J0457+23;NAN;NAN;NAN;56160.00;178.305;-12.005;74.27500000;23.56666667;0.504900;NAN;59.00;NAN;NAN;NAN;NAN;1.517;-0.316;0.044;9.983;NAN;ar327,lotaas,fast_gpps;
186;J0457-6337;NAN;NAN;NAN;52465.00;273.816;-36.701;74.28245833;-63.62511111;2.497012;2.10e-16;27.50;NAN;NAN;0.03;NAN;1.333;-0.797;-1.066;8.429;NAN;misc;
187;J0457-69;NAN;NAN;NAN;55383.00;281.143;-35.113;74.25833333;-69.76666667;0.231390;NAN;91.00;NAN;NAN;NAN;NAN;49.700;-28.587;-39.889;0.643;EXGAL:LMC;misc;
188;J0458-0505;NAN;NAN;NAN;55178.00;204.139;-27.348;74.65467083;-5.08475000;1.883480;5.30e-16;47.81;NAN;NAN;NAN;NAN;1.938;-0.890;-0.704;10.071;NAN;gbt350,gbncc;
189;J0458-67;NAN;NAN;NAN;51810.00;278.670;-35.518;74.74583333;-67.71666667;1.133900;NAN;97.00;NAN;NAN;NAN;NAN;49.700;-28.873;-39.990;2.402;EXGAL:LMC;misc;
190;J0459-0210;NAN;NAN;NAN;50845.00;201.444;-25.678;74.96642205;-2.16850891;1.133076;1.40e-15;21.02;NAN;11.00;0.60;NAN;0.160;-0.069;-0.053;8.634;NAN;pks70,gbncc,lotaas;
191;J0501+4516;NAN;NAN;NAN;54750.00;161.547;1.949;75.27816667;45.27608889;5.762097;5.82e-12;NAN;NAN;NAN;NAN;NAN;2.000;0.068;0.633;10.396;OPT:[dml+11];misc;
192;J0502+4654;-8.000;8.000;NAN;48717.00;160.363;3.077;75.51900417;46.90169167;0.638565;5.58e-15;42.20;0.00;10.80;2.50;NAN;2.700;0.145;0.906;11.039;NAN;gb1,gb3,gbncc,fast_gpps;
193;J0502-6617;NAN;NAN;NAN;48771.00;276.869;-35.504;75.71054167;-66.29966667;0.691251;2.31e-14;68.90;NAN;1.00;NAN;NAN;49.700;-28.864;-40.169;3.661;EXGAL:LMC;misc;
194;J0506+50;NAN;NAN;NAN;NAN;157.896;5.803;76.55875000;50.50833333;0.003390;NAN;43.40;NAN;NAN;NAN;NAN;1.383;0.140;0.518;9.775;GRS:4FGL_J0506.1+5028[aab+22];fast_crafts,FermiAssoc;
195;J0509+37;NAN;NAN;NAN;NAN;168.605;-1.562;77.25000000;37.53333333;2.496100;NAN;30.00;NAN;NAN;NAN;NAN;0.930;-0.025;0.184;9.411;NAN;pumps;
196;J0511-6508;NAN;NAN;NAN;52409.00;275.250;-34.827;77.98541667;-65.14347222;0.322062;2.06e-16;25.66;NAN;NAN;0.31;NAN;0.818;-0.467;-0.669;8.439;NAN;misc;
197;J0514-4002B;2.150;-0.650;0.088;NAN;244.513;-35.036;78.52804167;-40.04663889;0.002816;NAN;52.08;NAN;NAN;NAN;NAN;11.950;-6.860;-8.832;12.710;GC:NGC1851[rfg+22];meerkat_trapum;
198;J0514-4002C;2.150;-0.650;0.088;NAN;244.514;-35.036;78.52787500;-40.04705556;0.005565;NAN;52.05;NAN;NAN;NAN;NAN;11.950;-6.860;-8.832;12.710;GC:NGC1851[rfg+22];meerkat_trapum;
199;J0514-4002J;2.150;-0.650;0.088;NAN;244.513;-35.036;78.52791667;-40.04666667;0.006633;NAN;52.02;NAN;NAN;NAN;NAN;11.950;-6.860;-8.832;12.710;GC:NGC1851[rfg+22];meerkat_trapum;
200;J0514-4002K;2.150;-0.650;0.088;NAN;244.513;-35.036;78.52833333;-40.04666667;0.004692;NAN;51.93;NAN;NAN;NAN;NAN;11.950;-6.860;-8.832;12.710;GC:NGC1851[rfg+22];meerkat_trapum;
201;J0514-4002M;2.150;-0.650;0.088;NAN;244.513;-35.036;78.52833333;-40.04666667;0.004798;NAN;51.68;NAN;NAN;NAN;NAN;11.950;-6.860;-8.832;12.710;GC:NGC1851[rfg+22];meerkat_trapum;
202;J0514-4002N;2.150;-0.650;0.088;NAN;244.513;-35.036;78.52791667;-40.04638889;0.005568;NAN;51.07;NAN;NAN;NAN;NAN;11.950;-6.860;-8.832;12.710;GC:NGC1851[rfg+22];meerkat_trapum;
203;J0514-4408;NAN;NAN;NAN;57330.00;249.515;-35.365;78.71745833;-44.14371667;0.320271;2.04e-15;15.12;NAN;NAN;NAN;NAN;0.966;-0.559;-0.738;8.776;GRS:4FGL_J0514.6-4408[saa+23];ghrss,FermiAssoc;
204;J0517+2212;NAN;NAN;NAN;53400.00;182.176;-9.012;79.32144583;22.21441667;0.222367;1.16e-17;18.30;NAN;7.00;0.46;NAN;0.158;-0.025;-0.006;8.656;NAN;ar4,lotaas,fast_gpps;
205;J0518+2431;NAN;NAN;NAN;59200.00;180.376;-7.530;79.55834167;24.52194444;2.636940;6.86e-16;73.76;NAN;NAN;0.11;NAN;1.598;-0.209;-0.010;10.084;NAN;fast_crafts;
206;J0518+5125;NAN;NAN;NAN;57829.00;158.262;7.903;79.60893750;51.43297222;0.912512;1.91e-16;39.24;NAN;NAN;NAN;NAN;1.337;0.184;0.490;9.730;NAN;lotaas;
207;J0518+5416;NAN;NAN;NAN;56500.00;155.916;9.557;79.72166526;54.28055748;0.340203;1.68e-15;42.30;NAN;NAN;NAN;NAN;1.434;0.238;0.577;9.791;NAN;gbncc,lotaas,fast_gpps;
208;J0519+44;NAN;NAN;NAN;54100.00;164.464;3.754;79.75000000;44.00000000;0.515000;NAN;52.00;NAN;NAN;NAN;NAN;1.421;0.093;0.380;9.866;NAN;gbt350;
209;J0519-6932;NAN;NAN;NAN;52466.00;280.287;-33.254;79.94548750;-69.53985556;0.263212;6.97e-16;118.86;NAN;NAN;0.13;NAN;49.700;-27.253;-40.894;1.078;EXGAL:LMC;misc;
210;J0520-2553;NAN;NAN;NAN;51216.00;228.434;-30.543;80.15077229;-25.88674819;0.241642;3.01e-17;33.77;NAN;8.00;0.80;NAN;2.379;-1.209;-1.533;9.859;NAN;pks70,gbncc,pkshl;
211;J0521-68;NAN;NAN;NAN;51871.00;279.124;-33.262;80.43333333;-68.58333333;0.433421;NAN;136.00;NAN;NAN;NAN;NAN;49.700;-27.259;-41.032;1.910;EXGAL:LMC;misc;
212;J0522-6847;NAN;NAN;NAN;52503.00;279.348;-33.168;80.59608333;-68.78394444;0.674532;1.77e-14;126.45;NAN;NAN;0.08;NAN;49.700;-27.191;-41.050;1.743;EXGAL:LMC;misc;
213;J0523-7125;NAN;NAN;NAN;NAN;282.415;-32.547;80.95275000;-71.43127222;0.322500;NAN;157.50;NAN;NAN;1.00;NAN;49.700;-26.738;-40.915;-0.507;EXGAL:LMC;misc;
214;J0525+1115;31.000;-1.000;NAN;48262.00;192.695;-13.246;81.48520125;11.25530000;0.354438;7.36e-17;79.42;0.00;19.50;1.94;NAN;1.841;-0.422;-0.394;10.248;NAN;mol2,ar327,gb4,lotaas;
215;J0525-6607;NAN;NAN;NAN;52153.00;276.087;-33.246;81.50375000;-66.07675000;8.047000;6.50e-11;NAN;NAN;NAN;NAN;NAN;NAN;-0.000;-0.000;8.500;XRS:SGR_0526-66,SNR:N49(?)[ekl+80];misc;
216;J0528+2200;-20.000;7.000;NAN;53100.00;183.856;-6.896;82.21776667;22.00111111;3.745539;4.01e-14;50.87;0.00;57.00;8.90;NAN;1.215;-0.146;-0.081;9.703;NAN;gb1,ar327,gb3,gb4,lotaas;
217;J0529-0715;NAN;NAN;NAN;58372.00;210.065;-21.582;82.28738750;-7.25734167;0.689224;5.75e-16;87.30;NAN;NAN;0.12;NAN;7.001;-2.575;-3.261;14.134;NAN;fast_crafts;
218;J0529-6652;NAN;NAN;NAN;57600.00;276.975;-32.763;82.46208333;-66.87775000;0.975737;1.55e-14;103.31;NAN;NAN;0.21;NAN;49.700;-26.896;-41.484;3.425;EXGAL:LMC;misc;
219;J0530-3847;NAN;NAN;NAN;NAN;243.633;-31.771;82.54062825;-38.78481837;0.906502;6.21e-16;NAN;NAN;NAN;NAN;NAN;NAN;-0.000;-0.000;8.500;NAN;gbncc;
220;J0530-39;NAN;NAN;NAN;NAN;243.875;-31.843;82.50000000;-39.00000000;0.907000;NAN;48.50;NAN;NAN;NAN;NAN;25.000;-13.190;-19.068;17.852;NAN;gbncc;
221;J0532-6639;NAN;NAN;NAN;52462.00;276.675;-32.481;83.24795833;-66.66036111;0.642743;5.35e-15;69.20;NAN;NAN;0.04;NAN;49.700;-26.690;-41.641;3.627;EXGAL:LMC;misc;
222;J0532-69;NAN;NAN;NAN;55420.00;280.333;-32.163;83.01666667;-69.76666667;1.149196;NAN;124.00;NAN;NAN;NAN;NAN;49.700;-26.457;-41.391;0.954;EXGAL:LMC;misc;
223;J0533+0402;NAN;NAN;NAN;57600.00;200.085;-15.326;83.35761667;4.03325000;0.963018;1.60e-16;83.70;0.00;NAN;0.70;NAN;2.172;-0.574;-0.719;10.467;NAN;gb4,gbncc,lotaas;
224;J0533+6759;1.100;-1.200;NAN;55942.00;144.780;18.183;83.47975042;67.98819139;0.004388;1.26e-20;57.37;NAN;NAN;NAN;NAN;2.392;0.746;1.311;10.357;GRS:4FGL_J0533.8+6800[aab+22];FermiAssoc;
225;J0533-4524;NAN;NAN;NAN;57605.56;251.461;-32.264;83.30787500;-45.41394444;0.157285;2.80e-16;18.93;NAN;NAN;NAN;NAN;1.239;-0.661;-0.993;8.833;NAN;misc;
226;J0534+2200;-11.340;2.650;0.530;57680.00;184.557;-5.784;83.63305654;22.01449797;0.033392;4.21e-13;56.77;0.00;550.00;14.00;NAN;2.000;-0.202;-0.158;10.484;GRS:4FGL_J0534.5+2200[aab+22],SNR:Crab[c;misc,FermiBlind,ar327,ar4,gb4,lotaa;
227;J0534+34;NAN;NAN;NAN;NAN;174.353;0.746;83.62500000;34.11666667;NAN;NAN;24.50;NAN;NAN;NAN;NAN;0.403;0.005;0.040;8.901;NAN;misc;
228;J0534-13;NAN;NAN;NAN;NAN;216.227;-22.957;83.50000000;-13.00000000;0.979000;NAN;74.30;NAN;NAN;NAN;NAN;6.226;-2.428;-3.388;13.125;NAN;gbncc;
229;J0534-6703;NAN;NAN;NAN;52410.00;277.129;-32.279;83.65070833;-67.06355556;1.817565;4.25e-13;95.30;NAN;NAN;0.12;NAN;49.700;-26.542;-41.694;3.286;EXGAL:LMC;misc;
230;J0535-66;NAN;NAN;NAN;51393.00;276.884;-32.197;83.91666667;-66.86666667;0.210524;NAN;75.00;NAN;NAN;NAN;NAN;49.700;-26.481;-41.754;3.459;EXGAL:LMC;misc;
231;J0535-6935;NAN;NAN;NAN;52200.00;280.076;-31.936;83.75000000;-69.58333333;0.200511;1.15e-14;93.70;NAN;NAN;0.05;NAN;49.700;-26.290;-41.527;1.121;EXGAL:LMC;misc;
232;J0536-7543;3.000;65.000;NAN;57600.00;287.161;-30.821;84.12841667;-75.73188889;1.245856;5.78e-16;18.58;NAN;75.00;8.70;NAN;0.143;-0.073;-0.117;8.464;NAN;mol2,pks70;
233;J0537-69;NAN;NAN;NAN;55420.00;279.768;-31.730;84.42916667;-69.35000000;0.112613;NAN;273.00;NAN;NAN;NAN;NAN;49.700;-26.138;-41.659;1.328;EXGAL:LMC;misc;
234;J0537-6910;NAN;NAN;NAN;52061.33;279.559;-31.745;84.44756667;-69.17218889;0.016122;5.18e-14;NAN;NAN;NAN;0.00;NAN;49.700;-26.149;-41.678;1.481;EXGAL:LMC,SNR:N157B;misc;
235;J0538+2817;-23.570;52.870;0.720;52275.00;179.719;-1.686;84.60440500;28.28587806;0.143158;3.67e-15;39.57;NAN;8.20;1.90;NAN;1.300;-0.038;0.006;9.799;SNR:S147[acj+96];ar4,ar327,gb4,lotaas,fast_gpps;
236;J0540+3207;NAN;NAN;NAN;NAN;176.719;0.761;85.15465000;32.12702778;0.524271;4.48e-16;61.97;NAN;NAN;0.34;NAN;1.421;0.019;0.081;9.919;NAN;palfa,ar327,gbncc,lotaas;
237;J0540+4542;NAN;NAN;NAN;59424.00;165.073;7.827;85.03325000;45.71461111;0.401141;1.17e-17;56.12;NAN;NAN;0.17;NAN;1.512;0.206;0.386;9.947;NAN;fast_crafts;
238;J0540-6919;NAN;NAN;NAN;51722.00;279.717;-31.516;85.04667500;-69.33171389;0.050570;4.79e-13;147.20;0.00;0.00;0.10;NAN;49.700;-25.980;-41.761;1.349;GRS:4FGL_J0540.3-6920[aab+22],EXGAL:LMC,;misc;
239;J0540-7125;NAN;NAN;NAN;49527.17;282.148;-31.236;85.12833333;-71.42538889;1.286015;8.20e-16;29.41;NAN;5.00;0.30;NAN;0.547;-0.284;-0.457;8.402;NAN;pks70;
240;J0542-68;NAN;NAN;NAN;51975.00;278.449;-31.406;85.64583333;-68.26666667;0.425189;NAN;114.00;NAN;NAN;NAN;NAN;49.700;-25.899;-41.958;2.267;EXGAL:LMC;misc;
241;J0543+2329;NAN;NAN;NAN;48892.00;184.363;-3.318;85.79025000;23.48472222;0.245975;1.54e-14;77.70;0.00;29.00;10.70;NAN;1.565;-0.091;-0.119;10.058;XRS:[pb15];jb1,ar4,gb1,gb4,lotaas,fast_gpps;
242;J0543-6851;NAN;NAN;NAN;52410.00;279.125;-31.235;85.96962500;-68.85702778;0.708954;3.94e-15;134.90;NAN;NAN;0.09;NAN;49.700;-25.772;-41.958;1.760;EXGAL:LMC;misc;
243;J0544+20;NAN;NAN;NAN;NAN;186.756;-4.495;86.05000000;20.83333333;NAN;NAN;56.90;NAN;NAN;NAN;NAN;1.283;-0.101;-0.150;9.770;NAN;ar327;
244;J0545-03;NAN;NAN;NAN;56657.00;208.094;-16.213;86.25000000;-3.16666667;1.073930;NAN;67.20;NAN;NAN;NAN;NAN;2.062;-0.576;-0.932;10.247;NAN;gbt350;
245;J0546+2441;NAN;NAN;NAN;NAN;183.728;-2.045;86.61983333;24.68916667;2.843850;7.65e-15;73.81;NAN;2.65;NAN;NAN;1.517;-0.054;-0.099;10.013;NAN;ar4,ar327,lotaas;
246;J0550+09;NAN;NAN;NAN;57022.00;197.055;-8.774;87.61666667;9.85000000;1.745000;NAN;86.60;NAN;NAN;NAN;NAN;1.804;-0.275;-0.523;10.204;NAN;ar327;
247;J0553+41;NAN;NAN;NAN;NAN;170.124;7.701;88.37500000;41.33333333;0.560000;NAN;38.00;NAN;NAN;NAN;NAN;1.150;0.154;0.195;9.623;NAN;pumps;
248;J0553+4111;NAN;NAN;NAN;59424.00;170.236;7.615;88.34917542;41.19415556;0.559493;1.37e-17;37.90;NAN;NAN;0.06;NAN;1.144;0.152;0.192;9.617;NAN;fast_crafts;
249;J0554+3107;NAN;NAN;NAN;55214.00;179.058;2.697;88.52087500;31.12805556;0.464961;1.43e-13;NAN;NAN;NAN;NAN;NAN;2.000;0.094;0.033;10.498;GRS:4FGL_J0554.1+3107[aab+22],SNR:G179.0;FermiBlind;
250;J0555+3948;NAN;NAN;NAN;56375.00;171.610;7.192;88.75000000;39.80000000;1.146906;NAN;37.00;NAN;NAN;NAN;NAN;1.090;0.136;0.158;9.570;NAN;htru_eff,gbncc,lotaas,fast_gpps;
251;J0555-7056;NAN;NAN;NAN;52408.00;281.460;-30.119;88.75770833;-70.94600000;0.827838;5.96e-15;72.90;NAN;NAN;0.06;NAN;49.700;-24.939;-42.133;-0.042;EXGAL:LMC;misc;
252;J0556-67;NAN;NAN;NAN;57986.00;277.454;-30.150;89.10416667;-67.48333333;0.790549;NAN;71.00;NAN;NAN;0.12;NAN;47.489;-23.852;-40.717;3.173;EXGAL:LMC;misc;
253;J0557-2948;NAN;NAN;NAN;57381.00;235.470;-23.989;89.38749792;-29.80466778;0.043643;7.30e-20;49.03;NAN;NAN;0.05;NAN;4.268;-1.735;-3.212;10.710;NAN;gbncc;
254;J0600-5756;NAN;NAN;NAN;43557.36;266.492;-29.343;90.19375000;-57.94833333;2.261365;2.78e-15;30.00;NAN;2.10;NAN;NAN;0.553;-0.271;-0.481;8.529;NAN;mol2,pks70;
255;J0601-0527;-7.360;-15.240;0.480;56000.00;212.199;-13.481;90.49573000;-5.46413083;0.395969;1.30e-15;80.54;0.00;22.70;2.60;NAN;2.060;-0.480;-1.067;10.195;NAN;mol2,pks70;
256;J0608+00;NAN;NAN;NAN;56033.00;207.445;-9.171;92.20416667;0.65000000;1.076200;NAN;48.50;NAN;NAN;NAN;NAN;1.311;-0.209;-0.597;9.649;NAN;ar327,gbncc,lotaas;
257;J0608+1635;NAN;NAN;NAN;57584.00;193.366;-1.569;92.21525833;16.58594444;0.945845;1.35e-14;85.60;NAN;NAN;0.14;NAN;1.646;-0.045;-0.380;10.101;NAN;misc,palfa,fast_gpps;
258;J0609+2130;NAN;NAN;NAN;52758.00;189.192;1.040;92.49535875;21.50078889;0.055698;2.35e-19;38.73;NAN;0.80;NAN;NAN;0.574;0.010;-0.092;9.067;NAN;ar4,lotaas;
259;J0611+04;NAN;NAN;NAN;57022.00;204.655;-7.012;92.82500000;4.10000000;1.674430;NAN;69.90;NAN;NAN;NAN;NAN;1.662;-0.203;-0.688;9.999;NAN;ar327;
260;J0611+1436;NAN;NAN;NAN;55818.00;195.378;-2.004;92.82770417;14.61444444;0.270329;4.00e-15;43.99;NAN;NAN;1.10;NAN;0.807;-0.028;-0.214;9.278;NAN;palfa,gbncc;
261;J0611+30;NAN;NAN;NAN;NAN;181.624;5.496;92.81666667;30.26666667;1.412090;NAN;45.26;NAN;1.40;NAN;NAN;1.080;0.103;-0.030;9.575;NAN;misc,ar327,lotaas;
262;J0612+3721;5.113;4.884;NAN;49679.00;175.450;9.093;93.20286134;37.36037689;0.297982;5.95e-17;27.15;0.00;16.00;4.00;NAN;0.534;0.084;0.042;9.026;NAN;gb3,ar327,lotaas;
263;J0612+37216;NAN;NAN;NAN;56500.00;175.442;9.080;93.18375562;37.36117381;0.443871;1.50e-16;39.27;NAN;NAN;NAN;NAN;1.083;0.171;0.085;9.566;NAN;gbncc,ar327,lotaas,fast_gpps;
264;J0613+3731;NAN;NAN;NAN;56000.00;175.336;9.239;93.30062500;37.52730556;0.619198;3.24e-15;18.99;NAN;1.60;0.13;NAN;0.186;0.030;0.015;8.683;NAN;misc,ar327,gbncc,lotaas,fast_gpps;
265;J0614+2229;-0.240;-1.250;0.280;56000.00;188.795;2.394;93.57085750;22.49912444;0.334960;5.94e-14;96.91;0.00;29.00;3.30;NAN;3.500;0.146;-0.535;11.956;NAN;jb1,ar327,gb1,gb3,gb4,lotaas;
266;J0614+83;NAN;NAN;NAN;56292.00;130.353;25.833;93.50000000;83.23333333;1.039200;NAN;44.20;NAN;1.90;NAN;NAN;3.699;1.612;2.537;10.656;NAN;gbncc;
267;J0621+0336;NAN;NAN;NAN;54236.00;206.246;-5.058;95.29675417;3.61264444;0.269954;7.24e-18;72.60;NAN;NAN;1.00;NAN;1.702;-0.150;-0.750;10.021;NAN;pkspa,gbncc,lotaas,fast_gpps;
268;J0621-55;NAN;NAN;NAN;NAN;264.804;-26.411;95.17500000;-56.08333333;NAN;NAN;22.00;NAN;NAN;NAN;NAN;0.380;-0.169;-0.339;8.531;NAN;pks_superb;
269;J0622+3749;NAN;NAN;NAN;55225.00;175.877;10.958;95.54379167;37.82044444;0.333208;2.54e-14;NAN;NAN;NAN;NAN;NAN;NAN;0.000;0.000;8.500;GRS:4FGL_J0622.2+3749[aab+22];FermiBlind;
270;J0623+0340;NAN;NAN;NAN;54666.00;206.497;-4.459;95.94482917;3.66855556;0.613760;8.84e-17;54.00;NAN;NAN;0.27;NAN;1.375;-0.107;-0.612;9.727;NAN;pkspa;
271;J0624-0424;NAN;NAN;NAN;49876.00;213.792;-8.036;96.08345088;-4.41401459;1.039076;8.30e-16;70.83;0.00;4.90;1.40;NAN;1.938;-0.271;-1.067;10.095;NAN;mol2,gb2,lotaas,pks70;
272;J0625+10;NAN;NAN;NAN;49717.00;200.878;-0.956;96.43750000;10.26666667;0.498397;NAN;78.00;NAN;NAN;0.09;NAN;1.637;-0.027;-0.583;10.029;NAN;ar4,palfa;
273;J0627+0649;NAN;NAN;NAN;54466.00;204.166;-2.085;96.97345250;6.83170278;0.346523;1.70e-15;86.60;NAN;NAN;1.90;NAN;1.794;-0.065;-0.734;10.136;NAN;pkspa,ar327,gbncc;
274;J0627+0706;NAN;NAN;NAN;57600.00;203.902;-1.991;96.93405000;7.10916667;0.475885;2.98e-14;138.25;NAN;6.00;1.39;NAN;2.289;-0.080;-0.927;10.591;NAN;ar4,gbncc,lotaas,pkspa;
275;J0627+16;NAN;NAN;NAN;54466.00;195.793;2.124;96.80416667;16.20000000;2.180000;NAN;113.00;NAN;NAN;NAN;NAN;1.932;0.072;-0.525;10.358;NAN;palfa;
276;J0628+0909;NAN;NAN;NAN;54990.00;202.190;-0.851;97.15076250;9.15386111;1.241421;5.48e-16;87.90;NAN;NAN;0.06;NAN;1.767;-0.026;-0.667;10.136;NAN;palfa,fast_gpps;
277;J0629+2415;3.560;-4.680;0.320;56000.00;188.817;6.223;97.27386375;24.26154056;0.476623;2.00e-15;84.18;0.00;31.00;3.20;NAN;2.900;0.314;-0.442;11.349;NAN;gb1,ar327,gb3,gb4,lotaas,fast_gpps;
278;J0630+19;NAN;NAN;NAN;57022.00;193.071;4.303;97.51666667;19.61666667;1.248550;NAN;48.10;NAN;NAN;NAN;NAN;0.982;0.074;-0.221;9.454;NAN;ar327;
279;J0630-0046;NAN;NAN;NAN;54355.00;211.220;-5.020;97.61231667;-0.76829167;0.680575;3.75e-15;97.30;NAN;NAN;0.41;NAN;2.103;-0.184;-1.086;10.292;NAN;pkspa,gbncc,fast_gpps;
280;J0630-2834;-46.300;21.300;3.000;54100.00;236.952;-16.758;97.70585164;-28.57854967;1.244419;7.12e-15;34.42;0.00;206.00;32.00;NAN;0.320;-0.092;-0.257;8.667;XRS:RX_J0630.8-2834[bjk+05];mol1,mol2,pks70,pkshl;
281;J0631+0646;NAN;NAN;NAN;55806.00;204.678;-1.238;97.96825000;6.77061111;0.110979;3.62e-15;195.20;NAN;NAN;NAN;NAN;4.583;-0.099;-1.913;12.663;GRS:4FGL_J0631.8+0645[aab+22];FermiBlind;
282;J0631+1036;NAN;NAN;NAN;53850.00;201.219;0.450;97.86468333;10.61736111;0.287816;1.03e-13;125.30;0.00;1.50;1.11;NAN;2.104;0.017;-0.761;10.461;GRS:4FGL_J0631.5+1036[aab+22];misc,FermiBlind,ar4,palfa,fast_gpps;
283;J0633+0632;NAN;NAN;NAN;54945.00;205.093;-0.932;98.43420833;6.54302778;0.297395;7.96e-14;NAN;NAN;NAN;NAN;NAN;1.355;-0.022;-0.575;9.727;GRS:4FGL_J0633.7+0632[aab+22],XRS:Swift_;FermiBlind;
284;J0633+1746;138.000;97.000;6.400;49793.00;195.134;4.266;98.47563750;17.77025250;0.237099;1.10e-14;2.89;NAN;NAN;NAN;NAN;0.190;0.014;-0.049;8.683;GRS:4FGL_J0633.9+1746[aab+22],XRS:1E0630;misc,FermiBlind;
285;J0633-2015;NAN;NAN;NAN;53389.00;229.260;-12.968;98.28691667;-20.25197222;3.253211;3.82e-15;90.70;NAN;NAN;0.20;NAN;3.676;-0.825;-2.714;10.838;NAN;pkshl;
286;J0635+0533;NAN;NAN;NAN;50744.00;206.151;-1.043;98.82500000;5.55305556;0.033856;NAN;NAN;NAN;NAN;NAN;NAN;NAN;-0.000;-0.000;8.500;OPT:Be-star;misc;
287;J0636-23;NAN;NAN;NAN;NAN;232.113;-13.492;99.00000000;-23.00000000;0.476000;NAN;59.12;NAN;NAN;NAN;NAN;2.815;-0.657;-2.160;10.181;NAN;gbncc;
288;J0636-3044;NAN;NAN;NAN;55738.00;239.683;-16.344;99.28750000;-30.84500000;0.003946;NAN;15.46;NAN;NAN;1.51;NAN;0.679;-0.191;-0.562;8.829;NAN;htru_pks;
289;J0636-4549;NAN;NAN;NAN;52700.00;254.547;-21.547;99.14060000;-45.82572778;1.984597;3.17e-15;26.31;NAN;NAN;0.10;NAN;0.383;-0.141;-0.343;8.595;NAN;pkshl;
290;J0637+0332g;NAN;NAN;NAN;NAN;208.218;-1.443;99.42083333;3.53333333;NAN;NAN;152.00;NAN;NAN;NAN;NAN;2.542;-0.064;-1.202;10.739;NAN;fast_gpps;
291;J0641+07;NAN;NAN;NAN;NAN;204.882;1.252;100.29166667;7.73333333;NAN;NAN;52.00;NAN;NAN;NAN;NAN;1.257;0.027;-0.529;9.640;NAN;misc;
292;J0645+5158;-7.437;1.479;0.820;56809.00;163.963;20.251;101.49617629;51.97080920;0.008853;4.92e-21;18.25;NAN;2.40;0.29;NAN;1.220;0.422;0.316;9.600;XRS:[ska+16];gbncc,lotaas;
293;J0645+80;NAN;NAN;NAN;56292.00;133.945;26.465;101.50000000;80.15000000;0.657870;NAN;49.70;NAN;5.50;NAN;NAN;5.145;2.293;3.316;11.696;NAN;gbncc,lotaas;
294;J0646+0905;NAN;NAN;NAN;57600.00;204.271;3.051;101.62927083;9.09711111;0.903913;7.36e-16;147.85;0.01;NAN;3.60;NAN;2.504;0.133;-1.028;10.779;NAN;pkspa;
295;J0646-54;NAN;NAN;NAN;NAN;264.400;-22.600;101.59333333;-54.88250000;0.002510;NAN;40.10;NAN;NAN;NAN;NAN;0.367;-0.141;-0.337;8.533;GRS:4FGL_J0646.4-5455[aab+22];misc,FermiAssoc;
296;J0647+0913;NAN;NAN;NAN;54195.00;204.233;3.277;101.81533333;9.23319444;1.234854;6.42e-15;157.50;NAN;NAN;0.18;NAN;2.742;0.157;-1.124;10.996;NAN;pkspa,fast_gpps;
297;J0648-27;NAN;NAN;NAN;NAN;237.001;-12.645;102.00000000;-27.00000000;4.169000;NAN;132.50;NAN;NAN;NAN;NAN;9.987;-2.186;-8.173;13.807;NAN;gbncc;
298;J0652-0142;NAN;NAN;NAN;54031.00;214.538;-0.613;103.04627500;-1.70841667;0.924054;1.52e-16;116.30;NAN;NAN;0.41;NAN;2.318;-0.025;-1.314;10.409;NAN;pkspa,gbncc;
299;J0653+8051;19.000;-1.000;NAN;48712.00;133.178;26.828;103.31287500;80.86672778;1.214441;3.80e-15;33.32;NAN;6.50;0.40;NAN;2.348;1.060;1.528;9.934;NAN;gb1,gbncc,lotaas;
300;J0653-06;NAN;NAN;NAN;NAN;218.690;-2.507;103.25000000;-6.26666667;0.790000;NAN;83.70;NAN;NAN;NAN;NAN;2.140;-0.094;-1.336;10.169;NAN;chime;
301;J0656-2228;NAN;NAN;NAN;52850.00;233.655;-8.982;104.12586250;-22.47376389;1.224754;2.67e-17;32.39;NAN;NAN;3.00;NAN;1.623;-0.253;-1.291;9.450;NAN;pkshl,gbncc;
302;J0656-5449;NAN;NAN;NAN;53000.00;264.795;-21.141;104.20412500;-54.82081111;0.183157;3.19e-17;67.50;NAN;NAN;0.40;NAN;0.372;-0.134;-0.346;8.531;NAN;pkssw;
303;J0658+0022;NAN;NAN;NAN;54322.00;213.374;1.688;104.56337083;0.37647222;0.563295;9.15e-15;115.60;NAN;NAN;0.13;NAN;2.301;0.068;-1.265;10.421;NAN;pkspa,fast_gpps;
304;J0658+2936;NAN;NAN;NAN;59266.00;186.671;14.275;104.43591667;29.60805556;0.823701;1.44e-15;39.00;NAN;NAN;NAN;NAN;0.815;0.201;-0.092;9.284;NAN;chime,ar327;
305;J0659+1414;44.100;-2.400;3.500;57600.00;201.108;8.258;104.95081667;14.23872222;0.384929;5.49e-14;13.90;0.00;6.50;2.70;NAN;0.286;0.041;-0.102;8.764;GRS:4FGL_J0659.7+1416[aab+22],SNR:Monoge;mol2,FermiBlind,lotaas,fast_gpps;
306;J0659-36;NAN;NAN;NAN;NAN;246.437;-14.139;104.75000000;-36.00000000;0.637000;NAN;83.40;NAN;NAN;NAN;NAN;3.916;-0.957;-3.481;10.018;NAN;gbncc;
307;J0702-4956;NAN;NAN;NAN;57086.00;260.190;-18.723;105.66375000;-49.94283333;0.665994;NAN;98.70;NAN;NAN;NAN;NAN;0.538;-0.173;-0.502;8.587;NAN;ghrss;
308;J0709-5923;NAN;NAN;NAN;53000.00;270.029;-20.899;107.38555417;-59.39877778;0.485268;1.26e-16;65.00;NAN;NAN;0.30;NAN;0.371;-0.132;-0.347;8.500;NAN;pkssw;
309;J0711+0931;NAN;NAN;NAN;NAN;206.674;8.776;107.90075000;9.52361111;2.4282;8.00e-16;46.24;NAN;2.40;0.04;NAN;1.168;0.178;-0.518;9.531;NAN;misc,ar327,fast_gpps;
310;J0711-6830;-15.565;14.180;NAN;55636.00;279.531;-23.280;107.97575018;-68.51315682;0.005491;1.49e-20;18.41;NAN;10.00;2.60;NAN;0.106;-0.042;-0.096;8.484;NAN;pks70,pkssw;
311;J0719-2545;NAN;NAN;NAN;53000.00;238.934;-5.826;109.78075000;-25.75006389;0.974725;7.28e-15;253.89;NAN;NAN;0.80;NAN;9.810;-0.996;-8.360;13.536;NAN;pkshl,gbncc;
312;J0720-3125;-93.900;52.800;2.800;52645.10;244.158;-8.165;110.10400833;-31.43057861;8.391116;6.98e-14;NAN;NAN;NAN;NAN;NAN;0.400;-0.057;-0.356;8.673;XRS:RX_J0720.4-3125,OPT:[kva07];misc;
313;J0723-2050;NAN;NAN;NAN;59165.00;234.992;-2.733;110.77000000;-20.83111111;0.711540;NAN;130.00;NAN;NAN;NAN;NAN;3.265;-0.156;-2.671;10.371;NAN;meerkat_trapum;
314;J0725-1635;NAN;NAN;NAN;50884.00;231.473;-0.330;111.25168397;-16.59605977;0.424311;9.26e-17;98.98;NAN;4.00;0.33;NAN;2.777;-0.016;-2.172;10.230;NAN;pks70,gbncc,pksmb;
315;J0726-2612;NAN;NAN;NAN;52950.00;240.079;-4.644;111.53383333;-26.21058333;3.442308;2.93e-13;69.40;NAN;NAN;0.20;NAN;2.900;-0.235;-2.505;9.942;XRS:1RXS_J072559.8-261229[skk11];pkshl,gbncc;
316;J0729-1448;NAN;NAN;NAN;56471.00;230.392;1.424;112.31854167;-14.81022222;0.251709;1.13e-13;91.89;NAN;NAN;0.83;NAN;2.681;0.067;-2.065;10.209;GRS:4FGL_J0729.3-1445[aab+22];pksmb,FermiBlind,gbncc;
317;J0729-1836;-13.060;13.300;0.500;56000.00;233.760;-0.341;112.38473708;-18.61173444;0.510160;1.90e-14;61.29;NAN;11.20;1.90;NAN;2.000;-0.012;-1.613;9.682;NAN;mol2,FermiAssoc,pks70,pkshl,pksmb;
318;J0733-2345;NAN;NAN;NAN;53014.00;238.713;-2.030;113.35250000;-23.76561111;1.796250;5.70e-15;190.20;NAN;NAN;0.07;NAN;4.122;-0.146;-3.520;10.639;NAN;pksmb,gbncc;
319;J0734+14;NAN;NAN;NAN;NAN;204.331;16.059;113.62500000;14.71666667;1.772000;NAN;50.00;NAN;NAN;NAN;NAN;1.416;0.392;-0.561;9.740;NAN;pumps;
320;J0734-1559;NAN;NAN;NAN;55000.00;232.062;2.016;113.69039583;-15.98840000;0.156250;1.22e-14;NAN;NAN;NAN;NAN;NAN;NAN;0.000;-0.000;8.500;GRS:4FGL_J0734.7-1559[aab+22];FermiBlind;
321;J0736-6304;NAN;NAN;NAN;56212.00;274.881;-19.153;114.08337500;-63.07111111;4.862874;1.52e-13;19.40;NAN;NAN;NAN;NAN;0.103;-0.034;-0.097;8.492;NAN;pkssw;
322;J0737-2202;NAN;NAN;NAN;51581.00;237.685;-0.318;114.43362917;-22.03481111;0.320366;5.47e-15;95.59;NAN;NAN;0.47;NAN;3.059;-0.017;-2.585;10.135;NAN;pksmb,gbncc;
323;J0738+6904;NAN;NAN;NAN;56425.00;146.593;29.377;114.59419042;69.07223006;6.827693;2.70e-14;17.22;NAN;NAN;NAN;NAN;1.124;0.551;0.539;9.318;NAN;gbncc;
324;J0738-4042;-37.000;30.000;NAN;51360.00;254.193;-9.192;114.63465417;-40.71116389;0.374920;1.62e-15;160.49;0.00;190.00;112.60;NAN;1.600;-0.256;-1.520;8.930;NAN;mol1,htru_pks,mol2,pks70,pkshl;
325;J0741+17;NAN;NAN;NAN;NAN;202.768;18.438;115.25000000;17.05000000;1.730000;NAN;44.30;NAN;NAN;NAN;NAN;1.207;0.382;-0.443;9.556;NAN;chime;
326;J0742+4334;NAN;NAN;NAN;57998.00;175.536;27.214;115.67554167;43.56727778;0.606191;3.71e-16;36.26;NAN;NAN;NAN;NAN;1.610;0.736;0.111;9.927;NAN;lotaas;
327;J0742-2822;-29.000;4.000;NAN;49326.00;243.773;-2.444;115.70440833;-28.37882222;0.166762;1.68e-14;73.73;0.00;296.00;26.00;NAN;2.000;-0.085;-1.792;9.383;GRS:4FGL_J0742.8-2822[aab+22];misc,FermiBlind,htru_pks,mol2,pks70;
328;J0744-2525;NAN;NAN;NAN;58984.00;241.334;-0.743;116.00000000;-25.41666667;0.091996;9.56e-16;NAN;NAN;NAN;NAN;NAN;NAN;-0.000;-0.000;8.500;GRS:4FGL_J0744.0-2525[aab+22];FermiAssoc;
329;J0745-5353;-60.000;50.000;NAN;55129.00;266.660;-14.283;116.26866667;-53.88598889;0.214839;2.19e-15;121.38;0.00;23.00;5.00;NAN;0.565;-0.139;-0.547;8.532;NAN;mol2,ghrss,htru_pks,pks70,pkssw;
330;J0746-4529;NAN;NAN;NAN;52950.00;259.203;-10.103;116.74799167;-45.49073611;2.791025;1.67e-14;134.57;NAN;NAN;0.20;NAN;0.810;-0.142;-0.783;8.649;NAN;pkshl;
331;J0747+6646;NAN;NAN;NAN;56500.00;149.218;30.283;116.91536403;66.78243486;0.407701;6.78e-16;27.58;NAN;NAN;NAN;NAN;1.864;0.940;0.824;9.883;NAN;gbncc;
332;J0749+5720;NAN;NAN;NAN;NAN;160.152;30.310;117.42551393;57.34788547;1.174929;8.31e-17;NAN;NAN;NAN;NAN;NAN;NAN;0.000;0.000;8.500;NAN;gbncc;
333;J0749-4247;NAN;NAN;NAN;49014.00;257.066;-8.349;117.45697917;-42.79503889;1.095452;9.77e-16;104.59;0.00;8.00;0.50;NAN;0.560;-0.081;-0.540;8.624;NAN;pks70,htru_pks,pkshl;
334;J0750+57;NAN;NAN;NAN;56292.00;160.557;30.327;117.50000000;57.00000000;1.174870;NAN;26.70;NAN;2.90;NAN;NAN;1.604;0.810;0.461;9.806;NAN;gbncc,lotaas;
335;J0750-6846;NAN;NAN;NAN;56839.00;281.056;-20.048;117.64937500;-68.77605833;0.915216;1.10e-16;54.60;NAN;NAN;1.70;NAN;0.338;-0.116;-0.312;8.439;NAN;pks_superb;
336;J0753-0816;NAN;NAN;NAN;56316.00;227.607;9.771;118.38750000;-8.32638889;2.093620;NAN;38.00;NAN;NAN;NAN;NAN;1.718;0.292;-1.250;9.641;NAN;htru_pks;
337;J0754+3231;-4.000;7.000;NAN;48725.00;188.187;26.721;118.66953333;32.53227778;1.442349;1.08e-15;39.99;0.00;8.00;0.60;NAN;1.464;0.658;-0.186;9.794;NAN;gb1,ar327,ar4,lotaas;
338;J0758-1528;-10.000;12.000;NAN;49896.00;234.464;7.224;119.62112833;-15.46909389;0.682265;1.62e-15;63.33;NAN;8.20;2.60;NAN;2.710;0.341;-2.188;10.063;NAN;mol2,gb3,pks70,pkshl;
339;J0758-30;NAN;NAN;NAN;NAN;246.856;-0.417;119.50000000;-30.00000000;1.092000;NAN;86.50;NAN;NAN;NAN;NAN;0.444;-0.003;-0.408;8.675;NAN;gbncc;
340;J0758-3002;NAN;NAN;NAN;NAN;246.936;-0.361;119.60286306;-30.03905001;1.091870;3.84e-16;NAN;NAN;NAN;NAN;NAN;NAN;-0.000;-0.000;8.500;NAN;gbncc;
341;J0802-5613;NAN;NAN;NAN;59201.00;269.950;-13.239;120.50000000;-56.21666667;0.273973;2.76e-15;NAN;NAN;NAN;NAN;NAN;NAN;-0.000;-0.000;8.500;GRS:4FGL_J0802.1-5612[aab+22];FermiAssoc;
342;J0803+34;NAN;NAN;NAN;NAN;186.778;28.890;120.77083333;34.31666667;NAN;NAN;34.00;NAN;NAN;NAN;NAN;1.305;0.630;-0.135;9.635;NAN;misc;
343;J0803-0942;NAN;NAN;NAN;58410.00;230.070;11.196;120.86186667;-9.71411389;0.571257;1.16e-15;21.10;NAN;NAN;0.10;NAN;0.818;0.159;-0.615;9.015;NAN;misc,fast_crafts;
344;J0804-3647;NAN;NAN;NAN;54987.00;253.331;-2.872;121.09250000;-36.79319444;2.191987;4.21e-15;186.80;NAN;NAN;0.29;NAN;2.916;-0.146;-2.790;9.335;NAN;pkspa,gbncc;
345;J0806+08;NAN;NAN;NAN;56477.00;213.920;20.334;121.52083333;8.28333333;2.063100;NAN;46.00;NAN;NAN;NAN;NAN;1.848;0.642;-0.967;9.938;NAN;ar327,fast_gpps;
346;J0806-4123;NAN;NAN;NAN;54771.32;257.426;-4.983;121.59750000;-41.37525000;11.370386;5.56e-14;NAN;NAN;NAN;NAN;NAN;NAN;-0.000;-0.000;8.500;XRS:RX_J0806.4-4123[hmp98],OPT:[kkvh11];misc;
347;J0807-5421;NAN;NAN;NAN;55333.00;268.727;-11.594;121.94660417;-54.35735000;0.526644;3.78e-16;165.03;NAN;NAN;0.40;NAN;0.887;-0.178;-0.869;8.519;NAN;htru_pks;
348;J0808-3937;NAN;NAN;NAN;54881.00;256.134;-3.759;122.04845833;-39.63136111;0.866349;4.01e-16;169.10;NAN;NAN;0.21;NAN;2.884;-0.189;-2.794;9.190;NAN;pkspa,gbncc;
349;J0809-4753;-19.000;15.000;NAN;57600.00;263.301;-7.957;122.43264583;-47.89852778;0.547202;3.08e-15;228.30;0.00;46.00;2.60;NAN;6.488;-0.898;-6.382;9.250;NAN;mol2,ghrss,htru_pks,pks70,pkssw;
350;J0811+37;NAN;NAN;NAN;NAN;183.676;31.217;122.80000000;37.46666667;1.248300;NAN;14.90;NAN;NAN;NAN;NAN;0.263;0.136;-0.014;8.724;NAN;misc,lotaas,fast_gpps;
351;J0812-3905;NAN;NAN;NAN;55083.00;256.111;-2.811;123.06167500;-39.09692222;0.482596;4.49e-17;329.60;NAN;NAN;0.38;NAN;5.860;-0.287;-5.682;9.905;NAN;pkspa,gbncc;
352;J0813+22;NAN;NAN;NAN;NAN;200.909;27.480;123.47500000;22.01666667;0.531400;NAN;52.29;NAN;NAN;NAN;NAN;2.449;1.130;-0.775;10.530;NAN;lotaas,ar327,fast_gpps;
353;J0814+7429;24.020;-44.000;2.310;49162.00;139.998;31.618;123.74791667;74.48491667;1.292241;1.68e-16;5.75;0.00;79.00;10.00;NAN;0.432;0.226;0.236;8.782;NAN;gb1,gb2,gb4,gbncc,lotaas;
354;J0815+0939;NAN;NAN;NAN;NAN;213.626;22.950;123.78656667;9.66408333;0.645161;1.39e-16;52.66;NAN;3.70;NAN;NAN;2.491;0.971;-1.270;10.410;NAN;ar4,ar327;
355;J0815+4611;NAN;NAN;NAN;57662.00;173.626;33.453;123.99775958;46.19812222;0.434242;3.90e-18;11.20;NAN;2.50;NAN;NAN;0.353;0.195;0.033;8.793;NAN;lotaas,gbncc,fast_gpps;
356;J0818-3049;NAN;NAN;NAN;55903.00;249.983;2.908;124.70541667;-30.82527778;0.763742;5.80e-16;118.90;NAN;NAN;0.33;NAN;0.422;0.021;-0.396;8.644;NAN;pkspa,gbncc;
357;J0818-3232;NAN;NAN;NAN;52500.00;251.358;1.875;124.60806250;-32.54181389;2.161259;7.53e-16;131.80;NAN;NAN;1.40;NAN;0.484;0.016;-0.458;8.655;NAN;pkshl,gbncc,htru_pks;
358;J0820-1350;21.640;-39.440;0.510;52275.00;235.890;12.595;125.10992375;-13.84884972;1.238130;2.11e-15;40.94;0.00;102.00;6.00;NAN;1.900;0.414;-1.535;9.540;NAN;mol1,gb3,mol2,pks70,pkshl;
359;J0820-3826;NAN;NAN;NAN;55583.00;256.523;-1.032;125.24970417;-38.44525000;0.124837;2.44e-15;195.50;NAN;NAN;0.49;NAN;4.084;-0.074;-3.971;9.452;NAN;pkspa,gbncc;
360;J0820-3921;NAN;NAN;NAN;52700.00;257.261;-1.583;125.20462500;-39.36547222;1.073567;1.22e-14;179.40;NAN;NAN;0.40;NAN;3.576;-0.099;-3.487;9.288;NAN;pkshl,gbncc,htru_pks;
361;J0820-4114;NAN;NAN;NAN;57600.00;258.749;-2.734;125.06441667;-41.24311111;0.545446;1.98e-17;113.40;0.00;65.00;5.00;NAN;0.571;-0.027;-0.559;8.611;NAN;mol2,htru_pks,pks70,pkshl,pksmb;
362;J0821-4221;NAN;NAN;NAN;52950.00;259.825;-3.137;125.43598333;-42.35707222;0.396728;3.48e-15;270.60;NAN;NAN;0.80;NAN;5.802;-0.318;-5.702;9.523;NAN;pkshl,htru_pks;
363;J0821-4300;-54.000;-28.000;NAN;53454.00;260.382;-3.473;125.48902208;-43.00474278;0.112799;9.29e-18;NAN;NAN;NAN;NAN;NAN;2.200;-0.133;-2.165;8.867;SNR:PUPPIS_A,XRS:RX_J0822-4300;misc;
364;J0826+2637;63.000;-96.750;2.010;56000.00;196.964;31.743;126.71461167;26.62258250;0.530661;1.71e-15;19.48;0.00;73.00;10.00;NAN;0.500;0.263;-0.124;8.907;NAN;gb1,ar327,ar4,gb4,lotaas;
365;J0827+53;NAN;NAN;NAN;NAN;165.470;35.647;126.95000000;53.00000000;0.013500;NAN;23.10;NAN;NAN;NAN;NAN;1.571;0.916;0.320;9.736;NAN;lotaas,fast_gpps;
366;J0828-3417;NAN;NAN;NAN;48132.00;253.965;2.561;127.06927293;-34.28529102;1.848919;9.96e-16;51.60;NAN;16.00;0.25;NAN;0.354;0.016;-0.340;8.598;NAN;mol2,gbncc,pks70,pkshl,pksmb;
367;J0831-4406;NAN;NAN;NAN;51396.00;262.285;-2.694;127.88512500;-44.10330556;0.311674;1.28e-15;254.00;NAN;NAN;0.43;NAN;5.883;-0.276;-5.823;9.289;NAN;pksmb,htru_pks;
368;J0834-4159;NAN;NAN;NAN;55308.00;260.886;-1.036;128.57419583;-41.99333056;0.121118;4.28e-15;240.50;NAN;NAN;0.28;NAN;5.508;-0.100;-5.438;9.372;NAN;pksmb,htru_pks;
369;J0834-60;NAN;NAN;NAN;51401.10;276.075;-11.924;128.70833333;-60.58333333;0.384645;NAN;20.00;NAN;NAN;NAN;NAN;0.095;-0.020;-0.092;8.490;NAN;pkssw;
370;J0835-3707;NAN;NAN;NAN;51137.00;257.076;1.990;128.76283333;-37.13097222;0.541404;9.78e-15;112.40;NAN;NAN;0.28;NAN;0.555;0.019;-0.541;8.624;NAN;pksmb,gbncc,htru_pks,pkshl;
371;J0835-4510;-49.680;29.900;3.500;51544.00;263.552;-2.787;128.83588121;-45.17635419;0.089328;1.25e-13;67.77;0.00;5000.00;1050.00;NAN;0.280;-0.014;-0.278;8.531;GRS:4FGL_J0835.3-4510[aab+22],SNR:Vela,G;mol1,FermiBlind,htru_pks,mol2,pks70;
372;J0836-4233;NAN;NAN;NAN;56290.00;261.537;-1.107;129.02437500;-42.55691667;1.4768;2.60e-15;180.00;NAN;NAN;0.13;NAN;3.609;-0.070;-3.569;9.031;NAN;htru_pks;
373;J0837+0610;2.000;51.000;NAN;48721.00;219.721;26.272;129.27350833;6.17071111;1.273768;6.80e-15;12.86;0.00;89.00;5.00;NAN;0.190;0.084;-0.109;8.631;NAN;misc,gb2,gb4,lotaas,mol2;
374;J0837-2454;NAN;NAN;NAN;55588.63;247.575;9.775;129.49054167;-24.90833333;0.629410;3.49e-13;143.10;NAN;NAN;NAN;NAN;25.000;4.244;-22.774;17.898;NAN;htru_pks;
375;J0837-4135;11.000;-13.000;NAN;57600.00;260.904;-0.336;129.33830958;-41.58737861;0.751625;3.54e-15;147.20;0.00;197.00;35.00;NAN;1.500;-0.009;-1.481;8.737;NAN;mol1,htru_pks,mol2,pks70,pkshl,pksm;
376;J0838-2621;NAN;NAN;NAN;53200.00;248.807;8.981;129.57833750;-26.35820833;0.308581;3.90e-17;116.90;NAN;NAN;0.50;NAN;4.101;0.640;-3.777;9.964;NAN;pkshl,gbncc,htru_pks;
377;J0838-3947;NAN;NAN;NAN;51162.00;259.606;0.928;129.62833333;-39.78944444;1.703946;8.13e-16;219.00;NAN;NAN;0.11;NAN;5.095;0.083;-5.011;9.419;NAN;pksmb;
378;J0839-66;NAN;NAN;NAN;56012.00;281.441;-14.927;129.90416667;-66.58111111;0.449339;NAN;83.00;NAN;NAN;NAN;NAN;0.448;-0.115;-0.424;8.414;NAN;htru_pks;
379;J0840-5332;NAN;NAN;NAN;57600.00;270.774;-7.143;130.14052500;-53.54331944;0.720614;1.64e-15;156.50;0.00;19.00;1.70;NAN;0.566;-0.070;-0.562;8.492;NAN;mol2,ghrss,htru_pks,pks70,pkssw;
380;J0842-4851;NAN;NAN;NAN;57600.00;267.182;-4.101;130.52268458;-48.85572222;0.644354;9.56e-15;196.85;0.00;6.20;1.07;NAN;3.103;-0.222;-3.091;8.652;NAN;mol2,ghrss,htru_pks,pks70,pksmb;
381;J0843+0719;NAN;NAN;NAN;52892.00;219.400;28.223;130.89091667;7.31327778;1.365860;NAN;36.60;NAN;NAN;NAN;NAN;2.068;0.978;-1.157;9.908;NAN;pkshl;
382;J0843-5022;NAN;NAN;NAN;51500.00;268.496;-4.898;130.79118333;-50.37863889;0.208956;1.72e-16;178.47;NAN;NAN;0.70;NAN;1.573;-0.134;-1.567;8.541;NAN;pkssw,ghrss,htru_pks,pksmb;
383;J0846-3533;93.000;-15.000;NAN;57600.00;257.190;4.710;131.52516667;-35.56144444;1.116098;1.60e-15;94.16;0.00;16.00;5.00;NAN;0.536;0.044;-0.521;8.618;NAN;mol2,gbncc,htru_pks,pks70,pkshl,pks;
384;J0847-4316;NAN;NAN;NAN;53816.00;263.444;0.158;131.98887500;-43.28244444;5.977493;1.20e-13;292.50;NAN;NAN;NAN;NAN;6.547;0.018;-6.504;9.247;NAN;pksmb;
385;J0848+16;NAN;NAN;NAN;NAN;210.060;33.305;132.22083333;16.71666667;0.452400;NAN;38.00;NAN;NAN;NAN;NAN;2.283;1.254;-0.956;10.151;NAN;ar327,fast_gpps;
386;J0849+8028;NAN;NAN;NAN;49993.00;132.654;31.462;132.25628211;80.48308960;1.602228;4.46e-16;34.81;NAN;1.50;NAN;NAN;3.303;1.724;2.072;10.409;NAN;gb2,gbncc,lotaas;
387;J0849-6322;NAN;NAN;NAN;51500.00;279.433;-12.171;132.42745833;-63.37638889;0.367953;7.91e-16;91.29;NAN;NAN;1.00;NAN;0.383;-0.081;-0.369;8.439;NAN;pkssw,htru_pks;
388;J0853-4648;NAN;NAN;NAN;NAN;266.779;-1.349;133.33887500;-46.81558333;0.473156;NAN;304.00;NAN;NAN;NAN;NAN;6.919;-0.163;-6.906;8.889;NAN;mmgps-l;
389;J0854+5449;NAN;NAN;NAN;58854.00;162.782;39.408;133.60718958;54.82466167;1.233033;3.12e-16;18.84;NAN;NAN;NAN;NAN;1.436;0.912;0.328;9.560;NAN;chime;
390;J0855-3331;NAN;NAN;NAN;49886.00;256.847;7.517;133.91005628;-33.52758448;1.267536;6.32e-15;86.64;0.00;7.70;0.60;NAN;0.503;0.066;-0.486;8.613;NAN;mol2,htru_pks,pks70,pkshl;
391;J0855-4644;NAN;NAN;NAN;51368.00;266.967;-1.004;133.90075000;-46.73705556;0.064686;7.26e-15;236.40;NAN;NAN;0.28;NAN;5.638;-0.099;-5.629;8.798;SNR:RX_J0852.0-4622[rm05],PWN:[mav17],PW;pksmb,htru_pks;
392;J0855-4658;NAN;NAN;NAN;51395.00;267.116;-1.193;133.83154167;-46.97294444;0.575072;1.36e-14;472.70;NAN;NAN;0.23;NAN;13.740;-0.286;-13.720;9.191;NAN;pksmb,htru_pks;
393;J0856-6137;NAN;NAN;NAN;57600.00;278.575;-10.427;134.24695833;-61.63130833;0.962511;1.68e-15;95.00;NAN;11.00;3.30;NAN;0.370;-0.067;-0.360;8.446;NAN;mol2,htru_pks,pks70,pkssw;
394;J0857+3349;NAN;NAN;NAN;57876.00;190.141;39.736;134.27945833;33.82138889;0.242961;2.40e-16;24.00;NAN;0.40;NAN;NAN;1.567;1.002;-0.212;9.686;NAN;lotaas,ar327;
395;J0857-4424;NAN;NAN;NAN;55335.00;265.457;0.822;134.48263333;-44.40295833;0.326786;2.09e-14;184.43;0.00;12.00;0.98;NAN;2.833;0.041;-2.824;8.724;NAN;pks70,htru_pks,pksmb;
396;J0901-4624;NAN;NAN;NAN;51031.00;267.404;-0.004;135.41716667;-46.41347222;0.441995;8.75e-14;199.30;NAN;NAN;0.51;NAN;3.032;-0.000;-3.029;8.637;NAN;pksmb;
397;J0902-6325;NAN;NAN;NAN;43557.50;280.390;-11.082;135.63500000;-63.42000000;0.660313;1.07e-16;72.72;NAN;4.50;1.70;NAN;0.192;-0.037;-0.185;8.466;NAN;mol2,htru_pks,pkssw;
398;J0904-4246;NAN;NAN;NAN;57600.00;265.074;2.859;136.24617917;-42.77038889;0.965173;1.88e-15;145.80;0.00;8.00;0.60;NAN;0.675;0.034;-0.672;8.558;NAN;mol2,pks70,pksmb;
399;J0904-7459;NAN;NAN;NAN;57600.00;289.738;-18.320;136.04362500;-74.99491667;0.549554;4.61e-16;51.10;NAN;11.00;2.00;NAN;1.048;-0.329;-0.936;8.164;NAN;mol2,pks70;
400;J0905-4536;NAN;NAN;NAN;48818.00;267.239;1.011;136.34958333;-45.61472222;0.988281;1.49e-16;196.20;0.00;13.00;1.10;NAN;2.912;0.051;-2.908;8.640;NAN;pks70,htru_pks,pksmb;
401;J0905-5127;NAN;NAN;NAN;55341.00;271.633;-2.854;136.46650000;-51.46501389;0.346301;2.49e-14;196.43;0.00;12.00;1.05;NAN;1.330;-0.066;-1.328;8.462;NAN;pks70,ghrss,htru_pks,pksmb;
402;J0905-6019;NAN;NAN;NAN;55191.00;278.222;-8.816;136.31352083;-60.32279444;0.340854;5.22e-16;91.40;NAN;NAN;0.30;NAN;0.359;-0.055;-0.351;8.449;NAN;htru_pks;
403;J0907-5157;NAN;NAN;NAN;57600.00;272.151;-3.031;136.81625417;-51.96648889;0.253558;1.83e-15;103.72;0.00;35.00;17.00;NAN;0.341;-0.018;-0.340;8.487;NAN;mol2,ghrss,htru_pks,pks1,pks70,pksm;
404;J0908-1739;27.000;-40.000;NAN;48737.00;246.119;19.850;137.15909250;-17.66046389;0.401626;6.69e-16;15.88;0.00;16.00;4.00;NAN;0.805;0.273;-0.692;8.807;NAN;mol2,gb2,pks70,pkshl;
405;J0908-4913;-37.000;31.000;NAN;57600.00;270.265;-1.019;137.14775000;-49.21805556;0.106769;1.51e-14;180.44;0.00;28.00;20.00;NAN;1.000;-0.018;-1.000;8.495;GRS:4FGL_J0908.7-4911[aab+22],PWN:[gsfj9;misc,FermiAssoc,htru_pks,pks1,pks70;
406;J0909-7212;NAN;NAN;NAN;57600.00;287.728;-16.256;137.39920833;-72.20248333;1.362890;3.27e-16;54.30;NAN;6.50;1.90;NAN;0.752;-0.211;-0.688;8.280;NAN;mol2,pks70;
407;J0910+77;NAN;NAN;NAN;39856.00;135.325;33.704;137.50000000;77.46666667;1.579050;NAN;NAN;NAN;NAN;NAN;NAN;NAN;0.000;0.000;8.500;NAN;misc;
408;J0911-42;NAN;NAN;NAN;NAN;265.839;3.845;137.93750000;-42.66666667;1.940636;NAN;162.20;NAN;NAN;0.05;NAN;1.404;0.094;-1.397;8.602;NAN;pksmb;
409;J0912-3851;NAN;NAN;NAN;55093.00;263.165;6.584;138.17791667;-38.85083333;1.526085;3.59e-15;71.50;NAN;NAN;0.10;NAN;0.346;0.040;-0.341;8.541;NAN;htru_pks,gbncc;
410;J0916-5243;NAN;NAN;NAN;NAN;273.637;-2.563;139.03812500;-52.72900000;1.310444;NAN;162.60;NAN;NAN;NAN;NAN;0.539;-0.024;-0.537;8.466;NAN;mmgps-l;
411;J0917-4413;NAN;NAN;NAN;NAN;267.735;3.573;139.46837083;-44.22233333;0.052905;NAN;123.80;NAN;NAN;NAN;NAN;0.556;0.035;-0.554;8.522;NAN;mmgps-l;
412;J0919-42;NAN;NAN;NAN;56657.00;266.285;5.274;139.75000000;-42.00000000;0.812600;NAN;57.80;NAN;NAN;NAN;NAN;0.329;0.030;-0.327;8.521;NAN;ghrss;
413;J0919-6040;NAN;NAN;NAN;55190.00;279.687;-7.774;139.86612500;-60.68066667;1.216976;1.00e-17;82.50;NAN;NAN;0.20;NAN;0.355;-0.048;-0.347;8.441;NAN;htru_pks;
414;J0921+6254;NAN;NAN;NAN;49687.00;151.431;40.725;140.30889747;62.90386409;1.567994;3.61e-15;13.15;NAN;5.00;0.50;NAN;1.003;0.654;0.364;9.168;NAN;gb2,gb4,lotaas;
415;J0922+0638;18.800;86.400;0.830;48227.00;225.420;36.392;140.55842500;6.63980556;0.430627;1.37e-14;27.30;0.00;52.00;10.00;NAN;1.100;0.653;-0.631;9.122;GRS:4FGL_J0922.3+0644[aab+22],XRS:[pb15];mol2,FermiBlind,ar327,ar4,gb4,lotaa;
416;J0922-4534;NAN;NAN;NAN;NAN;269.250;3.173;140.56895833;-45.57805556;0.004417;NAN;113.93;NAN;NAN;NAN;NAN;0.534;0.030;-0.533;8.507;NAN;mmgps-l;
417;J0922-4949;NAN;NAN;NAN;51279.00;272.237;0.160;140.56233750;-49.82002222;0.950289;9.76e-14;237.10;NAN;NAN;0.52;NAN;2.698;0.008;-2.696;8.395;NAN;pksmb,htru_pks;
418;J0923-31;NAN;NAN;NAN;NAN;259.697;13.003;140.99166667;-31.95000000;NAN;NAN;72.00;NAN;NAN;NAN;NAN;0.382;0.086;-0.366;8.567;NAN;pkssw;
419;J0924-5302;NAN;NAN;NAN;57600.00;274.712;-1.930;141.03634167;-53.04516667;0.746338;3.53e-14;152.90;0.00;12.00;1.10;NAN;0.513;-0.017;-0.511;8.458;NAN;mol2,ghrss,htru_pks,pks1,pks70,pksm;
420;J0924-5814;NAN;NAN;NAN;57600.00;278.394;-5.595;141.12841667;-58.23475000;0.739505;4.92e-15;57.40;0.00;22.00;6.00;NAN;0.107;-0.010;-0.105;8.484;NAN;mol2,htru_pks,pks70,pksmb;
421;J0927+2345;NAN;NAN;NAN;53400.00;205.286;44.202;141.93858333;23.75297222;0.761889;3.05e-16;17.24;NAN;1.00;0.06;NAN;1.091;0.761;-0.334;9.207;NAN;ar4,ar327;
422;J0927-5242;NAN;NAN;NAN;NAN;274.811;-1.360;141.81191667;-52.70516667;0.327951;NAN;296.00;NAN;NAN;NAN;NAN;3.314;-0.079;-3.301;8.222;NAN;mmgps-l;
423;J0928+06;NAN;NAN;NAN;NAN;226.854;37.601;142.18333333;6.23333333;2.060400;NAN;49.80;NAN;NAN;NAN;NAN;25.000;15.254;-14.451;22.045;NAN;ar327,gbncc,fast_gpps;
424;J0928+30;NAN;NAN;NAN;NAN;195.838;45.915;142.25000000;30.63333333;2.091500;NAN;21.95;NAN;NAN;NAN;NAN;2.037;1.463;-0.387;9.863;NAN;misc,ar327,lotaas;
425;J0930-1854;NAN;NAN;NAN;NAN;250.760;23.019;142.64695833;-18.90863889;NAN;NAN;33.00;NAN;NAN;NAN;NAN;2.477;0.969;-2.152;9.251;NAN;meerkat_trapum;
426;J0930-2301;NAN;NAN;NAN;57254.00;253.932;20.138;142.51175000;-23.02916667;1.807069;3.36e-15;78.30;NAN;NAN;NAN;NAN;25.000;8.607;-22.555;14.997;NAN;gbncc;
427;J0931-1902;-2.465;-4.312;0.700;57136.00;250.999;23.054;142.82965478;-19.04861884;0.004638;3.63e-21;41.49;NAN;NAN;0.52;NAN;3.722;1.458;-3.238;9.615;GRS:4FGL_J0931.2-1906[aab+22];gbt350,FermiBlind,gbncc;
428;J0932-3217;NAN;NAN;NAN;51500.00;261.277;14.069;143.16312500;-32.28727778;1.931627;2.50e-16;102.10;NAN;NAN;0.30;NAN;0.414;0.101;-0.397;8.561;NAN;pkssw,gbncc,htru_pks;
429;J0932-5327;NAN;NAN;NAN;53099.00;275.885;-1.375;143.09525000;-53.45305556;4.392159;8.37e-15;118.56;NAN;NAN;0.15;NAN;0.359;-0.009;-0.357;8.463;NAN;pksmb,htru_pks;
430;J0933-4604;NAN;NAN;NAN;NAN;271.059;4.207;143.46720833;-46.07977778;3.669910;NAN;123.00;NAN;NAN;NAN;NAN;0.518;0.038;-0.517;8.490;NAN;mmgps-l;
431;J0934-4154;NAN;NAN;NAN;51650.00;268.361;7.411;143.74250000;-41.90541667;0.570409;2.69e-16;113.79;NAN;NAN;0.30;NAN;0.530;0.068;-0.525;8.515;NAN;pkssw;
432;J0934-5249;NAN;NAN;NAN;57600.00;275.690;-0.700;143.61765417;-52.82425000;1.444777;4.65e-15;100.00;0.00;18.00;3.20;NAN;0.349;-0.004;-0.347;8.465;NAN;mol2,ghrss,htru_pks,pks1,pks70,pksm;
433;J0935+33;NAN;NAN;NAN;NAN;192.376;47.511;143.77500000;33.18333333;0.961500;NAN;18.35;NAN;NAN;NAN;NAN;1.728;1.274;-0.250;9.640;NAN;misc,ar327,lotaas;
434;J0936-4750;NAN;NAN;NAN;NAN;272.605;3.230;144.17325000;-47.84183333;0.522581;NAN;113.00;NAN;NAN;NAN;NAN;0.355;0.020;-0.354;8.484;NAN;mmgps-l;
435;J0940-5428;NAN;NAN;NAN;51091.00;277.510;-1.292;145.24258333;-54.47794444;0.087545;3.29e-14;134.55;NAN;NAN;0.66;NAN;0.377;-0.009;-0.374;8.451;GRS:4FGL_J0941.1-5429[aab+22];pksmb,FermiAssoc;
436;J0941-39;NAN;NAN;NAN;54831.00;267.795;9.904;145.40833333;-39.68333333;0.586778;NAN;78.00;NAN;NAN;NAN;NAN;0.356;0.061;-0.350;8.513;NAN;pkssw,htru_pks;
437;J0941-5244;NAN;NAN;NAN;48930.00;276.446;0.092;145.42144583;-52.73457778;0.658558;1.14e-15;157.94;NAN;11.00;0.50;NAN;0.397;0.001;-0.394;8.455;NAN;pks70,htru_pks,pksmb;
438;J0942-5552;NAN;NAN;NAN;57600.00;278.569;-2.232;145.56200000;-55.88197222;0.664389;2.27e-14;180.16;0.00;55.00;11.00;NAN;0.300;-0.012;-0.296;8.455;NAN;mol1,htru_pks,mol2,pks1,pks70,pksmb;
439;J0942-5657;-12.000;12.000;NAN;57600.00;279.345;-2.990;145.72676667;-56.96200278;0.808164;3.96e-14;159.74;NAN;13.00;1.00;NAN;0.406;-0.021;-0.400;8.434;NAN;mol2,htru_pks,pks1,pks70,pksmb;
440;J0943+1631;23.000;9.000;NAN;48865.00;216.609;45.380;145.87541667;16.52694444;1.087418;9.11e-17;20.34;NAN;7.00;1.30;NAN;1.487;1.058;-0.623;9.338;NAN;mol2,ar4,lotaas;
441;J0943+2253;NAN;NAN;NAN;53400.00;207.887;47.458;145.88498958;22.88490556;0.532975;8.98e-17;27.25;NAN;5.50;0.39;NAN;3.554;2.619;-1.124;10.624;NAN;ar4,ar327,lotaas;
442;J0943-5305;NAN;NAN;NAN;58925.00;276.842;-0.033;145.78333333;-53.08805556;1.734000;NAN;174.00;NAN;NAN;NAN;NAN;0.444;-0.000;-0.441;8.447;NAN;meerkat_trapum;
443;J0944+4106;NAN;NAN;NAN;56350.00;180.437;49.375;146.07557733;41.10126386;2.229431;4.42e-15;21.40;NAN;NAN;NAN;NAN;2.670;2.026;-0.013;10.238;NAN;gbncc,lotaas,fast_gpps;
444;J0944-1354;-1.000;-22.000;NAN;49337.00;249.129;28.843;146.12064958;-13.91156389;0.570264;4.53e-17;12.50;NAN;26.00;0.60;NAN;0.686;0.331;-0.561;8.714;NAN;mol2,gb2,gb3,pks70,pkshl;
445;J0945-4833;NAN;NAN;NAN;51703.00;274.199;3.674;146.40939167;-48.55402778;0.331586;4.83e-15;98.10;NAN;NAN;0.39;NAN;0.352;0.023;-0.350;8.474;NAN;pksmb,htru_pks;
446;J0946+0951;-38.000;-21.000;NAN;48483.00;225.413;43.126;146.53166667;9.86527778;1.097706;3.49e-15;15.32;0.00;4.00;NAN;NAN;0.892;0.610;-0.464;8.957;XRS:[zsp05];misc,gb2,lotaas;
447;J0947+2740;NAN;NAN;NAN;53400.00;201.142;49.384;146.83869583;27.67875000;0.851014;4.30e-16;29.09;NAN;1.00;0.13;NAN;25.000;18.977;-5.870;23.679;NAN;ar4,ar327,gbncc,lotaas;
448;J0948-5549;NAN;NAN;NAN;NAN;279.168;-1.646;147.05116667;-55.82136111;0.166095;NAN;178.00;NAN;NAN;NAN;NAN;0.416;-0.012;-0.411;8.434;NAN;mmgps-l;
449;J0949-6902;NAN;NAN;NAN;55195.00;287.826;-11.702;147.33569583;-69.04488889;0.640016;6.37e-16;93.00;NAN;NAN;0.30;NAN;1.678;-0.340;-1.564;7.997;NAN;htru_pks;
450;J0951-71;NAN;NAN;NAN;54810.00;289.469;-13.321;147.85000000;-71.31694444;0.212378;NAN;77.00;NAN;NAN;NAN;NAN;1.516;-0.349;-1.391;8.008;NAN;htru_pks;
451;J0952-3839;NAN;NAN;NAN;43557.59;268.702;12.033;148.07166667;-38.65283333;1.373815;5.80e-16;162.88;0.00;8.50;4.00;NAN;0.523;0.109;-0.511;8.512;NAN;mol2,gbncc,htru_pks,pks70,pkssw;
452;J0953+0755;-2.090;29.460;3.820;46375.00;228.908;43.697;148.28879042;7.92659722;0.253065;2.30e-16;2.97;0.00;400.00;100.00;NAN;0.261;0.180;-0.142;8.624;NAN;misc,ar4,gb4,lotaas,mol2,pkshl;
453;J0954-5430;NAN;NAN;NAN;55323.00;278.998;-0.101;148.52519167;-54.51467222;0.472851;4.39e-14;201.57;NAN;NAN;0.51;NAN;0.433;-0.001;-0.428;8.432;NAN;pksmb,htru_pks;
454;J0955-5304;NAN;NAN;NAN;57600.00;278.264;1.159;148.87275417;-53.07128889;0.862122;3.53e-15;156.90;0.00;29.00;0.94;NAN;0.401;0.008;-0.397;8.442;NAN;mol2,ghrss,htru_pks,pks70,pksmb;
455;J0957-06;NAN;NAN;NAN;56657.00;244.762;36.201;149.25000000;-6.28333333;1.723700;NAN;26.95;NAN;NAN;NAN;NAN;2.461;1.454;-1.796;9.347;NAN;gbt350;
456;J0957-0619;NAN;NAN;NAN;57220.00;244.830;36.199;149.28383333;-6.32708333;1.723712;1.49e-16;27.30;NAN;NAN;NAN;NAN;2.525;1.491;-1.844;9.367;NAN;misc;
457;J0957-5432;NAN;NAN;NAN;51035.00;279.448;0.227;149.48337500;-54.53441667;0.203557;1.95e-15;226.10;NAN;NAN;0.18;NAN;0.449;0.002;-0.443;8.426;NAN;pksmb;
458;J0959-4809;NAN;NAN;NAN;57600.00;275.742;5.418;149.85921667;-48.16318611;0.670086;8.47e-17;92.70;NAN;16.00;4.00;NAN;0.361;0.034;-0.358;8.464;NAN;mol2,htru_pks,pks70,pkssw;
459;J1000+08;NAN;NAN;NAN;56654.00;229.732;45.498;150.15833333;8.33277778;0.440372;NAN;21.00;NAN;NAN;NAN;NAN;1.741;1.242;-0.931;9.289;NAN;htru_pks;
460;J1000-5149;NAN;NAN;NAN;51368.00;278.107;2.603;150.11725417;-51.83281111;0.255677;9.59e-16;72.80;NAN;NAN;0.26;NAN;0.127;0.006;-0.126;8.482;NAN;pksmb,htru_pks;
461;J1001-5507;NAN;NAN;NAN;57600.00;280.226;0.084;150.40770833;-55.11883333;1.436631;5.16e-14;130.32;0.00;80.00;10.00;NAN;0.300;0.000;-0.295;8.447;NAN;mol1,htru_pks,mol2,pks1,pks70,pksmb;
462;J1001-5559;NAN;NAN;NAN;51172.00;280.691;-0.648;150.28583333;-55.98338889;1.661177;8.60e-16;159.30;NAN;NAN;1.40;NAN;0.432;-0.005;-0.424;8.420;NAN;pksmb,htru_pks;
463;J1001-5603;NAN;NAN;NAN;NAN;280.726;-0.708;150.27070833;-56.05277778;0.379533;NAN;235.30;NAN;NAN;NAN;NAN;0.784;-0.010;-0.770;8.354;NAN;mmgps-l;
464;J1001-5939;NAN;NAN;NAN;53069.00;282.945;-3.548;150.38429167;-59.65494444;7.733640;5.99e-14;113.00;NAN;NAN;0.15;NAN;1.240;-0.077;-1.206;8.223;NAN;pksmb,htru_pks;
465;J1002-5559;NAN;NAN;NAN;51035.00;280.901;-0.503;150.74125000;-55.99361111;0.777501;1.57e-15;426.00;NAN;NAN;0.12;NAN;3.270;-0.029;-3.211;7.882;NAN;pksmb;
466;J1002-5919;NAN;NAN;NAN;56677.00;282.829;-3.224;150.58541667;-59.32700000;0.713489;1.04e-16;347.00;NAN;NAN;0.17;NAN;3.171;-0.178;-3.087;7.797;NAN;htru_pks;
467;J1003+41;NAN;NAN;NAN;NAN;179.832;52.973;150.87500000;41.05000000;0.880000;NAN;30.00;NAN;NAN;NAN;NAN;25.000;19.959;0.044;23.555;NAN;pumps;
468;J1003-4747;NAN;NAN;NAN;57600.00;276.037;6.117;150.83970417;-47.78366389;0.307074;2.07e-15;98.49;NAN;6.00;1.43;NAN;0.369;0.039;-0.365;8.461;NAN;mol2,ghrss,htru_pks,pks70,pkssw;
469;J1005+30;NAN;NAN;NAN;NAN;197.937;53.673;151.37500000;30.25000000;NAN;NAN;17.50;NAN;NAN;NAN;NAN;1.990;1.603;-0.363;9.622;NAN;misc;
470;J1006-6311;NAN;NAN;NAN;49178.02;285.550;-6.029;151.65250000;-63.19477778;0.835797;5.73e-16;195.99;NAN;4.00;0.12;NAN;2.382;-0.250;-2.282;7.865;NAN;pks70;
471;J1010+15;NAN;NAN;NAN;NAN;221.258;50.980;152.50000000;15.85000000;NAN;NAN;42.00;NAN;NAN;NAN;NAN;25.000;19.423;-10.380;20.332;NAN;ar327;
472;J1012-2337;NAN;NAN;NAN;49874.00;262.131;26.377;153.14052652;-23.63956138;2.517945;8.81e-16;22.51;NAN;4.10;0.14;NAN;0.983;0.437;-0.872;8.621;NAN;mol2;
473;J1012-5830;NAN;NAN;NAN;51702.00;283.459;-1.762;153.22875000;-58.50711111;2.133591;3.77e-14;294.00;NAN;NAN;0.08;NAN;2.799;-0.086;-2.721;7.849;NAN;pksmb,htru_pks;
474;J1012-5857;NAN;NAN;NAN;57600.00;283.707;-2.146;153.20195833;-58.96347222;0.819926;1.78e-14;383.90;0.00;15.00;1.91;NAN;3.185;-0.119;-3.092;7.746;NAN;pks1,htru_pks,pks70,pksmb;
475;J1013-5934;NAN;NAN;NAN;57600.00;284.130;-2.596;153.38270000;-59.57406389;0.442901;5.56e-16;379.78;NAN;NAN;2.60;NAN;3.145;-0.142;-3.047;7.733;NAN;pksmb,htru_pks;
476;J1014-48;NAN;NAN;NAN;55196.00;278.136;6.330;153.57500000;-48.82833333;1.508800;NAN;87.00;NAN;NAN;NAN;NAN;0.379;0.042;-0.373;8.447;NAN;htru_pks;
477;J1015-5719;NAN;NAN;NAN;51476.00;283.088;-0.578;153.90816667;-57.32022222;0.139882;5.74e-14;278.10;NAN;NAN;3.00;NAN;2.732;-0.028;-2.661;7.881;NAN;pksmb,htru_pks;
478;J1016-5345;NAN;NAN;NAN;57600.00;281.201;2.450;154.12972917;-53.75396111;0.769586;1.93e-15;66.80;NAN;3.50;1.10;NAN;0.116;0.005;-0.114;8.477;NAN;mol2,htru_pks,pks1,pksmb;
479;J1016-5819;NAN;NAN;NAN;55333.00;283.708;-1.363;154.05029583;-58.31696389;0.087834;6.99e-16;252.16;NAN;NAN;0.36;NAN;2.587;-0.062;-2.513;7.887;NAN;pksmb,htru_pks;
480;J1016-5857;NAN;NAN;NAN;52717.00;284.079;-1.880;154.08816667;-58.95336111;0.107386;8.08e-14;394.48;NAN;NAN;0.90;NAN;3.162;-0.104;-3.065;7.731;GRS:4FGL_J1016.3-5857[aab+22],SNR:G284.3;pksmb,FermiBlind,htru_pks;
481;J1017+3011;NAN;NAN;NAN;57986.00;198.432;56.273;154.40120833;30.19613889;0.452785;5.70e-16;27.10;NAN;NAN;NAN;NAN;25.000;20.792;-4.389;21.669;NAN;lotaas,fast_gpps;
482;J1017-5621;NAN;NAN;NAN;57600.00;282.732;0.341;154.30346250;-56.35847778;0.503463;3.14e-15;438.70;0.00;15.00;2.20;NAN;3.513;0.021;-3.427;7.726;NAN;mol2,htru_pks,pks1,pks70,pksmb;
483;J1018-1642;NAN;NAN;NAN;49688.00;258.261;32.610;154.66818997;-16.70281630;1.804695;1.74e-15;48.82;NAN;5.10;0.70;NAN;25.000;13.473;-20.618;12.784;NAN;gb2,pks70;
484;J1019-5749;NAN;NAN;NAN;55434.00;283.837;-0.679;154.96725000;-57.81830556;0.162506;2.01e-14;1040.00;NAN;NAN;3.80;NAN;10.914;-0.129;-10.597;5.890;GRS:4FGL_J1019.8-5749[aab+22];pksmb,FermiAssoc,htru_pks;
485;J1020-5510;NAN;NAN;NAN;NAN;282.468;1.591;155.13304167;-55.16883333;0.003943;NAN;134.80;NAN;NAN;NAN;NAN;1.774;0.049;-1.731;8.117;NAN;mmgps-l;
486;J1020-5921;NAN;NAN;NAN;51397.00;284.719;-1.944;155.05845833;-59.35944444;1.238305;4.05e-14;80.00;NAN;NAN;0.20;NAN;0.938;-0.032;-0.907;8.262;NAN;pksmb,htru_pks;
487;J1020-6026;NAN;NAN;NAN;55494.00;285.302;-2.848;155.04754167;-60.43508333;0.140481;6.74e-15;446.00;NAN;NAN;0.25;NAN;3.277;-0.163;-3.157;7.636;NAN;pksmb,htru_pks;
488;J1020-6158;NAN;NAN;NAN;NAN;286.150;-4.142;155.05104167;-61.98102778;0.282879;NAN;363.00;NAN;NAN;NAN;NAN;3.003;-0.217;-2.877;7.667;NAN;mmgps-l;
489;J1021-5601;NAN;NAN;NAN;51875.00;283.041;0.935;155.35341667;-56.03080556;0.670026;5.34e-17;212.00;NAN;NAN;0.37;NAN;2.429;0.040;-2.366;7.952;NAN;pksmb,htru_pks;
490;J1022-5813;NAN;NAN;NAN;51398.00;284.347;-0.834;155.61708333;-58.22500000;1.643726;1.45e-13;714.00;NAN;NAN;0.20;NAN;4.246;-0.062;-4.113;7.448;NAN;pksmb,htru_pks;
491;J1023-5746;NAN;NAN;NAN;54856.00;284.166;-0.407;155.76208333;-57.76805556;0.111472;3.84e-13;NAN;NAN;NAN;NAN;NAN;2.080;-0.015;-2.017;7.991;GRS:4FGL_J1023.0-5745[aab+22],GRS:HESS_J;FermiBlind;
492;J1024-0719;-35.277;-48.230;1.010;55614.00;251.702;40.515;156.16113071;-7.32208671;0.005162;1.85e-20;6.49;0.00;4.60;1.50;NAN;1.220;0.793;-0.881;8.791;GRS:4FGL_J1024.5-0719[aab+22],OPT:2MASS_;pks70,FermiBlind,pkshl;
493;J1028-5819;NAN;NAN;NAN;54562.00;285.065;-0.496;157.11666667;-58.31811111;0.091403;1.61e-14;96.53;NAN;NAN;0.24;0.52;1.423;-0.012;-1.374;8.130;GRS:4FGL_J1028.5-5819[aab+22];misc,FermiBlind,htru_pks;
494;J1031-6117;NAN;NAN;NAN;51496.00;286.880;-2.881;157.75933333;-61.29738889;0.306411;1.78e-15;506.80;NAN;NAN;0.12;NAN;3.383;-0.170;-3.233;7.519;NAN;pksmb;
495;J1032-5206;NAN;NAN;NAN;52161.00;282.354;5.128;158.11537500;-52.10236111;2.407622;1.79e-14;139.00;NAN;NAN;0.19;NAN;2.096;0.187;-2.039;8.053;NAN;pksmb,htru_pks;
496;J1032-5804;NAN;NAN;NAN;60100.00;285.436;0.008;158.21058333;-58.07636111;0.078741;3.61e-14;819.00;NAN;NAN;NAN;NAN;4.324;0.001;-4.168;7.349;NAN;misc;
497;J1032-5911;NAN;NAN;NAN;57600.00;285.920;-1.010;158.02031667;-59.19855556;0.464213;1.80e-15;418.20;0.00;14.00;1.10;NAN;3.005;-0.053;-2.889;7.676;NAN;mol2,htru_pks,pks70,pksmb;
498;J1034-3224;NAN;NAN;NAN;50705.00;272.050;22.117;158.58129582;-32.40721690;1.150590;2.30e-16;50.75;NAN;41.00;8.00;NAN;1.635;0.616;-1.514;8.446;NAN;pks70,gbncc,pkssw;
499;J1034-5817;NAN;NAN;NAN;NAN;285.734;-0.076;158.61941667;-58.29930556;0.791480;NAN;579.00;NAN;NAN;NAN;NAN;3.523;-0.005;-3.391;7.545;NAN;mmgps-l;
500;J1035-6345;NAN;NAN;NAN;51875.00;288.528;-4.765;158.76283333;-63.75511389;0.579577;3.50e-16;189.70;NAN;NAN;0.24;NAN;2.167;-0.180;-2.048;7.814;NAN;pksmb,htru_pks;
501;J1035-6720;-12.000;1.000;NAN;55716.00;290.371;-7.843;158.86449167;-67.33685889;0.002872;4.65e-20;84.17;NAN;NAN;0.07;NAN;1.461;-0.199;-1.357;7.996;GRS:4FGL_J1035.4-6720[aab+22];FermiBlind;
502;J1036-4926;NAN;NAN;NAN;57600.00;281.519;7.727;159.05467083;-49.43922222;0.510369;1.65e-15;136.52;0.00;9.00;0.80;NAN;2.313;0.311;-2.246;8.042;NAN;pks70,ghrss,htru_pks,pkssw;
503;J1036-6559;NAN;NAN;NAN;55010.00;289.766;-6.630;159.08350000;-65.98590833;0.533502;1.36e-15;158.36;NAN;NAN;0.30;NAN;2.052;-0.237;-1.918;7.811;NAN;htru_pks;
504;J1038+0032;NAN;NAN;NAN;53000.00;247.152;48.471;159.61222083;0.54544444;0.028852;6.70e-20;26.50;NAN;NAN;0.10;NAN;5.558;4.161;-3.396;9.931;NAN;pkshl,gbncc,fast_gpps;
505;J1038-5831;NAN;NAN;NAN;47910.63;286.284;-0.023;159.58208333;-58.52421667;0.661992;1.25e-15;72.74;NAN;NAN;2.30;NAN;0.917;-0.000;-0.880;8.243;NAN;pks1,htru_pks,pksmb;
506;J1039-6108;NAN;NAN;NAN;NAN;287.700;-2.235;159.90300000;-61.14616667;0.271553;NAN;488.20;NAN;NAN;NAN;NAN;3.217;-0.125;-3.062;7.523;NAN;mmgps-l;
507;J1039-6208;NAN;NAN;NAN;NAN;288.134;-3.129;159.78708333;-62.13836111;1.246563;NAN;281.80;NAN;NAN;NAN;NAN;2.499;-0.136;-2.371;7.723;NAN;mmgps-l;
508;J1041-1942;-1.000;14.000;NAN;48738.00;265.591;33.590;160.40081667;-19.70378056;1.386368;9.45e-16;33.78;NAN;28.00;2.30;NAN;2.532;1.401;-2.103;8.662;NAN;mol2,pks70;
509;J1042-5521;NAN;NAN;NAN;57600.00;285.192;2.998;160.50202208;-55.35160917;1.170867;6.72e-15;306.50;0.00;14.00;0.62;NAN;2.789;0.146;-2.688;7.770;NAN;mol2,htru_pks,pks1,pks70,pksmb;
510;J1043-6116;NAN;NAN;NAN;55358.00;288.221;-2.106;160.98025417;-61.28076667;0.288605;1.04e-14;448.91;NAN;NAN;1.39;NAN;3.055;-0.112;-2.900;7.545;NAN;pksmb,htru_pks;
511;J1044-5737;NAN;NAN;NAN;54800.00;286.574;1.163;161.13666667;-57.62202778;0.139029;5.46e-14;NAN;NAN;NAN;NAN;NAN;1.895;0.038;-1.816;7.960;GRS:4FGL_J1044.4-5737[aab+22],GRS:1AGL_J;FermiBlind;
512;J1046+0304;NAN;NAN;NAN;NAN;246.412;51.697;161.68012500;3.06858333;0.326271;1.24e-16;24.98;NAN;NAN;0.30;NAN;4.740;3.720;-2.692;9.676;NAN;pkshl,ar327,gbncc;
513;J1046-5813;NAN;NAN;NAN;57600.00;287.065;0.733;161.57837500;-58.23111111;0.369428;1.15e-15;240.20;0.00;18.00;1.37;NAN;2.340;0.030;-2.237;7.813;NAN;mol2,htru_pks,pks1,pks70,pksmb;
514;J1047-3032;NAN;NAN;NAN;51019.00;273.495;25.127;161.75338998;-30.53833367;0.330328;6.10e-17;52.54;NAN;8.00;1.10;NAN;2.144;0.910;-1.938;8.382;NAN;pks70,gbncc;
515;J1047-6709;NAN;NAN;NAN;49139.00;291.314;-7.132;161.86784167;-67.16418500;0.198451;1.69e-15;116.16;NAN;4.00;3.10;NAN;1.765;-0.219;-1.632;7.863;NAN;pks70,htru_pks,pkssw;
516;J1048+5349;NAN;NAN;NAN;59216.00;154.756;54.996;162.02691667;53.83108333;2.730862;1.22e-15;27.30;NAN;NAN;NAN;NAN;25.000;20.478;6.116;21.471;NAN;chime;
517;J1048-5832;NAN;NAN;NAN;57600.00;287.427;0.577;162.05437500;-58.53505556;0.123725;9.61e-14;128.68;NAN;NAN;9.10;NAN;2.900;0.029;-2.767;7.632;GRS:4FGL_J1048.2-5832[aab+22];pks1,FermiBlind,htru_pks,pksmb;
518;J1048-5838;NAN;NAN;NAN;53510.00;287.473;0.485;162.05233750;-58.63861667;1.231305;1.22e-14;70.70;NAN;NAN;NAN;NAN;1.008;0.009;-0.961;8.197;NAN;pksmb;
519;J1049+5822;NAN;NAN;NAN;59000.00;148.656;52.241;162.40791667;58.37141667;0.727618;3.91e-15;12.36;NAN;NAN;NAN;NAN;1.120;0.885;0.357;9.086;NAN;tulipp;
520;J1049-5833;NAN;NAN;NAN;51031.00;287.628;0.649;162.45975000;-58.56238889;2.202325;4.41e-15;446.80;NAN;NAN;0.70;NAN;3.004;0.034;-2.863;7.590;NAN;pksmb,htru_pks;
521;J1050-5953;NAN;NAN;NAN;51650.00;288.256;-0.520;162.52966667;-59.88927778;6.452077;3.81e-11;NAN;NAN;NAN;NAN;NAN;9.000;-0.082;-8.547;5.681;XRS:1E_1048.1-5937;misc;
522;J1051-6214;NAN;NAN;NAN;NAN;289.473;-2.550;162.90233333;-62.24902778;1.146050;NAN;246.00;NAN;NAN;NAN;NAN;2.310;-0.103;-2.176;7.731;NAN;mmgps-l;
523;J1052-5954;NAN;NAN;NAN;51683.00;288.549;-0.400;163.15879167;-59.91225000;0.180592;2.00e-14;491.90;NAN;NAN;0.15;NAN;3.143;-0.022;-2.980;7.500;NAN;pksmb;
524;J1052-6348;NAN;NAN;NAN;52477.00;290.294;-3.881;163.22245833;-63.80461111;0.383830;3.87e-16;167.50;NAN;NAN;0.11;NAN;1.994;-0.135;-1.866;7.810;NAN;pksmb;
525;J1054-5943;NAN;NAN;NAN;51395.00;288.729;-0.100;163.74062500;-59.72058333;0.346909;4.07e-15;330.70;NAN;NAN;0.31;NAN;2.585;-0.005;-2.448;7.670;NAN;pksmb,htru_pks;
526;J1054-5946;NAN;NAN;NAN;55337.00;288.701;-0.174;163.62691667;-59.77527778;0.228324;2.09e-16;253.90;NAN;NAN;0.20;NAN;2.327;-0.007;-2.204;7.754;NAN;htru_pks;
527;J1054-6452;NAN;NAN;NAN;51875.00;290.889;-4.784;163.53683333;-64.87708333;1.840004;3.14e-15;234.00;NAN;NAN;0.25;NAN;2.342;-0.195;-2.180;7.668;NAN;pksmb,htru_pks;
528;J1055-6022;NAN;NAN;NAN;52746.00;289.109;-0.650;163.95208333;-60.38111111;0.947558;9.24e-14;590.00;NAN;NAN;0.20;NAN;3.597;-0.041;-3.399;7.323;NAN;pksmb,htru_pks;
529;J1055-6028;NAN;NAN;NAN;54362.20;289.133;-0.745;163.91329167;-60.47708333;0.099661;2.95e-14;636.50;0.00;NAN;0.95;NAN;3.830;-0.050;-3.618;7.245;GRS:4FGL_J1055.7-6028[aab+22];pksmb,FermiBlind,htru_pks;
530;J1055-6236;NAN;NAN;NAN;51703.00;290.081;-2.660;163.97754167;-62.61341667;0.448635;7.08e-16;149.70;NAN;NAN;0.12;NAN;1.883;-0.087;-1.767;7.854;NAN;pksmb,htru_pks;
531;J1055-6905;NAN;NAN;NAN;51500.00;292.879;-8.504;163.93629167;-69.08650000;2.919397;2.03e-14;142.80;NAN;NAN;0.30;NAN;2.035;-0.301;-1.854;7.718;NAN;pkssw,htru_pks;
532;J1056-5709;NAN;NAN;NAN;51216.00;287.835;2.311;164.18245833;-57.15958333;0.676082;5.76e-16;436.50;NAN;NAN;0.11;NAN;3.062;0.123;-2.912;7.563;NAN;pksmb,htru_pks;
533;J1056-6258;NAN;NAN;NAN;57600.00;290.292;-2.966;164.10660000;-62.97991389;0.422451;3.58e-15;320.62;0.00;45.00;34.00;NAN;2.400;-0.124;-2.248;7.669;NAN;mol2,htru_pks,pks1,pks70,pksmb;
534;J1057-4754;NAN;NAN;NAN;53000.00;284.007;10.739;164.47140833;-47.91600000;0.628306;2.25e-16;60.00;NAN;NAN;0.53;NAN;0.639;0.119;-0.609;8.348;NAN;pkssw,htru_pks;
535;J1057-5226;47.500;-8.700;NAN;57600.00;285.984;6.649;164.49602083;-52.44898056;0.197115;5.84e-15;29.69;NAN;80.00;4.40;NAN;0.093;0.011;-0.089;8.475;GRS:4FGL_J1057.9-5227[aab+22],XRS:[of93];mol1,FermiBlind,htru_pks,mol2,pks70;
536;J1057-5851;NAN;NAN;NAN;55716.00;288.609;0.805;164.28958333;-58.85194444;0.620365;1.01e-13;NAN;NAN;NAN;NAN;NAN;NAN;0.000;-0.000;8.500;GRS:4FGL_J1056.9-5852[aab+22];FermiBlind;
537;J1057-7914;NAN;NAN;NAN;57600.00;297.571;-17.574;164.36541667;-79.23988889;1.347404;1.33e-15;51.00;NAN;6.50;0.60;NAN;1.438;-0.434;-1.215;7.865;NAN;mol2,pks70;
538;J1058-5957;NAN;NAN;NAN;51446.00;289.241;-0.123;164.64270833;-59.96011111;0.616270;6.57e-16;334.00;NAN;NAN;0.60;NAN;2.588;-0.006;-2.443;7.647;NAN;pksmb,htru_pks;
539;J1059+6459;NAN;NAN;NAN;56500.00;140.251;48.198;164.86459671;64.99219973;3.631170;5.74e-15;19.30;NAN;NAN;NAN;NAN;1.944;1.449;0.829;9.496;NAN;gbncc,lotaas;
540;J1059-5742;NAN;NAN;NAN;57600.00;288.345;1.948;164.75370250;-57.70404167;1.185003;4.31e-15;108.70;0.00;19.00;2.00;NAN;1.644;0.056;-1.560;7.983;NAN;mol2,htru_pks,pks1,pks70,pksmb;
541;J1101-6101;NAN;NAN;NAN;56494.00;290.040;-0.932;165.43733333;-61.02766667;0.062800;8.56e-15;NAN;NAN;NAN;NAN;NAN;7.000;-0.114;-6.575;6.102;SNR:G290.1-0.8(MSH_11-61A)[htg+14];misc;
542;J1102+02;NAN;NAN;NAN;NAN;252.063;53.694;165.50000000;2.00000000;0.004050;NAN;27.30;NAN;NAN;NAN;NAN;25.000;20.147;-14.083;13.059;GRS:4FGL_J1102.4+0246[aab+22];FermiAssoc;
543;J1103-5403;NAN;NAN;NAN;55300.00;287.421;5.529;165.88872500;-54.06201250;0.003393;3.68e-21;103.91;NAN;NAN;0.40;NAN;1.683;0.162;-1.598;7.998;NAN;FermiAssoc;
544;J1103-6025;NAN;NAN;NAN;51489.00;289.994;-0.294;165.88116667;-60.42677500;0.396587;9.90e-16;275.90;NAN;NAN;0.17;NAN;2.379;-0.012;-2.236;7.687;NAN;pksmb,htru_pks;
545;J1104-6103;NAN;NAN;NAN;49177.00;290.331;-0.828;166.07192500;-61.05107778;0.280905;1.97e-15;78.51;NAN;5.00;0.24;NAN;1.327;-0.019;-1.244;8.039;NAN;misc,htru_pks,pksmb;
546;J1105+02;NAN;NAN;NAN;59216.00;252.592;54.650;166.38333333;2.48055556;6.403055;1.43e-15;16.50;NAN;NAN;NAN;NAN;1.580;1.289;-0.872;8.773;NAN;chime;
547;J1105+37;NAN;NAN;NAN;NAN;180.943;65.296;166.25000000;37.68333333;0.875000;NAN;36.00;NAN;NAN;NAN;NAN;25.000;22.712;-0.172;18.947;NAN;pumps;
548;J1105-4353;NAN;NAN;NAN;55976.00;283.486;14.947;166.35350000;-43.88472222;0.351112;2.50e-15;45.00;NAN;NAN;0.19;NAN;0.127;0.033;-0.119;8.471;NAN;htru_pks;
549;J1105-6037;NAN;NAN;NAN;55716.00;290.239;-0.399;166.25200000;-60.62119444;0.194938;2.18e-14;NAN;NAN;NAN;NAN;NAN;NAN;-0.000;-0.000;8.500;GRS:4FGL_J1104.9-6037[aab+22],XRS:1XSPS_;FermiBlind;
550;J1105-6107;NAN;NAN;NAN;57600.00;290.489;-0.846;166.35891667;-61.13026111;0.063202;1.58e-14;271.24;NAN;NAN;1.20;NAN;2.360;-0.035;-2.210;7.674;GRS:4FGL_J1105.4-6108[aab+22],XRS:PWN[gk;misc,FermiBlind,htru_pks,pksmb;
551;J1106-6438;NAN;NAN;NAN;51875.00;291.992;-4.031;166.61850000;-64.65000000;2.717934;2.33e-15;203.00;NAN;NAN;0.19;NAN;2.153;-0.151;-1.991;7.696;NAN;pksmb,htru_pks;
552;J1107-5907;NAN;NAN;NAN;53089.00;289.944;1.106;166.89358333;-59.12186111;0.252773;9.01e-18;40.75;NAN;NAN;0.18;NAN;0.115;0.002;-0.108;8.461;NAN;pksmb,htru_pks;
553;J1107-5947;NAN;NAN;NAN;43558.51;290.249;0.515;166.99458333;-59.78444444;1.516531;3.40e-16;158.40;NAN;7.00;0.30;NAN;1.915;0.017;-1.797;7.837;NAN;mol2,htru_pks,pks70,pksmb;
554;J1107-6143;NAN;NAN;NAN;51397.00;290.921;-1.316;166.80125000;-61.73305556;1.799396;1.56e-13;406.00;NAN;NAN;0.38;NAN;2.937;-0.067;-2.743;7.452;NAN;pksmb,htru_pks;
555;J1110+58;NAN;NAN;NAN;56292.00;144.740;53.801;167.75000000;58.86666667;0.793350;NAN;26.20;NAN;1.60;NAN;NAN;25.000;20.174;8.523;20.556;NAN;gbncc,lotaas;
556;J1110-5637;NAN;NAN;NAN;57600.00;289.279;3.533;167.50154667;-56.62571389;0.558254;2.06e-15;262.56;NAN;NAN;3.29;NAN;2.447;0.151;-2.305;7.694;NAN;pks1,htru_pks,pks70,pksmb;
557;J1111-6039;NAN;NAN;NAN;56500.00;291.022;-0.109;167.95291667;-60.65638889;0.106689;1.96e-13;NAN;NAN;NAN;NAN;NAN;NAN;-0.000;-0.000;8.500;GRS:4FGL_J1111.8-6039[aab+22];FermiAssoc;
558;J1112-6103;NAN;NAN;NAN;51055.00;291.221;-0.462;168.06170833;-61.05863889;0.064962;3.15e-14;595.69;0.03;NAN;2.30;NAN;4.464;-0.036;-4.161;6.884;GRS:4FGL_J1112.1-6108[aab+22],XRS:[pb15];pksmb,FermiBlind,htru_pks;
559;J1112-6613;NAN;NAN;NAN;57600.00;293.190;-5.233;168.16005833;-66.21796194;0.334214;8.25e-16;249.30;NAN;19.00;1.70;NAN;2.533;-0.231;-2.319;7.507;NAN;mol2,htru_pks,pks70,pksmb,pkssw;
560;J1112-6926;NAN;NAN;NAN;57600.00;294.423;-8.216;168.21158333;-69.44231389;0.820488;2.82e-15;148.40;NAN;13.00;0.60;NAN;2.076;-0.297;-1.871;7.650;NAN;mol2,htru_pks,pks70,pkssw;
561;J1114-6100;NAN;NAN;NAN;57600.00;291.443;-0.321;168.59454167;-61.00891667;0.880858;4.60e-14;676.70;0.03;NAN;5.36;NAN;5.476;-0.031;-5.097;6.498;NAN;pks1,htru_pks,pksmb;
562;J1115+5030;22.000;-51.000;NAN;49334.00;154.408;60.365;168.91000000;50.50341389;1.656440;2.49e-15;9.19;0.00;12.00;3.00;NAN;0.923;0.802;0.197;8.912;NAN;gb1,gb2,gb4,gbncc,lotaas;
563;J1115-0956;NAN;NAN;NAN;57317.00;267.553;46.226;168.86400417;-9.94808333;1.310894;3.47e-17;16.10;NAN;NAN;0.22;NAN;1.061;0.766;-0.733;8.531;NAN;pks_superb;
564;J1115-6052;NAN;NAN;NAN;55366.00;291.565;-0.126;168.97384167;-60.87183611;0.259779;7.23e-15;226.92;NAN;NAN;0.48;NAN;2.185;-0.005;-2.032;7.697;NAN;pksmb,htru_pks;
565;J1116-2444;NAN;NAN;NAN;57513.00;276.971;33.287;169.09691667;-24.74891667;0.867949;9.85e-16;29.60;NAN;NAN;NAN;NAN;0.839;0.460;-0.696;8.415;NAN;gbncc;
566;J1116-4122;-1.000;7.000;NAN;51360.00;284.451;18.069;169.17952500;-41.37887778;0.943158;7.95e-15;40.53;0.00;26.00;6.00;NAN;0.280;0.087;-0.258;8.434;NAN;mol2,pks70,pkssw;
567;J1117-6154;NAN;NAN;NAN;51397.00;292.102;-1.028;169.34920833;-61.90611111;0.505097;1.25e-14;493.60;NAN;NAN;1.60;NAN;3.976;-0.071;-3.683;7.004;NAN;pksmb,htru_pks;
568;J1117-6447;NAN;NAN;NAN;51703.00;293.167;-3.719;169.43750000;-64.79944444;1.155272;2.40e-16;303.00;NAN;NAN;0.14;NAN;2.752;-0.179;-2.525;7.420;NAN;pksmb;
569;J1119-6127;NAN;NAN;NAN;52109.85;292.151;-0.537;169.80958333;-61.46375000;0.407963;4.02e-12;704.80;NAN;NAN;1.09;NAN;8.400;-0.079;-7.780;5.333;GRS:4FGL_J1119.1-6127[aab+22],SNR:G292.2;pksmb,FermiBlind,htru_pks;
570;J1119-7936;NAN;NAN;NAN;43557.71;298.705;-17.498;169.92000000;-79.60841667;2.280597;3.67e-15;27.40;NAN;7.00;0.70;NAN;0.814;-0.245;-0.681;8.127;NAN;mol2;
571;J1120-24;NAN;NAN;NAN;NAN;277.486;34.314;170.00000000;-24.00000000;0.497000;NAN;9.81;NAN;NAN;NAN;NAN;0.098;0.055;-0.080;8.489;NAN;gbncc;
572;J1121-5444;-17.000;18.000;NAN;57600.00;290.082;5.873;170.32954167;-54.73475000;0.535787;2.78e-15;204.70;0.00;24.00;1.50;NAN;2.324;0.238;-2.171;7.706;NAN;mol2,htru_pks,pks70,pksmb,pkssw;
573;J1122-3546;NAN;NAN;NAN;57858.00;283.300;23.675;170.57184943;-35.77533110;0.007838;1.52e-20;39.59;NAN;NAN;NAN;NAN;0.668;0.268;-0.595;8.359;NAN;gbncc;
574;J1123-4844;NAN;NAN;NAN;49542.28;288.295;11.610;170.81521250;-48.73965278;0.244838;6.54e-17;92.92;0.00;8.00;1.00;NAN;1.858;0.374;-1.728;7.929;NAN;pks70,htru_pks,pkssw;
575;J1123-6102;NAN;NAN;NAN;51155.00;292.509;0.049;170.92375000;-61.03505556;0.640234;6.46e-15;439.40;NAN;NAN;1.10;NAN;3.487;0.003;-3.221;7.165;NAN;pksmb,htru_pks;
576;J1123-6259;NAN;NAN;NAN;57600.00;293.183;-1.783;170.98137500;-62.98636667;0.271437;5.25e-15;223.26;NAN;11.00;0.51;NAN;2.187;-0.068;-2.009;7.639;NAN;pks70,htru_pks,pksmb;
577;J1123-6651;NAN;NAN;NAN;49139.00;294.469;-5.442;170.96754167;-66.86363056;0.232976;2.75e-15;111.20;NAN;8.00;0.60;NAN;1.675;-0.159;-1.518;7.809;NAN;pks70,htru_pks,pksmb;
578;J1124-5638;NAN;NAN;NAN;51752.00;291.209;4.246;171.23529167;-56.64436111;0.185560;9.00e-18;289.50;NAN;NAN;0.31;NAN;2.639;0.195;-2.454;7.548;NAN;pksmb,htru_pks;
579;J1124-5916;-17.000;-12.000;NAN;54683.28;292.038;1.752;171.16250000;-59.27194444;0.135477;7.53e-13;329.20;NAN;NAN;0.08;NAN;5.000;0.153;-4.633;6.625;GRS:4FGL_J1124.7-5915[aab+22],SNR:G292.0;misc,FermiBlind;
580;J1124-6421;NAN;NAN;NAN;51400.00;293.747;-3.036;171.24791667;-64.35472222;0.479099;6.20e-16;298.00;NAN;NAN;0.19;NAN;2.702;-0.143;-2.470;7.413;NAN;pksmb,htru_pks;
581;J1126-2737;NAN;NAN;NAN;56657.00;280.691;31.537;171.50833333;-27.61972222;0.358161;NAN;26.86;NAN;NAN;NAN;NAN;0.436;0.228;-0.365;8.431;NAN;gbncc;
582;J1126-38;NAN;NAN;NAN;57388.00;285.214;21.292;171.57500000;-38.63333333;0.887550;NAN;46.00;NAN;NAN;NAN;NAN;1.013;0.368;-0.911;8.252;NAN;pks_superb,gbncc;
583;J1126-6054;NAN;NAN;NAN;47909.90;292.834;0.292;171.71920000;-60.91110000;0.202737;2.81e-16;280.27;NAN;NAN;1.40;NAN;2.426;0.012;-2.236;7.559;NAN;pks1,htru_pks,pksmb;
584;J1126-6942;NAN;NAN;NAN;57600.00;295.631;-8.048;171.59025000;-69.70438889;0.579419;3.29e-15;55.33;NAN;9.00;0.30;NAN;1.185;-0.166;-1.058;7.992;NAN;pks70,htru_pks,pkssw;
585;J1128-6219;NAN;NAN;NAN;51660.00;293.495;-0.972;172.19458333;-62.31916667;0.515984;1.10e-17;675.00;NAN;NAN;0.27;NAN;7.400;-0.125;-6.786;5.550;NAN;pksmb,htru_pks;
586;J1129-53;NAN;NAN;NAN;54831.00;290.798;7.410;172.33750000;-53.51666667;1.062880;NAN;77.00;NAN;NAN;NAN;NAN;1.457;0.188;-1.351;7.987;NAN;pkssw;
587;J1130+0921;NAN;NAN;NAN;59180.00;252.218;63.976;172.72916667;9.35250000;4.796637;-2.76e-15;21.00;NAN;NAN;NAN;NAN;3.386;3.043;-1.415;8.954;NAN;chime;
588;J1130-5826;NAN;NAN;NAN;51696.00;292.460;2.778;172.56804167;-58.43397222;0.162323;1.59e-17;261.10;NAN;NAN;0.18;NAN;2.408;0.117;-2.223;7.581;NAN;pksmb,htru_pks;
589;J1130-5925;NAN;NAN;NAN;51172.00;292.755;1.830;172.54350000;-59.42613889;0.680984;9.52e-16;264.40;NAN;NAN;0.12;NAN;2.387;0.076;-2.200;7.577;NAN;pksmb,htru_pks;
590;J1130-6807;NAN;NAN;NAN;50145.25;295.484;-6.431;172.63297083;-68.12458889;0.256353;4.60e-16;148.73;NAN;8.00;0.55;NAN;1.972;-0.221;-1.769;7.657;NAN;pks70,htru_pks;
591;J1132+25;NAN;NAN;NAN;NAN;214.581;72.285;173.20833333;25.25000000;1.002000;NAN;24.19;NAN;NAN;NAN;NAN;25.000;23.815;-4.318;14.763;NAN;misc,ar327,gbncc,fast_gpps;
592;J1132-4700;NAN;NAN;NAN;56122.00;289.177;13.736;173.06050000;-47.01013889;0.325633;7.77e-16;123.00;NAN;NAN;0.49;NAN;2.688;0.638;-2.466;7.642;NAN;htru_pks;
593;J1132-5627;NAN;NAN;NAN;52165.00;292.110;4.741;173.06558333;-56.45802778;0.175166;6.80e-17;305.70;NAN;NAN;0.09;NAN;2.911;0.241;-2.688;7.408;NAN;pksmb,htru_pks;
594;J1133-6250;NAN;NAN;NAN;50013.17;294.213;-1.296;173.46437500;-62.84738889;1.022875;4.52e-16;567.80;0.02;NAN;7.00;NAN;7.448;-0.169;-6.791;5.446;NAN;pks1,htru_pks,pksmb;
595;J1134-6207;NAN;NAN;NAN;NAN;294.020;-0.593;173.51529167;-62.11894444;0.688961;NAN;662.00;NAN;NAN;NAN;NAN;7.653;-0.079;-6.990;5.385;NAN;mmgps-l;
596;J1135-49;NAN;NAN;NAN;NAN;290.526;11.619;173.98333333;-49.42527778;NAN;NAN;114.00;NAN;NAN;NAN;NAN;2.129;0.429;-1.953;7.769;NAN;htru_pks;
597;J1135-6055;NAN;NAN;NAN;55000.00;293.794;0.584;173.78489583;-60.92680000;0.114943;7.93e-14;NAN;NAN;NAN;NAN;NAN;NAN;0.000;-0.000;8.500;GRS:4FGL_J1135.2-6055[aab+22];FermiBlind;
598;J1136+1551;-73.770;366.580;2.690;56000.00;241.895;69.196;174.01299917;15.85393972;1.187913;3.73e-15;4.84;0.00;257.00;20.00;NAN;0.370;0.346;-0.116;8.562;XRS:[kpg06a];misc,ar4,gb4,lotaas,mol2;
599;J1136-5525;10.000;43.000;NAN;57600.00;292.308;5.890;174.00900000;-55.41858333;0.364713;8.23e-15;85.11;NAN;23.00;6.00;NAN;1.518;0.156;-1.397;7.927;NAN;mol2,htru_pks,pks70,pkssw;
600;J1136-6527;NAN;NAN;NAN;57895.00;295.241;-3.710;174.10508333;-65.45541667;1.189309;1.75e-15;164.10;NAN;NAN;0.14;NAN;1.955;-0.127;-1.765;7.668;NAN;htru_pks;
601;J1137-6700;NAN;NAN;NAN;49139.00;295.793;-5.167;174.38370417;-67.00916944;0.556216;7.17e-17;228.04;NAN;14.00;1.50;NAN;2.603;-0.234;-2.334;7.372;NAN;pks70,htru_pks,pksmb;
602;J1138-6154;NAN;NAN;NAN;NAN;294.442;-0.252;174.58570833;-61.91311111;0.624372;NAN;456.00;NAN;NAN;NAN;NAN;6.147;-0.027;-5.596;5.957;NAN;mmgps-l;
603;J1138-6207;NAN;NAN;NAN;51171.00;294.506;-0.463;174.59008333;-62.13313889;0.117564;1.25e-14;518.86;0.03;NAN;0.57;NAN;7.183;-0.058;-6.536;5.521;NAN;pksmb,htru_pks;
604;J1139-6247;NAN;NAN;NAN;59049.00;294.758;-1.067;174.75000000;-62.78333333;0.120482;4.05e-15;NAN;NAN;NAN;NAN;NAN;NAN;-0.000;-0.000;8.500;GRS:4FGL_J1139.2-6247[aab+22];FermiAssoc;
605;J1141-3107;NAN;NAN;NAN;49765.90;285.746;29.393;175.35678750;-31.13127778;0.538432;1.96e-15;30.77;NAN;10.00;0.80;NAN;0.783;0.384;-0.657;8.315;NAN;pks70,gbncc,pkssw;
606;J1141-3322;NAN;NAN;NAN;57600.00;286.586;27.272;175.42815000;-33.37703056;0.291468;4.65e-16;46.45;NAN;8.00;1.60;NAN;1.853;0.849;-1.578;8.030;NAN;pks70,gbncc,pkssw;
607;J1142-6230;NAN;NAN;NAN;51137.00;295.110;-0.675;175.71875000;-62.50108333;0.558383;7.79e-17;343.80;NAN;NAN;0.26;NAN;3.483;-0.041;-3.154;7.022;NAN;pksmb,htru_pks;
608;J1143-5158;NAN;NAN;NAN;48917.00;292.383;9.492;175.81277083;-51.97774722;0.675646;6.95e-16;159.03;NAN;7.00;0.30;NAN;2.397;0.395;-2.186;7.600;NAN;pks70,ghrss,htru_pks;
609;J1143-5536;NAN;NAN;NAN;55213.00;293.334;5.993;175.79079167;-55.60125000;0.685358;4.85e-16;185.00;NAN;NAN;0.20;NAN;2.220;0.232;-2.027;7.625;NAN;htru_pks;
610;J1144-6146;NAN;NAN;NAN;51032.00;295.116;0.073;176.14500000;-61.78027778;0.987783;-3.81e-17;78.70;NAN;NAN;0.45;NAN;1.395;0.002;-1.263;7.908;NAN;pksmb,htru_pks;
611;J1144-6217;NAN;NAN;NAN;51110.00;295.186;-0.438;176.00879167;-62.29175000;0.850665;3.08e-14;284.70;NAN;NAN;0.20;NAN;2.644;-0.020;-2.393;7.375;NAN;pksmb,htru_pks;
612;J1146-6030;NAN;NAN;NAN;57600.00;294.977;1.343;176.53214667;-60.51656167;0.273375;1.79e-15;111.68;NAN;17.00;3.20;NAN;1.634;0.038;-1.481;7.810;NAN;mol2,htru_pks,pks1,pks70,pksmb;
613;J1148-5725;NAN;NAN;NAN;52837.00;294.507;4.418;177.11887500;-57.42016667;3.559937;1.11e-14;174.00;NAN;NAN;0.12;NAN;2.063;0.159;-1.872;7.647;NAN;pksmb;
614;J1148-6415;NAN;NAN;NAN;51474.00;296.177;-2.214;177.15750000;-64.25916667;3.241029;2.70e-15;241.00;NAN;NAN;0.06;NAN;2.454;-0.095;-2.201;7.418;NAN;pksmb,htru_pks;
615;J1148-6546;NAN;NAN;NAN;NAN;296.521;-3.690;177.10241667;-65.77386111;1.496743;NAN;121.50;NAN;NAN;NAN;NAN;1.707;-0.110;-1.524;7.739;NAN;mmgps-l;
616;J1151-6108;NAN;NAN;NAN;56692.00;295.814;0.909;177.98691667;-61.13822222;0.101633;1.03e-14;217.80;NAN;NAN;0.06;NAN;2.227;0.035;-2.005;7.530;GRS:4FGL_J1152.0-6107[aab+22];htru_pks,FermiAssoc;
617;J1152-5800;NAN;NAN;NAN;52746.00;295.126;3.961;178.04166667;-58.00944444;1.789829;1.28e-15;191.00;NAN;NAN;0.12;NAN;2.156;0.149;-1.947;7.587;NAN;pksmb;
618;J1152-6012;NAN;NAN;NAN;51397.00;295.716;1.843;178.22416667;-60.20583333;0.376570;6.69e-15;74.00;NAN;NAN;0.17;NAN;1.367;0.044;-1.231;7.907;NAN;pksmb,htru_pks;
619;J1152-6056;NAN;NAN;NAN;58925.00;295.849;1.121;178.15600000;-60.93944444;2.449000;NAN;381.00;NAN;NAN;NAN;NAN;6.429;0.126;-5.785;5.698;NAN;meerkat_trapum;
620;J1153-2117;NAN;NAN;NAN;56657.00;285.177;39.549;178.24166667;-21.29805556;2.343480;NAN;34.80;NAN;NAN;NAN;NAN;2.331;1.484;-1.735;8.029;NAN;gbncc;
621;J1154-19;NAN;NAN;NAN;NAN;284.593;41.817;178.50000000;-19.00000000;0.011100;NAN;10.69;NAN;NAN;NAN;NAN;0.121;0.081;-0.087;8.477;NAN;gbncc;
622;J1154-6250;NAN;NAN;NAN;51464.00;296.467;-0.681;178.58375000;-62.83408333;0.282012;5.59e-16;74.00;NAN;NAN;0.07;NAN;1.358;-0.016;-1.216;7.895;NAN;pksmb;
623;J1156-1318;NAN;NAN;NAN;NAN;283.032;47.440;179.17500000;-13.30611111;NAN;NAN;28.00;NAN;NAN;NAN;NAN;2.228;1.641;-1.468;8.160;NAN;gbncc;
624;J1156-5707;NAN;NAN;NAN;55354.00;295.448;4.949;179.03104167;-57.11725000;0.288417;2.65e-14;243.20;NAN;NAN;0.27;NAN;2.848;0.246;-2.562;7.281;NAN;pksmb;
625;J1156-5909;NAN;NAN;NAN;49314.78;295.912;2.966;179.08958333;-59.15341667;1.037931;1.02e-15;219.20;NAN;7.00;NAN;NAN;2.330;0.121;-2.093;7.483;NAN;pks70;
626;J1157-6224;NAN;NAN;NAN;57600.00;296.705;-0.199;179.31336250;-62.41414722;0.400526;3.93e-15;325.20;0.00;145.00;14.00;NAN;4.000;-0.014;-3.573;6.702;NAN;mol1,htru_pks,mol2,pks1,pks70,pksmb;
627;J1159-6409;NAN;NAN;NAN;51767.00;297.295;-1.865;179.84041667;-64.16583333;0.667486;2.40e-17;178.00;NAN;NAN;0.47;NAN;2.035;-0.066;-1.807;7.567;NAN;pksmb,htru_pks;
628;J1159-7910;NAN;NAN;NAN;49524.41;300.412;-16.551;179.89879167;-79.16822222;0.525074;2.82e-15;59.24;NAN;6.00;0.70;NAN;1.608;-0.458;-1.329;7.720;NAN;pks70,pkssw;
629;J1201-6306;NAN;NAN;NAN;51676.00;297.309;-0.793;180.34587500;-63.11652778;0.592136;3.56e-15;683.00;NAN;NAN;0.13;NAN;9.538;-0.132;-8.474;4.125;NAN;pksmb,htru_pks;
630;J1202-5820;-14.000;1.000;NAN;57600.00;296.528;3.919;180.61802083;-58.34267778;0.452803;2.13e-15;145.41;NAN;23.00;3.00;NAN;1.887;0.129;-1.684;7.659;NAN;mol2,htru_pks,pks1,pks70,pksmb;
631;J1203-6242;NAN;NAN;NAN;58995.00;297.411;-0.349;180.75000000;-62.70000000;0.100604;4.41e-14;NAN;NAN;NAN;NAN;NAN;NAN;-0.000;-0.000;8.500;GRS:4FGL_J1203.9-6242[aab+22];FermiAssoc;
632;J1204-6843;NAN;NAN;NAN;51500.00;298.684;-6.237;181.15300000;-68.72144167;0.308861;2.17e-16;133.93;NAN;NAN;0.50;NAN;1.906;-0.207;-1.662;7.591;NAN;pkssw,htru_pks;
633;J1207-4508;NAN;NAN;NAN;56936.00;294.817;17.040;181.83025000;-45.13586111;1.769828;1.56e-15;84.50;NAN;NAN;0.31;NAN;2.634;0.772;-2.286;7.443;NAN;pks_superb;
634;J1207-5050;6.900;1.400;NAN;56478.00;295.861;11.422;181.84334967;-50.84407778;0.004843;6.06e-21;50.64;NAN;NAN;0.39;NAN;1.267;0.251;-1.118;7.958;GRS:4FGL_J1207.4-5050[brj+21];FermiAssoc;
635;J1208-6238;NAN;NAN;NAN;56040.00;297.990;-0.178;182.05816667;-62.63425000;0.440591;3.27e-12;NAN;NAN;NAN;NAN;NAN;NAN;-0.000;-0.000;8.500;GRS:4FGL_J1208.2-6237[aab+22];FermiBlind;
636;J1210-5226;NAN;NAN;NAN;53562.00;296.545;9.916;182.50379167;-52.44122222;0.424131;2.22e-17;NAN;NAN;NAN;NAN;NAN;2.600;0.448;-2.291;7.355;SNR:G296.5+10.0[aaa+16d],XRS:1E_1207.4-5;misc;
637;J1210-5559;NAN;NAN;NAN;57600.00;297.136;6.421;182.52494608;-55.98440281;0.279768;7.25e-16;174.35;0.00;23.00;1.27;NAN;2.372;0.265;-2.098;7.425;NAN;pks70,htru_pks,pkssw;
638;J1210-6322;NAN;NAN;NAN;57648.00;298.395;-0.859;182.69491667;-63.37247222;1.163186;9.25e-15;547.00;NAN;NAN;0.15;NAN;9.548;-0.143;-8.398;3.960;NAN;htru_pks;
639;J1210-6550;NAN;NAN;NAN;52499.00;298.774;-3.292;182.67500000;-65.83461111;4.237010;4.31e-16;37.00;NAN;NAN;0.17;NAN;0.923;-0.053;-0.808;8.056;NAN;pksmb;
640;J1211-6324;NAN;NAN;NAN;51489.00;298.470;-0.888;182.85075000;-63.41255556;0.433084;2.57e-16;333.80;NAN;NAN;0.45;NAN;8.049;-0.125;-7.075;4.664;NAN;pksmb,htru_pks;
641;J1212-5838;NAN;NAN;NAN;NAN;297.910;3.851;183.19663042;-58.64302775;0.073802;NAN;145.90;NAN;NAN;NAN;NAN;1.909;0.128;-1.683;7.608;NAN;mmgps-l;
642;J1214-5830;NAN;NAN;NAN;51546.00;298.065;4.012;183.53508333;-58.50719444;0.909823;5.34e-17;141.10;NAN;NAN;0.14;NAN;1.883;0.132;-1.658;7.616;NAN;pksmb,htru_pks;
643;J1215-5328;NAN;NAN;NAN;51500.00;297.459;9.009;183.75258333;-53.47544444;0.636414;1.15e-16;163.00;NAN;NAN;0.50;NAN;3.274;0.513;-2.869;7.009;NAN;pkssw,htru_pks;
644;J1216-50;NAN;NAN;NAN;55196.00;297.231;12.032;184.08333333;-50.45027778;6.355000;NAN;110.00;NAN;NAN;NAN;NAN;2.302;0.480;-2.002;7.470;NAN;htru_pks;
645;J1216-6223;NAN;NAN;NAN;55391.00;298.920;0.202;184.17483333;-62.39916667;0.374053;1.68e-14;790.00;NAN;NAN;0.23;NAN;18.311;0.064;-16.027;-0.355;NAN;pksmb;
646;J1220-6318;NAN;NAN;NAN;51216.00;299.444;-0.652;185.07441667;-63.31291667;0.789212;8.03e-17;347.00;NAN;NAN;0.68;NAN;8.948;-0.102;-7.792;4.102;NAN;pksmb,htru_pks;
647;J1222-5738;NAN;NAN;NAN;51587.00;299.102;5.020;185.71791667;-57.63888889;1.081164;1.50e-16;74.00;NAN;NAN;0.11;NAN;1.408;0.123;-1.226;7.818;NAN;pksmb;
648;J1223-5856;NAN;NAN;NAN;57405.00;299.350;3.732;185.91725000;-58.94691667;0.288541;5.70e-18;233.00;NAN;NAN;0.38;NAN;4.770;0.310;-4.149;6.167;NAN;htru_pks;
649;J1224-6208;NAN;NAN;NAN;51111.00;299.818;0.565;186.18437500;-62.14475000;0.585761;2.02e-14;454.20;NAN;NAN;0.23;NAN;9.876;0.097;-8.568;3.589;NAN;pksmb,htru_pks;
650;J1224-6407;20.000;2.000;NAN;55191.00;299.984;-1.415;186.09272500;-64.13163056;0.216480;4.95e-15;97.69;NAN;48.00;8.90;NAN;4.000;-0.099;-3.464;6.502;XRS:[pb15];misc,htru_pks,mol2,pks1,pks70,pksmb;
651;J1225-5556;NAN;NAN;NAN;48660.00;299.313;6.746;186.43261250;-55.94531667;1.018453;2.06e-15;125.83;NAN;5.00;0.30;NAN;1.929;0.227;-1.670;7.562;NAN;pks70,htru_pks;
652;J1225-6035;NAN;NAN;NAN;51752.00;299.748;2.117;186.36929167;-60.59377778;0.626324;2.88e-16;176.10;NAN;NAN;0.26;NAN;2.194;0.081;-1.904;7.412;NAN;pksmb,htru_pks;
653;J1225-6408;NAN;NAN;NAN;43558.59;300.131;-1.414;186.42833333;-64.14527778;0.419618;9.46e-16;415.10;NAN;11.00;1.26;NAN;9.846;-0.243;-8.513;3.559;NAN;mol2,htru_pks,pks70,pksmb;
654;J1226+0005;NAN;NAN;NAN;57785.00;289.280;62.298;186.56000000;0.09555556;2.285076;2.47e-15;18.50;NAN;0.50;NAN;NAN;1.868;1.654;-0.820;8.213;NAN;lotaas;
655;J1226-3223;NAN;NAN;NAN;56114.00;296.908;30.200;186.69428333;-32.38361111;6.193004;7.05e-15;36.70;NAN;NAN;NAN;NAN;2.175;1.094;-1.676;7.649;NAN;pkssw;
656;J1227-63;NAN;NAN;NAN;56657.00;300.199;-0.407;186.80000000;-63.15000000;0.444578;NAN;359.00;NAN;NAN;NAN;NAN;9.406;-0.067;-8.129;3.769;NAN;htru_pks;
657;J1231-4609;NAN;NAN;NAN;53000.00;299.379;16.573;187.94066667;-46.16255556;0.877239;3.80e-17;67.40;NAN;NAN;1.70;NAN;1.966;0.561;-1.642;7.576;NAN;pkssw;
658;J1231-5113;NAN;NAN;NAN;59012.00;299.668;11.526;187.75000000;-51.21666667;0.206612;1.17e-16;NAN;NAN;NAN;NAN;NAN;NAN;0.000;-0.000;8.500;GRS:4FGL_J1231.6-5116[aab+22];FermiAssoc;
659;J1231-5929;NAN;NAN;NAN;NAN;300.426;3.289;187.92733333;-59.48680556;0.409834;NAN;356.20;NAN;NAN;NAN;NAN;13.527;0.776;-11.645;1.661;NAN;mmgps-l;
660;J1231-6303;NAN;NAN;NAN;57600.00;300.644;-0.273;187.80416667;-63.05500000;1.351236;1.32e-16;301.00;NAN;NAN;1.50;NAN;8.278;-0.039;-7.122;4.281;NAN;pksmb,htru_pks;
661;J1231-6511;NAN;NAN;NAN;59332.00;300.865;-2.404;187.93291667;-65.19666667;0.247525;2.84e-14;NAN;NAN;NAN;NAN;NAN;NAN;-0.000;-0.000;8.500;GRS:4FGL_J1231.6-6511[aab+22];FermiAssoc;
662;J1232-4742;NAN;NAN;NAN;53000.00;299.604;15.034;188.07958333;-47.71413889;1.872994;1.40e-17;26.00;NAN;NAN;2.38;NAN;0.871;0.226;-0.731;8.084;NAN;pkssw,htru_pks;
663;J1232-5843;NAN;NAN;NAN;NAN;300.419;4.052;188.02608333;-58.72547222;0.285318;NAN;207.50;NAN;NAN;NAN;NAN;4.245;0.300;-3.652;6.356;NAN;mmgps-l;
664;J1233-6312;NAN;NAN;NAN;51396.00;300.915;-0.406;188.38125000;-63.20805556;0.564759;6.92e-15;414.00;NAN;NAN;0.25;NAN;10.020;-0.071;-8.596;3.352;NAN;pksmb,htru_pks;
665;J1233-6344;NAN;NAN;NAN;51451.00;300.968;-0.945;188.41625000;-63.74861111;0.756892;3.88e-15;495.00;NAN;NAN;0.07;NAN;10.378;-0.171;-8.897;3.161;NAN;pksmb,htru_pks;
666;J1234-3630;NAN;NAN;NAN;57602.00;299.071;26.231;188.55000000;-36.51141667;0.569242;8.66e-16;59.29;NAN;NAN;NAN;NAN;5.991;2.648;-4.697;5.889;NAN;gbncc;
667;J1235-54;NAN;NAN;NAN;43558.61;300.597;7.849;188.82916667;-54.95000000;0.638234;NAN;100.00;NAN;4.50;1.00;NAN;1.741;0.238;-1.485;7.622;NAN;mol2,pkssw;
668;J1235-6354;NAN;NAN;NAN;51700.00;301.231;-1.088;188.99050000;-63.90844444;0.256778;1.97e-16;439.90;NAN;NAN;0.16;NAN;10.296;-0.195;-8.802;3.163;NAN;pksmb,htru_pks;
669;J1236-0159;NAN;NAN;NAN;57803.00;295.065;60.650;189.01041667;-1.98611111;3.597574;5.10e-15;19.00;NAN;NAN;NAN;NAN;2.021;1.762;-0.897;8.080;NAN;lotaas,gbncc,fast_gpps;
670;J1236-5033;NAN;NAN;NAN;51500.00;300.584;12.246;189.24645833;-50.56008333;0.294760;1.56e-16;105.02;NAN;NAN;0.60;NAN;2.755;0.584;-2.318;7.130;NAN;pkssw,htru_pks;
671;J1236-65;NAN;NAN;NAN;NAN;301.432;-2.787;189.22916667;-65.61666667;0.100565;NAN;175.00;NAN;NAN;0.09;NAN;2.449;-0.119;-2.087;7.224;NAN;pksmb;
672;J1237-6725;NAN;NAN;NAN;51702.00;301.584;-4.591;189.35791667;-67.42608333;2.110974;2.19e-15;176.50;NAN;NAN;0.40;NAN;3.036;-0.243;-2.578;6.915;NAN;pksmb,htru_pks;
673;J1238+2152;NAN;NAN;NAN;51438.00;272.789;83.962;189.59656936;21.86974274;1.118591;1.45e-15;17.97;NAN;2.00;NAN;NAN;2.554;2.540;-0.268;8.487;NAN;ar4,ar327,lotaas;
674;J1239+0326;NAN;NAN;NAN;59417.00;295.640;66.141;189.91148333;3.43636111;0.858327;4.36e-16;34.29;NAN;NAN;0.03;NAN;25.000;22.864;-9.116;4.124;NAN;fast_crafts;
675;J1239+2453;-104.500;49.400;1.160;46531.00;252.450;86.541;189.91858917;24.89702500;1.382449;9.60e-16;9.25;0.00;110.00;23.00;NAN;0.840;0.838;-0.048;8.515;NAN;gb1,ar327,ar4,gb4,lotaas;
676;J1239+32;NAN;NAN;NAN;NAN;151.215;84.429;189.75000000;32.00000000;0.004700;NAN;16.85;NAN;NAN;NAN;NAN;2.224;2.213;0.104;8.689;NAN;gbncc;
677;J1239-48;NAN;NAN;NAN;NAN;300.780;14.820;189.75000000;-48.00000000;0.653900;NAN;107.60;NAN;NAN;NAN;NAN;5.355;1.370;-4.448;5.851;NAN;ghrss;
678;J1239-6832;NAN;NAN;NAN;57600.00;301.879;-5.693;189.99566667;-68.54137222;1.301923;1.19e-14;94.30;NAN;6.50;0.96;NAN;1.575;-0.156;-1.331;7.672;NAN;mol2,htru_pks,pks70,pksmb,pkssw;
679;J1240-4124;NAN;NAN;NAN;43564.84;300.688;21.409;190.07337500;-41.41436111;0.512242;1.74e-15;44.10;NAN;3.50;0.60;NAN;1.682;0.614;-1.347;7.701;NAN;mol2,ghrss,pkssw;
680;J1242+39;NAN;NAN;NAN;57022.00;130.760;77.360;190.64166667;39.63333333;1.310000;NAN;28.60;NAN;NAN;NAN;NAN;25.000;24.394;4.144;12.072;NAN;misc,lotaas,fast_gpps;
681;J1242-4712;NAN;NAN;NAN;59126.79;301.305;15.637;190.55331417;-47.20511333;0.005313;2.14e-20;78.64;NAN;NAN;NAN;NAN;2.529;0.682;-2.081;7.235;NAN;misc;
682;J1243+17;NAN;NAN;NAN;NAN;290.630;80.536;190.75000000;17.86666667;1.216500;NAN;5.00;NAN;NAN;NAN;NAN;0.405;0.399;-0.062;8.477;NAN;misc;
683;J1243-5735;NAN;NAN;NAN;51590.00;301.876;5.260;190.89741667;-57.59522222;0.471225;8.00e-17;270.60;NAN;NAN;0.14;NAN;14.147;1.297;-11.963;1.061;NAN;pksmb;
684;J1243-6423;NAN;NAN;NAN;57600.00;302.051;-1.532;190.82125417;-64.38992500;0.388485;4.49e-15;297.09;NAN;110.00;34.00;NAN;2.000;-0.053;-1.695;7.439;NAN;mol1,htru_pks,mol2,pks1,pks70,pksmb;
685;J1244-1812;NAN;NAN;NAN;57828.00;300.593;44.635;191.10741667;-18.20450000;3.425324;1.48e-15;15.50;NAN;NAN;0.20;NAN;1.085;0.762;-0.665;8.107;NAN;pks_superb;
686;J1244-4708;NAN;NAN;NAN;58559.80;126.398;69.947;191.11348333;47.13386111;1.411433;9.97e-16;75.02;NAN;NAN;NAN;NAN;25.000;23.484;6.900;13.587;NAN;misc;
687;J1244-5053;NAN;NAN;NAN;51500.00;301.764;11.966;191.04783333;-50.88905556;0.275207;1.00e-15;109.95;NAN;NAN;0.20;NAN;3.422;0.710;-2.846;6.738;NAN;pkssw,htru_pks;
688;J1244-6437;NAN;NAN;NAN;NAN;302.156;-1.772;191.04995833;-64.63305556;0.212905;NAN;321.60;NAN;NAN;NAN;NAN;10.059;-0.311;-8.512;3.149;NAN;mmgps-l;
689;J1244-6531;NAN;NAN;NAN;54196.50;302.227;-2.658;191.15958333;-65.52000000;1.546819;7.18e-15;388.00;NAN;NAN;0.17;NAN;10.862;-0.504;-9.179;2.714;NAN;pksmb,htru_pks;
690;J1245-6238;NAN;NAN;NAN;51206.00;302.233;0.215;191.33800000;-62.64886111;2.283093;1.09e-14;336.00;NAN;NAN;0.14;NAN;9.956;0.037;-8.422;3.190;NAN;pksmb,htru_pks;
691;J1246+2253;NAN;NAN;NAN;53400.00;288.809;85.640;191.70567917;22.89535278;0.473871;8.89e-17;17.79;NAN;29.00;0.39;NAN;2.464;2.457;-0.177;8.440;NAN;ar4,ar327,lotaas;
692;J1248-6344;NAN;NAN;NAN;51451.00;302.637;-0.866;192.19316667;-63.73600000;0.198335;1.69e-14;433.00;NAN;NAN;0.20;NAN;10.699;-0.162;-9.009;2.731;NAN;pksmb;
693;J1248-6444;NAN;NAN;NAN;56715.00;302.623;-1.863;192.13695833;-64.73333333;1.234893;1.93e-15;236.40;NAN;NAN;0.15;NAN;5.969;-0.194;-5.025;5.284;NAN;htru_pks;
694;J1249-6507;NAN;NAN;NAN;51724.00;302.771;-2.251;192.47633333;-65.12216667;0.434445;1.21e-17;215.00;NAN;NAN;0.10;NAN;5.123;-0.201;-4.304;5.729;NAN;pksmb,htru_pks;
695;J1251-7407;NAN;NAN;NAN;55332.00;302.963;-11.249;192.97058333;-74.12084444;0.327058;3.65e-16;89.81;NAN;NAN;0.20;NAN;1.860;-0.363;-1.531;7.507;NAN;htru_pks;
696;J1252+53;NAN;NAN;NAN;NAN;122.746;63.428;193.00000000;53.70000000;0.220104;NAN;20.70;NAN;NAN;NAN;NAN;3.191;2.854;1.201;9.272;NAN;chime;
697;J1252-6314;NAN;NAN;NAN;51155.00;303.075;-0.371;193.17758333;-63.24241667;0.823339;1.08e-16;278.40;NAN;NAN;0.66;NAN;7.317;-0.047;-6.131;4.507;NAN;pksmb,htru_pks;
698;J1253-5820;24.000;13.000;NAN;49020.00;303.200;4.526;193.36809167;-58.34469167;0.255496;2.10e-15;100.58;NAN;20.00;4.10;NAN;1.641;0.129;-1.369;7.604;GRS:4FGL_J1253.3-5816[aab+22];pks70,FermiAssoc,htru_pks,pksmb;
699;J1254-6150;NAN;NAN;NAN;51368.00;303.298;1.022;193.63533333;-61.84744444;0.184502;6.24e-16;95.00;NAN;NAN;0.15;NAN;1.531;0.027;-1.279;7.660;NAN;pksmb;
700;J1255-46;NAN;NAN;NAN;56657.00;303.578;16.867;193.75000000;-46.00000000;0.052000;NAN;42.90;NAN;NAN;NAN;NAN;1.359;0.394;-1.084;7.781;NAN;ghrss;
701;J1255-6131;NAN;NAN;NAN;51449.00;303.466;1.348;193.97858333;-61.51947222;0.657974;4.00e-15;206.50;NAN;NAN;0.13;NAN;4.824;0.113;-4.023;5.841;NAN;pksmb,htru_pks;
702;J1255-62;NAN;NAN;NAN;56657.00;303.373;0.068;193.82500000;-62.80000000;0.182912;NAN;713.00;NAN;NAN;0.13;NAN;19.769;0.024;-16.509;-2.375;NAN;htru_pks;
703;J1257-1027;-7.150;12.080;0.130;56000.00;305.205;52.395;194.26984375;-10.45154194;0.617308;3.63e-16;29.63;NAN;12.00;1.20;NAN;25.000;19.806;-12.465;-0.295;NAN;gb2,pks70;
704;J1259-6741;NAN;NAN;NAN;57600.00;303.688;-4.834;194.84433333;-67.69451944;0.663330;8.55e-16;94.70;NAN;4.50;1.30;NAN;1.574;-0.133;-1.305;7.630;NAN;mol2,htru_pks,pks70,pksmb;
705;J1300-6602;NAN;NAN;NAN;57554.00;303.848;-3.182;195.11220833;-66.03800000;1.143316;3.35e-16;460.00;NAN;NAN;0.12;NAN;15.567;-0.864;-12.909;-0.157;NAN;htru_pks;
706;J1301-6305;NAN;NAN;NAN;51206.00;304.100;-0.244;195.44066667;-63.09275000;0.184528;2.67e-13;374.00;NAN;NAN;0.49;NAN;10.717;-0.046;-8.874;2.492;NAN;pksmb,htru_pks;
707;J1301-6310;NAN;NAN;NAN;51487.00;304.064;-0.328;195.36791667;-63.17791667;0.663830;5.64e-14;86.10;NAN;NAN;0.11;NAN;1.458;-0.008;-1.208;7.683;XRS:[pb15];pksmb;
708;J1302-63;NAN;NAN;NAN;50571.00;304.107;-0.901;195.51666667;-63.74805556;0.325724;NAN;875.00;NAN;NAN;0.10;NAN;25.000;-0.393;-20.697;-5.517;NAN;misc,htru_pks,pksmb;
709;J1302-6313;NAN;NAN;NAN;51342.00;304.157;-0.379;195.58000000;-63.22472222;0.967846;6.33e-15;500.00;NAN;NAN;0.18;NAN;11.331;-0.075;-9.376;2.138;NAN;pksmb;
710;J1303+38;NAN;NAN;NAN;NAN;111.027;78.636;195.82500000;38.21666667;0.396300;NAN;19.00;NAN;NAN;NAN;NAN;3.190;3.127;0.587;8.726;NAN;lotaas;
711;J1303-62;NAN;NAN;NAN;NAN;304.317;0.640;195.82916667;-62.20000000;0.419416;NAN;490.00;NAN;NAN;0.09;NAN;11.593;0.129;-9.574;1.965;NAN;pksmb;
712;J1303-6305;NAN;NAN;NAN;51138.00;304.240;-0.241;195.75008333;-63.08355556;2.306642;2.18e-15;343.00;NAN;NAN;0.36;NAN;10.249;-0.043;-8.473;2.733;NAN;pksmb,htru_pks;
713;J1304+12;NAN;NAN;NAN;NAN;315.000;74.607;196.11250000;12.04111111;0.004180;NAN;NAN;NAN;NAN;NAN;NAN;NAN;0.000;-0.000;8.500;GRS:4FGL_J1304.4+1203[aab+22];FermiAssoc;
714;J1305-6203;NAN;NAN;NAN;55390.00;304.561;0.772;196.33808333;-62.05585278;0.427774;3.22e-14;468.78;0.01;NAN;0.67;NAN;11.586;0.156;-9.540;1.928;NAN;pksmb,htru_pks;
715;J1305-6256;NAN;NAN;NAN;51138.00;304.526;-0.116;196.36666667;-62.94416667;0.478231;2.11e-15;967.00;NAN;NAN;0.32;NAN;25.000;-0.051;-20.597;-5.670;NAN;pksmb,htru_pks;
716;J1305-6455;NAN;NAN;NAN;57600.00;304.411;-2.093;196.34779167;-64.92458333;0.571652;4.03e-15;505.00;0.00;29.00;2.10;NAN;11.900;-0.435;-9.811;1.780;NAN;mol2,htru_pks,pks1,pks70,pksmb;
717;J1305-66;NAN;NAN;NAN;51559.70;304.338;-3.817;196.40000000;-66.65000000;0.197276;NAN;316.10;NAN;NAN;0.20;NAN;11.627;-0.774;-9.579;1.956;NAN;pksmb;
718;J1306-6242;NAN;NAN;NAN;51448.00;304.686;0.119;196.68583333;-62.70083333;0.981902;5.86e-15;480.00;NAN;NAN;0.14;NAN;11.429;0.024;-9.398;1.996;NAN;pksmb,htru_pks;
719;J1306-6617;NAN;NAN;NAN;57600.00;304.462;-3.463;196.65883333;-66.28922222;0.473028;5.98e-15;436.90;0.01;NAN;4.91;NAN;15.871;-0.959;-13.062;-0.464;NAN;pks1,htru_pks,pksmb;
720;J1307-6318;NAN;NAN;NAN;51206.00;304.781;-0.497;196.97791667;-63.30972222;4.962427;2.11e-14;374.00;NAN;NAN;1.40;NAN;10.783;-0.094;-8.856;2.349;NAN;pksmb,htru_pks;
721;J1307-67;NAN;NAN;NAN;55196.00;304.518;-4.236;196.92083333;-67.05750000;3.651200;NAN;44.00;NAN;NAN;NAN;NAN;1.093;-0.081;-0.898;7.882;NAN;pksmb,htru_pks;
722;J1308+2127;NAN;NAN;NAN;53415.68;338.733;83.082;197.20112500;21.45188333;10.312522;1.12e-13;NAN;NAN;NAN;NAN;NAN;NAN;0.000;-0.000;8.500;XRS:RX_J1308.6+2127,OPT:[kkvh11];misc;
723;J1308-23;NAN;NAN;NAN;NAN;307.888;39.712;197.00000000;-23.00000000;0.002830;NAN;22.36;NAN;NAN;NAN;NAN;1.713;1.094;-1.040;7.691;NAN;gbncc;
724;J1308-4650;NAN;NAN;NAN;53000.00;306.008;15.927;197.18578750;-46.84158333;1.058833;5.26e-16;66.00;NAN;NAN;NAN;NAN;2.187;0.600;-1.701;7.264;NAN;pkssw;
725;J1308-5844;NAN;NAN;NAN;51560.00;305.130;4.062;197.08783333;-58.73716667;0.464700;8.64e-15;205.60;NAN;NAN;0.21;NAN;6.462;0.458;-5.272;4.791;NAN;pksmb,htru_pks;
726;J1309-6415;NAN;NAN;NAN;51303.00;304.867;-1.462;197.31916667;-64.26638889;0.619454;8.79e-15;574.00;NAN;NAN;0.21;NAN;11.977;-0.306;-9.824;1.655;NAN;pksmb,htru_pks;
727;J1309-6526;NAN;NAN;NAN;51767.00;304.758;-2.628;197.25120833;-65.43794444;0.398292;1.84e-17;340.00;NAN;NAN;0.15;NAN;11.257;-0.516;-9.239;2.089;NAN;pksmb;
728;J1311-1228;NAN;NAN;NAN;49667.00;310.723;50.095;197.96937478;-12.46711749;0.447518;1.51e-16;36.21;NAN;4.00;0.50;NAN;25.000;19.178;-12.155;-1.963;NAN;gb2,pks70;
729;J1312+1810C;-0.130;-1.330;0.067;59477.15;332.974;79.764;198.23192667;18.16931917;0.012535;5.26e-20;26.19;NAN;NAN;NAN;NAN;18.050;17.763;-1.457;5.643;GC:M53(NGC5024)[pqm+21];fast_crafts;
730;J1312-5402;NAN;NAN;NAN;57600.00;305.994;8.704;198.01961667;-54.04513889;0.728154;1.47e-16;133.00;NAN;15.00;0.78;NAN;4.905;0.742;-3.923;5.651;NAN;mol2,ghrss,pks70,pkssw;
731;J1312-5516;NAN;NAN;NAN;57600.00;306.010;7.464;198.22305417;-55.27980556;0.849243;5.70e-15;134.10;NAN;16.00;3.04;NAN;4.187;0.544;-3.358;6.059;NAN;mol2,htru_pks,pks70,pkssw;
732;J1312-6400;NAN;NAN;NAN;51303.00;305.195;-1.235;198.02983333;-64.01544444;2.437432;6.83e-16;93.00;NAN;NAN;0.75;NAN;1.526;-0.033;-1.247;7.621;NAN;pksmb,htru_pks;
733;J1313+0931;NAN;NAN;NAN;NAN;320.366;71.657;198.34583333;9.53222222;0.848933;8.00e-16;12.04;NAN;3.50;0.16;NAN;1.083;1.028;-0.217;8.238;NAN;misc,ar327,lotaas;
734;J1314-6101;NAN;NAN;NAN;51396.00;305.710;1.727;198.59750000;-61.02111111;2.948390;1.17e-14;309.00;NAN;NAN;0.41;NAN;8.539;0.257;-6.930;3.518;NAN;pksmb,htru_pks;
735;J1316-6147;NAN;NAN;NAN;NAN;305.897;0.937;199.14033333;-61.78972222;1.932600;NAN;625.00;NAN;NAN;NAN;NAN;25.000;0.409;-20.249;-6.156;NAN;mmgps-l;
736;J1316-6232;NAN;NAN;NAN;49800.00;305.848;0.191;199.19291667;-62.53672222;0.342825;5.30e-15;966.40;1.10;NAN;0.74;NAN;25.000;0.084;-20.264;-6.141;NAN;misc,htru_pks,pksmb;
737;J1317-5759;NAN;NAN;NAN;53911.00;306.428;4.701;199.44287500;-57.99180556;2.642199;1.26e-14;145.30;NAN;NAN;NAN;NAN;3.765;0.309;-3.019;6.272;NAN;pksmb;
738;J1317-6302;NAN;NAN;NAN;51138.00;305.908;-0.328;199.43620833;-63.04783333;0.261271;1.02e-16;678.10;NAN;NAN;1.60;NAN;12.771;-0.073;-10.344;1.010;NAN;pksmb,htru_pks;
739;J1319-6056;NAN;NAN;NAN;57600.00;306.314;1.742;199.83437500;-60.94633056;0.284353;1.53e-15;400.94;0.00;NAN;1.30;NAN;11.852;0.360;-9.546;1.484;NAN;pks1,htru_pks,pksmb;
740;J1319-6105;NAN;NAN;NAN;51709.00;306.311;1.597;199.85966667;-61.09061111;0.421118;1.50e-15;440.60;0.01;NAN;0.84;NAN;12.173;0.339;-9.805;1.294;NAN;pksmb,htru_pks;
741;J1320+67;NAN;NAN;NAN;56292.00;118.741;49.395;200.00000000;67.50000000;1.028620;NAN;28.00;NAN;1.40;NAN;NAN;25.000;18.980;14.266;16.324;NAN;gbncc;
742;J1320-3512;NAN;NAN;NAN;48734.00;309.543;27.295;200.05283333;-35.20722222;0.458488;1.90e-18;16.42;NAN;7.00;4.70;NAN;0.873;0.400;-0.598;8.006;NAN;pks70,gbncc,pkssw;
743;J1320-5359;8.000;49.000;NAN;57600.00;307.305;8.637;200.22467083;-53.98472222;0.279738;9.25e-15;97.10;0.00;18.00;2.10;NAN;2.204;0.331;-1.733;7.179;NAN;mol2,ghrss,htru_pks,pks70,pkssw;
744;J1321+8323;-52.660;32.450;0.920;56000.00;121.887;33.672;200.44013125;83.39428667;0.670037;5.66e-16;13.32;NAN;11.00;0.90;NAN;0.960;0.532;0.678;8.922;NAN;gb1,gb2,gbncc,lotaas;
745;J1321-5922;NAN;NAN;NAN;54212.00;306.778;3.265;200.41483333;-59.38113889;1.279058;2.37e-15;383.00;NAN;NAN;0.19;NAN;25.000;1.424;-19.992;-6.444;NAN;pksmb;
746;J1322-62;NAN;NAN;NAN;50591.60;306.512;-0.197;200.72500000;-62.85000000;1.044851;NAN;733.60;NAN;NAN;0.30;NAN;15.750;-0.054;-12.659;-0.871;NAN;pksmb;
747;J1322-6241;NAN;NAN;NAN;51138.00;306.489;-0.041;200.63395833;-62.69819444;0.506058;2.59e-15;618.80;NAN;NAN;0.37;NAN;12.236;-0.009;-9.837;1.224;NAN;pksmb,htru_pks;
748;J1322-6329;NAN;NAN;NAN;51456.00;306.367;-0.828;200.57500000;-63.49361111;2.764209;1.11e-14;659.00;NAN;NAN;0.17;NAN;12.376;-0.179;-9.965;1.162;NAN;pksmb;
749;J1324-6146;NAN;NAN;NAN;51397.00;306.859;0.851;201.18291667;-61.76666667;0.844109;5.58e-15;828.00;NAN;NAN;0.73;NAN;25.000;0.371;-20.001;-6.495;NAN;pksmb,htru_pks;
750;J1324-6302;NAN;NAN;NAN;51523.00;306.638;-0.404;201.05687500;-63.03919444;2.483804;9.79e-16;497.00;NAN;NAN;0.23;NAN;11.685;-0.082;-9.376;1.527;NAN;pksmb,htru_pks;
751;J1326+33;NAN;NAN;NAN;NAN;76.238;79.917;201.67500000;33.76666667;0.041500;NAN;4.19;NAN;NAN;NAN;NAN;0.344;0.339;0.058;8.486;NAN;gbncc;
752;J1326-4728A;-5.000;-7.000;0.193;58447.77;309.077;14.948;201.66529125;-47.50323361;0.004109;2.74e-20;100.29;NAN;NAN;0.05;NAN;5.430;1.401;-4.073;5.193;GC:OmegaCen(NGC5139)[djk+20];misc;
753;J1326-4728C;-5.000;-4.000;0.193;58447.77;309.121;14.942;201.73009125;-47.50326472;0.006868;9.81e-21;100.64;NAN;NAN;0.03;NAN;5.430;1.400;-4.070;5.190;GC:OmegaCen(NGC5139)[djk+20],XRS:J132655;misc;
754;J1326-4728D;-3.000;-6.000;0.193;58797.01;309.060;14.976;201.63630417;-47.47779250;0.004579;-4.11e-20;96.52;NAN;NAN;0.04;NAN;5.430;1.403;-4.073;5.195;GC:OmegaCen(NGC5139)[djk+20];misc;
755;J1326-4728E;-4.200;-6.900;0.193;58796.79;309.092;14.993;201.67782683;-47.45666639;0.004208;1.63e-20;94.37;NAN;NAN;0.03;NAN;5.430;1.405;-4.071;5.193;GC:OmegaCen(NGC5139)[djk+20],XRS:J132642;misc;
756;J1326-5859;NAN;NAN;NAN;57600.00;307.504;3.565;201.74257083;-58.99146944;0.477994;3.24e-15;287.17;0.00;120.00;18.00;NAN;3.000;0.187;-2.375;6.677;NAN;mol2,htru_pks,pks1,pks70,pksmb;
757;J1326-6408;NAN;NAN;NAN;57600.00;306.748;-1.534;201.63513750;-64.14550000;0.792674;3.09e-15;502.70;0.00;18.00;1.90;NAN;11.992;-0.321;-9.605;1.328;NAN;mol2,htru_pks,pks70,pksmb;
758;J1326-6700;NAN;NAN;NAN;57600.00;306.310;-4.369;201.51137500;-67.01366667;0.543015;5.33e-15;208.97;NAN;28.00;14.00;NAN;6.697;-0.510;-5.381;4.546;NAN;mol2,htru_pks,pksmb;
759;J1327+3423;-8.200;4.300;NAN;58067.00;78.606;79.447;201.78145275;34.39379842;0.041513;1.29e-19;4.18;NAN;NAN;NAN;NAN;0.344;0.338;0.062;8.488;NAN;misc,gbncc;
760;J1327-6222;NAN;NAN;NAN;57600.00;307.074;0.204;201.82156667;-62.37929444;0.529929;1.88e-14;318.48;0.00;135.00;21.00;NAN;4.000;0.014;-3.191;6.089;NAN;misc,htru_pks,mol2,pks1,pks70,pksmb;
761;J1327-6301;NAN;NAN;NAN;57600.00;306.966;-0.429;201.78096667;-63.02097500;0.196480;1.53e-15;294.91;NAN;NAN;4.20;NAN;6.218;-0.047;-4.968;4.761;NAN;pks1,htru_pks,pksmb;
762;J1327-6400;NAN;NAN;NAN;51206.00;306.836;-1.403;201.79279167;-64.00363889;0.280678;3.12e-14;679.00;NAN;NAN;0.21;NAN;12.991;-0.318;-10.394;0.714;NAN;pksmb,htru_pks;
763;J1328-4357;3.000;54.000;NAN;51360.00;309.874;18.415;202.02680000;-43.96225556;0.532699;3.01e-15;42.00;NAN;18.00;4.40;NAN;1.424;0.450;-1.037;7.634;NAN;mol2,pks70,pkssw;
764;J1328-4921;NAN;NAN;NAN;43557.83;309.122;13.066;202.13991667;-49.35927778;1.478721;6.10e-16;118.00;0.00;11.00;0.82;NAN;8.396;1.898;-6.345;3.339;NAN;mol2,htru_pks,pks70,pkssw;
765;J1328-62;NAN;NAN;NAN;NAN;307.167;-0.201;202.14583333;-62.76666667;0.528858;NAN;194.80;NAN;NAN;0.08;NAN;4.563;-0.016;-3.636;5.743;NAN;pksmb;
766;J1328-6605;NAN;NAN;NAN;NAN;306.707;-3.499;202.19433333;-66.09686111;0.734367;NAN;329.30;NAN;NAN;NAN;NAN;12.022;-0.734;-9.620;1.328;NAN;mmgps-l;
767;J1329+13;NAN;NAN;NAN;NAN;338.007;73.989;202.25000000;13.73333333;NAN;NAN;12.00;NAN;NAN;NAN;NAN;1.087;1.045;-0.112;8.222;NAN;misc;
768;J1329-6158;NAN;NAN;NAN;51490.00;307.334;0.567;202.26375000;-61.98305556;1.565218;3.39e-14;514.00;NAN;NAN;0.22;NAN;11.872;0.117;-9.439;1.300;NAN;pksmb,htru_pks;
769;J1331-5245;NAN;NAN;NAN;55195.00;308.985;9.649;202.75004167;-52.75705556;0.648117;5.10e-16;148.40;NAN;NAN;0.30;NAN;8.933;1.497;-6.846;2.960;NAN;htru_pks;
770;J1332-03;NAN;NAN;NAN;56657.00;322.250;57.909;203.00000000;-3.43333333;1.106400;NAN;27.10;NAN;NAN;NAN;NAN;25.000;21.180;-8.131;-2.002;NAN;gbt350;
771;J1332-3032;NAN;NAN;NAN;50625.78;313.396;31.490;203.21868568;-30.53813716;0.650434;5.60e-16;15.10;NAN;9.00;0.30;NAN;0.882;0.461;-0.546;7.983;NAN;pks70,gbncc;
772;J1333-4449;NAN;NAN;NAN;53000.00;310.774;17.403;203.43678750;-44.82395000;0.345603;5.40e-19;44.30;NAN;NAN;0.30;NAN;1.434;0.429;-1.036;7.606;NAN;pkssw;
773;J1334+10;NAN;NAN;NAN;NAN;335.745;70.162;203.62500000;10.08333333;0.911100;NAN;24.00;NAN;NAN;NAN;NAN;25.000;23.516;-3.485;0.765;NAN;lotaas;
774;J1334-5839;NAN;NAN;NAN;48959.00;308.520;3.749;203.62545458;-58.65459583;0.107718;2.16e-17;119.30;NAN;18.00;0.62;NAN;2.495;0.163;-1.948;6.949;NAN;pks70,htru_pks,pksmb;
775;J1335-3642;NAN;NAN;NAN;50400.00;312.713;25.332;203.90000000;-36.70000000;0.399192;NAN;41.82;NAN;10.00;0.27;NAN;2.495;1.068;-1.657;6.970;NAN;pks70,gbncc,pkssw;
776;J1335-5656;NAN;NAN;NAN;59074.00;308.876;5.435;203.75000000;-56.93333333;0.003238;1.21e-20;NAN;NAN;NAN;NAN;NAN;NAN;0.000;-0.000;8.500;GRS:4FGL_J1335.0-5656[aab+22];FermiAssoc;
777;J1336+33;NAN;NAN;NAN;NAN;70.319;78.337;204.00000000;33.76666667;3.013000;NAN;8.50;NAN;NAN;NAN;NAN;0.719;0.704;0.137;8.451;NAN;misc;
778;J1336-2522;NAN;NAN;NAN;57514.00;315.557;36.401;204.08683333;-25.36711111;0.478145;3.31e-16;37.39;NAN;NAN;NAN;NAN;5.349;3.174;-3.015;5.426;NAN;gbncc;
779;J1337-4441;NAN;NAN;NAN;56933.00;311.478;17.412;204.36562083;-44.69508333;1.257511;3.03e-16;97.80;NAN;NAN;1.50;NAN;25.000;7.481;-17.872;-7.300;NAN;pks_superb;
780;J1337-6306;NAN;NAN;NAN;51900.00;308.095;-0.696;204.33479167;-63.10647222;0.207953;3.56e-16;777.70;NAN;NAN;0.11;NAN;12.932;-0.157;-10.177;0.522;NAN;pksmb;
781;J1338-6204;NAN;NAN;NAN;57600.00;308.372;0.305;204.53852917;-62.07186111;1.239001;1.38e-14;640.30;0.03;NAN;5.90;NAN;12.363;0.066;-9.692;0.826;NAN;pks1,htru_pks,pksmb;
782;J1339-4712;NAN;NAN;NAN;53000.00;311.424;14.869;204.98578583;-47.20153333;0.137055;5.30e-19;39.90;NAN;NAN;0.70;NAN;1.212;0.311;-0.878;7.725;NAN;pkssw,htru_pks;
783;J1339-6618;NAN;NAN;NAN;51760.00;307.786;-3.889;204.98583333;-66.30216667;0.558179;3.50e-16;241.00;NAN;NAN;0.23;NAN;7.326;-0.497;-5.776;4.022;NAN;pksmb,htru_pks;
784;J1340-6456;NAN;NAN;NAN;43564.94;308.047;-2.557;205.00133333;-64.94525000;0.378622;5.05e-15;76.99;NAN;9.00;0.90;NAN;1.402;-0.063;-1.103;7.637;NAN;mol2,htru_pks,pks70,pksmb;
785;J1341-6023;NAN;NAN;NAN;51280.00;309.035;1.889;205.28070833;-60.39297222;0.627285;1.95e-14;364.60;NAN;NAN;0.63;NAN;7.277;0.240;-5.649;3.919;NAN;pksmb,htru_pks;
786;J1341-6220;NAN;NAN;NAN;49381.00;308.730;-0.035;205.42762500;-62.33908333;0.193340;2.53e-13;719.65;0.02;NAN;2.70;NAN;12.600;-0.008;-9.829;0.617;GRS:4FGL_J1341.7-6216[aab+22],SNR:G308.8;misc,FermiBlind,htru_pks,pks1,pksmb;
787;J1342+2822C;-0.150;-2.670;0.110;52770.00;42.217;78.707;205.54833333;28.37722222;0.002166;NAN;26.50;NAN;NAN;0.01;NAN;10.180;9.983;1.340;7.024;GC:M3(NGC5272);misc;
788;J1342+2822E;-0.150;-2.670;0.110;NAN;42.217;78.707;205.54833333;28.37722222;0.005470;NAN;26.54;NAN;NAN;NAN;NAN;10.180;9.983;1.340;7.024;GC:M3(NGC5272)[pqm+21];fast_crafts;
789;J1342+2822F;-0.150;-2.670;0.110;NAN;42.217;78.707;205.54833333;28.37722222;0.004400;NAN;26.47;NAN;NAN;NAN;NAN;10.180;9.983;1.340;7.024;GC:M3(NGC5272)[pqm+21];fast_crafts;
790;J1343+6634;NAN;NAN;NAN;57785.00;114.896;49.727;205.99691667;66.57362500;1.394104;1.09e-15;30.03;NAN;NAN;NAN;NAN;25.000;19.074;14.659;15.303;NAN;lotaas;
791;J1344-5855;NAN;NAN;NAN;57942.00;309.794;3.234;206.22104167;-58.92354722;0.252398;2.91e-15;294.10;NAN;NAN;0.14;NAN;7.538;0.425;-5.783;3.683;NAN;htru_pks;
792;J1344-6059;NAN;NAN;NAN;51676.00;309.341;1.216;206.16500000;-60.99194444;0.540102;4.30e-17;435.00;NAN;NAN;0.19;NAN;7.414;0.157;-5.733;3.801;NAN;pksmb,htru_pks;
793;J1345-6115;NAN;NAN;NAN;51138.00;309.414;0.928;206.43512500;-61.25850000;1.253085;3.25e-15;278.00;NAN;NAN;0.59;NAN;5.565;0.090;-4.299;4.967;NAN;pksmb,htru_pks;
794;J1346-4918;NAN;NAN;NAN;55000.00;312.059;12.594;206.59312500;-49.30200000;0.299625;3.50e-17;74.42;NAN;NAN;0.50;NAN;2.529;0.551;-1.832;6.847;NAN;htru_pks;
795;J1347-5947;NAN;NAN;NAN;51294.00;309.914;2.318;206.83075000;-59.79438889;0.609962;1.42e-14;293.40;NAN;NAN;0.67;NAN;6.285;0.254;-4.817;4.471;NAN;pksmb,htru_pks;
796;J1348-6307;NAN;NAN;NAN;51304.00;309.353;-0.962;207.17666667;-63.11777778;0.927772;3.79e-15;597.00;NAN;NAN;0.51;NAN;10.643;-0.179;-8.229;1.752;NAN;pksmb,htru_pks;
797;J1349-6130;NAN;NAN;NAN;55429.00;309.813;0.587;207.40258333;-61.50475556;0.259365;5.12e-15;283.87;0.01;NAN;0.76;NAN;5.481;0.056;-4.210;4.991;NAN;pksmb,htru_pks;
798;J1349-63;NAN;NAN;NAN;56657.00;309.237;-1.772;207.32500000;-63.93333333;0.373034;NAN;478.00;NAN;NAN;NAN;NAN;9.313;-0.288;-7.210;2.612;NAN;htru_pks;
799;J1350-5115;NAN;NAN;NAN;57600.00;312.233;10.549;207.56732917;-51.25682222;0.295700;7.58e-16;90.39;NAN;9.00;1.27;NAN;3.304;0.605;-2.405;6.317;NAN;pks70,htru_pks,pkssw;
800;J1350-6225;NAN;NAN;NAN;55806.00;309.734;-0.343;207.68520833;-62.42883333;0.138158;8.88e-15;NAN;NAN;NAN;NAN;NAN;NAN;-0.000;-0.000;8.500;GRS:4FGL_J1350.6-6224[aab+22];FermiBlind;
801;J1352-6141;NAN;NAN;NAN;NAN;310.050;0.341;208.00616667;-61.69050000;0.004738;NAN;76.30;NAN;NAN;NAN;NAN;1.399;0.008;-1.071;7.600;NAN;mmgps-l;
802;J1352-6803;NAN;NAN;NAN;51650.00;308.614;-5.866;208.14354167;-68.06030556;0.628903;1.23e-15;214.60;NAN;NAN;1.00;NAN;9.900;-1.012;-7.695;2.354;NAN;pkssw,htru_pks,pksmb;
803;J1353-6341;NAN;NAN;NAN;NAN;309.745;-1.644;208.37927333;-63.69197197;2.076200;NAN;439.00;NAN;NAN;NAN;NAN;7.607;-0.218;-5.847;3.638;NAN;mmgps-l;
804;J1354+2453;NAN;NAN;NAN;NAN;27.456;75.728;208.55576462;24.89615483;0.851064;1.40e-16;NAN;NAN;NAN;NAN;NAN;NAN;0.000;0.000;8.500;NAN;gbncc;
805;J1354+2454;NAN;NAN;NAN;NAN;27.447;75.764;208.51666667;24.90166667;6.270000;NAN;20.00;NAN;NAN;NAN;NAN;3.732;3.617;0.423;7.686;NAN;gbncc,ar327;
806;J1354-6249;NAN;NAN;NAN;51396.00;310.070;-0.832;208.64583333;-62.82500000;2.951938;1.48e-14;254.00;NAN;NAN;0.24;NAN;5.158;-0.075;-3.947;5.180;NAN;pksmb,htru_pks;
807;J1355-5153;NAN;NAN;NAN;57600.00;312.951;9.713;208.99455000;-51.89831944;0.644305;2.81e-15;112.10;NAN;12.00;0.85;NAN;4.984;0.841;-3.596;5.153;NAN;mol2,ghrss,htru_pks,pks70,pkssw;
808;J1355-5747;NAN;NAN;NAN;53513.00;311.425;4.022;208.90395833;-57.78750000;2.038674;7.07e-16;229.00;NAN;NAN;0.36;NAN;6.443;0.452;-4.819;4.248;NAN;pksmb,htru_pks;
809;J1355-5925;NAN;NAN;NAN;51730.00;311.069;2.431;208.99629167;-59.41691667;1.213381;5.99e-15;354.80;NAN;NAN;0.55;NAN;7.208;0.306;-5.429;3.769;NAN;pksmb,htru_pks;
810;J1355-6206;NAN;NAN;NAN;51724.00;310.332;-0.156;208.83891667;-62.10558333;0.276603;3.10e-18;547.00;NAN;NAN;0.54;NAN;7.542;-0.020;-5.749;3.619;NAN;pksmb,htru_pks;
811;J1356-5521;NAN;NAN;NAN;49016.00;312.199;6.337;209.21065833;-55.35360000;0.507380;7.24e-16;174.17;NAN;12.00;0.90;NAN;7.316;0.808;-5.387;3.616;NAN;pks70,htru_pks;
812;J1357-2530;NAN;NAN;NAN;48742.00;321.485;34.887;209.67500000;-25.55000000;0.912971;NAN;31.27;NAN;6.00;0.15;NAN;2.545;1.456;-1.300;6.867;NAN;pks70,gbncc;
813;J1357-62;NAN;NAN;NAN;47900.00;310.474;-0.565;209.35416667;-62.46666667;0.455761;NAN;416.70;NAN;NAN;13.00;NAN;6.481;-0.064;-4.930;4.293;NAN;misc,htru_pks,pks1,pksmb;
814;J1357-6429;NAN;NAN;NAN;52921.00;309.923;-2.514;209.26012500;-64.49172222;0.166108;3.60e-13;128.50;NAN;NAN;0.52;NAN;3.100;-0.136;-2.375;6.512;GRS:4FGL_J1356.9-6432[aab+22],XRS:PWN[za;pksmb,FermiBlind,htru_pks;
815;J1358-59;NAN;NAN;NAN;NAN;311.457;2.416;209.74166667;-59.33333333;0.374120;NAN;324.00;NAN;NAN;0.08;NAN;6.594;0.278;-4.937;4.138;NAN;pksmb;
816;J1358-6025;NAN;NAN;NAN;59051.00;311.062;1.400;209.50000000;-60.41666667;0.060533;3.02e-15;NAN;NAN;NAN;NAN;NAN;NAN;0.000;-0.000;8.500;GRS:4FGL_J1358.3-6026[aab+22];FermiAssoc;
817;J1359-6038;NAN;NAN;NAN;57600.00;311.239;1.126;209.99270000;-60.63543056;0.127508;6.33e-15;293.74;0.00;105.00;12.50;NAN;5.000;0.098;-3.759;5.205;NAN;mol2,htru_pks,pks1,pks70,pksmb;
818;J1359-6242;NAN;NAN;NAN;NAN;310.645;-0.858;209.87604167;-62.70625000;0.899747;NAN;784.00;NAN;NAN;NAN;NAN;12.843;-0.192;-9.744;0.135;NAN;mmgps-l;
819;J1400+21;NAN;NAN;NAN;NAN;16.752;73.332;210.07500000;21.45000000;NAN;NAN;10.50;NAN;NAN;NAN;NAN;0.908;0.870;0.075;8.251;NAN;misc;
820;J1400-6325;NAN;NAN;NAN;55105.00;310.592;-1.593;210.19037500;-63.42850000;0.031182;3.89e-14;563.00;NAN;NAN;0.25;NAN;7.000;-0.195;-5.313;3.947;GRS:IGR_J14003-6326,SNR:G310.6-1.6;misc;
821;J1401-6357;NAN;NAN;NAN;57600.00;310.569;-2.139;210.46854167;-63.96166667;0.842805;1.68e-14;98.00;NAN;34.00;7.10;NAN;1.800;-0.067;-1.366;7.330;NAN;mol2,htru_pks,pks1,pks70,pksmb;
822;J1402-5021;NAN;NAN;NAN;58657.41;314.434;10.906;210.73333333;-50.36194444;1.380182;5.41e-15;51.00;NAN;10.00;NAN;NAN;1.285;0.243;-0.901;7.617;NAN;mol1,mol2,pkssw;
823;J1403-0314;NAN;NAN;NAN;56656.00;335.565;54.970;210.92083333;-3.25777778;0.362634;NAN;31.00;NAN;NAN;NAN;NAN;25.000;20.471;-5.936;-4.565;NAN;htru_pks;
824;J1403-6310;NAN;NAN;NAN;51341.00;310.928;-1.423;210.80833333;-63.17416667;0.399170;9.00e-17;305.00;NAN;NAN;0.65;NAN;5.666;-0.141;-4.280;4.789;NAN;pksmb,htru_pks;
825;J1403-7646;NAN;NAN;NAN;49526.44;307.096;-14.494;210.76708333;-76.78263889;1.306198;1.20e-15;100.60;NAN;4.00;0.80;NAN;5.307;-1.328;-4.098;5.401;NAN;pks70,pkssw;
826;J1404+1159;NAN;NAN;NAN;57820.00;355.078;67.115;211.15411250;11.98777778;2.650439;1.38e-15;18.40;NAN;2.70;0.28;NAN;2.160;1.990;-0.072;7.663;NAN;ar4,lotaas,misc,fast_gpps;
827;J1405-5641;NAN;NAN;NAN;52898.00;312.971;4.737;211.30170833;-56.69005556;0.617575;1.20e-15;273.00;NAN;NAN;0.10;NAN;12.383;1.023;-9.030;0.088;NAN;pksmb,htru_pks;
828;J1406-4233;NAN;NAN;NAN;56846.00;317.299;18.224;211.51995833;-42.55572222;2.436795;6.81e-16;79.70;NAN;NAN;0.23;NAN;6.785;2.122;-4.371;3.764;NAN;pks_superb;
829;J1406-5806;NAN;NAN;NAN;51730.00;312.673;3.345;211.50500000;-58.10888889;0.288349;6.11e-16;229.00;NAN;NAN;0.84;NAN;5.568;0.325;-4.087;4.732;NAN;pksmb,htru_pks;
830;J1406-59;NAN;NAN;NAN;NAN;312.603;2.018;212.11666667;-59.40000000;1.248318;NAN;304.00;NAN;NAN;0.07;NAN;5.827;0.205;-4.286;4.558;NAN;pksmb;
831;J1406-6121;NAN;NAN;NAN;51111.00;311.841;0.203;211.70850000;-61.35775000;0.213075;5.47e-14;537.29;0.05;NAN;0.44;NAN;7.292;0.026;-5.433;3.636;NAN;pksmb,htru_pks;
832;J1407-6048;NAN;NAN;NAN;51161.00;312.130;0.681;211.99433333;-60.81633333;0.492344;3.16e-15;575.20;NAN;NAN;0.20;NAN;7.860;0.093;-5.829;3.228;NAN;pksmb,htru_pks;
833;J1407-6153;NAN;NAN;NAN;51093.00;311.810;-0.354;211.98541667;-61.89972222;0.701615;8.85e-15;645.00;NAN;NAN;0.36;NAN;8.205;-0.051;-6.116;3.030;NAN;pksmb,htru_pks;
834;J1408-6009;NAN;NAN;NAN;NAN;312.350;1.294;212.05916667;-60.16625000;0.567635;NAN;546.00;NAN;NAN;NAN;NAN;8.237;0.186;-6.086;2.952;NAN;mmgps-l;
835;J1409+49;NAN;NAN;NAN;NAN;94.650;62.889;212.37500000;49.73333333;1.125000;NAN;29.00;NAN;NAN;NAN;NAN;25.000;22.253;11.355;9.424;NAN;pumps;
836;J1409-6011;NAN;NAN;NAN;NAN;312.530;1.213;212.45133333;-60.18986111;0.300581;NAN;448.60;NAN;NAN;NAN;NAN;7.027;0.149;-5.177;3.751;NAN;mmgps-l;
837;J1409-6953;NAN;NAN;NAN;55191.00;309.574;-8.031;212.32041667;-69.89288889;0.528591;8.40e-16;167.60;NAN;NAN;0.30;NAN;8.752;-1.223;-6.680;2.979;NAN;htru_pks;
838;J1410-6132;NAN;NAN;NAN;54357.30;312.195;-0.092;212.59829583;-61.53559722;0.050052;3.20e-14;961.00;NAN;NAN;1.90;NAN;13.510;-0.022;-10.009;-0.574;GRS:4FGL_J1411.5-6133[aab+22];htru_pks,FermiAssoc;
839;J1410-7404;NAN;NAN;NAN;51460.00;308.349;-12.043;212.53070833;-74.08147778;0.278729;6.74e-18;54.24;NAN;NAN;1.20;NAN;1.336;-0.279;-1.025;7.689;NAN;pkssw,htru_pks;
840;J1412+7922;-40.000;-56.000;NAN;55449.50;118.318;37.020;213.23277917;79.36774861;0.058199;3.29e-15;NAN;NAN;NAN;NAN;NAN;NAN;0.000;0.000;8.500;XRS:1RXS_J141256.0+792204(Calvera);misc;
841;J1412-6111;NAN;NAN;NAN;51031.00;312.597;0.140;213.24841667;-61.19180556;0.529156;1.91e-15;311.80;NAN;NAN;0.44;NAN;5.284;0.013;-3.890;4.924;NAN;pksmb,htru_pks;
842;J1412-6145;NAN;NAN;NAN;55363.00;312.324;-0.366;213.03179167;-61.75791111;0.315258;9.90e-14;512.48;0.02;NAN;0.69;NAN;7.097;-0.045;-5.247;3.722;NAN;pksmb,htru_pks;
843;J1413-6141;NAN;NAN;NAN;51500.00;312.462;-0.337;213.29112500;-61.68694444;0.285625;3.33e-13;667.60;0.04;NAN;0.82;NAN;8.469;-0.050;-6.248;2.783;NAN;pksmb,htru_pks;
844;J1413-6205;NAN;NAN;NAN;54800.00;312.373;-0.736;213.37458333;-62.09388889;0.109741;2.77e-14;NAN;NAN;NAN;NAN;NAN;2.150;-0.028;-1.588;7.051;GRS:4FGL_J1413.5-6205[aab+22],GRS:1AGL_J;FermiBlind;
845;J1413-6222;NAN;NAN;NAN;51092.00;312.241;-0.988;213.27279167;-62.37438889;0.292408;2.23e-15;808.10;NAN;NAN;0.96;NAN;13.087;-0.226;-9.687;-0.296;NAN;pksmb,htru_pks;
846;J1413-6307;NAN;NAN;NAN;48375.50;312.053;-1.718;213.38048333;-63.12651389;0.394946;7.43e-15;121.98;NAN;NAN;1.20;NAN;3.037;-0.091;-2.254;6.467;NAN;pks1,htru_pks,pksmb;
847;J1414-6802;NAN;NAN;NAN;51650.00;310.590;-6.420;213.60708333;-68.04944444;4.630188;6.39e-15;153.50;NAN;NAN;0.65;NAN;5.420;-0.606;-4.090;4.996;NAN;pkssw,htru_pks;
848;J1415-6621;NAN;NAN;NAN;51396.18;311.234;-4.846;213.88029167;-66.35338889;0.392479;5.80e-16;260.17;NAN;NAN;0.50;NAN;10.430;-0.881;-7.816;1.650;NAN;pkssw,htru_pks,pksmb;
849;J1416-5033;NAN;NAN;NAN;55337.00;316.504;10.055;214.18583333;-50.55472222;0.794883;1.20e-16;58.50;NAN;NAN;0.10;NAN;1.423;0.248;-0.964;7.484;NAN;htru_pks;
850;J1416-6037;NAN;NAN;NAN;51031.00;313.179;0.535;214.12745833;-60.63319444;0.295580;4.28e-15;289.20;NAN;NAN;0.70;NAN;5.083;0.047;-3.706;5.022;NAN;pksmb,htru_pks;
851;J1418-3921;NAN;NAN;NAN;49014.00;320.820;20.461;214.70951250;-39.35514167;1.096806;8.89e-16;60.49;NAN;24.00;0.95;NAN;4.081;1.427;-2.416;5.536;NAN;pks70,gbncc,pkssw;
852;J1418-5945;NAN;NAN;NAN;51668.00;313.706;1.287;214.63458333;-59.75000000;1.672596;2.71e-16;369.00;NAN;NAN;0.18;NAN;6.140;0.138;-4.437;4.259;NAN;pksmb,htru_pks;
853;J1418-6058;NAN;NAN;NAN;54944.00;313.325;0.135;214.67791667;-60.96361111;0.110573;1.69e-13;NAN;NAN;NAN;NAN;NAN;1.885;0.004;-1.371;7.207;GRS:4FGL_J1418.7-6057[aab+22],GRS:HESS_J;FermiBlind;
854;J1420-5416;NAN;NAN;NAN;57600.00;315.793;6.360;215.12129167;-54.27297222;0.935772;2.32e-16;129.60;NAN;9.00;0.79;NAN;4.399;0.487;-3.048;5.366;NAN;mol2,htru_pks,pks70,pkssw;
855;J1420-6048;NAN;NAN;NAN;51600.00;313.541;0.227;215.03432083;-60.80456389;0.068180;8.32e-14;360.15;NAN;NAN;1.19;NAN;5.632;0.022;-4.082;4.620;GRS:4FGL_J1420.0-6048[aab+22],GRS:HESS_J;pksmb,FermiBlind,htru_pks;
856;J1422-6138;NAN;NAN;NAN;55214.00;313.521;-0.655;215.61790417;-61.64120000;0.340968;9.68e-14;NAN;NAN;NAN;0.00;NAN;NAN;-0.000;-0.000;8.500;GRS:4FGL_J1422.5-6137[aab+22];FermiBlind;
857;J1423-6953;NAN;NAN;NAN;53000.00;310.736;-8.430;215.86162500;-69.89522778;0.333411;1.45e-15;123.98;NAN;NAN;0.36;NAN;4.704;-0.690;-3.526;5.463;NAN;pkssw,htru_pks;
858;J1424-5556;NAN;NAN;NAN;52260.00;315.718;4.614;216.05316667;-55.93719444;0.770375;7.80e-16;199.00;NAN;NAN;0.38;NAN;6.206;0.499;-4.319;4.071;NAN;pksmb,htru_pks;
859;J1424-56;NAN;NAN;NAN;54831.00;315.478;3.911;216.09583333;-56.67972222;1.427000;NAN;32.90;NAN;NAN;NAN;NAN;0.949;0.065;-0.664;7.825;NAN;htru_pks;
860;J1424-5822;NAN;NAN;NAN;57600.00;314.897;2.310;216.13387500;-58.38213889;0.366736;3.94e-15;323.90;NAN;NAN;1.30;NAN;6.696;0.270;-4.739;3.778;NAN;pksmb,htru_pks;
861;J1424-6438;NAN;NAN;NAN;51780.00;312.741;-3.561;216.24666667;-64.63611111;1.023504;2.40e-16;248.00;NAN;NAN;0.24;NAN;6.079;-0.378;-4.456;4.382;NAN;pksmb;
862;J1425-5723;NAN;NAN;NAN;51468.00;315.382;3.186;216.40233333;-57.39188889;0.353263;2.20e-17;43.40;NAN;NAN;0.24;NAN;1.065;0.059;-0.747;7.743;NAN;pksmb,htru_pks;
863;J1425-5759;NAN;NAN;NAN;51496.00;315.217;2.613;216.49629167;-57.98616667;0.707868;7.42e-16;325.00;NAN;NAN;0.09;NAN;7.635;0.348;-5.373;3.087;NAN;pksmb,htru_pks;
864;J1425-6210;NAN;NAN;NAN;51031.00;313.630;-1.258;216.28208333;-62.16802778;0.501730;4.78e-16;430.10;NAN;NAN;0.19;NAN;6.851;-0.150;-4.958;3.774;NAN;pksmb,htru_pks;
865;J1426+52;NAN;NAN;NAN;NAN;93.880;59.233;216.75000000;52.16666667;0.995800;NAN;25.37;NAN;NAN;NAN;NAN;25.000;21.481;12.759;9.365;NAN;lotaas;
866;J1426-6136;NAN;NAN;NAN;NAN;313.945;-0.784;216.54862500;-61.61313889;0.283700;NAN;722.00;NAN;NAN;NAN;NAN;9.909;-0.136;-7.134;1.624;NAN;mmgps-l;
867;J1427-4158;NAN;NAN;NAN;53000.00;321.480;17.391;216.96154167;-41.98230556;1.1731;1.20e-15;65.40;NAN;NAN;0.30;NAN;3.744;1.119;-2.225;5.705;NAN;pkssw;
868;J1428-5530;NAN;NAN;NAN;57600.00;316.427;4.796;217.10933333;-55.51390556;0.570292;2.09e-15;82.40;NAN;35.00;7.67;NAN;1.897;0.159;-1.303;7.130;NAN;mol2,htru_pks,pks70,pksmb;
869;J1429-5911;NAN;NAN;NAN;54800.00;315.261;1.299;217.49416667;-59.19350000;0.115843;3.05e-14;NAN;NAN;NAN;NAN;NAN;1.955;0.044;-1.376;7.112;GRS:4FGL_J1429.9-5911[aab+22];FermiBlind;
870;J1429-5935;NAN;NAN;NAN;51232.00;315.046;0.947;217.35791667;-59.59969444;0.763915;4.28e-14;457.00;NAN;NAN;0.11;NAN;7.686;0.127;-5.430;3.062;NAN;pksmb;
871;J1430-5712;NAN;NAN;NAN;57562.00;316.036;3.127;217.56737500;-57.20872222;0.491519;4.69e-14;149.00;NAN;NAN;0.09;NAN;3.902;0.213;-2.705;5.696;NAN;htru_pks;
872;J1430-6623;-31.000;-21.000;NAN;57600.00;312.653;-5.404;217.66972917;-66.38487500;0.785443;2.78e-15;65.10;NAN;130.00;16.00;NAN;1.327;-0.125;-0.972;7.605;NAN;mol1,htru_pks,mol2,pks70,pksmb,pkss;
873;J1431-6328;NAN;NAN;NAN;58622.35;311.929;-2.037;213.33845833;-63.46905556;0.002772;NAN;228.27;NAN;NAN;NAN;NAN;4.925;-0.175;-3.662;5.211;NAN;misc;
874;J1432-5032;NAN;NAN;NAN;54842.00;318.936;9.155;218.21779167;-50.53813889;2.034989;5.92e-15;113.00;NAN;NAN;0.30;NAN;5.280;0.840;-3.424;4.570;NAN;htru_pks;
875;J1433+00;NAN;NAN;NAN;NAN;349.749;53.792;218.37500000;0.46666667;NAN;NAN;23.50;NAN;NAN;NAN;NAN;2.993;2.415;-0.315;6.760;NAN;ar327;
876;J1433-6038;NAN;NAN;NAN;54087.90;315.092;-0.197;218.30491667;-60.64297222;1.954430;5.63e-15;409.00;NAN;NAN;0.23;NAN;6.221;-0.021;-4.392;4.094;NAN;pksmb,htru_pks;
877;J1434+7257;-4.500;-7.600;NAN;56731.00;113.082;42.153;218.49889083;72.95735972;0.041741;5.48e-19;12.61;NAN;1.30;NAN;NAN;0.975;0.654;0.665;8.783;NAN;gbncc,lotaas;
878;J1434-5943;NAN;NAN;NAN;57530.00;315.645;0.563;218.74295833;-59.72822222;1.072121;2.96e-17;126.00;NAN;NAN;0.17;NAN;3.212;0.032;-2.245;6.203;NAN;htru_pks;
879;J1434-6006;NAN;NAN;NAN;51396.00;315.396;0.256;218.52208333;-60.10805556;0.306368;3.02e-15;332.00;NAN;NAN;0.24;NAN;5.297;0.024;-3.720;4.729;NAN;pksmb,htru_pks;
880;J1434-6029;NAN;NAN;NAN;51137.00;315.310;-0.130;218.66291667;-60.49694444;0.963348;1.03e-15;282.00;NAN;NAN;0.14;NAN;4.808;-0.011;-3.381;5.082;NAN;pksmb,htru_pks;
881;J1435-5954;NAN;NAN;NAN;57600.00;315.577;0.391;218.75086667;-59.91375000;0.472996;1.55e-15;44.26;NAN;NAN;1.60;NAN;1.064;0.007;-0.745;7.740;NAN;pksmb,htru_pks;
882;J1435-60;NAN;NAN;NAN;NAN;315.429;-0.002;218.78333333;-60.33333333;3.262166;NAN;507.40;NAN;NAN;0.07;NAN;7.563;-0.000;-5.308;3.112;NAN;pksmb;
883;J1436-6405;NAN;NAN;NAN;NAN;314.108;-3.543;219.15512667;-64.10791664;0.009333;NAN;148.20;NAN;NAN;NAN;NAN;3.987;-0.246;-2.857;5.730;NAN;mmgps-l;
884;J1437-5959;NAN;NAN;NAN;54827.00;315.783;0.227;219.25795833;-59.98372222;0.061696;8.59e-15;549.60;NAN;NAN;0.07;NAN;8.543;0.034;-5.958;2.377;SNR:G315.9-0.0,PWN:G315.78-0.23[nbg+12];misc;
885;J1437-6146;NAN;NAN;NAN;51614.00;315.101;-1.422;219.31379167;-61.76722222;0.467616;6.33e-15;200.50;NAN;NAN;0.24;NAN;4.253;-0.106;-3.001;5.488;NAN;pksmb,htru_pks;
886;J1437-62;NAN;NAN;NAN;NAN;314.732;-2.423;219.44166667;-62.83333333;0.777994;NAN;327.00;NAN;NAN;0.06;NAN;6.662;-0.282;-4.729;3.816;NAN;pksmb;
887;J1439+7655;NAN;NAN;NAN;56657.00;115.390;38.575;219.84166667;76.92944444;0.947903;NAN;22.29;NAN;NAN;NAN;NAN;2.047;1.276;1.446;9.186;NAN;gbncc;
888;J1440-6344;NAN;NAN;NAN;57600.00;314.646;-3.384;220.13025000;-63.74677778;0.459607;1.12e-15;124.20;NAN;21.00;0.78;NAN;3.446;-0.203;-2.447;6.083;NAN;mol2,htru_pks,pks70,pksmb;
889;J1441-6137;NAN;NAN;NAN;51670.00;315.646;-1.505;220.43458333;-61.62333333;1.175840;3.60e-16;166.00;NAN;NAN;0.15;NAN;3.882;-0.102;-2.713;5.725;NAN;pksmb,htru_pks;
890;J1443-5122;NAN;NAN;NAN;54800.00;320.135;7.717;220.86237500;-51.37388889;0.732061;3.38e-16;87.00;NAN;NAN;0.60;NAN;2.979;0.400;-1.892;6.234;NAN;htru_pks;
891;J1444+18;NAN;NAN;NAN;NAN;19.904;62.494;221.12500000;18.16666667;1.132600;NAN;16.50;NAN;NAN;NAN;NAN;1.659;1.471;0.261;7.780;NAN;pumps;
892;J1444-5941;NAN;NAN;NAN;51137.00;316.791;0.098;221.19375000;-59.68861111;2.760228;8.23e-15;177.10;NAN;NAN;0.42;NAN;3.844;0.007;-2.632;5.698;NAN;pksmb,htru_pks;
893;J1444-6026;NAN;NAN;NAN;53893.00;316.400;-0.544;221.02508333;-60.43594444;4.758576;1.85e-14;367.70;NAN;NAN;NAN;NAN;5.823;-0.055;-4.015;4.283;NAN;pksmb;
894;J1447-5757;NAN;NAN;NAN;59293.00;317.793;1.548;221.75000000;-57.95000000;0.158730;1.17e-14;NAN;NAN;NAN;NAN;NAN;NAN;0.000;-0.000;8.500;GRS:4FGL_J1447.4-5757[aab+22];FermiAssoc;
895;J1449-5846;NAN;NAN;NAN;51507.00;317.720;0.664;222.35595833;-58.77788889;0.463330;8.60e-17;216.60;NAN;NAN;0.28;NAN;4.169;0.048;-2.805;5.416;NAN;pksmb,htru_pks;
896;J1449-6339;NAN;NAN;NAN;NAN;315.627;-3.744;222.47658542;-63.65688889;0.029466;NAN;75.40;NAN;NAN;NAN;NAN;1.501;-0.098;-1.047;7.429;NAN;mmgps-l;
897;J1452-5549;NAN;NAN;NAN;NAN;319.358;3.153;223.03108167;-55.82136108;0.075253;NAN;184.00;NAN;NAN;NAN;NAN;4.273;0.235;-2.779;5.263;NAN;mmgps-l;
898;J1452-5851;NAN;NAN;NAN;55367.00;318.087;0.398;223.21916667;-58.85366667;0.386643;5.07e-14;260.50;NAN;NAN;0.33;NAN;4.504;0.031;-3.009;5.148;NAN;pksmb,htru_pks;
899;J1452-6036;NAN;NAN;NAN;58320.00;317.296;-1.169;223.21618750;-60.60873056;0.154992;1.45e-15;349.52;NAN;NAN;1.90;1.36;6.134;-0.125;-4.159;3.993;NAN;pksmb,htru_pks;
900;J1453+1902;0.858;-10.879;-1.100;57206.00;23.395;60.812;223.44049735;19.03669839;0.005792;1.17e-20;14.00;NAN;2.00;0.16;NAN;1.262;1.102;0.244;7.935;NAN;ar4,fast_gpps;
901;J1453-6413;-16.000;-21.300;NAN;58082.00;315.733;-4.427;223.38605417;-64.22113056;0.179488;2.74e-15;71.25;NAN;230.00;18.00;NAN;2.800;-0.216;-1.949;6.501;NAN;mol1,htru_pks,mol2,pks70,pksmb;
902;J1454-5416;NAN;NAN;NAN;NAN;320.360;4.374;223.62400000;-54.28055556;0.396459;NAN;141.74;NAN;NAN;NAN;NAN;3.884;0.296;-2.471;5.518;NAN;mmgps-l;
903;J1455-59;NAN;NAN;NAN;50841.70;318.101;-0.203;223.77500000;-59.38333333;0.176191;NAN;498.00;NAN;NAN;1.60;NAN;6.693;-0.024;-4.470;3.518;NAN;pksmb;
904;J1456-48;NAN;NAN;NAN;56657.00;323.492;9.837;224.00000000;-48.00000000;0.536810;NAN;133.00;NAN;NAN;NAN;NAN;9.337;1.595;-5.473;1.105;NAN;ghrss;
905;J1456-6843;-39.500;-12.300;2.200;57600.00;313.868;-8.543;223.99967917;-68.72763889;0.263377;9.89e-17;8.61;0.00;350.00;64.00;NAN;0.430;-0.064;-0.307;8.205;NAN;mol1,htru_pks,mol2,pks70,pkssw;
906;J1457-5122;NAN;NAN;NAN;57600.00;322.134;6.722;224.41705417;-51.38191667;1.748308;5.30e-15;37.00;NAN;4.00;1.38;NAN;0.994;0.116;-0.606;7.721;NAN;mol2,htru_pks,pks70,pkssw;
907;J1457-5900;NAN;NAN;NAN;51462.00;318.561;-0.027;224.41250000;-59.01416667;1.498637;3.66e-15;175.00;NAN;NAN;0.24;NAN;3.738;-0.002;-2.474;5.698;NAN;pksmb,htru_pks;
908;J1457-5902;NAN;NAN;NAN;51312.00;318.538;-0.037;224.38291667;-59.03444444;0.390739;1.23e-14;477.20;NAN;NAN;0.26;NAN;6.366;-0.004;-4.215;3.729;NAN;pksmb,htru_pks;
909;J1459-6053;NAN;NAN;NAN;54935.00;317.886;-1.791;224.87495833;-60.88908333;0.103151;2.53e-14;NAN;NAN;NAN;NAN;NAN;1.840;-0.058;-1.233;7.136;GRS:4FGL_J1459.5-6053[aab+22];FermiBlind;
910;J1500-6054;NAN;NAN;NAN;NAN;318.009;-1.876;225.17983333;-60.90594444;0.213661;NAN;419.20;NAN;NAN;NAN;NAN;10.464;-0.343;-6.997;0.727;NAN;mmgps-l;
911;J1501-0046;NAN;NAN;NAN;55170.00;356.582;48.051;225.43731583;-0.77320000;0.464037;2.39e-16;22.20;NAN;NAN;NAN;NAN;2.120;1.577;-0.084;7.085;NAN;gbt350,gbncc,fast_gpps;
912;J1501-5637;NAN;NAN;NAN;51506.00;320.181;1.810;225.46250000;-56.63000000;0.782949;1.70e-16;258.00;NAN;NAN;0.21;NAN;4.938;0.156;-3.161;4.709;NAN;pksmb,htru_pks;
913;J1502+28;NAN;NAN;NAN;NAN;42.780;61.127;225.53750000;28.21666667;3.784000;NAN;14.00;NAN;NAN;NAN;NAN;1.289;1.129;0.423;8.043;NAN;misc;
914;J1502+4653;NAN;NAN;NAN;58645.00;79.306;57.626;225.58262500;46.89094444;1.752508;1.72e-16;26.60;NAN;NAN;NAN;NAN;25.000;21.114;13.153;6.016;NAN;fast_crafts;
915;J1502-5653;NAN;NAN;NAN;51780.00;320.186;1.505;225.73912083;-56.89422500;0.535504;1.83e-15;194.00;NAN;NAN;0.39;NAN;3.961;0.104;-2.535;5.458;NAN;pksmb,htru_pks;
916;J1502-5828;NAN;NAN;NAN;51297.00;319.395;0.133;225.68250000;-58.47833333;0.668105;3.64e-14;584.00;NAN;NAN;0.50;NAN;7.092;0.016;-4.616;3.116;NAN;pksmb,htru_pks;
917;J1502-6128;NAN;NAN;NAN;51708.00;317.921;-2.483;225.62433333;-61.48063889;0.842104;1.35e-15;256.50;NAN;NAN;0.56;NAN;5.190;-0.225;-3.475;4.651;NAN;pksmb,htru_pks;
918;J1503+2111;NAN;NAN;NAN;NAN;29.062;59.296;225.97750000;21.18591667;3.314002;1.40e-16;3.26;NAN;1.30;NAN;NAN;0.244;0.210;0.061;8.391;NAN;ar4,ar327;
919;J1504-5621;NAN;NAN;NAN;51505.00;320.671;1.849;226.20475000;-56.35888889;0.412985;5.53e-15;148.60;NAN;NAN;0.24;NAN;3.548;0.114;-2.247;5.757;NAN;pksmb,htru_pks;
920;J1504-5659;NAN;NAN;NAN;57483.00;320.328;1.318;226.13327917;-56.98872222;1.672372;1.43e-15;454.20;NAN;NAN;0.11;NAN;11.275;0.259;-7.196;-0.176;NAN;htru_pks;
921;J1505-25;NAN;NAN;NAN;NAN;337.601;28.735;226.25000000;-25.00000000;0.999000;NAN;44.70;NAN;NAN;NAN;NAN;4.019;1.932;-1.343;5.242;NAN;gbncc;
922;J1505-2524;NAN;NAN;NAN;57077.00;337.418;28.344;226.34387083;-25.41391667;0.999250;9.80e-16;44.79;NAN;NAN;NAN;NAN;3.905;1.854;-1.320;5.327;NAN;misc;
923;J1506-5158;NAN;NAN;NAN;43613.68;323.076;5.534;226.66458333;-51.96944444;0.840739;6.37e-15;61.00;NAN;5.00;3.75;NAN;1.384;0.133;-0.828;7.399;NAN;mol2;
924;J1507-4352;NAN;NAN;NAN;57600.00;327.339;12.459;226.89239583;-43.86779167;0.286758;1.58e-15;48.70;NAN;16.00;0.90;NAN;1.394;0.301;-0.735;7.354;NAN;mol2,htru_pks,pks70,pkssw;
925;J1507-5800;NAN;NAN;NAN;57604.00;320.118;0.258;226.76460000;-58.01561111;0.897254;2.60e-16;429.50;NAN;NAN;0.20;NAN;5.893;0.026;-3.779;3.978;NAN;htru_pks;
926;J1507-6640;NAN;NAN;NAN;57600.00;315.858;-7.297;226.95264167;-66.68273889;0.355656;1.15e-15;129.80;NAN;13.00;0.60;NAN;4.792;-0.609;-3.310;5.089;NAN;mol2,htru_pks,pkssw;
927;J1509+5531;-73.640;-62.650;0.470;52275.00;91.325;52.287;227.35679083;55.52566500;0.739682;5.00e-15;19.62;0.00;114.00;8.00;NAN;2.100;1.661;1.284;8.530;NAN;gb1,gb2,gb3,gb4,gbncc,lotaas;
928;J1509-5850;NAN;NAN;NAN;55378.00;319.972;-0.621;227.36315000;-58.84889167;0.088925;9.17e-15;142.10;NAN;NAN;0.21;NAN;3.371;-0.037;-2.168;5.919;GRS:4FGL_J1509.4-5850[aab+22],XRS:PWN[hb;pksmb,FermiBlind;
929;J1509-6015;NAN;NAN;NAN;51759.00;319.228;-1.815;227.28125000;-60.25516667;0.339038;2.12e-15;423.60;NAN;NAN;0.17;NAN;11.090;-0.351;-7.239;0.106;NAN;pksmb,htru_pks;
930;J1510-4422;NAN;NAN;NAN;43557.99;327.586;11.729;227.70375000;-44.36861111;0.943871;6.10e-16;84.00;NAN;14.00;NAN;NAN;4.128;0.839;-2.167;5.088;NAN;mol2,htru_pks,pks70,pkssw;
931;J1511-5414;NAN;NAN;NAN;57600.00;322.598;3.177;227.96368750;-54.24453333;0.200384;4.85e-16;84.76;NAN;NAN;0.75;NAN;2.430;0.135;-1.474;6.573;NAN;pksmb,htru_pks;
932;J1511-5835;NAN;NAN;NAN;51397.00;320.289;-0.508;227.77916667;-58.59111111;0.301511;3.44e-16;329.40;0.02;NAN;0.50;NAN;5.122;-0.045;-3.272;4.560;NAN;pksmb,htru_pks;
933;J1512-5431;NAN;NAN;NAN;51709.00;322.486;2.920;228.02375000;-54.52194444;2.040532;1.92e-15;219.00;NAN;NAN;0.38;NAN;5.115;0.261;-3.111;4.448;NAN;pksmb,htru_pks;
934;J1512-5759;NAN;NAN;NAN;55383.00;320.772;-0.108;228.17933333;-57.99994444;0.128699;6.85e-15;627.47;0.01;NAN;7.80;NAN;6.835;-0.013;-4.322;3.205;NAN;pks1,htru_pks,pksmb;
935;J1512-6029;NAN;NAN;NAN;NAN;319.458;-2.233;228.11312500;-60.49866667;0.229595;NAN;337.00;NAN;NAN;NAN;NAN;9.297;-0.362;-6.038;1.440;NAN;mmgps-l;
936;J1513-5739;NAN;NAN;NAN;51137.00;321.097;0.104;228.49579167;-57.65038889;0.973458;2.75e-14;469.70;NAN;NAN;0.77;NAN;5.890;0.011;-3.699;3.916;NAN;pksmb,htru_pks;
937;J1513-5908;NAN;NAN;NAN;55336.00;320.321;-1.162;228.48254583;-59.13600000;0.151582;1.53e-12;252.50;NAN;1.50;1.43;NAN;4.400;-0.089;-2.809;5.114;SNR:G320.4-1.2,GRS:AGILE[ppp+09];misc,htru_pks,pksmb;
938;J1513-5946;NAN;NAN;NAN;54909.00;319.970;-1.697;228.43658333;-59.77552778;1.046117;8.53e-15;171.70;NAN;NAN;NAN;NAN;3.757;-0.111;-2.415;5.625;NAN;pksmb;
939;J1513-6013;NAN;NAN;NAN;57633.00;319.753;-2.091;228.47508333;-60.22402778;1.958737;1.37e-15;322.70;NAN;NAN;0.20;NAN;7.927;-0.289;-5.118;2.454;NAN;htru_pks;
940;J1514-4834;NAN;NAN;NAN;57600.00;325.872;7.835;228.56067917;-48.57221389;0.454840;9.26e-16;51.50;NAN;8.50;1.30;NAN;1.243;0.169;-0.691;7.481;NAN;mol2,htru_pks,pks70,pkssw;
941;J1514-5316;NAN;NAN;NAN;57892.00;323.461;3.798;228.66733333;-53.26730556;0.296279;1.60e-18;27.10;NAN;NAN;0.15;NAN;0.850;0.056;-0.505;7.819;NAN;htru_pks;
942;J1514-5925;NAN;NAN;NAN;55415.00;320.284;-1.482;228.74625000;-59.42875000;0.148797;2.88e-15;192.51;0.02;NAN;0.29;NAN;3.906;-0.101;-2.495;5.496;NAN;pksmb,htru_pks;
943;J1515+20;NAN;NAN;NAN;NAN;29.959;56.730;228.75000000;20.85000000;1.147000;NAN;22.00;NAN;NAN;NAN;NAN;2.734;2.286;0.749;7.201;NAN;pumps;
944;J1515-5720;NAN;NAN;NAN;55380.00;321.389;0.281;228.78845833;-57.34726389;0.286648;6.09e-15;480.60;NAN;NAN;0.25;NAN;6.069;0.030;-3.787;3.758;NAN;pksmb,htru_pks;
945;J1517-313;NAN;NAN;NAN;NAN;336.227;21.910;229.46250000;-31.33333333;0.140668;NAN;51.00;NAN;0.60;NAN;NAN;3.294;1.229;-1.232;5.703;NAN;misc;
946;J1517-314;NAN;NAN;NAN;NAN;336.227;21.910;229.46250000;-31.33333333;1.103726;NAN;61.70;NAN;0.40;NAN;NAN;5.440;2.030;-2.035;3.881;NAN;misc;
947;J1517-32;NAN;NAN;NAN;56387.00;335.397;21.105;229.25416667;-32.43472222;0.064402;NAN;25.30;NAN;NAN;NAN;NAN;0.966;0.348;-0.375;7.681;NAN;htru_pks,gbncc;
948;J1517-4356;NAN;NAN;NAN;51500.00;328.850;11.463;229.36391667;-43.93830556;0.650837;2.16e-16;87.78;NAN;NAN;0.50;NAN;4.473;0.889;-2.268;4.748;NAN;pkssw,htru_pks;
949;J1517-4636;NAN;NAN;NAN;55210.00;327.399;9.217;229.37240000;-46.60016667;0.886612;2.10e-15;127.00;NAN;NAN;0.30;NAN;7.674;1.229;-4.081;2.119;NAN;htru_pks;
950;J1518+0204A;4.130;-10.030;0.141;54000.00;3.870;46.802;229.63884554;2.09095317;0.005554;4.13e-20;30.00;NAN;NAN;0.14;NAN;7.480;5.453;0.346;3.391;GC:M5(NGC5904);misc,fast_gpps;
951;J1518-0627;NAN;NAN;NAN;55170.00;355.146;41.002;229.74629333;-6.45213889;0.794997;4.18e-16;27.96;NAN;NAN;NAN;NAN;2.679;1.758;-0.171;6.485;NAN;gbt350,gbncc;
952;J1518-3952;NAN;NAN;NAN;56442.00;331.368;14.715;229.73736667;-39.87508333;0.499196;2.37e-16;102.40;NAN;NAN;0.90;NAN;12.299;3.124;-5.700;-1.941;NAN;htru_pks,gbncc;
953;J1518-5415;NAN;NAN;NAN;54220.60;323.383;2.675;229.55625000;-54.26250000;0.214925;4.06e-17;167.20;NAN;NAN;0.08;NAN;3.768;0.176;-2.245;5.479;NAN;pksmb,htru_pks;
954;J1519-5734;NAN;NAN;NAN;53105.00;321.800;-0.238;229.94829167;-57.57044444;0.518758;4.27e-15;654.70;0.12;NAN;0.45;NAN;6.799;-0.028;-4.204;3.157;NAN;pksmb,htru_pks;
955;J1519-6106;NAN;NAN;NAN;53048.00;319.876;-3.216;229.89920833;-61.11516667;2.154307;8.37e-15;221.00;NAN;NAN;0.19;NAN;5.047;-0.283;-3.247;4.647;NAN;pksmb,htru_pks;
956;J1519-6308;NAN;NAN;NAN;52144.00;318.743;-4.896;229.78983333;-63.13875000;1.254052;5.96e-15;250.00;NAN;NAN;0.32;NAN;12.365;-1.055;-8.124;-0.762;NAN;pksmb,htru_pks;
957;J1520-5402;NAN;NAN;NAN;NAN;323.833;2.659;230.21745833;-54.03483333;0.270699;NAN;33.70;NAN;NAN;NAN;NAN;0.927;0.043;-0.546;7.752;NAN;mmgps-l;
958;J1522-5525;NAN;NAN;NAN;51097.00;323.231;1.397;230.52791667;-55.42152778;1.389605;3.30e-15;79.00;NAN;NAN;0.25;NAN;2.000;0.049;-1.197;6.898;NAN;pksmb,htru_pks;
959;J1522-5735;NAN;NAN;NAN;55250.00;322.052;-0.415;230.52208333;-57.58333333;0.102136;3.12e-14;NAN;NAN;NAN;0.00;NAN;NAN;-0.000;-0.000;8.500;GRS:4FGL_J1521.9-5735[aab+22],SNR:G321.9;FermiBlind;
960;J1522-5829;NAN;NAN;NAN;57600.00;321.630;-1.215;230.67601667;-58.48411528;0.395354;2.06e-15;199.90;0.00;NAN;6.00;NAN;3.882;-0.082;-2.409;5.457;NAN;pks1,htru_pks,pksmb;
961;J1523-3235;NAN;NAN;NAN;57934.00;336.517;20.172;230.90708333;-32.59502778;1.504835;9.53e-16;72.30;NAN;NAN;0.20;NAN;7.997;2.758;-2.991;1.615;NAN;pks_superb,gbncc;
962;J1524-5625;NAN;NAN;NAN;51733.00;323.000;0.351;231.20775000;-56.42316667;0.078219;3.90e-14;152.20;NAN;NAN;1.28;NAN;3.378;0.021;-2.033;5.802;NAN;pksmb,htru_pks;
963;J1524-5706;NAN;NAN;NAN;55383.00;322.568;-0.186;231.08925000;-57.10962222;1.116174;3.56e-13;832.00;NAN;NAN;0.45;NAN;7.435;-0.024;-4.519;2.596;NAN;pksmb,htru_pks;
964;J1524-5819;NAN;NAN;NAN;54174.80;321.907;-1.201;231.10270833;-58.32058333;0.961043;1.26e-13;406.60;NAN;NAN;0.09;NAN;7.546;-0.158;-4.654;2.563;NAN;pksmb;
965;J1525-5417;NAN;NAN;NAN;51463.00;324.258;2.078;231.36812500;-54.28888889;1.011694;1.62e-14;235.00;NAN;NAN;0.18;NAN;4.880;0.177;-2.849;4.542;NAN;pksmb,htru_pks;
966;J1525-5523;NAN;NAN;NAN;55682.00;323.662;1.151;231.40026667;-55.39088889;0.355156;8.96e-18;124.70;NAN;NAN;0.21;NAN;3.132;0.063;-1.856;5.978;NAN;htru_pks;
967;J1525-5605;NAN;NAN;NAN;51467.00;323.286;0.565;231.42270833;-56.08694444;0.280349;1.16e-16;333.50;NAN;NAN;0.25;NAN;5.078;0.050;-3.036;4.430;NAN;pksmb,htru_pks;
968;J1526-5633;NAN;NAN;NAN;51490.00;323.136;0.093;231.67166667;-56.56194444;0.301888;1.23e-16;329.00;NAN;NAN;0.11;NAN;4.796;0.008;-2.877;4.663;NAN;pksmb;
969;J1526-5652;NAN;NAN;NAN;NAN;322.945;-0.147;231.62529167;-56.86802778;0.848913;NAN;430.00;NAN;NAN;NAN;NAN;5.380;-0.014;-3.242;4.206;NAN;mmgps-l;
970;J1527-3931;NAN;NAN;NAN;57600.00;333.050;14.020;231.99511667;-39.52616667;2.417605;1.91e-14;48.80;NAN;11.00;NAN;NAN;1.691;0.410;-0.744;7.038;NAN;mol2,gbncc,htru_pks,pks70,pkssw;
971;J1527-5552;NAN;NAN;NAN;57600.00;323.638;0.590;231.91972500;-55.86898667;1.048719;1.13e-14;370.06;0.00;17.00;0.84;NAN;5.381;0.055;-3.190;4.167;NAN;mol2,htru_pks,pks70,pksmb;
972;J1528-4109;NAN;NAN;NAN;51500.00;332.106;12.671;232.03347083;-41.15800000;0.526556;3.96e-16;89.50;NAN;NAN;0.60;NAN;5.453;1.196;-2.489;3.798;NAN;pkssw,htru_pks;
973;J1528-5547;NAN;NAN;NAN;55839.00;323.796;0.579;232.16325000;-55.78972222;3.467302;7.75e-15;269.00;NAN;NAN;0.07;NAN;4.471;0.045;-2.641;4.892;NAN;htru_pks;
974;J1528-5838;NAN;NAN;NAN;55806.00;322.166;-1.752;232.10125000;-58.63361111;0.355687;2.48e-14;NAN;NAN;NAN;NAN;NAN;NAN;-0.000;-0.000;8.500;GRS:4FGL_J1528.4-5838[aab+22];FermiBlind;
975;J1529+40;NAN;NAN;NAN;NAN;66.183;54.907;232.30000000;40.81666667;0.476400;NAN;6.60;NAN;NAN;NAN;NAN;0.498;0.407;0.262;8.384;NAN;misc,lotaas,fast_gpps;
976;J1529-26;NAN;NAN;NAN;NAN;341.832;24.728;232.25000000;-26.00000000;0.799000;NAN;44.60;NAN;NAN;NAN;NAN;3.008;1.258;-0.852;5.904;NAN;gbncc;
977;J1529-5102;NAN;NAN;NAN;NAN;326.575;4.423;232.35650000;-51.04944444;1.268454;NAN;193.80;NAN;NAN;NAN;NAN;6.232;0.481;-3.423;3.314;NAN;mmgps-l;
978;J1529-5355;NAN;NAN;NAN;51485.00;325.006;2.009;232.49000000;-53.92666667;0.891265;8.10e-16;292.00;NAN;NAN;0.37;NAN;6.240;0.219;-3.576;3.391;NAN;pksmb,htru_pks;
979;J1529-5611;NAN;NAN;NAN;51311.00;323.678;0.173;232.39916667;-56.19138889;0.822249;4.10e-15;149.00;NAN;NAN;0.14;NAN;3.321;0.010;-1.967;5.824;NAN;pksmb,htru_pks;
980;J1530-21;NAN;NAN;NAN;NAN;345.574;28.452;232.50000000;-21.00000000;0.505000;NAN;38.05;NAN;NAN;NAN;NAN;2.696;1.284;-0.591;6.204;NAN;gbncc;
981;J1530-2114;NAN;NAN;NAN;56994.00;345.543;28.161;232.67916667;-21.23916667;0.505339;4.64e-16;37.95;NAN;NAN;NAN;NAN;2.636;1.244;-0.580;6.250;NAN;misc;
982;J1530-5327;NAN;NAN;NAN;55431.00;325.328;2.347;232.61205000;-53.46556111;0.278958;4.68e-15;49.60;NAN;NAN;0.92;NAN;1.123;0.046;-0.638;7.577;NAN;pksmb,htru_pks;
983;J1530-5724;NAN;NAN;NAN;NAN;323.078;-0.894;232.60450000;-57.41030556;0.568030;NAN;253.60;NAN;NAN;NAN;NAN;4.375;-0.068;-2.628;5.003;NAN;mmgps-l;
984;J1530-6343;NAN;NAN;NAN;56093.00;319.506;-6.101;232.69836667;-63.72044444;0.910320;8.25e-16;206.00;NAN;NAN;0.37;NAN;11.449;-1.217;-7.392;-0.157;NAN;htru_pks;
985;J1531-4012;NAN;NAN;NAN;51500.00;333.147;13.113;232.78354167;-40.20858333;0.356849;9.63e-17;106.65;NAN;NAN;0.40;NAN;9.528;2.162;-4.192;0.221;NAN;pkssw;
986;J1531-5610;NAN;NAN;NAN;55304.00;323.897;0.033;232.86625417;-56.18203611;0.084206;1.38e-14;110.41;NAN;NAN;0.87;NAN;2.841;0.002;-1.674;6.205;GRS:4FGL_J1531.5-5612[aab+22];pksmb,FermiAssoc,htru_pks;
987;J1532+2745;1.500;18.930;0.590;56000.00;43.481;54.495;233.04318583;27.76378417;1.124836;7.80e-16;14.69;0.00;13.00;0.80;NAN;1.490;1.213;0.595;7.872;NAN;gb1,ar327,ar4,gb4,lotaas;
988;J1532-5308;NAN;NAN;NAN;51587.00;325.780;2.434;233.14791667;-53.13500000;0.443825;6.50e-17;181.00;NAN;NAN;0.25;NAN;3.825;0.162;-2.149;5.340;NAN;pksmb,htru_pks;
989;J1532-56;NAN;NAN;NAN;56657.00;323.790;-0.321;233.07500000;-56.53333333;0.522977;NAN;282.00;NAN;NAN;0.10;NAN;4.440;-0.025;-2.623;4.918;NAN;htru_pks;
990;J1534-4428;NAN;NAN;NAN;55337.00;331.161;9.261;233.71666667;-44.46927778;1.221426;1.80e-16;137.30;NAN;NAN;0.70;NAN;9.641;1.552;-4.590;0.165;NAN;htru_pks;
991;J1534-46;NAN;NAN;NAN;54831.00;330.007;7.910;233.53333333;-46.23333333;0.364835;NAN;64.00;NAN;NAN;NAN;NAN;2.036;0.280;-1.008;6.753;NAN;pkssw;
992;J1534-5334;-27.000;-12.000;NAN;57600.00;325.715;1.944;233.53449167;-53.57212778;1.368882;1.43e-15;24.82;NAN;70.00;6.80;NAN;0.810;0.027;-0.456;7.831;NAN;mol1,htru_pks,mol2,pks1,pks70,pksmb;
993;J1534-5405;NAN;NAN;NAN;48360.60;325.463;1.483;233.63995833;-54.09436111;0.289689;1.54e-15;190.82;NAN;NAN;1.40;NAN;3.748;0.097;-2.124;5.414;NAN;pks1,htru_pks,pksmb;
994;J1535-4114;NAN;NAN;NAN;51500.00;333.175;11.821;233.82112500;-41.23419444;0.432866;4.07e-15;66.28;NAN;NAN;2.90;NAN;2.770;0.567;-1.223;6.081;NAN;pkssw,htru_pks;
995;J1535-4415;NAN;NAN;NAN;53000.00;331.447;9.324;233.98300000;-44.25233333;0.468402;4.05e-17;110.70;NAN;NAN;NAN;NAN;5.818;0.943;-2.744;3.457;NAN;pkssw,htru_pks;
996;J1535-5450;NAN;NAN;NAN;51448.00;325.194;0.757;233.99275000;-54.84055556;0.566734;1.43e-14;219.80;NAN;NAN;0.17;NAN;3.946;0.052;-2.252;5.260;NAN;pksmb,htru_pks;
997;J1535-5848;NAN;NAN;NAN;51760.00;322.797;-2.406;233.81983333;-58.80769444;0.307178;2.72e-15;107.00;NAN;NAN;0.35;NAN;2.971;-0.125;-1.795;6.136;NAN;pksmb,htru_pks;
998;J1536+17;NAN;NAN;NAN;NAN;27.983;50.988;234.06250000;17.81666667;0.933300;NAN;29.00;NAN;NAN;NAN;NAN;25.000;19.425;7.384;-5.397;NAN;misc;
999;J1536-30;NAN;NAN;NAN;NAN;340.437;20.638;234.00000000;-30.00000000;1.901000;NAN;63.60;NAN;NAN;NAN;NAN;5.285;1.863;-1.656;3.840;NAN;gbncc;
1000;J1536-3602;NAN;NAN;NAN;53000.00;336.555;15.841;234.07242500;-36.04966667;1.319759;7.90e-16;86.80;NAN;NAN;1.90;NAN;7.619;2.080;-2.916;1.775;NAN;pkssw,gbncc;
1001;J1536-5433;NAN;NAN;NAN;51138.00;325.374;0.980;234.02008333;-54.55416667;0.881438;1.91e-15;147.50;NAN;NAN;1.80;NAN;3.306;0.057;-1.878;5.780;NAN;pksmb,htru_pks;
1002;J1536-5907;NAN;NAN;NAN;54211.60;322.722;-2.734;234.07383333;-59.11766667;0.557841;1.37e-15;316.00;NAN;NAN;0.22;NAN;8.135;-0.388;-4.922;2.034;NAN;pksmb,htru_pks;
1003;J1536-6142;NAN;NAN;NAN;NAN;321.263;-4.873;234.24072500;-61.70322211;0.369501;NAN;292.00;NAN;NAN;NAN;NAN;16.941;-1.439;-10.562;-4.667;NAN;mmgps-l;
1004;J1537-4912;NAN;NAN;NAN;53000.00;328.705;5.181;234.36750000;-49.20083333;0.301311;1.93e-15;69.70;NAN;NAN;0.31;NAN;2.055;0.186;-1.063;6.751;NAN;pkssw,pksmb;
1005;J1537-5153;NAN;NAN;NAN;51423.00;327.088;3.035;234.31554167;-51.88500000;1.528124;4.17e-15;93.00;NAN;NAN;0.07;NAN;2.745;0.145;-1.489;6.199;NAN;pksmb,htru_pks;
1006;J1537-5645;NAN;NAN;NAN;51306.00;324.283;-0.943;234.46250000;-56.75111111;0.430464;2.78e-15;707.00;NAN;NAN;1.00;NAN;8.465;-0.139;-4.941;1.628;NAN;pksmb,htru_pks;
1007;J1537-61;NAN;NAN;NAN;NAN;321.273;-4.876;234.26250000;-61.70000000;0.369501;NAN;288.70;NAN;NAN;0.08;NAN;16.581;-1.409;-10.336;-4.389;NAN;pksmb;
1008;J1538+2345;NAN;NAN;NAN;56745.00;37.318;52.391;234.52529167;23.75111111;3.449385;6.89e-15;14.91;NAN;NAN;NAN;NAN;1.313;1.040;0.486;7.863;NAN;gbt350,ar327,fast_gpps;
1009;J1538-5438;NAN;NAN;NAN;51138.00;325.645;0.679;234.70395833;-54.63805556;0.276726;1.42e-15;136.90;NAN;NAN;0.24;NAN;3.179;0.038;-1.794;5.876;NAN;pksmb,htru_pks;
1010;J1538-5519;NAN;NAN;NAN;54221.10;325.219;0.134;234.67012500;-55.32944444;0.395731;4.10e-17;611.00;NAN;NAN;0.42;NAN;5.940;0.014;-3.388;3.621;NAN;pksmb,htru_pks;
1011;J1538-5551;NAN;NAN;NAN;55421.00;324.912;-0.299;234.68756667;-55.86026389;0.104676;3.21e-15;602.67;0.02;NAN;0.33;NAN;5.978;-0.031;-3.436;3.608;NAN;pksmb,htru_pks;
1012;J1538-5621;NAN;NAN;NAN;55912.00;324.608;-0.703;234.68037500;-56.36541667;1.908494;7.31e-15;150.00;NAN;NAN;0.14;NAN;3.313;-0.041;-1.919;5.799;NAN;htru_pks;
1013;J1538-5638;NAN;NAN;NAN;51490.00;324.378;-0.871;234.52375000;-56.63666667;0.843980;7.12e-15;546.00;NAN;NAN;0.28;NAN;7.042;-0.107;-4.101;2.776;NAN;pksmb,htru_pks;
1014;J1538-5732;NAN;NAN;NAN;51803.00;323.865;-1.617;234.57575000;-57.54147222;0.341213;4.55e-15;152.70;NAN;NAN;0.35;NAN;3.428;-0.097;-2.021;5.733;NAN;pksmb,htru_pks;
1015;J1538-5750;NAN;NAN;NAN;51484.00;323.672;-1.843;234.53504167;-57.83808333;0.506568;4.20e-17;91.00;NAN;NAN;0.06;NAN;2.519;-0.081;-1.492;6.472;NAN;pksmb;
1016;J1539-4828;NAN;NAN;NAN;54845.00;329.428;5.541;234.92016667;-48.48250000;1.272842;1.27e-15;117.00;NAN;NAN;0.20;NAN;3.465;0.335;-1.754;5.531;NAN;pksmb,htru_pks;
1017;J1539-5521;NAN;NAN;NAN;51730.00;325.256;0.077;234.78320833;-55.35311111;1.004958;7.28e-16;380.00;NAN;NAN;0.14;NAN;4.912;0.007;-2.799;4.464;NAN;pksmb,htru_pks;
1018;J1539-5626;49.000;-36.000;NAN;55408.00;324.621;-0.806;234.80858333;-56.44063889;0.243395;4.85e-15;175.85;NAN;NAN;5.00;NAN;3.536;-0.050;-2.047;5.617;NAN;pks1,htru_pks,pksmb;
1019;J1539-6322;NAN;NAN;NAN;53000.00;320.488;-6.390;234.85291667;-63.38144444;1.630846;2.02e-16;163.50;NAN;NAN;NAN;NAN;7.094;-0.789;-4.485;3.061;NAN;pkssw,htru_pks;
1020;J1540-5736;NAN;NAN;NAN;51309.00;324.109;-1.891;235.24591667;-57.61583333;0.612916;4.21e-16;304.50;NAN;NAN;0.24;NAN;6.349;-0.209;-3.720;3.359;NAN;pksmb,htru_pks;
1021;J1540-5821;NAN;NAN;NAN;NAN;323.574;-2.427;235.04416667;-58.36541667;3.474720;NAN;427.00;NAN;NAN;NAN;NAN;11.088;-0.469;-6.578;-0.414;NAN;mmgps-l;
1022;J1541+4703;NAN;NAN;NAN;59211.00;75.497;51.394;235.27308333;47.05102778;0.277701;2.10e-16;19.40;NAN;NAN;NAN;NAN;2.033;1.589;1.228;8.182;NAN;chime;
1023;J1541-42;NAN;NAN;NAN;NAN;333.514;10.214;235.47916667;-42.31388889;NAN;NAN;60.00;NAN;NAN;NAN;NAN;2.112;0.375;-0.927;6.640;NAN;htru_pks;
1024;J1541-5535;NAN;NAN;NAN;51527.00;325.424;-0.337;235.45666667;-55.58361111;0.295838;7.50e-14;426.10;NAN;NAN;0.30;NAN;5.161;-0.030;-2.929;4.251;NAN;pksmb,htru_pks;
1025;J1542-5034;NAN;NAN;NAN;57600.00;328.567;3.577;235.68883333;-50.56768333;0.599248;4.02e-15;91.00;NAN;21.00;0.30;NAN;2.732;0.170;-1.422;6.173;NAN;pks70,htru_pks,pksmb;
1026;J1542-5133;NAN;NAN;NAN;51911.00;327.913;2.827;235.58304167;-51.55972222;1.783865;5.89e-16;186.00;NAN;NAN;0.27;NAN;4.061;0.200;-2.155;5.064;NAN;pksmb,htru_pks;
1027;J1542-5303;NAN;NAN;NAN;51491.00;327.073;1.578;235.72712500;-53.06138889;1.207568;7.78e-14;265.70;NAN;NAN;0.35;NAN;5.370;0.148;-2.918;3.994;NAN;pksmb,htru_pks;
1028;J1543+0929;-7.610;-2.870;0.130;52275.00;17.811;45.775;235.91177083;9.48787194;0.748448;4.32e-16;34.98;0.00;78.00;5.90;NAN;5.900;4.228;1.259;4.582;NAN;misc,gb4,lotaas,mol2;
1029;J1543-0620;-16.790;-0.300;0.310;56000.00;0.566;36.608;235.87557208;-6.34592556;0.709064;8.80e-16;18.30;0.00;40.00;2.00;NAN;3.000;1.789;0.024;6.092;NAN;mol2,gb2,gbncc,lotaas,pks70;
1030;J1543-5013;NAN;NAN;NAN;51456.00;328.925;3.725;235.99270833;-50.23277778;0.644255;1.01e-14;211.00;NAN;NAN;0.17;NAN;5.809;0.377;-2.992;3.535;NAN;pksmb,htru_pks;
1031;J1543-5459;NAN;NAN;NAN;55408.00;326.025;-0.044;235.98512500;-54.98750000;0.377138;5.21e-14;344.99;0.04;NAN;0.81;NAN;4.658;-0.004;-2.603;4.637;NAN;pksmb,htru_pks;
1032;J1544-0713;NAN;NAN;NAN;57317.00;359.916;35.859;236.09802917;-7.23306111;0.484130;1.14e-15;30.73;NAN;NAN;0.39;NAN;2.633;1.542;-0.003;6.366;NAN;pks_superb;
1033;J1544-5308;NAN;NAN;NAN;57600.00;327.271;1.320;236.24928917;-53.14637583;0.178554;6.03e-17;35.16;NAN;23.00;5.82;NAN;0.932;0.021;-0.504;7.716;NAN;mol2,ghrss,htru_pks,pks1,pks70,pksm;
1034;J1546-5302;NAN;NAN;NAN;51398.00;327.470;1.301;236.53083333;-53.03972222;0.580840;1.18e-14;287.00;NAN;NAN;0.32;NAN;5.334;0.121;-2.868;4.004;NAN;pksmb,htru_pks;
1035;J1546-5925;NAN;NAN;NAN;57071.00;323.575;-3.767;236.62227333;-59.42913083;0.007797;1.61e-20;168.50;NAN;NAN;0.27;NAN;4.026;-0.264;-2.385;5.268;NAN;pksmb;
1036;J1547-0944;NAN;NAN;NAN;55170.00;358.314;33.573;236.94190833;-9.73550000;1.576925;2.94e-15;37.42;NAN;NAN;NAN;NAN;3.757;2.078;-0.092;5.371;NAN;gbt350,gbncc;
1037;J1547-5056;NAN;NAN;NAN;NAN;328.881;2.865;236.76995833;-50.93861111;0.452782;NAN;107.00;NAN;NAN;NAN;NAN;2.947;0.147;-1.521;5.980;NAN;mmgps-l;
1038;J1547-5750;NAN;NAN;NAN;52044.00;324.663;-2.601;236.87750000;-57.84150000;0.647198;2.56e-17;148.00;NAN;NAN;0.23;NAN;3.464;-0.157;-2.001;5.677;NAN;pksmb,htru_pks;
1039;J1547-5839;NAN;NAN;NAN;51876.00;324.167;-3.243;236.89579167;-58.65272222;0.242190;5.94e-16;222.30;NAN;NAN;0.41;NAN;5.685;-0.322;-3.323;3.898;NAN;pksmb,htru_pks;
1040;J1548-4821;NAN;NAN;NAN;51587.00;330.649;4.753;237.09691667;-48.36380556;0.145655;8.00e-19;126.00;NAN;NAN;0.51;NAN;3.439;0.285;-1.680;5.513;NAN;pksmb,htru_pks;
1041;J1548-4927;NAN;NAN;NAN;51685.00;329.956;3.900;237.08112500;-49.46122222;0.602738;4.05e-15;141.20;NAN;NAN;0.69;NAN;3.518;0.239;-1.757;5.462;NAN;pksmb,htru_pks;
1042;J1548-5607;NAN;NAN;NAN;55408.00;325.858;-1.359;237.18339583;-56.12619444;0.170938;1.07e-14;314.66;NAN;NAN;1.39;NAN;5.702;-0.135;-3.199;3.782;NAN;pksmb,htru_pks;
1043;J1549+2113;NAN;NAN;NAN;NAN;34.625;49.129;237.42058750;21.22413889;1.262471;8.54e-16;24.06;NAN;0.90;NAN;NAN;3.035;2.295;1.128;6.866;NAN;ar4,ar327,lotaas;
1044;J1549-4848;NAN;NAN;NAN;55407.00;330.495;4.305;237.33783333;-48.80986111;0.288355;1.41e-14;55.98;NAN;17.00;1.60;NAN;1.308;0.098;-0.642;7.365;NAN;pks70,htru_pks,pksmb;
1045;J1549-57;NAN;NAN;NAN;55196.00;325.127;-2.354;237.27083333;-57.36027778;0.737500;NAN;18.00;NAN;NAN;NAN;NAN;0.704;-0.029;-0.402;7.923;NAN;htru_pks;
1046;J1549-5722;NAN;NAN;NAN;51685.00;325.198;-2.420;237.44958333;-57.36722222;0.497772;4.70e-17;102.00;NAN;NAN;0.10;NAN;2.858;-0.121;-1.630;6.155;NAN;pksmb,htru_pks;
1047;J1550-5242;NAN;NAN;NAN;51335.00;328.144;1.198;237.51229167;-52.70194444;0.749659;1.78e-14;337.70;NAN;NAN;0.32;NAN;5.644;0.118;-2.978;3.707;NAN;pksmb,htru_pks;
1048;J1550-5317;NAN;NAN;NAN;51535.00;327.780;0.737;237.52000000;-53.28916667;1.421124;9.35e-16;600.00;NAN;NAN;0.40;NAN;6.933;0.089;-3.696;2.635;NAN;pksmb,htru_pks;
1049;J1550-5418;4.800;-7.900;NAN;54795.00;327.237;-0.132;237.72551608;-54.30669836;2.069833;2.32e-11;697.00;NAN;NAN;4.00;5.30;4.000;-0.009;-2.165;5.136;XRS:1E_1547.0-5408[gg07],SNR:G327.24-0.1;misc;
1050;J1551-0658;NAN;NAN;NAN;55196.00;1.494;34.765;237.78006250;-6.96847222;0.007090;NAN;21.60;NAN;0.50;NAN;NAN;1.325;0.756;0.028;7.412;NAN;FermiAssoc;
1051;J1551-4424;NAN;NAN;NAN;55225.00;333.610;7.454;237.95008333;-44.41166667;0.674060;1.88e-16;66.50;NAN;NAN;1.00;NAN;2.227;0.289;-0.981;6.522;NAN;htru_pks;
1052;J1551-5310;NAN;NAN;NAN;55383.00;328.033;0.669;237.92083333;-53.18347222;0.453448;1.95e-13;491.60;0.13;NAN;0.72;NAN;5.878;0.069;-3.112;3.514;NAN;pksmb,htru_pks;
1053;J1551-6214;NAN;NAN;NAN;56108.00;322.300;-6.350;237.90328333;-62.23982500;0.198839;2.28e-17;122.00;NAN;NAN;0.31;NAN;3.901;-0.431;-2.371;5.432;NAN;htru_pks;
1054;J1552+5437;NAN;NAN;NAN;56285.00;85.594;47.210;238.22221321;54.61827406;0.002428;2.80e-21;22.90;NAN;NAN;NAN;NAN;2.636;1.934;1.785;8.362;GRS:4FGL_J1553.1+5438[aab+22];misc,FermiBlind;
1055;J1552-4937;-3.000;-13.000;NAN;54033.00;330.342;3.372;238.05529542;-49.63048444;0.006284;1.90e-20;113.80;NAN;NAN;0.34;NAN;3.055;0.180;-1.509;5.850;NAN;pksmb;
1056;J1553-5456;NAN;NAN;NAN;57600.00;327.186;-0.901;238.49837500;-54.93506944;1.081347;1.57e-14;210.00;NAN;13.00;0.90;NAN;3.786;-0.060;-2.051;5.318;NAN;mol2,htru_pks,pks70,pksmb;
1057;J1554+18;NAN;NAN;NAN;NAN;30.685;47.073;238.57083333;18.06666667;NAN;NAN;24.00;NAN;NAN;NAN;NAN;2.753;2.016;0.957;6.888;NAN;ar327;
1058;J1554-4854;NAN;NAN;NAN;NAN;331.122;3.677;238.67783333;-48.90041667;0.464779;NAN;255.60;NAN;NAN;NAN;NAN;7.665;0.492;-3.694;1.802;NAN;mmgps-l;
1059;J1554-5209;NAN;NAN;NAN;55039.00;329.006;1.194;238.61312500;-52.16063889;0.125230;2.29e-15;130.80;NAN;NAN;NAN;NAN;3.079;0.064;-1.585;5.861;NAN;pksmb,htru_pks;
1060;J1554-5512;NAN;NAN;NAN;51491.00;327.087;-1.175;238.66875000;-55.20916667;3.418039;3.12e-14;450.00;NAN;NAN;0.11;NAN;6.396;-0.131;-3.475;3.132;NAN;pksmb;
1061;J1555+01;NAN;NAN;NAN;NAN;10.448;38.730;238.99166667;1.13333333;NAN;NAN;18.50;NAN;NAN;NAN;NAN;1.253;0.784;0.177;7.539;NAN;misc;
1062;J1555-0515;NAN;NAN;NAN;54985.00;3.973;34.969;238.91707083;-5.26594444;0.975410;2.05e-15;23.46;NAN;NAN;NAN;NAN;1.548;0.887;0.088;7.235;NAN;gbt350,gbncc;
1063;J1555-2341;NAN;NAN;NAN;49899.00;348.441;22.500;238.88826808;-23.68607516;0.532578;6.94e-16;51.90;NAN;7.60;0.90;NAN;3.746;1.434;-0.693;5.109;NAN;mol2,pks70,pkssw;
1064;J1555-3134;NAN;NAN;NAN;49874.00;342.699;16.757;238.82480000;-31.57225000;0.518110;6.22e-17;73.05;NAN;19.00;4.24;NAN;5.299;1.528;-1.509;3.656;NAN;mol2,pks70,pkssw;
1065;J1556-52;NAN;NAN;NAN;NAN;328.710;0.435;239.03750000;-52.93333333;1.170894;NAN;757.00;NAN;NAN;0.20;NAN;6.517;0.049;-3.385;2.931;NAN;pksmb;
1066;J1556-5358;NAN;NAN;NAN;51398.00;328.117;-0.436;239.21458333;-53.98194444;0.994681;1.04e-14;436.00;NAN;NAN;0.53;NAN;5.020;-0.038;-2.651;4.238;NAN;pksmb,htru_pks;
1067;J1557-4258;-3.000;10.000;NAN;48017.00;335.273;7.952;239.25107500;-42.97018333;0.329187;3.30e-16;144.50;0.00;40.00;3.14;NAN;8.631;1.194;-3.576;0.736;NAN;pks70,htru_pks,pkssw;
1068;J1557-5151;NAN;NAN;NAN;57359.00;329.563;1.131;239.37208333;-51.85233333;0.408155;7.54e-17;464.00;NAN;NAN;0.31;NAN;6.484;0.128;-3.284;2.911;NAN;htru_pks;
1069;J1557-54;NAN;NAN;NAN;NAN;328.162;-0.585;239.43750000;-54.06666667;0.583758;NAN;714.00;NAN;NAN;0.32;NAN;6.471;-0.066;-3.413;3.003;NAN;pksmb;
1070;J1558-5419;NAN;NAN;NAN;51138.00;328.100;-0.870;239.67270833;-54.32388889;0.594575;6.04e-15;657.00;NAN;NAN;0.40;NAN;7.431;-0.113;-3.926;2.192;NAN;pksmb,htru_pks;
1071;J1558-5756;NAN;NAN;NAN;53139.00;325.731;-3.604;239.62720833;-57.94058333;1.122342;1.86e-13;127.80;NAN;NAN;0.19;NAN;3.325;-0.209;-1.869;5.758;NAN;pksmb;
1072;J1558-67;NAN;NAN;NAN;55217.00;319.345;-10.900;239.58750000;-67.59972222;0.267268;NAN;105.00;NAN;NAN;NAN;NAN;5.403;-1.022;-3.457;4.475;NAN;htru_pks;
1073;J1559-44;NAN;NAN;NAN;56657.00;334.872;6.936;239.75000000;-44.00000000;1.169890;NAN;122.00;NAN;NAN;NAN;NAN;4.804;0.580;-2.025;4.182;NAN;ghrss;
1074;J1559-4438;1.520;13.150;0.380;54100.00;334.540;6.367;239.92302552;-44.64608383;0.257056;1.02e-15;55.94;NAN;110.00;37.00;NAN;2.300;0.255;-0.983;6.436;NAN;mol1,ghrss,htru_pks,mol2,pks70,pkss;
1075;J1559-5545;NAN;NAN;NAN;57600.00;327.236;-2.025;239.83625000;-55.76305556;0.957267;1.99e-14;212.90;NAN;15.00;0.72;NAN;4.133;-0.146;-2.235;5.027;NAN;mol2,htru_pks,pks70,pksmb;
1076;J1600-5044;-5.000;-13.000;NAN;57600.00;330.690;1.631;240.22089583;-50.73925000;0.192605;5.06e-15;262.79;0.01;NAN;21.00;NAN;6.900;0.196;-3.376;2.486;NAN;misc,htru_pks,mol1,pks1,pksmb;
1077;J1600-5751;NAN;NAN;NAN;55377.00;325.971;-3.697;240.08291667;-57.85425000;0.194456;2.13e-15;176.55;NAN;20.00;2.50;NAN;4.183;-0.270;-2.336;5.041;NAN;mol2,htru_pks,pks1,pks70,pksmb;
1078;J1600-5916;NAN;NAN;NAN;53116.00;325.057;-4.798;240.14583333;-59.28305556;1.247666;8.87e-16;177.00;NAN;NAN;0.33;NAN;5.657;-0.473;-3.229;3.879;NAN;pksmb;
1079;J1601-50;NAN;NAN;NAN;50993.60;330.985;1.846;240.35000000;-50.38333333;0.860777;NAN;59.00;NAN;NAN;0.40;NAN;1.367;0.044;-0.663;7.305;NAN;pksmb,htru_pks;
1080;J1601-5244;NAN;NAN;NAN;51071.00;329.448;0.065;240.36375000;-52.73583333;2.559357;7.21e-16;273.00;NAN;NAN;0.13;NAN;4.088;0.005;-2.078;4.980;NAN;pksmb,htru_pks;
1081;J1601-5335;NAN;NAN;NAN;55391.00;328.935;-0.628;240.47837500;-53.59558333;0.288479;6.23e-14;195.20;NAN;NAN;0.25;NAN;3.576;-0.039;-1.845;5.437;NAN;pksmb,htru_pks;
1082;J1602+3901;NAN;NAN;NAN;NAN;62.184;48.788;240.57850000;39.01716667;0.003708;NAN;17.26;NAN;NAN;NAN;NAN;1.630;1.226;0.950;7.999;NAN;tulipp;
1083;J1602-4957;NAN;NAN;NAN;51487.00;331.374;2.070;240.57583333;-49.95888889;0.819990;1.59e-14;319.00;NAN;NAN;0.17;NAN;6.030;0.218;-2.887;3.211;NAN;pksmb,htru_pks;
1084;J1602-5100;NAN;NAN;NAN;57600.00;330.688;1.285;240.57804167;-51.00169444;0.864286;6.94e-14;170.79;0.00;45.00;8.23;NAN;8.000;0.179;-3.916;1.526;NAN;misc,htru_pks,mol2,pks1,pks70,pksmb;
1085;J1603+18;NAN;NAN;NAN;57022.00;32.849;45.280;240.89166667;18.85000000;0.503000;NAN;29.70;NAN;NAN;NAN;NAN;25.000;17.764;9.542;-6.278;NAN;ar327;
1086;J1603-1655;NAN;NAN;NAN;NAN;355.105;25.962;240.78750000;-16.92444444;0.714700;NAN;63.22;NAN;NAN;NAN;NAN;25.000;10.944;-1.918;-13.895;NAN;gbncc;
1087;J1603-2531;NAN;NAN;NAN;57600.00;348.375;19.985;240.77010542;-25.52997222;0.283071;1.59e-15;53.76;NAN;15.00;4.98;NAN;3.412;1.166;-0.646;5.359;NAN;pks70,gbncc,pkssw;
1088;J1603-2712;NAN;NAN;NAN;49911.00;347.126;18.767;240.78359696;-27.22433718;0.778313;3.01e-15;46.20;NAN;20.00;1.70;NAN;2.306;0.742;-0.486;6.371;NAN;mol2,pks70,pkssw;
1089;J1603-3539;NAN;NAN;NAN;51650.00;341.218;12.526;240.97373750;-35.66586111;0.141909;1.24e-16;77.50;NAN;NAN;0.90;NAN;4.100;0.889;-1.289;4.711;NAN;pkssw,htru_pks;
1090;J1603-5312;NAN;NAN;NAN;57693.00;329.402;-0.533;240.96200000;-53.21611111;0.839221;4.96e-14;142.00;NAN;NAN;0.25;NAN;3.113;-0.029;-1.584;5.821;NAN;htru_pks;
1091;J1603-54;NAN;NAN;NAN;NAN;328.754;-1.207;240.89583333;-54.15000000;0.960786;NAN;478.00;NAN;NAN;0.09;NAN;6.537;-0.138;-3.390;2.912;NAN;pksmb;
1092;J1603-5657;NAN;NAN;NAN;49524.43;326.884;-3.309;240.88108333;-56.96227500;0.496077;2.79e-15;264.07;NAN;8.00;0.93;NAN;6.730;-0.388;-3.671;2.873;NAN;pks70,htru_pks,pksmb;
1093;J1604-0057;NAN;NAN;NAN;NAN;9.809;35.789;241.11459954;-0.96562574;1.675869;9.27e-16;NAN;NAN;NAN;NAN;NAN;NAN;0.000;0.000;8.500;NAN;gbncc;
1094;J1604-3142;NAN;NAN;NAN;57177.00;344.122;15.317;241.15227500;-31.70177778;0.883890;2.65e-17;58.30;NAN;NAN;0.37;NAN;2.902;0.767;-0.766;5.808;NAN;pks_superb;
1095;J1604-44;NAN;NAN;NAN;55196.00;335.142;5.744;241.13333333;-44.71666667;1.389200;NAN;175.00;NAN;NAN;NAN;NAN;7.834;0.784;-3.277;1.428;NAN;FermiAssoc;
1096;J1604-4718;NAN;NAN;NAN;52897.00;333.399;3.814;241.12254167;-47.31330556;0.527466;4.96e-15;55.10;NAN;NAN;0.22;NAN;1.307;0.087;-0.584;7.334;NAN;pksmb,htru_pks;
1097;J1604-4832;NAN;NAN;NAN;NAN;332.611;2.856;241.19679458;-48.55169431;0.007718;NAN;207.80;NAN;NAN;NAN;NAN;4.947;0.247;-2.273;4.113;NAN;mmgps-l;
1098;J1604-4909;-12.000;9.000;NAN;57600.00;332.152;2.442;241.09573333;-49.16610556;0.327419;1.02e-15;140.80;0.00;44.00;6.10;NAN;3.225;0.137;-1.505;5.651;NAN;mol2,htru_pks,pks1,pks70,pksmb;
1099;J1604-7203;NAN;NAN;NAN;49529.40;316.670;-14.554;241.12157083;-72.05846111;0.341403;8.40e-17;54.37;NAN;10.00;NAN;NAN;1.595;-0.401;-1.059;7.377;NAN;pks70,htru_pks;
1100;J1605+3249;-25.000;142.000;NAN;52111.00;52.880;47.992;241.32716667;32.82166667;6.880000;NAN;NAN;NAN;NAN;NAN;NAN;NAN;0.000;0.000;8.500;XRS:RX_J1605.3+3249,OPT:[kkvh11];misc;
1101;J1605-5215;NAN;NAN;NAN;51072.00;330.201;0.031;241.32916667;-52.26333333;1.013609;4.75e-15;532.00;NAN;NAN;0.22;NAN;5.087;0.003;-2.528;4.086;NAN;pksmb,htru_pks;
1102;J1605-5257;NAN;NAN;NAN;57600.00;329.732;-0.484;241.31777083;-52.95966667;0.658013;2.56e-16;34.90;NAN;30.00;21.00;NAN;0.922;-0.008;-0.465;7.704;NAN;misc,htru_pks,mol2,pks1,pks70,pksmb;
1103;J1607-0032;-26.470;-27.500;0.920;56000.00;10.715;35.466;241.80024917;-0.54486861;0.421816;3.06e-16;10.68;0.00;54.00;1.70;NAN;1.050;0.609;0.159;7.660;NAN;mol1,gb3,gb4,lotaas,mol2,pks70;
1104;J1607-5140;NAN;NAN;NAN;51072.00;330.884;0.213;241.95541667;-51.67111111;0.342723;2.54e-15;533.00;NAN;NAN;0.26;NAN;5.117;0.019;-2.490;4.030;NAN;pksmb;
1105;J1607-6449;NAN;NAN;NAN;55192.00;321.953;-9.486;241.95296250;-64.82863333;0.298116;2.49e-17;89.39;NAN;NAN;0.22;NAN;3.444;-0.568;-2.094;5.825;NAN;htru_pks;
1106;J1609-1930;NAN;NAN;NAN;53000.00;354.073;23.178;242.27229167;-19.50222222;1.557917;5.09e-16;37.00;NAN;NAN;0.30;NAN;1.791;0.705;-0.170;6.862;NAN;pkssw;
1107;J1609-4616;NAN;NAN;NAN;52133.00;334.760;3.986;242.42137500;-46.27291667;0.249609;5.01e-16;150.10;NAN;NAN;0.38;NAN;3.747;0.260;-1.594;5.119;NAN;pksmb,htru_pks;
1108;J1609-5158;NAN;NAN;NAN;51160.00;330.867;-0.179;242.36125000;-51.97166667;1.279402;1.30e-14;1069.00;NAN;NAN;0.27;NAN;6.477;-0.020;-3.153;2.842;NAN;pksmb;
1109;J1610-1322;NAN;NAN;NAN;49691.00;359.427;26.949;242.67822850;-13.37286409;1.018393;2.30e-16;49.13;NAN;16.00;1.11;NAN;3.244;1.470;-0.029;5.608;NAN;gb2;
1110;J1610-17;NAN;NAN;NAN;NAN;355.611;24.110;242.54583333;-17.83333333;NAN;NAN;53.00;NAN;NAN;NAN;NAN;3.768;1.539;-0.263;5.071;NAN;pkssw;
1111;J1610-4938;NAN;NAN;NAN;NAN;332.631;1.372;242.74641667;-49.63591667;0.227419;NAN;365.00;NAN;NAN;NAN;NAN;5.681;0.136;-2.611;3.456;NAN;mmgps-l;
1112;J1610-5006;NAN;NAN;NAN;51111.00;332.278;1.050;242.68458333;-50.11172222;0.481119;1.36e-14;410.00;0.12;NAN;1.60;NAN;5.614;0.103;-2.611;3.531;NAN;pksmb,htru_pks;
1113;J1610-5303;NAN;NAN;NAN;51488.00;330.212;-1.061;242.55341667;-53.06361111;0.786468;2.62e-15;380.10;NAN;NAN;0.76;NAN;5.353;-0.099;-2.659;3.855;NAN;pksmb,htru_pks;
1114;J1611-01;NAN;NAN;NAN;56657.00;10.447;34.161;242.75000000;-1.46666667;1.296870;NAN;27.21;NAN;NAN;NAN;NAN;2.015;1.131;0.302;6.860;NAN;gbt350;
1115;J1611-0114;NAN;NAN;NAN;59399.00;10.680;34.266;242.77270417;-1.24863889;2.593726;4.08e-15;27.70;NAN;NAN;0.03;NAN;2.094;1.179;0.321;6.799;NAN;fast_crafts;
1116;J1611-29;NAN;NAN;NAN;NAN;347.109;16.285;242.75000000;-29.00000000;0.009600;NAN;83.03;NAN;NAN;NAN;NAN;7.464;2.093;-1.598;1.516;NAN;gbncc;
1117;J1611-4811;NAN;NAN;NAN;51686.50;333.621;2.421;242.76125000;-48.19416667;1.296850;1.95e-15;221.00;NAN;NAN;0.08;NAN;4.909;0.207;-2.179;4.106;NAN;pksmb;
1118;J1611-4949;NAN;NAN;NAN;51071.00;332.590;1.140;242.94429167;-49.83255556;0.666438;5.42e-16;556.80;NAN;NAN;0.58;NAN;7.235;0.144;-3.330;2.078;NAN;pksmb,htru_pks;
1119;J1611-5209;NAN;NAN;NAN;55390.00;330.923;-0.482;242.76404167;-52.15614722;0.182495;5.17e-15;127.34;NAN;NAN;1.45;NAN;2.948;-0.025;-1.433;5.924;NAN;pks1,htru_pks,pksmb;
1120;J1611-5847;NAN;NAN;NAN;53071.00;326.465;-5.409;242.96380417;-58.79509167;0.354550;2.01e-18;79.90;NAN;NAN;0.11;NAN;2.479;-0.234;-1.363;6.443;NAN;pksmb,htru_pks;
1121;J1612+2008;NAN;NAN;NAN;NAN;35.518;43.743;243.09763333;20.13842500;0.426646;3.73e-17;19.51;NAN;NAN;NAN;NAN;1.740;1.203;0.730;7.477;NAN;gbt350,ar327;
1122;J1612-2408;NAN;NAN;NAN;53000.00;351.011;19.446;243.10858333;-24.13444444;0.923834;1.57e-15;49.20;NAN;NAN;0.50;NAN;2.770;0.922;-0.408;5.920;NAN;pkssw,gbncc;
1123;J1612-49;NAN;NAN;NAN;56657.00;332.985;1.295;243.22500000;-49.45000000;0.192687;NAN;439.00;NAN;NAN;0.16;NAN;6.293;0.142;-2.858;2.895;NAN;htru_pks;
1124;J1612-5022;NAN;NAN;NAN;57947.00;332.295;0.663;243.11678333;-50.38258333;1.368283;3.40e-17;248.70;NAN;NAN;0.23;NAN;3.994;0.046;-1.857;4.964;NAN;htru_pks;
1125;J1612-5136;NAN;NAN;NAN;51348.00;331.400;-0.187;243.00250000;-51.61500000;0.483311;3.78e-15;1173.00;NAN;NAN;0.20;NAN;6.690;-0.022;-3.202;2.626;NAN;pksmb;
1126;J1612-53;NAN;NAN;NAN;NAN;330.158;-1.606;243.10833333;-53.50000000;0.732121;NAN;573.80;NAN;NAN;0.16;NAN;8.644;-0.242;-4.300;1.005;NAN;pksmb;
1127;J1612-55;NAN;NAN;NAN;56657.00;328.992;-2.776;243.02500000;-55.15000000;0.846907;NAN;312.00;NAN;NAN;0.11;NAN;6.923;-0.335;-3.562;2.573;NAN;htru_pks;
1128;J1612-5805;NAN;NAN;NAN;54893.00;327.008;-4.952;243.11590000;-58.09144444;0.615520;9.35e-16;171.30;NAN;NAN;0.30;NAN;5.542;-0.478;-3.007;3.869;NAN;htru_pks;
1129;J1613-4714;NAN;NAN;NAN;57600.00;334.573;2.835;243.37090833;-47.24066944;0.382377;6.34e-16;161.20;0.00;17.00;1.40;NAN;3.521;0.174;-1.510;5.324;NAN;mol2,htru_pks,pks70,pksmb;
1130;J1613-5211;NAN;NAN;NAN;51072.00;331.197;-0.784;243.42691667;-52.18916667;0.457502;1.92e-14;360.00;NAN;NAN;0.29;NAN;4.718;-0.065;-2.273;4.366;NAN;pksmb,htru_pks;
1131;J1613-5234;NAN;NAN;NAN;51111.00;330.962;-1.088;243.48954167;-52.57138889;0.655221;6.63e-15;624.00;NAN;NAN;0.28;NAN;7.421;-0.141;-3.601;2.013;NAN;pksmb,htru_pks;
1132;J1614+0737;NAN;NAN;NAN;49897.00;20.633;38.163;243.67044377;7.62528291;1.206801;2.36e-15;21.39;0.00;9.60;0.60;NAN;1.625;1.004;0.450;7.304;NAN;mol2,ar327,ar4,gb2,gb4,lotaas;
1133;J1614-3846;NAN;NAN;NAN;55876.00;340.628;8.788;243.67716667;-38.77638889;0.464106;9.20e-16;111.00;NAN;NAN;0.18;NAN;5.637;0.861;-1.848;3.245;NAN;htru_pks;
1134;J1614-3937;NAN;NAN;NAN;49016.00;340.004;8.206;243.63011250;-39.62466667;0.407292;1.59e-16;152.44;0.00;12.00;0.70;NAN;10.649;1.520;-3.604;-1.405;NAN;pks70,gbncc,htru_pks,pkssw;
1135;J1614-4608;NAN;NAN;NAN;NAN;335.484;3.484;243.67904167;-46.14358333;0.888793;NAN;318.00;NAN;NAN;NAN;NAN;12.942;0.786;-5.360;-3.253;NAN;mmgps-l;
1136;J1614-5048;NAN;NAN;NAN;50496.00;332.206;0.172;243.54704167;-50.80097222;0.231694;4.95e-13;582.40;0.04;NAN;4.10;NAN;5.148;0.015;-2.400;3.946;GRS:4FGL_J1614.5-5047[aab+22];pks1,FermiAssoc,htru_pks,pksmb;
1137;J1614-5144;NAN;NAN;NAN;51111.00;331.619;-0.576;243.69041667;-51.74694444;1.534008;7.44e-15;748.00;NAN;NAN;0.16;NAN;6.127;-0.062;-2.912;3.110;NAN;pksmb;
1138;J1614-5402;NAN;NAN;NAN;51482.00;330.040;-2.247;243.70991667;-54.04638889;0.572592;2.90e-17;300.00;NAN;NAN;0.25;NAN;5.829;-0.229;-2.909;3.454;NAN;pksmb,htru_pks;
1139;J1615-2940;NAN;NAN;NAN;48390.00;347.387;15.056;243.97014552;-29.67104248;2.477568;1.58e-15;44.79;NAN;3.10;NAN;NAN;1.717;0.446;-0.362;6.882;NAN;mol2,htru_pks;
1140;J1615-4958;NAN;NAN;NAN;57928.00;332.909;0.654;243.82241667;-49.96722222;0.558258;1.46e-15;240.70;NAN;NAN;0.16;NAN;3.911;0.045;-1.781;5.018;NAN;htru_pks;
1141;J1615-5137;NAN;NAN;NAN;56000.00;331.765;-0.539;243.82000000;-51.62000000;0.179278;1.06e-14;NAN;NAN;NAN;NAN;NAN;NAN;-0.000;-0.000;8.500;GRS:4FGL_J1615.3-5136[aab+22];FermiAssoc;
1142;J1615-5444;NAN;NAN;NAN;51482.00;329.578;-2.768;243.75496250;-54.74233333;0.360958;3.38e-16;312.60;NAN;NAN;0.59;NAN;6.883;-0.332;-3.481;2.572;NAN;pksmb,htru_pks;
1143;J1615-5537;NAN;NAN;NAN;48414.50;329.039;-3.464;243.91845833;-55.61680556;0.791526;2.00e-15;124.48;NAN;12.00;0.80;NAN;3.191;-0.193;-1.639;5.769;NAN;pks1,htru_pks,pks70,pksmb;
1144;J1616-5017;NAN;NAN;NAN;56701.00;332.827;0.289;244.12454167;-50.28747222;0.491384;4.66e-14;194.00;NAN;NAN;0.17;NAN;3.480;0.018;-1.589;5.404;NAN;htru_pks;
1145;J1616-5109;NAN;NAN;NAN;51161.00;332.226;-0.337;244.12875000;-51.15472222;1.219594;1.91e-14;1160.00;NAN;NAN;1.20;NAN;6.843;-0.040;-3.189;2.445;NAN;pksmb,htru_pks;
1146;J1616-5208;NAN;NAN;NAN;51072.00;331.524;-1.038;244.09750000;-52.14666667;1.025831;2.89e-14;488.00;NAN;NAN;0.44;NAN;6.005;-0.109;-2.863;3.222;NAN;pksmb,htru_pks;
1147;J1617+1123;NAN;NAN;NAN;59426.00;25.392;39.172;244.48637083;11.38996944;0.894924;3.02e-16;48.61;NAN;NAN;0.14;NAN;25.000;15.791;8.311;-9.009;NAN;fast_crafts;
1148;J1617-4216;NAN;NAN;NAN;51500.00;338.524;5.924;244.34741667;-42.28305556;3.428466;1.81e-14;163.60;NAN;NAN;0.28;NAN;7.288;0.752;-2.654;1.754;NAN;pkssw,pksmb;
1149;J1617-4608;NAN;NAN;NAN;53129.00;335.842;3.139;244.39627083;-46.14347222;0.567080;1.65e-14;321.50;NAN;NAN;0.15;NAN;11.075;0.606;-4.526;-1.590;NAN;pksmb,htru_pks;
1150;J1617-5055;NAN;NAN;NAN;50829.70;332.499;-0.275;244.37208333;-50.92033333;0.069357;1.35e-13;467.00;NAN;NAN;0.27;NAN;4.743;-0.023;-2.190;4.293;GRS:J1616-508[aab+06];misc,htru_pks;
1151;J1618-36;NAN;NAN;NAN;55065.00;343.113;10.181;244.63375000;-36.06166667;0.005779;NAN;104.00;NAN;NAN;NAN;NAN;6.043;1.068;-1.728;2.809;NAN;htru_pks;
1152;J1618-42;NAN;NAN;NAN;NAN;338.421;5.463;244.68750000;-42.68333333;1.867136;NAN;200.50;NAN;NAN;0.09;NAN;10.316;0.982;-3.777;-1.049;NAN;pksmb;
1153;J1618-4723;NAN;NAN;NAN;51097.00;335.037;2.184;244.52833333;-47.38863889;0.4071;4.00e-15;134.70;NAN;NAN;1.00;NAN;3.089;0.118;-1.303;5.702;NAN;pksmb,htru_pks;
1154;J1619+3953;NAN;NAN;NAN;59415.00;63.369;45.508;244.80612500;39.88480556;1.883798;1.23e-15;23.00;NAN;NAN;0.01;NAN;2.611;1.863;1.636;7.680;NAN;fast_crafts;
1155;J1619-3345;NAN;NAN;NAN;NAN;344.864;11.729;244.75833333;-33.75027778;1.158600;NAN;89.70;NAN;NAN;NAN;NAN;5.285;1.074;-1.351;3.505;NAN;gbncc;
1156;J1619-42;NAN;NAN;NAN;51975.60;338.927;5.880;244.77500000;-42.03333333;1.023152;NAN;172.00;NAN;NAN;0.60;NAN;8.148;0.835;-2.914;0.937;NAN;pksmb;
1157;J1620-4927;NAN;NAN;NAN;55225.00;333.888;0.408;245.17300000;-49.46030556;0.171935;1.05e-14;NAN;NAN;NAN;NAN;NAN;NAN;0.000;-0.000;8.500;GRS:4FGL_J1620.7-4927[aab+22];FermiBlind;
1158;J1620-5414;NAN;NAN;NAN;51830.00;330.467;-2.943;245.06016667;-54.24769444;1.156360;6.74e-17;71.00;NAN;NAN;0.13;NAN;1.978;-0.102;-0.974;6.781;NAN;pksmb;
1159;J1621-5039;NAN;NAN;NAN;51072.00;333.084;-0.490;245.26962500;-50.66350000;1.084020;1.30e-14;261.00;NAN;NAN;0.36;NAN;3.917;-0.033;-1.773;5.007;NAN;pksmb,htru_pks;
1160;J1621-5243;NAN;NAN;NAN;51151.00;331.718;-2.045;245.48250000;-52.72888889;0.371924;7.68e-16;363.00;NAN;NAN;0.27;NAN;6.435;-0.230;-3.047;2.837;NAN;pksmb,htru_pks;
1161;J1622-3751;NAN;NAN;NAN;55070.00;342.322;8.419;245.51908333;-37.85386111;0.731463;2.57e-15;155.70;NAN;NAN;0.20;NAN;12.020;1.760;-3.611;-2.829;NAN;htru_pks,gbncc;
1162;J1622-4332;NAN;NAN;NAN;49100.00;338.332;4.339;245.68945000;-43.54116667;0.916938;1.56e-15;230.68;NAN;16.00;0.53;NAN;9.763;0.739;-3.594;-0.547;NAN;pks70,htru_pks,pksmb;
1163;J1622-4347;NAN;NAN;NAN;52897.00;338.122;4.198;245.62525000;-43.78927778;0.457681;5.05e-15;177.00;NAN;NAN;0.18;NAN;5.039;0.369;-1.873;3.836;NAN;pksmb,htru_pks;
1164;J1622-4802;NAN;NAN;NAN;51033.00;335.139;1.170;245.69662500;-48.03697222;0.265072;3.09e-16;364.30;NAN;NAN;0.92;NAN;5.322;0.109;-2.237;3.672;NAN;pksmb,htru_pks;
1165;J1622-4845;NAN;NAN;NAN;56715.00;334.534;0.732;245.52270833;-48.77472222;0.735092;1.10e-16;292.00;NAN;NAN;0.15;NAN;4.244;0.054;-1.825;4.669;NAN;htru_pks;
1166;J1622-4944;NAN;NAN;NAN;51072.00;333.911;-0.013;245.65625000;-49.74166667;1.072968;1.71e-14;755.00;NAN;NAN;0.52;NAN;5.412;-0.001;-2.380;3.639;NAN;pksmb,htru_pks;
1167;J1622-4950;NAN;NAN;NAN;56563.00;333.849;-0.102;245.68666667;-49.84844444;4.327020;2.78e-12;820.00;NAN;NAN;4.80;NAN;5.571;-0.010;-2.455;3.499;XRS:CXOU_J162244.8-495054,SNR:G333.9+0.0;htru_pks;
1168;J1623-0841;NAN;NAN;NAN;55079.00;5.774;27.367;245.92784458;-8.69350000;0.503015;1.96e-15;59.79;NAN;NAN;NAN;NAN;4.644;2.135;0.415;4.397;NAN;gbt350;
1169;J1623-0908;-10.760;23.560;0.600;56000.00;5.297;27.178;245.82358292;-9.14687028;1.276446;2.58e-15;68.18;NAN;6.00;0.60;NAN;1.670;0.763;0.137;7.021;NAN;mol2,pks70,pkssw;
1170;J1623-4256;NAN;NAN;NAN;57600.00;338.890;4.620;245.95121250;-42.94794444;0.364591;1.01e-15;295.00;0.00;24.00;2.60;NAN;21.550;1.736;-7.736;-11.538;NAN;mol2,htru_pks,pksmb,pkssw;
1171;J1623-4608;NAN;NAN;NAN;NAN;336.572;2.428;245.86570833;-46.13377778;0.866306;NAN;110.00;NAN;NAN;NAN;NAN;2.842;0.120;-1.129;5.895;NAN;mmgps-l;
1172;J1623-4931;NAN;NAN;NAN;NAN;334.174;0.039;245.88570833;-49.51888889;0.492347;NAN;727.00;NAN;NAN;NAN;NAN;5.339;0.004;-2.326;3.694;NAN;mmgps-l;
1173;J1623-4949;NAN;NAN;NAN;51073.00;334.003;-0.214;245.97833333;-49.81777778;0.725732;4.21e-14;183.30;NAN;NAN;0.36;NAN;3.356;-0.013;-1.471;5.484;NAN;pksmb,htru_pks;
1174;J1623-5005;NAN;NAN;NAN;55716.00;333.716;-0.307;245.76712500;-50.08752778;0.085072;4.16e-15;NAN;NAN;NAN;NAN;NAN;NAN;-0.000;-0.000;8.500;GRS:4FGL_J1623.0-5004[aab+22];FermiBlind;
1175;J1624+5850;NAN;NAN;NAN;57718.00;89.198;41.791;246.00401667;58.83771389;0.651801;3.31e-16;26.40;NAN;NAN;NAN;NAN;3.187;2.124;2.376;8.467;NAN;lotaas;
1176;J1624+8643;NAN;NAN;NAN;56500.00;119.925;29.057;246.13635035;86.72033519;0.395763;2.55e-16;46.55;NAN;NAN;NAN;NAN;9.144;4.441;6.927;12.487;NAN;gbncc;
1177;J1624-39;NAN;NAN;NAN;NAN;341.199;6.701;246.10416667;-39.85000000;0.002960;NAN;77.50;NAN;NAN;NAN;NAN;2.629;0.307;-0.841;6.028;GRS:4FGL_J1624.3-3952[aab+22];FermiAssoc;
1178;J1624-4041;NAN;NAN;NAN;55716.00;340.558;6.149;246.04136250;-40.69158333;0.167861;4.72e-15;NAN;NAN;NAN;NAN;NAN;NAN;0.000;-0.000;8.500;GRS:4FGL_J1624.1-4042[aab+22];FermiBlind;
1179;J1624-4411;NAN;NAN;NAN;53058.00;338.069;3.677;246.08900417;-44.19272222;0.233164;7.99e-16;139.40;NAN;NAN;0.48;NAN;3.344;0.214;-1.246;5.404;NAN;pksmb,htru_pks;
1180;J1624-4613;NAN;NAN;NAN;53500.00;336.616;2.265;246.07791667;-46.21722222;0.871243;6.07e-17;224.20;NAN;NAN;0.39;NAN;4.779;0.189;-1.895;4.117;NAN;pksmb,htru_pks;
1181;J1624-4721;NAN;NAN;NAN;51683.00;335.874;1.393;246.22870833;-47.35750000;0.448723;4.15e-15;364.00;NAN;NAN;0.15;NAN;5.633;0.137;-2.302;3.361;NAN;pksmb;
1182;J1625-4048;NAN;NAN;NAN;49012.00;340.609;5.932;246.29304167;-40.80597222;2.355278;4.43e-16;145.00;0.00;17.00;NAN;NAN;5.612;0.580;-1.853;3.235;NAN;pks70,htru_pks,pkssw;
1183;J1625-4904;NAN;NAN;NAN;51073.00;334.690;0.145;246.32520833;-49.07600000;0.460339;1.68e-14;684.80;NAN;NAN;0.20;NAN;5.250;0.013;-2.244;3.754;NAN;pksmb,htru_pks;
1184;J1625-4913;NAN;NAN;NAN;54895.00;334.578;0.041;246.31837500;-49.22905556;0.355856;6.65e-15;720.00;NAN;NAN;0.20;NAN;5.296;0.004;-2.273;3.717;NAN;htru_pks;
1185;J1626-44;NAN;NAN;NAN;51718.60;338.274;3.216;246.75000000;-44.36666667;0.308354;NAN;269.20;NAN;NAN;0.30;NAN;8.306;0.466;-3.070;0.796;NAN;pksmb;
1186;J1626-4537;NAN;NAN;NAN;51683.00;337.346;2.367;246.70408333;-45.62377778;0.370141;8.28e-15;237.00;NAN;NAN;1.20;NAN;4.977;0.206;-1.915;3.911;NAN;pksmb,htru_pks;
1187;J1626-4807;NAN;NAN;NAN;51207.00;335.530;0.636;246.67708333;-48.13166667;0.293928;1.75e-14;817.00;NAN;NAN;0.37;NAN;7.459;0.083;-3.089;1.711;NAN;pksmb,htru_pks;
1188;J1626-6621;NAN;NAN;NAN;55195.00;322.214;-11.901;246.52854583;-66.35424167;0.450868;7.66e-16;84.11;NAN;NAN;0.20;NAN;3.815;-0.787;-2.287;5.550;NAN;htru_pks;
1189;J1627+1419;NAN;NAN;NAN;NAN;30.030;38.319;246.82816250;14.32241667;0.490857;3.93e-16;32.17;NAN;6.10;NAN;NAN;4.326;2.682;1.699;5.562;NAN;ar4,ar327,lotaas;
1190;J1627-4706;NAN;NAN;NAN;53165.00;336.352;1.250;246.86979167;-47.11394444;0.140746;1.73e-15;456.10;NAN;NAN;0.18;NAN;6.407;0.140;-2.569;2.632;NAN;pksmb;
1191;J1627-4845;NAN;NAN;NAN;49200.00;335.137;0.150;246.79308333;-48.75222222;0.612331;3.64e-15;557.80;NAN;NAN;0.48;NAN;4.880;0.013;-2.052;4.072;NAN;misc,htru_pks,pksmb;
1192;J1627-49;NAN;NAN;NAN;56657.00;334.370;-0.709;246.92500000;-49.90000000;0.623678;NAN;594.00;NAN;NAN;0.13;NAN;5.541;-0.069;-2.397;3.505;NAN;htru_pks;
1193;J1627-51;NAN;NAN;NAN;56657.00;333.459;-1.541;246.87500000;-51.13333333;0.439684;NAN;201.00;NAN;NAN;0.08;NAN;3.749;-0.101;-1.675;5.147;NAN;htru_pks;
1194;J1627-5547;NAN;NAN;NAN;51561.00;330.074;-4.756;246.83783333;-55.79788889;0.352464;7.38e-16;166.20;NAN;NAN;0.65;NAN;5.046;-0.418;-2.509;4.142;NAN;pksmb,htru_pks;
1195;J1627-5936;NAN;NAN;NAN;55188.00;327.341;-7.438;246.96912500;-59.61536111;0.354234;8.00e-18;99.30;NAN;NAN;1.60;NAN;3.391;-0.439;-1.815;5.669;NAN;htru_pks;
1196;J1628+4406;-19.143;6.775;NAN;56625.00;69.239;43.616;247.20963287;44.11183659;0.181178;1.94e-17;7.30;NAN;3.20;NAN;NAN;0.537;0.370;0.364;8.362;NAN;gbncc,lotaas,fast_gpps;
1197;J1628-4804;NAN;NAN;NAN;51073.00;335.766;0.461;247.11179167;-48.08305556;0.865971;1.24e-15;952.00;NAN;NAN;1.20;NAN;6.888;0.055;-2.827;2.219;NAN;pksmb,htru_pks;
1198;J1628-4828;NAN;NAN;NAN;51393.00;335.488;0.180;247.12875000;-48.47833333;4.137539;1.75e-14;1209.00;NAN;NAN;0.29;NAN;6.725;0.021;-2.790;2.381;NAN;pksmb;
1199;J1629+33;NAN;NAN;NAN;NAN;53.955;43.074;247.25000000;33.00000000;1.525000;NAN;35.00;NAN;NAN;NAN;NAN;25.000;17.074;14.766;-2.245;NAN;gbncc;
1200;J1629-3636;NAN;NAN;NAN;55000.00;344.280;8.198;247.39920833;-36.60361111;2.988193;7.00e-15;101.00;NAN;NAN;0.20;NAN;4.232;0.603;-1.135;4.468;NAN;htru_pks;
1201;J1629-3825;NAN;NAN;NAN;56376.00;342.889;7.006;247.31090833;-38.42480556;0.526365;4.44e-16;127.90;NAN;NAN;0.38;NAN;5.575;0.680;-1.628;3.212;NAN;htru_pks,gbncc;
1202;J1629-6902;NAN;NAN;NAN;51600.00;320.371;-13.926;247.28654417;-69.04591500;0.006001;1.00e-20;29.49;NAN;NAN;1.01;NAN;0.962;-0.232;-0.596;7.781;NAN;pkssw,htru_pks;
1203;J1630-2609;NAN;NAN;NAN;57214.00;352.321;15.061;247.62079167;-26.16305556;1.912420;1.57e-15;76.60;NAN;NAN;0.42;NAN;5.297;1.376;-0.683;3.431;NAN;pks_superb;
1204;J1630-4719;NAN;NAN;NAN;51340.00;336.497;0.787;247.51029167;-47.32833333;0.559071;1.42e-14;487.20;0.01;NAN;0.46;NAN;5.429;0.075;-2.165;3.522;NAN;pksmb,htru_pks;
1205;J1630-4733;NAN;NAN;NAN;48414.00;336.403;0.562;247.65612500;-47.55138889;0.575971;2.23e-14;509.30;0.34;NAN;10.00;NAN;5.044;0.050;-2.019;3.878;NAN;pks1,htru_pks,pksmb;
1206;J1631+1252;NAN;NAN;NAN;59310.00;28.902;36.750;247.93008625;12.86818000;0.310186;4.03e-17;32.59;NAN;NAN;0.43;NAN;3.909;2.339;1.514;5.758;NAN;fast_crafts;
1207;J1631-1612;NAN;NAN;NAN;55766.00;0.577;21.193;247.96862500;-16.21444444;0.677684;1.10e-15;33.77;NAN;NAN;NAN;NAN;0.839;0.303;0.008;7.718;NAN;gbt350;
1208;J1631-4155;NAN;NAN;NAN;53082.00;340.596;4.332;247.82637500;-41.91769444;0.551241;8.81e-18;235.00;NAN;NAN;0.19;NAN;10.801;0.816;-3.578;-1.658;NAN;pksmb;
1209;J1631-47;NAN;NAN;NAN;NAN;336.564;0.442;247.95000000;-47.51666667;1.103334;NAN;749.00;NAN;NAN;0.13;NAN;5.764;0.044;-2.292;3.212;NAN;pksmb;
1210;J1632-1013;NAN;NAN;NAN;52820.00;5.910;24.636;248.22583333;-10.22166667;0.717637;6.60e-17;89.90;NAN;NAN;0.15;NAN;10.285;4.287;0.963;-0.799;NAN;misc,gbncc;
1211;J1632-4509;NAN;NAN;NAN;51973.00;338.343;2.002;248.05833333;-45.15250000;1.046810;1.49e-14;412.00;NAN;NAN;0.16;NAN;11.496;0.402;-4.240;-2.178;NAN;pksmb,htru_pks;
1212;J1632-4621;NAN;NAN;NAN;51291.00;337.527;1.100;248.20755417;-46.36350000;1.709154;7.60e-14;559.83;0.02;NAN;0.80;NAN;9.986;0.192;-3.816;-0.726;NAN;pksmb,htru_pks;
1213;J1632-4757;NAN;NAN;NAN;55419.00;336.296;0.080;248.06941667;-47.95958333;0.228569;1.51e-14;574.20;NAN;NAN;0.51;NAN;4.836;0.007;-1.944;4.072;NAN;pksmb,htru_pks;
1214;J1632-4818;NAN;NAN;NAN;55426.00;336.080;-0.209;248.16541667;-48.31494444;0.813672;6.49e-13;758.00;NAN;NAN;0.48;NAN;5.308;-0.019;-2.152;3.648;SNR:G336.1-0.2(?)[mbc+02];pksmb,htru_pks;
1215;J1633-2009;NAN;NAN;NAN;54993.00;357.631;18.331;248.48041667;-20.16916667;0.935557;1.07e-15;48.19;NAN;NAN;NAN;NAN;2.354;0.740;-0.092;6.267;NAN;gbt350;
1216;J1633-4453;NAN;NAN;NAN;48360.60;338.725;1.982;248.44603333;-44.88550000;0.436507;6.20e-15;472.22;0.02;NAN;2.76;NAN;14.814;0.512;-5.372;-5.296;NAN;pks1,htru_pks,pksmb;
1217;J1633-4805;NAN;NAN;NAN;51588.00;336.290;-0.110;248.27250000;-48.09333333;0.710830;7.69e-14;1120.00;NAN;NAN;0.23;NAN;6.171;-0.012;-2.481;2.850;NAN;pksmb;
1218;J1633-4859;NAN;NAN;NAN;NAN;335.636;-0.715;248.26900000;-48.98436111;2.514780;NAN;1020.00;NAN;NAN;NAN;NAN;9.407;-0.117;-3.880;-0.069;NAN;mmgps-l;
1219;J1633-5015;NAN;NAN;NAN;57600.00;334.698;-1.569;248.25035875;-50.25232167;0.352145;3.79e-15;398.41;0.00;NAN;7.60;NAN;6.004;-0.164;-2.565;3.074;NAN;pks1,htru_pks,pksmb;
1220;J1634+02;NAN;NAN;NAN;NAN;18.299;31.302;248.70833333;2.56750000;0.002120;NAN;NAN;NAN;NAN;NAN;NAN;NAN;0.000;0.000;8.500;GRS:4FGL_J1634.7+0235[aab+22];FermiAssoc;
1221;J1634-4229;NAN;NAN;NAN;57603.00;340.542;3.540;248.56110417;-42.49563889;2.015263;8.01e-15;337.90;NAN;NAN;0.16;NAN;18.861;1.165;-6.271;-9.250;NAN;htru_pks;
1222;J1634-49;NAN;NAN;NAN;56657.00;335.145;-1.484;248.62500000;-49.86666667;0.684936;NAN;649.00;NAN;NAN;0.13;NAN;11.712;-0.303;-4.921;-2.124;NAN;htru_pks;
1223;J1634-5107;NAN;NAN;NAN;54420.00;334.171;-2.290;248.52079167;-51.12933333;0.507356;1.57e-15;373.00;NAN;NAN;0.05;NAN;7.212;-0.288;-3.140;2.014;NAN;pksmb;
1224;J1634-5640;NAN;NAN;NAN;55010.00;330.090;-6.066;248.57987500;-56.68019444;0.224201;4.10e-17;148.00;NAN;NAN;0.30;NAN;5.461;-0.577;-2.708;3.793;NAN;htru_pks;
1225;J1635+2332;NAN;NAN;NAN;57935.00;41.998;39.747;248.77233333;23.53977778;1.208694;8.63e-16;37.57;NAN;0.40;NAN;NAN;25.000;15.985;12.861;-5.785;NAN;misc,ar327,lotaas,fast_gpps;
1226;J1635+2418;NAN;NAN;NAN;48736.00;42.993;39.889;248.85742371;24.31314405;0.490507;1.19e-16;24.27;0.00;9.10;0.40;NAN;2.433;1.560;1.273;7.135;NAN;misc,ar327,lotaas;
1227;J1635-1511;NAN;NAN;NAN;53000.00;2.058;21.078;248.94733333;-15.19777778;1.179387;2.32e-16;54.00;NAN;NAN;0.50;NAN;1.445;0.520;0.048;7.153;NAN;pkssw;
1228;J1635-4513;NAN;NAN;NAN;51306.00;338.731;1.475;248.98083333;-45.22416667;1.594746;3.60e-15;416.00;NAN;NAN;0.25;NAN;7.735;0.199;-2.805;1.294;NAN;pksmb,htru_pks;
1229;J1635-47;NAN;NAN;NAN;NAN;336.790;-0.195;248.87083333;-47.78333333;0.504831;NAN;872.00;NAN;NAN;0.29;NAN;5.547;-0.019;-2.186;3.402;NAN;pksmb;
1230;J1635-4735;NAN;NAN;NAN;54734.00;336.976;-0.111;248.96601667;-47.58980833;2.594578;NAN;NAN;NAN;NAN;NAN;NAN;NAN;-0.000;-0.000;8.500;XRS:SGR_1627-41,SNR:G337.0-0.1(?)[wkv+99;misc;
1231;J1635-4944;NAN;NAN;NAN;51447.00;335.391;-1.570;248.98083333;-49.74333333;0.671964;8.79e-15;474.00;NAN;NAN;0.40;NAN;7.358;-0.202;-3.063;1.813;NAN;pksmb,htru_pks;
1232;J1635-5954;NAN;NAN;NAN;43564.05;327.747;-8.313;248.78783333;-59.91138889;0.529121;1.37e-15;134.90;NAN;7.00;1.80;NAN;7.213;-1.043;-3.809;2.464;NAN;mol2,htru_pks,pks70,pkssw;
1233;J1636-2614;NAN;NAN;NAN;57018.00;353.120;14.036;249.04794167;-26.24638889;0.510454;4.06e-15;92.72;NAN;NAN;0.19;NAN;7.839;1.901;-0.911;0.950;NAN;htru_pks,gbncc;
1234;J1636-4217;NAN;NAN;NAN;NAN;340.956;3.390;249.08841667;-42.29186111;0.555086;NAN;345.00;NAN;NAN;NAN;NAN;18.745;1.108;-6.106;-9.188;NAN;mmgps-l;
1235;J1636-4440;NAN;NAN;NAN;54411.50;339.180;1.799;249.06887500;-44.67361111;0.206649;4.67e-14;449.00;NAN;NAN;0.29;NAN;12.459;0.391;-4.426;-3.140;NAN;pksmb,htru_pks;
1236;J1636-4803;NAN;NAN;NAN;51299.00;336.700;-0.515;249.13333333;-48.06527778;1.204644;2.07e-14;503.00;NAN;NAN;1.10;NAN;4.759;-0.043;-1.882;4.129;NAN;pksmb,htru_pks;
1237;J1636-4933;NAN;NAN;NAN;51305.00;335.641;-1.561;249.22979167;-49.55277778;0.430367;1.51e-15;542.70;NAN;NAN;0.45;NAN;10.229;-0.279;-4.217;-0.815;NAN;pksmb,htru_pks;
1238;J1636-51;NAN;NAN;NAN;NAN;334.087;-2.822;249.05833333;-51.55000000;0.340106;NAN;312.60;NAN;NAN;0.09;NAN;6.914;-0.340;-3.018;2.289;NAN;pksmb;
1239;J1637-4335;NAN;NAN;NAN;51707.00;340.182;2.300;249.48666667;-43.59500000;0.771367;3.62e-15;608.00;NAN;NAN;0.18;NAN;25.000;1.003;-8.469;-15.000;NAN;pksmb;
1240;J1637-4450;NAN;NAN;NAN;53283.00;339.248;1.475;249.47145833;-44.84063889;0.252870;5.75e-16;470.70;NAN;NAN;0.40;NAN;11.425;0.294;-4.047;-2.180;NAN;pksmb,htru_pks;
1241;J1637-4553;NAN;NAN;NAN;55443.00;338.478;0.761;249.49455000;-45.89078333;0.118773;3.19e-15;193.23;NAN;15.00;1.50;NAN;3.442;0.046;-1.263;5.298;NAN;pks1,htru_pks,pksmb;
1242;J1637-46;NAN;NAN;NAN;50842.90;338.192;0.592;249.40000000;-46.21666667;0.493091;NAN;660.40;NAN;NAN;0.70;NAN;5.742;0.059;-2.133;3.169;NAN;pksmb;
1243;J1637-4642;NAN;NAN;NAN;55398.00;337.788;0.312;249.30729167;-46.70394444;0.154047;5.93e-14;419.10;NAN;NAN;0.93;NAN;4.410;0.024;-1.667;4.417;NAN;pksmb,htru_pks;
1244;J1637-4721;NAN;NAN;NAN;51296.00;337.304;-0.117;249.29750000;-47.35083333;1.165741;4.44e-15;448.00;NAN;NAN;0.42;NAN;4.416;-0.009;-1.704;4.426;NAN;pksmb,htru_pks;
1245;J1637-4816;NAN;NAN;NAN;54115.90;336.710;-0.831;249.49450000;-48.27000000;0.837365;5.83e-15;738.00;NAN;NAN;0.74;NAN;7.355;-0.107;-2.908;1.745;NAN;pksmb,htru_pks;
1246;J1638+4005;NAN;NAN;NAN;57491.00;63.774;41.866;249.56767917;40.09899167;0.767720;1.83e-16;33.40;NAN;NAN;NAN;NAN;25.000;16.685;16.701;0.273;NAN;misc,lotaas,fast_gpps;
1247;J1638-35;NAN;NAN;NAN;NAN;346.635;8.010;249.50000000;-35.00000000;0.705000;NAN;115.10;NAN;NAN;NAN;NAN;5.476;0.763;-1.253;3.224;NAN;gbncc;
1248;J1638-3815;NAN;NAN;NAN;52135.00;344.264;5.764;249.65562083;-38.25094444;0.698261;7.70e-17;238.00;NAN;NAN;0.67;NAN;19.078;1.916;-5.148;-9.770;NAN;pksmb,gbncc,htru_pks;
1249;J1638-3951;NAN;NAN;NAN;54863.30;343.005;4.744;249.56483333;-39.86638889;0.771130;5.90e-16;249.00;NAN;NAN;0.21;NAN;14.679;1.214;-4.276;-5.490;NAN;pksmb;
1250;J1638-4233;NAN;NAN;NAN;56253.00;341.007;2.924;249.60295833;-42.56527778;0.510929;1.01e-14;406.00;NAN;NAN;0.35;NAN;22.193;1.132;-7.214;-12.457;NAN;htru_pks;
1251;J1638-4344;NAN;NAN;NAN;51707.00;340.191;2.081;249.72033333;-43.73444444;1.121944;2.50e-17;237.00;NAN;NAN;0.17;NAN;4.741;0.172;-1.606;4.042;NAN;pksmb,htru_pks;
1252;J1638-44;NAN;NAN;NAN;NAN;339.427;1.537;249.57500000;-44.66666667;0.568057;NAN;494.00;NAN;NAN;0.15;NAN;12.466;0.334;-4.379;-3.167;NAN;htru_pks;
1253;J1638-4417;NAN;NAN;NAN;55410.00;339.768;1.730;249.69260833;-44.28422222;0.117802;1.61e-15;436.40;NAN;NAN;0.30;NAN;12.025;0.363;-4.157;-2.778;NAN;pksmb,htru_pks;
1254;J1638-4608;NAN;NAN;NAN;55408.00;338.343;0.543;249.59691667;-46.13705556;0.278155;5.15e-14;423.10;0.02;NAN;0.45;NAN;4.571;0.043;-1.687;4.252;NAN;pksmb,htru_pks;
1255;J1638-47;NAN;NAN;NAN;NAN;337.033;-0.612;249.57500000;-47.88333333;0.426669;NAN;1320.00;NAN;NAN;0.36;NAN;11.044;-0.118;-4.309;-1.668;NAN;pksmb;
1256;J1638-5226;NAN;NAN;NAN;52145.00;333.702;-3.739;249.74983333;-52.44927778;0.340503;2.65e-15;170.10;NAN;NAN;0.60;NAN;4.221;-0.275;-1.866;4.724;NAN;pksmb,htru_pks;
1257;J1639-1126;NAN;NAN;NAN;NAN;5.951;22.526;249.98296517;-11.43635496;1.430695;2.42e-15;NAN;NAN;NAN;NAN;NAN;NAN;0.000;0.000;8.500;NAN;gbncc;
1258;J1639-4359;NAN;NAN;NAN;51490.00;340.023;1.875;249.77854167;-43.99777778;0.587559;1.50e-17;258.90;NAN;NAN;0.92;NAN;4.892;0.160;-1.670;3.905;NAN;pksmb,htru_pks;
1259;J1639-4604;NAN;NAN;NAN;48360.70;338.500;0.459;249.83833750;-46.07586111;0.5291;5.80e-15;258.91;0.00;15.00;1.00;NAN;3.788;0.030;-1.388;4.976;NAN;pks1,htru_pks,pks70,pksmb;
1260;J1640-4631;NAN;NAN;NAN;56466.00;338.320;-0.017;250.18133333;-46.52650000;0.206443;9.76e-13;NAN;NAN;NAN;NAN;NAN;12.750;-0.004;-4.710;-3.348;SNR:G338.3-0.0[wg96],PWN:G338.3-0.0[wg96;misc;
1261;J1640-4648;NAN;NAN;NAN;51608.00;338.114;-0.215;250.19841667;-46.81250000;0.178352;8.06e-16;474.00;NAN;NAN;0.26;NAN;4.469;-0.017;-1.666;4.353;NAN;pksmb,htru_pks;
1262;J1640-4715;NAN;NAN;NAN;55392.00;337.713;-0.439;250.05454167;-47.26058333;0.517430;4.21e-14;586.32;0.06;NAN;1.56;NAN;4.909;-0.038;-1.862;3.958;NAN;pks1,htru_pks,pksmb;
1263;J1640-4951;NAN;NAN;NAN;51486.00;335.829;-2.218;250.18150000;-49.85058333;0.739099;3.34e-16;407.40;0.01;NAN;0.15;NAN;9.675;-0.374;-3.959;-0.320;NAN;pksmb,htru_pks;
1264;J1641+3627A;-3.150;-2.570;0.127;47666.21;59.000;40.914;250.42029246;36.45416078;0.010378;-7.27e-20;30.44;0.00;3.00;0.14;NAN;7.420;4.860;4.806;5.612;GC:M13(NGC6205),XRS:[zzh21];misc,ar327,fast_gpps;
1265;J1641+3627C;-3.150;-2.570;0.127;58397.28;58.995;40.913;250.42086450;36.45076217;0.003722;1.23e-21;30.10;NAN;NAN;0.03;NAN;7.420;4.859;4.806;5.612;GC:M13(NGC6205),XRS:[zzh21];misc,fast_gpps;
1266;J1641-2347;NAN;NAN;NAN;51500.00;355.831;14.714;250.32516667;-23.79333333;1.091008;4.11e-17;27.70;NAN;NAN;1.90;NAN;0.922;0.234;-0.065;7.611;NAN;pkssw,gbncc;
1267;J1641-5317;NAN;NAN;NAN;55946.00;333.291;-4.557;250.31629167;-53.29688889;0.175106;3.70e-15;NAN;NAN;NAN;NAN;NAN;NAN;-0.000;-0.000;8.500;GRS:4FGL_J1641.2-5317[aab+22];FermiBlind;
1268;J1643+1338;NAN;NAN;NAN;NAN;31.260;34.360;250.97558333;13.64552778;1.099047;7.78e-16;35.82;NAN;NAN;NAN;NAN;4.641;2.619;1.988;5.225;NAN;misc,ar327,lotaas,fast_gpps;
1269;J1643-10;NAN;NAN;NAN;NAN;7.692;22.749;250.75000000;-10.00000000;NAN;NAN;75.85;NAN;NAN;NAN;NAN;1.082;0.418;0.134;7.511;NAN;gbncc;
1270;J1643-4505;NAN;NAN;NAN;55580.00;339.728;0.547;250.90379167;-45.09605556;0.237390;3.18e-14;478.60;NAN;NAN;0.45;NAN;4.738;0.045;-1.642;4.056;NAN;pksmb,htru_pks;
1271;J1643-4522;NAN;NAN;NAN;51590.00;339.492;0.406;250.83500000;-45.36694444;1.347899;8.28e-15;482.00;NAN;NAN;0.11;NAN;4.615;0.033;-1.617;4.178;NAN;pksmb;
1272;J1643-4550;NAN;NAN;NAN;51685.00;339.115;0.105;250.80633333;-45.84847222;0.717508;3.00e-14;450.80;NAN;NAN;0.34;NAN;4.378;0.008;-1.561;4.410;NAN;pksmb,htru_pks;
1273;J1644-33;NAN;NAN;NAN;NAN;348.986;8.374;251.00000000;-33.00000000;0.397000;NAN;130.30;NAN;NAN;NAN;NAN;7.786;1.134;-1.472;0.939;NAN;gbncc;
1274;J1644-44;NAN;NAN;NAN;51030.20;340.546;1.023;251.15000000;-44.16666667;0.173911;NAN;535.10;NAN;NAN;0.40;NAN;9.498;0.170;-3.163;-0.454;NAN;pksmb;
1275;J1644-4559;NAN;NAN;NAN;57600.00;339.193;-0.195;251.20530417;-45.98603056;0.455078;2.01e-14;478.66;0.01;375.00;300.00;NAN;4.500;-0.015;-1.598;4.294;NAN;misc,htru_pks,mol2,pks1,pks70,pksmb;
1276;J1644-46;NAN;NAN;NAN;50839.00;338.773;-0.393;251.02500000;-46.43333333;0.250941;NAN;405.80;NAN;NAN;0.80;NAN;4.284;-0.029;-1.551;4.507;NAN;pksmb;
1277;J1644-4657;NAN;NAN;NAN;54835.10;338.435;-0.808;251.16041667;-46.96055556;0.125962;7.50e-16;718.00;NAN;NAN;0.59;NAN;6.747;-0.095;-2.480;2.226;NAN;pksmb,htru_pks;
1278;J1645+1012;NAN;NAN;NAN;48957.50;27.719;32.548;251.39339583;10.20445556;0.410861;8.13e-17;36.17;NAN;2.30;NAN;NAN;3.915;2.106;1.535;5.579;NAN;ar4,lotaas;
1279;J1645-0317;-1.030;20.500;0.260;56000.00;14.114;26.062;251.25850250;-3.29939417;0.387690;1.78e-15;35.76;0.00;393.00;25.76;NAN;4.000;1.757;0.876;5.015;NAN;misc,gb2,gb3,lotaas,mol1,mol2,pks70;
1280;J1645-4836;NAN;NAN;NAN;NAN;337.314;-2.037;251.46250000;-48.61138889;1.660080;NAN;687.00;NAN;NAN;NAN;NAN;20.081;-0.714;-7.740;-10.016;NAN;mmgps-l;
1281;J1646-1910;NAN;NAN;NAN;57823.00;0.350;16.664;251.57775000;-19.17055556;4.817736;1.00e-14;55.00;NAN;NAN;0.08;NAN;2.616;0.750;0.015;5.994;NAN;pks_superb;
1282;J1646-2142;NAN;NAN;NAN;57924.00;358.269;15.116;251.57764208;-21.70069722;0.005853;8.31e-21;29.74;NAN;NAN;NAN;NAN;0.965;0.252;-0.028;7.569;NAN;FermiAssoc,gbncc;
1283;J1646-4308;NAN;NAN;NAN;51757.00;341.603;1.374;251.73041667;-43.13527778;0.840680;1.10e-16;595.00;NAN;NAN;0.33;NAN;16.162;0.388;-5.099;-6.832;NAN;pksmb,htru_pks;
1284;J1646-4346;NAN;NAN;NAN;48657.80;341.105;0.968;251.71375000;-43.77722222;0.231603;1.13e-13;490.40;0.02;NAN;1.25;NAN;6.224;0.105;-2.015;2.612;SNR:G341.2+0.9(?)[fgw94];pks1,htru_pks,pksmb;
1285;J1646-5123;NAN;NAN;NAN;52906.00;335.276;-3.929;251.65145833;-51.38738889;0.530075;2.10e-15;279.00;NAN;NAN;0.17;NAN;10.974;-0.752;-4.579;-1.445;NAN;pksmb;
1286;J1646-6831;NAN;NAN;NAN;57600.00;321.842;-14.830;251.72879167;-68.53102778;1.785613;1.70e-15;43.00;NAN;23.00;4.90;NAN;1.245;-0.319;-0.744;7.554;NAN;mol2,htru_pks,pks70,pkssw;
1287;J1647+6608;NAN;NAN;NAN;56500.00;97.180;37.034;251.88550721;66.13951249;1.599798;7.84e-15;22.55;NAN;NAN;NAN;NAN;2.061;1.241;1.632;8.706;NAN;gbncc,lotaas;
1288;J1647+6609;NAN;NAN;NAN;NAN;97.180;37.034;251.88528863;66.13946083;1.599799;7.85e-15;NAN;NAN;NAN;NAN;NAN;NAN;0.000;0.000;8.500;NAN;gbncc;
1289;J1647-3607;NAN;NAN;NAN;54984.00;347.084;5.773;251.94379167;-36.11777778;0.212316;1.29e-16;228.50;NAN;NAN;0.20;NAN;16.873;1.697;-3.752;-7.863;NAN;pkssw,gbncc,htru_pks;
1290;J1647-4552;NAN;NAN;NAN;54008.00;339.546;-0.431;251.79250000;-45.87133333;10.610656;8.33e-13;NAN;NAN;NAN;NAN;NAN;NAN;-0.000;-0.000;8.500;XRS:CXO_J164710.2-455216;misc;
1291;J1648-3256;NAN;NAN;NAN;49411.80;349.586;7.749;252.02529167;-32.94466667;0.719455;3.53e-15;128.28;0.00;11.00;0.70;NAN;6.730;0.907;-1.205;1.941;NAN;pks70,gbncc,htru_pks,pkssw;
1292;J1648-4458;NAN;NAN;NAN;51590.00;340.349;0.009;252.05416667;-44.97388889;0.629632;1.85e-15;925.00;NAN;NAN;0.55;NAN;5.518;0.001;-1.856;3.303;NAN;pksmb,htru_pks;
1293;J1648-4611;NAN;NAN;NAN;55395.00;339.438;-0.794;252.09184583;-46.18770833;0.164958;2.37e-14;392.30;NAN;NAN;0.61;NAN;4.467;-0.062;-1.569;4.318;GRS:4FGL_J1648.4-4611[aab+22];pksmb,FermiBlind,htru_pks;
1294;J1648-6044;NAN;NAN;NAN;55222.00;328.220;-10.141;252.21345833;-60.74041667;0.583765;4.29e-16;106.20;NAN;NAN;0.70;NAN;5.567;-0.980;-2.886;3.842;NAN;htru_pks;
1295;J1649+2533;NAN;NAN;NAN;NAN;45.648;37.107;252.43429167;25.55194444;1.015257;5.59e-16;34.46;NAN;7.40;NAN;NAN;25.000;15.082;14.257;-5.438;NAN;ar4,ar327,lotaas;
1296;J1649-3012;NAN;NAN;NAN;58563.00;351.856;9.340;252.25000000;-30.20000000;0.003424;1.33e-20;NAN;NAN;NAN;NAN;NAN;NAN;0.000;-0.000;8.500;GRS:4FGL_J1649.8-3010[aab+22];FermiAssoc;
1297;J1649-3752;NAN;NAN;NAN;NAN;345.914;4.434;252.29729167;-37.87108333;0.587242;NAN;222.90;NAN;NAN;NAN;NAN;10.548;0.815;-2.559;-1.700;NAN;mmgps-l;
1298;J1649-3805;NAN;NAN;NAN;52885.00;345.815;4.194;252.45092500;-38.09975000;0.262026;3.64e-17;213.80;NAN;NAN;1.75;NAN;8.841;0.647;-2.161;-0.048;NAN;pksmb,htru_pks;
1299;J1649-3935;NAN;NAN;NAN;55985.00;344.577;3.341;252.27783333;-39.59561111;0.770910;3.91e-17;290.00;NAN;NAN;0.05;NAN;13.459;0.784;-3.573;-4.452;NAN;htru_pks;
1300;J1649-4230;NAN;NAN;NAN;NAN;342.421;1.379;252.44433333;-42.50591667;0.676410;NAN;374.00;NAN;NAN;NAN;NAN;7.142;0.172;-2.156;1.693;NAN;mmgps-l;
1301;J1649-4349;NAN;NAN;NAN;51243.00;341.360;0.596;252.33508333;-43.82283333;0.870712;4.40e-17;398.60;NAN;NAN;0.75;NAN;4.408;0.046;-1.409;4.323;NAN;pksmb,htru_pks;
1302;J1649-4653;NAN;NAN;NAN;55360.00;339.019;-1.380;252.35254167;-46.88591667;0.557036;4.96e-14;331.00;NAN;NAN;0.37;NAN;4.964;-0.120;-1.777;3.866;NAN;pksmb,htru_pks;
1303;J1649-4729;NAN;NAN;NAN;51157.00;338.538;-1.759;252.32612500;-47.49805556;0.297692;6.55e-15;540.20;NAN;NAN;0.29;NAN;14.322;-0.440;-5.238;-4.823;NAN;pksmb,htru_pks;
1304;J1649-5553;NAN;NAN;NAN;51650.00;332.077;-7.148;252.37958333;-55.89444444;0.613571;1.70e-15;180.40;NAN;NAN;1.40;NAN;11.603;-1.444;-5.391;-1.672;NAN;pkssw,htru_pks;
1305;J1650-1654;-15.070;-6.550;NAN;56000.00;2.856;17.234;252.61320583;-16.91174500;1.749552;3.20e-15;43.25;NAN;13.00;1.10;NAN;1.055;0.313;0.050;7.494;NAN;pks70;
1306;J1650-4126;NAN;NAN;NAN;51685.00;343.291;1.997;252.55489167;-41.44272222;0.308918;1.98e-17;251.50;NAN;NAN;0.29;NAN;4.868;0.170;-1.399;3.840;NAN;pksmb,htru_pks;
1307;J1650-4341;NAN;NAN;NAN;51737.00;341.623;0.485;252.68616667;-43.69188889;0.309398;1.67e-17;672.80;0.07;NAN;0.26;NAN;5.341;0.045;-1.684;3.432;NAN;pksmb,htru_pks;
1308;J1650-4502;NAN;NAN;NAN;51118.00;340.559;-0.351;252.63458333;-45.04369444;0.380870;1.61e-14;320.20;NAN;NAN;0.61;NAN;3.918;-0.024;-1.304;4.805;NAN;pksmb,htru_pks;
1309;J1650-4601;NAN;NAN;NAN;55716.00;339.782;-0.946;252.57758333;-46.02183333;0.127123;1.51e-14;NAN;NAN;NAN;NAN;NAN;NAN;-0.000;-0.000;8.500;GRS:4FGL_J1650.3-4600[aab+22];FermiBlind;
1310;J1650-4921;NAN;NAN;NAN;55599.00;337.248;-3.108;252.64628750;-49.35104444;0.156400;1.82e-15;229.30;NAN;NAN;0.29;NAN;5.307;-0.288;-2.049;3.613;NAN;pksmb,htru_pks;
1311;J1650-5025;NAN;NAN;NAN;NAN;336.353;-3.727;252.50076458;-50.43416667;0.059676;NAN;213.50;NAN;NAN;NAN;NAN;5.529;-0.359;-2.213;3.446;NAN;mmgps-l;
1312;J1651+14;NAN;NAN;NAN;NAN;32.880;33.069;252.75000000;14.36666667;0.828000;NAN;48.00;NAN;NAN;NAN;NAN;25.000;13.641;11.374;-9.094;NAN;misc;
1313;J1651-1709;NAN;NAN;NAN;50027.00;2.810;16.882;252.88230300;-17.15614106;0.973394;3.04e-15;33.46;NAN;9.00;0.30;NAN;0.836;0.243;0.039;7.701;NAN;mol2,gb2,gb3,pks70;
1314;J1651-4246;NAN;NAN;NAN;57600.00;342.458;0.923;252.95332083;-42.76943611;0.844081;4.75e-15;482.00;NAN;100.00;21.00;NAN;5.200;0.084;-1.567;3.542;NAN;mol2,htru_pks,pks1,pks70,pksmb;
1315;J1651-4519;NAN;NAN;NAN;51399.00;340.506;-0.719;252.98833333;-45.31972222;0.517443;8.19e-15;562.00;NAN;NAN;0.54;NAN;5.061;-0.063;-1.689;3.729;NAN;pksmb,htru_pks;
1316;J1651-5222;NAN;NAN;NAN;57600.00;335.014;-5.172;252.92900833;-52.38288333;0.635058;1.81e-15;179.10;0.00;23.00;4.10;NAN;6.283;-0.566;-2.643;2.828;NAN;mol2,htru_pks,pks70,pksmb,pkssw;
1317;J1651-5255;NAN;NAN;NAN;57600.00;334.586;-5.515;252.92254167;-52.92991667;0.890537;2.12e-15;164.00;NAN;12.00;2.72;NAN;5.808;-0.558;-2.481;3.278;NAN;mol2,htru_pks,pkssw;
1318;J1651-7642;NAN;NAN;NAN;53000.00;315.149;-19.953;252.78279167;-76.71097222;1.755311;1.36e-15;59.90;NAN;NAN;0.70;NAN;3.361;-1.147;-2.228;6.260;NAN;pkssw;
1319;J1652+2651;NAN;NAN;NAN;NAN;47.402;36.954;253.01279167;26.86122222;0.915803;6.54e-16;40.80;0.00;11.30;NAN;NAN;25.000;15.029;14.706;-5.022;NAN;ar4,ar327,gb4,gbncc,lotaas;
1320;J1652-1400;NAN;NAN;NAN;53000.00;5.599;18.581;253.06948750;-14.00761111;0.305447;1.76e-17;49.50;NAN;NAN;0.40;NAN;0.598;0.191;0.055;7.936;NAN;pkssw;
1321;J1652-2404;NAN;NAN;NAN;48742.00;357.315;12.454;253.24387329;-24.06413041;1.703739;3.16e-15;68.41;NAN;9.20;1.44;NAN;3.368;0.726;-0.154;5.215;NAN;mol2,gbncc,htru_pks,pks70,pkssw;
1322;J1652-42;NAN;NAN;NAN;NAN;342.633;1.003;253.02083333;-42.58333333;0.496587;NAN;927.00;NAN;NAN;0.33;NAN;23.625;0.413;-7.051;-14.045;NAN;pksmb;
1323;J1652-4406;NAN;NAN;NAN;54947.00;341.564;-0.088;253.24791667;-44.10138889;7.707183;9.50e-15;786.00;NAN;NAN;NAN;NAN;5.108;-0.008;-1.615;3.654;NAN;pksmb,htru_pks;
1324;J1652-4838;NAN;NAN;NAN;51373.30;337.954;-3.019;253.22500000;-48.75000000;0.003785;NAN;188.16;NAN;NAN;0.92;NAN;4.395;-0.231;-1.647;4.432;NAN;pksmb;
1325;J1652-5154;NAN;NAN;NAN;NAN;335.469;-4.967;253.13658333;-51.90294444;0.599681;NAN;265.80;NAN;NAN;NAN;NAN;15.681;-1.358;-6.486;-5.712;NAN;mmgps-l;
1326;J1653-3838;NAN;NAN;NAN;48360.50;345.878;3.268;253.41582500;-38.63911111;0.305037;2.79e-15;207.20;0.00;NAN;2.00;NAN;5.439;0.310;-1.325;3.234;NAN;pks1,htru_pks,pksmb;
1327;J1653-4030;NAN;NAN;NAN;53139.00;344.422;2.107;253.39262500;-40.50038889;1.019372;4.36e-16;425.00;NAN;NAN;0.40;NAN;17.188;0.632;-4.613;-8.045;NAN;pksmb,htru_pks;
1328;J1653-4105;NAN;NAN;NAN;57883.00;343.946;1.756;253.35572500;-41.09044444;0.498978;5.41e-17;419.40;NAN;NAN;0.27;NAN;14.022;0.430;-3.876;-4.969;NAN;htru_pks;
1329;J1653-4249;NAN;NAN;NAN;51118.00;342.636;0.629;253.41758333;-42.81758333;0.612558;4.81e-15;416.10;0.02;NAN;1.50;NAN;4.475;0.049;-1.335;4.229;NAN;pksmb,htru_pks;
1330;J1653-4315;NAN;NAN;NAN;51587.00;342.281;0.380;253.37375000;-43.25027778;0.419280;1.50e-17;337.00;NAN;NAN;0.53;NAN;4.004;0.027;-1.219;4.686;NAN;pksmb,htru_pks;
1331;J1653-45;NAN;NAN;NAN;NAN;340.751;-0.961;253.47500000;-45.28333333;0.950977;NAN;207.00;NAN;NAN;NAN;NAN;3.507;-0.059;-1.156;5.190;NAN;htru_pks;
1332;J1653-4854;NAN;NAN;NAN;51708.00;337.936;-3.256;253.48625000;-48.91416667;3.059510;3.45e-15;354.00;NAN;NAN;0.18;NAN;15.189;-0.863;-5.697;-5.554;NAN;pksmb,htru_pks;
1333;J1654-23;NAN;NAN;NAN;55261.00;357.859;12.552;253.51250000;-23.58333333;0.545360;NAN;75.00;NAN;NAN;NAN;NAN;4.070;0.884;-0.148;4.530;NAN;pkssw;
1334;J1654-26;NAN;NAN;NAN;54793.00;355.499;10.601;253.66250000;-26.60500000;1.623730;NAN;103.30;NAN;NAN;NAN;NAN;6.603;1.215;-0.509;2.030;NAN;htru_pks,gbncc;
1335;J1654-2713;NAN;NAN;NAN;51002.00;354.972;10.271;253.59844778;-27.21710208;0.791822;1.68e-16;92.31;NAN;9.00;0.30;NAN;4.939;0.881;-0.426;3.659;NAN;pks70,gbncc;
1336;J1654-3710;NAN;NAN;NAN;53131.00;347.147;4.018;253.68510833;-37.18252778;0.939165;7.35e-16;302.00;NAN;NAN;0.22;NAN;19.007;1.332;-4.218;-9.985;NAN;pksmb,htru_pks;
1337;J1654-4140;NAN;NAN;NAN;51399.00;343.609;1.247;253.59791667;-41.67333333;1.273945;1.30e-16;307.00;NAN;NAN;0.71;NAN;4.645;0.101;-1.310;4.045;NAN;pksmb,htru_pks;
1338;J1654-4245;NAN;NAN;NAN;54024.20;342.761;0.565;253.59200000;-42.76083333;1.101555;5.12e-14;950.00;NAN;NAN;0.14;NAN;10.612;0.105;-3.145;-1.635;NAN;pksmb;
1339;J1655-3048;NAN;NAN;NAN;51500.00;352.245;7.880;253.85220833;-30.81166667;0.542936;3.66e-17;154.10;NAN;NAN;2.20;NAN;10.670;1.463;-1.426;-1.973;NAN;pkssw,gbncc,htru_pks;
1340;J1655-3844;NAN;NAN;NAN;54863.30;346.046;2.906;253.91108333;-38.73583333;1.193439;2.00e-15;365.00;NAN;NAN;0.25;NAN;19.040;0.965;-4.585;-9.954;NAN;pksmb,htru_pks;
1341;J1655-401;NAN;NAN;NAN;NAN;344.827;2.032;253.80416667;-40.23333333;0.276691;NAN;451.00;NAN;NAN;0.13;NAN;18.826;0.667;-4.924;-9.658;NAN;pksmb;
1342;J1655-404;NAN;NAN;NAN;NAN;344.374;1.663;253.80833333;-40.81666667;2.927288;NAN;88.20;NAN;NAN;0.08;NAN;2.461;0.071;-0.663;6.131;NAN;pksmb;
1343;J1656+00;NAN;NAN;NAN;57022.00;19.336;25.510;254.17083333;0.43333333;1.497850;NAN;46.90;NAN;NAN;NAN;NAN;3.940;1.697;1.177;5.145;NAN;ar327,fast_gpps;
1344;J1656+6203;NAN;NAN;NAN;57652.00;91.938;37.144;254.04287500;62.06400278;0.776155;8.44e-16;35.26;NAN;NAN;NAN;NAN;25.000;15.095;19.917;9.174;NAN;lotaas;
1345;J1656-3621;NAN;NAN;NAN;53123.00;348.013;4.245;254.13731250;-36.36658333;0.730134;1.28e-15;229.00;NAN;NAN;0.29;NAN;10.733;0.794;-2.223;-1.970;NAN;pksmb,htru_pks;
1346;J1657+3304;NAN;NAN;NAN;57927.00;55.344;37.124;254.46117500;33.07601389;1.570276;1.73e-15;23.90;NAN;NAN;NAN;NAN;2.353;1.420;1.543;7.433;NAN;misc,lotaas,fast_gpps;
1347;J1657-0406A;-4.760;-6.600;0.196;NAN;15.137;23.076;254.28791667;-4.10027778;0.004730;NAN;43.90;NAN;NAN;NAN;NAN;5.070;1.987;1.218;3.998;GC:M10(NGC6254)[pqm+21];fast_crafts;
1348;J1657-0406B;-4.760;-6.600;0.196;NAN;15.137;23.076;254.28791667;-4.10027778;0.007350;NAN;43.35;NAN;NAN;NAN;NAN;5.070;1.987;1.218;3.998;GC:M10(NGC6254)[pqm+21];fast_crafts;
1349;J1657-4432;NAN;NAN;NAN;51685.00;341.743;-1.006;254.40304167;-44.53888889;0.609607;8.20e-15;375.30;NAN;NAN;0.38;NAN;4.558;-0.080;-1.428;4.172;NAN;pksmb,htru_pks;
1350;J1657-46;NAN;NAN;NAN;NAN;340.276;-2.206;254.44166667;-46.43333333;0.892310;NAN;682.00;NAN;NAN;0.16;NAN;25.000;-0.962;-8.431;-15.016;NAN;pksmb;
1351;J1658-2823;NAN;NAN;NAN;NAN;354.538;8.917;254.51250000;-28.38444444;3.359700;NAN;85.50;NAN;NAN;NAN;NAN;3.473;0.538;-0.327;5.085;NAN;gbncc;
1352;J1658-4306;NAN;NAN;NAN;51451.00;342.933;-0.214;254.56916667;-43.11388889;1.166449;4.28e-14;845.00;NAN;NAN;0.80;NAN;5.254;-0.020;-1.542;3.477;NAN;pksmb,htru_pks;
1353;J1658-47;NAN;NAN;NAN;56657.00;339.742;-2.767;254.60000000;-47.20000000;0.369365;NAN;533.00;NAN;NAN;0.18;NAN;23.422;-1.131;-8.101;-13.448;NAN;htru_pks;
1354;J1658-4958;NAN;NAN;NAN;52146.00;337.602;-4.554;254.72883333;-49.98288889;0.416874;3.86e-15;193.40;NAN;NAN;1.60;NAN;6.107;-0.485;-2.320;2.872;NAN;pksmb,htru_pks;
1355;J1658-5324;0.200;4.900;NAN;55520.00;334.869;-6.625;254.66393162;-53.40194528;0.002439;1.12e-20;30.83;NAN;NAN;0.43;NAN;0.880;-0.102;-0.371;7.709;GRS:4FGL_J1658.6-5323[aab+22],XRS:[pb15];FermiAssoc;
1356;J1659-1305;NAN;NAN;NAN;49725.00;7.507;17.592;254.97119792;-13.08583042;0.640958;6.18e-16;60.37;NAN;6.30;0.80;NAN;0.484;0.146;0.060;8.043;NAN;gb2,pks70;
1357;J1659-4316;NAN;NAN;NAN;51527.00;343.000;-0.547;254.98491667;-43.26833333;0.474381;1.71e-16;641.00;NAN;NAN;0.21;NAN;4.986;-0.048;-1.458;3.732;NAN;pksmb,htru_pks;
1358;J1659-4439;NAN;NAN;NAN;51685.00;341.881;-1.361;254.91433333;-44.65027778;0.353293;2.50e-17;535.00;NAN;NAN;0.42;NAN;12.686;-0.301;-3.944;-3.554;NAN;pksmb,htru_pks;
1359;J1659-54;NAN;NAN;NAN;58196.80;334.459;-7.077;254.84583333;-54.00000000;0.544573;NAN;134.00;NAN;NAN;NAN;NAN;5.658;-0.697;-2.421;3.434;NAN;misc;
1360;J1700-0954;NAN;NAN;NAN;57199.00;10.307;19.330;255.01345000;-9.91200000;0.817312;7.52e-16;64.10;NAN;NAN;0.35;NAN;0.217;0.072;0.037;8.299;NAN;pks_superb;
1361;J1700-3312;NAN;NAN;NAN;50856.00;351.055;5.489;255.22075537;-33.21291686;1.358307;4.71e-15;166.97;0.00;21.00;1.60;NAN;7.376;0.706;-1.142;1.247;NAN;pks70,gbncc,htru_pks,pksmb,pkssw;
1362;J1700-3611;NAN;NAN;NAN;52828.00;348.679;3.672;255.20550000;-36.19805556;1.494091;4.32e-15;232.70;NAN;NAN;0.80;NAN;9.288;0.595;-1.820;-0.589;NAN;pksmb,gbncc,htru_pks;
1363;J1700-3919;NAN;NAN;NAN;52025.00;346.161;1.826;255.09279167;-39.31667222;0.560504;5.03e-18;354.30;NAN;NAN;0.23;NAN;11.632;0.371;-2.781;-2.789;NAN;pksmb,htru_pks;
1364;J1700-4012;NAN;NAN;NAN;53105.00;345.488;1.234;255.16062500;-40.21072222;0.283792;9.91e-17;385.00;NAN;NAN;0.13;NAN;6.704;0.144;-1.679;2.011;NAN;pksmb,htru_pks;
1365;J1700-4422;NAN;NAN;NAN;55065.00;342.235;-1.364;255.22362500;-44.37416667;0.755535;4.00e-17;404.90;0.07;NAN;0.30;NAN;6.366;-0.152;-1.942;2.439;NAN;htru_pks;
1366;J1700-4939;NAN;NAN;NAN;51709.00;338.008;-4.538;255.09400000;-49.65416667;0.578363;1.08e-15;278.00;NAN;NAN;0.17;NAN;15.416;-1.220;-5.755;-5.749;NAN;pksmb;
1367;J1701-3130;NAN;NAN;NAN;51500.00;352.523;6.384;255.43130417;-31.51019444;0.291341;5.60e-17;130.73;NAN;NAN;NAN;NAN;5.251;0.584;-0.679;3.326;NAN;pkssw,gbncc,htru_pks;
1368;J1701-3726;NAN;NAN;NAN;57600.00;347.755;2.833;255.32687500;-37.44088889;2.454618;1.11e-14;303.40;0.00;NAN;4.10;NAN;12.949;0.640;-2.743;-4.139;NAN;pks1,htru_pks,pksmb;
1369;J1701-4533;NAN;NAN;NAN;48360.70;341.360;-2.177;255.37147500;-45.56352778;0.322909;5.19e-16;526.00;0.01;NAN;3.10;NAN;19.589;-0.744;-6.257;-10.048;NAN;pks1,htru_pks,pksmb;
1370;J1701-4958;NAN;NAN;NAN;54844.60;337.835;-4.841;255.30345833;-49.97583333;0.804304;1.10e-16;230.00;NAN;NAN;0.26;NAN;10.824;-0.914;-4.069;-1.488;NAN;pksmb;
1371;J1702-3932;NAN;NAN;NAN;51709.00;346.203;1.401;255.55983333;-39.54444444;0.390328;3.78e-16;530.00;NAN;NAN;0.30;NAN;15.193;0.371;-3.622;-6.250;NAN;pksmb,htru_pks;
1372;J1702-4128;NAN;NAN;NAN;51530.00;344.744;0.123;255.71883333;-41.48005556;0.182136;5.23e-14;365.75;0.03;NAN;1.17;NAN;3.967;0.008;-1.044;4.673;GRS:4FGL_J1702.9-4131[aab+22];pksmb,FermiAssoc,htru_pks;
1373;J1702-4145;NAN;NAN;NAN;NAN;344.535;-0.059;255.73950000;-41.75663889;0.345805;NAN;945.00;NAN;NAN;NAN;NAN;5.468;-0.006;-1.458;3.230;NAN;mmgps-l;
1374;J1702-4217;NAN;NAN;NAN;51895.00;344.078;-0.329;255.65183333;-42.28366667;0.227565;1.14e-17;629.00;NAN;NAN;0.50;NAN;4.715;-0.027;-1.293;3.966;NAN;pksmb,htru_pks;
1375;J1702-4306;NAN;NAN;NAN;55560.00;343.405;-0.814;255.61400000;-43.11252778;0.215508;9.78e-15;538.40;NAN;NAN;0.46;NAN;5.046;-0.072;-1.441;3.665;NAN;pksmb,htru_pks;
1376;J1702-4310;NAN;NAN;NAN;51597.00;343.352;-0.852;255.61225000;-43.17777778;0.240524;2.24e-13;377.60;NAN;NAN;0.92;NAN;4.327;-0.064;-1.239;4.355;NAN;pksmb,htru_pks;
1377;J1702-4428;NAN;NAN;NAN;51400.00;342.378;-1.701;255.71916667;-44.46750000;2.123506;3.30e-15;395.00;NAN;NAN;0.38;NAN;11.153;-0.331;-3.375;-2.125;NAN;pksmb,htru_pks;
1378;J1703-18;NAN;NAN;NAN;55064.00;3.133;13.616;255.85833333;-18.81500000;1.270240;NAN;46.00;NAN;NAN;NAN;NAN;1.416;0.333;0.075;7.126;NAN;htru_pks;
1379;J1703-1846;-0.730;16.920;0.350;56000.00;3.229;13.561;255.96288125;-18.77079028;0.804341;1.73e-15;49.55;NAN;11.00;0.70;NAN;2.800;0.657;0.153;5.782;NAN;mol1,mol2,pks70,pkssw;
1380;J1703-3241;NAN;NAN;NAN;50005.00;351.786;5.387;255.84392038;-32.69667568;1.211785;6.60e-16;110.31;0.00;32.00;8.70;NAN;3.166;0.297;-0.450;5.380;NAN;jb1,htru_pks,mol2,pks70,pksmb;
1381;J1703-38;NAN;NAN;NAN;54999.00;347.410;2.037;255.85833333;-38.20000000;6.443000;NAN;375.00;NAN;NAN;NAN;NAN;14.172;0.504;-3.087;-5.323;NAN;pksmb;
1382;J1703-4442;NAN;NAN;NAN;51708.00;342.235;-1.916;255.83579167;-44.71166667;1.747293;1.43e-14;280.20;NAN;NAN;0.21;NAN;5.224;-0.175;-1.593;3.528;NAN;pksmb,htru_pks;
1383;J1703-4851;NAN;NAN;NAN;57600.00;338.986;-4.515;255.97725417;-48.86695556;1.396405;5.07e-15;150.29;0.00;22.00;1.40;NAN;4.115;-0.324;-1.471;4.671;NAN;pks70,pksmb;
1384;J1704-3549;NAN;NAN;NAN;NAN;349.423;3.319;256.11012500;-35.82438889;2.270547;NAN;291.60;NAN;NAN;NAN;NAN;13.998;0.811;-2.565;-5.237;NAN;mmgps-l;
1385;J1704-3756;NAN;NAN;NAN;57650.00;347.795;1.953;256.23944167;-37.94525000;0.305234;1.13e-14;405.70;NAN;NAN;0.13;NAN;15.250;0.520;-3.222;-6.397;NAN;htru_pks;
1386;J1704-5236;NAN;NAN;NAN;56108.00;336.051;-6.869;256.16903750;-52.61594444;0.230708;5.20e-17;170.00;NAN;NAN;0.60;NAN;9.486;-1.135;-3.823;-0.107;NAN;htru_pks;
1387;J1704-6016;NAN;NAN;NAN;43557.01;329.762;-11.367;256.06166667;-60.28166667;0.306323;9.10e-16;54.00;NAN;23.00;NAN;NAN;1.589;-0.313;-0.785;7.154;NAN;mol2,pks70;
1388;J1705-04;NAN;NAN;NAN;56657.00;15.709;21.105;256.25000000;-4.68333333;0.237480;NAN;42.95;NAN;NAN;NAN;NAN;0.210;0.076;0.053;8.311;NAN;gbt350;
1389;J1705-1903;NAN;NAN;NAN;55307.00;3.148;13.042;256.36250000;-19.13444444;0.002480;NAN;57.50;NAN;NAN;0.57;NAN;2.358;0.532;0.126;6.206;NAN;htru_pks;
1390;J1705-1906;-77.000;-52.000;NAN;48733.00;3.189;13.026;256.40041557;-19.11073499;0.298987;4.14e-15;22.91;NAN;29.00;5.66;NAN;0.747;0.168;0.040;7.773;GRS:4FGL_J1705.6-1909[aab+22];mol2,FermiBlind,htru_pks,pks70,pkss;
1391;J1705-3423;NAN;NAN;NAN;57600.00;350.721;3.975;256.42650833;-34.39530556;0.255427;1.08e-15;146.40;0.00;31.00;5.30;NAN;3.843;0.266;-0.618;4.716;NAN;pks70,gbncc,htru_pks,pksmb;
1392;J1705-3936;NAN;NAN;NAN;51400.00;346.548;0.845;256.40458333;-39.60805556;0.854482;1.93e-14;598.00;NAN;NAN;0.33;NAN;9.695;0.143;-2.255;-0.928;NAN;pksmb,htru_pks;
1393;J1705-3950;NAN;NAN;NAN;51587.00;346.341;0.718;256.37433333;-39.84972222;0.318941;6.06e-14;207.25;0.00;NAN;1.60;NAN;3.426;0.043;-0.809;5.171;NAN;pksmb,htru_pks;
1394;J1705-4108;NAN;NAN;NAN;51505.00;345.291;-0.042;256.33500000;-41.14555556;0.861067;3.47e-14;1077.00;NAN;NAN;1.30;NAN;5.969;-0.004;-1.516;2.727;NAN;pksmb,htru_pks;
1395;J1705-4331;NAN;NAN;NAN;54986.00;343.428;-1.515;256.39964167;-43.52044444;0.222561;7.12e-17;185.24;NAN;NAN;0.40;NAN;3.441;-0.091;-0.981;5.203;NAN;htru_pks;
1396;J1705-6135;NAN;NAN;NAN;54896.00;328.751;-12.228;256.31375000;-61.58750000;0.808546;6.00e-17;95.00;NAN;NAN;0.40;NAN;5.577;-1.181;-2.827;3.840;NAN;htru_pks;
1397;J1706+59;NAN;NAN;NAN;56292.00;88.097;36.319;256.75000000;59.16666667;1.476690;NAN;30.80;NAN;8.00;NAN;NAN;3.931;2.328;3.166;8.395;NAN;gbncc,lotaas;
1398;J1706-3839;NAN;NAN;NAN;51510.00;347.387;1.301;256.58875000;-38.66416667;0.586287;3.00e-15;626.00;NAN;NAN;0.20;NAN;17.642;0.401;-3.851;-8.712;NAN;pksmb,htru_pks;
1399;J1706-4020;NAN;NAN;NAN;NAN;346.023;0.334;256.52250000;-40.33547222;0.180632;NAN;598.00;NAN;NAN;NAN;NAN;4.711;0.027;-1.138;3.929;NAN;mmgps-l;
1400;J1706-4310;NAN;NAN;NAN;51457.00;343.758;-1.375;256.51879167;-43.17250000;0.616979;6.51e-15;656.10;NAN;NAN;0.28;NAN;17.546;-0.421;-4.906;-8.341;NAN;pksmb,htru_pks;
1401;J1706-4434;NAN;NAN;NAN;57416.00;342.672;-2.264;256.59659583;-44.57500000;0.429922;2.58e-15;467.00;NAN;NAN;0.19;NAN;19.449;-0.768;-5.788;-10.052;NAN;htru_pks;
1402;J1706-6118;NAN;NAN;NAN;53000.00;329.053;-12.152;256.54080833;-61.30325000;0.361921;2.92e-16;76.13;NAN;NAN;NAN;NAN;3.394;-0.714;-1.706;5.654;NAN;pkssw,htru_pks;
1403;J1707+35;NAN;NAN;NAN;NAN;59.261;35.784;256.75000000;35.93333333;0.159800;NAN;19.24;NAN;NAN;NAN;NAN;1.680;0.982;1.171;7.803;NAN;lotaas,ar327;
1404;J1707-4053;NAN;NAN;NAN;57600.00;345.718;-0.197;256.84075000;-40.89863889;0.581018;1.92e-15;351.78;0.10;NAN;10.00;NAN;4.000;-0.014;-0.987;4.624;NAN;pks1,htru_pks,pksmb;
1405;J1707-4341;NAN;NAN;NAN;51708.00;343.521;-1.915;256.91712500;-43.68666667;0.890594;5.70e-15;398.20;NAN;NAN;0.46;NAN;13.007;-0.435;-3.688;-3.966;NAN;pksmb,htru_pks;
1406;J1707-4417;NAN;NAN;NAN;54999.00;343.041;-2.278;256.92254167;-44.28861111;5.763777;1.16e-14;380.00;NAN;NAN;NAN;NAN;14.055;-0.559;-4.097;-4.933;NAN;pksmb;
1407;J1707-4729;NAN;NAN;NAN;51496.00;340.424;-4.135;256.81477917;-47.49291667;0.266474;1.56e-15;268.30;NAN;NAN;2.40;NAN;12.834;-0.925;-4.289;-3.561;NAN;pksmb,htru_pks;
1408;J1708+02;NAN;NAN;NAN;56631.00;22.265;23.582;257.16250000;1.80166667;0.410772;NAN;29.00;NAN;NAN;NAN;NAN;1.454;0.582;0.505;7.267;NAN;htru_pks;
1409;J1708-3426;NAN;NAN;NAN;57600.00;351.083;3.407;257.24079167;-34.44555556;0.692116;4.21e-15;188.70;0.00;36.00;2.00;NAN;4.638;0.276;-0.718;3.926;NAN;pks70,gbncc,htru_pks,pksmb;
1410;J1708-3641;NAN;NAN;NAN;56047.00;349.235;2.130;257.14962500;-36.68930556;0.587567;1.35e-16;316.00;NAN;NAN;0.12;NAN;11.312;0.420;-2.111;-2.605;NAN;htru_pks;
1411;J1708-3827;NAN;NAN;NAN;51401.00;347.776;1.123;257.06875000;-38.46000000;1.225782;8.60e-15;788.00;NAN;NAN;0.42;NAN;20.597;0.404;-4.360;-11.626;NAN;pksmb,htru_pks;
1412;J1708-4008;NAN;NAN;NAN;55567.00;346.481;0.036;257.19529167;-40.14790000;11.006262;1.96e-11;NAN;NAN;NAN;NAN;NAN;3.800;0.002;-0.888;4.805;XRS:RXSJ170849.0-400910;misc;
1413;J1708-4522;NAN;NAN;NAN;52158.00;342.220;-3.006;257.05383333;-45.38083333;1.297837;2.61e-15;454.00;NAN;NAN;0.22;NAN;23.090;-1.211;-7.041;-13.457;NAN;pksmb,htru_pks;
1414;J1708-52;NAN;NAN;NAN;56657.00;336.854;-6.911;257.00000000;-52.00000000;0.449620;NAN;102.60;NAN;NAN;NAN;NAN;3.295;-0.396;-1.286;5.492;NAN;ghrss;
1415;J1708-7539;NAN;NAN;NAN;43565.10;316.676;-20.221;257.01041667;-75.65638889;1.191024;1.88e-15;37.00;NAN;2.50;0.75;NAN;1.322;-0.457;-0.851;7.598;NAN;mol2,pkssw;
1416;J1709-0333;NAN;NAN;NAN;NAN;17.370;20.717;257.38662500;-3.55555556;0.003524;NAN;35.70;NAN;NAN;NAN;NAN;0.213;0.075;0.059;8.310;NAN;meerkat_trapum;
1417;J1709-1640;-2.000;47.000;NAN;46993.00;5.775;13.657;257.36017208;-16.68270278;0.653054;6.31e-15;24.89;0.00;47.00;15.00;NAN;0.562;0.133;0.055;7.957;NAN;mol1,gb2,gb3,htru_pks,mol2,pks70,pk;
1418;J1709-3626;NAN;NAN;NAN;51400.00;349.578;2.095;257.43812500;-36.43433333;0.447857;2.27e-15;393.60;NAN;NAN;0.58;NAN;16.084;0.588;-2.908;-7.308;NAN;pksmb,htru_pks;
1419;J1709-3841;NAN;NAN;NAN;51117.00;347.709;0.832;257.31662500;-38.68805556;0.586986;7.86e-15;356.00;NAN;NAN;0.31;NAN;4.300;0.062;-0.915;4.299;NAN;pksmb,htru_pks;
1420;J1709-43;NAN;NAN;NAN;NAN;343.567;-2.355;257.44583333;-43.91194444;NAN;NAN;228.00;NAN;NAN;NAN;NAN;4.596;-0.189;-1.299;4.095;NAN;htru_pks;
1421;J1709-4342;NAN;NAN;NAN;51457.00;343.706;-2.193;257.37875000;-43.70388889;1.735898;8.00e-16;281.00;NAN;NAN;0.14;NAN;6.449;-0.247;-1.808;2.315;NAN;pksmb,htru_pks;
1422;J1709-4401;NAN;NAN;NAN;55000.00;343.471;-2.406;257.42245833;-44.01977778;0.865235;7.37e-15;225.80;NAN;NAN;0.80;NAN;4.597;-0.193;-1.307;4.097;NAN;htru_pks;
1423;J1709-4429;13.000;-1.000;NAN;50042.00;343.098;-2.686;257.42803333;-44.48562222;0.102459;9.30e-14;75.59;NAN;25.00;12.10;NAN;2.600;-0.122;-0.755;6.015;GRS:4FGL_J1709.7-4429[aab+22],SNR:G343.1;pks1,FermiBlind,htru_pks,pks70,pksm;
1424;J1710+4923;-50.400;-44.700;NAN;56850.00;75.929;36.449;257.51850454;49.38652178;0.003220;1.82e-20;7.00;NAN;NAN;NAN;NAN;0.500;0.297;0.390;8.402;NAN;gbncc,fast_gpps;
1425;J1710-2616;NAN;NAN;NAN;55070.00;357.859;8.029;257.52041667;-26.27638889;0.954158;2.00e-17;110.00;NAN;NAN;0.90;NAN;5.200;0.726;-0.192;3.355;NAN;htru_pks,gbncc;
1426;J1710-37;NAN;NAN;NAN;56657.00;348.808;1.343;257.62500000;-37.50000000;0.792659;NAN;346.00;NAN;NAN;0.10;NAN;6.085;0.143;-1.181;2.532;NAN;htru_pks;
1427;J1710-4148;NAN;NAN;NAN;51335.00;345.330;-1.195;257.59895833;-41.80527778;0.286561;1.02e-16;461.00;NAN;NAN;0.31;NAN;7.200;-0.150;-1.823;1.536;NAN;pksmb,htru_pks;
1428;J1711-1509;NAN;NAN;NAN;49907.00;7.417;14.013;257.97941575;-15.16104092;0.868804;1.10e-15;59.88;NAN;5.90;0.70;NAN;1.081;0.262;0.135;7.460;NAN;gb2,htru_pks,pks70,pkssw;
1429;J1711-3826;NAN;NAN;NAN;51710.00;348.197;0.591;257.93520833;-38.43722222;0.465365;7.41e-15;376.00;NAN;NAN;0.16;NAN;4.146;0.043;-0.848;4.442;NAN;pksmb,htru_pks;
1430;J1711-5350;NAN;NAN;NAN;57600.00;335.694;-8.461;257.97137500;-53.83841667;0.899233;1.55e-14;106.10;NAN;9.00;0.84;NAN;4.498;-0.662;-1.831;4.445;NAN;mol2,htru_pks,pks70,pkssw;
1431;J1712-2715;NAN;NAN;NAN;51500.00;357.325;7.070;258.04879167;-27.26472222;0.255360;1.28e-15;91.78;NAN;NAN;NAN;NAN;3.118;0.384;-0.144;5.409;NAN;pkssw,gbncc,htru_pks;
1432;J1712-391;NAN;NAN;NAN;51465.00;347.260;-0.295;258.14583333;-39.71666667;0.778149;NAN;525.00;NAN;NAN;NAN;NAN;4.355;-0.022;-0.960;4.252;NAN;misc;
1433;J1712-392;NAN;NAN;NAN;51465.00;347.260;-0.295;258.14583333;-39.71666667;0.092528;NAN;713.00;NAN;NAN;NAN;NAN;4.843;-0.025;-1.068;3.776;NAN;misc;
1434;J1713+7810;NAN;NAN;NAN;57773.00;110.305;31.461;258.36279167;78.17610833;0.432526;1.14e-16;36.98;NAN;NAN;NAN;NAN;4.580;2.390;3.664;9.856;NAN;lotaas;
1435;J1713-3844;NAN;NAN;NAN;51294.00;348.101;0.207;258.25958333;-38.74138889;1.600114;1.77e-13;544.00;NAN;NAN;0.26;NAN;4.426;0.016;-0.913;4.169;NAN;pksmb,htru_pks;
1436;J1713-3949;NAN;NAN;NAN;51465.00;347.279;-0.491;258.36666667;-39.81666667;0.392451;NAN;342.00;NAN;NAN;0.35;NAN;3.885;-0.033;-0.855;4.710;NAN;misc,htru_pks,pksmb;
1437;J1714-1054;NAN;NAN;NAN;53000.00;11.487;15.777;258.66717500;-10.90302778;2.0886;1.80e-16;51.00;NAN;NAN;0.50;NAN;0.215;0.058;0.041;8.297;NAN;pkssw;
1438;J1714-3810;NAN;NAN;NAN;55226.50;348.681;0.371;258.52391667;-38.17525000;3.824936;5.88e-11;NAN;NAN;NAN;NAN;NAN;13.200;0.086;-2.591;-4.443;XRS:CXOU_J171405.7-381031,SNR:G348.7+0.3;misc;
1439;J1714-3830;NAN;NAN;NAN;NAN;348.439;0.140;258.58250000;-38.50638889;0.084140;NAN;NAN;NAN;NAN;NAN;NAN;NAN;0.000;-0.000;8.500;GRS:4FGL_J1714.4-3830[aab+22],SNR:CTB_37;FermiAssoc;
1440;J1715+46;NAN;NAN;NAN;NAN;71.861;35.354;258.95000000;46.05000000;0.548100;NAN;20.70;NAN;NAN;NAN;NAN;1.866;1.080;1.446;8.026;NAN;lotaas,fast_gpps;
1441;J1715-3247;NAN;NAN;NAN;54244.60;353.211;3.296;258.84775000;-32.79166667;1.260214;9.20e-17;164.00;NAN;NAN;0.08;NAN;4.047;0.233;-0.478;4.488;NAN;pksmb;
1442;J1715-3700;NAN;NAN;NAN;51118.00;349.757;0.886;258.79020833;-37.00111111;0.779628;1.46e-16;449.00;NAN;NAN;0.37;NAN;5.011;0.077;-0.891;3.569;NAN;pksmb,htru_pks;
1443;J1715-3859;NAN;NAN;NAN;53097.00;348.194;-0.348;258.90787500;-38.99030556;0.928108;4.40e-15;806.20;0.23;NAN;0.54;NAN;5.158;-0.031;-1.055;3.451;NAN;pksmb,htru_pks;
1444;J1715-3903;NAN;NAN;NAN;55370.00;348.101;-0.320;258.80866667;-39.04919444;0.278494;3.74e-14;314.00;NAN;NAN;0.66;NAN;3.737;-0.021;-0.770;4.843;NAN;pksmb,htru_pks;
1445;J1715-4034;NAN;NAN;NAN;57600.00;346.913;-1.276;258.92050000;-40.57166667;2.072155;3.03e-15;254.00;NAN;NAN;1.90;NAN;3.917;-0.087;-0.887;4.686;NAN;pksmb,htru_pks;
1446;J1715-4254;NAN;NAN;NAN;52278.00;344.951;-2.562;258.79391667;-42.91500000;0.573745;8.76e-16;407.00;NAN;NAN;0.07;NAN;18.769;-0.839;-4.868;-9.607;NAN;pksmb;
1447;J1716+34;NAN;NAN;NAN;NAN;58.100;33.702;259.03333333;34.60305556;0.002110;NAN;NAN;NAN;NAN;NAN;NAN;NAN;0.000;0.000;8.500;GRS:4FGL_J1716.3+3434[aab+22];FermiAssoc;
1448;J1716-3720;NAN;NAN;NAN;51112.00;349.596;0.519;259.04733333;-37.34555556;0.630314;1.80e-14;682.70;NAN;NAN;0.41;NAN;5.373;0.049;-0.970;3.216;NAN;pksmb,htru_pks;
1449;J1716-3811;NAN;NAN;NAN;NAN;348.947;-0.018;259.12341667;-38.18550000;0.829120;NAN;1219.00;NAN;NAN;NAN;NAN;8.436;-0.003;-1.617;0.220;NAN;mmgps-l;
1450;J1716-4005;NAN;NAN;NAN;54942.80;347.418;-1.155;259.17525000;-40.09083333;0.311813;2.87e-15;435.00;NAN;NAN;1.79;NAN;5.417;-0.109;-1.180;3.214;NAN;pksmb,htru_pks;
1451;J1716-4111;NAN;NAN;NAN;54212.20;346.529;-1.795;259.18461250;-41.18597222;1.036067;2.88e-15;245.80;NAN;NAN;0.22;NAN;4.387;-0.137;-1.021;4.236;NAN;pksmb,htru_pks;
1452;J1716-4711;NAN;NAN;NAN;55185.00;341.549;-5.155;259.00462083;-47.18358333;0.555824;8.33e-16;287.06;NAN;NAN;0.30;NAN;21.909;-1.969;-6.906;-12.199;NAN;htru_pks;
1453;J1717+03;NAN;NAN;NAN;57022.00;24.784;22.203;259.48333333;3.18333333;3.901000;NAN;25.60;NAN;NAN;NAN;NAN;1.238;0.468;0.480;7.459;NAN;ar327;
1454;J1717-3425;NAN;NAN;NAN;50253.00;352.120;2.025;259.33435200;-34.41654571;0.656299;9.80e-15;583.46;0.02;NAN;3.90;NAN;25.000;0.883;-3.425;-16.248;NAN;pks1,htru_pks,pksmb;
1455;J1717-3737;NAN;NAN;NAN;51324.00;349.491;0.182;259.31650000;-37.62666667;0.682419;5.29e-15;522.70;0.04;NAN;0.69;NAN;4.334;0.014;-0.790;4.239;NAN;pksmb,htru_pks;
1456;J1717-3847;NAN;NAN;NAN;51347.00;348.551;-0.494;259.32666667;-38.78416667;1.149499;8.20e-16;707.00;NAN;NAN;0.30;NAN;5.012;-0.043;-0.995;3.588;NAN;pksmb,htru_pks;
1457;J1717-3953;NAN;NAN;NAN;53313.00;347.655;-1.157;259.35645833;-39.89861111;1.085521;3.30e-17;466.00;NAN;NAN;1.50;NAN;6.535;-0.132;-1.397;2.117;NAN;pksmb,htru_pks;
1458;J1717-4043;NAN;NAN;NAN;51388.00;347.016;-1.695;259.44962500;-40.73055556;0.397857;1.22e-14;452.60;NAN;NAN;0.54;NAN;14.244;-0.421;-3.199;-5.374;NAN;pksmb,htru_pks;
1459;J1717-40435;NAN;NAN;NAN;51399.00;346.937;-1.574;259.25833333;-40.72527778;0.349929;1.75e-15;539.00;NAN;NAN;0.41;NAN;16.632;-0.457;-3.758;-7.695;NAN;pksmb,htru_pks;
1460;J1717-4054;NAN;NAN;NAN;57600.00;346.759;-1.893;259.46816667;-41.05494444;0.887719;3.70e-15;306.90;0.02;15.00;1.10;NAN;7.287;-0.241;-1.668;1.411;NAN;pks1,htru_pks,pks70,pksmb;
1461;J1717-41;NAN;NAN;NAN;NAN;346.470;-2.054;259.42083333;-41.38333333;0.546234;NAN;363.00;NAN;NAN;0.09;NAN;12.643;-0.453;-2.956;-3.784;NAN;pksmb;
1462;J1717-5800;NAN;NAN;NAN;51650.00;332.668;-11.475;259.39854167;-58.00150000;0.321793;1.96e-16;125.22;NAN;NAN;0.50;NAN;11.224;-2.233;-5.050;-1.272;NAN;pkssw,htru_pks;
1463;J1718-3714;NAN;NAN;NAN;51799.00;349.928;0.237;259.57745833;-37.23777778;1.289379;2.62e-14;833.00;NAN;NAN;0.23;NAN;5.325;0.022;-0.931;3.257;NAN;pksmb,htru_pks;
1464;J1718-3718;NAN;NAN;NAN;55250.00;349.849;0.216;259.54095833;-37.31430556;3.378574;1.61e-12;371.10;NAN;NAN;0.40;NAN;3.918;0.015;-0.691;4.643;XRS:Chandra[zkm+11];pksmb,htru_pks;
1465;J1718-3825;NAN;NAN;NAN;55374.00;348.951;-0.432;259.55652083;-38.42168333;0.074675;1.32e-14;247.46;NAN;NAN;1.70;NAN;3.488;-0.026;-0.668;5.077;GRS:4FGL_J1718.2-3825[aab+22],GRS:HESS_J;pksmb,FermiBlind,htru_pks;
1466;J1718-41;NAN;NAN;NAN;56657.00;346.744;-1.979;259.55000000;-41.11666667;0.548419;NAN;354.00;NAN;NAN;0.07;NAN;11.599;-0.401;-2.658;-2.783;NAN;htru_pks;
1467;J1718-4539;NAN;NAN;NAN;53105.00;343.022;-4.584;259.54958333;-45.65441667;0.590473;7.51e-15;254.00;NAN;NAN;0.08;NAN;13.805;-1.103;-4.018;-4.661;NAN;pksmb;
1468;J1719-2330;NAN;NAN;NAN;56614.00;1.402;7.846;259.90041667;-23.50388889;0.453993;2.19e-15;101.00;NAN;NAN;0.16;NAN;4.274;0.583;0.104;4.267;NAN;htru_pks;
1469;J1719-3458;NAN;NAN;NAN;57637.00;351.885;1.391;259.80058750;-34.97288889;0.493775;1.49e-17;530.00;NAN;NAN;0.20;NAN;16.427;0.399;-2.318;-7.758;NAN;htru_pks;
1470;J1719-4006;NAN;NAN;NAN;48378.60;347.653;-1.533;259.75717500;-40.11652778;0.189094;1.67e-15;386.12;0.01;NAN;1.40;NAN;9.790;-0.262;-2.093;-1.060;NAN;pks1,htru_pks,pksmb;
1471;J1719-4302;NAN;NAN;NAN;51498.00;345.341;-3.325;259.95320833;-43.03650000;0.235475;3.92e-16;297.70;NAN;NAN;0.37;NAN;13.437;-0.779;-3.395;-4.478;NAN;pksmb,htru_pks;
1472;J1720+00;NAN;NAN;NAN;57022.00;22.791;20.349;260.22916667;0.66666667;3.357000;NAN;46.20;NAN;NAN;NAN;NAN;2.555;0.888;0.928;6.291;NAN;ar327;
1473;J1720+2150;NAN;NAN;NAN;NAN;43.957;29.371;260.00541667;21.83688889;1.615664;7.40e-16;40.72;NAN;2.40;NAN;NAN;5.583;2.738;3.377;4.998;NAN;ar4,ar327;
1474;J1720-0212;-1.000;-26.000;NAN;49429.00;20.134;18.936;260.23862083;-2.20663889;0.477715;8.28e-17;66.98;NAN;22.00;1.00;NAN;2.356;0.765;0.767;6.408;NAN;mol2,gb2,lotaas,pks70,pkssw;
1475;J1720-1633;NAN;NAN;NAN;49686.00;7.374;11.537;260.10502647;-16.55936755;1.565601;5.80e-15;44.83;NAN;13.00;1.10;NAN;0.988;0.198;0.124;7.540;NAN;gb3,htru_pks,pks70,pkssw;
1476;J1720-2446;NAN;NAN;NAN;55326.00;0.443;6.986;260.09358333;-24.77416667;0.874265;5.93e-16;104.30;NAN;NAN;NAN;NAN;3.877;0.472;0.030;4.652;NAN;htru_pks,gbncc;
1477;J1720-2933;NAN;NAN;NAN;49863.00;356.505;4.248;260.14215622;-29.55451054;0.620448;7.46e-16;42.64;NAN;32.00;1.69;NAN;1.095;0.081;-0.067;7.410;NAN;jb1,htru_pks,mol2,pks70,pksmb;
1478;J1720-36;NAN;NAN;NAN;56657.00;350.515;0.016;260.22500000;-36.88333333;0.092132;NAN;341.00;NAN;NAN;0.08;NAN;3.783;0.001;-0.623;4.769;NAN;htru_pks;
1479;J1720-3659;NAN;NAN;NAN;51111.00;350.332;0.100;260.00823333;-36.98513889;0.351125;3.27e-17;378.97;0.01;NAN;0.74;NAN;3.909;0.007;-0.656;4.647;NAN;pksmb,htru_pks;
1480;J1721-1939;NAN;NAN;NAN;51500.00;4.914;9.563;260.44420833;-19.66361111;0.404040;1.28e-16;103.00;NAN;NAN;NAN;NAN;5.621;0.934;0.475;2.977;NAN;pkssw,htru_pks;
1481;J1721-2457;2.500;-1.900;0.100;55000.00;0.387;6.751;260.27290792;-24.95171389;0.003497;5.54e-21;48.23;NAN;NAN;0.58;NAN;1.393;0.164;0.009;7.117;NAN;pkssw,gbncc,htru_pks;
1482;J1721-3532;NAN;NAN;NAN;51374.00;351.687;0.670;260.38657833;-35.54711412;0.280424;2.52e-14;496.82;0.11;NAN;16.80;NAN;4.600;0.054;-0.665;3.949;NAN;pks1,htru_pks,pksmb;
1483;J1722+35;NAN;NAN;NAN;NAN;59.218;32.651;260.52500000;35.30000000;0.821600;NAN;23.83;NAN;NAN;NAN;NAN;2.196;1.185;1.588;7.554;NAN;misc,ar327,gbncc,lotaas,fast_gpps;
1484;J1722-3207;-1.000;-40.000;NAN;57600.00;354.561;2.525;260.51232917;-32.12925000;0.477158;6.45e-16;126.06;0.00;61.00;5.40;NAN;2.928;0.129;-0.277;5.588;NAN;jb1,gbncc,htru_pks,mol2,pks1,pks70,;
1485;J1722-3632;NAN;NAN;NAN;48378.60;350.934;-0.001;260.54090417;-36.54813889;0.399183;4.46e-15;416.20;0.01;NAN;2.90;NAN;3.992;-0.000;-0.629;4.558;NAN;pks1,htru_pks,pksmb;
1486;J1722-3712;NAN;NAN;NAN;55362.00;350.490;-0.507;260.74670833;-37.20125000;0.236180;1.09e-14;99.49;NAN;25.00;3.80;NAN;2.477;-0.022;-0.409;6.057;NAN;mol2,gbncc,htru_pks,pks1,pks70,pksm;
1487;J1722-4400;NAN;NAN;NAN;53058.00;344.843;-4.319;260.69382083;-44.00922222;0.218554;3.74e-16;219.30;NAN;NAN;0.22;NAN;9.067;-0.683;-2.364;-0.227;NAN;pksmb;
1488;J1723-2852;NAN;NAN;NAN;54948.60;357.482;4.015;260.99250000;-28.88083333;0.625034;9.00e-16;172.00;NAN;NAN;0.13;NAN;4.767;0.334;-0.209;3.749;NAN;pksmb;
1489;J1723-3659;NAN;NAN;NAN;55384.00;350.682;-0.409;260.78158333;-36.98727778;0.202725;8.03e-15;254.40;0.00;NAN;2.10;NAN;3.497;-0.025;-0.566;5.049;NAN;pksmb,htru_pks;
1490;J1723-38;NAN;NAN;NAN;56657.00;349.557;-1.149;260.75000000;-38.33333333;0.765796;NAN;472.00;NAN;NAN;0.08;NAN;6.858;-0.138;-1.243;1.757;NAN;htru_pks;
1491;J1723-380;NAN;NAN;NAN;NAN;349.817;-1.027;260.80833333;-38.05000000;0.150924;NAN;266.00;NAN;NAN;0.16;NAN;3.775;-0.068;-0.667;4.785;NAN;pksmb;
1492;J1723-40;NAN;NAN;NAN;NAN;348.462;-2.176;261.04583333;-39.81666667;1.982234;NAN;316.00;NAN;NAN;0.09;NAN;10.463;-0.397;-2.091;-1.744;NAN;pksmb;
1493;J1724-3149;NAN;NAN;NAN;51995.00;355.142;2.228;261.18695833;-31.81777778;0.948237;7.25e-15;400.80;0.04;NAN;0.36;NAN;17.899;0.696;-1.515;-9.321;NAN;pksmb,htru_pks;
1494;J1724-35;NAN;NAN;NAN;54776.00;351.829;-0.013;261.17916667;-35.81666667;1.421990;NAN;555.00;NAN;NAN;NAN;NAN;4.330;-0.001;-0.615;4.214;NAN;pksmb;
1495;J1724-3505;NAN;NAN;NAN;51074.00;352.437;0.380;261.19954167;-35.09333333;1.221708;2.11e-14;875.00;NAN;NAN;0.24;NAN;6.769;0.045;-0.891;1.790;NAN;pksmb,htru_pks;
1496;J1724-4500;NAN;NAN;NAN;53255.00;344.182;-5.121;261.10750000;-45.00416667;1.309109;3.51e-15;182.00;NAN;NAN;0.05;NAN;7.365;-0.657;-2.000;1.442;NAN;pksmb;
1497;J1725-0732;NAN;NAN;NAN;52820.58;15.866;15.324;261.30117083;-7.54977778;0.239919;4.30e-16;58.72;NAN;NAN;0.11;NAN;0.203;0.054;0.054;8.312;NAN;misc,gbncc;
1498;J1725-2852;NAN;NAN;NAN;52197.00;357.636;3.803;261.29125000;-28.87277778;1.257788;1.99e-15;161.00;NAN;NAN;0.25;NAN;4.251;0.282;-0.175;4.262;NAN;pksmb;
1499;J1725-3546;NAN;NAN;NAN;51074.00;351.979;-0.153;261.42583333;-35.77111111;1.032471;1.50e-14;738.30;0.05;NAN;0.61;NAN;4.784;-0.013;-0.668;3.763;NAN;pksmb,htru_pks;
1500;J1725-38;NAN;NAN;NAN;NAN;349.385;-1.814;261.32916667;-38.85000000;0.392641;NAN;306.30;NAN;NAN;0.06;NAN;6.689;-0.212;-1.232;1.929;NAN;pksmb;
1501;J1725-3848;NAN;NAN;NAN;51399.00;349.384;-1.741;261.25041667;-38.81000000;2.062386;2.30e-14;230.00;NAN;NAN;0.14;NAN;4.142;-0.126;-0.763;4.431;NAN;pksmb;
1502;J1725-3853;NAN;NAN;NAN;55846.00;349.372;-1.856;261.36362500;-38.88450000;0.004792;5.00e-20;158.20;NAN;NAN;NAN;NAN;3.142;-0.102;-0.579;5.414;NAN;pksmb;
1503;J1725-4043;NAN;NAN;NAN;51728.00;347.874;-2.920;261.42258333;-40.71972222;1.465071;2.79e-15;203.00;NAN;NAN;0.34;NAN;4.465;-0.227;-0.937;4.140;NAN;pksmb,htru_pks;
1504;J1726-00;NAN;NAN;NAN;56359.00;22.638;18.710;261.59583333;-0.25000000;1.308600;NAN;57.00;NAN;NAN;NAN;NAN;3.049;0.978;1.112;5.835;NAN;ar327;
1505;J1726-31;NAN;NAN;NAN;51026.40;355.252;1.828;261.65000000;-31.95000000;0.123470;NAN;264.40;NAN;NAN;0.40;NAN;5.127;0.164;-0.424;3.393;NAN;pksmb;
1506;J1726-3530;NAN;NAN;NAN;51522.00;352.252;-0.072;261.53129167;-35.49944444;1.110132;1.22e-12;718.00;NAN;NAN;0.39;NAN;4.722;-0.006;-0.637;3.821;SNR:G352.2-0.1(?)[mbc+02];pksmb,htru_pks;
1507;J1726-3635;NAN;NAN;NAN;51111.00;351.422;-0.802;261.70670833;-36.59600000;0.287432;1.44e-15;539.20;NAN;NAN;0.29;NAN;4.847;-0.068;-0.723;3.708;NAN;pksmb,htru_pks;
1508;J1726-4006;NAN;NAN;NAN;52475.00;348.481;-2.711;261.63904167;-40.10055556;0.882778;3.33e-15;277.00;NAN;NAN;0.21;NAN;9.403;-0.445;-1.876;-0.703;NAN;pksmb,htru_pks;
1509;J1726-52;NAN;NAN;NAN;NAN;338.441;-9.193;261.50000000;-52.00000000;0.631800;NAN;119.70;NAN;NAN;NAN;NAN;6.724;-1.074;-2.439;2.327;NAN;ghrss;
1510;J1727-1609;NAN;NAN;NAN;NAN;8.701;10.199;262.01250000;-16.18611111;0.002450;NAN;NAN;NAN;NAN;NAN;NAN;NAN;0.000;0.000;8.500;GRS:4FGL_J1728.1-1610[aab+22];FermiAssoc;
1511;J1727-2739;NAN;NAN;NAN;57600.00;358.945;4.053;261.87908333;-27.64805556;1.293100;1.07e-15;146.00;NAN;NAN;1.70;NAN;3.959;0.280;-0.073;4.552;NAN;pksmb,gbncc,htru_pks;
1512;J1727-29;NAN;NAN;NAN;NAN;356.973;2.795;261.82916667;-29.98333333;NAN;NAN;93.00;NAN;NAN;NAN;NAN;2.613;0.127;-0.138;5.894;NAN;pksmb;
1513;J1728-0007;NAN;NAN;NAN;50089.00;23.029;18.287;262.14507986;-0.12916820;0.386004;1.12e-15;41.09;NAN;11.00;0.66;NAN;1.458;0.457;0.542;7.226;NAN;gb3,gbncc,lotaas,pkssw;
1514;J1728-36;NAN;NAN;NAN;NAN;351.710;-1.001;262.11250000;-36.46666667;0.354310;NAN;408.00;NAN;NAN;0.09;NAN;4.509;-0.079;-0.650;4.039;NAN;pksmb;
1515;J1728-3733;NAN;NAN;NAN;51112.00;350.842;-1.656;262.19270833;-37.55222222;0.615538;7.20e-17;281.50;NAN;NAN;0.19;NAN;4.557;-0.132;-0.725;4.003;NAN;pksmb,htru_pks;
1516;J1728-4028;NAN;NAN;NAN;52077.00;348.375;-3.218;262.11533333;-40.46944444;0.866343;2.33e-16;231.00;NAN;NAN;1.20;NAN;6.905;-0.388;-1.389;1.747;NAN;pksmb,htru_pks;
1517;J1729-2117;NAN;NAN;NAN;55505.00;4.496;7.222;262.29503333;-21.29111111;0.066293;1.72e-19;34.22;NAN;NAN;0.20;NAN;0.969;0.122;0.075;7.542;NAN;htru_pks,gbncc;
1518;J1730+13;NAN;NAN;NAN;NAN;35.956;23.713;262.68750000;13.08333333;1.150000;NAN;32.00;NAN;NAN;NAN;NAN;2.112;0.849;1.135;6.935;NAN;pumps;
1519;J1730-2304;20.100;-4.700;2.080;55000.00;3.137;6.023;262.59028534;-23.07531534;0.008123;2.02e-20;9.62;NAN;43.00;4.00;NAN;0.620;0.065;0.034;7.884;GRS:4FGL_J1730.8-2303[aab+22],XRS:[pb15];pks70,FermiBlind,htru_pks,pksmb,pks;
1520;J1730-2900;NAN;NAN;NAN;53128.00;358.123;2.819;262.53450000;-29.01277778;1.538427;8.85e-15;289.00;NAN;NAN;0.13;NAN;12.055;0.593;-0.394;-3.534;NAN;pksmb,htru_pks;
1521;J1730-3350;NAN;NAN;NAN;50198.00;354.133;0.090;262.63566257;-33.84428622;0.139506;8.41e-14;261.29;0.02;9.20;4.30;NAN;3.487;0.005;-0.356;5.031;GRS:4FGL_J1730.5-3352[aab+22];pks1,FermiAssoc,htru_pks,pksmb;
1522;J1730-3353;NAN;NAN;NAN;51672.00;354.135;-0.004;262.73158333;-33.89388889;3.270242;2.20e-14;256.00;NAN;NAN;0.38;NAN;3.460;-0.000;-0.354;5.058;NAN;pksmb,htru_pks;
1523;J1730-34;NAN;NAN;NAN;56657.00;353.285;-0.360;262.52500000;-34.80000000;0.099830;NAN;628.00;NAN;NAN;0.03;NAN;4.565;-0.029;-0.534;3.966;NAN;htru_pks;
1524;J1731-3123;NAN;NAN;NAN;51702.00;356.233;1.354;262.75220833;-31.39527778;0.753048;1.68e-15;354.50;0.02;NAN;0.29;NAN;7.280;0.172;-0.478;1.238;NAN;pksmb,htru_pks;
1525;J1731-33;NAN;NAN;NAN;NAN;354.313;-0.104;262.95000000;-33.80000000;0.606900;NAN;571.00;NAN;NAN;NAN;NAN;4.341;-0.008;-0.430;4.180;NAN;htru_pks;
1526;J1731-3322;NAN;NAN;NAN;56716.00;354.601;0.225;262.80962500;-33.37916667;0.544671;2.81e-14;877.40;NAN;NAN;0.10;NAN;5.550;0.022;-0.522;2.975;NAN;htru_pks;
1527;J1731-4744;73.000;-132.000;NAN;53000.00;342.565;-7.669;262.92566667;-47.74340556;0.829829;1.64e-13;123.06;0.00;190.00;27.00;NAN;0.700;-0.093;-0.208;7.838;GRS:4FGL_J1731.7-4744[aab+22],SNR:G343.0;mol1,FermiAssoc,htru_pks,mol2,pks70;
1528;J1732-1930;NAN;NAN;NAN;51197.00;6.417;7.563;263.08344038;-19.50238231;0.483770;1.82e-16;72.43;NAN;11.00;0.30;NAN;2.634;0.347;0.292;5.905;NAN;pks70,htru_pks;
1529;J1732-3131;NAN;NAN;NAN;54933.00;356.307;1.007;263.13975000;-31.52305556;0.196543;2.80e-14;15.40;NAN;NAN;NAN;NAN;0.641;0.011;-0.041;7.860;GRS:4FGL_J1732.5-3131[aab+22];FermiBlind;
1530;J1732-3426;NAN;NAN;NAN;52359.00;353.818;-0.507;263.02991667;-34.43472222;0.332887;4.02e-16;513.50;NAN;NAN;0.24;NAN;4.333;-0.038;-0.467;4.192;NAN;pksmb,htru_pks;
1531;J1732-35;NAN;NAN;NAN;56657.00;353.318;-0.926;263.12500000;-35.08333333;0.126690;NAN;340.00;NAN;NAN;0.13;NAN;4.042;-0.065;-0.470;4.486;NAN;htru_pks;
1532;J1732-3729;NAN;NAN;NAN;51724.00;351.288;-2.211;263.08670833;-37.48472222;2.184001;1.30e-15;317.00;NAN;NAN;0.31;NAN;10.939;-0.422;-1.656;-2.305;NAN;pksmb,htru_pks;
1533;J1732-4128;NAN;NAN;NAN;43565.05;347.980;-4.462;263.20833333;-41.48000000;0.627981;1.28e-14;195.30;0.00;9.00;1.10;NAN;7.234;-0.563;-1.502;1.446;NAN;mol2,htru_pks,pksmb;
1534;J1732-4156;NAN;NAN;NAN;51911.00;347.589;-4.709;263.20358333;-41.94155556;0.323434;6.61e-16;228.70;NAN;NAN;0.22;NAN;11.527;-0.946;-2.469;-2.720;NAN;pksmb;
1535;J1733-01;NAN;NAN;NAN;NAN;22.787;16.899;263.25000000;-1.00000000;0.302000;NAN;61.98;NAN;NAN;NAN;NAN;2.759;0.802;1.022;6.066;NAN;gbncc;
1536;J1733-2228;NAN;NAN;NAN;48712.00;4.029;5.749;263.36015701;-22.47700890;0.871683;4.27e-17;41.14;NAN;25.00;4.21;NAN;1.105;0.111;0.077;7.403;NAN;jb1,htru_pks,mol2,pks70,pksmb,pkssw;
1537;J1733-2533;NAN;NAN;NAN;53070.00;1.428;4.092;263.35775000;-25.55305556;0.659794;2.10e-15;242.00;NAN;NAN;0.10;NAN;12.040;0.859;0.299;-3.506;NAN;pksmb;
1538;J1733-2837;NAN;NAN;NAN;53128.00;358.857;2.402;263.39125000;-28.62583333;0.768185;1.11e-15;225.00;NAN;NAN;0.07;NAN;4.740;0.199;-0.094;3.765;NAN;pksmb;
1539;J1733-3030;NAN;NAN;NAN;51914.00;357.320;1.301;263.49537500;-30.51361111;0.362052;1.65e-15;636.00;NAN;NAN;0.20;NAN;20.610;0.468;-0.963;-12.082;NAN;pksmb,htru_pks;
1540;J1733-3322;NAN;NAN;NAN;51250.00;354.917;-0.238;263.48004167;-33.36750000;1.245915;4.10e-15;524.00;NAN;NAN;0.80;NAN;4.238;-0.018;-0.375;4.279;NAN;pksmb,htru_pks;
1541;J1733-3716;-3.000;40.000;NAN;55359.00;351.577;-2.284;263.36151000;-37.28200833;0.337595;1.50e-14;153.18;NAN;NAN;3.60;NAN;3.150;-0.126;-0.461;5.386;NAN;pks1,htru_pks,pksmb;
1542;J1733-4005;NAN;NAN;NAN;52385.00;349.266;-3.895;263.49433333;-40.09436111;0.561778;3.62e-15;317.80;NAN;NAN;0.49;NAN;19.222;-1.306;-3.572;-10.342;NAN;pksmb,htru_pks;
1543;J1733-5515;NAN;NAN;NAN;55194.00;336.188;-11.801;263.25166667;-55.26111111;1.011234;4.00e-16;83.90;NAN;NAN;0.30;NAN;4.217;-0.862;-1.667;4.724;NAN;htru_pks;
1544;J1734-0212;NAN;NAN;NAN;49699.00;21.904;15.928;263.69025447;-2.21085393;0.839394;4.21e-16;65.05;NAN;5.70;0.28;NAN;1.798;0.493;0.645;6.896;NAN;gb2,gbncc;
1545;J1734-2415;NAN;NAN;NAN;53164.00;2.678;4.551;263.67333333;-24.25555556;0.612524;1.05e-15;126.30;NAN;NAN;0.29;NAN;3.435;0.273;0.160;5.080;NAN;pksmb,gbncc,htru_pks;
1546;J1734-2859;NAN;NAN;NAN;57674.00;358.596;2.119;263.50047500;-28.99816667;0.301456;8.00e-18;313.90;NAN;NAN;0.13;NAN;11.354;0.420;-0.278;-2.843;NAN;htru_pks;
1547;J1734-3058;NAN;NAN;NAN;56400.00;357.031;0.893;263.71182917;-30.97816667;0.541286;1.62e-17;260.00;NAN;NAN;0.11;NAN;3.744;0.058;-0.194;4.761;NAN;htru_pks;
1548;J1734-3333;10.000;-29.000;NAN;53145.00;354.819;-0.433;263.61208333;-33.55555556;1.169341;2.28e-12;578.00;NAN;NAN;0.71;NAN;4.461;-0.034;-0.403;4.057;NAN;pksmb,htru_pks;
1549;J1735+6320;NAN;NAN;NAN;57760.00;92.721;32.552;263.77734167;63.33335000;0.510718;3.23e-16;41.85;NAN;0.60;NAN;NAN;25.000;13.452;21.049;9.500;NAN;lotaas;
1550;J1735-0243;NAN;NAN;NAN;54827.00;21.564;15.448;263.95041667;-2.73000000;0.782887;6.32e-16;54.90;NAN;NAN;NAN;NAN;0.991;0.264;0.351;7.612;NAN;gbt350,gbncc;
1551;J1735-0724;0.820;20.630;0.150;56000.00;17.271;13.284;263.77072083;-7.41448056;0.419335;1.21e-15;73.51;NAN;18.00;2.76;NAN;6.400;1.471;1.849;2.552;NAN;misc,gb2,htru_pks,mol2,pks70,pkssw;
1552;J1735-25;NAN;NAN;NAN;NAN;2.117;4.044;263.81250000;-25.00000000;0.118683;NAN;125.00;NAN;NAN;0.11;NAN;3.213;0.227;0.118;5.297;NAN;pksmb;
1553;J1735-3258;NAN;NAN;NAN;55355.00;355.478;-0.381;263.98716667;-32.97272778;0.350972;2.60e-14;758.00;NAN;NAN;0.35;NAN;4.975;-0.033;-0.392;3.541;NAN;pksmb;
1554;J1736+05;NAN;NAN;NAN;49717.00;29.592;19.208;264.22500000;5.80000000;0.999245;NAN;42.00;NAN;NAN;NAN;NAN;2.494;0.821;1.163;6.452;NAN;ar4,lotaas,pkssw,fast_gpps;
1555;J1736-2457;NAN;NAN;NAN;53095.00;2.331;3.775;264.18933333;-24.96388889;2.642223;3.43e-15;169.40;NAN;NAN;0.84;NAN;4.483;0.295;0.182;4.030;NAN;pksmb,gbncc,htru_pks;
1556;J1736-2819;NAN;NAN;NAN;51716.00;359.446;2.036;264.10304167;-28.32833333;1.592419;1.49e-14;261.00;NAN;NAN;0.16;NAN;6.011;0.214;-0.058;2.493;NAN;pksmb;
1557;J1736-2843;NAN;NAN;NAN;52344.00;359.142;1.764;264.17745833;-28.73083333;6.445036;3.00e-14;331.00;NAN;NAN;0.43;NAN;10.419;0.321;-0.156;-1.913;NAN;pksmb,htru_pks;
1558;J1736-3422;NAN;NAN;NAN;59086.00;354.310;-1.142;264.00000000;-34.36666667;0.347222;6.56e-14;NAN;NAN;NAN;NAN;NAN;NAN;-0.000;-0.000;8.500;GRS:4FGL_J1736.1-3422[aab+22];FermiAssoc;
1559;J1736-3511;NAN;NAN;NAN;51386.00;353.614;-1.598;264.01125000;-35.19888889;0.502803;1.57e-15;106.00;NAN;NAN;0.18;NAN;2.626;-0.073;-0.292;5.891;NAN;pksmb,htru_pks;
1560;J1737-0314B;-3.590;-5.060;0.129;NAN;21.324;14.805;264.40041667;-3.24583333;0.008520;NAN;81.00;NAN;NAN;NAN;NAN;9.100;2.325;3.199;0.304;GC:M14(NGC6402)[pqm+21];fast_crafts;
1561;J1737-0314C;-3.590;-5.060;0.129;NAN;21.324;14.805;264.40041667;-3.24583333;0.008460;NAN;80.00;NAN;NAN;NAN;NAN;9.100;2.325;3.199;0.304;GC:M14(NGC6402)[pqm+21];fast_crafts;
1562;J1737-0314D;-3.590;-5.060;0.129;NAN;21.324;14.805;264.40041667;-3.24583333;0.002890;NAN;78.80;NAN;NAN;NAN;NAN;9.100;2.325;3.199;0.304;GC:M14(NGC6402)[pqm+21];fast_crafts;
1563;J1737-0314E;-3.590;-5.060;0.129;NAN;21.324;14.805;264.40041667;-3.24583333;0.002280;NAN;80.40;NAN;NAN;NAN;NAN;9.100;2.325;3.199;0.304;GC:M14(NGC6402)[pqm+21];fast_crafts;
1564;J1737-3102;NAN;NAN;NAN;51112.00;357.298;0.373;264.39054167;-31.03347222;0.768672;3.73e-14;280.00;NAN;NAN;0.60;NAN;3.602;0.023;-0.170;4.902;NAN;pksmb,htru_pks;
1565;J1737-3137;NAN;NAN;NAN;51234.00;356.744;0.145;264.26787500;-31.62250000;0.450432;1.39e-13;488.10;NAN;NAN;0.88;NAN;4.162;0.011;-0.236;4.345;NAN;pksmb,htru_pks;
1566;J1737-32;NAN;NAN;NAN;NAN;355.719;-0.623;264.38333333;-32.90000000;0.634060;NAN;477.00;NAN;NAN;0.29;NAN;4.294;-0.047;-0.321;4.218;NAN;pksmb;
1567;J1737-3320;NAN;NAN;NAN;51887.00;355.308;-0.795;264.29379167;-33.33888889;0.816273;2.25e-15;804.00;NAN;NAN;0.35;NAN;13.381;-0.186;-1.094;-4.835;NAN;pksmb,htru_pks;
1568;J1737-3555;NAN;NAN;NAN;48378.60;353.175;-2.268;264.41682917;-35.92883333;0.397585;6.12e-15;89.41;NAN;NAN;1.00;NAN;2.489;-0.099;-0.296;6.031;NAN;pks1,htru_pks,pksmb;
1569;J1738+04;NAN;NAN;NAN;57022.00;28.392;18.207;264.60416667;4.33333333;1.391790;NAN;23.10;NAN;NAN;NAN;NAN;1.066;0.333;0.482;7.609;NAN;ar327,fast_gpps;
1570;J1738-2330;NAN;NAN;NAN;53206.00;3.731;4.280;264.53666667;-23.51305556;1.978847;8.56e-15;96.60;NAN;NAN;1.05;NAN;2.832;0.211;0.184;5.682;NAN;pksmb,gbncc,htru_pks;
1571;J1738-2647;NAN;NAN;NAN;52359.00;0.940;2.544;264.52095833;-26.79611111;0.349591;3.15e-15;182.20;NAN;NAN;0.44;NAN;4.127;0.183;0.068;4.378;NAN;pksmb,htru_pks;
1572;J1738-2736;NAN;NAN;NAN;56315.00;0.272;2.081;264.56095000;-27.60716667;0.627716;4.62e-15;323.60;NAN;NAN;0.17;NAN;11.989;0.435;0.057;-3.481;NAN;htru_pks;
1573;J1738-2955;NAN;NAN;NAN;55377.00;358.378;0.724;264.71716667;-29.93261667;0.443425;8.20e-14;223.40;NAN;NAN;0.24;NAN;3.460;0.044;-0.098;5.042;NAN;pksmb;
1574;J1738-3107;NAN;NAN;NAN;52333.00;357.358;0.100;264.69750000;-31.12888889;0.549498;2.96e-16;735.00;NAN;NAN;0.26;NAN;4.790;0.008;-0.221;3.715;NAN;pksmb,htru_pks;
1575;J1738-3211;NAN;NAN;NAN;49595.00;356.466;-0.491;264.72577198;-32.19823466;0.768499;7.95e-16;49.59;NAN;2.90;2.40;NAN;1.274;-0.011;-0.079;7.228;NAN;jb2,htru_pks,pks1,pksmb;
1576;J1738-3316;NAN;NAN;NAN;51702.00;355.525;-1.003;264.64354167;-33.26711111;0.730373;8.86e-17;273.00;NAN;NAN;0.55;NAN;3.755;-0.066;-0.293;4.757;NAN;pksmb;
1577;J1739+0612;NAN;NAN;NAN;53000.00;30.261;18.858;264.82485833;6.20788889;0.234169;1.56e-16;95.40;NAN;NAN;0.80;NAN;25.000;8.081;11.922;-11.934;NAN;pkssw,fast_gpps;
1578;J1739-1313;NAN;NAN;NAN;51500.00;12.794;9.297;264.99092083;-13.22183333;1.215698;8.17e-17;58.20;NAN;NAN;0.90;NAN;0.735;0.119;0.161;7.793;NAN;pkssw,htru_pks;
1579;J1739-2521;NAN;NAN;NAN;55631.00;2.327;3.027;264.88595417;-25.36555556;1.818461;2.40e-16;186.40;NAN;NAN;NAN;NAN;4.411;0.233;0.179;4.099;NAN;pksmb;
1580;J1739-2903;NAN;NAN;NAN;55385.00;359.206;1.064;264.89288333;-29.05061111;0.322886;7.87e-15;138.55;NAN;NAN;4.50;NAN;2.911;0.054;-0.040;5.590;NAN;jb2,gbncc,htru_pks,pks1,pksmb;
1581;J1739-3023;NAN;NAN;NAN;55351.00;358.085;0.336;264.91579167;-30.38692222;0.114372;1.14e-14;170.50;0.00;NAN;1.01;NAN;3.074;0.018;-0.103;5.428;GRS:4FGL_J1739.4-3015[aab+22];pksmb,FermiAssoc,htru_pks;
1582;J1739-3049;NAN;NAN;NAN;51116.00;357.680;0.152;264.84675000;-30.82777778;0.239317;2.18e-15;573.00;NAN;NAN;0.50;NAN;4.380;0.012;-0.177;4.124;NAN;pksmb,htru_pks;
1583;J1739-31;NAN;NAN;NAN;NAN;356.730;-0.382;264.78333333;-31.91666667;0.277105;NAN;487.00;NAN;NAN;0.20;NAN;4.176;-0.028;-0.238;4.331;NAN;pksmb;
1584;J1739-3131;NAN;NAN;NAN;49138.00;357.096;-0.220;264.85126677;-31.52091637;0.529441;1.86e-14;596.90;0.07;NAN;7.04;NAN;4.404;-0.017;-0.223;4.102;NAN;jb2,htru_pks,pks1,pksmb;
1585;J1739-3159;NAN;NAN;NAN;51158.00;356.739;-0.547;264.95283333;-31.99694444;0.877561;1.97e-16;337.00;NAN;NAN;1.40;NAN;3.794;-0.036;-0.216;4.712;NAN;pksmb,htru_pks;
1586;J1739-3951;NAN;NAN;NAN;52897.00;350.039;-4.690;264.90937500;-39.86675000;0.6835;4.0e-17;24.60;NAN;NAN;0.12;NAN;0.784;-0.064;-0.135;7.730;NAN;pksmb;
1587;J1740+1000;NAN;NAN;NAN;56317.00;34.011;20.268;265.10812500;10.00175000;0.154096;2.13e-14;23.90;0.00;3.10;2.70;1.30;1.227;0.425;0.644;7.546;GRS:4FGL_J1740.5+1005[aab+22];misc,FermiAssoc,pkssw;
1588;J1740+1311;-22.000;-20.000;NAN;48262.00;37.085;21.679;265.03060625;13.19908056;0.803050;1.45e-15;48.67;0.00;24.00;2.10;NAN;4.177;1.543;2.341;5.404;NAN;mol2,ar327,gb3,gb4,lotaas,pkssw;
1589;J1740+27;NAN;NAN;NAN;NAN;51.439;26.720;265.12500000;27.21666667;1.058200;NAN;35.46;NAN;NAN;NAN;NAN;3.507;1.577;2.449;6.547;NAN;lotaas,ar327,gbncc;
1590;J1740-2540;NAN;NAN;NAN;52162.00;2.212;2.633;265.18883333;-25.67194444;1.692656;1.85e-15;333.00;NAN;NAN;0.16;NAN;15.058;0.692;0.580;-6.531;NAN;pksmb,htru_pks;
1591;J1740-3015;NAN;NAN;NAN;54780.00;358.294;0.238;265.14091667;-30.26208333;0.606887;4.66e-13;151.96;0.00;24.60;8.90;NAN;0.400;0.002;-0.012;8.100;NAN;jb2,htru_pks,pks1,pks70,pksmb;
1592;J1740-3327;NAN;NAN;NAN;52189.00;355.564;-1.436;265.10716667;-33.46486111;0.515001;3.90e-15;274.10;NAN;NAN;0.30;NAN;4.192;-0.105;-0.324;4.322;NAN;pksmb,htru_pks;
1593;J1741+2758;NAN;NAN;NAN;NAN;52.347;26.663;265.47295833;27.96916667;1.360738;1.84e-15;29.14;NAN;3.00;NAN;NAN;2.522;1.132;1.784;7.123;NAN;ar4,ar327,lotaas;
1594;J1741+3855;NAN;NAN;NAN;57927.00;64.293;29.693;265.30142083;38.91941667;0.828861;2.06e-16;47.22;NAN;NAN;NAN;NAN;25.000;12.384;19.568;-0.920;NAN;lotaas;
1595;J1741-0840;0.410;6.900;0.280;56000.00;16.955;11.304;265.34401208;-8.67547528;2.043082;2.27e-15;74.90;0.00;29.00;1.40;NAN;3.300;0.647;0.944;5.405;NAN;mol2,gb2,gb3,htru_pks,pks70,pkssw;
1596;J1741-2019;NAN;NAN;NAN;51500.00;6.815;5.377;265.27862500;-20.32333333;3.904506;1.63e-14;74.90;NAN;NAN;NAN;NAN;2.553;0.239;0.302;5.976;NAN;pkssw,htru_pks;
1597;J1741-2054;-63.000;-89.000;NAN;54933.00;6.422;4.907;265.48866667;-20.90327778;0.413700;1.70e-14;4.70;NAN;NAN;0.16;0.09;0.300;0.026;0.033;8.203;GRS:4FGL_J1741.9-2054[aab+22],XRS:Swift_;FermiBlind;
1598;J1741-21;NAN;NAN;NAN;NAN;6.222;5.046;265.25000000;-21.00000000;2.565000;NAN;150.70;NAN;NAN;NAN;NAN;5.167;0.454;0.558;3.383;NAN;gbncc;
1599;J1741-2152;NAN;NAN;NAN;NAN;5.592;4.400;265.48746666;-21.87369524;2.565552;1.28e-15;NAN;NAN;NAN;NAN;NAN;NAN;0.000;0.000;8.500;NAN;gbncc;
1600;J1741-2719;NAN;NAN;NAN;52836.00;0.907;1.604;265.39608333;-27.32305556;0.346797;8.06e-17;361.90;NAN;NAN;0.20;NAN;11.557;0.323;0.183;-3.051;NAN;pksmb,htru_pks;
1601;J1741-2733;NAN;NAN;NAN;51184.00;0.636;1.582;265.25558333;-27.56416667;0.892959;1.48e-16;147.40;NAN;NAN;1.80;NAN;3.055;0.084;0.034;5.446;NAN;pksmb,gbncc,htru_pks;
1602;J1741-2945;NAN;NAN;NAN;51088.00;358.798;0.380;265.31029167;-29.75972222;0.223558;6.34e-16;310.30;NAN;NAN;0.60;NAN;3.714;0.025;-0.078;4.787;NAN;pksmb,htru_pks;
1603;J1741-3016;NAN;NAN;NAN;50959.00;358.346;0.130;265.27933333;-30.27527778;1.893749;8.99e-15;382.00;NAN;2.50;2.60;NAN;3.870;0.009;-0.112;4.632;NAN;pksmb,htru_pks;
1604;J1741-34;NAN;NAN;NAN;56657.00;355.002;-2.146;265.47500000;-34.31666667;0.875137;NAN;241.00;NAN;NAN;0.20;NAN;4.552;-0.170;-0.396;3.968;NAN;htru_pks;
1605;J1741-3927;20.000;-6.000;NAN;57600.00;350.555;-4.749;265.32532917;-39.46061111;0.512212;1.71e-15;158.20;0.00;35.00;5.50;NAN;4.608;-0.381;-0.754;3.970;NAN;mol2,gbncc,htru_pks,pks70,pksmb;
1606;J1742+20;NAN;NAN;NAN;NAN;44.427;23.862;265.68750000;20.28333333;0.252600;NAN;20.00;NAN;NAN;NAN;NAN;1.308;0.529;0.837;7.646;NAN;pumps;
1607;J1742-0203;NAN;NAN;NAN;58014.00;22.994;14.327;265.60224342;-2.06198566;0.131610;1.49e-16;81.89;NAN;NAN;NAN;NAN;3.669;0.908;1.389;5.228;NAN;gbncc;
1608;J1742-3321;NAN;NAN;NAN;58104.00;355.835;-1.654;265.50000000;-33.35000000;0.143266;1.27e-15;NAN;NAN;NAN;NAN;NAN;NAN;-0.000;-0.000;8.500;GRS:4FGL_J1742.3-3318[aab+22];FermiAssoc;
1609;J1742-3957;NAN;NAN;NAN;53124.00;350.209;-5.135;265.51845833;-39.95611111;1.016349;8.16e-17;220.00;NAN;NAN;0.14;NAN;12.006;-1.074;-2.033;-3.284;NAN;pksmb,gbncc;
1610;J1742-4616;NAN;NAN;NAN;51650.00;344.790;-8.462;265.60875000;-46.28152778;0.412401;3.38e-17;115.96;NAN;NAN;1.50;NAN;5.689;-0.837;-1.476;3.070;NAN;pkssw,htru_pks;
1611;J1743+05;NAN;NAN;NAN;57022.00;30.045;17.651;265.81666667;5.48333333;1.473630;NAN;56.10;NAN;NAN;NAN;NAN;3.951;1.198;1.885;5.241;NAN;ar327;
1612;J1743-0339;NAN;NAN;NAN;50067.00;21.649;13.400;265.78410450;-3.65318894;0.444645;1.56e-15;30.20;NAN;3.10;0.50;NAN;0.200;0.046;0.072;8.319;NAN;mol2,fast_gpps;
1613;J1743-1351;NAN;NAN;NAN;49666.00;12.699;8.205;265.90675856;-13.86054575;0.405337;4.78e-16;116.30;0.00;6.10;0.50;NAN;3.494;0.499;0.760;5.126;NAN;gb3,htru_pks,pks70,pkssw;
1614;J1743-2442;NAN;NAN;NAN;52133.00;3.333;2.640;265.83383333;-24.71527778;1.242508;4.72e-16;239.00;NAN;NAN;0.14;NAN;6.494;0.299;0.377;2.024;NAN;pksmb,htru_pks;
1615;J1743-3150;NAN;NAN;NAN;57600.00;357.298;-1.149;265.90295833;-31.83963889;2.414652;1.21e-13;193.05;0.00;6.60;2.10;NAN;3.331;-0.067;-0.157;5.173;NAN;pks1,htru_pks,pks70,pksmb;
1616;J1743-3153;NAN;NAN;NAN;51309.00;357.221;-1.109;265.81485417;-31.88480556;0.193105;1.06e-14;505.70;NAN;NAN;0.60;NAN;8.806;-0.170;-0.427;-0.294;NAN;pksmb,htru_pks;
1617;J1743-35;NAN;NAN;NAN;56657.00;354.095;-2.994;265.77500000;-35.53333333;0.569980;NAN;174.00;NAN;NAN;0.05;NAN;4.011;-0.210;-0.412;4.516;NAN;htru_pks;
1618;J1743-4212;NAN;NAN;NAN;51650.00;348.381;-6.464;265.77176250;-42.20066667;0.306167;7.83e-16;131.94;NAN;NAN;1.90;NAN;5.010;-0.564;-1.003;3.624;NAN;pkssw,htru_pks;
1619;J1744-1134;18.806;-9.386;2.580;55636.00;14.794;9.180;266.12254074;-11.58186576;0.004075;8.93e-21;3.14;NAN;18.00;2.60;NAN;0.395;0.063;0.100;8.123;GRS:4FGL_J1744.4-1135[aab+22];pks70,FermiBlind,htru_pks,pkssw;
1620;J1744-1610;NAN;NAN;NAN;51500.00;10.773;6.885;266.06889167;-16.17661111;1.757206;2.38e-15;66.67;NAN;NAN;NAN;NAN;1.923;0.231;0.357;6.625;NAN;pkssw,htru_pks;
1621;J1744-2335;NAN;NAN;NAN;49390.50;4.463;2.937;266.20195833;-23.59861111;1.683507;8.33e-16;96.66;NAN;16.00;0.20;NAN;2.723;0.140;0.212;5.789;NAN;pks70,htru_pks,pksmb;
1622;J1744-3130;NAN;NAN;NAN;50975.00;357.641;-1.059;266.02367500;-31.50111111;1.066061;2.12e-14;192.90;0.00;NAN;0.70;NAN;3.304;-0.061;-0.136;5.199;NAN;pksmb,htru_pks;
1623;J1744-5337;NAN;NAN;NAN;55000.00;338.499;-12.447;266.16216667;-53.63083333;0.355666;1.90e-16;108.80;NAN;NAN;0.40;NAN;8.783;-1.893;-3.143;0.520;NAN;htru_pks;
1624;J1744-7619;-21.000;-7.000;NAN;55716.00;317.108;-22.459;266.00203333;-76.32075278;0.004688;9.68e-21;NAN;NAN;NAN;NAN;NAN;NAN;-0.000;-0.000;8.500;GRS:4FGL_J1744.0-7618[aab+22];FermiBlind;
1625;J1745+1252;NAN;NAN;NAN;57883.00;37.375;20.301;266.43412500;12.87730556;1.059849;5.63e-16;66.10;NAN;NAN;NAN;NAN;11.073;3.842;6.304;0.247;NAN;lotaas,fast_gpps;
1626;J1745+42;NAN;NAN;NAN;NAN;68.962;29.639;266.45000000;42.88333333;0.305100;NAN;38.00;NAN;NAN;NAN;NAN;5.642;2.790;4.577;6.740;NAN;lotaas;
1627;J1745-0129;NAN;NAN;NAN;51650.00;23.838;14.025;266.25858333;-1.48836111;1.045407;6.31e-16;90.10;NAN;NAN;NAN;NAN;5.495;1.332;2.155;3.624;NAN;pkssw,gbncc,fast_gpps;
1628;J1745-2229;NAN;NAN;NAN;52242.00;5.470;3.422;266.31962500;-22.48722222;1.160593;2.86e-15;299.00;NAN;NAN;0.13;NAN;15.563;0.929;1.481;-6.965;NAN;pksmb,htru_pks;
1629;J1745-2758;NAN;NAN;NAN;57531.00;0.847;0.452;266.46770000;-27.97722222;0.487528;4.42e-18;422.00;NAN;NAN;0.15;NAN;4.123;0.033;0.061;4.378;NAN;htru_pks;
1630;J1745-2900;2.500;5.890;NAN;56899.00;359.944;-0.047;266.41735917;-29.00830444;3.763733;1.76e-11;1778.00;1.30;NAN;NAN;1.20;8.300;-0.007;-0.008;0.200;XRS:SGR_J1745-29[kbk+13];misc;
1631;J1745-2910;NAN;NAN;NAN;54620.26;359.763;-0.054;266.31666667;-29.16666667;0.982000;NAN;1088.00;NAN;NAN;NAN;0.20;7.968;-0.008;-0.033;0.532;NAN;misc;
1632;J1745-2912;NAN;NAN;NAN;57356.00;359.788;-0.175;266.44929346;-29.20855000;0.187379;NAN;1106.00;NAN;NAN;NAN;NAN;8.081;-0.025;-0.030;0.419;NAN;misc;
1633;J1745-3040;15.000;47.000;NAN;55276.00;358.553;-0.963;266.48465000;-30.67302778;0.367434;1.07e-14;88.37;0.00;66.00;21.00;NAN;0.200;-0.003;-0.005;8.300;NAN;misc,htru_pks,jb2,mol2,pks1,pksmb;
1634;J1745-3812;NAN;NAN;NAN;55330.00;352.036;-4.751;266.31425000;-38.20202778;0.698353;2.43e-15;163.60;NAN;NAN;0.20;NAN;5.034;-0.417;-0.695;3.532;NAN;htru_pks,gbncc;
1635;J1746+2245;NAN;NAN;NAN;52765.00;47.252;24.048;266.50350000;22.75802778;3.465038;4.92e-15;49.85;NAN;1.26;NAN;NAN;6.832;2.784;4.582;4.265;NAN;ar4;
1636;J1746+2540;NAN;NAN;NAN;51796.00;50.274;25.031;266.52862500;25.67708333;1.058148;1.05e-15;51.20;NAN;1.20;NAN;NAN;25.000;10.578;17.422;-5.977;NAN;ar4,lotaas;
1637;J1746-2829;NAN;NAN;NAN;58564.00;0.451;0.113;266.56250000;-28.49222222;1.888929;1.30e-12;1309.00;NAN;NAN;0.55;NAN;8.235;0.016;0.065;0.265;NAN;htru_pks;
1638;J1746-2849;NAN;NAN;NAN;57356.00;0.134;-0.030;266.51398900;-28.83705139;1.478480;1.27e-14;1360.00;NAN;NAN;0.40;0.20;8.193;-0.004;0.019;0.307;NAN;misc;
1639;J1746-2850;NAN;NAN;NAN;54620.26;0.134;-0.044;266.52750000;-28.84500000;1.077101;1.34e-12;941.00;NAN;NAN;0.80;0.60;5.485;-0.004;0.013;3.015;NAN;misc;
1640;J1746-2856;NAN;NAN;NAN;57417.00;0.126;-0.233;266.70772833;-28.94971944;0.945224;1.25e-14;1155.00;NAN;NAN;NAN;NAN;8.142;-0.033;0.018;0.358;NAN;misc;
1641;J1746-3239;NAN;NAN;NAN;55225.00;356.957;-2.175;266.72894583;-32.66550000;0.199541;6.56e-15;NAN;NAN;NAN;NAN;NAN;NAN;-0.000;-0.000;8.500;GRS:4FGL_J1746.8-3239[aab+22];FermiBlind;
1642;J1747-1030;NAN;NAN;NAN;55509.00;16.174;8.983;266.99295833;-10.50138889;1.578793;4.30e-16;128.00;NAN;NAN;NAN;NAN;2.511;0.392;0.691;6.118;NAN;htru_pks;
1643;J1747-2647;NAN;NAN;NAN;54311.00;2.054;0.758;266.87872500;-26.78722222;0.500254;1.32e-14;570.00;NAN;NAN;1.54;NAN;6.136;0.081;0.220;2.368;NAN;pksmb,htru_pks;
1644;J1747-2802;NAN;NAN;NAN;51312.00;0.971;0.121;266.86062500;-28.04361111;2.780079;2.37e-15;835.00;NAN;NAN;0.50;NAN;5.149;0.011;0.087;3.352;NAN;pksmb,htru_pks;
1645;J1747-2809;NAN;NAN;NAN;54901.50;0.869;0.076;266.84500000;-28.15416667;0.052153;1.56e-13;1133.00;NAN;NAN;NAN;NAN;8.141;0.011;0.123;0.360;XRS:CXOU_J174722.8-280915,SNR:G0.9+0.1;misc;
1646;J1747-2958;12.900;NAN;NAN;52613.00;359.305;-0.841;266.81617500;-29.96694444;0.098814;6.13e-14;101.50;NAN;NAN;0.25;NAN;2.520;-0.037;-0.031;5.980;GRS:4FGL_J1747.2-2957[aab+22],PWN:G359.2;misc,FermiBlind;
1647;J1747-4036;-1.411;-2.269;0.900;56952.00;350.208;-6.412;266.95298503;-40.61521979;0.001646;1.31e-20;152.94;NAN;NAN;1.51;0.50;7.158;-0.799;-1.210;1.490;GRS:4FGL_J1747.7-4037[aab+22];FermiAssoc;
1648;J1748-1300;NAN;NAN;NAN;50021.00;14.016;7.656;267.07253221;-13.01446767;0.394133;1.21e-15;99.36;0.00;23.00;2.00;NAN;2.403;0.320;0.577;6.189;NAN;mol2,gb2,pks70,pkssw;
1649;J1748-2021A;-1.190;-4.020;0.149;54000.00;7.728;3.801;267.21953750;-20.36102778;0.288603;3.99e-16;219.40;NAN;10.00;0.37;0.37;8.200;0.544;1.100;0.392;GC:NGC6440;misc,htru_pks,pksmb;
1650;J1748-2021C;-1.190;-4.020;0.149;54000.00;7.721;3.804;267.21322167;-20.36494722;0.006227;-5.98e-20;226.95;NAN;NAN;NAN;0.04;8.200;0.544;1.099;0.392;GC:NGC6440;misc;
1651;J1748-2021E;-1.190;-4.020;0.149;54000.00;7.731;3.802;267.22000167;-20.35816111;0.016264;3.12e-19;224.10;NAN;NAN;NAN;0.02;8.200;0.544;1.101;0.392;GC:NGC6440;misc;
1652;J1748-2444;NAN;NAN;NAN;50477.00;3.955;1.564;267.20213485;-24.74360108;0.442838;1.11e-16;207.33;NAN;NAN;0.34;NAN;3.841;0.105;0.265;4.670;NAN;misc,htru_pks,pksmb;
1653;J1748-2446C;-1.990;-5.240;0.140;50958.00;3.841;1.689;267.01891667;-24.77666667;0.008436;-6.06e-19;237.00;NAN;NAN;1.10;0.67;6.620;0.195;0.443;1.898;GC:Terzan5;misc;
1654;J1748-2446D;-1.990;-5.240;0.140;53203.00;3.839;1.687;267.02000000;-24.77916667;0.004714;NAN;243.62;NAN;NAN;0.07;0.04;6.620;0.195;0.443;1.898;GC:Terzan5;misc;
1655;J1748-2446F;-1.990;-5.240;0.140;53203.00;3.839;1.687;267.02000000;-24.77916667;0.005540;NAN;239.07;NAN;NAN;0.06;0.04;6.620;0.195;0.443;1.898;GC:Terzan5;misc;
1656;J1748-2446G;-1.990;-5.240;0.140;53203.00;3.839;1.687;267.02000000;-24.77916667;0.021672;NAN;237.34;NAN;NAN;0.02;0.02;6.620;0.195;0.443;1.898;GC:Terzan5;misc;
1657;J1748-2446H;-1.990;-5.240;0.140;53203.00;3.839;1.687;267.02000000;-24.77916667;0.004926;NAN;237.97;NAN;NAN;0.04;0.02;6.620;0.195;0.443;1.898;GC:Terzan5;misc;
1658;J1748-2446K;-1.990;-5.240;0.140;53203.00;3.839;1.687;267.02000000;-24.77916667;0.002970;NAN;234.46;NAN;NAN;0.07;0.04;6.620;0.195;0.443;1.898;GC:Terzan5;misc;
1659;J1748-2446L;-1.990;-5.240;0.140;53203.00;3.839;1.687;267.02000000;-24.77916667;0.002245;NAN;237.50;NAN;NAN;0.10;0.04;6.620;0.195;0.443;1.898;GC:Terzan5;misc;
1660;J1748-2446R;-1.990;-5.240;0.140;53203.00;3.839;1.687;267.02000000;-24.77916667;0.005029;NAN;237.38;NAN;NAN;0.04;0.02;6.620;0.195;0.443;1.898;GC:Terzan5;misc;
1661;J1748-2446S;-1.990;-5.240;0.140;53203.00;3.839;1.687;267.02000000;-24.77916667;0.006117;NAN;236.22;NAN;NAN;0.02;0.01;6.620;0.195;0.443;1.898;GC:Terzan5;misc;
1662;J1748-2446T;-1.990;-5.240;0.140;53203.00;3.839;1.687;267.02000000;-24.77916667;0.007085;NAN;237.80;NAN;NAN;0.03;0.01;6.620;0.195;0.443;1.898;GC:Terzan5;misc;
1663;J1748-2446aa;-1.990;-5.240;0.140;54100.00;3.839;1.687;267.02000000;-24.77916667;0.005788;NAN;237.43;NAN;NAN;0.03;0.02;6.620;0.195;0.443;1.898;GC:Terzan5;misc;
1664;J1748-2446ac;-1.990;-5.240;0.140;54100.00;3.839;1.687;267.02000000;-24.77916667;0.005087;NAN;238.69;NAN;NAN;0.03;0.02;6.620;0.195;0.443;1.898;GC:Terzan5;misc;
1665;J1748-2446af;-1.990;-5.240;0.140;54100.00;3.839;1.687;267.02000000;-24.77916667;0.003304;NAN;237.35;NAN;NAN;0.03;0.02;6.620;0.195;0.443;1.898;GC:Terzan5;misc;
1666;J1748-2446ag;-1.990;-5.240;0.140;54100.00;3.839;1.687;267.02000000;-24.77916667;0.004448;NAN;237.28;NAN;NAN;0.02;0.01;6.620;0.195;0.443;1.898;GC:Terzan5;misc;
1667;J1748-2446ah;-1.990;-5.240;0.140;54100.00;3.839;1.687;267.02000000;-24.77916667;0.004965;NAN;237.70;NAN;NAN;0.01;0.01;6.620;0.195;0.443;1.898;GC:Terzan5;misc;
1668;J1748-2446aj;-1.990;-5.240;0.140;56498.00;3.842;1.688;267.02088292;-24.77634722;0.002959;1.41e-19;238.63;NAN;NAN;0.03;NAN;6.620;0.195;0.443;1.898;GC:Terzan5;misc;
1669;J1748-2446ak;-1.990;-5.240;0.140;56498.00;3.839;1.692;267.01535833;-24.77717500;0.001890;8.85e-20;236.71;NAN;NAN;0.03;NAN;6.620;0.195;0.443;1.898;GC:Terzan5;misc;
1670;J1748-2446al;-1.990;-5.240;0.140;NAN;3.841;1.709;267.00000000;-24.76666667;0.005950;NAN;236.48;NAN;NAN;0.01;NAN;6.620;0.197;0.443;1.898;GC:Terzan5;misc;
1671;J1748-2815;NAN;NAN;NAN;NAN;0.858;-0.091;267.00000000;-28.25000000;0.100200;3.53e-15;NAN;NAN;NAN;NAN;NAN;NAN;-0.000;0.000;8.500;GRS:[nie+20];FermiBlind;
1672;J1748-30;NAN;NAN;NAN;56657.00;359.117;-1.141;267.00000000;-30.28333333;0.382735;NAN;584.00;NAN;NAN;0.16;NAN;13.823;-0.275;-0.213;-5.319;NAN;htru_pks;
1673;J1749+16;NAN;NAN;NAN;57022.00;41.208;20.900;267.37083333;16.40000000;2.311650;NAN;59.60;NAN;NAN;NAN;NAN;7.383;2.634;4.544;3.311;NAN;ar327;
1674;J1749+5952;NAN;NAN;NAN;57751.00;88.621;30.900;267.38845000;59.87670278;0.436041;1.52e-16;45.07;NAN;NAN;NAN;NAN;25.000;12.839;21.445;7.984;NAN;lotaas;
1675;J1749-2146;NAN;NAN;NAN;57656.00;6.568;2.981;267.33850417;-21.77527778;2.714556;7.08e-15;260.00;NAN;NAN;NAN;NAN;9.601;0.499;1.097;-1.025;NAN;htru_pks;
1676;J1749-2347;NAN;NAN;NAN;52055.00;4.828;1.967;267.31504167;-23.78805556;0.874486;2.42e-15;344.00;NAN;NAN;0.13;NAN;12.645;0.434;1.064;-4.093;NAN;pksmb;
1677;J1749-2629;NAN;NAN;NAN;51495.00;2.505;0.593;267.29700000;-26.48611111;1.335388;1.72e-15;409.00;NAN;NAN;0.70;NAN;4.196;0.043;0.183;4.308;NAN;pksmb,htru_pks;
1678;J1749-3002;NAN;NAN;NAN;50279.00;359.459;-1.244;267.30622054;-30.04303417;0.609874;7.87e-15;509.40;0.01;12.70;4.10;NAN;12.803;-0.278;-0.121;-4.299;NAN;pks1,htru_pks,pksmb;
1679;J1749-4931;NAN;NAN;NAN;55000.00;342.522;-11.095;267.34904167;-49.53305556;0.445822;5.90e-16;55.30;NAN;NAN;0.10;NAN;1.980;-0.381;-0.584;6.647;NAN;htru_pks;
1680;J1749-5417;NAN;NAN;NAN;56388.00;338.275;-13.427;267.44608333;-54.29186111;0.307577;1.50e-16;69.00;NAN;NAN;0.32;NAN;3.279;-0.761;-1.181;5.537;NAN;htru_pks;
1681;J1749-5605;NAN;NAN;NAN;43558.85;336.637;-14.262;267.43541667;-56.08861111;1.332310;2.12e-15;58.00;NAN;3.00;0.64;NAN;2.493;-0.614;-0.958;6.282;NAN;mol2,htru_pks;
1682;J1750+07;NAN;NAN;NAN;57022.00;32.841;16.925;267.66666667;7.55000000;1.908810;NAN;55.60;NAN;NAN;NAN;NAN;3.778;1.100;1.960;5.463;NAN;ar327,fast_gpps;
1683;J1750-2043;NAN;NAN;NAN;52923.00;7.591;3.331;267.57666667;-20.71888889;5.639047;7.95e-15;239.00;NAN;NAN;0.24;NAN;8.838;0.513;1.166;-0.246;NAN;pksmb;
1684;J1750-2438;NAN;NAN;NAN;51491.00;4.291;1.185;267.74911250;-24.64944444;0.712794;1.08e-14;476.00;NAN;NAN;0.50;NAN;12.848;0.266;0.961;-4.309;NAN;pksmb,htru_pks;
1685;J1750-2444;NAN;NAN;NAN;51835.00;4.136;1.255;267.59566667;-24.74638889;0.899377;2.64e-16;331.00;NAN;NAN;0.27;NAN;4.860;0.106;0.350;3.654;NAN;pksmb,htru_pks;
1686;J1750-28;NAN;NAN;NAN;56783.00;0.663;-0.737;267.51666667;-28.75000000;1.300513;5.78e-15;388.00;NAN;NAN;0.09;NAN;4.069;-0.052;0.047;4.432;NAN;htru_pks;
1687;J1750-3157;NAN;NAN;NAN;50271.00;357.982;-2.516;267.69716057;-31.96226094;0.910363;1.97e-16;206.34;NAN;NAN;1.40;NAN;4.340;-0.190;-0.153;4.167;NAN;pks1,htru_pks,pksmb;
1688;J1750-3503;NAN;NAN;NAN;48735.00;355.314;-4.082;267.68542083;-35.05247222;0.684014;3.81e-17;189.35;0.00;29.00;0.79;NAN;5.863;-0.417;-0.478;2.671;NAN;pks70,gbncc,htru_pks,pksmb;
1689;J1750-3703C;-2.550;-5.350;0.083;54000.00;353.533;-5.007;267.55605875;-37.05155000;0.026569;-9.96e-19;230.67;NAN;NAN;NAN;0.01;12.730;-1.111;-1.428;-4.101;GC:NGC6441;misc;
1690;J1750-3703D;-2.550;-5.350;0.083;54000.00;353.532;-5.006;267.55457042;-37.05176889;0.005140;4.93e-19;230.09;NAN;NAN;NAN;0.01;12.730;-1.111;-1.429;-4.101;GC:NGC6441;misc;
1691;J1751-2516;NAN;NAN;NAN;51383.00;3.852;0.692;267.96929167;-25.27861111;0.394836;2.64e-15;556.00;NAN;NAN;0.22;NAN;5.182;0.063;0.348;3.330;NAN;pksmb,htru_pks;
1692;J1751-2737;NAN;NAN;NAN;NAN;1.761;-0.376;267.80270833;-27.62216667;0.002230;NAN;260.00;0.00;NAN;NAN;0.30;3.483;-0.023;0.107;5.019;NAN;misc;
1693;J1751-3323;NAN;NAN;NAN;53750.00;356.829;-3.382;267.88635417;-33.39433333;0.548227;8.83e-15;296.70;0.09;NAN;1.67;NAN;14.283;-0.843;-0.789;-5.736;NAN;pksmb,htru_pks;
1694;J1751-4657;-13.000;-59.000;NAN;57600.00;345.002;-10.178;267.92581667;-46.95736944;0.742354;1.30e-15;20.40;0.00;70.00;6.60;NAN;0.739;-0.131;-0.188;7.797;NAN;misc,htru_pks,mol2,pks70,pkssw;
1695;J1752+2359;NAN;NAN;NAN;NAN;49.098;23.074;268.14758333;23.99672222;0.409051;6.43e-16;36.20;0.00;3.50;NAN;NAN;3.031;1.188;2.108;6.674;NAN;ar4,ar327,lotaas;
1696;J1752-2410;NAN;NAN;NAN;51865.00;4.930;1.039;268.24475833;-24.17388889;0.191037;6.18e-16;508.30;NAN;NAN;0.47;NAN;12.402;0.225;1.066;-3.854;NAN;pksmb,htru_pks;
1697;J1752-2806;-4.000;-5.000;NAN;46483.00;1.540;-0.961;268.24454000;-28.11036111;0.562558;8.13e-15;50.37;0.00;1100.00;48.00;NAN;0.200;-0.003;0.005;8.300;NAN;mol1,htru_pks,jb1,jb2,mol2,pks1,pks;
1698;J1752-2821;NAN;NAN;NAN;50974.00;1.267;-0.976;268.10229167;-28.35277778;0.640229;3.47e-15;516.30;NAN;NAN;0.32;NAN;5.440;-0.093;0.120;3.062;NAN;pksmb,htru_pks;
1699;J1753-12;NAN;NAN;NAN;54831.00;14.608;6.703;268.22083333;-12.98333333;0.405454;NAN;73.00;NAN;NAN;NAN;NAN;1.123;0.131;0.281;7.421;NAN;pkssw;
1700;J1753-1914;NAN;NAN;NAN;53150.00;9.251;3.412;268.39654583;-19.24944444;0.062955;2.02e-18;105.30;NAN;NAN;0.13;NAN;2.915;0.174;0.468;5.628;NAN;pksmb,htru_pks;
1701;J1753-2501;NAN;NAN;NAN;49613.00;4.274;0.512;268.37757946;-25.00699789;0.528336;1.41e-14;672.00;0.33;NAN;2.30;NAN;5.287;0.047;0.394;3.228;NAN;jb2,htru_pks,pksmb;
1702;J1753-28;NAN;NAN;NAN;NAN;0.887;-1.377;268.27500000;-28.88333333;0.085859;NAN;18.00;NAN;NAN;NAN;NAN;0.693;-0.017;0.011;7.807;NAN;htru_pks;
1703;J1753-38;NAN;NAN;NAN;55305.00;352.277;-6.368;268.25000000;-38.81666667;0.666804;NAN;167.60;NAN;NAN;NAN;NAN;8.815;-0.978;-1.177;-0.181;NAN;pkssw,gbncc,htru_pks;
1704;J1754+0032;NAN;NAN;NAN;55062.00;26.930;12.844;268.71666667;0.60916667;0.004411;NAN;70.28;NAN;NAN;0.61;NAN;4.052;0.901;1.789;4.978;NAN;htru_pks;
1705;J1754+48;NAN;NAN;NAN;NAN;75.899;29.235;268.50000000;48.76666667;0.652000;NAN;23.00;NAN;NAN;NAN;NAN;2.005;0.979;1.697;8.074;NAN;pumps;
1706;J1754+5201;-3.950;1.110;0.160;56000.00;79.608;29.628;268.59544500;52.02006778;2.391397;1.56e-15;35.01;NAN;4.90;1.60;NAN;6.300;3.114;5.386;7.512;NAN;gb2,lotaas;
1707;J1754-2422;NAN;NAN;NAN;55310.00;4.947;0.618;268.65233333;-24.37333333;2.090248;8.30e-16;738.00;NAN;NAN;NAN;NAN;11.096;0.120;0.957;-2.554;NAN;htru_pks;
1708;J1754-3014;NAN;NAN;NAN;55292.00;359.862;-2.332;268.62575417;-30.25083333;1.320490;4.43e-15;89.70;NAN;NAN;NAN;NAN;2.520;-0.103;-0.006;5.982;NAN;pksmb;
1709;J1754-3443;NAN;NAN;NAN;52260.00;355.994;-4.607;268.65571667;-34.73163889;0.361691;5.71e-16;188.70;NAN;NAN;0.49;NAN;7.197;-0.578;-0.501;1.344;NAN;pksmb,gbncc,htru_pks;
1710;J1754-3510;NAN;NAN;NAN;53097.00;355.635;-4.882;268.72756667;-35.17861111;0.392704;7.82e-16;81.23;NAN;NAN;0.47;NAN;2.556;-0.218;-0.194;5.961;NAN;pksmb,gbncc,htru_pks;
1711;J1755-0903;NAN;NAN;NAN;55536.00;18.324;8.150;268.79318333;-9.06433333;0.190710;7.81e-16;63.67;NAN;NAN;NAN;NAN;0.235;0.033;0.073;8.279;NAN;htru_pks,gbncc;
1712;J1755-1650;NAN;NAN;NAN;53165.00;11.527;4.291;268.79853333;-16.84472222;0.733744;6.86e-16;159.90;NAN;NAN;0.13;NAN;4.617;0.345;0.920;3.989;NAN;pksmb,htru_pks;
1713;J1755-2025;NAN;NAN;NAN;54268.10;8.480;2.416;268.89917083;-20.41666667;0.322231;4.42e-15;364.30;NAN;NAN;0.18;NAN;15.975;0.673;2.354;-7.286;NAN;pksmb,htru_pks;
1714;J1755-2521;NAN;NAN;NAN;51586.00;4.255;-0.150;268.99879167;-25.35750000;1.175968;9.02e-14;252.00;NAN;NAN;0.70;NAN;3.444;-0.009;0.256;5.066;NAN;pksmb,htru_pks;
1715;J1755-25211;NAN;NAN;NAN;51908.00;4.183;-0.016;268.83045833;-25.35250000;1.004513;3.12e-14;835.00;NAN;NAN;0.17;NAN;5.055;-0.001;0.369;3.458;NAN;pksmb;
1716;J1755-2534;NAN;NAN;NAN;52188.00;4.047;-0.229;268.95758333;-25.57750000;0.233541;1.12e-14;590.00;NAN;NAN;0.17;NAN;4.398;-0.018;0.310;4.113;NAN;pksmb;
1717;J1755-26;NAN;NAN;NAN;56827.00;3.618;-0.333;268.81787500;-26.00000000;0.430872;1.23e-14;405.00;NAN;NAN;0.14;NAN;3.946;-0.023;0.249;4.562;NAN;htru_pks;
1718;J1755-2725;NAN;NAN;NAN;51492.00;2.432;-1.135;268.92450000;-27.42916667;0.261955;1.37e-17;115.10;NAN;NAN;0.50;NAN;2.704;-0.054;0.115;5.799;NAN;pksmb,gbncc,htru_pks;
1719;J1755-33;NAN;NAN;NAN;52080.60;357.109;-4.102;268.80000000;-33.51666667;0.959466;NAN;266.50;NAN;NAN;0.20;NAN;14.084;-1.007;-0.709;-5.530;NAN;pksmb;
1720;J1756+1822;NAN;NAN;NAN;53400.00;43.836;20.185;269.07326250;18.38202778;0.744001;5.13e-16;70.80;NAN;0.70;0.01;NAN;25.000;8.626;16.251;-8.426;NAN;misc,ar327;
1721;J1756-2225;NAN;NAN;NAN;52360.00;6.835;1.237;269.10650000;-22.43000000;0.404980;5.27e-14;329.00;NAN;NAN;0.25;NAN;4.779;0.103;0.569;3.756;NAN;pksmb,htru_pks;
1722;J1756-2435;NAN;NAN;NAN;49613.00;5.027;0.044;269.24130613;-24.59286391;0.670480;2.85e-16;367.10;0.03;8.40;2.00;NAN;3.833;0.003;0.336;4.682;NAN;jb2,htru_pks,pks1,pksmb;
1723;J1756-25;NAN;NAN;NAN;56657.00;4.241;-0.342;269.17500000;-25.46666667;0.855986;NAN;706.00;NAN;NAN;0.20;NAN;4.769;-0.028;0.353;3.744;NAN;htru_pks;
1724;J1756-2619;NAN;NAN;NAN;54223.20;3.574;-0.891;269.33079167;-26.31888889;0.724514;1.24e-15;534.00;NAN;NAN;0.10;NAN;5.113;-0.080;0.319;3.398;NAN;pksmb;
1725;J1757-1500;NAN;NAN;NAN;57038.00;13.367;4.785;269.30313333;-15.00791667;0.179354;1.50e-15;150.00;NAN;NAN;0.09;NAN;4.222;0.352;0.973;4.407;NAN;htru_pks;
1726;J1757-16;NAN;NAN;NAN;NAN;12.151;4.034;269.35416667;-16.43333333;0.451273;NAN;132.20;NAN;NAN;NAN;NAN;3.367;0.237;0.707;5.217;NAN;pksmb;
1727;J1757-2223;NAN;NAN;NAN;51495.00;7.029;0.970;269.46155000;-22.39694444;0.185310;7.82e-16;239.30;NAN;NAN;1.00;NAN;3.727;0.063;0.456;4.802;NAN;pksmb,htru_pks;
1728;J1757-2421;NAN;NAN;NAN;53623.00;5.281;0.054;269.37218150;-24.36873464;0.234106;1.30e-14;179.45;0.00;20.00;7.20;NAN;3.124;0.003;0.288;5.389;GRS:4FGL_J1757.9-2419[aab+22];misc,FermiAssoc,htru_pks,jb2,mol1,p;
1729;J1757-2745;-11.400;54.000;NAN;57575.00;2.391;-1.727;269.47826083;-27.76115556;0.017687;-1.30e-20;334.00;NAN;NAN;0.07;NAN;8.203;-0.247;0.342;0.308;NAN;htru_pks;
1730;J1758+3030;NAN;NAN;NAN;NAN;56.265;24.032;269.60783333;30.50666667;0.947256;7.20e-16;35.07;0.00;8.90;NAN;NAN;3.279;1.335;2.490;6.837;NAN;ar4,ar327,gb4,gbncc,lotaas;
1731;J1758-1931;NAN;NAN;NAN;52353.00;9.544;2.353;269.52333333;-19.52805556;0.692552;1.69e-14;207.00;NAN;NAN;0.38;NAN;4.544;0.187;0.753;4.023;NAN;pksmb,htru_pks;
1732;J1758-2206;NAN;NAN;NAN;51495.00;7.378;0.933;269.68520833;-22.11250000;0.430278;9.56e-16;678.00;NAN;NAN;0.41;NAN;15.054;0.245;1.933;-6.427;NAN;pksmb,htru_pks;
1733;J1758-2540;NAN;NAN;NAN;50975.00;4.263;-0.807;269.63308333;-25.68027778;2.107263;1.55e-15;218.20;NAN;NAN;0.65;NAN;3.410;-0.048;0.253;5.100;NAN;pksmb,htru_pks;
1734;J1758-2630;NAN;NAN;NAN;51244.00;3.555;-1.225;269.64279167;-26.50277778;1.202893;5.17e-15;328.00;NAN;NAN;0.41;NAN;4.351;-0.093;0.270;4.158;NAN;pksmb,htru_pks;
1735;J1758-2846;NAN;NAN;NAN;53253.00;1.556;-2.294;269.56420833;-28.76722222;0.766706;9.41e-17;66.60;NAN;NAN;0.20;NAN;2.006;-0.080;0.054;6.496;NAN;pksmb,htru_pks;
1736;J1759-1029;NAN;NAN;NAN;55348.00;17.596;6.504;269.89291667;-10.49916667;2.512263;1.57e-14;115.40;NAN;NAN;NAN;NAN;2.519;0.285;0.757;6.114;NAN;htru_pks,gbncc;
1737;J1759-1736;NAN;NAN;NAN;53156.00;11.378;3.028;269.86733333;-17.60277778;0.798452;2.55e-16;206.00;NAN;NAN;0.12;NAN;4.917;0.260;0.969;3.686;NAN;pksmb;
1738;J1759-1903;NAN;NAN;NAN;52003.00;10.142;2.260;269.92400000;-19.05527778;0.731505;3.07e-15;467.00;NAN;NAN;0.16;NAN;21.807;0.860;3.837;-12.950;NAN;pksmb,htru_pks;
1739;J1759-1940;NAN;NAN;NAN;51491.00;9.634;1.901;269.98766667;-19.67472222;0.254720;9.34e-17;302.70;NAN;NAN;0.90;NAN;7.985;0.265;1.336;0.632;NAN;pksmb,htru_pks;
1740;J1759-1956;NAN;NAN;NAN;51495.00;9.366;1.845;269.89758333;-19.93555556;2.843389;1.86e-14;236.40;NAN;NAN;0.41;NAN;4.620;0.149;0.751;3.944;NAN;pksmb,htru_pks;
1741;J1759-2205;NAN;NAN;NAN;57600.00;7.472;0.810;269.85068333;-22.09250000;0.460982;1.09e-14;177.16;0.00;20.00;1.30;NAN;3.256;0.046;0.423;5.272;NAN;mol2,htru_pks,jb2,pks1,pks70,pksmb;
1742;J1759-2302;NAN;NAN;NAN;51115.00;6.702;0.257;269.95512500;-23.03555556;0.810718;1.07e-14;889.00;NAN;NAN;1.30;NAN;5.780;0.026;0.675;2.760;NAN;pksmb,htru_pks;
1743;J1759-2307;NAN;NAN;NAN;51110.00;6.593;0.275;269.87893750;-23.12138889;0.558889;3.76e-15;812.60;NAN;NAN;0.70;NAN;5.345;0.026;0.614;3.190;NAN;pksmb,htru_pks;
1744;J1759-24;NAN;NAN;NAN;56657.00;5.789;-0.156;269.85000000;-24.03333333;1.457739;NAN;772.00;NAN;NAN;0.50;NAN;4.870;-0.013;0.491;3.655;NAN;htru_pks;
1745;J1759-2549;NAN;NAN;NAN;51380.00;4.261;-1.082;269.89633333;-25.81861111;0.956549;9.96e-14;424.00;NAN;NAN;0.60;NAN;4.841;-0.091;0.360;3.673;NAN;pksmb,htru_pks;
1746;J1759-2922;NAN;NAN;NAN;50856.00;1.202;-2.887;269.95102546;-29.36867382;0.574400;4.63e-15;79.42;NAN;13.00;0.56;NAN;2.417;-0.122;0.051;6.087;NAN;pks70,htru_pks,pksmb;
1747;J1759-3107;NAN;NAN;NAN;57600.00;359.629;-3.674;269.84190000;-31.12272222;1.078955;3.77e-15;128.30;NAN;NAN;0.91;NAN;3.100;-0.199;-0.020;5.406;NAN;pksmb,gbncc,htru_pks;
1748;J1759-5505;NAN;NAN;NAN;57000.00;338.205;-15.050;269.89233333;-55.09191667;0.373392;4.39e-16;63.00;NAN;NAN;0.23;NAN;3.096;-0.804;-1.110;5.724;NAN;pks_superb;
1749;J1800+5034;NAN;NAN;NAN;56500.00;78.130;28.440;270.18488393;50.57271248;0.578375;1.17e-16;22.70;NAN;23.50;NAN;NAN;1.936;0.922;1.666;8.150;NAN;gbncc,lotaas,fast_gpps;
1750;J1800-0125;NAN;NAN;NAN;52820.00;25.749;10.678;270.09200000;-1.42516667;0.783185;1.15e-14;50.00;NAN;NAN;0.14;NAN;1.477;0.274;0.631;7.193;NAN;misc,gbncc,htru_pks,fast_gpps;
1751;J1800-2114;NAN;NAN;NAN;52360.00;8.306;1.073;270.05125000;-21.23861111;1.799272;5.50e-16;641.00;NAN;NAN;0.30;NAN;16.111;0.302;2.327;-7.439;NAN;pksmb,htru_pks;
1752;J1800-2343;NAN;NAN;NAN;44969.00;6.132;-0.118;270.00000000;-23.71666667;1.030820;NAN;280.00;NAN;4.00;NAN;NAN;3.559;-0.007;0.380;4.961;NAN;misc;
1753;J1801-0357;NAN;NAN;NAN;57600.00;23.595;9.257;270.34428333;-3.96547222;0.921493;3.31e-15;120.37;0.00;17.00;0.70;NAN;5.740;0.923;2.268;3.308;NAN;gb3,htru_pks,lotaas,pks70,pkssw;
1754;J1801-0857A;-1.550;-4.470;0.115;58650.00;19.225;6.762;270.46087375;-8.95884806;0.007176;-5.10e-19;182.61;NAN;NAN;0.04;0.02;9.200;1.083;3.008;-0.126;GC:NGC6517;misc;
1755;J1801-0857C;-1.550;-4.470;0.115;58650.00;19.225;6.762;270.46140546;-8.95908306;0.003739;-6.39e-20;182.46;NAN;NAN;0.01;0.01;9.200;1.083;3.008;-0.127;GC:NGC6517;misc;
1756;J1801-0857D;-1.550;-4.470;0.115;58650.00;19.237;6.746;270.48068000;-8.95674556;0.004227;7.68e-21;174.49;NAN;NAN;NAN;0.01;9.200;1.081;3.010;-0.126;GC:NGC6517;misc;
1757;J1801-0857E;-1.550;-4.470;0.115;58650.00;19.225;6.762;270.46093000;-8.95869167;0.007602;-1.04e-18;183.29;NAN;NAN;NAN;NAN;9.200;1.083;3.008;-0.126;GC:NGC6517;fast_crafts;
1758;J1801-0857F;-1.550;-4.470;0.115;58650.00;19.226;6.762;270.46142042;-8.95868611;0.024892;-2.67e-18;183.71;NAN;NAN;NAN;NAN;9.200;1.083;3.008;-0.126;GC:NGC6517;fast_crafts;
1759;J1801-0857G;-1.550;-4.470;0.115;58650.00;19.225;6.765;270.45874583;-8.95775000;0.051591;7.99e-20;185.30;NAN;NAN;NAN;NAN;9.200;1.084;3.008;-0.126;GC:NGC6517;fast_crafts;
1760;J1801-0857H;-1.550;-4.470;0.115;58868.00;19.224;6.752;270.46912292;-8.96476389;0.005643;3.85e-19;179.60;NAN;NAN;NAN;NAN;9.200;1.082;3.008;-0.127;GC:NGC6517[pqm+21];fast_crafts;
1761;J1801-0857I;-1.550;-4.470;0.115;NAN;19.225;6.763;270.46041667;-8.95888889;0.003250;NAN;177.80;NAN;NAN;NAN;NAN;9.200;1.083;3.008;-0.127;GC:NGC6517[pqm+21];fast_crafts;
1762;J1801-1417;-10.850;-1.900;0.800;55000.00;14.546;4.162;270.46280567;-14.29292417;0.003625;5.30e-21;57.24;NAN;NAN;1.54;NAN;1.104;0.080;0.277;7.434;GRS:4FGL_J1801.6-1418[aab+22];pksmb,FermiAssoc;
1763;J1801-1855;NAN;NAN;NAN;51495.00;10.447;1.978;270.34291667;-18.93027778;2.550498;1.82e-16;484.00;NAN;NAN;0.47;NAN;20.074;0.693;3.638;-11.229;NAN;pksmb,htru_pks;
1764;J1801-1909;NAN;NAN;NAN;51491.00;10.295;1.781;270.44454167;-19.16000000;1.108725;7.03e-16;264.00;NAN;NAN;0.50;NAN;4.897;0.152;0.875;3.684;NAN;pksmb,htru_pks;
1765;J1801-2115;NAN;NAN;NAN;51887.00;8.446;0.794;270.38537500;-21.25500000;0.438113;1.55e-17;778.80;NAN;NAN;0.19;NAN;14.872;0.206;2.184;-6.209;NAN;pksmb;
1766;J1801-2154;NAN;NAN;NAN;55385.00;7.838;0.554;270.28616667;-21.90198611;0.375302;1.60e-14;386.00;NAN;NAN;0.21;NAN;4.132;0.040;0.563;4.407;NAN;pksmb,htru_pks;
1767;J1801-2304;NAN;NAN;NAN;57259.00;6.837;-0.066;270.33256200;-23.07906583;0.415827;1.13e-13;1067.85;0.55;NAN;7.00;NAN;4.000;-0.005;0.476;4.528;SNR:W28(?)[fkv93];misc,htru_pks,pks1,pksmb;
1768;J1801-2451;-11.000;-1.000;NAN;53348.00;5.254;-0.882;270.25006667;-24.85763889;0.124924;1.28e-13;291.55;NAN;7.80;1.46;NAN;3.803;-0.059;0.348;4.713;GRS:4FGL_J1801.2-2450[aab+22],SNR:G5.4-1;misc,FermiBlind,htru_pks,pksmb;
1769;J1801-2920;NAN;NAN;NAN;57600.00;1.437;-3.249;270.44516250;-29.34391667;1.081910;3.29e-15;125.61;NAN;NAN;2.60;NAN;3.013;-0.171;0.075;5.493;NAN;pks1,gbncc,htru_pks,pksmb;
1770;J1801-3458;NAN;NAN;NAN;53112.00;356.517;-6.023;270.46941667;-34.97694444;1.385604;3.97e-16;146.00;NAN;NAN;0.11;NAN;5.914;-0.621;-0.357;2.630;NAN;pksmb;
1771;J1802+0128;NAN;NAN;NAN;51650.00;28.612;11.562;270.61437500;1.47325000;1.1085;4.2e-15;98.00;NAN;NAN;NAN;NAN;7.686;1.540;3.606;1.889;NAN;pkssw,gbncc,fast_gpps;
1772;J1802+03;NAN;NAN;NAN;56362.00;30.608;12.488;270.68333333;3.63333333;0.664300;NAN;77.00;NAN;NAN;NAN;NAN;5.099;1.103;2.535;4.215;NAN;ar327;
1773;J1802-0523;NAN;NAN;NAN;56908.00;22.425;8.398;270.55058333;-5.39138889;1.680573;2.65e-15;121.00;NAN;NAN;0.15;NAN;4.070;0.594;1.536;4.778;NAN;htru_pks;
1774;J1802-1745;NAN;NAN;NAN;51719.00;11.573;2.377;270.56187500;-17.75472222;0.514671;5.64e-16;264.20;NAN;NAN;0.21;NAN;6.598;0.274;1.323;2.042;NAN;pksmb,htru_pks;
1775;J1802-2426;NAN;NAN;NAN;51495.00;5.731;-0.886;270.51291667;-24.44527778;0.569007;8.56e-15;711.00;NAN;NAN;0.60;NAN;12.868;-0.199;1.285;-4.302;NAN;pksmb,htru_pks;
1776;J1802-3346;NAN;NAN;NAN;54894.00;357.675;-5.629;270.73000000;-33.77916667;2.461052;1.32e-15;217.00;NAN;NAN;0.20;NAN;13.673;-1.341;-0.552;-5.096;NAN;htru_pks;
1777;J1803+1358;NAN;NAN;NAN;NAN;40.299;16.902;270.79583333;13.99055556;0.001520;NAN;NAN;NAN;NAN;NAN;NAN;NAN;0.000;0.000;8.500;GRS:4FGL_J1803.2+1402[aab+22];FermiAssoc;
1778;J1803+47;NAN;NAN;NAN;NAN;74.372;27.466;270.75000000;47.13333333;0.346900;NAN;29.50;NAN;NAN;NAN;NAN;2.836;1.308;2.423;7.822;NAN;pumps;
1779;J1803-1616;NAN;NAN;NAN;51991.00;13.020;2.827;270.89450000;-16.27500000;0.536596;1.77e-15;388.00;NAN;NAN;0.16;NAN;19.037;0.939;4.284;-10.025;NAN;pksmb,htru_pks;
1780;J1803-1857;NAN;NAN;NAN;51491.00;10.730;1.428;270.99608333;-18.95527778;2.864338;1.52e-14;392.00;NAN;NAN;0.40;NAN;10.787;0.269;2.008;-2.095;NAN;pksmb,htru_pks;
1781;J1803-1920;NAN;NAN;NAN;51843.00;10.334;1.338;270.87266667;-19.34472222;0.443649;3.30e-16;436.10;NAN;NAN;0.27;NAN;12.537;0.293;2.248;-3.830;NAN;pksmb,htru_pks;
1782;J1803-2137;11.600;15.000;NAN;51544.00;8.395;0.146;270.96421042;-21.61870861;0.133667;1.34e-13;233.99;0.01;23.00;9.60;9.30;4.400;0.011;0.642;4.147;SNR:G8.7-0.1(?)[kw90],GRS:J1804-216(?)[a;jb2,htru_pks,pks1,pksmb;
1783;J1803-2149;NAN;NAN;NAN;56391.00;8.140;0.187;270.79013333;-21.82027778;0.106334;1.95e-14;NAN;NAN;NAN;NAN;NAN;NAN;0.000;0.000;8.500;GRS:4FGL_J1803.1-2148[aab+22];FermiBlind;
1784;J1803-3002A;2.570;-6.440;0.125;58700.00;1.025;-3.925;270.89166667;-30.03388889;0.007101;4.00e-20;192.62;NAN;NAN;0.70;0.31;7.300;-0.500;0.130;1.218;GC:NGC6522;misc;
1785;J1803-3002B;2.570;-6.440;0.125;54100.00;1.025;-3.925;270.89166667;-30.03388889;0.004397;NAN;192.60;NAN;NAN;NAN;NAN;7.300;-0.500;0.130;1.218;GC:NGC6522;misc;
1786;J1803-3002C;2.570;-6.440;0.125;59206.21;1.024;-3.931;270.89675417;-30.03736111;0.005840;6.97e-19;193.88;NAN;NAN;NAN;NAN;7.300;-0.500;0.130;1.218;GC:NGC6522;misc;
1787;J1803-3002D;2.570;-6.440;0.125;NAN;1.025;-3.925;270.89166667;-30.03388889;0.005530;NAN;192.73;NAN;NAN;0.03;NAN;7.300;-0.500;0.130;1.218;GC:NGC6522;meerkat_trapum;
1788;J1803-3002E;NAN;NAN;NAN;59205.00;1.023;-3.927;270.89225000;-30.03638889;0.017926;NAN;192.79;NAN;NAN;NAN;NAN;5.825;-0.399;0.104;2.690;GC:NGC6522[arf+23];meerkat_trapum;
1789;J1803-3002F;NAN;NAN;NAN;59625.00;1.018;-3.932;270.89458333;-30.04222222;0.148136;NAN;195.80;NAN;NAN;NAN;NAN;6.120;-0.420;0.109;2.395;GC:NGC6522[arf+23];meerkat_trapum;
1790;J1803-3329;NAN;NAN;NAN;55152.00;358.015;-5.637;270.93522083;-33.48630556;0.633412;3.37e-16;170.90;NAN;NAN;NAN;NAN;7.810;-0.767;-0.269;0.732;NAN;htru_pks,gbncc;
1791;J1804-17;NAN;NAN;NAN;NAN;12.170;2.042;271.17500000;-17.40000000;0.280781;NAN;549.00;NAN;NAN;0.24;NAN;22.258;0.793;4.689;-13.244;NAN;pksmb;
1792;J1804-2228;NAN;NAN;NAN;51414.00;7.722;-0.397;271.11745833;-22.47166667;0.570511;1.43e-16;424.00;NAN;NAN;0.20;NAN;4.054;-0.028;0.545;4.483;NAN;pksmb,htru_pks;
1793;J1804-28;NAN;NAN;NAN;51973.70;2.833;-3.225;271.20000000;-28.11666667;1.273011;NAN;213.00;NAN;NAN;0.40;NAN;5.468;-0.308;0.270;3.047;NAN;pksmb,gbncc,htru_pks;
1794;J1804-2858;-6.400;-11.000;NAN;57425.00;1.995;-3.498;271.00634679;-28.97961333;0.001493;-7.57e-22;232.53;NAN;NAN;0.92;NAN;8.235;-0.502;0.286;0.285;NAN;htru_pks;
1795;J1805+0306;NAN;NAN;NAN;49946.00;30.413;11.708;271.29231094;3.10840942;0.218712;9.99e-16;80.86;0.00;5.00;NAN;NAN;5.253;1.066;2.604;4.064;NAN;gb3,gbncc,lotaas,pkssw;
1796;J1805-0619;NAN;NAN;NAN;51650.00;21.990;7.225;271.38098333;-6.32927778;0.454651;9.69e-16;147.10;NAN;NAN;0.90;NAN;5.429;0.683;2.017;3.506;NAN;pkssw,gbncc,htru_pks;
1797;J1805-1504;NAN;NAN;NAN;53035.00;14.246;3.093;271.27541667;-15.07666667;1.181269;2.73e-16;225.00;NAN;NAN;3.70;NAN;5.409;0.292;1.329;3.265;NAN;pksmb,htru_pks;
1798;J1805-2032;NAN;NAN;NAN;51149.00;9.530;0.313;271.40454167;-20.54750000;0.405769;8.39e-15;932.00;NAN;NAN;0.70;NAN;6.693;0.037;1.108;1.899;NAN;pksmb,htru_pks;
1799;J1805-2037;NAN;NAN;NAN;51388.00;9.449;0.307;271.36745833;-20.62111111;0.357807;1.76e-15;708.10;NAN;NAN;0.34;NAN;4.983;0.027;0.818;3.585;NAN;pksmb,htru_pks;
1800;J1805-2447;NAN;NAN;NAN;51936.00;5.807;-1.725;271.35804167;-24.79166667;0.661402;5.82e-18;269.00;NAN;NAN;0.27;NAN;4.576;-0.138;0.463;3.950;NAN;pksmb;
1801;J1805-2948;NAN;NAN;NAN;55137.00;1.456;-4.217;271.42704167;-29.80000000;0.428341;4.74e-16;167.90;NAN;NAN;0.20;NAN;4.589;-0.337;0.116;3.925;NAN;htru_pks;
1802;J1806+1023;NAN;NAN;NAN;53000.00;37.305;14.560;271.71714167;10.38841667;0.484286;5.73e-17;52.00;NAN;NAN;NAN;NAN;2.951;0.742;1.731;6.228;NAN;pkssw,fast_gpps;
1803;J1806-1154;NAN;NAN;NAN;50134.00;17.142;4.417;271.52829745;-11.90798496;0.522618;1.41e-15;122.41;0.00;4.00;2.70;NAN;3.005;0.231;0.883;5.637;NAN;gb3,htru_pks,pks70,pksmb;
1804;J1806-1618;NAN;NAN;NAN;51843.00;13.323;2.213;271.60741667;-16.31055556;0.668309;8.62e-16;319.00;NAN;NAN;0.22;NAN;10.155;0.392;2.338;-1.374;NAN;pksmb,htru_pks;
1805;J1806-1920;NAN;NAN;NAN;51271.00;10.641;0.802;271.52750000;-19.33972222;0.879791;1.70e-17;683.00;NAN;NAN;1.40;NAN;12.798;0.179;2.363;-4.077;NAN;pksmb,htru_pks;
1806;J1806-2125;NAN;NAN;NAN;55349.00;8.811;-0.280;271.58250000;-21.46543889;0.481825;1.18e-13;747.00;NAN;NAN;0.80;NAN;4.887;-0.024;0.749;3.671;NAN;pksmb,htru_pks;
1807;J1806-21250;NAN;NAN;NAN;NAN;8.850;-0.252;271.57600000;-21.41694444;0.172004;NAN;555.00;NAN;NAN;NAN;NAN;4.368;-0.019;0.672;4.184;NAN;mmgps-l;
1808;J1807+04;NAN;NAN;NAN;56496.00;31.560;11.650;271.85416667;4.08333333;0.798900;NAN;52.60;NAN;NAN;NAN;NAN;2.354;0.475;1.207;6.535;NAN;ar327,fast_gpps;
1809;J1807+0756;NAN;NAN;NAN;53064.00;35.149;13.276;271.96347917;7.94538611;0.464300;1.29e-16;89.20;NAN;2.16;NAN;NAN;7.914;1.817;4.434;2.202;NAN;ar4,gb4,fast_gpps;
1810;J1807-0847;-5.000;1.000;NAN;48244.00;20.061;5.587;271.90844750;-8.79535278;0.163727;2.88e-17;112.38;0.00;65.00;18.00;NAN;1.500;0.146;0.512;7.098;NAN;mol2,gb3,htru_pks,pks70,pksmb,pkssw;
1811;J1807-2557;NAN;NAN;NAN;54984.00;4.987;-2.646;271.80691667;-25.95555556;2.764195;4.99e-15;385.00;NAN;NAN;NAN;NAN;18.555;-0.857;1.611;-9.965;NAN;pksmb;
1812;J1807-2715;NAN;NAN;NAN;49891.00;3.843;-3.257;271.78539637;-27.25082303;0.827776;1.22e-14;312.98;0.00;25.00;0.91;NAN;15.391;-0.874;1.030;-6.832;NAN;mol2,gbncc,htru_pks,pks70,pksmb;
1813;J1808+00;NAN;NAN;NAN;49717.00;28.480;9.844;272.07916667;0.56666667;0.425115;NAN;149.00;NAN;NAN;NAN;NAN;25.000;4.274;11.746;-13.151;NAN;ar4,gbncc,pkssw,fast_gpps;
1814;J1808-0813;NAN;NAN;NAN;50862.00;20.634;5.750;272.03930190;-8.21716578;0.876044;1.24e-15;151.27;0.00;28.00;1.60;NAN;3.971;0.398;1.392;4.802;NAN;pks70,gbncc,htru_pks,pksmb,pkssw;
1815;J1808-1020;NAN;NAN;NAN;53035.00;18.828;4.600;272.19014167;-10.34675000;0.596993;7.72e-16;225.30;NAN;NAN;0.23;NAN;8.075;0.648;2.598;0.882;NAN;pksmb,htru_pks;
1816;J1808-1517;NAN;NAN;NAN;55105.40;14.472;2.239;272.16287500;-15.29444444;0.544549;2.67e-15;205.00;NAN;NAN;0.35;NAN;4.306;0.168;1.075;4.334;NAN;pksmb,htru_pks;
1817;J1808-1726;NAN;NAN;NAN;53108.00;12.599;1.188;272.17625000;-17.44083333;0.241035;1.16e-17;536.00;NAN;NAN;0.39;NAN;14.163;0.294;3.089;-5.319;NAN;pksmb,htru_pks;
1818;J1808-2024;-4.500;-7.000;NAN;53254.00;9.996;-0.242;272.16390417;-20.41106944;7.555920;5.49e-10;NAN;NAN;NAN;NAN;NAN;13.000;-0.055;2.256;-4.303;SNR:G10.0-0.3(?),XRS:SGR_1806-20;misc;
1819;J1808-2057;NAN;NAN;NAN;49612.00;9.446;-0.400;272.02665192;-20.96875681;0.918410;1.71e-14;606.80;0.04;NAN;2.60;NAN;4.586;-0.032;0.753;3.976;NAN;jb2,htru_pks,pks1,pksmb;
1820;J1808-2701;NAN;NAN;NAN;53112.00;4.160;-3.357;272.05512500;-27.02250000;2.457882;6.58e-14;95.00;NAN;NAN;0.15;NAN;2.705;-0.158;0.196;5.807;NAN;pksmb;
1821;J1808-3249;NAN;NAN;NAN;51500.00;359.035;-6.115;272.01866667;-32.82611111;0.364912;7.05e-15;147.30;NAN;NAN;1.70;NAN;6.269;-0.668;-0.105;2.268;NAN;pkssw,gbncc,htru_pks;
1822;J1809+17;NAN;NAN;NAN;NAN;43.842;16.864;272.27500000;17.06666667;2.066700;NAN;45.50;NAN;NAN;NAN;NAN;2.943;0.854;1.951;6.469;NAN;lotaas,fast_gpps;
1823;J1809-0119;NAN;NAN;NAN;55254.00;26.962;8.627;272.46400000;-1.32472222;0.744976;2.29e-15;140.00;NAN;NAN;NAN;NAN;11.085;1.663;4.969;-1.268;NAN;htru_pks,gbncc,fast_gpps;
1824;J1809-0743;NAN;NAN;NAN;51650.00;21.247;5.675;272.39966667;-7.71705556;0.313886;1.52e-16;240.70;NAN;NAN;0.30;NAN;13.998;1.384;5.048;-4.483;NAN;pkssw,pksmb;
1825;J1809-1429;NAN;NAN;NAN;51495.00;15.306;2.393;272.43962500;-14.49027778;0.895285;5.24e-15;411.30;NAN;NAN;0.60;NAN;17.150;0.716;4.523;-8.027;NAN;pksmb,htru_pks;
1826;J1809-1850;NAN;NAN;NAN;51871.00;11.473;0.316;272.40504167;-18.84861111;1.124481;1.06e-14;598.00;NAN;NAN;0.20;NAN;4.667;0.026;0.928;3.926;NAN;pksmb;
1827;J1809-1917;-19.000;50.000;NAN;55366.00;11.094;0.080;272.42973333;-19.29391667;0.082755;2.55e-14;197.10;0.01;NAN;2.80;NAN;3.268;0.005;0.629;5.293;XRS:PWN[kp07];pksmb,htru_pks;
1828;J1809-1943;-6.600;-11.700;NAN;55444.00;10.727;-0.158;272.46286233;-19.73109208;5.540743;2.83e-12;178.00;NAN;NAN;0.70;NAN;3.600;-0.010;0.670;4.963;XRS:XTE_J1810-197;misc;
1829;J1809-2004;NAN;NAN;NAN;51719.00;10.363;-0.202;272.31612500;-20.07000000;0.434811;7.28e-15;867.10;NAN;NAN;0.90;NAN;5.227;-0.018;0.940;3.358;NAN;pksmb,htru_pks;
1830;J1809-2109;NAN;NAN;NAN;49612.00;9.415;-0.720;272.30970645;-21.15079899;0.702414;3.82e-15;381.91;NAN;NAN;0.84;NAN;4.123;-0.052;0.674;4.433;NAN;jb2,htru_pks,pksmb;
1831;J1809-2332;12.000;-24.000;NAN;55770.00;7.390;-1.995;272.45937500;-23.53963333;0.146789;3.44e-14;NAN;NAN;NAN;NAN;NAN;0.880;-0.031;0.113;7.628;GRS:4FGL_J1809.8-2332[aab+22],PWN:[brrk0;FermiBlind;
1832;J1809-3547;NAN;NAN;NAN;49388.90;356.541;-7.766;272.36241667;-35.78833333;0.860388;1.20e-16;193.84;NAN;21.00;NAN;NAN;22.565;-3.049;-1.349;-13.817;NAN;pks70,gbncc,htru_pks;
1833;J1810+0705;NAN;NAN;NAN;57770.00;34.694;12.248;272.69599167;7.09341667;0.307683;2.42e-16;79.40;NAN;NAN;NAN;NAN;5.453;1.157;3.033;4.119;NAN;lotaas,fast_gpps;
1834;J1810-1441;NAN;NAN;NAN;51874.00;15.272;2.035;272.74650833;-14.69266667;0.217214;2.39e-17;304.90;NAN;NAN;0.21;NAN;6.755;0.240;1.778;1.988;NAN;pksmb,htru_pks;
1835;J1810-1709;NAN;NAN;NAN;57573.00;13.051;0.956;272.61754167;-17.15750000;1.161133;3.33e-16;670.00;NAN;NAN;0.45;NAN;14.520;0.242;3.278;-5.643;NAN;htru_pks;
1836;J1810-1820;NAN;NAN;NAN;50972.00;12.064;0.289;272.73133333;-18.34416667;0.153716;5.22e-17;452.00;NAN;NAN;0.70;NAN;4.237;0.021;0.886;4.357;NAN;pksmb,htru_pks;
1837;J1810-5338;NAN;NAN;NAN;57600.00;340.292;-15.901;272.68530417;-53.63545306;0.261050;3.86e-16;45.00;NAN;12.00;NAN;NAN;1.648;-0.452;-0.534;7.008;NAN;mol2,pks70,pkssw;
1838;J1811+0702;NAN;NAN;NAN;51885.00;34.709;12.102;272.83508333;7.04158333;0.461713;2.69e-15;57.80;NAN;2.20;NAN;NAN;2.965;0.622;1.651;6.117;NAN;ar4,lotaas,pkssw;
1839;J1811-0154;NAN;NAN;NAN;51650.00;26.613;8.029;272.83283333;-1.90858333;0.924945;1.61e-15;148.10;NAN;NAN;0.70;NAN;11.112;1.552;4.929;-1.337;NAN;pkssw,gbncc,htru_pks,fast_gpps;
1840;J1811-1049;NAN;NAN;NAN;55983.50;18.712;3.830;272.82112500;-10.81750000;2.623859;8.00e-16;253.30;NAN;NAN;0.30;NAN;8.666;0.579;2.774;0.310;NAN;pksmb,htru_pks;
1841;J1811-1717;NAN;NAN;NAN;56762.00;13.041;0.686;272.86054167;-17.29638889;0.391385;1.20e-16;545.50;NAN;NAN;0.20;NAN;5.184;0.062;1.170;3.450;NAN;htru_pks;
1842;J1811-1835;NAN;NAN;NAN;51184.00;11.909;0.049;272.87383333;-18.59555556;0.557464;6.31e-15;761.00;NAN;NAN;0.42;NAN;4.933;0.004;1.018;3.673;NAN;pksmb,htru_pks;
1843;J1811-1925;NAN;NAN;NAN;49452.60;11.181;-0.348;272.87166667;-19.42444444;0.064667;4.40e-14;NAN;NAN;NAN;NAN;NAN;5.000;-0.030;0.970;3.595;GRS:4FGL_J1811.5-1925[aab+22],SNR:G11.2-;misc;
1844;J1811-2439;NAN;NAN;NAN;53165.00;6.632;-2.954;272.98137500;-24.66472222;0.415813;2.97e-16;167.20;NAN;NAN;0.26;NAN;3.756;-0.194;0.433;4.774;NAN;pksmb,gbncc,htru_pks;
1845;J1811-4930;NAN;NAN;NAN;54996.00;344.222;-14.267;272.86329167;-49.50577778;1.432704;2.25e-15;44.00;NAN;NAN;0.40;NAN;1.447;-0.357;-0.381;7.150;NAN;htru_pks;
1846;J1812+0226;NAN;NAN;NAN;49906.00;30.709;9.692;273.22161561;2.44920135;0.793903;3.60e-15;104.10;NAN;3.80;0.30;NAN;7.187;1.210;3.618;2.409;NAN;gb3,pkssw,fast_gpps;
1847;J1812-15;NAN;NAN;NAN;NAN;14.736;1.298;273.15000000;-15.51666667;1.014529;NAN;431.00;NAN;NAN;NAN;NAN;10.035;0.227;2.552;-1.202;NAN;htru_pks;
1848;J1812-17;NAN;NAN;NAN;NAN;13.076;0.372;273.16666667;-17.41666667;2.182018;NAN;418.70;NAN;NAN;0.11;NAN;4.201;0.027;0.950;4.408;NAN;pksmb;
1849;J1812-1718;NAN;NAN;NAN;49612.00;13.109;0.538;273.03003585;-17.30818717;1.205374;1.91e-14;251.40;0.03;NAN;1.10;NAN;3.659;0.034;0.830;4.937;NAN;jb2,htru_pks,pksmb;
1850;J1812-1733;NAN;NAN;NAN;57382.00;12.904;0.387;273.06608021;-17.56051972;0.538341;9.82e-16;509.80;0.10;NAN;4.80;NAN;4.492;0.030;1.003;4.122;NAN;jb2,htru_pks,pksmb;
1851;J1812-1910;NAN;NAN;NAN;51997.00;11.522;-0.456;273.14537500;-19.17750000;0.430991;3.77e-14;892.00;NAN;NAN;0.28;NAN;5.920;-0.047;1.182;2.699;NAN;pksmb,htru_pks;
1852;J1812-20;NAN;NAN;NAN;57615.00;9.954;-1.321;273.15241667;-20.96833333;1.903112;2.40e-16;457.00;NAN;NAN;NAN;NAN;11.214;-0.258;1.938;-2.542;NAN;htru_pks;
1853;J1812-2102;NAN;NAN;NAN;51134.00;9.859;-1.303;273.08720833;-21.04333333;1.223352;2.39e-14;547.20;NAN;NAN;1.40;NAN;14.443;-0.329;2.472;-5.726;NAN;pksmb,htru_pks;
1854;J1812-2526;NAN;NAN;NAN;53171.00;6.013;-3.448;273.13458333;-25.44388889;0.315835;1.77e-16;361.40;NAN;NAN;0.18;NAN;22.247;-1.338;2.326;-13.585;NAN;pksmb,htru_pks;
1855;J1812-2748;NAN;NAN;NAN;55160.00;3.949;-4.598;273.16908333;-27.80083333;0.236983;3.16e-16;104.00;NAN;NAN;NAN;NAN;2.940;-0.236;0.202;5.576;NAN;htru_pks;
1856;J1812-3039;NAN;NAN;NAN;55336.00;1.431;-5.962;273.18709167;-30.65583333;0.587477;6.60e-16;141.40;NAN;NAN;NAN;NAN;5.474;-0.569;0.136;3.057;NAN;htru_pks,gbncc;
1857;J1813+1822;NAN;NAN;NAN;51886.00;45.544;16.401;273.41150000;18.37083333;0.336425;2.10e-17;60.80;NAN;0.60;NAN;NAN;4.988;1.408;3.415;5.149;NAN;ar4,fast_gpps;
1858;J1813+4013;NAN;NAN;NAN;49886.00;67.408;24.033;273.30533754;40.22750946;0.931089;2.55e-15;41.56;NAN;8.00;1.10;NAN;4.915;2.002;4.144;6.776;NAN;gb1,gb4,lotaas;
1859;J1813-1246;NAN;NAN;NAN;54954.00;17.244;2.445;273.34904167;-12.76644444;0.048072;1.76e-14;NAN;NAN;NAN;NAN;NAN;2.635;0.112;0.780;5.986;GRS:4FGL_J1813.4-1246[aab+22],XRS:Swift_;FermiBlind;
1860;J1813-17;NAN;NAN;NAN;NAN;13.424;0.222;273.47916667;-17.18333333;0.367591;NAN;692.00;NAN;NAN;0.12;NAN;4.889;0.019;1.135;3.745;NAN;pksmb;
1861;J1813-1749;-5.000;-13.000;NAN;58090.00;12.816;-0.020;273.39658333;-17.83264444;0.044741;1.27e-13;1087.00;4.14;NAN;NAN;NAN;6.147;-0.002;1.364;2.506;SNR:12.8-0.0,GRS:HESS_J1813-178,XRS:CXOU;misc;
1862;J1813-2113;NAN;NAN;NAN;51018.00;9.853;-1.656;273.41612500;-21.21677778;0.426466;2.08e-15;462.30;NAN;NAN;0.60;NAN;14.965;-0.432;2.560;-6.238;NAN;pksmb,htru_pks;
1863;J1813-2242;NAN;NAN;NAN;51843.00;8.529;-2.329;273.37150000;-22.70166667;0.328514;4.78e-17;333.00;NAN;NAN;0.21;NAN;12.475;-0.507;1.849;-3.827;NAN;pksmb,htru_pks;
1864;J1814+1130;NAN;NAN;NAN;51500.00;39.205;13.306;273.67809167;11.51220833;0.751261;1.66e-15;65.00;NAN;0.72;NAN;NAN;4.151;0.955;2.553;5.370;NAN;misc,lotaas,fast_gpps;
1865;J1814+22;NAN;NAN;NAN;NAN;49.493;17.779;273.65000000;22.38333333;0.253700;NAN;62.40;NAN;NAN;NAN;NAN;6.485;1.980;4.695;4.489;NAN;lotaas,fast_gpps;
1866;J1814+31;NAN;NAN;NAN;NAN;58.500;21.099;273.62916667;31.50027778;0.002090;NAN;NAN;NAN;NAN;NAN;NAN;NAN;0.000;0.000;8.500;GRS:4FGL_J1814.4+3132[aab+22];FermiAssoc;
1867;J1814-0521;NAN;NAN;NAN;55257.00;23.905;5.730;273.60887500;-5.36027778;1.014219;8.84e-16;130.60;NAN;NAN;NAN;NAN;4.211;0.420;1.698;4.669;NAN;htru_pks,gbncc;
1868;J1814-0618;NAN;NAN;NAN;53095.00;23.101;5.233;273.67191667;-6.30047222;1.377868;2.92e-16;168.00;NAN;NAN;0.58;NAN;5.990;0.546;2.340;3.013;NAN;pksmb;
1869;J1814-1649;NAN;NAN;NAN;51133.00;13.820;0.245;273.65562500;-16.82444444;0.957464;6.33e-15;782.00;NAN;NAN;1.30;NAN;5.205;0.022;1.243;3.446;NAN;pksmb,htru_pks;
1870;J1814-1744;NAN;NAN;NAN;52353.00;13.021;-0.215;273.67958333;-17.74666667;3.975905;7.45e-13;820.00;NAN;NAN;0.70;NAN;5.118;-0.019;1.153;3.514;NAN;pksmb,htru_pks;
1871;J1815+5546;NAN;NAN;NAN;56500.00;84.316;27.133;273.77391993;55.77314169;0.426844;9.47e-17;59.00;NAN;NAN;NAN;NAN;25.000;11.402;22.139;6.296;NAN;gbncc,lotaas;
1872;J1815-1738;NAN;NAN;NAN;55364.00;13.179;-0.272;273.81112500;-17.63523056;0.198457;7.78e-14;724.60;NAN;NAN;0.40;NAN;4.887;-0.023;1.114;3.742;NAN;pksmb,htru_pks;
1873;J1815-1910;NAN;NAN;NAN;50954.00;11.810;-0.963;273.76283333;-19.16677778;1.249924;3.63e-14;547.80;NAN;NAN;0.32;NAN;6.133;-0.103;1.255;2.498;NAN;pksmb,htru_pks;
1874;J1816-0755;NAN;NAN;NAN;53035.00;21.867;4.092;274.10226250;-7.92291667;0.217643;6.48e-15;117.90;NAN;NAN;0.17;NAN;3.152;0.225;1.171;5.582;GRS:[sbc+19];pksmb,FermiAssoc,gbncc,htru_pks;
1875;J1816-1446;NAN;NAN;NAN;51969.00;15.836;0.828;274.12162500;-14.77500000;0.594500;1.33e-15;629.00;NAN;NAN;0.23;NAN;10.089;0.146;2.753;-1.205;NAN;pksmb,htru_pks;
1876;J1816-1729;NAN;NAN;NAN;49481.00;13.433;-0.424;274.07775852;-17.48408470;0.782313;7.26e-15;520.70;0.01;NAN;1.30;NAN;4.435;-0.033;1.030;4.186;NAN;jb2,htru_pks,pksmb;
1877;J1816-2650;NAN;NAN;NAN;57600.00;5.219;-4.906;274.14749583;-26.83138889;0.592885;6.65e-17;128.12;0.00;18.00;2.38;NAN;3.592;-0.307;0.326;4.936;NAN;jb1,htru_pks,mol2,pks70,pksmb,pkssw;
1878;J1816-5643;NAN;NAN;NAN;53000.00;337.673;-17.898;274.15193333;-56.72836111;0.217923;1.93e-18;52.40;NAN;NAN;NAN;NAN;2.580;-0.793;-0.933;6.229;NAN;pkssw;
1879;J1817-0743;NAN;NAN;NAN;52887.00;22.211;3.876;274.45745833;-7.72191667;0.438095;-2.30e-18;14.80;NAN;NAN;0.25;NAN;0.195;0.013;0.074;8.320;NAN;pksmb;
1880;J1817-1511;NAN;NAN;NAN;52160.00;15.595;0.391;274.40083333;-15.19416667;0.224604;1.43e-15;970.00;NAN;NAN;0.43;NAN;7.345;0.050;1.975;1.426;NAN;pksmb,htru_pks;
1881;J1817-1742;NAN;NAN;NAN;55946.00;13.337;-0.703;274.28764167;-17.70030556;0.149744;2.06e-14;NAN;NAN;NAN;NAN;NAN;NAN;-0.000;0.000;8.500;GRS:4FGL_J1817.1-1742[aab+22];FermiBlind;
1882;J1817-1938;NAN;NAN;NAN;55991.80;11.623;-1.617;274.27841667;-19.64333333;2.046838;3.60e-16;519.60;NAN;NAN;0.10;NAN;17.004;-0.480;3.424;-8.149;NAN;htru_pks,pksmb;
1883;J1817-2311;NAN;NAN;NAN;44969.00;8.489;-3.270;274.25000000;-23.18333333;0.625470;NAN;240.00;NAN;4.00;NAN;NAN;7.933;-0.452;1.169;0.667;NAN;misc;
1884;J1817-3618;19.000;-16.000;NAN;57600.00;356.801;-9.374;274.27440417;-36.30127778;0.387019;2.02e-15;94.13;NAN;22.00;3.20;NAN;4.383;-0.714;-0.241;4.182;NAN;mol2,gbncc,htru_pks,pks70,pkssw;
1885;J1817-3837;NAN;NAN;NAN;49526.46;354.678;-10.406;274.25112500;-38.63325000;0.384487;5.80e-16;102.85;0.00;12.00;2.09;NAN;6.086;-1.099;-0.555;2.540;NAN;pks70,gbncc,htru_pks,pkssw;
1886;J1818-0151;NAN;NAN;NAN;57015.00;27.482;6.479;274.60737500;-1.86500000;0.837535;9.11e-15;201.00;NAN;NAN;0.09;NAN;17.391;1.962;7.974;-6.830;NAN;htru_pks,fast_gpps;
1887;J1818-1116;NAN;NAN;NAN;52158.00;19.144;2.068;274.61020833;-11.27472222;0.544800;3.82e-15;422.00;NAN;NAN;0.50;NAN;13.004;0.469;4.262;-3.777;NAN;pksmb,htru_pks;
1888;J1818-1422;NAN;NAN;NAN;54000.00;16.405;0.610;274.59902500;-14.37686389;0.291489;2.04e-15;619.65;0.06;NAN;9.60;NAN;5.439;0.058;1.536;3.283;NAN;jb2,htru_pks,pks1,pksmb;
1889;J1818-1448;NAN;NAN;NAN;54863.10;16.031;0.390;274.61629167;-14.81055556;0.281371;6.15e-15;644.00;NAN;NAN;0.19;NAN;4.996;0.034;1.380;3.698;NAN;pksmb;
1890;J1818-1519;NAN;NAN;NAN;51415.00;15.550;0.192;274.56083333;-15.32861111;0.939690;4.11e-15;845.00;NAN;NAN;2.10;NAN;5.361;0.018;1.437;3.335;NAN;pksmb,htru_pks;
1891;J1818-1541;NAN;NAN;NAN;51491.00;15.270;-0.063;274.65633333;-15.69583333;0.551134;9.67e-15;690.00;NAN;NAN;1.00;NAN;4.792;-0.005;1.262;3.877;NAN;pksmb,htru_pks;
1892;J1818-1556;NAN;NAN;NAN;54263.40;15.087;-0.227;274.71645833;-15.93444444;0.952709;7.06e-16;230.00;NAN;NAN;0.49;NAN;3.464;-0.014;0.902;5.155;NAN;pksmb,htru_pks;
1893;J1818-1607;NAN;NAN;NAN;59080.20;14.815;-0.138;274.50080583;-16.13139025;1.363492;4.18e-11;699.20;0.04;NAN;0.20;NAN;4.808;-0.012;1.229;3.852;XRS:[bs20],XRS:[erb+20];misc;
1894;J1819+0322;NAN;NAN;NAN;NAN;32.275;8.696;274.81349128;3.37386142;0.799166;1.27e-16;NAN;NAN;NAN;NAN;NAN;NAN;0.000;0.000;8.500;NAN;gbncc;
1895;J1819+1305;NAN;NAN;NAN;51650.00;41.227;12.828;274.98427500;13.08756944;1.060364;3.59e-16;64.81;NAN;6.20;1.10;NAN;4.047;0.899;2.601;5.532;NAN;pkssw,misc;
1896;J1819-0925;NAN;NAN;NAN;52105.00;20.935;2.633;274.96059167;-9.43052778;0.852047;3.13e-15;378.00;NAN;NAN;0.72;NAN;13.840;0.636;4.940;-4.413;NAN;pksmb,htru_pks;
1897;J1819-1008;NAN;NAN;NAN;52182.00;20.287;2.337;274.91660833;-10.14111111;0.301490;1.32e-15;404.00;NAN;NAN;0.35;NAN;13.539;0.552;4.690;-4.189;NAN;pksmb,htru_pks;
1898;J1819-1114;NAN;NAN;NAN;54849.90;19.291;1.857;274.86991667;-11.24527778;0.294163;5.66e-16;309.70;0.05;NAN;1.07;NAN;5.795;0.188;1.913;3.033;NAN;pksmb,htru_pks;
1899;J1819-1131;NAN;NAN;NAN;51874.00;19.101;1.619;274.99229167;-11.52472222;1.388137;7.61e-16;578.00;NAN;NAN;0.15;NAN;16.393;0.463;5.362;-6.984;NAN;pksmb;
1900;J1819-1318;NAN;NAN;NAN;52856.00;17.497;0.829;274.93191667;-13.31166667;1.515696;5.97e-16;35.10;NAN;NAN;0.16;NAN;0.812;0.012;0.244;7.726;NAN;pksmb;
1901;J1819-1408;NAN;NAN;NAN;51612.00;16.797;0.394;274.98666667;-14.13377778;1.788490;2.59e-15;1075.00;NAN;NAN;0.50;NAN;8.967;0.062;2.591;-0.084;NAN;pksmb,htru_pks;
1902;J1819-1458;NAN;NAN;NAN;55996.24;16.019;0.080;274.89238750;-14.96765833;4.263213;5.63e-13;196.00;NAN;NAN;NAN;NAN;3.301;0.005;0.911;5.327;XRS:CXOU_J181939.1-145804[mrg+07],OPT:2M;pksmb;
1903;J1819-1510;NAN;NAN;NAN;51492.00;15.876;-0.086;274.97371250;-15.17238889;0.226539;7.85e-18;418.14;0.02;NAN;0.60;NAN;4.123;-0.006;1.128;4.534;NAN;pksmb,htru_pks;
1904;J1819-17;NAN;NAN;NAN;56657.00;14.146;-0.904;274.87500000;-17.08333333;2.352135;NAN;67.00;NAN;NAN;0.14;NAN;1.881;-0.030;0.460;6.676;NAN;htru_pks;
1905;J1819-1717;NAN;NAN;NAN;54756.20;13.991;-1.048;274.93083333;-17.28777778;0.393522;3.45e-15;405.00;NAN;NAN;0.26;NAN;4.792;-0.088;1.158;3.851;NAN;pksmb;
1906;J1819-37;NAN;NAN;NAN;NAN;356.342;-10.029;274.75000000;-37.00000000;0.632000;NAN;68.20;NAN;NAN;NAN;NAN;2.712;-0.472;-0.170;5.835;NAN;gbncc;
1907;J1820-0427;-7.310;15.890;0.350;56000.00;25.457;4.733;275.21913917;-4.46047556;0.598082;6.33e-15;84.44;0.00;157.00;10.07;NAN;2.700;0.223;1.157;6.070;NAN;mol1,gb2,gb3,htru_pks,jb1,lotaas,mo;
1908;J1820-0509;NAN;NAN;NAN;53035.00;24.777;4.516;275.09470000;-5.16069444;0.337321;9.32e-16;102.40;NAN;NAN;0.25;NAN;3.297;0.260;1.377;5.516;NAN;pksmb,gbncc,htru_pks;
1909;J1820-1346;NAN;NAN;NAN;49609.00;17.161;0.483;275.08233150;-13.77091020;0.921460;4.50e-15;771.00;0.11;NAN;2.00;NAN;5.837;0.049;1.722;2.923;NAN;jb2,htru_pks,pks1,pksmb;
1910;J1820-1529;NAN;NAN;NAN;55373.00;15.681;-0.406;275.17212500;-15.49507222;0.333254;3.79e-14;768.50;NAN;NAN;0.83;NAN;5.195;-0.037;1.404;3.498;NAN;pksmb,htru_pks;
1911;J1820-1818;NAN;NAN;NAN;50283.00;13.202;-1.720;275.16286537;-18.30090532;0.309905;9.36e-17;436.00;0.00;NAN;1.50;NAN;14.064;-0.422;3.210;-5.186;NAN;pks1,htru_pks,pksmb;
1912;J1821+0155;NAN;NAN;NAN;NAN;31.244;7.504;275.41201533;1.92277583;0.033781;2.90e-20;51.75;NAN;NAN;0.29;NAN;1.722;0.225;0.886;7.040;NAN;gbt350,ar327,gbncc,fast_gpps;
1913;J1821+1715;NAN;NAN;NAN;53064.00;45.259;14.302;275.30626250;17.26307222;1.366682;8.71e-16;60.28;NAN;3.70;NAN;NAN;4.140;1.023;2.849;5.676;NAN;ar4,lotaas;
1914;J1821+4147;NAN;NAN;NAN;56375.00;69.537;22.905;275.46810731;41.78404269;1.261857;1.73e-15;40.60;NAN;NAN;NAN;NAN;4.427;1.723;3.821;7.074;NAN;gbncc,lotaas,fast_gpps;
1915;J1821-0256;NAN;NAN;NAN;53097.00;26.839;5.372;275.29295833;-2.94405556;0.414111;3.72e-17;84.00;NAN;NAN;0.19;NAN;3.160;0.296;1.420;5.693;NAN;pksmb,fast_gpps;
1916;J1821-0331;NAN;NAN;NAN;55980.90;26.393;4.978;275.43625000;-3.52019444;0.902316;2.53e-15;171.50;NAN;NAN;0.20;NAN;7.555;0.656;3.346;1.758;NAN;pksmb;
1917;J1821-1419;NAN;NAN;NAN;52303.00;16.815;-0.043;275.39291667;-14.32388889;1.656010;8.95e-13;1123.00;NAN;NAN;0.20;NAN;6.129;-0.005;1.773;2.633;NAN;pksmb;
1918;J1821-1432;NAN;NAN;NAN;54217.70;16.628;-0.168;275.41573750;-14.54811111;1.915131;5.37e-15;570.00;NAN;NAN;0.22;NAN;4.540;-0.013;1.299;4.150;NAN;pksmb,htru_pks;
1919;J1822+02;NAN;NAN;NAN;NAN;31.353;7.461;275.50000000;2.00000000;1.508000;NAN;103.80;NAN;NAN;NAN;NAN;5.411;0.703;2.792;3.918;NAN;gbncc;
1920;J1822+0705;NAN;NAN;NAN;51341.00;35.983;9.685;275.57684107;7.08861714;1.362817;1.75e-15;62.20;NAN;3.80;NAN;NAN;2.872;0.483;1.663;6.209;NAN;ar4,lotaas,fast_gpps;
1921;J1822+1120;NAN;NAN;NAN;51602.00;39.870;11.571;275.56083333;11.34894444;1.787037;2.35e-15;95.20;NAN;0.50;NAN;NAN;7.776;1.560;4.883;2.653;NAN;ar4,fast_gpps;
1922;J1822+2617;NAN;NAN;NAN;58688.00;54.027;17.554;275.68674583;26.29078611;0.591418;7.98e-16;64.70;NAN;NAN;NAN;NAN;7.861;2.371;6.066;4.097;NAN;fast_crafts;
1923;J1822-0719;NAN;NAN;NAN;57700.00;23.096;3.043;275.61697083;-7.33194444;0.499076;1.90e-17;199.00;NAN;NAN;NAN;NAN;4.611;0.245;1.806;4.265;NAN;htru_pks;
1924;J1822-0902;NAN;NAN;NAN;57566.00;21.590;2.212;275.64893750;-9.04975000;0.148895;1.78e-14;448.10;NAN;NAN;NAN;NAN;15.672;0.605;5.763;-6.062;NAN;htru_pks;
1925;J1822-0907;NAN;NAN;NAN;52267.00;21.530;2.161;275.66583333;-9.12666667;0.974700;3.55e-16;467.00;NAN;NAN;0.12;NAN;16.079;0.606;5.897;-6.446;NAN;pksmb,htru_pks;
1926;J1822-1252;NAN;NAN;NAN;51809.00;18.218;0.394;275.67375000;-12.88027778;2.071040;8.48e-14;925.00;NAN;NAN;0.25;NAN;6.405;0.044;2.002;2.416;NAN;pksmb,htru_pks;
1927;J1822-1400;NAN;NAN;NAN;49266.36;17.252;-0.176;275.72517768;-14.00066746;0.214771;9.07e-16;649.27;0.01;NAN;0.80;NAN;4.754;-0.015;1.410;3.960;NAN;jb2,htru_pks,pksmb;
1928;J1822-1604;NAN;NAN;NAN;55761.00;15.353;-1.021;275.57500000;-16.07411111;8.437721;2.14e-14;NAN;NAN;NAN;NAN;NAN;NAN;-0.000;0.000;8.500;XRS:SGR_J1822-1606;misc;
1929;J1822-1617;NAN;NAN;NAN;51932.00;15.194;-1.189;275.65250000;-16.29305556;0.831156;1.89e-15;647.00;NAN;NAN;0.20;NAN;14.878;-0.309;3.899;-5.855;NAN;pksmb;
1930;J1822-2256;NAN;NAN;NAN;48740.00;9.349;-4.373;275.74564215;-22.94183603;1.874269;1.35e-15;121.20;0.00;25.00;3.80;NAN;3.261;-0.249;0.528;5.292;NAN;jb1,htru_pks,mol2,pks70,pksmb;
1931;J1822-4209;NAN;NAN;NAN;49015.00;351.883;-12.829;275.54731667;-42.15305000;0.456512;4.59e-16;72.51;NAN;7.00;0.90;NAN;3.687;-0.819;-0.508;4.941;NAN;pks70,htru_pks,pkssw;
1932;J1823+0550;5.000;-2.000;NAN;48713.00;34.987;8.859;275.87905458;5.84008611;0.752907;2.27e-16;66.70;0.00;18.00;1.70;NAN;2.000;0.308;1.133;6.881;NAN;mol2,ar4,gb3,gb4,lotaas,pkssw,fast_;
1933;J1823-0154;NAN;NAN;NAN;50850.00;28.081;5.256;275.96727520;-1.90127008;0.759777;1.13e-15;135.90;0.00;13.00;0.78;NAN;5.267;0.483;2.469;3.873;NAN;pks70,gbncc,htru_pks,pksmb,fast_gpp;
1934;J1823-1126;NAN;NAN;NAN;52331.00;19.568;0.935;275.83275000;-11.43444444;1.846534;3.65e-14;607.00;NAN;NAN;0.51;NAN;9.272;0.151;3.105;-0.235;NAN;pksmb,htru_pks;
1935;J1823-1347;NAN;NAN;NAN;51481.00;17.488;-0.189;275.85104167;-13.79833333;0.617107;9.60e-15;1044.00;NAN;NAN;0.41;NAN;5.873;-0.019;1.765;2.898;NAN;pksmb,htru_pks;
1936;J1823-1526;NAN;NAN;NAN;52267.00;16.033;-0.948;275.83925000;-15.43944444;1.625405;4.52e-15;611.00;NAN;NAN;0.47;NAN;8.153;-0.135;2.251;0.665;NAN;pksmb,htru_pks;
1937;J1823-1807;NAN;NAN;NAN;51295.00;13.636;-2.164;275.79033333;-18.12583333;1.636792;2.79e-16;330.00;NAN;NAN;0.39;NAN;10.149;-0.383;2.391;-1.356;NAN;pksmb,htru_pks;
1938;J1823-3021A;0.120;-6.940;0.130;55049.00;2.788;-7.913;275.91869588;-30.36114639;0.005440;3.38e-18;86.88;NAN;16.00;0.72;0.08;8.020;-1.104;0.386;0.566;GRS:4FGL_J1823.5-3020[aab+22],GC:NGC6624;misc,FermiBlind,htru_pks,pks70;
1939;J1823-3021B;0.120;-6.940;0.130;55049.00;2.790;-7.917;275.92310625;-30.36137222;0.378596;2.99e-17;87.01;NAN;2.20;0.07;0.08;8.020;-1.105;0.387;0.566;GC:NGC6624;misc,htru_pks;
1940;J1823-3021C;0.120;-6.940;0.130;55049.00;2.790;-7.915;275.92146500;-30.36068056;0.405936;2.24e-16;86.90;NAN;NAN;NAN;0.04;8.020;-1.104;0.387;0.566;GC:NGC6624;misc;
1941;J1823-3021D;0.120;-6.940;0.130;55050.00;2.787;-7.914;275.91888000;-30.36212778;0.003020;NAN;86.80;NAN;NAN;NAN;0.03;8.020;-1.104;0.386;0.566;GC:NGC6624;misc;
1942;J1823-3021E;0.120;-6.940;0.130;54100.00;2.775;-7.914;275.91220833;-30.37286111;0.004394;NAN;91.40;NAN;NAN;NAN;NAN;8.020;-1.104;0.385;0.566;GC:NGC6624;misc;
1943;J1823-3021F;0.120;-6.940;0.130;54100.00;2.789;-7.914;275.91945833;-30.36108333;0.004850;NAN;86.70;NAN;NAN;NAN;NAN;8.020;-1.104;0.386;0.566;GC:NGC6624;misc;
1944;J1823-3021H;0.120;-6.940;0.130;NAN;2.788;-7.913;275.91866667;-30.36108333;0.005130;NAN;86.85;NAN;NAN;0.03;NAN;8.020;-1.104;0.386;0.566;GC:NGC6624;meerkat_trapum;
1945;J1823-3106;18.000;27.000;NAN;50093.00;2.120;-8.273;275.94495157;-31.11381963;0.284054;2.93e-15;50.24;NAN;36.00;5.60;NAN;1.586;-0.228;0.058;6.932;NAN;mol2,htru_pks,pks70,pkssw;
1946;J1824-0127;NAN;NAN;NAN;57600.00;28.588;5.231;276.22262500;-1.46427778;2.499470;3.91e-15;63.20;NAN;NAN;0.59;NAN;2.233;0.204;1.064;6.547;NAN;pksmb,gbncc,fast_gpps;
1947;J1824-0132;NAN;NAN;NAN;57658.00;28.525;5.188;276.23156250;-1.54000000;0.223729;2.82e-17;81.00;NAN;NAN;0.12;NAN;3.176;0.287;1.510;5.721;NAN;htru_pks,fast_gpps;
1948;J1824-1118;NAN;NAN;NAN;49480.00;19.809;0.741;276.12307874;-11.31183739;0.435759;3.55e-15;601.31;0.03;NAN;1.30;NAN;5.978;0.077;2.026;2.876;NAN;jb2,htru_pks,pksmb;
1949;J1824-1159;NAN;NAN;NAN;51495.00;19.253;0.324;276.23396250;-11.99816667;0.362492;5.38e-15;462.96;0.02;NAN;0.70;NAN;4.457;0.025;1.470;4.292;NAN;pksmb,htru_pks;
1950;J1824-1350;NAN;NAN;NAN;56612.00;17.614;-0.515;276.20908750;-13.83916667;1.396599;6.07e-16;551.00;NAN;NAN;0.08;NAN;4.693;-0.042;1.420;4.027;NAN;htru_pks;
1951;J1824-1423;NAN;NAN;NAN;51719.00;17.146;-0.796;276.23911250;-14.38480556;0.359394;3.92e-16;427.63;0.01;NAN;0.80;NAN;4.548;-0.063;1.341;4.155;NAN;pksmb,htru_pks;
1952;J1824-1500;NAN;NAN;NAN;52265.00;16.512;-0.934;276.05875000;-15.00916667;0.412230;7.58e-16;571.00;NAN;NAN;0.16;NAN;6.073;-0.099;1.726;2.678;NAN;pksmb,htru_pks;
1953;J1824-1945;12.200;10.000;NAN;55291.00;12.276;-3.108;276.00233333;-19.76760000;0.189337;5.24e-15;224.38;0.00;71.00;7.80;NAN;3.700;-0.201;0.786;4.890;NAN;mol2,htru_pks,pks1,pks70,pksmb;
1954;J1824-2233;NAN;NAN;NAN;53165.00;9.822;-4.435;276.04300000;-22.55305556;1.161743;3.01e-16;156.50;NAN;NAN;0.22;NAN;4.597;-0.356;0.782;3.984;NAN;pksmb,htru_pks;
1955;J1824-2328;NAN;NAN;NAN;53111.00;9.037;-4.922;276.11933333;-23.47138889;1.505875;1.74e-15;195.40;NAN;NAN;0.32;NAN;8.965;-0.769;1.403;-0.321;NAN;pksmb,gbncc,htru_pks;
1956;J1824-2452A;-0.280;-8.920;0.200;55683.00;7.797;-5.578;276.13336627;-24.86968846;0.003054;1.62e-18;119.91;0.00;40.00;2.30;NAN;5.370;-0.522;0.725;3.205;GC:M28(NGC6626),GRS:4FGL_J1824.6-2452[aa;misc,FermiAssoc,pksmb;
1957;J1824-2452B;-0.280;-8.920;0.200;54100.00;7.798;-5.580;276.13670833;-24.86977778;0.006547;NAN;119.50;NAN;NAN;NAN;NAN;5.370;-0.522;0.725;3.205;GC:M28(NGC6626);misc;
1958;J1824-2452E;-0.280;-8.920;0.200;54100.00;7.798;-5.580;276.13670833;-24.86977778;0.005420;NAN;119.80;NAN;NAN;NAN;NAN;5.370;-0.522;0.725;3.205;GC:M28(NGC6626),XRS:(?)[bvs+11];misc;
1959;J1824-2452F;-0.280;-8.920;0.200;54100.00;7.798;-5.580;276.13670833;-24.86977778;0.002451;NAN;123.80;NAN;NAN;NAN;NAN;5.370;-0.522;0.725;3.205;GC:M28(NGC6626),XRS:[bvs+11];misc;
1960;J1824-2537;NAN;NAN;NAN;53000.00;7.123;-5.918;276.12744583;-25.62194444;0.223320;4.40e-16;158.50;NAN;NAN;NAN;NAN;7.301;-0.753;0.900;1.294;NAN;pkssw,htru_pks;
1961;J1825+0004;NAN;NAN;NAN;49719.00;30.001;5.856;276.31385216;0.07213930;0.778949;8.76e-16;56.60;NAN;8.00;0.40;NAN;1.860;0.190;0.925;6.898;NAN;gb2,htru_pks,lotaas,pks70,pkssw,fas;
1962;J1825-0935;-13.000;-9.000;NAN;57600.00;21.449;1.324;276.37747500;-9.58922222;0.769021;5.24e-14;19.38;0.00;36.00;10.00;NAN;0.300;0.007;0.110;8.221;XRS:[pb15];jb1,gb2,htru_pks,mol2,pks70,pksmb;
1963;J1825-1108;NAN;NAN;NAN;56783.00;20.047;0.641;276.32625000;-11.14833333;1.925872;1.90e-15;121.00;NAN;NAN;0.13;NAN;2.750;0.031;0.943;5.917;NAN;htru_pks;
1964;J1825-1446;11.070;-27.610;NAN;55314.00;16.805;-1.001;276.26233333;-14.78160278;0.279198;2.27e-14;352.23;0.02;NAN;2.90;NAN;4.441;-0.078;1.284;4.249;NAN;jb2,htru_pks,pks1,pksmb;
1965;J1825-31;NAN;NAN;NAN;55561.00;2.400;-8.658;276.49166667;-31.03888889;2.382000;NAN;93.30;NAN;NAN;NAN;NAN;3.967;-0.597;0.164;4.582;NAN;htru_pks,gbncc;
1966;J1825-33;NAN;NAN;NAN;54831.00;0.309;-9.697;276.50833333;-33.35000000;1.271200;NAN;43.00;NAN;NAN;NAN;NAN;1.238;-0.209;0.007;7.280;NAN;pkssw;
1967;J1826-1131;NAN;NAN;NAN;49464.00;19.800;0.293;276.52280293;-11.52878499;2.093136;4.91e-15;320.58;0.00;5.00;0.71;NAN;3.974;0.020;1.346;4.761;NAN;jb2,htru_pks,pksmb;
1968;J1826-1256;NAN;NAN;NAN;56360.00;18.556;-0.377;276.53554167;-12.94250000;0.110239;1.21e-13;NAN;NAN;NAN;NAN;NAN;1.550;-0.010;0.493;7.031;GRS:4FGL_J1826.1-1256[aab+22],XRS:AXJ182;FermiBlind;
1969;J1826-1334;23.000;-4.000;NAN;52400.00;18.001;-0.691;276.55489583;-13.57966667;0.101487;7.53e-14;231.00;0.00;NAN;4.70;NAN;3.606;-0.043;1.114;5.071;GRS:J1825-137[aab+06],XRS:G18.0-0.7[gsk+;jb2,htru_pks,pks1,pksmb;
1970;J1826-1419;NAN;NAN;NAN;54053.00;17.398;-1.142;276.67662917;-14.32266667;0.770620;8.78e-15;160.00;NAN;NAN;NAN;NAN;3.243;-0.065;0.970;5.406;NAN;pksmb;
1971;J1826-1526;NAN;NAN;NAN;51720.00;16.358;-1.553;276.55250000;-15.43416667;0.382073;1.08e-15;530.00;NAN;NAN;0.46;NAN;14.925;-0.405;4.202;-5.816;NAN;pksmb,htru_pks;
1972;J1826-2415;NAN;NAN;NAN;57054.00;8.553;-5.718;276.65010833;-24.26513889;0.004696;1.74e-20;81.86;NAN;NAN;0.49;NAN;2.753;-0.274;0.407;5.791;NAN;htru_pks;
1973;J1827-0750;NAN;NAN;NAN;53223.00;23.176;1.803;276.76139583;-7.83866667;0.270502;1.54e-15;375.45;NAN;NAN;2.90;NAN;9.831;0.309;3.867;-0.533;NAN;pksmb,htru_pks;
1974;J1827-0849;NAN;NAN;NAN;56000.00;22.364;1.221;276.90166667;-8.82833333;0.002242;1.10e-20;NAN;NAN;NAN;NAN;NAN;NAN;0.000;0.000;8.500;GRS:4FGL_J1827.6-0849[aab+22];FermiAssoc;
1975;J1827-0934;NAN;NAN;NAN;51491.00;21.724;0.841;276.94118333;-9.57122222;0.512548;7.23e-15;259.20;NAN;NAN;0.29;NAN;4.068;0.060;1.506;4.721;NAN;pksmb,htru_pks;
1976;J1827-0958;NAN;NAN;NAN;49480.00;21.286;0.798;276.77283270;-9.97867092;0.245757;1.00e-15;430.00;0.03;NAN;2.20;NAN;5.023;0.070;1.823;3.820;NAN;jb2,htru_pks,pksmb;
1977;J1827-1446;NAN;NAN;NAN;55716.00;17.077;-1.503;276.85250000;-14.77444444;0.499187;4.53e-14;NAN;NAN;NAN;NAN;NAN;NAN;-0.000;0.000;8.500;GRS:4FGL_J1827.4-1445[aab+22];FermiBlind;
1978;J1828+1221;NAN;NAN;NAN;57734.00;41.457;10.657;277.09233750;12.35580556;1.528295;1.75e-15;69.10;NAN;NAN;0.50;NAN;3.849;0.712;2.504;5.665;NAN;pks_superb;
1979;J1828+1359;NAN;NAN;NAN;51500.00;43.017;11.250;277.22224167;13.99315556;0.741640;7.29e-16;56.00;NAN;1.20;NAN;NAN;2.754;0.537;1.843;6.525;NAN;misc;
1980;J1828-0003;NAN;NAN;NAN;59310.00;30.292;5.027;277.18333333;-0.05000000;3.807116;NAN;193.00;NAN;NAN;NAN;NAN;10.409;0.912;5.230;-0.453;NAN;misc;
1981;J1828-0003g;NAN;NAN;NAN;NAN;30.310;4.994;277.22083333;-0.05000000;NAN;NAN;193.00;NAN;NAN;NAN;NAN;10.290;0.896;5.173;-0.350;NAN;fast_gpps;
1982;J1828-0038g;NAN;NAN;NAN;NAN;29.716;4.867;277.06250000;-0.63333333;2.426000;NAN;70.00;NAN;NAN;NAN;NAN;2.661;0.226;1.314;6.197;NAN;fast_gpps;
1983;J1828-0611;NAN;NAN;NAN;52045.00;24.780;2.279;277.08631250;-6.19763889;0.269415;1.46e-15;363.20;NAN;NAN;1.50;NAN;12.119;0.482;5.076;-2.494;NAN;pksmb,htru_pks;
1984;J1828-1007;NAN;NAN;NAN;51837.00;21.324;0.424;277.12648333;-10.11947222;0.153197;6.13e-16;302.60;NAN;NAN;0.21;NAN;4.014;0.030;1.460;4.761;NAN;pksmb,htru_pks;
1985;J1828-1057;NAN;NAN;NAN;55334.00;20.587;0.024;277.13850000;-10.95747222;0.246333;2.07e-14;249.00;NAN;NAN;0.33;NAN;3.648;0.002;1.283;5.085;NAN;pksmb,htru_pks;
1986;J1828-1101;NAN;NAN;NAN;55356.00;20.495;0.043;277.07833333;-11.03078611;0.072057;1.48e-14;605.00;NAN;NAN;2.30;NAN;4.767;0.004;1.669;4.035;GRS:4FGL_J1828.4-1059[aab+22];pksmb,FermiAssoc,htru_pks;
1987;J1828-1336;NAN;NAN;NAN;51495.00;18.254;-1.243;277.17854167;-13.61250000;0.860332;9.92e-16;494.70;NAN;NAN;0.26;NAN;7.951;-0.172;2.490;0.951;NAN;pksmb,htru_pks;
1988;J1828-2119;NAN;NAN;NAN;53035.00;11.358;-4.734;277.08983333;-21.33222222;0.514523;1.27e-15;268.00;NAN;NAN;0.38;NAN;17.964;-1.483;3.526;-9.052;NAN;pksmb,htru_pks;
1989;J1829+0000;NAN;NAN;NAN;53112.00;30.460;4.817;277.44641667;0.00236111;0.199147;5.25e-16;116.80;NAN;NAN;0.54;NAN;4.353;0.366;2.199;4.761;NAN;pksmb,gbncc,palfa;
1990;J1829+25;NAN;NAN;NAN;NAN;53.348;15.757;277.25000000;25.00000000;2.857000;NAN;74.00;NAN;NAN;NAN;NAN;8.926;2.424;6.892;3.372;NAN;gbncc;
1991;J1829-0734;NAN;NAN;NAN;51947.00;23.647;1.478;277.27237500;-7.57277778;0.318401;4.79e-15;316.80;NAN;NAN;0.45;NAN;6.095;0.157;2.444;2.919;NAN;pksmb,htru_pks;
1992;J1829-1011;NAN;NAN;NAN;56755.00;21.329;0.262;277.27525000;-10.19027778;0.829166;-5.00e-18;610.00;NAN;NAN;0.25;NAN;4.938;0.023;1.796;3.900;NAN;htru_pks;
1993;J1829-1751;22.000;-150.000;NAN;49878.00;14.604;-3.418;277.42973848;-17.85108318;0.307133;5.55e-15;216.83;0.00;78.00;11.00;NAN;5.932;-0.354;1.493;2.770;NAN;jb1,gb3,htru_pks,mol2,pks1,pks70,pk;
1994;J1830-0052;NAN;NAN;NAN;53276.00;29.755;4.251;277.62791667;-0.88166667;0.345698;2.37e-16;220.40;NAN;NAN;0.04;NAN;10.252;0.760;5.074;-0.376;NAN;pksmb,fast_gpps;
1995;J1830-0131;NAN;NAN;NAN;53095.00;29.156;3.994;277.58171667;-1.53002778;0.152512;2.11e-15;97.30;NAN;NAN;0.35;NAN;3.541;0.247;1.721;5.415;NAN;pksmb,htru_pks,fast_gpps;
1996;J1830-10;NAN;NAN;NAN;56657.00;21.036;-0.169;277.52500000;-10.65000000;0.245260;NAN;203.00;NAN;NAN;0.10;NAN;3.420;-0.010;1.228;5.308;NAN;htru_pks;
1997;J1830-1059;NAN;NAN;NAN;55372.00;20.812;-0.478;277.69795833;-10.99070000;0.405073;5.99e-14;159.70;0.00;2.10;1.50;NAN;3.146;-0.026;1.118;5.559;NAN;jb2,htru_pks,pksmb;
1998;J1830-1135;NAN;NAN;NAN;51563.00;20.193;-0.590;277.50716667;-11.59222222;6.221553;4.77e-14;257.00;NAN;NAN;1.10;NAN;3.757;-0.039;1.297;4.974;NAN;pksmb,htru_pks;
1999;J1830-1313;NAN;NAN;NAN;54211.70;18.824;-1.490;277.67491667;-13.22116667;0.747188;1.71e-15;537.00;NAN;NAN;0.26;NAN;12.624;-0.328;4.072;-3.445;NAN;pksmb,htru_pks;
2000;J1830-1414;NAN;NAN;NAN;52265.00;17.839;-1.813;277.50145833;-14.24361111;0.771493;7.62e-17;393.60;NAN;NAN;0.10;NAN;10.101;-0.320;3.093;-1.111;NAN;pksmb;
2001;J1831-04;NAN;NAN;NAN;NAN;26.607;2.486;277.75000000;-4.48333333;1.065578;NAN;216.00;NAN;NAN;NAN;NAN;4.910;0.213;2.197;4.114;NAN;htru_pks;
2002;J1831-0823;NAN;NAN;NAN;51763.00;23.211;0.548;277.90139167;-8.38997222;0.612133;3.09e-16;245.90;NAN;NAN;1.00;NAN;3.886;0.037;1.531;4.929;NAN;pksmb,gbncc,htru_pks;
2003;J1831-0952;NAN;NAN;NAN;52412.00;21.897;-0.128;277.89293333;-9.86713889;0.067267;8.32e-15;247.00;NAN;NAN;0.35;NAN;3.683;-0.008;1.374;5.083;GRS:4FGL_J1830.8-0947[aab+22];pksmb,FermiAssoc,htru_pks;
2004;J1831-1223;NAN;NAN;NAN;51704.00;19.618;-1.217;277.80345833;-12.39194444;2.857941;5.47e-15;342.00;NAN;NAN;1.20;NAN;4.876;-0.104;1.637;3.908;NAN;pksmb,htru_pks;
2005;J1831-1329;NAN;NAN;NAN;51494.00;18.716;-1.884;277.98316667;-13.49888889;2.165679;2.99e-15;338.00;NAN;NAN;0.50;NAN;6.314;-0.208;2.025;2.523;NAN;pksmb,htru_pks;
2006;J1831-1423;NAN;NAN;NAN;52109.00;17.870;-2.201;277.87125000;-14.39611111;0.507945;1.09e-15;352.00;NAN;NAN;0.19;NAN;10.124;-0.389;3.104;-1.128;NAN;pksmb;
2007;J1832+0029;NAN;NAN;NAN;57203.00;31.247;4.360;278.21125000;0.49083333;0.533918;1.55e-15;32.70;NAN;NAN;0.14;NAN;1.120;0.085;0.579;7.545;NAN;pksmb,fast_gpps;
2008;J1832+27;NAN;NAN;NAN;NAN;56.479;16.252;278.04166667;27.96666667;0.631800;NAN;48.00;NAN;NAN;NAN;NAN;3.972;1.112;3.179;6.394;NAN;misc,ar327,lotaas,fast_gpps;
2009;J1832-0644;NAN;NAN;NAN;51489.00;24.806;1.070;278.17779167;-6.73383333;0.744295;3.71e-14;574.30;NAN;NAN;0.70;NAN;10.251;0.191;4.300;-0.804;NAN;pksmb,htru_pks;
2010;J1832-0827;-4.000;20.000;NAN;55397.00;23.272;0.298;278.15422083;-8.45102778;0.647326;6.39e-14;300.87;0.00;9.40;4.00;NAN;5.200;0.027;2.054;3.723;NAN;jb2,htru_pks,pksmb;
2011;J1832-0836;-7.988;-21.460;0.480;57138.00;23.109;0.257;278.11496870;-8.61528710;0.002719;8.27e-21;28.19;NAN;NAN;0.92;NAN;2.083;0.009;0.818;6.584;XRS:[pb15];htru_pks;
2012;J1832-1021;NAN;NAN;NAN;49459.00;21.587;-0.597;278.17027782;-10.35910417;0.330354;4.20e-15;474.14;0.01;3.40;1.90;NAN;4.690;-0.049;1.725;4.139;NAN;jb2,htru_pks,pks70,pksmb;
2013;J1832-28;NAN;NAN;NAN;51064.30;5.142;-8.897;278.12500000;-28.71666667;0.199300;NAN;127.00;NAN;NAN;NAN;NAN;8.167;-1.263;0.723;0.464;NAN;pkssw;
2014;J1833-0209;NAN;NAN;NAN;56614.00;28.918;3.094;278.27254583;-2.15455556;0.291931;2.75e-15;326.10;NAN;NAN;0.06;NAN;13.414;0.724;6.477;-3.224;NAN;htru_pks,fast_gpps;
2015;J1833-0338;-17.340;15.000;0.400;56000.00;27.657;2.272;278.42456042;-3.65118278;0.686733;4.16e-14;234.54;0.00;89.00;2.80;NAN;2.300;0.091;1.067;6.464;NAN;jb1,gb3,htru_pks,mol2,pks70,pksmb;
2016;J1833-0556;NAN;NAN;NAN;52166.00;25.623;1.232;278.41200000;-5.93472222;1.521545;1.27e-15;461.00;NAN;NAN;0.20;NAN;9.389;0.202;4.059;0.036;NAN;pksmb,htru_pks;
2017;J1833-0559;NAN;NAN;NAN;51719.00;25.514;1.321;278.28166667;-5.99027778;0.483459;1.23e-14;346.70;0.18;NAN;0.60;NAN;6.829;0.157;2.941;2.339;NAN;pksmb,htru_pks;
2018;J1833-0827;-33.491;1.829;NAN;55402.00;23.386;0.063;278.41778333;-8.45877778;0.085288;9.18e-15;410.95;0.01;NAN;6.90;NAN;4.500;0.005;1.786;4.370;XRS:PWN[eit+11];jb2,htru_pks,pksmb;
2019;J1833-0831;NAN;NAN;NAN;55274.00;23.340;0.020;278.43487500;-8.51880556;7.565408;3.43e-12;NAN;NAN;NAN;NAN;NAN;NAN;0.000;0.000;8.500;XRS:SGR_1833-0832;misc;
2020;J1833-1034;NAN;NAN;NAN;54575.00;21.501;-0.885;278.38987500;-10.56875000;0.061884;2.02e-13;169.50;NAN;NAN;0.07;NAN;4.100;-0.063;1.503;4.686;GRS:4FGL_J1833.5-1033[aab+22],SNR:G21.5-;misc;
2021;J1833-1055;NAN;NAN;NAN;51360.00;21.231;-1.140;278.49333333;-10.92527778;0.633640;5.27e-16;543.00;NAN;NAN;0.50;NAN;7.698;-0.153;2.787;1.326;NAN;pksmb,htru_pks;
2022;J1833-6023;NAN;NAN;NAN;43558.87;334.827;-21.195;278.31166667;-60.38444444;1.889436;2.70e-16;35.00;NAN;5.50;1.46;NAN;1.336;-0.483;-0.530;7.373;NAN;mol2,pks70,pkssw;
2023;J1834+10;NAN;NAN;NAN;NAN;40.638;8.608;278.61250000;10.73333333;1.172719;NAN;78.48;NAN;NAN;NAN;NAN;4.116;0.616;2.650;5.412;NAN;ar4,ar327,fast_gpps;
2024;J1834-0031;NAN;NAN;NAN;53030.00;30.570;3.449;278.71288750;-0.52619444;0.329532;4.49e-16;155.10;NAN;NAN;0.17;NAN;4.675;0.281;2.373;4.482;NAN;pksmb;
2025;J1834-0426;NAN;NAN;NAN;49714.00;27.042;1.749;278.60667774;-4.43773271;0.290108;7.19e-17;79.31;0.00;77.00;19.69;NAN;2.490;0.076;1.132;6.283;NAN;jb1,gb2,gb3,htru_pks,lotaas,mol2,pk;
2026;J1834-0602;NAN;NAN;NAN;51704.00;25.640;0.965;278.65820833;-6.04305556;0.487914;1.83e-15;445.00;NAN;NAN;0.80;NAN;6.337;0.107;2.742;2.788;NAN;pksmb,htru_pks;
2027;J1834-0633;NAN;NAN;NAN;52333.00;25.173;0.763;278.62187500;-6.55030556;0.317315;6.04e-16;707.00;NAN;NAN;0.28;NAN;8.355;0.111;3.553;0.939;NAN;pksmb,htru_pks;
2028;J1834-0731;NAN;NAN;NAN;55376.00;24.288;0.366;278.56654167;-7.51831389;0.512995;5.82e-14;288.30;0.12;NAN;1.30;NAN;4.071;0.026;1.674;4.789;NAN;pksmb,htru_pks;
2029;J1834-0742;NAN;NAN;NAN;52145.00;24.151;0.223;278.63050000;-7.70572222;0.788354;3.25e-14;552.00;NAN;NAN;0.35;NAN;4.909;0.019;2.008;4.021;NAN;pksmb,htru_pks;
2030;J1834-0812;NAN;NAN;NAN;55253.34;23.709;0.001;278.62416667;-8.20000000;0.491142;9.96e-15;1020.00;NAN;NAN;NAN;NAN;5.953;0.000;2.394;3.049;NAN;misc;
2031;J1834-0845;NAN;NAN;NAN;55783.00;23.250;-0.341;278.71715833;-8.76556111;2.482302;7.96e-12;NAN;NAN;NAN;NAN;NAN;NAN;-0.000;0.000;8.500;XRS:CXOU_J183452.1-084556,SNR:W41(?),GRS;misc;
2032;J1834-09;NAN;NAN;NAN;56657.00;22.789;-0.505;278.65000000;-9.25000000;0.512327;NAN;529.00;NAN;NAN;0.17;NAN;4.851;-0.043;1.879;4.028;NAN;htru_pks;
2033;J1834-1202;NAN;NAN;NAN;52366.00;20.287;-1.743;278.59633333;-12.04066667;0.610259;6.74e-18;342.40;NAN;NAN;0.70;NAN;6.117;-0.186;2.120;2.765;NAN;pksmb,htru_pks;
2034;J1834-1710;NAN;NAN;NAN;51892.00;15.768;-4.206;278.72250417;-17.18055556;0.358306;4.69e-17;123.80;NAN;NAN;0.70;NAN;3.406;-0.250;0.923;5.231;NAN;pksmb,htru_pks;
2035;J1834-1855;NAN;NAN;NAN;53108.00;14.189;-4.977;278.69141667;-18.93305556;1.465656;1.93e-15;185.20;NAN;NAN;0.39;NAN;8.116;-0.704;1.982;0.661;NAN;pksmb,htru_pks;
2036;J1835-0349;NAN;NAN;NAN;53125.00;27.681;1.858;278.80394167;-3.81941667;0.841865;3.06e-15;269.60;NAN;NAN;0.16;NAN;5.510;0.179;2.558;3.623;NAN;pksmb;
2037;J1835-0522;NAN;NAN;NAN;52331.00;26.296;1.164;278.78383333;-5.36888889;1.087749;4.73e-16;456.00;NAN;NAN;0.23;NAN;8.790;0.179;3.893;0.621;NAN;pksmb,htru_pks;
2038;J1835-0600;NAN;NAN;NAN;57733.00;25.758;0.829;278.83437500;-6.00000000;2.221787;8.43e-15;780.00;NAN;NAN;NAN;NAN;10.639;0.154;4.623;-1.081;NAN;htru_pks;
2039;J1835-0643;NAN;NAN;NAN;49533.00;25.093;0.552;278.77317417;-6.71843330;0.305830;4.05e-14;464.80;0.11;NAN;2.30;NAN;5.021;0.048;2.129;3.953;NAN;jb2,htru_pks,pksmb;
2040;J1835-0847;NAN;NAN;NAN;57653.00;23.331;-0.548;278.94050000;-8.78888889;0.846494;4.85e-16;850.00;NAN;NAN;0.40;NAN;6.143;-0.059;2.433;2.860;NAN;htru_pks;
2041;J1835-0924;NAN;NAN;NAN;51720.00;22.767;-0.804;278.90841667;-9.40750000;0.859192;2.14e-14;471.00;NAN;NAN;0.55;NAN;5.043;-0.071;1.951;3.850;NAN;pksmb,htru_pks;
2042;J1835-09242;NAN;NAN;NAN;56394.00;22.739;-0.744;278.84092500;-9.40441667;0.235249;1.18e-17;500.00;NAN;NAN;NAN;NAN;5.062;-0.066;1.956;3.832;NAN;htru_pks;
2043;J1835-0928;NAN;NAN;NAN;56395.00;22.684;-0.774;278.84258333;-9.46722222;0.621734;9.69e-16;450.00;NAN;NAN;NAN;NAN;4.881;-0.066;1.882;3.997;NAN;htru_pks;
2044;J1835-0944;NAN;NAN;NAN;55130.00;22.487;-0.989;278.94438750;-9.74088889;0.145347;4.38e-15;276.20;NAN;NAN;0.60;NAN;4.215;-0.073;1.612;4.606;NAN;pksmb,htru_pks;
2045;J1835-0946;NAN;NAN;NAN;53663.00;22.451;-0.999;278.93691667;-9.77722222;0.379536;4.32e-17;193.30;NAN;NAN;0.18;NAN;3.633;-0.063;1.387;5.143;NAN;pksmb,htru_pks;
2046;J1835-1020;25.000;4.000;NAN;54369.00;21.980;-1.302;278.98991000;-10.33458333;0.302450;5.92e-15;115.90;0.00;NAN;1.90;NAN;2.909;-0.066;1.089;5.803;NAN;pksmb,gbncc,htru_pks;
2047;J1835-1106;27.000;56.000;NAN;55429.00;21.222;-1.513;278.82670833;-11.10447222;0.165918;2.06e-14;132.68;0.00;30.00;2.50;NAN;3.159;-0.083;1.143;5.556;NAN;pks70,htru_pks,pksmb;
2048;J1835-1548;NAN;NAN;NAN;53140.00;17.094;-3.784;278.95970833;-15.81055556;0.670486;1.74e-15;327.00;NAN;NAN;0.06;NAN;19.573;-1.292;5.741;-10.168;NAN;pksmb;
2049;J1835-3259A;-5.480;-4.270;0.119;55196.00;1.532;-11.371;278.93333333;-32.99027778;0.003889;NAN;63.35;NAN;NAN;NAN;NAN;9.460;-1.865;0.248;-0.771;GC:NGC6652[drr11];misc;
2050;J1836+0915;NAN;NAN;NAN;59274.00;39.509;7.544;279.07913125;9.26046111;0.541178;1.46e-17;36.30;NAN;NAN;0.05;NAN;1.366;0.179;0.862;7.455;NAN;fast_crafts,fast_gpps;
2051;J1836+51;NAN;NAN;NAN;NAN;79.890;23.083;279.00000000;51.00000000;0.692000;NAN;44.40;NAN;NAN;NAN;NAN;5.258;2.061;4.762;7.651;NAN;gbncc;
2052;J1836+5925;NAN;NAN;NAN;56338.00;88.875;24.999;279.05697500;59.42504167;0.173264;1.50e-15;NAN;NAN;NAN;NAN;NAN;0.300;0.127;0.272;8.495;GRS:4FGL_J1836.2+5925[aab+22],XRS:RX_J18;FermiBlind;
2053;J1836-0436;-2.602;11.852;NAN;49532.00;27.167;1.130;279.21579339;-4.61046591;0.354237;1.66e-15;231.50;0.00;NAN;2.00;NAN;4.356;0.086;1.989;4.625;NAN;jb2,htru_pks,pksmb;
2054;J1836-0517;NAN;NAN;NAN;52156.00;26.510;0.915;279.10500000;-5.29305556;0.457245;1.30e-15;564.00;NAN;NAN;0.15;NAN;8.312;0.133;3.710;1.063;NAN;pksmb;
2055;J1836-1008;18.000;0.000;NAN;48880.00;22.263;-1.415;279.22469117;-10.13565277;0.562711;1.18e-14;316.98;0.00;54.00;4.80;NAN;5.365;-0.133;2.032;3.536;NAN;mol2,htru_pks,pks70,pksmb;
2056;J1836-11;NAN;NAN;NAN;56657.00;21.153;-1.768;279.02500000;-11.28333333;0.496193;NAN;326.00;NAN;NAN;0.12;NAN;6.066;-0.187;2.188;2.845;NAN;htru_pks;
2057;J1836-1324;NAN;NAN;NAN;53277.00;19.348;-2.910;279.21786250;-13.40933333;0.178756;1.04e-15;157.33;NAN;NAN;0.10;NAN;3.638;-0.185;1.204;5.072;NAN;pksmb,htru_pks;
2058;J1836-2354B;9.850;-5.620;0.306;55000.00;9.890;-7.554;279.10146250;-23.90797222;0.003232;-4.80e-22;93.30;NAN;NAN;0.04;0.04;3.300;-0.434;0.562;5.277;GC:M22(NGC6656);misc;
2059;J1837+0033g;NAN;NAN;NAN;59477.00;31.864;3.316;279.42125000;0.56280556;0.418131;2.27e-17;187.40;NAN;NAN;0.03;NAN;5.504;0.318;2.901;3.833;NAN;fast_gpps;
2060;J1837+0053;NAN;NAN;NAN;53094.00;32.129;3.511;279.36854167;0.88694444;0.473513;3.77e-17;122.50;NAN;NAN;0.34;NAN;4.219;0.258;2.240;4.934;NAN;pksmb,fast_gpps;
2061;J1837+10;NAN;NAN;NAN;NAN;40.947;8.061;279.25000000;10.76666667;1.707000;NAN;54.00;NAN;NAN;NAN;NAN;1.992;0.279;1.293;7.010;NAN;pumps;
2062;J1837+1221;NAN;NAN;NAN;51650.00;42.411;8.738;279.27966667;12.36500000;1.963532;6.20e-15;100.60;NAN;NAN;0.50;NAN;6.603;1.003;4.402;3.681;NAN;pkssw,misc,fast_gpps;
2063;J1837-0045;NAN;NAN;NAN;51019.00;30.675;2.749;279.38397379;-0.75293654;0.617037;1.68e-15;86.90;NAN;10.00;0.50;NAN;3.141;0.151;1.601;5.802;NAN;pks70,gbncc,pksmb,fast_gpps;
2064;J1837-0219;NAN;NAN;NAN;59316.00;29.286;2.009;279.40634583;-2.32533333;0.272349;2.19e-15;306.33;NAN;NAN;0.04;NAN;6.650;0.233;3.251;2.704;NAN;fast_crafts;
2065;J1837-0559;NAN;NAN;NAN;55470.00;26.001;0.379;279.34855000;-5.99127778;0.201064;3.31e-15;319.50;NAN;NAN;0.58;NAN;4.315;0.029;1.892;4.622;NAN;pksmb,htru_pks;
2066;J1837-0604;NAN;NAN;NAN;56524.00;25.960;0.265;279.43145833;-6.08027778;0.096313;4.49e-14;462.00;0.06;NAN;0.75;NAN;4.779;0.022;2.092;4.203;GRS:4FGL_J1837.8-0604[saa+23];pksmb,FermiBlind,htru_pks;
2067;J1837-0653;NAN;NAN;NAN;49480.00;25.191;0.002;279.31104310;-6.88392099;1.905809;7.72e-16;316.10;NAN;NAN;3.50;NAN;4.137;0.000;1.761;4.756;NAN;jb2,htru_pks,pksmb;
2068;J1837-1243;NAN;NAN;NAN;51494.00;19.983;-2.662;279.28920833;-12.73222222;1.876019;3.65e-14;300.00;NAN;NAN;0.17;NAN;8.268;-0.384;2.822;0.738;NAN;pksmb,htru_pks;
2069;J1837-1837;NAN;NAN;NAN;51500.00;14.807;-5.498;279.47604167;-18.61888889;0.618358;5.50e-15;100.74;NAN;NAN;0.40;NAN;3.232;-0.310;0.822;5.390;NAN;pkssw,htru_pks,pksmb;
2070;J1838+0022g;NAN;NAN;NAN;NAN;31.771;3.068;279.60000000;0.36666667;0.005090;NAN;122.60;NAN;NAN;0.03;NAN;4.071;0.218;2.140;5.044;NAN;fast_gpps;
2071;J1838+0027g;NAN;NAN;NAN;NAN;31.824;3.147;279.55416667;0.45000000;0.054130;NAN;205.90;NAN;NAN;0.01;NAN;5.802;0.318;3.055;3.578;NAN;fast_gpps;
2072;J1838+0044g;NAN;NAN;NAN;NAN;32.073;3.283;279.54583333;0.73333333;2.203170;NAN;228.10;NAN;NAN;0.07;NAN;6.862;0.393;3.638;2.695;NAN;fast_gpps;
2073;J1838+1523;NAN;NAN;NAN;56675.00;45.347;9.694;279.69491667;15.39038889;0.549161;2.03e-17;68.26;NAN;NAN;NAN;NAN;3.514;0.592;2.464;6.066;NAN;misc,ar327,fast_gpps;
2074;J1838+1650;NAN;NAN;NAN;51602.00;46.667;10.331;279.67942500;16.83779167;1.901967;2.68e-15;32.95;NAN;2.60;NAN;NAN;1.541;0.276;1.103;7.460;NAN;ar4,lotaas;
2075;J1838+50;NAN;NAN;NAN;NAN;79.823;22.739;279.50000000;50.85000000;2.577223;NAN;21.81;NAN;NAN;NAN;NAN;1.704;0.659;1.547;8.222;NAN;chime;
2076;J1838-01;NAN;NAN;NAN;51869.10;30.550;2.414;279.62500000;-1.01666667;0.183295;NAN;312.00;NAN;NAN;0.30;NAN;7.526;0.317;3.822;2.024;NAN;pksmb,fast_gpps;
2077;J1838-0107;NAN;NAN;NAN;56489.00;30.467;2.327;279.66426250;-1.13017778;0.444426;5.46e-18;270.10;NAN;NAN;0.05;NAN;6.126;0.249;3.104;3.224;NAN;htru_pks,fast_gpps;
2078;J1838-0453;NAN;NAN;NAN;55339.00;27.070;0.708;279.54750000;-4.89036667;0.380866;1.16e-13;617.20;NAN;NAN;0.40;NAN;6.629;0.082;3.017;2.598;NAN;pksmb,htru_pks;
2079;J1838-0537;NAN;NAN;NAN;56251.00;26.508;0.209;279.73341667;-5.61916667;0.145754;4.51e-13;NAN;NAN;NAN;NAN;NAN;NAN;0.000;0.000;8.500;GRS:4FGL_J1838.9-0537[aab+22];FermiBlind;
2080;J1838-0549;NAN;NAN;NAN;55473.00;26.295;0.183;279.65860417;-5.82002778;0.235311;3.34e-14;276.60;NAN;NAN;0.42;NAN;4.061;0.013;1.799;4.859;NAN;pksmb,htru_pks;
2081;J1838-0624;NAN;NAN;NAN;51875.00;25.792;-0.140;279.71575000;-6.41500000;0.927178;7.74e-17;424.00;NAN;NAN;0.16;NAN;4.545;-0.011;1.978;4.408;NAN;pksmb;
2082;J1838-0655;NAN;NAN;NAN;54522.00;25.246;-0.196;279.51304167;-6.92594444;0.070498;4.92e-14;NAN;NAN;NAN;NAN;NAN;6.600;-0.023;2.815;2.530;XRS:AX_J1838.0-0655,GRS:HESS_J1837-069;misc;
2083;J1838-1046;NAN;NAN;NAN;51493.00;21.862;-2.049;279.61033333;-10.78250000;1.218354;3.08e-15;209.30;NAN;NAN;0.50;NAN;4.135;-0.148;1.539;4.665;NAN;pksmb,gbncc,htru_pks;
2084;J1838-1849;NAN;NAN;NAN;55991.90;14.686;-5.734;279.64079167;-18.83305556;0.488242;4.00e-17;169.90;NAN;NAN;0.40;NAN;8.397;-0.839;2.118;0.418;NAN;pksmb;
2085;J1839-0141;NAN;NAN;NAN;55467.00;30.014;1.965;279.77910333;-1.69888889;0.933266;5.94e-15;293.20;NAN;NAN;NAN;NAN;6.074;0.208;3.036;3.244;NAN;pksmb;
2086;J1839-0223;NAN;NAN;NAN;56488.00;29.500;1.461;279.99180000;-2.38597222;1.266790;4.76e-15;336.80;NAN;NAN;0.11;NAN;6.228;0.159;3.066;3.081;NAN;htru_pks,fast_gpps;
2087;J1839-0321;NAN;NAN;NAN;55522.00;28.601;1.095;279.90633333;-3.35300000;0.238782;1.25e-14;450.50;0.01;NAN;0.27;NAN;7.850;0.150;3.757;1.609;NAN;pksmb;
2088;J1839-0332;NAN;NAN;NAN;56491.00;28.462;0.934;279.98576250;-3.54961111;2.675682;4.76e-15;195.10;NAN;NAN;NAN;NAN;4.042;0.066;1.926;4.947;NAN;htru_pks;
2089;J1839-0402;NAN;NAN;NAN;51487.00;28.016;0.730;279.96275000;-4.04025000;0.520940;7.69e-15;236.60;NAN;NAN;0.21;NAN;4.230;0.054;1.987;4.766;NAN;pksmb,htru_pks;
2090;J1839-0436;NAN;NAN;NAN;53190.00;27.407;0.654;279.75026667;-4.61597222;0.149461;8.10e-16;292.70;NAN;NAN;0.23;NAN;4.483;0.051;2.063;4.520;NAN;pksmb,htru_pks;
2091;J1839-0459;NAN;NAN;NAN;51426.00;27.147;0.321;279.92757917;-4.99966667;0.585319;3.31e-15;237.00;NAN;NAN;0.30;NAN;3.945;0.022;1.800;4.990;NAN;pksmb,htru_pks;
2092;J1839-0627;NAN;NAN;NAN;51361.00;25.807;-0.266;279.83525000;-6.45944444;0.484914;1.32e-16;92.49;NAN;NAN;0.29;NAN;2.531;-0.012;1.102;6.221;NAN;pksmb,gbncc,htru_pks;
2093;J1839-0643;NAN;NAN;NAN;51368.00;25.547;-0.350;279.79084583;-6.72922222;0.449548;3.64e-15;493.50;0.05;NAN;1.60;NAN;4.804;-0.029;2.072;4.166;NAN;pksmb,htru_pks;
2094;J1839-0905;NAN;NAN;NAN;54979.00;23.533;-1.591;279.97275000;-9.08725000;0.418975;2.60e-14;344.50;NAN;NAN;0.22;NAN;6.827;-0.190;2.725;2.243;NAN;pksmb,htru_pks;
2095;J1839-1238;NAN;NAN;NAN;53035.00;20.347;-3.180;279.93211667;-12.64463889;1.911428;4.95e-15;169.80;NAN;NAN;0.37;NAN;3.976;-0.221;1.380;4.778;NAN;pksmb,htru_pks;
2096;J1840+0012g;NAN;NAN;NAN;NAN;31.899;2.454;280.20416667;0.20000000;0.005340;NAN;100.90;NAN;NAN;0.17;NAN;3.515;0.151;1.856;5.519;NAN;fast_gpps;
2097;J1840+0214;NAN;NAN;NAN;53129.00;33.696;3.443;280.14202917;2.24852778;0.797478;8.29e-15;182.40;NAN;NAN;0.07;NAN;5.846;0.351;3.237;3.645;NAN;pksmb,fast_gpps;
2098;J1840+5640;-31.210;-29.100;0.690;56000.00;86.078;23.819;280.18557167;56.68190333;1.652862;1.49e-15;26.77;0.00;21.00;4.00;NAN;1.580;0.638;1.442;8.401;NAN;misc,gb4,gbncc,lotaas;
2099;J1840-0245g;NAN;NAN;NAN;NAN;29.207;1.236;280.05833333;-2.75000000;1.502000;NAN;277.00;NAN;NAN;NAN;NAN;5.020;0.108;2.449;4.119;NAN;fast_gpps;
2100;J1840-0445;NAN;NAN;NAN;57053.00;27.486;0.203;280.18958333;-4.75222222;0.422316;1.13e-14;379.00;NAN;NAN;0.37;NAN;4.557;0.016;2.103;4.457;NAN;htru_pks;
2101;J1840-0559;NAN;NAN;NAN;52418.00;26.345;-0.281;280.09658333;-5.98783333;0.859368;9.60e-15;319.10;0.02;NAN;0.31;NAN;4.225;-0.021;1.875;4.714;NAN;pksmb,htru_pks;
2102;J1840-0626;NAN;NAN;NAN;54211.20;25.933;-0.461;280.06795833;-6.43761111;1.893353;2.30e-14;748.00;NAN;NAN;0.16;NAN;5.728;-0.046;2.505;3.349;NAN;pksmb;
2103;J1840-0753;NAN;NAN;NAN;54803.90;24.698;-1.242;280.19833333;-7.89222222;0.437869;1.00e-16;691.00;NAN;NAN;0.37;NAN;14.291;-0.310;5.970;-4.481;NAN;pksmb,htru_pks;
2104;J1840-0809;NAN;NAN;NAN;57600.00;24.441;-1.308;280.13902083;-8.15100556;0.955673;2.35e-15;349.80;NAN;NAN;2.50;NAN;5.745;-0.131;2.376;3.271;NAN;pksmb,htru_pks;
2105;J1840-0815;NAN;NAN;NAN;57600.00;24.314;-1.283;280.05731667;-8.25246667;1.096441;2.43e-15;233.20;NAN;NAN;1.90;NAN;4.195;-0.094;1.727;4.678;NAN;pksmb,htru_pks;
2106;J1840-0840;NAN;NAN;NAN;53278.00;24.010;-1.616;280.21625000;-8.67472222;5.309377;2.37e-14;285.20;NAN;NAN;1.72;NAN;5.450;-0.154;2.217;3.524;NAN;pksmb,gbncc,htru_pks;
2107;J1840-1122;NAN;NAN;NAN;52287.00;21.559;-2.745;280.10027500;-11.36963889;0.940962;6.41e-15;311.00;NAN;NAN;0.13;NAN;9.981;-0.478;3.663;-0.772;NAN;pksmb,htru_pks;
2108;J1840-1207;NAN;NAN;NAN;53038.00;20.940;-3.197;280.22409167;-12.12572222;0.754470;3.20e-15;290.90;NAN;NAN;0.22;NAN;10.765;-0.600;3.841;-1.538;NAN;pksmb,htru_pks;
2109;J1840-1419;NAN;NAN;NAN;55074.90;18.944;-4.119;280.13766667;-14.31847222;6.597563;6.35e-15;19.40;NAN;NAN;NAN;NAN;0.721;-0.052;0.233;7.820;NAN;pksmb;
2110;J1841+0912;-12.000;38.000;NAN;48266.00;40.078;6.278;280.48316578;9.20204287;0.381319;1.09e-15;49.10;0.00;20.00;1.70;NAN;1.663;0.182;1.064;7.235;NAN;mol2,ar3,gb3,gb4,lotaas,pkssw,fast_;
2111;J1841-0157;NAN;NAN;NAN;52163.00;30.099;1.216;280.48419583;-1.96516667;0.663321;1.81e-14;475.00;NAN;NAN;0.81;NAN;7.930;0.168;3.976;1.641;NAN;pksmb,htru_pks,fast_gpps;
2112;J1841-0310;NAN;NAN;NAN;52353.00;28.968;0.776;280.35787500;-3.17250000;1.657656;3.35e-16;216.00;NAN;NAN;0.15;NAN;4.170;0.057;2.019;4.852;NAN;pksmb,htru_pks;
2113;J1841-0345;NAN;NAN;NAN;51646.00;28.424;0.437;280.41116667;-3.81183333;0.204068;5.79e-14;194.32;0.00;NAN;2.07;NAN;3.776;0.029;1.797;5.179;NAN;misc,htru_pks,pksmb;
2114;J1841-04;NAN;NAN;NAN;NAN;27.490;0.090;280.29166667;-4.80000000;NAN;NAN;29.00;NAN;NAN;NAN;NAN;0.993;0.002;0.458;7.619;NAN;misc;
2115;J1841-0425;9.483;-6.788;NAN;53900.00;27.818;0.279;280.27359583;-4.42208333;0.186149;6.39e-15;325.49;0.00;2.60;3.30;NAN;4.399;0.021;2.053;4.609;NAN;jb2,htru_pks,pksmb;
2116;J1841-0456;NAN;NAN;NAN;55585.00;27.387;-0.007;280.33059583;-4.93643333;11.788978;4.09e-11;NAN;NAN;NAN;NAN;NAN;9.600;-0.001;4.416;-0.024;SNR:Kes73,XRS:1E_1841-045;misc;
2117;J1841-0500;NAN;NAN;NAN;56573.00;27.323;-0.034;280.32558333;-5.00541667;0.912916;3.48e-14;532.00;4.12;NAN;NAN;5.40;4.969;-0.003;2.281;4.085;NAN;misc,htru_pks;
2118;J1841-0524;NAN;NAN;NAN;55372.00;27.024;-0.333;280.45550000;-5.40819444;0.445810;2.33e-13;284.50;NAN;NAN;0.20;NAN;4.125;-0.024;1.874;4.825;GRS:[sbc+19];pksmb,FermiAssoc,htru_pks;
2119;J1841-1404;NAN;NAN;NAN;53173.00;19.277;-4.227;280.39291667;-14.07194444;1.334557;6.41e-16;267.00;NAN;NAN;0.18;NAN;14.207;-1.047;4.678;-4.874;NAN;pksmb;
2120;J1841-7845;NAN;NAN;NAN;53150.00;315.460;-26.082;280.35791667;-78.75416667;0.353603;1.60e-16;41.00;NAN;NAN;0.40;NAN;2.459;-1.081;-1.549;6.926;NAN;pkssw;
2121;J1842+0114g;NAN;NAN;NAN;NAN;32.979;2.614;280.55416667;1.23333333;4.140000;NAN;307.00;NAN;NAN;NAN;NAN;7.884;0.360;4.287;1.893;NAN;fast_gpps;
2122;J1842+0257;NAN;NAN;NAN;53040.00;34.558;3.336;280.62887500;2.96633333;3.088256;2.96e-14;148.10;NAN;NAN;0.26;NAN;5.039;0.293;2.853;4.357;NAN;pksmb,gbncc,fast_gpps;
2123;J1842+0358;NAN;NAN;NAN;53108.00;35.434;3.846;280.57092500;3.97647222;0.233326;8.11e-16;106.70;NAN;NAN;0.09;NAN;4.224;0.283;2.443;5.066;NAN;pksmb,fast_gpps;
2124;J1842+0638;NAN;NAN;NAN;53125.00;37.801;5.075;280.54167500;6.63750000;0.313016;7.60e-17;214.40;NAN;NAN;0.21;NAN;16.256;1.438;9.925;-4.294;NAN;pksmb,fast_gpps;
2125;J1842+1332;NAN;NAN;NAN;51650.00;44.054;8.074;280.62483333;13.53375000;0.471604;2.29e-16;102.50;NAN;NAN;1.00;NAN;6.430;0.903;4.427;3.925;NAN;pkssw,fast_gpps;
2126;J1842-0153;NAN;NAN;NAN;51432.00;30.283;1.022;280.74112500;-1.89075000;1.054228;6.72e-15;426.80;0.03;NAN;0.60;NAN;6.870;0.123;3.464;2.568;NAN;pksmb,fast_gpps;
2127;J1842-0309;NAN;NAN;NAN;52493.00;29.078;0.584;280.57925000;-3.16277778;0.404920;4.52e-15;955.00;NAN;NAN;0.25;NAN;8.642;0.088;4.200;0.948;NAN;pksmb,htru_pks;
2128;J1842-0359;NAN;NAN;NAN;57600.00;28.347;0.174;280.61037500;-4.00042222;1.839945;5.08e-16;195.98;0.00;18.70;4.40;NAN;3.711;0.011;1.762;5.234;NAN;jb2,htru_pks,pksmb;
2129;J1842-0415;NAN;NAN;NAN;51589.00;28.086;0.111;280.54703750;-4.26061111;0.526682;2.19e-14;183.78;NAN;NAN;0.35;NAN;3.605;0.007;1.697;5.320;NAN;misc,htru_pks,pksmb;
2130;J1842-0612;NAN;NAN;NAN;52402.00;26.413;-0.898;280.67937500;-6.21000000;0.564475;2.20e-17;485.00;NAN;NAN;0.54;NAN;5.726;-0.090;2.547;3.372;NAN;pksmb,htru_pks;
2131;J1842-0800;NAN;NAN;NAN;56611.00;24.829;-1.766;280.72892917;-8.01486111;1.255469;1.94e-16;188.60;NAN;NAN;0.10;NAN;3.946;-0.122;1.656;4.920;NAN;htru_pks;
2132;J1842-0905;NAN;NAN;NAN;55392.00;23.809;-2.137;280.59229167;-9.09166667;0.344646;1.05e-14;343.40;0.00;NAN;1.04;NAN;9.712;-0.362;3.918;-0.379;NAN;pksmb,htru_pks;
2133;J1842-27;NAN;NAN;NAN;54794.00;6.745;-10.465;280.50833333;-27.97194444;0.815269;NAN;62.00;NAN;NAN;NAN;NAN;2.573;-0.467;0.297;5.987;NAN;htru_pks;
2134;J1842-39;NAN;NAN;NAN;NAN;356.427;-14.980;280.50000000;-39.00000000;0.374000;NAN;47.60;NAN;NAN;NAN;NAN;1.974;-0.510;-0.119;6.597;NAN;gbncc;
2135;J1843+0119;NAN;NAN;NAN;58575.00;33.195;2.392;280.84958333;1.32419444;1.266998;3.76e-15;250.10;NAN;NAN;0.06;NAN;6.032;0.252;3.300;3.457;NAN;palfa,fast_gpps;
2136;J1843+2024;NAN;NAN;NAN;53064.00;50.444;10.846;280.85908333;20.41516667;3.406539;1.04e-15;85.30;NAN;0.37;NAN;NAN;6.027;1.134;4.564;4.730;NAN;ar4,fast_gpps;
2137;J1843-0000;NAN;NAN;NAN;57600.00;32.013;1.768;280.86652083;-0.01152778;0.880334;7.77e-15;101.50;NAN;NAN;3.80;NAN;3.328;0.103;1.763;5.679;NAN;pksmb,gbncc,palfa,fast_gpps;
2138;J1843-0050;NAN;NAN;NAN;51462.00;31.295;1.360;280.90300000;-0.83611111;0.782598;2.49e-16;511.80;NAN;NAN;0.24;NAN;8.380;0.199;4.352;1.341;NAN;pksmb,fast_gpps;
2139;J1843-0051g;NAN;NAN;NAN;NAN;31.274;1.371;280.88333333;-0.85000000;0.580000;NAN;573.00;NAN;NAN;NAN;NAN;10.348;0.248;5.370;-0.342;NAN;fast_gpps;
2140;J1843-0137;NAN;NAN;NAN;52490.00;30.543;1.087;280.80262500;-1.62952778;0.669872;2.47e-15;484.80;NAN;NAN;0.26;NAN;7.647;0.145;3.885;1.915;NAN;pksmb,fast_gpps;
2141;J1843-0211;NAN;NAN;NAN;52608.00;30.084;0.768;280.87636667;-2.18411111;2.027524;1.44e-14;441.70;NAN;NAN;0.93;NAN;5.930;0.079;2.972;3.369;NAN;pksmb,htru_pks,fast_gpps;
2142;J1843-0355;NAN;NAN;NAN;55402.00;28.484;0.056;280.77776250;-3.93238889;0.132314;1.04e-15;797.70;NAN;NAN;0.89;NAN;5.798;0.006;2.765;3.404;NAN;pksmb,htru_pks;
2143;J1843-0408;NAN;NAN;NAN;52353.00;28.374;-0.172;280.93100000;-4.13444444;0.781934;2.39e-15;246.00;NAN;NAN;0.17;NAN;3.983;-0.012;1.893;4.996;NAN;pksmb,htru_pks;
2144;J1843-0459;NAN;NAN;NAN;51719.00;27.581;-0.505;280.86517917;-4.99177778;0.754963;8.54e-16;444.10;NAN;NAN;1.90;NAN;4.887;-0.043;2.263;4.169;NAN;pksmb,htru_pks;
2145;J1843-0510;NAN;NAN;NAN;56514.00;27.391;-0.520;280.79055000;-5.16791667;0.671614;3.89e-15;257.00;NAN;NAN;0.07;NAN;4.068;-0.037;1.871;4.888;NAN;htru_pks;
2146;J1843-0702;NAN;NAN;NAN;55380.00;25.741;-1.426;280.84349583;-7.04850000;0.191615;2.14e-15;228.60;NAN;NAN;0.27;NAN;4.284;-0.107;1.860;4.642;NAN;pksmb,htru_pks;
2147;J1843-0744;NAN;NAN;NAN;54274.10;25.092;-1.680;280.77286250;-7.74169444;0.475393;1.33e-14;321.00;NAN;NAN;0.17;NAN;7.052;-0.207;2.989;2.116;NAN;pksmb,htru_pks;
2148;J1843-0757;NAN;NAN;NAN;58743.00;24.951;-1.880;280.88775000;-7.95916667;2.031940;4.13e-15;254.00;NAN;NAN;NAN;NAN;5.009;-0.164;2.112;3.961;NAN;meerkat_trapum;
2149;J1843-08;NAN;NAN;NAN;NAN;24.882;-1.836;280.81666667;-8.00000000;2.031962;NAN;256.00;NAN;NAN;0.09;NAN;5.008;-0.160;2.106;3.959;NAN;pksmb;
2150;J1843-0806;NAN;NAN;NAN;52608.00;24.806;-1.934;280.86964583;-8.11247222;0.536414;1.74e-14;215.80;NAN;NAN;0.36;NAN;4.314;-0.146;1.809;4.586;NAN;pksmb,htru_pks;
2151;J1843-1113;-1.990;-3.000;0.800;55000.00;22.055;-3.397;280.92192474;-11.22529678;0.001846;9.56e-21;59.96;NAN;NAN;0.10;NAN;1.300;-0.077;0.487;7.297;GRS:4FGL_J1843.7-1114[aab+22];pksmb,FermiBlind,htru_pks;
2152;J1843-1448;10.500;12.000;NAN;53934.00;18.782;-4.871;280.75572917;-14.80350278;0.005471;6.21e-21;114.54;NAN;NAN;0.49;NAN;3.473;-0.295;1.114;5.224;NAN;pksmb;
2153;J1843-1507;NAN;NAN;NAN;53095.00;18.559;-5.129;280.89002917;-15.11750000;0.583550;7.20e-15;215.50;NAN;NAN;0.17;NAN;12.018;-1.074;3.810;-2.847;NAN;pksmb,htru_pks;
2154;J1843-40;NAN;NAN;NAN;55873.00;355.011;-15.771;280.76250000;-40.56416667;0.324187;NAN;66.00;NAN;NAN;NAN;NAN;3.908;-1.062;-0.327;4.753;NAN;htru_pks;
2155;J1844+00;NAN;NAN;NAN;49717.00;32.624;1.880;281.04583333;0.58333333;0.460503;NAN;345.50;NAN;NAN;8.60;NAN;6.842;0.224;3.687;2.741;NAN;ar4,gbncc,palfa,pksmb,fast_gpps;
2156;J1844+0028g;NAN;NAN;NAN;NAN;32.580;1.740;281.15000000;0.48000000;0.003570;NAN;181.20;NAN;NAN;0.05;NAN;4.570;0.139;2.460;4.651;NAN;fast_gpps;
2157;J1844+1454;-9.000;45.000;NAN;49362.00;45.557;8.149;281.22872750;14.90392222;0.375463;1.87e-15;41.40;0.00;20.00;1.80;NAN;1.681;0.238;1.188;7.335;NAN;mol2,ar2,ar3,gb4,lotaas,pkssw,fast_;
2158;J1844+21;NAN;NAN;NAN;NAN;51.826;11.333;281.00000000;21.85000000;0.595900;NAN;28.00;NAN;NAN;NAN;NAN;1.563;0.307;1.205;7.553;NAN;pumps;
2159;J1844+41;NAN;NAN;NAN;NAN;70.472;18.685;281.18750000;41.28333333;0.915700;NAN;50.00;NAN;NAN;NAN;NAN;5.554;1.779;4.959;6.741;NAN;misc;
2160;J1844-0030;NAN;NAN;NAN;52632.00;31.710;1.271;281.17124583;-0.50716667;0.641098;6.08e-15;604.20;0.01;NAN;0.42;NAN;10.427;0.231;5.479;-0.368;NAN;pksmb,fast_gpps;
2161;J1844-0244;NAN;NAN;NAN;49610.00;29.727;0.235;281.18739664;-2.74470269;0.507722;1.67e-14;424.50;0.02;NAN;1.10;NAN;4.900;0.020;2.430;4.245;NAN;jb2,htru_pks,pksmb,fast_gpps;
2162;J1844-0256;NAN;NAN;NAN;51465.00;29.574;0.119;281.22083333;-2.93333333;0.272963;NAN;824.80;NAN;NAN;0.59;NAN;6.027;0.013;2.975;3.258;NAN;misc,htru_pks,pksmb,fast_gpps;
2163;J1844-03;NAN;NAN;NAN;49272.00;29.523;0.074;281.23750000;-3.00000000;6.971300;NAN;NAN;NAN;NAN;NAN;NAN;NAN;0.000;0.000;8.500;XRS:AX_J1845-0258,XRS:CXOU_J184454.6-025;misc;
2164;J1844-0302;NAN;NAN;NAN;56613.00;29.395;0.243;281.02882500;-3.03644444;1.198630;7.81e-15;543.80;NAN;NAN;0.12;NAN;5.297;0.022;2.600;3.885;NAN;htru_pks,fast_gpps;
2165;J1844-0310;NAN;NAN;NAN;51593.96;29.343;0.036;281.18950000;-3.17697222;0.525049;1.02e-14;836.10;NAN;NAN;0.53;NAN;5.972;0.004;2.927;3.294;NAN;misc,htru_pks,pksmb;
2166;J1844-0346;NAN;NAN;NAN;55716.00;28.787;-0.191;281.13704167;-3.77516667;0.112855;1.55e-13;NAN;NAN;NAN;NAN;NAN;NAN;-0.000;0.000;8.500;GRS:4FGL_J1844.4-0345[aab+22],XRS:1SXPS_;FermiBlind;
2167;J1844-0433;NAN;NAN;NAN;49626.00;28.096;-0.548;281.13938582;-4.55344812;0.991027;3.91e-15;123.16;0.00;8.10;1.10;NAN;3.075;-0.029;1.448;5.787;NAN;jb2,htru_pks,pks70,pksmb;
2168;J1844-0452;NAN;NAN;NAN;52471.00;27.752;-0.576;281.00641667;-4.87247222;0.269443;6.80e-16;626.00;NAN;NAN;0.19;NAN;5.684;-0.057;2.647;3.470;NAN;pksmb;
2169;J1844-0502;NAN;NAN;NAN;52608.00;27.670;-0.769;281.14150000;-5.03347222;0.335163;6.18e-17;318.00;NAN;NAN;0.40;NAN;4.579;-0.061;2.126;4.445;NAN;pksmb;
2170;J1844-0538;NAN;NAN;NAN;55410.00;27.073;-0.941;281.02133333;-5.64280556;0.255704;9.71e-15;411.71;0.01;NAN;3.20;NAN;5.404;-0.089;2.459;3.689;NAN;jb2,htru_pks,pksmb;
2171;J1845+0326g;NAN;NAN;NAN;NAN;35.337;2.840;281.42500000;3.43333333;0.968000;NAN;144.00;NAN;NAN;NAN;NAN;4.847;0.240;2.800;4.551;NAN;fast_gpps;
2172;J1845+0417g;NAN;NAN;NAN;NAN;36.078;3.259;281.38750000;4.28333333;1.697000;NAN;164.00;NAN;NAN;NAN;NAN;5.773;0.328;3.394;3.842;NAN;fast_gpps;
2173;J1845+0623;NAN;NAN;NAN;53095.00;37.923;4.308;281.28579167;6.39933333;1.421654;5.46e-16;115.00;NAN;NAN;0.33;NAN;5.017;0.377;3.075;4.554;NAN;pksmb,fast_gpps;
2174;J1845+21;NAN;NAN;NAN;NAN;51.925;11.123;281.25000000;21.85000000;3.755600;NAN;50.00;NAN;NAN;NAN;NAN;2.684;0.518;2.073;6.876;NAN;pumps;
2175;J1845-0008g;NAN;NAN;NAN;NAN;32.094;1.342;281.28333333;-0.13333333;1.268000;NAN;143.00;NAN;NAN;NAN;NAN;3.915;0.092;2.080;5.184;NAN;fast_gpps;
2176;J1845-0028g;NAN;NAN;NAN;NAN;31.859;1.071;281.41666667;-0.46666667;0.084500;NAN;301.00;NAN;NAN;0.01;NAN;5.337;0.100;2.817;3.968;NAN;fast_gpps;
2177;J1845-0316;NAN;NAN;NAN;51350.00;29.390;-0.255;281.47041667;-3.26805556;0.207636;8.86e-15;500.00;NAN;NAN;0.35;NAN;5.063;-0.023;2.485;4.089;NAN;misc,htru_pks,pksmb;
2178;J1845-0434;NAN;NAN;NAN;49610.00;28.193;-0.785;281.39462421;-4.57494968;0.486751;1.13e-14;230.80;NAN;NAN;2.92;NAN;4.096;-0.056;1.935;4.890;NAN;jb2,htru_pks,pksmb;
2179;J1845-0545;NAN;NAN;NAN;52608.00;27.150;-1.337;281.41037500;-5.75505556;1.092348;1.34e-14;315.90;NAN;NAN;0.47;NAN;5.471;-0.128;2.496;3.633;NAN;pksmb,htru_pks;
2180;J1845-0635;NAN;NAN;NAN;54844.50;26.348;-1.603;281.28085833;-6.58983333;0.340528;4.49e-15;414.00;NAN;NAN;0.36;NAN;9.407;-0.263;4.173;0.074;NAN;pksmb,htru_pks;
2181;J1845-0743;NAN;NAN;NAN;55336.00;25.428;-2.304;281.48826375;-7.72738056;0.104695;3.67e-16;280.93;NAN;2.50;3.00;NAN;7.114;-0.286;3.052;2.080;NAN;pksmb,htru_pks;
2182;J1845-0826;NAN;NAN;NAN;53112.00;24.693;-2.441;281.27372083;-8.44436111;0.634354;9.35e-15;228.20;NAN;NAN;0.33;NAN;5.012;-0.214;2.092;3.950;NAN;pksmb;
2183;J1845-1114;NAN;NAN;NAN;53036.00;22.276;-3.855;281.44074167;-11.23638889;0.206220;2.01e-15;206.70;NAN;NAN;0.52;NAN;6.717;-0.452;2.540;2.298;NAN;pksmb,htru_pks;
2184;J1845-1351;NAN;NAN;NAN;53112.00;19.860;-4.918;281.29791667;-13.86513889;2.618918;9.72e-15;197.40;NAN;NAN;0.33;NAN;9.173;-0.786;3.105;-0.096;NAN;pksmb;
2185;J1846+0051;NAN;NAN;NAN;52554.00;33.162;1.440;281.68258750;0.86083333;0.434373;1.12e-14;140.80;NAN;NAN;0.34;NAN;4.010;0.101;2.193;5.144;NAN;pksmb,fast_gpps;
2186;J1846+0919;NAN;NAN;NAN;55555.00;40.693;5.342;281.60833333;9.32944444;0.225552;9.93e-15;NAN;NAN;NAN;NAN;NAN;1.530;0.142;0.993;7.345;GRS:4FGL_J1846.3+0919[aab+22];FermiBlind;
2187;J1846-0257;NAN;NAN;NAN;53039.00;29.707;-0.198;281.56454167;-2.96000000;4.476723;1.61e-13;237.00;NAN;NAN;NAN;NAN;4.003;-0.014;1.984;5.023;NAN;pksmb;
2188;J1846-0258;NAN;NAN;NAN;54834.00;29.712;-0.240;281.60391667;-2.97502778;0.326571;7.11e-12;NAN;NAN;NAN;NAN;NAN;5.800;-0.024;2.875;3.463;SNR:Kes75,XRS:[hcg03],PWN:[hcg03],GRS:[k;misc;
2189;J1846-0749;NAN;NAN;NAN;53172.00;25.386;-2.431;281.58226667;-7.82261111;0.350110;1.26e-15;389.13;0.01;NAN;0.35;NAN;13.987;-0.593;5.991;-4.125;NAN;pksmb,htru_pks;
2190;J1846-07492;NAN;NAN;NAN;54283.70;25.366;-2.386;281.53332917;-7.82033333;0.861380;5.19e-15;190.80;NAN;NAN;0.19;NAN;4.220;-0.176;1.806;4.690;NAN;pksmb,gbncc,htru_pks;
2191;J1846-4249;NAN;NAN;NAN;55927.00;353.047;-17.123;281.50000000;-42.81666667;2.273000;NAN;62.00;NAN;NAN;0.20;NAN;3.744;-1.102;-0.433;4.948;NAN;htru_pks;
2192;J1846-7403;NAN;NAN;NAN;53000.00;320.674;-25.650;281.55741667;-74.05111111;4.878839;6.06e-15;97.00;NAN;NAN;2.90;NAN;25.000;-10.822;-14.282;-8.933;NAN;pkssw;
2193;J1847+01;NAN;NAN;NAN;59093.55;33.519;1.524;281.77083333;1.21666667;0.003463;NAN;20.10;NAN;NAN;NAN;NAN;0.893;0.024;0.493;7.756;NAN;palfa,fast_gpps;
2194;J1847+0110g;NAN;NAN;NAN;NAN;33.508;1.434;281.84583333;1.16666667;0.006530;NAN;183.40;NAN;NAN;0.04;NAN;4.582;0.115;2.529;4.681;NAN;fast_gpps;
2195;J1847+0133g;NAN;NAN;NAN;NAN;33.808;1.690;281.75416667;1.55000000;2.846910;NAN;193.80;NAN;NAN;0.01;NAN;4.858;0.143;2.702;4.465;NAN;fast_gpps;
2196;J1847+0614g;NAN;NAN;NAN;NAN;38.047;3.695;281.89166667;6.23333333;1.663020;NAN;273.00;NAN;NAN;0.05;NAN;16.828;1.085;10.350;-4.725;NAN;fast_gpps;
2197;J1847-0046g;NAN;NAN;NAN;NAN;31.833;0.463;281.94583333;-0.76666667;NAN;NAN;337.00;NAN;NAN;NAN;NAN;4.876;0.039;2.572;4.358;NAN;fast_gpps;
2198;J1847-0130;NAN;NAN;NAN;52353.00;31.147;0.167;281.89670833;-1.51277778;6.707046;1.27e-12;674.80;NAN;NAN;0.33;NAN;5.825;0.017;3.013;3.515;NAN;pksmb,fast_gpps;
2199;J1847-0402;-1.000;8.000;NAN;57600.00;28.876;-0.939;281.84517500;-4.03733333;0.597809;5.17e-14;141.98;0.00;75.00;4.90;NAN;3.419;-0.056;1.651;5.507;NAN;jb1,gb3,htru_pks,jb2,mol2,pks70,pks;
2200;J1847-0427;NAN;NAN;NAN;56611.00;28.487;-1.120;281.82858333;-4.46638889;0.259247;5.90e-18;188.30;NAN;NAN;NAN;NAN;3.966;-0.078;1.891;5.015;NAN;htru_pks;
2201;J1847-0438;NAN;NAN;NAN;51319.00;28.371;-1.268;281.90802083;-4.63758333;0.957991;1.09e-14;229.00;NAN;NAN;0.50;NAN;4.378;-0.097;2.080;4.649;NAN;pksmb,htru_pks;
2202;J1847-0443;NAN;NAN;NAN;52403.00;28.318;-1.361;281.96604167;-4.72672222;0.340832;2.83e-17;455.00;NAN;NAN;0.16;NAN;8.516;-0.202;4.039;1.005;NAN;pksmb,htru_pks;
2203;J1847-0605;NAN;NAN;NAN;51719.00;27.048;-1.867;281.83779583;-6.08725000;0.778164;4.65e-15;207.90;NAN;NAN;0.80;NAN;4.323;-0.141;1.965;4.652;NAN;pksmb,htru_pks;
2204;J1848+0127g;NAN;NAN;NAN;NAN;33.867;1.355;282.07916667;1.45000000;0.534020;NAN;77.70;NAN;NAN;0.04;NAN;2.475;0.059;1.379;6.445;NAN;fast_gpps;
2205;J1848+0150g;NAN;NAN;NAN;NAN;34.260;1.444;282.17916667;1.84000000;3.290150;NAN;503.30;NAN;NAN;0.01;NAN;10.091;0.254;5.679;0.162;NAN;fast_gpps;
2206;J1848+0351;NAN;NAN;NAN;54620.00;36.058;2.366;282.17600000;3.85991667;0.191443;6.73e-17;336.60;NAN;NAN;0.07;NAN;11.771;0.486;6.923;-1.008;NAN;palfa,fast_gpps;
2207;J1848+0604;NAN;NAN;NAN;51602.00;38.062;3.328;282.22759167;6.07966667;2.218603;3.74e-15;242.70;NAN;1.00;0.35;NAN;12.600;0.731;7.755;-1.404;NAN;ar4,pksmb,fast_gpps;
2208;J1848+0647;NAN;NAN;NAN;51824.00;38.701;3.646;282.23337500;6.79213889;0.505957;8.75e-15;27.90;NAN;2.30;0.17;NAN;1.128;0.072;0.704;7.621;NAN;ar4,lotaas,pksmb;
2209;J1848+0826;NAN;NAN;NAN;49079.50;40.154;4.437;282.18237500;8.44330556;0.328665;2.72e-16;90.30;NAN;2.80;0.11;NAN;3.840;0.297;2.469;5.574;NAN;ar3,pksmb,fast_gpps;
2210;J1848+12;NAN;NAN;NAN;51316.70;44.072;6.454;282.12500000;12.83333333;0.754730;NAN;128.50;NAN;NAN;NAN;NAN;8.241;0.926;5.696;2.617;NAN;pkssw,fast_gpps;
2211;J1848+1516;NAN;NAN;NAN;57655.00;46.328;7.443;282.23387500;15.27891667;2.233770;1.68e-15;73.40;NAN;1.50;NAN;NAN;3.211;0.416;2.303;6.301;NAN;misc,lotaas,fast_gpps;
2212;J1848+26;NAN;NAN;NAN;NAN;56.542;12.382;282.06250000;26.48333333;0.629000;NAN;64.00;NAN;NAN;NAN;NAN;4.897;1.050;3.991;5.863;NAN;pumps;
2213;J1848-0023;NAN;NAN;NAN;52522.00;32.267;0.447;282.15787500;-0.38805556;0.537624;1.61e-15;35.00;NAN;NAN;0.60;NAN;1.155;0.009;0.617;7.523;NAN;pksmb,gbncc,fast_gpps;
2214;J1848-0055;NAN;NAN;NAN;52353.00;31.798;0.171;282.18958333;-0.93138889;0.274557;1.35e-15;1162.80;NAN;NAN;0.19;NAN;7.399;0.022;3.899;2.212;NAN;pksmb,fast_gpps;
2215;J1848-0123;5.000;-26.000;NAN;53868.00;31.339;0.039;282.09828958;-1.39953611;0.659432;5.25e-15;159.50;0.00;79.00;15.00;NAN;4.400;0.003;2.288;4.742;NAN;misc,gbncc,jb1,jb2,mol2,pks70,pksmb;
2216;J1848-0511;NAN;NAN;NAN;52777.00;27.945;-1.659;282.06254167;-5.19388889;1.637129;8.86e-15;418.00;NAN;NAN;0.40;NAN;8.799;-0.255;4.122;0.730;NAN;pksmb,htru_pks;
2217;J1848-0601;NAN;NAN;NAN;53041.00;27.221;-2.054;282.08478750;-6.01880556;0.225004;2.87e-16;496.60;NAN;NAN;0.24;NAN;15.698;-0.563;7.176;-5.450;NAN;pksmb,htru_pks;
2218;J1848-1150;NAN;NAN;NAN;53040.00;22.009;-4.658;282.04920833;-11.83588889;2.6242;2.9e-15;163.40;NAN;NAN;0.21;NAN;5.647;-0.459;2.109;3.282;NAN;pksmb,htru_pks;
2219;J1848-1243;NAN;NAN;NAN;55595.00;21.224;-5.081;282.07510833;-12.72500000;0.414383;4.41e-16;91.96;NAN;NAN;NAN;NAN;3.149;-0.279;1.135;5.576;NAN;pksmb;
2220;J1848-1414;NAN;NAN;NAN;50866.00;19.903;-5.835;282.16314812;-14.23816322;0.297770;1.41e-17;134.47;0.00;13.00;0.60;NAN;5.268;-0.536;1.784;3.572;NAN;pks70,htru_pks,pkssw;
2221;J1848-1952;NAN;NAN;NAN;48695.00;14.772;-8.254;282.07514437;-19.87524559;4.308190;2.33e-14;18.23;NAN;17.00;NAN;NAN;0.751;-0.108;0.190;7.781;NAN;mol2,htru_pks,pkssw;
2222;J1849+0001g;NAN;NAN;NAN;59511.00;32.731;0.476;282.34398750;0.03805556;0.525650;1.31e-14;189.40;NAN;NAN;0.02;NAN;3.970;0.033;2.146;5.160;NAN;fast_gpps;
2223;J1849+0009g;NAN;NAN;NAN;59524.00;32.884;0.460;282.42779167;0.16677778;1.318431;8.78e-14;505.10;NAN;NAN;0.02;NAN;5.844;0.047;3.173;3.593;NAN;fast_gpps;
2224;J1849+0016g;NAN;NAN;NAN;NAN;33.002;0.449;282.49166667;0.26666667;0.001810;NAN;271.40;NAN;NAN;0.05;NAN;4.579;0.036;2.494;4.660;NAN;fast_gpps;
2225;J1849+0037g;NAN;NAN;NAN;NAN;33.256;0.720;282.36666667;0.61666667;0.396490;NAN;611.50;NAN;NAN;0.07;NAN;7.900;0.099;4.332;1.894;NAN;fast_gpps;
2226;J1849+0106;NAN;NAN;NAN;57016.00;33.744;0.841;282.48085000;1.10627778;1.832259;1.70e-14;216.80;NAN;NAN;0.02;NAN;4.587;0.067;2.548;4.686;NAN;palfa,fast_gpps;
2227;J1849+0127;NAN;NAN;NAN;51664.00;34.034;1.043;282.43408333;1.45638889;0.542155;2.80e-14;203.30;0.01;NAN;0.46;NAN;4.648;0.085;2.601;4.649;NAN;pksmb,palfa,fast_gpps;
2228;J1849+0225g;NAN;NAN;NAN;NAN;34.830;1.596;282.30416667;2.41666667;1.474520;NAN;267.70;NAN;NAN;0.01;NAN;5.875;0.164;3.354;3.679;NAN;fast_gpps;
2229;J1849+0339g;NAN;NAN;NAN;NAN;36.008;2.001;282.47916667;3.65000000;1.666720;NAN;350.00;NAN;NAN;0.06;NAN;9.929;0.347;5.834;0.473;NAN;fast_gpps;
2230;J1849+0409;NAN;NAN;NAN;53035.00;36.367;2.425;282.26446250;4.16175000;0.761194;2.16e-14;63.70;NAN;NAN;0.31;NAN;1.960;0.083;1.161;6.923;NAN;pksmb,palfa,fast_gpps;
2231;J1849+0430;NAN;NAN;NAN;58073.00;36.748;2.446;282.41850000;4.51022222;0.421126;1.14e-16;189.00;NAN;NAN;0.11;NAN;5.928;0.253;3.543;3.754;NAN;palfa,fast_gpps;
2232;J1849+0619g;NAN;NAN;NAN;NAN;38.349;3.286;282.39583333;6.31666667;2.011000;NAN;110.00;NAN;NAN;NAN;NAN;4.479;0.257;2.774;4.993;NAN;fast_gpps;
2233;J1849+2423;NAN;NAN;NAN;NAN;54.731;11.240;282.39448458;24.39610444;0.275641;1.53e-16;62.27;NAN;2.30;NAN;NAN;3.976;0.775;3.184;6.248;NAN;ar4,ar327,lotaas;
2234;J1849+2559;NAN;NAN;NAN;57785.00;56.238;11.866;282.44814583;25.99935000;0.519263;1.80e-16;75.00;NAN;0.50;NAN;NAN;6.068;1.248;4.937;5.200;NAN;lotaas,ar327,fast_gpps;
2235;J1849-0001;NAN;NAN;NAN;55885.00;32.638;0.527;282.25680000;-0.02151389;0.038523;1.42e-14;NAN;NAN;NAN;NAN;NAN;NAN;0.000;0.000;8.500;XRS:XMMU_J184901.6-000117,GRS:IGR_18490-;misc;
2236;J1849-0014g;NAN;NAN;NAN;59331.00;32.501;0.338;282.36248333;-0.22966667;0.491754;1.72e-14;346.50;NAN;NAN;0.15;NAN;4.875;0.029;2.619;4.389;NAN;fast_gpps;
2237;J1849-0019g;NAN;NAN;NAN;NAN;32.401;0.342;282.31250000;-0.31666667;0.911370;NAN;513.20;NAN;NAN;0.01;NAN;5.615;0.034;3.009;3.759;NAN;fast_gpps;
2238;J1849-0040;NAN;NAN;NAN;52633.00;32.075;0.198;282.29270833;-0.67222222;0.672481;1.11e-14;1282.90;NAN;NAN;0.20;NAN;7.939;0.027;4.216;1.773;NAN;pksmb,fast_gpps;
2239;J1849-0317;NAN;NAN;NAN;51720.00;29.834;-1.173;282.49104167;-3.29194444;0.668408;2.20e-14;40.00;NAN;NAN;0.70;NAN;1.212;-0.025;0.603;7.449;NAN;pksmb,gbncc,htru_pks;
2240;J1849-0614;NAN;NAN;NAN;52417.00;27.182;-2.469;282.43815417;-6.24208333;0.953384;5.39e-14;118.20;NAN;NAN;0.59;NAN;3.504;-0.151;1.599;5.386;NAN;pksmb,gbncc,htru_pks;
2241;J1849-0636;NAN;NAN;NAN;48736.00;26.773;-2.497;282.27681528;-6.61858543;1.451319;4.62e-14;148.17;0.00;26.00;1.40;NAN;3.850;-0.168;1.733;5.066;NAN;jb1,gb3,htru_pks,mol2,pks70,pksmb;
2242;J1850+0011g;NAN;NAN;NAN;NAN;32.939;0.389;282.51666667;0.18333333;0.167540;NAN;506.50;NAN;NAN;0.03;NAN;5.726;0.039;3.113;3.695;NAN;fast_gpps;
2243;J1850+0026;NAN;NAN;NAN;51353.00;33.246;0.353;282.68810000;0.44044444;1.081844;3.59e-16;201.20;0.00;NAN;1.50;NAN;4.045;0.025;2.218;5.117;NAN;pksmb,gbncc;
2244;J1850+0423;NAN;NAN;NAN;54600.00;36.718;2.231;282.59762500;4.38588889;0.290716;9.14e-17;265.80;NAN;NAN;0.20;NAN;8.234;0.321;4.919;1.905;NAN;palfa,fast_gpps;
2245;J1850+1335;-15.690;-3.719;NAN;49722.00;44.990;6.339;282.64780660;13.59955384;0.345582;1.49e-15;60.10;NAN;6.00;0.80;NAN;2.165;0.239;1.521;6.978;NAN;gb3,ar3,lotaas,pksmb,pkssw,fast_gpp;
2246;J1850+15;NAN;NAN;NAN;54831.00;46.688;7.292;282.53750000;15.53333333;1.383965;NAN;21.10;NAN;NAN;NAN;NAN;1.110;0.141;0.801;7.745;NAN;pkssw,fast_gpps;
2247;J1850-0002g;NAN;NAN;NAN;59396.00;32.740;0.295;282.50975000;-0.03602778;0.893355;6.46e-15;541.70;NAN;NAN;0.06;NAN;5.710;0.029;3.088;3.697;NAN;fast_gpps;
2248;J1850-0004g;NAN;NAN;NAN;NAN;32.718;0.271;282.52083333;-0.06666667;NAN;NAN;154.00;NAN;NAN;NAN;NAN;3.571;0.017;1.930;5.496;NAN;fast_gpps;
2249;J1850-0006;NAN;NAN;NAN;54274.60;32.764;0.093;282.69970833;-0.10725000;2.191498;4.32e-15;630.00;0.26;NAN;0.80;NAN;5.831;0.009;3.156;3.597;SNR:G32.45+0.1(?);pksmb,fast_gpps;
2250;J1850-0020g;NAN;NAN;NAN;59331.00;32.465;0.157;282.50690833;-0.34366667;1.574737;2.40e-14;602.30;NAN;NAN;0.07;NAN;5.747;0.016;3.085;3.651;NAN;fast_gpps;
2251;J1850-0026;NAN;NAN;NAN;54263.70;32.407;0.066;282.56130833;-0.43655556;0.166634;3.91e-14;947.00;0.05;NAN;1.77;NAN;6.711;0.008;3.597;2.834;NAN;pksmb,fast_gpps;
2252;J1850-0031;NAN;NAN;NAN;52015.00;32.369;-0.041;282.63912500;-0.51916667;0.734185;1.26e-15;895.00;NAN;NAN;0.23;NAN;6.502;-0.005;3.481;3.008;NAN;pksmb,fast_gpps;
2253;J1851+00;NAN;NAN;NAN;58902.07;33.034;0.166;282.75833333;0.16666667;0.022847;NAN;107.60;NAN;NAN;NAN;NAN;2.976;0.009;1.622;6.005;NAN;palfa,fast_gpps;
2254;J1851+0051g;NAN;NAN;NAN;NAN;33.714;0.337;282.91666667;0.85000000;4.027000;NAN;575.00;NAN;NAN;NAN;NAN;6.053;0.036;3.360;3.465;NAN;fast_gpps;
2255;J1851+0056g;NAN;NAN;NAN;NAN;33.764;0.423;282.86250000;0.93333333;0.291100;NAN;332.30;NAN;NAN;0.01;NAN;4.995;0.037;2.776;4.348;NAN;fast_gpps;
2256;J1851+0118;NAN;NAN;NAN;51936.00;34.153;0.504;282.96741667;1.31638889;0.906977;1.37e-13;420.40;NAN;NAN;0.10;NAN;5.662;0.050;3.179;3.815;NAN;pksmb,palfa,fast_gpps;
2257;J1851+0233;NAN;NAN;NAN;56700.00;35.181;1.232;282.78804167;2.56288889;0.344018;2.18e-15;606.00;NAN;NAN;0.08;NAN;12.652;0.272;7.288;-1.839;NAN;palfa;
2258;J1851+0241;NAN;NAN;NAN;56240.00;35.314;1.248;282.83475000;2.68888889;4.491318;2.26e-14;524.30;NAN;NAN;0.06;NAN;11.114;0.242;6.423;-0.567;NAN;palfa,fast_gpps;
2259;J1851+0418;NAN;NAN;NAN;49845.00;36.720;2.046;282.76374507;4.30333668;0.284697;1.09e-15;115.50;NAN;NAN;0.66;NAN;4.086;0.146;2.441;5.227;NAN;misc,palfa,pksmb,fast_gpps;
2260;J1851+10;NAN;NAN;NAN;NAN;41.861;4.521;282.88333333;10.00000000;0.867862;NAN;188.70;NAN;NAN;0.05;NAN;12.581;0.992;8.370;-0.841;NAN;pksmb;
2261;J1851+1259;NAN;NAN;NAN;49908.00;44.513;5.932;282.80506462;12.99313483;1.205303;1.15e-14;70.20;NAN;8.00;0.75;NAN;2.616;0.270;1.824;6.645;NAN;gb3,lotaas,pksmb,fast_gpps;
2262;J1851-0029;NAN;NAN;NAN;54143.70;32.542;-0.335;282.97955417;-0.49947222;0.518721;4.74e-15;522.00;NAN;NAN;0.44;NAN;5.498;-0.032;2.957;3.865;NAN;pksmb,fast_gpps;
2263;J1851-0053;NAN;NAN;NAN;52585.00;32.100;-0.318;282.76320833;-0.88536111;1.409065;8.74e-16;24.00;NAN;NAN;0.80;NAN;0.959;-0.005;0.510;7.688;NAN;pksmb,gbncc,lotaas,fast_gpps;
2264;J1851-0114;NAN;NAN;NAN;53038.00;31.812;-0.527;282.81837500;-1.23705556;0.953182;2.48e-15;427.20;NAN;NAN;0.28;NAN;5.214;-0.048;2.748;4.069;NAN;pksmb,fast_gpps;
2265;J1851-0241;NAN;NAN;NAN;52300.00;30.515;-1.186;282.81358333;-2.69194444;0.435194;7.96e-15;515.00;NAN;NAN;0.20;NAN;7.922;-0.164;4.022;1.677;NAN;pksmb;
2266;J1851-0633;NAN;NAN;NAN;58382.00;27.114;-3.044;282.92352500;-6.56344444;1.920302;2.40e-15;229.10;NAN;NAN;0.12;NAN;6.199;-0.329;2.821;2.990;NAN;htru_pks,fast_crafts;
2267;J1852+0008;NAN;NAN;NAN;59228.00;33.198;-0.222;283.17834167;0.13600000;0.467894;5.68e-15;254.90;NAN;NAN;0.31;NAN;4.319;-0.017;2.365;4.886;NAN;pksmb,fast_gpps;
2268;J1852+0013;NAN;NAN;NAN;52633.00;33.282;-0.174;283.17407917;0.23252778;0.957751;1.40e-14;545.00;NAN;NAN;0.30;NAN;5.581;-0.017;3.063;3.834;NAN;pksmb,fast_gpps;
2269;J1852+0018g;NAN;NAN;NAN;59228.00;33.324;-0.082;283.11142500;0.31177778;0.318763;2.71e-14;455.40;NAN;NAN;0.05;NAN;5.245;-0.008;2.881;4.117;NAN;fast_gpps;
2270;J1852+0031;NAN;NAN;NAN;49613.00;33.523;0.017;283.11425541;0.53388497;2.180195;9.70e-14;787.00;0.55;NAN;5.10;NAN;8.000;0.002;4.418;1.831;NAN;jb2,palfa,pksmb,fast_gpps;
2271;J1852+0033;NAN;NAN;NAN;54728.70;33.579;-0.044;283.19416667;0.55580556;11.558713;0.00e+00;NAN;NAN;NAN;NAN;NAN;NAN;-0.000;0.000;8.500;XRS:3XMM_J185246.6+003317;misc;
2272;J1852+0040;NAN;NAN;NAN;54597.00;33.667;0.038;283.16070833;0.67216667;0.104913;8.68e-18;NAN;NAN;NAN;NAN;NAN;10.000;0.007;5.544;0.177;SNR:G33.6+0.1(Kes79),XRS:CXOU_J185238.6+;misc;
2273;J1852+0056g;NAN;NAN;NAN;NAN;33.853;0.249;283.05833333;0.93333333;1.177790;NAN;881.90;NAN;NAN;0.04;NAN;7.123;0.031;3.968;2.585;NAN;fast_gpps;
2274;J1852+0158g;NAN;NAN;NAN;NAN;34.830;0.609;283.18333333;1.96666667;0.185730;NAN;608.90;NAN;NAN;0.04;NAN;7.585;0.081;4.332;2.274;NAN;fast_gpps;
2275;J1852+0305;NAN;NAN;NAN;51664.00;35.804;1.160;283.13583333;3.08472222;1.326149;1.02e-16;320.00;NAN;NAN;0.80;NAN;6.389;0.129;3.737;3.319;NAN;pksmb,palfa,fast_gpps;
2276;J1852+0309g;NAN;NAN;NAN;NAN;35.821;1.270;283.04583333;3.15000000;0.005580;NAN;358.00;NAN;NAN;0.09;NAN;7.138;0.158;4.176;2.714;NAN;fast_gpps;
2277;J1852+0857g;NAN;NAN;NAN;NAN;41.043;3.808;283.15416667;8.95000000;3.772140;NAN;86.50;NAN;NAN;0.02;NAN;3.436;0.228;2.251;5.914;NAN;fast_gpps;
2278;J1852+1200;NAN;NAN;NAN;60127.00;43.813;5.106;283.24166667;12.00000000;0.003866;NAN;68.05;NAN;NAN;NAN;NAN;2.362;0.210;1.629;6.802;NAN;misc;
2279;J1852-0000;NAN;NAN;NAN;59403.00;33.066;-0.277;283.16729167;-0.00730556;1.920686;2.52e-13;593.10;NAN;NAN;0.12;NAN;5.776;-0.028;3.151;3.660;NAN;palfa,fast_gpps;
2280;J1852-0002g;NAN;NAN;NAN;NAN;32.985;-0.177;283.04166667;-0.03333333;0.245100;NAN;558.10;NAN;NAN;0.04;NAN;5.591;-0.017;3.044;3.810;NAN;fast_gpps;
2281;J1852-0024g;NAN;NAN;NAN;59438.00;32.662;-0.362;283.05887333;-0.40490833;0.355429;1.65e-16;292.00;NAN;NAN;0.06;NAN;4.524;-0.029;2.442;4.691;NAN;fast_gpps;
2282;J1852-0033g;NAN;NAN;NAN;59676.00;32.547;-0.479;283.11052500;-0.56103056;1.369012;7.92e-15;321.60;NAN;NAN;0.02;NAN;4.731;-0.040;2.545;4.512;NAN;fast_gpps;
2283;J1852-0039g;NAN;NAN;NAN;59676.00;32.431;-0.476;283.05497917;-0.66244444;0.802905;3.78e-16;354.00;NAN;NAN;0.08;NAN;4.883;-0.041;2.619;4.379;NAN;fast_gpps;
2284;J1852-0044g;NAN;NAN;NAN;NAN;32.395;-0.560;283.11250000;-0.73333333;0.002410;NAN;272.90;NAN;NAN;0.56;NAN;4.492;-0.044;2.406;4.707;NAN;fast_gpps;
2285;J1852-0055g;NAN;NAN;NAN;NAN;32.224;-0.628;283.09583333;-0.91666667;0.164030;NAN;211.30;NAN;NAN;0.05;NAN;4.095;-0.045;2.183;5.036;NAN;fast_gpps;
2286;J1852-0118;NAN;NAN;NAN;52611.00;31.868;-0.783;283.07145833;-1.30411111;0.451473;1.76e-15;286.40;NAN;NAN;0.35;NAN;4.729;-0.065;2.496;4.484;NAN;pksmb,fast_gpps;
2287;J1852-0127;NAN;NAN;NAN;52608.00;31.706;-0.802;283.01500000;-1.45650000;0.428979;5.15e-15;427.90;0.06;NAN;0.58;NAN;5.693;-0.080;2.992;3.657;NAN;pksmb;
2288;J1852-0635;NAN;NAN;NAN;57600.00;27.224;-3.341;283.23936667;-6.60012500;0.524157;1.46e-14;173.90;0.00;NAN;9.50;NAN;4.577;-0.267;2.090;4.437;NAN;pksmb,htru_pks;
2289;J1852-0947;NAN;NAN;NAN;59328.00;24.265;-4.580;283.00920833;-9.79305556;3.019694;9.83e-15;239.30;NAN;NAN;0.02;NAN;13.545;-1.082;5.549;-3.809;NAN;fast_crafts;
2290;J1852-1310;-1.800;-6.600;NAN;57819.17;21.267;-6.154;283.08000000;-13.16694444;0.004315;1.02e-20;44.96;NAN;NAN;NAN;NAN;1.266;-0.136;0.457;7.327;GRS:4FGL_J1852.2-1309[aab+22];FermiAssoc;
2291;J1852-2610;NAN;NAN;NAN;50866.00;9.458;-11.918;283.24778276;-26.17019521;0.336337;8.77e-17;56.81;NAN;12.00;1.40;NAN;2.460;-0.508;0.396;6.126;NAN;pks70,htru_pks,pkssw;
2292;J1853+0009;NAN;NAN;NAN;58939.97;33.303;-0.431;283.41250000;0.13333333;0.033395;NAN;192.40;NAN;NAN;NAN;NAN;3.937;-0.030;2.162;5.210;NAN;palfa,fast_gpps;
2293;J1853+0011;NAN;NAN;NAN;55163.00;33.338;-0.371;283.37491667;0.19183333;0.397889;3.35e-14;568.80;NAN;NAN;0.20;NAN;5.815;-0.038;3.196;3.642;NAN;pksmb;
2294;J1853+0013g;NAN;NAN;NAN;59490.00;33.421;-0.434;283.46875833;0.23688889;0.928596;1.14e-15;309.60;NAN;NAN;0.04;NAN;4.715;-0.036;2.597;4.565;NAN;fast_gpps;
2295;J1853+0023g;NAN;NAN;NAN;59228.00;33.444;-0.213;283.28228333;0.35866667;0.576939;6.50e-17;206.60;NAN;NAN;0.02;NAN;4.015;-0.015;2.213;5.150;NAN;fast_gpps;
2296;J1853+0029;NAN;NAN;NAN;59013.00;33.579;-0.190;283.32409583;0.48947222;1.876758;2.43e-15;226.70;NAN;NAN;0.07;NAN;4.163;-0.014;2.303;5.032;NAN;palfa,fast_gpps;
2297;J1853+0056;NAN;NAN;NAN;51665.00;34.017;-0.036;283.38608333;0.94972222;0.275578;2.14e-14;180.90;NAN;NAN;0.21;NAN;3.841;-0.002;2.149;5.316;NAN;pksmb,palfa,fast_gpps;
2298;J1853+0209g;NAN;NAN;NAN;NAN;35.037;0.607;283.27916667;2.15000000;NAN;NAN;350.00;NAN;NAN;NAN;NAN;5.528;0.059;3.173;3.974;NAN;fast_gpps;
2299;J1853+0237g;NAN;NAN;NAN;NAN;35.547;0.634;283.48750000;2.61666667;0.427390;NAN;725.50;NAN;NAN;0.04;NAN;9.979;0.110;5.801;0.381;NAN;fast_gpps;
2300;J1853+0259;NAN;NAN;NAN;57093.00;35.806;0.963;283.31241250;2.99663889;0.585553;1.12e-16;290.20;NAN;NAN;0.22;NAN;5.797;0.097;3.391;3.799;NAN;palfa,fast_gpps;
2301;J1853+0312g;NAN;NAN;NAN;NAN;35.987;1.056;283.31250000;3.20000000;0.438090;NAN;342.00;NAN;NAN;0.01;NAN;6.607;0.122;3.882;3.155;NAN;fast_gpps;
2302;J1853+0353g;NAN;NAN;NAN;NAN;36.622;1.315;283.37083333;3.88333333;NAN;NAN;379.00;NAN;NAN;NAN;NAN;9.186;0.211;5.478;1.129;NAN;fast_gpps;
2303;J1853+0427;NAN;NAN;NAN;57890.00;37.170;1.512;283.44586250;4.46144444;1.320659;2.65e-15;550.10;NAN;NAN;0.10;NAN;15.732;0.415;9.502;-4.032;NAN;palfa,fast_gpps;
2304;J1853+0505;NAN;NAN;NAN;53982.00;37.650;1.956;283.26816667;5.09058333;0.905137;1.28e-15;260.00;0.25;NAN;1.10;NAN;8.370;0.286;5.110;1.877;NAN;pksmb,fast_gpps;
2305;J1853+0545;NAN;NAN;NAN;53882.00;38.354;2.064;283.49337917;5.76535000;0.126400;6.12e-16;198.70;0.02;NAN;2.70;NAN;6.545;0.236;4.059;3.371;NAN;pksmb,palfa,fast_gpps;
2306;J1853+0853;NAN;NAN;NAN;53097.00;41.071;3.615;283.34195833;8.88805556;3.914658;5.13e-15;235.60;NAN;NAN;0.11;NAN;14.400;0.908;9.442;-2.334;NAN;pksmb,fast_gpps;
2307;J1853-0003g;NAN;NAN;NAN;NAN;33.111;-0.459;283.35000000;-0.05000000;0.171520;NAN;667.20;NAN;NAN;0.01;NAN;6.314;-0.051;3.449;3.211;NAN;fast_gpps;
2308;J1853-0004;NAN;NAN;NAN;55446.00;33.086;-0.468;283.34594583;-0.07594444;0.101437;5.57e-15;437.50;NAN;NAN;0.70;NAN;5.339;-0.044;2.914;4.027;GRS:4FGL_J1853.3-0005[aab+22];pksmb,FermiAssoc,fast_gpps;
2309;J1853-0008g;NAN;NAN;NAN;NAN;33.014;-0.453;283.30000000;-0.13333333;0.002820;NAN;285.30;NAN;NAN;0.01;NAN;4.554;-0.036;2.481;4.681;NAN;fast_gpps;
2310;J1853-0130g;NAN;NAN;NAN;NAN;31.788;-1.057;283.27916667;-1.50000000;1.945000;NAN;344.00;NAN;NAN;NAN;NAN;5.576;-0.103;2.937;3.761;NAN;fast_gpps;
2311;J1853-0649;NAN;NAN;NAN;55170.00;27.077;-3.545;283.35592500;-6.82386111;1.048132;1.55e-15;44.54;NAN;NAN;NAN;NAN;1.285;-0.079;0.584;7.358;NAN;gbt350;
2312;J1854+0012g;NAN;NAN;NAN;NAN;33.436;-0.546;283.57500000;0.20000000;0.002710;NAN;204.10;NAN;NAN;0.01;NAN;4.077;-0.039;2.246;5.098;NAN;fast_gpps;
2313;J1854+0050;NAN;NAN;NAN;56854.00;34.053;-0.349;283.68112500;0.83827778;0.767280;5.78e-16;525.00;NAN;NAN;0.05;NAN;5.720;-0.035;3.203;3.761;NAN;palfa,fast_gpps;
2314;J1854+0131g;NAN;NAN;NAN;NAN;34.638;-0.004;283.64166667;1.51666667;2.043850;NAN;474.90;NAN;NAN;0.31;NAN;5.484;-0.000;3.117;3.988;NAN;fast_gpps;
2315;J1854+0306;NAN;NAN;NAN;54944.00;35.992;0.834;283.51241667;3.10388889;4.557820;1.45e-13;192.40;NAN;NAN;NAN;NAN;4.499;0.066;2.644;4.860;NAN;pksmb,fast_gpps;
2316;J1854+0317;NAN;NAN;NAN;54863.50;36.209;0.824;283.62108333;3.29194444;1.366450;1.85e-15;390.00;NAN;NAN;0.12;NAN;6.892;0.099;4.071;2.940;NAN;pksmb,palfa,fast_gpps;
2317;J1854+0319;NAN;NAN;NAN;56700.00;36.179;0.944;283.50045833;3.32022222;0.628541;5.51e-17;480.20;NAN;NAN;0.17;NAN;9.524;0.157;5.621;0.814;NAN;palfa,fast_gpps;
2318;J1854+0704g;NAN;NAN;NAN;NAN;39.575;2.535;283.62916667;7.06666667;0.450900;NAN;10.50;NAN;NAN;0.04;NAN;0.635;0.028;0.404;8.011;NAN;fast_gpps;
2319;J1854+1050;NAN;NAN;NAN;49692.00;42.887;4.223;283.62222987;10.77836880;0.573197;6.39e-16;207.20;0.00;11.00;1.03;NAN;13.824;1.018;9.382;-1.601;NAN;ar2,ar3,ar327,ar4,pksmb,fast_gpps;
2320;J1854+36;NAN;NAN;NAN;NAN;66.026;15.068;283.50000000;36.00000000;1.300220;NAN;59.80;NAN;NAN;NAN;NAN;6.387;1.660;5.635;5.994;NAN;ar327,gbncc;
2321;J1854+40;NAN;NAN;NAN;NAN;69.953;16.618;283.50000000;40.08333333;1.748000;NAN;37.00;NAN;NAN;NAN;NAN;3.216;0.920;2.895;7.444;NAN;pumps;
2322;J1854-0033g;NAN;NAN;NAN;NAN;32.791;-0.932;283.62500000;-0.55000000;0.361470;NAN;615.90;NAN;NAN;0.02;NAN;8.234;-0.134;4.459;1.579;NAN;fast_gpps;
2323;J1854-0036;NAN;NAN;NAN;59288.00;32.750;-0.980;283.64896667;-0.60905556;0.716856;2.26e-15;492.80;NAN;NAN;0.06;NAN;6.980;-0.119;3.775;2.630;NAN;fast_crafts,fast_gpps;
2324;J1854-0524;NAN;NAN;NAN;57737.00;28.511;-3.235;283.73062500;-5.40641667;0.544021;1.20e-15;192.00;NAN;NAN;NAN;NAN;5.014;-0.283;2.390;4.101;NAN;htru_pks;
2325;J1854-1421;NAN;NAN;NAN;49909.00;20.456;-7.209;283.68455276;-14.35734023;1.146595;4.16e-15;130.40;0.00;8.00;NAN;NAN;6.917;-0.868;2.398;2.070;NAN;mol2,htru_pks,pks70,pkssw;
2326;J1854-1557;NAN;NAN;NAN;55124.00;19.018;-7.950;283.72333333;-15.96305556;3.453121;4.52e-15;150.00;NAN;NAN;NAN;NAN;10.895;-1.507;3.516;-1.701;NAN;htru_pks;
2327;J1855+0033g;NAN;NAN;NAN;NAN;33.833;-0.553;283.76250000;0.55000000;NAN;NAN;554.00;NAN;NAN;NAN;NAN;6.136;-0.059;3.416;3.403;NAN;fast_gpps;
2328;J1855+0139g;NAN;NAN;NAN;NAN;34.833;-0.092;283.80833333;1.65000000;0.444140;NAN;405.50;NAN;NAN;0.04;NAN;5.209;-0.008;2.975;4.224;NAN;fast_gpps;
2329;J1855+0205;NAN;NAN;NAN;54510.00;35.281;0.007;283.92519167;2.09344444;0.246817;6.47e-17;867.30;NAN;NAN;0.19;NAN;7.042;0.001;4.067;2.751;NAN;palfa;
2330;J1855+0228g;NAN;NAN;NAN;NAN;35.619;0.166;283.93750000;2.46666667;0.253170;NAN;530.00;NAN;NAN;0.04;NAN;5.945;0.017;3.462;3.667;NAN;fast_gpps;
2331;J1855+0235g;NAN;NAN;NAN;59447.00;35.735;0.191;283.96822500;2.58210556;0.983030;2.15e-17;104.10;NAN;NAN;0.01;NAN;2.989;0.010;1.746;6.074;NAN;fast_gpps;
2332;J1855+0240g;NAN;NAN;NAN;NAN;35.736;0.376;283.80416667;2.66666667;1.224000;NAN;397.00;NAN;NAN;NAN;NAN;5.552;0.036;3.243;3.993;NAN;fast_gpps;
2333;J1855+0306;NAN;NAN;NAN;57548.00;36.175;0.483;283.90958333;3.10630556;1.633566;7.00e-15;634.00;NAN;NAN;0.04;NAN;7.477;0.063;4.413;2.465;NAN;palfa,fast_gpps;
2334;J1855+0307;NAN;NAN;NAN;52632.00;36.167;0.533;283.86095833;3.12227778;0.845348;1.81e-14;402.50;NAN;NAN;0.97;NAN;5.940;0.055;3.505;3.705;NAN;pksmb,palfa,fast_gpps;
2335;J1855+0327g;NAN;NAN;NAN;NAN;36.494;0.615;283.93750000;3.45000000;0.782820;NAN;298.60;NAN;NAN;0.01;NAN;5.340;0.057;3.176;4.207;NAN;fast_gpps;
2336;J1855+0339g;NAN;NAN;NAN;NAN;36.666;0.717;283.92500000;3.65000000;1.761340;NAN;416.20;NAN;NAN;0.01;NAN;6.861;0.086;4.097;2.997;NAN;fast_gpps;
2337;J1855+0422;NAN;NAN;NAN;51446.00;37.314;1.052;283.92237500;4.37972222;1.678106;9.29e-16;455.60;0.03;NAN;0.45;NAN;10.949;0.201;6.636;-0.207;NAN;pksmb,palfa,fast_gpps;
2338;J1855+0424g;NAN;NAN;NAN;NAN;37.254;1.214;283.75000000;4.40000000;2.220250;NAN;678.50;NAN;NAN;0.01;NAN;17.395;0.369;10.528;-5.343;NAN;fast_gpps;
2339;J1855+0455g;NAN;NAN;NAN;NAN;37.742;1.394;283.81250000;4.91666667;0.101010;NAN;372.90;NAN;NAN;0.04;NAN;10.252;0.249;6.274;0.395;NAN;fast_gpps;
2340;J1855+0511g;NAN;NAN;NAN;NAN;37.974;1.527;283.80000000;5.18333333;1.421470;NAN;292.10;NAN;NAN;0.03;NAN;8.770;0.234;5.394;1.589;NAN;fast_gpps;
2341;J1855+0527;NAN;NAN;NAN;54248.10;38.227;1.642;283.81280417;5.46130556;1.393484;2.67e-13;358.80;NAN;NAN;0.24;NAN;11.642;0.334;7.201;-0.642;NAN;pksmb,fast_gpps;
2342;J1855+0626;NAN;NAN;NAN;58375.00;39.125;2.055;283.85416667;6.44805556;0.528832;NAN;253.80;NAN;NAN;0.13;NAN;9.343;0.335;5.892;1.257;NAN;palfa;
2343;J1855+0700;NAN;NAN;NAN;51991.00;39.613;2.337;283.82383333;7.01030556;0.258685;7.52e-16;247.20;NAN;NAN;0.10;NAN;10.596;0.432;6.750;0.344;NAN;pksmb,fast_gpps;
2344;J1855-0054g;NAN;NAN;NAN;NAN;32.577;-1.281;283.83750000;-0.90000000;NAN;NAN;577.00;NAN;NAN;NAN;NAN;9.059;-0.202;4.876;0.868;NAN;fast_gpps;
2345;J1855-0154g;NAN;NAN;NAN;NAN;31.664;-1.692;283.78750000;-1.90000000;NAN;NAN;417.00;NAN;NAN;NAN;NAN;7.341;-0.217;3.852;2.254;NAN;fast_gpps;
2346;J1855-0211g;NAN;NAN;NAN;NAN;31.455;-1.906;283.88333333;-2.18333333;NAN;NAN;304.00;NAN;NAN;NAN;NAN;5.928;-0.197;3.092;3.446;NAN;fast_gpps;
2347;J1855-0941;NAN;NAN;NAN;51500.00;24.722;-5.241;283.81533333;-9.68388889;0.345401;2.40e-16;153.60;NAN;NAN;0.90;NAN;6.255;-0.571;2.605;2.842;NAN;pkssw,gbncc,htru_pks,pksmb;
2348;J1856+0011g;NAN;NAN;NAN;NAN;33.706;-1.109;284.20000000;0.18333333;0.928470;NAN;454.20;NAN;NAN;0.01;NAN;6.921;-0.134;3.840;2.744;NAN;fast_gpps;
2349;J1856+0029g;NAN;NAN;NAN;NAN;33.975;-0.976;284.20416667;0.48333333;0.376000;NAN;234.00;NAN;NAN;NAN;NAN;4.727;-0.081;2.641;4.581;NAN;fast_gpps;
2350;J1856+0102;NAN;NAN;NAN;52568.00;34.428;-0.648;284.11876250;1.03627778;0.620217;1.22e-15;554.40;NAN;NAN;0.38;NAN;6.543;-0.074;3.699;3.103;NAN;pksmb,palfa,fast_gpps;
2351;J1856+0113;NAN;NAN;NAN;49780.00;34.560;-0.497;284.04438151;1.22257591;0.267440;2.08e-13;96.10;0.00;3.40;0.19;NAN;3.300;-0.029;1.872;5.782;SNR:W44,XRS:PWN[pks02];misc,palfa,pksmb;
2352;J1856+0211g;NAN;NAN;NAN;59607.00;35.511;-0.238;284.24758333;2.18636111;9.890092;7.80e-16;127.40;NAN;NAN;0.03;NAN;3.338;-0.014;1.939;5.783;NAN;fast_gpps;
2353;J1856+0243g;NAN;NAN;NAN;NAN;35.871;0.221;284.00416667;2.71666667;0.546600;NAN;181.40;NAN;NAN;0.12;NAN;3.991;0.015;2.339;5.266;NAN;fast_gpps;
2354;J1856+0245;NAN;NAN;NAN;54930.00;36.008;0.057;284.21208333;2.76305556;0.080907;6.21e-14;623.50;NAN;NAN;0.58;NAN;6.318;0.006;3.714;3.389;GRS:HESS_J1857+026,XRS:AX_J185651+0245;palfa,fast_gpps;
2355;J1856+0404;NAN;NAN;NAN;51664.00;37.128;0.745;284.11083333;4.07388889;0.420252;3.71e-17;344.50;0.02;NAN;0.48;NAN;6.252;0.081;3.773;3.516;NAN;pksmb,palfa,fast_gpps;
2356;J1856+0528g;NAN;NAN;NAN;NAN;38.361;1.394;284.09583333;5.46666667;NAN;NAN;307.00;NAN;NAN;NAN;NAN;9.031;0.220;5.603;1.421;NAN;fast_gpps;
2357;J1856+0615g;NAN;NAN;NAN;NAN;39.088;1.692;284.16250000;6.25000000;0.326970;NAN;335.70;NAN;NAN;0.04;NAN;11.620;0.343;7.323;-0.515;NAN;fast_gpps;
2358;J1856+0912;NAN;NAN;NAN;58135.00;41.715;3.058;284.13916667;9.20825000;2.170701;2.63e-15;192.60;NAN;NAN;0.04;NAN;9.732;0.519;6.467;1.246;NAN;palfa,fast_gpps;
2359;J1856-0526;NAN;NAN;NAN;53095.00;28.636;-3.575;284.09157083;-5.44911111;0.370483;1.70e-15;131.80;NAN;NAN;0.40;NAN;4.034;-0.252;1.930;4.966;NAN;pksmb,gbncc,htru_pks;
2360;J1856-3754;325.900;-59.220;8.200;52830.00;358.599;-17.215;284.14754167;-37.90994444;7.055203;2.98e-14;NAN;NAN;NAN;NAN;NAN;0.160;-0.047;-0.004;8.347;XRS:RX_J1856.5-3754,OPT:[kkvh11];misc;
2361;J1857+0057;NAN;NAN;NAN;49694.00;34.417;-0.805;284.25336677;0.95465933;0.356929;5.46e-17;82.30;NAN;5.00;0.92;NAN;2.510;-0.035;1.419;6.430;NAN;misc,ar4,gbncc,palfa,pksmb,fast_gpp;
2362;J1857+0143;NAN;NAN;NAN;52632.00;35.168;-0.571;284.38753333;1.72972222;0.139760;3.12e-14;249.40;0.05;NAN;0.74;NAN;4.569;-0.045;2.632;4.765;NAN;pksmb,palfa;
2363;J1857+0210;NAN;NAN;NAN;51721.00;35.586;-0.393;284.42041667;2.18277778;0.630983;1.40e-14;783.00;0.03;NAN;0.30;NAN;7.259;-0.050;4.224;2.597;NAN;pksmb,palfa,fast_gpps;
2364;J1857+0212;NAN;NAN;NAN;49554.00;35.617;-0.390;284.43184331;2.21142021;0.415823;4.03e-14;506.70;0.00;NAN;1.60;NAN;8.000;-0.054;4.659;1.997;NAN;jb2,palfa,pksmb,fast_gpps;
2365;J1857+0214g;NAN;NAN;NAN;59427.00;35.577;-0.241;284.28085833;2.24366667;0.333918;1.61e-15;982.00;NAN;NAN;0.06;NAN;7.758;-0.033;4.514;2.190;NAN;fast_gpps;
2366;J1857+0224g;NAN;NAN;NAN;59410.00;35.733;-0.176;284.29460833;2.41200000;0.875874;6.15e-17;399.00;NAN;NAN;0.04;NAN;5.299;-0.016;3.095;4.199;NAN;fast_gpps;
2367;J1857+0229g;NAN;NAN;NAN;NAN;35.812;-0.175;284.32916667;2.48333333;0.584000;NAN;574.00;NAN;NAN;NAN;NAN;6.071;-0.019;3.552;3.577;NAN;fast_gpps;
2368;J1857+0300;NAN;NAN;NAN;56700.00;36.274;0.072;284.32045833;3.00722222;0.772678;2.65e-15;691.00;NAN;NAN;0.05;NAN;6.665;0.008;3.943;3.127;NAN;palfa,fast_gpps;
2369;J1857+0526;NAN;NAN;NAN;51800.00;38.438;1.187;284.31606667;5.44130556;0.349951;6.93e-15;466.40;0.01;NAN;0.66;NAN;12.257;0.254;7.618;-1.099;NAN;pksmb,palfa,fast_gpps;
2370;J1857+0809;NAN;NAN;NAN;51991.00;40.839;2.446;284.28879167;8.15119444;0.502924;4.74e-15;281.60;NAN;NAN;0.14;NAN;13.101;0.559;8.559;-1.402;NAN;pksmb,fast_gpps;
2371;J1857-1027;NAN;NAN;NAN;51650.00;24.275;-6.063;284.36020833;-10.45027778;3.687219;1.05e-14;108.90;NAN;NAN;2.03;NAN;4.046;-0.427;1.654;4.832;NAN;pkssw,gbncc,htru_pks;
2372;J1858+0026g;NAN;NAN;NAN;NAN;34.075;-1.281;284.52083333;0.43333333;4.714670;NAN;415.30;NAN;NAN;0.04;NAN;6.851;-0.153;3.838;2.827;NAN;fast_gpps;
2373;J1858+0215;NAN;NAN;NAN;51720.00;35.725;-0.493;284.57262500;2.26055556;0.745828;4.61e-15;702.00;0.08;NAN;0.22;NAN;7.228;-0.062;4.220;2.632;NAN;pksmb,palfa,fast_gpps;
2374;J1858+0239;NAN;NAN;NAN;56441.00;36.085;-0.310;284.57500000;2.66444444;0.197644;1.40e-14;492.70;NAN;NAN;0.14;NAN;5.859;-0.032;3.451;3.765;NAN;palfa,fast_gpps;
2375;J1858+0241;NAN;NAN;NAN;59425.00;36.179;-0.430;284.72420833;2.69375000;4.693233;2.43e-14;324.00;NAN;NAN;0.10;NAN;5.077;-0.038;2.997;4.402;NAN;pksmb,fast_gpps;
2376;J1858+0244g;NAN;NAN;NAN;NAN;36.114;-0.216;284.50416667;2.73333333;0.002610;NAN;282.60;NAN;NAN;0.07;NAN;4.724;-0.018;2.784;4.684;NAN;fast_gpps;
2377;J1858+0310g;NAN;NAN;NAN;NAN;36.507;-0.033;284.52083333;3.16666667;0.372750;NAN;703.40;NAN;NAN;0.12;NAN;6.716;-0.004;3.996;3.102;NAN;fast_gpps;
2378;J1858+0319;NAN;NAN;NAN;56700.00;36.714;-0.094;284.67033333;3.32263889;0.867444;1.03e-16;284.00;NAN;NAN;0.06;NAN;4.778;-0.008;2.856;4.670;NAN;palfa,fast_gpps;
2379;J1858+0346;NAN;NAN;NAN;54510.00;37.083;0.182;284.59316667;3.77716667;0.256844;2.04e-15;386.00;NAN;NAN;0.19;NAN;5.489;0.017;3.310;4.121;NAN;palfa,fast_gpps;
2380;J1858+0453g;NAN;NAN;NAN;NAN;38.116;0.592;284.70000000;4.88333333;3.761000;NAN;429.00;NAN;NAN;NAN;NAN;6.854;0.071;4.230;3.108;NAN;fast_gpps;
2381;J1858+0609g;NAN;NAN;NAN;NAN;39.171;1.311;284.54166667;6.15000000;0.484350;NAN;381.50;NAN;NAN;0.01;NAN;11.566;0.265;7.304;-0.464;NAN;fast_gpps;
2382;J1858-0024g;NAN;NAN;NAN;NAN;33.411;-1.813;284.69166667;-0.40000000;0.400600;NAN;190.60;NAN;NAN;0.03;NAN;4.724;-0.149;2.600;4.559;NAN;fast_gpps;
2383;J1858-0113g;NAN;NAN;NAN;NAN;32.696;-2.207;284.71666667;-1.21666667;1.532000;NAN;280.00;NAN;NAN;NAN;NAN;6.037;-0.233;3.259;3.423;NAN;fast_gpps;
2384;J1858-0736;NAN;NAN;NAN;56108.50;26.964;-5.079;284.68458333;-7.61666667;0.551059;5.06e-15;194.00;NAN;NAN;0.30;NAN;10.144;-0.898;4.581;-0.506;NAN;pksmb;
2385;J1859+00;NAN;NAN;NAN;58982.87;34.447;-1.568;284.94583333;0.63333333;0.559636;NAN;420.00;NAN;NAN;4.80;NAN;7.664;-0.210;4.334;2.182;NAN;ar4,gbncc,palfa,pksmb,fast_gpps;
2386;J1859+0026g;NAN;NAN;NAN;NAN;34.290;-1.700;284.99166667;0.43333333;0.008570;NAN;334.10;NAN;NAN;0.03;NAN;6.506;-0.193;3.664;3.127;NAN;fast_gpps;
2387;J1859+0126g;NAN;NAN;NAN;NAN;35.098;-1.084;284.81250000;1.43333333;0.957700;NAN;529.20;NAN;NAN;0.04;NAN;9.538;-0.180;5.483;0.698;NAN;fast_gpps;
2388;J1859+0239Bg;NAN;NAN;NAN;NAN;36.187;-0.539;284.82500000;2.65000000;0.849000;NAN;624.00;NAN;NAN;NAN;NAN;7.073;-0.067;4.176;2.792;NAN;fast_gpps;
2389;J1859+0239g;NAN;NAN;NAN;NAN;36.187;-0.539;284.82500000;2.65000000;0.056110;NAN;250.90;NAN;NAN;0.01;NAN;4.653;-0.044;2.747;4.745;NAN;fast_gpps;
2390;J1859+0251g;NAN;NAN;NAN;NAN;36.397;-0.511;284.89583333;2.85000000;3.580000;NAN;286.00;NAN;NAN;NAN;NAN;4.913;-0.044;2.915;4.546;NAN;fast_gpps;
2391;J1859+0313g;NAN;NAN;NAN;NAN;36.725;-0.347;284.90000000;3.21666667;0.001610;NAN;107.70;NAN;NAN;0.06;NAN;3.075;-0.019;1.839;6.035;NAN;fast_gpps;
2392;J1859+0345;NAN;NAN;NAN;57354.00;37.169;-0.010;284.80295833;3.76583333;1.511509;6.48e-16;559.00;NAN;NAN;0.09;NAN;6.251;-0.001;3.777;3.519;NAN;palfa,fast_gpps;
2393;J1859+0430g;NAN;NAN;NAN;59104.00;37.819;0.343;284.78645833;4.50519444;0.336325;5.30e-17;785.40;NAN;NAN;0.02;NAN;8.942;0.054;5.483;1.436;NAN;fast_gpps;
2394;J1859+0434g;NAN;NAN;NAN;NAN;37.935;0.252;284.92083333;4.56666667;0.458340;NAN;321.80;NAN;NAN;0.01;NAN;5.272;0.023;3.241;4.342;NAN;fast_gpps;
2395;J1859+0601;NAN;NAN;NAN;52503.00;39.245;0.903;284.94066667;6.02947222;1.044313;2.55e-14;276.00;0.12;NAN;0.30;NAN;6.436;0.101;4.071;3.516;NAN;pksmb,palfa,fast_gpps;
2396;J1859+0603;NAN;NAN;NAN;56700.00;39.270;0.932;284.92554583;6.06513889;0.508561;1.59e-15;379.00;NAN;NAN;0.16;NAN;9.005;0.147;5.699;1.530;NAN;palfa;
2397;J1859+0658g;NAN;NAN;NAN;NAN;40.002;1.481;284.77083333;6.96666667;0.005110;NAN;290.40;NAN;NAN;0.04;NAN;9.349;0.242;6.008;1.341;NAN;fast_gpps;
2398;J1859+07;NAN;NAN;NAN;NAN;40.022;1.514;284.75000000;7.00000000;NAN;NAN;303.00;NAN;NAN;NAN;NAN;10.300;0.272;6.621;0.615;NAN;palfa;
2399;J1859+0832g;NAN;NAN;NAN;NAN;41.438;2.115;284.86250000;8.53333333;NAN;NAN;259.00;NAN;NAN;NAN;NAN;11.125;0.410;7.358;0.166;NAN;fast_gpps;
2400;J1859+1526;NAN;NAN;NAN;49079.50;47.637;5.181;284.93495417;15.43638889;0.933972;3.93e-15;97.40;NAN;1.50;NAN;NAN;4.115;0.372;3.028;5.739;NAN;ar3,fast_gpps;
2401;J1859+7654;NAN;NAN;NAN;56500.00;108.364;25.911;284.90010305;76.91545353;1.393729;5.05e-17;47.25;NAN;NAN;NAN;NAN;5.980;2.613;5.105;10.195;NAN;gbncc;
2402;J1900+0213g;NAN;NAN;NAN;NAN;35.904;-0.937;285.05000000;2.21666667;0.032090;NAN;310.50;NAN;NAN;0.03;NAN;5.725;-0.094;3.357;3.863;NAN;fast_gpps;
2403;J1900+0227;NAN;NAN;NAN;51721.00;36.170;-0.925;285.16083333;2.45888889;0.374262;5.71e-15;202.30;NAN;NAN;0.33;NAN;4.529;-0.073;2.673;4.844;NAN;pksmb,palfa,fast_gpps;
2404;J1900+0405g;NAN;NAN;NAN;NAN;37.617;-0.187;285.16666667;4.08333333;0.072380;NAN;636.90;NAN;NAN;0.03;NAN;6.763;-0.022;4.128;3.143;NAN;fast_gpps;
2405;J1900+0438;NAN;NAN;NAN;56700.00;38.067;0.169;285.05562500;4.64633333;0.312314;3.23e-15;627.00;NAN;NAN;0.12;NAN;6.988;0.021;4.309;2.998;NAN;palfa;
2406;J1900+0634;NAN;NAN;NAN;52554.00;39.808;0.995;285.11680833;6.57247222;0.389869;5.13e-15;323.40;NAN;NAN;0.24;NAN;8.595;0.149;5.502;1.898;NAN;pksmb,ar4,fast_gpps;
2407;J1900+0715g;NAN;NAN;NAN;NAN;40.400;1.327;285.09166667;7.25000000;0.970440;NAN;263.20;NAN;NAN;0.06;NAN;8.628;0.200;5.590;1.931;NAN;fast_gpps;
2408;J1900+0732g;NAN;NAN;NAN;NAN;40.639;1.482;285.06250000;7.53333333;1.709000;NAN;226.00;NAN;NAN;NAN;NAN;8.213;0.212;5.347;2.270;NAN;fast_gpps;
2409;J1900+0908g;NAN;NAN;NAN;NAN;42.071;2.198;285.07916667;9.13333333;NAN;NAN;264.00;NAN;NAN;NAN;NAN;11.398;0.437;7.632;0.045;NAN;fast_gpps;
2410;J1900+30;NAN;NAN;NAN;NAN;61.757;11.802;285.07500000;30.88333333;0.602227;NAN;71.84;NAN;NAN;NAN;NAN;6.839;1.399;5.897;5.332;NAN;ar4,ar327,gbncc,lotaas,fast_gpps;
2411;J1900+4221;NAN;NAN;NAN;59275.00;72.595;16.385;285.04412083;42.34670833;4.341134;9.05e-15;68.14;NAN;NAN;0.03;NAN;10.079;2.843;9.227;5.608;NAN;fast_crafts;
2412;J1900-0051;NAN;NAN;NAN;51912.00;33.238;-2.467;285.19435000;-0.85233333;0.385194;1.42e-16;136.00;NAN;NAN;0.45;NAN;4.217;-0.181;2.309;4.976;NAN;pksmb,fast_gpps;
2413;J1900-0134;NAN;NAN;NAN;58269.00;32.553;-2.721;285.10905833;-1.57727778;1.832332;3.05e-14;177.70;NAN;NAN;0.20;NAN;4.848;-0.230;2.606;4.418;NAN;fast_crafts,fast_gpps;
2414;J1900-0152g;NAN;NAN;NAN;NAN;32.352;-2.963;285.23333333;-1.86666667;1.384000;NAN;314.00;NAN;NAN;NAN;NAN;9.432;-0.488;5.040;0.543;NAN;fast_gpps;
2415;J1900-0933;NAN;NAN;NAN;56979.00;25.413;-6.346;285.12995833;-9.56336111;1.423889;2.26e-16;162.70;NAN;NAN;0.40;NAN;9.722;-1.075;4.147;-0.227;NAN;htru_pks,gbncc;
2416;J1900-2600;-19.900;-47.300;0.500;48891.00;10.342;-13.451;285.19825833;-26.01216667;0.612209;2.05e-16;37.99;NAN;131.00;15.00;NAN;0.700;-0.163;0.122;7.830;NAN;mol1,htru_pks,mol2,pks70,pkssw;
2417;J1900-7951;NAN;NAN;NAN;43565.14;314.322;-27.065;285.10166667;-79.86338889;1.279193;1.86e-15;39.00;NAN;6.50;0.95;NAN;2.375;-1.081;-1.513;7.022;NAN;mol2;
2418;J1901+00;NAN;NAN;NAN;58977.88;34.558;-2.003;285.38333333;0.53333333;0.777662;NAN;340.30;NAN;NAN;0.35;NAN;7.232;-0.253;4.100;2.548;NAN;ar4,palfa,pksmb,fast_gpps;
2419;J1901+0020g;NAN;NAN;NAN;NAN;34.352;-2.038;285.32083333;0.33333333;0.214810;NAN;239.10;NAN;NAN;0.04;NAN;5.608;-0.199;3.162;3.873;NAN;fast_gpps;
2420;J1901+0124;NAN;NAN;NAN;52632.00;35.381;-1.677;285.46893750;1.41369444;0.318817;3.24e-15;314.80;NAN;NAN;0.30;NAN;6.602;-0.193;3.821;3.120;NAN;pksmb,fast_gpps;
2421;J1901+0156;NAN;NAN;NAN;49298.00;35.818;-1.367;285.39286914;1.94394890;0.288219;2.36e-15;105.39;0.00;13.70;0.38;NAN;3.231;-0.077;1.890;5.881;NAN;gb3,ar327,lotaas,palfa,pksmb,fast_g;
2422;J1901+0234;NAN;NAN;NAN;56700.00;36.370;-1.048;285.36220833;2.58094444;0.885240;2.30e-14;404.80;NAN;NAN;0.14;NAN;7.544;-0.138;4.473;2.427;NAN;palfa,fast_gpps;
2423;J1901+0254;NAN;NAN;NAN;52626.00;36.643;-0.855;285.31529167;2.91138889;1.299693;4.56e-16;185.00;NAN;NAN;0.58;NAN;4.300;-0.064;2.566;5.050;NAN;pksmb,palfa,fast_gpps;
2424;J1901+0315g;NAN;NAN;NAN;NAN;36.979;-0.768;285.39166667;3.25000000;0.819820;NAN;410.50;NAN;NAN;0.03;NAN;6.488;-0.087;3.902;3.317;NAN;fast_gpps;
2425;J1901+0320;NAN;NAN;NAN;59428.00;36.999;-0.613;285.26284167;3.33819444;0.636584;5.23e-16;396.00;NAN;NAN;0.89;NAN;5.909;-0.063;3.556;3.781;NAN;pksmb,palfa,fast_gpps;
2426;J1901+0331;-7.000;-45.000;NAN;54336.00;37.213;-0.637;285.38242083;3.51832500;0.655450;7.46e-15;401.20;0.00;165.00;4.20;NAN;7.000;-0.078;4.233;2.926;NAN;jb1,ar1,gb3,jb2,mol2,palfa,pksmb,fa;
2427;J1901+0355;NAN;NAN;NAN;52352.00;37.580;-0.444;285.37837500;3.93302778;0.554756;1.27e-14;547.40;NAN;NAN;0.15;NAN;6.687;-0.052;4.078;3.201;NAN;pksmb,palfa,fast_gpps;
2428;J1901+0413;NAN;NAN;NAN;51706.00;37.806;-0.232;285.29291667;4.23083333;2.663080;1.32e-13;347.50;NAN;NAN;1.20;NAN;5.315;-0.021;3.258;4.301;NAN;pksmb,palfa,fast_gpps;
2429;J1901+0435;NAN;NAN;NAN;53041.00;38.167;-0.148;285.38416667;4.58972222;0.690576;8.67e-15;920.00;NAN;NAN;4.24;NAN;8.725;-0.023;5.392;1.640;NAN;pksmb,palfa,fast_gpps;
2430;J1901+0459;NAN;NAN;NAN;56700.00;38.490;0.087;285.32279167;4.98522222;0.877044;1.57e-14;1108.00;NAN;NAN;0.12;NAN;12.064;0.018;7.508;-0.943;NAN;palfa;
2431;J1901+0510;NAN;NAN;NAN;59243.00;38.738;0.025;285.49125000;5.17680556;0.614757;3.11e-14;435.00;0.00;NAN;0.66;NAN;5.954;0.003;3.726;3.856;NAN;pksmb,palfa,fast_gpps;
2432;J1901+0511;NAN;NAN;NAN;56700.00;38.715;0.084;285.42879167;5.18338889;4.600369;2.53e-14;410.00;NAN;NAN;0.05;NAN;5.831;0.009;3.647;3.950;NAN;palfa,fast_gpps;
2433;J1901+0621;NAN;NAN;NAN;52282.00;39.687;0.756;285.27483333;6.35527778;0.832002;1.80e-17;105.20;NAN;NAN;0.47;NAN;3.227;0.043;2.061;6.017;NAN;palfa,pksmb,fast_gpps;
2434;J1901+0659g;NAN;NAN;NAN;NAN;40.282;0.973;285.35416667;6.98333333;0.075730;NAN;126.20;NAN;NAN;0.05;NAN;3.829;0.065;2.475;5.579;NAN;fast_gpps;
2435;J1901+0712g;NAN;NAN;NAN;NAN;40.484;1.054;285.37500000;7.20000000;1.037710;NAN;332.40;NAN;NAN;0.04;NAN;8.903;0.164;5.779;1.730;NAN;fast_gpps;
2436;J1901+0716;NAN;NAN;NAN;49863.00;40.569;1.056;285.41223609;7.27633469;0.643999;2.29e-15;252.80;0.00;3.90;0.90;NAN;3.400;0.063;2.211;5.918;NAN;jb2,palfa,pksmb,fast_gpps;
2437;J1901+13;NAN;NAN;NAN;NAN;46.144;3.981;285.34583333;13.56666667;0.740952;NAN;152.00;NAN;NAN;0.07;NAN;7.409;0.514;5.330;3.379;NAN;pksmb;
2438;J1901+1306;NAN;NAN;NAN;49079.50;45.786;3.683;285.45320833;13.11341667;1.830857;1.31e-16;75.00;NAN;0.60;NAN;NAN;2.499;0.161;1.787;6.761;NAN;ar3,fast_gpps;
2439;J1901-0125;-1.900;-5.000;NAN;56000.00;32.817;-2.902;285.39083333;-1.42472222;0.002793;3.58e-20;70.42;NAN;NAN;NAN;NAN;2.361;-0.120;1.278;6.518;GRS:4FGL_J1901.4-0126[aab+22];FermiAssoc;
2440;J1901-0312;NAN;NAN;NAN;52608.00;31.192;-3.646;285.31531250;-3.20819444;0.355725;2.29e-15;106.60;NAN;NAN;0.23;NAN;3.778;-0.240;1.953;5.275;NAN;pksmb,gbncc;
2441;J1901-0315;NAN;NAN;NAN;53283.00;31.152;-3.669;285.31804167;-3.25397222;0.801693;2.57e-15;242.60;NAN;NAN;0.09;NAN;8.447;-0.541;4.361;1.286;NAN;pksmb;
2442;J1901-0906;-7.540;-18.200;0.520;56000.00;25.979;-6.441;285.47086958;-9.10309611;1.781928;1.64e-15;72.68;NAN;11.00;3.50;NAN;2.000;-0.224;0.871;6.713;NAN;pks70,gbncc,htru_pks,pkssw;
2443;J1901-1740;NAN;NAN;NAN;51500.00;18.138;-10.071;285.32512500;-17.66666667;1.956858;8.23e-16;24.40;NAN;NAN;0.30;NAN;0.894;-0.156;0.274;7.664;NAN;pkssw,htru_pks;
2444;J1902+0235;NAN;NAN;NAN;56835.00;36.498;-1.282;285.62942500;2.58743056;0.415394;9.48e-17;280.49;NAN;NAN;0.04;NAN;6.067;-0.136;3.608;3.624;NAN;palfa,fast_gpps;
2445;J1902+0248;NAN;NAN;NAN;52554.00;36.738;-1.249;285.70941667;2.81555556;1.223777;2.41e-15;268.80;NAN;NAN;0.17;NAN;5.945;-0.130;3.555;3.737;NAN;pksmb,palfa,fast_gpps;
2446;J1902+0556;NAN;NAN;NAN;49722.00;39.501;0.210;285.67758522;5.94053304;0.746577;1.29e-14;177.49;0.00;15.00;1.20;NAN;3.600;0.013;2.290;5.722;NAN;ar1,ar4,jb2,palfa,pksmb;
2447;J1902+0557g;NAN;NAN;NAN;NAN;39.535;0.165;285.73333333;5.95000000;NAN;NAN;414.00;NAN;NAN;NAN;NAN;6.083;0.018;3.872;3.809;NAN;fast_gpps;
2448;J1902+0615;-0.885;-8.013;NAN;57600.00;39.814;0.336;285.70948750;6.27594722;0.673505;7.71e-15;502.90;0.00;22.00;1.60;NAN;7.000;0.041;4.482;3.123;NAN;jb2,palfa,pksmb,fast_gpps;
2449;J1902+0723;NAN;NAN;NAN;49079.50;40.742;0.984;285.55641667;7.39750000;0.487813;2.10e-16;105.00;NAN;0.60;0.17;NAN;3.328;0.057;2.172;5.979;NAN;ar3,pksmb,fast_gpps;
2450;J1902+0809g;NAN;NAN;NAN;NAN;41.423;1.305;285.58333333;8.15000000;0.190230;NAN;436.80;NAN;NAN;0.01;NAN;13.849;0.315;9.160;-1.882;NAN;fast_gpps;
2451;J1902+1141;NAN;NAN;NAN;58377.00;44.537;2.984;285.50917083;11.68486111;0.409140;2.59e-15;269.12;NAN;NAN;0.12;NAN;13.888;0.723;9.727;-1.386;NAN;palfa;
2452;J1902-0340;NAN;NAN;NAN;52724.00;30.958;-4.209;285.71125000;-3.67166667;1.524672;2.00e-15;114.00;NAN;NAN;0.22;NAN;4.049;-0.297;2.077;5.037;NAN;pksmb;
2453;J1902-1036;NAN;NAN;NAN;56916.00;24.716;-7.291;285.67666250;-10.60361111;0.786814;7.54e-15;96.30;NAN;NAN;0.13;NAN;4.073;-0.517;1.689;4.830;NAN;htru_pks,gbncc;
2454;J1903+0135;3.000;-13.000;NAN;57600.00;35.727;-1.955;285.87494167;1.59403611;0.729307;4.03e-15;245.20;0.00;58.00;5.50;NAN;3.300;-0.113;1.926;5.823;NAN;jb1,gb4,mol2,palfa,pksmb,fast_gpps;
2455;J1903+0319g;NAN;NAN;NAN;NAN;37.229;-1.107;285.80833333;3.31666667;1.854000;NAN;307.00;NAN;NAN;NAN;NAN;6.472;-0.125;3.915;3.348;NAN;fast_gpps;
2456;J1903+0415;NAN;NAN;NAN;57450.00;38.088;-0.732;285.86800417;4.25211111;1.151399;2.27e-16;481.90;NAN;NAN;0.07;NAN;7.598;-0.097;4.687;2.520;NAN;palfa,fast_gpps;
2457;J1903+0433g;NAN;NAN;NAN;NAN;38.335;-0.561;285.82916667;4.55000000;14.049900;NAN;202.60;NAN;NAN;0.01;NAN;4.437;-0.043;2.752;5.020;NAN;fast_gpps;
2458;J1903+0534g;NAN;NAN;NAN;NAN;39.257;-0.132;285.87083333;5.56666667;0.357650;NAN;407.70;NAN;NAN;0.04;NAN;5.883;-0.014;3.723;3.945;NAN;fast_gpps;
2459;J1903+0601;NAN;NAN;NAN;52146.00;39.650;0.109;285.83697500;6.02611111;0.374117;1.92e-14;388.00;0.01;NAN;0.26;NAN;5.887;0.011;3.756;3.967;NAN;pksmb,palfa;
2460;J1903+0654;NAN;NAN;NAN;56700.00;40.502;0.388;285.98033333;6.91094444;0.791232;1.06e-14;329.00;NAN;NAN;0.11;NAN;5.922;0.040;3.846;3.997;NAN;palfa;
2461;J1903+0839g;NAN;NAN;NAN;NAN;42.041;1.197;285.96666667;8.65000000;0.004620;NAN;166.50;NAN;NAN;0.18;NAN;5.312;0.111;3.556;4.556;NAN;fast_gpps;
2462;J1903+0845g;NAN;NAN;NAN;59503.00;42.121;1.295;285.91503417;8.76611111;0.153150;9.20e-17;129.56;NAN;NAN;0.03;NAN;4.308;0.097;2.889;5.305;NAN;fast_gpps;
2463;J1903+0851g;NAN;NAN;NAN;59567.00;42.137;1.466;285.76887500;8.85788889;1.231882;2.72e-14;81.90;NAN;NAN;0.05;NAN;2.679;0.069;1.797;6.514;NAN;fast_gpps;
2464;J1903+0912;NAN;NAN;NAN;57605.00;42.522;1.490;285.92542083;9.21158056;0.166314;1.48e-14;363.10;NAN;NAN;0.09;NAN;11.853;0.308;8.008;-0.233;NAN;palfa,fast_gpps;
2465;J1903+0925;NAN;NAN;NAN;53396.00;42.743;1.543;285.97991667;9.43194444;0.357155;3.69e-14;162.00;NAN;NAN;0.20;NAN;6.256;0.168;4.244;3.907;NAN;pksmb,fast_gpps;
2466;J1903+2225;NAN;NAN;NAN;49079.50;54.363;7.427;285.97062500;22.42008333;0.651185;4.45e-16;109.20;NAN;0.80;NAN;NAN;5.755;0.744;4.638;5.175;NAN;ar3,fast_gpps;
2467;J1903-0258;NAN;NAN;NAN;53095.00;31.659;-4.038;285.87642917;-2.97100000;0.301459;6.79e-16;114.10;NAN;NAN;0.14;NAN;4.069;-0.287;2.130;5.045;NAN;pksmb,gbncc;
2468;J1903-0632;NAN;NAN;NAN;57600.00;28.479;-5.679;285.90805833;-6.53931111;0.431889;3.38e-15;195.61;0.00;23.00;NAN;NAN;12.449;-1.232;5.907;-2.389;NAN;jb1,htru_pks,mol2,pks70,pkssw;
2469;J1903-0848;NAN;NAN;NAN;54987.00;26.382;-6.601;285.79696250;-8.81594444;0.887325;1.33e-15;66.99;NAN;NAN;NAN;NAN;2.612;-0.300;1.153;6.176;NAN;gbt350,gbncc;
2470;J1904+0004;8.000;-7.000;NAN;54377.00;34.450;-2.811;286.05299167;0.06813611;0.139525;1.18e-16;233.60;0.00;16.00;2.90;NAN;6.363;-0.312;3.595;3.259;NAN;pks70,gbncc,pksmb,fast_gpps;
2471;J1904+0056;NAN;NAN;NAN;58677.00;35.224;-2.387;286.02941667;0.94972222;0.438089;4.00e-18;127.00;NAN;NAN;0.04;NAN;4.242;-0.177;2.445;5.038;NAN;palfa;
2472;J1904+0207g;NAN;NAN;NAN;NAN;36.333;-1.990;286.18333333;2.11666667;0.005040;NAN;229.90;NAN;NAN;0.02;NAN;5.999;-0.208;3.552;3.670;NAN;fast_gpps;
2473;J1904+0358g;NAN;NAN;NAN;NAN;37.936;-1.061;286.09166667;3.96666667;0.751540;NAN;531.30;NAN;NAN;0.01;NAN;12.094;-0.224;7.434;-1.037;NAN;fast_gpps;
2474;J1904+0415g;NAN;NAN;NAN;NAN;38.157;-0.872;286.02500000;4.25000000;0.231450;NAN;522.60;NAN;NAN;0.05;NAN;9.639;-0.147;5.955;0.922;NAN;fast_gpps;
2475;J1904+0451;NAN;NAN;NAN;56242.00;38.806;-0.787;286.24743667;4.86526472;0.006092;5.72e-21;182.71;NAN;NAN;0.09;NAN;4.401;-0.060;2.758;5.071;NAN;palfa;
2476;J1904+0519g;NAN;NAN;NAN;NAN;39.109;-0.390;286.03333333;5.31666667;1.680530;NAN;72.70;NAN;NAN;0.08;NAN;2.236;-0.015;1.410;6.765;NAN;fast_gpps;
2477;J1904+0535g;NAN;NAN;NAN;NAN;39.430;-0.430;286.21666667;5.58333333;0.603760;NAN;78.40;NAN;NAN;0.04;NAN;2.429;-0.018;1.543;6.624;NAN;fast_gpps;
2478;J1904+0553g;NAN;NAN;NAN;NAN;39.630;-0.164;286.07083333;5.88333333;0.004910;NAN;164.20;NAN;NAN;0.83;NAN;4.013;-0.011;2.560;5.409;NAN;fast_gpps;
2479;J1904+0603g;NAN;NAN;NAN;NAN;39.845;-0.216;286.21666667;6.05000000;1.974930;NAN;413.20;NAN;NAN;0.02;NAN;6.075;-0.023;3.892;3.836;NAN;fast_gpps;
2480;J1904+0621g;NAN;NAN;NAN;NAN;40.117;-0.089;286.22916667;6.35000000;1.232000;NAN;173.00;NAN;NAN;NAN;NAN;4.150;-0.006;2.674;5.326;NAN;fast_gpps;
2481;J1904+0738;NAN;NAN;NAN;54760.00;41.180;0.680;286.03138750;7.64769167;0.208958;4.11e-16;278.30;NAN;NAN;0.23;NAN;6.155;0.073;4.052;3.868;NAN;palfa,fast_gpps;
2482;J1904+0800;NAN;NAN;NAN;51911.00;41.498;0.863;286.01458333;8.01461111;0.263345;1.73e-14;438.80;0.00;NAN;0.36;NAN;10.969;0.165;7.267;0.285;NAN;pksmb,palfa,fast_gpps;
2483;J1904+0823g;NAN;NAN;NAN;NAN;41.903;0.884;286.18333333;8.38333333;1.507730;NAN;59.40;NAN;NAN;0.02;NAN;1.812;0.028;1.210;7.152;NAN;fast_gpps;
2484;J1904+0836g;NAN;NAN;NAN;NAN;42.078;1.016;286.14583333;8.60000000;0.004440;NAN;90.50;NAN;NAN;0.02;NAN;2.926;0.052;1.961;6.329;NAN;fast_gpps;
2485;J1904+0852g;NAN;NAN;NAN;59355.00;42.371;1.073;286.23038475;8.88606194;0.006197;1.01e-20;195.16;NAN;NAN;0.06;NAN;5.925;0.111;3.992;4.123;NAN;fast_gpps;
2486;J1904+1011;NAN;NAN;NAN;51600.00;43.433;1.865;286.01037500;10.19294444;1.856570;2.76e-16;137.00;NAN;4.40;0.58;NAN;5.607;0.182;3.853;4.430;NAN;ar1,ar2,ar3,palfa,pksmb,fast_gpps;
2487;J1904+33;NAN;NAN;NAN;NAN;64.058;11.973;286.00000000;33.00000000;0.417000;NAN;81.04;NAN;NAN;NAN;NAN;9.134;1.895;8.035;4.591;NAN;gbncc;
2488;J1904-0150;NAN;NAN;NAN;53107.00;32.828;-3.841;286.23147917;-1.84236111;0.379387;8.90e-16;158.20;NAN;NAN;0.09;NAN;5.192;-0.348;2.808;4.147;NAN;pksmb,fast_gpps;
2489;J1904-11;NAN;NAN;NAN;NAN;24.100;-8.101;286.14166667;-11.50944444;0.002620;NAN;97.70;NAN;NAN;NAN;NAN;4.659;-0.657;1.883;4.290;GRS:4FGL_J1904.4-1129[aab+22];FermiAssoc;
2490;J1904-1224;NAN;NAN;NAN;51037.00;23.291;-8.490;286.13867335;-12.40036635;0.750808;7.42e-16;118.23;0.00;6.00;0.30;NAN;7.280;-1.075;2.847;1.887;NAN;pks70,htru_pks,pkssw;
2491;J1904-1629;NAN;NAN;NAN;57039.00;19.590;-10.332;286.21404167;-16.48861111;1.541412;3.19e-15;145.00;NAN;NAN;0.17;NAN;25.000;-4.484;8.246;-14.671;NAN;htru_pks;
2492;J1905+0156g;NAN;NAN;NAN;NAN;36.216;-2.163;286.28333333;1.93333333;1.085000;NAN;137.00;NAN;NAN;NAN;NAN;4.476;-0.169;2.643;4.891;NAN;fast_gpps;
2493;J1905+0400;-3.800;-7.300;NAN;53700.00;38.095;-1.289;286.36780598;4.00302306;0.003784;4.91e-21;25.60;NAN;NAN;0.05;NAN;1.062;-0.024;0.655;7.664;NAN;pksmb,fast_gpps;
2494;J1905+0414;NAN;NAN;NAN;NAN;38.246;-1.079;286.25000000;4.23333333;NAN;NAN;383.00;NAN;NAN;NAN;NAN;9.081;-0.171;5.620;1.369;NAN;palfa;
2495;J1905+0450g;NAN;NAN;NAN;NAN;38.891;-1.021;286.49583333;4.83333333;0.783300;NAN;442.30;NAN;NAN;0.01;NAN;9.920;-0.177;6.227;0.780;NAN;fast_gpps;
2496;J1905+0558g;NAN;NAN;NAN;NAN;39.793;-0.298;286.26666667;5.96666667;0.846000;NAN;472.00;NAN;NAN;NAN;NAN;6.544;-0.034;4.188;3.472;NAN;fast_gpps;
2497;J1905+0600;NAN;NAN;NAN;59395.00;39.839;-0.277;286.26806333;6.01684722;0.441210;1.11e-15;728.90;NAN;NAN;0.42;NAN;8.785;-0.042;5.628;1.754;NAN;pksmb,palfa,fast_gpps;
2498;J1905+0616;NAN;NAN;NAN;51631.00;40.069;-0.169;286.27853750;6.27130556;0.989706;1.35e-13;256.00;0.02;0.50;0.51;NAN;4.952;-0.015;3.188;4.710;NAN;ar4,palfa,pksmb,fast_gpps;
2499;J1905+0656g;NAN;NAN;NAN;59267.00;40.737;0.002;286.43476250;6.94305556;2.511763;3.87e-16;23.10;NAN;NAN;0.06;NAN;1.043;0.000;0.681;7.710;NAN;fast_gpps;
2500;J1905+0709;NAN;NAN;NAN;49466.00;40.944;0.065;286.47342570;7.15537856;0.648040;4.94e-15;245.30;0.01;NAN;1.90;NAN;4.979;0.006;3.263;4.739;NAN;jb2,palfa,pksmb,fast_gpps;
2501;J1905+0758g;NAN;NAN;NAN;59429.00;41.672;0.454;286.46235000;7.98128333;1.192649;4.59e-17;197.60;NAN;NAN;0.04;NAN;4.766;0.038;3.169;4.940;NAN;fast_gpps;
2502;J1905+0902;NAN;NAN;NAN;59355.00;42.555;1.056;286.33142250;9.04233056;0.218254;3.50e-15;433.80;NAN;NAN;0.10;NAN;11.559;0.213;7.816;-0.013;NAN;palfa,fast_gpps;
2503;J1905+0920g;NAN;NAN;NAN;NAN;42.794;1.228;286.28750000;9.33333333;0.170470;NAN;396.60;NAN;NAN;0.01;NAN;11.552;0.248;7.846;0.025;NAN;fast_gpps;
2504;J1905+0936g;NAN;NAN;NAN;59650.00;43.063;1.288;286.35870000;9.59983611;1.634497;1.50e-15;417.40;NAN;NAN;0.06;NAN;12.449;0.280;8.498;-0.593;NAN;fast_gpps;
2505;J1905+1034;NAN;NAN;NAN;57737.00;43.919;1.755;286.33593750;10.57436111;1.726810;2.07e-14;164.00;NAN;NAN;0.04;NAN;6.910;0.212;4.791;3.525;NAN;palfa,fast_gpps;
2506;J1905-0056;NAN;NAN;NAN;57600.00;33.690;-3.551;286.36563333;-0.94466667;0.643183;3.06e-15;229.10;0.00;9.80;0.70;NAN;7.642;-0.473;4.231;2.154;NAN;gb3,htru_eff,pks70,pksmb,fast_gpps;
2507;J1906+0335g;NAN;NAN;NAN;NAN;37.874;-1.776;286.70000000;3.58333333;1.296000;NAN;213.00;NAN;NAN;NAN;NAN;6.073;-0.188;3.727;3.708;NAN;fast_gpps;
2508;J1906+0414;NAN;NAN;NAN;53677.00;38.478;-1.510;286.74080417;4.24151111;1.043362;1.15e-14;348.60;NAN;NAN;0.23;NAN;10.044;-0.265;6.247;0.640;NAN;pksmb,fast_gpps;
2509;J1906+0509;NAN;NAN;NAN;56406.00;39.291;-1.083;286.73540417;5.15988889;0.397590;5.22e-15;99.50;NAN;NAN;0.07;NAN;3.091;-0.058;1.957;6.108;NAN;palfa;
2510;J1906+0641;-5.766;-2.170;NAN;49613.00;40.604;-0.304;286.64685351;6.68413853;0.267275;2.14e-15;472.80;0.00;2.80;2.80;NAN;7.000;-0.037;4.556;3.186;NAN;jb2,ar4,palfa,pksmb,fast_gpps;
2511;J1906+0646g;NAN;NAN;NAN;NAN;40.639;-0.192;286.56250000;6.76666667;0.355520;NAN;290.50;NAN;NAN;0.05;NAN;5.317;-0.018;3.463;4.465;NAN;fast_gpps;
2512;J1906+0649;NAN;NAN;NAN;59200.00;40.690;-0.152;286.55001250;6.83013889;1.286564;1.52e-16;249.00;NAN;NAN;0.30;NAN;4.966;-0.013;3.238;4.735;NAN;pksmb,fast_gpps;
2513;J1906+0722;NAN;NAN;NAN;55716.00;41.216;0.031;286.63000000;7.38216667;0.111524;3.59e-14;NAN;NAN;NAN;NAN;NAN;NAN;0.000;0.000;8.500;GRS:4FGL_J1906.4+0723[aab+22];FermiBlind;
2514;J1906+0724;NAN;NAN;NAN;57080.00;41.222;0.074;286.59407083;7.40633333;1.536490;3.00e-15;475.20;NAN;NAN;0.04;NAN;6.918;0.009;4.559;3.297;NAN;palfa,fast_gpps;
2515;J1906+0757g;NAN;NAN;NAN;59430.00;41.741;0.254;286.67393708;7.95051167;0.057189;1.16e-19;79.10;NAN;NAN;0.03;NAN;2.468;0.011;1.643;6.658;NAN;fast_gpps;
2516;J1906+0822g;NAN;NAN;NAN;NAN;42.104;0.459;286.65833333;8.36666667;0.433440;NAN;367.90;NAN;NAN;0.01;NAN;7.037;0.056;4.718;3.279;NAN;fast_gpps;
2517;J1906+0912;NAN;NAN;NAN;51360.00;42.840;0.884;286.61858333;9.21572222;0.775345;1.32e-16;265.00;NAN;NAN;0.32;NAN;7.415;0.114;5.041;3.064;NAN;pksmb,palfa;
2518;J1906+1854;NAN;NAN;NAN;NAN;51.501;5.251;286.68629167;18.90236111;1.019093;2.05e-16;156.77;NAN;4.60;NAN;NAN;6.721;0.615;5.238;4.334;NAN;ar3,ar327,ar4,lotaas,fast_gpps;
2519;J1907+0249;NAN;NAN;NAN;52554.00;37.306;-2.323;286.92512500;2.82805556;0.351879;1.14e-15;261.00;NAN;NAN;0.46;NAN;8.749;-0.355;5.298;1.547;NAN;pksmb,palfa,fast_gpps;
2520;J1907+0255;NAN;NAN;NAN;56700.00;37.339;-2.192;286.82458333;2.91741667;0.618761;2.23e-16;260.60;NAN;NAN;0.14;NAN;8.217;-0.314;4.980;1.972;NAN;palfa,fast_gpps;
2521;J1907+0345;NAN;NAN;NAN;51999.00;38.075;-1.796;286.81059583;3.75294444;0.240153;8.22e-15;311.70;NAN;NAN;0.17;NAN;9.482;-0.297;5.845;1.039;NAN;pksmb,palfa,fast_gpps;
2522;J1907+0534;NAN;NAN;NAN;51719.00;39.717;-0.988;286.84725000;5.58138889;1.138403;3.15e-15;526.00;NAN;NAN;0.36;NAN;11.859;-0.205;7.577;-0.621;NAN;pksmb,palfa,fast_gpps;
2523;J1907+0555g;NAN;NAN;NAN;NAN;40.021;-0.848;286.86250000;5.91666667;3.159000;NAN;150.00;NAN;NAN;NAN;NAN;4.062;-0.060;2.612;5.390;NAN;fast_gpps;
2524;J1907+0602;NAN;NAN;NAN;54935.00;40.182;-0.894;286.97808333;6.03802778;0.106633;8.68e-14;82.10;NAN;NAN;0.00;NAN;2.370;-0.037;1.529;6.690;GRS:4FGL_J1907.9+0602[aab+22],SNR:G40.5-;FermiBlind;
2525;J1907+0631;NAN;NAN;NAN;56985.00;40.515;-0.484;286.76590000;6.52191667;0.323648;4.52e-13;428.60;NAN;NAN;0.25;NAN;3.400;-0.029;2.209;5.915;SNR:G40.5-0.5[lsb+17];palfa,fast_gpps;
2526;J1907+0658g;NAN;NAN;NAN;NAN;40.967;-0.390;286.89166667;6.96666667;0.218340;NAN;523.00;NAN;NAN;0.05;NAN;7.717;-0.053;5.059;2.673;NAN;fast_gpps;
2527;J1907+0709g;NAN;NAN;NAN;NAN;41.173;-0.390;286.98750000;7.15000000;0.344100;NAN;279.40;NAN;NAN;0.08;NAN;5.409;-0.037;3.561;4.429;NAN;fast_gpps;
2528;J1907+0731;NAN;NAN;NAN;52352.00;41.500;-0.211;286.97829167;7.52275000;0.363676;1.84e-14;239.80;NAN;NAN;0.35;NAN;4.994;-0.018;3.309;4.760;NAN;pksmb,palfa;
2529;J1907+0740;NAN;NAN;NAN;51354.00;41.613;-0.102;286.93382500;7.67294444;0.574698;6.71e-16;332.00;0.00;NAN;0.41;NAN;5.810;-0.010;3.858;4.156;NAN;pksmb,palfa,fast_gpps;
2530;J1907+0833;NAN;NAN;NAN;56161.00;42.431;0.262;286.98768333;8.56666389;0.167628;3.70e-15;511.68;0.03;NAN;0.10;NAN;8.309;0.038;5.606;2.367;NAN;palfa;
2531;J1907+0859;NAN;NAN;NAN;56700.00;42.707;0.661;286.75797083;8.99550000;1.527042;5.54e-15;190.00;NAN;NAN;0.07;NAN;4.988;0.058;3.383;4.835;NAN;palfa;
2532;J1907+0918;NAN;NAN;NAN;51319.00;43.024;0.730;286.84350417;9.30854444;0.226107;9.43e-14;357.70;0.00;0.40;0.20;NAN;8.221;0.105;5.609;2.490;NAN;misc,palfa,pksmb,fast_gpps;
2533;J1907+0919;0.600;4.200;NAN;51052.00;43.021;0.766;286.80970833;9.32225000;5.198346;9.20e-11;NAN;NAN;NAN;NAN;NAN;NAN;0.000;0.000;8.500;SNR:G42.8+0.6(?),XRS:SGR_1900+14;misc;
2534;J1907+1149;NAN;NAN;NAN;53445.00;45.290;1.832;286.90741667;11.82697222;1.420160;1.60e-13;207.20;NAN;NAN;0.16;NAN;7.622;0.244;5.414;3.141;NAN;pksmb,palfa,fast_gpps;
2535;J1907+1247;NAN;NAN;NAN;51600.00;46.099;2.373;286.79458333;12.79330556;0.827097;1.95e-15;257.00;NAN;0.80;NAN;NAN;10.526;0.436;7.578;1.207;NAN;ar1,fast_gpps;
2536;J1907+4002;11.000;11.000;NAN;48713.00;70.948;14.203;286.89440000;40.03491944;1.235757;5.41e-16;30.97;0.00;23.00;1.80;NAN;2.460;0.604;2.254;7.722;NAN;gb1,gb2,gb4,lotaas;
2537;J1907+57;NAN;NAN;NAN;NAN;87.484;20.459;286.75000000;57.00000000;0.424000;NAN;54.63;NAN;NAN;NAN;NAN;6.706;2.344;6.277;8.224;NAN;gbncc;
2538;J1907-1532;NAN;NAN;NAN;55424.00;20.700;-10.413;286.77825000;-15.53747222;0.632235;3.08e-15;72.60;NAN;NAN;NAN;NAN;3.475;-0.628;1.208;5.303;NAN;htru_pks;
2539;J1908+0457;NAN;NAN;NAN;49079.50;39.267;-1.468;287.06729167;4.96138889;0.846793;9.80e-16;349.20;0.00;NAN;0.93;NAN;10.954;-0.281;6.931;0.022;NAN;misc,palfa,pksmb,fast_gpps;
2540;J1908+0500;NAN;NAN;NAN;49079.50;39.293;-1.403;287.02150833;5.01512500;0.291021;2.59e-15;201.40;0.00;6.10;0.79;NAN;5.844;-0.143;3.700;3.979;NAN;ar3,palfa,pksmb,fast_gpps;
2541;J1908+0558;NAN;NAN;NAN;57632.00;40.141;-0.949;287.00832083;5.97609444;0.168678;2.28e-15;457.70;NAN;NAN;0.05;NAN;10.617;-0.176;6.844;0.385;NAN;palfa,fast_gpps;
2542;J1908+0734;NAN;NAN;NAN;49079.50;41.585;-0.270;287.07087500;7.57065556;0.212353;8.25e-16;11.10;NAN;3.50;0.54;NAN;0.669;-0.003;0.444;8.000;NAN;ar3,palfa,pksmb;
2543;J1908+0811g;NAN;NAN;NAN;NAN;42.180;-0.087;287.18333333;8.18333333;0.181640;NAN;298.30;NAN;NAN;0.02;NAN;5.626;-0.009;3.778;4.331;NAN;fast_gpps;
2544;J1908+0833;NAN;NAN;NAN;56700.00;42.469;0.171;287.08733333;8.55875000;0.512111;1.99e-15;700.00;NAN;NAN;0.20;NAN;11.320;0.034;7.643;0.150;NAN;palfa;
2545;J1908+0839;NAN;NAN;NAN;51550.00;42.560;0.229;287.07712500;8.66644444;0.185397;2.39e-15;513.30;0.01;NAN;0.49;NAN;8.283;0.033;5.602;2.399;NAN;pksmb,palfa,fast_gpps;
2546;J1908+0909;NAN;NAN;NAN;51525.00;42.972;0.494;287.03098750;9.15344444;0.336555;3.49e-14;465.90;0.01;NAN;0.22;NAN;8.858;0.076;6.038;2.019;NAN;pksmb,palfa,fast_gpps;
2547;J1908+0911g;NAN;NAN;NAN;NAN;43.001;0.502;287.03750000;9.18333333;5.166000;NAN;132.00;NAN;NAN;NAN;NAN;3.863;0.034;2.635;5.675;NAN;fast_gpps;
2548;J1908+0916;NAN;NAN;NAN;42832.50;43.173;0.361;287.24483333;9.27055556;0.830270;9.80e-17;249.80;0.00;5.00;0.23;NAN;5.560;0.035;3.804;4.445;NAN;ar1,palfa,pksmb;
2549;J1908+0949g;NAN;NAN;NAN;NAN;43.562;0.797;287.03333333;9.81666667;0.009050;NAN;220.30;NAN;NAN;0.02;NAN;6.002;0.084;4.136;4.151;NAN;fast_gpps;
2550;J1908+1035g;NAN;NAN;NAN;NAN;44.271;1.096;287.09583333;10.58333333;0.010690;NAN;10.90;NAN;NAN;0.01;NAN;0.671;0.013;0.468;8.020;NAN;fast_gpps;
2551;J1908+1351;NAN;NAN;NAN;58489.00;47.206;2.558;287.14712500;13.86111111;3.174832;3.70e-15;178.80;NAN;NAN;0.02;NAN;6.845;0.306;5.018;3.854;NAN;palfa,fast_gpps;
2552;J1908+2351;NAN;NAN;NAN;NAN;56.144;7.112;287.13308333;23.86163889;0.377578;1.70e-17;101.69;NAN;0.90;NAN;NAN;5.405;0.669;4.454;5.512;NAN;ar4,ar327,fast_gpps;
2553;J1909+0007;5.000;-32.000;NAN;48740.00;35.123;-3.977;287.39690678;0.13271408;1.016948;5.52e-15;112.70;NAN;12.00;0.87;NAN;4.357;-0.302;2.501;4.945;NAN;misc,ar2,ar4,gb2,gb4,lotaas,mol2,pk;
2554;J1909+0254;NAN;NAN;NAN;49695.00;37.605;-2.713;287.40962686;2.91407554;0.989831;5.53e-15;171.70;0.00;21.00;0.63;NAN;4.500;-0.213;2.743;4.939;NAN;jb1,gb4,lotaas,mol2,palfa,pksmb,fas;
2555;J1909+0616;NAN;NAN;NAN;51720.00;40.620;-1.210;287.46337500;6.28105556;0.755993;2.06e-14;346.80;NAN;NAN;0.33;NAN;9.338;-0.197;6.078;1.414;NAN;pksmb,ar4,palfa,fast_gpps;
2556;J1909+0641;NAN;NAN;NAN;54870.00;40.941;-0.940;287.37105000;6.69050000;0.741762;3.22e-15;36.70;NAN;NAN;0.11;NAN;1.325;-0.022;0.868;7.499;NAN;palfa,fast_gpps;
2557;J1909+0657g;NAN;NAN;NAN;NAN;41.143;-0.765;287.30833333;6.95000000;1.245890;NAN;62.40;NAN;NAN;0.09;NAN;1.875;-0.025;1.234;7.088;NAN;fast_gpps;
2558;J1909+0749;NAN;NAN;NAN;54870.00;41.909;-0.340;287.28416667;7.82555556;0.237161;1.52e-13;539.30;NAN;NAN;0.23;NAN;8.286;-0.049;5.534;2.334;NAN;palfa,fast_gpps;
2559;J1909+0905g;NAN;NAN;NAN;NAN;43.083;0.127;287.41250000;9.08333333;1.494880;NAN;250.60;NAN;NAN;0.01;NAN;5.364;0.012;3.664;4.582;NAN;fast_gpps;
2560;J1909+0912;NAN;NAN;NAN;51496.00;43.164;0.258;287.33295833;9.21491667;0.222949;3.58e-14;421.50;0.01;NAN;0.40;NAN;7.608;0.034;5.204;2.951;NAN;pksmb,palfa,fast_gpps;
2561;J1909+0930g;NAN;NAN;NAN;NAN;43.468;0.291;287.44583333;9.50000000;2.020780;NAN;479.60;NAN;NAN;0.02;NAN;8.377;0.042;5.763;2.420;NAN;fast_gpps;
2562;J1909+1102;-7.770;5.351;NAN;57600.00;44.832;0.992;287.45284542;11.03417889;0.283642;2.64e-15;149.98;0.00;50.00;3.20;NAN;4.800;0.083;3.384;5.096;NAN;jb1,ar1,ar3,ar327,ar4,gb3,gb4,jb2,l;
2563;J1909+1132g;NAN;NAN;NAN;NAN;45.253;1.265;287.40416667;11.53333333;0.006800;NAN;276.10;NAN;NAN;0.01;NAN;8.103;0.179;5.754;2.797;NAN;fast_gpps;
2564;J1909+1148;NAN;NAN;NAN;56700.00;45.494;1.416;287.38074583;11.81662778;0.448945;7.25e-17;199.80;NAN;NAN;0.09;NAN;7.125;0.176;5.080;3.507;NAN;palfa,fast_gpps;
2565;J1909+1205;NAN;NAN;NAN;55897.00;45.780;1.472;287.46445833;12.09638889;1.229312;3.40e-15;302.50;NAN;NAN;0.10;NAN;10.130;0.260;7.257;1.438;NAN;palfa,fast_gpps;
2566;J1909+1450;NAN;NAN;NAN;49079.50;48.181;2.827;287.36233333;14.84944444;0.996108;2.19e-16;119.50;NAN;1.10;NAN;NAN;4.411;0.218;3.283;5.562;NAN;ar3,fast_gpps;
2567;J1909+1859;NAN;NAN;NAN;NAN;51.852;4.749;287.32751667;18.98631667;0.542451;9.70e-17;64.52;NAN;5.40;NAN;NAN;2.447;0.203;1.918;6.994;NAN;ar3,ar327,ar4,fast_gpps;
2568;J1910+0225;NAN;NAN;NAN;52586.00;37.229;-3.057;287.54316250;2.42322222;0.337855;2.62e-16;209.00;NAN;NAN;0.60;NAN;7.932;-0.423;4.792;2.193;NAN;pksmb,gbncc;
2569;J1910+0358;NAN;NAN;NAN;50026.00;38.606;-2.339;287.53776645;3.97445134;2.330263;4.47e-15;82.93;NAN;21.00;1.50;NAN;2.861;-0.117;1.784;6.266;NAN;misc,lotaas,mol2,pksmb;
2570;J1910+0435;NAN;NAN;NAN;57862.00;39.158;-2.062;287.54613333;4.59152778;0.664679;1.72e-14;297.00;NAN;NAN;0.09;NAN;11.322;-0.407;7.145;-0.273;NAN;palfa;
2571;J1910+0517;NAN;NAN;NAN;56700.00;39.838;-1.835;287.65794583;5.29891667;0.308048;7.30e-16;300.00;NAN;NAN;0.50;NAN;11.020;-0.353;7.056;0.042;NAN;palfa;
2572;J1910+0534;NAN;NAN;NAN;51709.00;40.056;-1.668;287.61045833;5.56916667;0.452867;1.92e-15;479.40;0.03;NAN;0.41;NAN;20.635;-0.601;13.274;-7.288;NAN;pksmb,palfa,fast_gpps;
2573;J1910+0710;NAN;NAN;NAN;57671.00;41.461;-0.879;287.55780417;7.17955556;0.538647;2.05e-16;254.10;NAN;NAN;0.03;NAN;5.974;-0.092;3.955;4.024;NAN;palfa,fast_gpps;
2574;J1910+0714;NAN;NAN;NAN;49079.50;41.520;-0.870;287.57748750;7.23661111;2.712423;6.12e-15;123.30;0.00;5.40;0.36;NAN;3.663;-0.056;2.428;5.758;NAN;ar3,palfa,pksmb,fast_gpps;
2575;J1910+0728;NAN;NAN;NAN;52187.00;41.740;-0.772;287.59199583;7.47696944;0.325415;8.31e-15;283.70;0.00;NAN;0.87;NAN;6.232;-0.084;4.149;3.850;NAN;pksmb,palfa,fast_gpps;
2576;J1910+1017;NAN;NAN;NAN;55938.00;44.250;0.517;287.60885000;10.29835833;0.411159;5.42e-15;633.83;NAN;NAN;0.04;NAN;13.676;0.123;9.543;-1.296;NAN;palfa;
2577;J1910+1026;NAN;NAN;NAN;56334.00;44.426;0.503;287.70313750;10.44791667;0.531493;2.57e-13;715.30;NAN;NAN;0.06;NAN;15.894;0.140;11.125;-2.850;NAN;palfa,fast_gpps;
2578;J1910+1054g;NAN;NAN;NAN;NAN;44.737;0.886;287.50416667;10.90000000;0.003870;NAN;139.40;NAN;NAN;0.01;NAN;4.372;0.068;3.077;5.395;NAN;fast_gpps;
2579;J1910+1117g;NAN;NAN;NAN;NAN;45.126;0.968;287.61250000;11.28333333;1.321520;NAN;297.40;NAN;NAN;0.02;NAN;7.901;0.134;5.598;2.926;NAN;fast_gpps;
2580;J1910+1231;NAN;NAN;NAN;48741.00;46.205;1.591;287.55641313;12.52782889;1.441742;8.23e-15;258.60;0.00;5.00;0.28;NAN;8.124;0.226;5.862;2.880;NAN;ar1,ar3,palfa,pksmb,fast_gpps;
2581;J1910+56;NAN;NAN;NAN;NAN;87.575;19.955;287.67500000;56.91666667;0.341900;NAN;20.75;NAN;NAN;NAN;NAN;1.482;0.506;1.392;8.441;NAN;lotaas;
2582;J1910-0112;NAN;NAN;NAN;53174.00;34.009;-4.736;287.56541667;-1.20166667;1.360603;1.78e-16;155.60;NAN;NAN;0.07;NAN;6.391;-0.528;3.562;3.220;NAN;pksmb,fast_gpps;
2583;J1910-0309;NAN;NAN;NAN;57600.00;32.280;-5.681;287.62371667;-3.16502778;0.504606;2.19e-15;205.53;0.00;27.00;0.55;NAN;14.439;-1.429;7.673;-3.647;NAN;mol2,gb3,lotaas,pks70,pksmb,pkssw;
2584;J1910-0556;NAN;NAN;NAN;57325.00;29.762;-6.885;287.56884583;-5.94163889;0.557609;5.96e-16;88.30;NAN;NAN;0.26;NAN;3.822;-0.458;1.884;5.206;NAN;pks_superb;
2585;J1910-5959B;-3.160;-4.030;0.254;52000.00;336.494;-25.628;287.71689833;-59.98357250;0.008358;-7.90e-19;33.28;NAN;NAN;0.05;NAN;4.120;-1.782;-1.482;5.094;GC:NGC6752,XRS:[bgh+06],XRS:[fhc+14];pksgc;
2586;J1910-5959C;-3.160;-4.030;0.254;51910.00;336.464;-25.662;287.77314667;-60.01658333;0.005277;2.16e-21;33.21;NAN;NAN;0.24;NAN;4.120;-1.784;-1.483;5.095;GC:NGC6752,XRS:[bgh+06],XRS:[fhc+14];pksgc;
2587;J1910-5959D;-3.160;-4.030;0.254;51910.00;336.493;-25.629;287.71840125;-59.98485528;0.009035;9.64e-19;33.28;NAN;NAN;0.05;NAN;4.120;-1.782;-1.482;5.094;GC:NGC6752,XRS:[bgh+06],XRS:[fhc+14];pksgc;
2588;J1910-5959E;-3.160;-4.030;0.254;51910.00;336.494;-25.628;287.71732167;-59.98391306;0.004572;-4.34e-19;33.31;NAN;NAN;0.07;NAN;4.120;-1.782;-1.482;5.094;GC:NGC6752,XRS:[fhc+14];pksgc;
2589;J1910-5959F;-3.160;-4.030;0.254;58700.00;336.491;-25.629;287.71694167;-59.98591667;0.008485;7.41e-19;33.20;NAN;NAN;0.06;NAN;4.120;-1.782;-1.482;5.094;GC:NGC6752;meerkat_trapum;
2590;J1911+00;NAN;NAN;NAN;52318.00;35.808;-4.247;287.95000000;0.61666667;6.940000;NAN;100.00;NAN;NAN;NAN;NAN;4.047;-0.300;2.361;5.227;NAN;pksmb;
2591;J1911+0101B;-1.110;-3.620;0.132;53000.00;36.109;-3.926;287.80238542;1.03067778;0.005384;-2.00e-21;196.69;NAN;NAN;NAN;NAN;8.400;-0.575;4.939;1.730;GC:NGC6760;misc;
2592;J1911+0310g;NAN;NAN;NAN;NAN;38.020;-2.965;287.82500000;3.16666667;1.333000;NAN;167.70;NAN;NAN;NAN;NAN;6.181;-0.320;3.802;3.637;NAN;fast_gpps;
2593;J1911+0751g;NAN;NAN;NAN;NAN;42.225;-0.896;287.92916667;7.85000000;0.796910;NAN;220.60;NAN;NAN;0.05;NAN;5.570;-0.087;3.743;4.376;NAN;fast_gpps;
2594;J1911+0921;NAN;NAN;NAN;56041.00;43.576;-0.207;287.94369583;9.36577778;0.273707;1.75e-17;340.70;NAN;NAN;0.11;NAN;6.419;-0.023;4.425;3.850;NAN;palfa,fast_gpps;
2595;J1911+0925;NAN;NAN;NAN;55982.00;43.654;-0.227;287.99780000;9.42561111;0.323858;3.55e-15;486.60;0.04;NAN;0.09;NAN;8.146;-0.032;5.623;2.606;NAN;palfa;
2596;J1911+0939g;NAN;NAN;NAN;NAN;43.812;-0.045;287.90833333;9.65000000;0.365470;NAN;597.00;NAN;NAN;0.03;NAN;10.589;-0.008;7.331;0.859;NAN;fast_gpps;
2597;J1911+1017g;NAN;NAN;NAN;NAN;44.324;0.343;287.80000000;10.28333333;1.337000;NAN;162.00;NAN;NAN;NAN;NAN;4.439;0.027;3.102;5.324;NAN;fast_gpps;
2598;J1911+1051;NAN;NAN;NAN;56578.00;44.890;0.499;287.92609167;10.85742778;0.190873;1.22e-14;445.21;NAN;NAN;0.05;NAN;10.116;0.088;7.139;1.333;NAN;palfa,fast_gpps;
2599;J1911+1252g;NAN;NAN;NAN;NAN;46.645;1.479;287.86666667;12.86666667;0.027240;NAN;68.80;NAN;NAN;0.03;NAN;2.167;0.056;1.575;7.013;NAN;fast_gpps;
2600;J1911+1301;NAN;NAN;NAN;57915.00;46.792;1.538;287.88224583;13.02405556;1.010462;1.89e-15;388.80;NAN;NAN;0.05;NAN;11.645;0.313;8.485;0.530;NAN;palfa,fast_gpps;
2601;J1911+1336;NAN;NAN;NAN;58410.00;47.368;1.712;287.99808750;13.61527778;0.299992;1.59e-16;323.95;NAN;NAN;0.07;NAN;10.419;0.311;7.662;1.447;NAN;palfa;
2602;J1911+1347;-2.900;-3.684;0.400;57206.00;47.518;1.809;287.98001448;13.79287662;0.004626;1.69e-20;30.99;NAN;3.00;0.90;NAN;2.500;0.079;1.843;6.812;NAN;pksmb,ar327,fast_gpps;
2603;J1911+1758;NAN;NAN;NAN;49079.50;51.238;3.738;287.98079167;17.97938611;0.460406;1.31e-17;48.90;NAN;1.90;NAN;NAN;1.953;0.127;1.520;7.280;NAN;ar3,fast_gpps;
2604;J1912+0934g;NAN;NAN;NAN;NAN;43.858;-0.313;288.17083333;9.56666667;0.897470;NAN;143.80;NAN;NAN;0.03;NAN;4.025;-0.022;2.789;5.598;NAN;fast_gpps;
2605;J1912+1000g;NAN;NAN;NAN;NAN;44.251;-0.130;288.19166667;10.00000000;3.053000;NAN;147.00;NAN;NAN;NAN;NAN;4.090;-0.009;2.854;5.570;NAN;fast_gpps;
2606;J1912+1036;NAN;NAN;NAN;51600.00;44.794;0.152;288.19304167;10.61155556;0.409349;1.58e-14;147.00;0.00;1.60;0.22;NAN;4.154;0.011;2.927;5.552;NAN;ar1,palfa,pksmb,fast_gpps;
2607;J1912+1105g;NAN;NAN;NAN;NAN;45.173;0.444;288.10833333;11.08333333;0.670710;NAN;151.40;NAN;NAN;0.02;NAN;4.368;0.034;3.098;5.421;NAN;fast_gpps;
2608;J1912+1417g;NAN;NAN;NAN;NAN;48.022;1.904;288.13333333;14.28333333;0.003170;NAN;66.60;NAN;NAN;0.04;NAN;2.164;0.072;1.608;7.053;NAN;fast_gpps;
2609;J1912+2104;-11.370;-5.800;0.090;56000.00;54.086;4.989;288.18057958;21.07609056;2.232969;1.02e-14;88.50;NAN;6.00;0.80;NAN;3.366;0.293;2.716;6.533;NAN;jb1,ar3,fast_gpps;
2610;J1912+2525;NAN;NAN;NAN;NAN;57.933;7.042;288.07760833;25.41725556;0.621976;2.25e-16;37.85;NAN;1.60;NAN;NAN;2.150;0.264;1.808;7.367;NAN;ar3,ar327,gbncc,lotaas,fast_gpps;
2611;J1913+0446;NAN;NAN;NAN;51832.34;39.736;-2.790;288.46175000;4.76833333;1.616130;2.79e-13;109.10;NAN;NAN;0.48;NAN;4.338;-0.211;2.770;5.168;NAN;pksmb,fast_gpps;
2612;J1913+0523;NAN;NAN;NAN;58290.00;40.243;-2.395;288.34467083;5.39966667;0.661997;1.80e-15;333.60;NAN;NAN;0.03;NAN;16.100;-0.673;10.392;-3.779;NAN;palfa,fast_gpps;
2613;J1913+0657;NAN;NAN;NAN;56700.00;41.644;-1.712;288.38716667;6.95675000;1.257181;2.83e-15;142.00;NAN;NAN;0.05;NAN;5.068;-0.151;3.366;4.714;NAN;palfa,fast_gpps;
2614;J1913+0832;NAN;NAN;NAN;51685.00;42.980;-0.862;288.25208333;8.53475000;0.134409;4.57e-15;356.40;0.02;NAN;0.90;NAN;8.216;-0.124;5.601;2.490;NAN;pksmb,palfa,fast_gpps;
2615;J1913+0904;NAN;NAN;NAN;56367.33;43.502;-0.684;288.33775417;9.07927778;0.163251;1.76e-14;96.90;NAN;NAN;0.40;NAN;3.043;-0.036;2.095;6.293;GRS:4FGL_J1913.3+0905[aab+22];pksmb,FermiBlind,palfa,fast_gpps;
2616;J1913+0936;NAN;NAN;NAN;51600.00;44.034;-0.553;288.46958333;9.61161111;1.241965;4.32e-16;157.00;NAN;0.80;0.14;NAN;4.337;-0.042;3.014;5.382;NAN;ar1,palfa,pksmb;
2617;J1913+1000;NAN;NAN;NAN;52187.00;44.285;-0.194;288.26495833;10.00066667;0.837148;1.67e-14;422.80;0.01;NAN;0.53;NAN;7.678;-0.026;5.361;3.004;NAN;pksmb,palfa,fast_gpps;
2618;J1913+1011;NAN;NAN;NAN;56381.00;44.485;-0.167;288.33475417;10.18971389;0.035910;3.38e-15;178.40;0.00;NAN;0.90;NAN;4.607;-0.013;3.228;5.213;GRS:4FGL_J1913.3+1019[aab+22];pksmb,FermiAssoc,palfa,fast_gpps;
2619;J1913+1037g;NAN;NAN;NAN;NAN;44.925;-0.087;288.47083333;10.61666667;0.434210;NAN;436.80;NAN;NAN;0.01;NAN;7.887;-0.012;5.570;2.916;NAN;fast_gpps;
2620;J1913+1050;NAN;NAN;NAN;56700.00;45.090;0.081;288.39735000;10.84072222;0.190067;1.95e-16;231.10;NAN;NAN;0.06;NAN;5.446;0.008;3.857;4.655;NAN;palfa,fast_gpps;
2621;J1913+1054g;NAN;NAN;NAN;NAN;45.089;0.211;288.27916667;10.90000000;0.450620;NAN;335.50;NAN;NAN;0.02;NAN;7.078;0.026;5.013;3.503;NAN;fast_gpps;
2622;J1913+11025;NAN;NAN;NAN;56356.00;45.289;0.151;288.42797917;11.04966667;0.923872;3.40e-16;626.00;0.05;NAN;0.14;NAN;11.411;0.030;8.109;0.472;NAN;palfa;
2623;J1913+1145;NAN;NAN;NAN;51290.00;45.920;0.476;288.43283333;11.75919444;0.306069;5.02e-15;641.50;0.02;NAN;0.43;NAN;13.813;0.115;9.922;-1.109;NAN;pksmb,palfa,fast_gpps;
2624;J1913+1330;NAN;NAN;NAN;55090.90;47.421;1.381;288.32487500;13.50910556;0.923391;8.68e-15;175.64;NAN;NAN;NAN;NAN;6.179;0.149;4.549;4.320;NAN;pksmb,palfa;
2625;J1913+1400;-5.280;-8.940;0.190;56000.00;47.881;1.592;288.35146958;14.01459972;0.521473;8.04e-16;145.00;0.00;5.20;1.20;NAN;5.400;0.150;4.004;4.880;NAN;ar1,ar2,ar3,palfa,pksmb,fast_gpps;
2626;J1913+3732;NAN;NAN;NAN;56694.00;69.097;12.128;288.36621667;37.53676389;0.851079;1.38e-15;72.33;NAN;NAN;0.38;NAN;7.585;1.594;6.928;5.854;NAN;htru_eff,ar327,gbncc,fast_gpps;
2627;J1913-0440;7.000;-5.000;NAN;46634.00;31.307;-7.124;288.47572292;-4.67991111;0.825936;4.07e-15;89.39;0.00;118.00;6.80;NAN;4.041;-0.501;2.084;5.074;NAN;mol1,gb2,jb1,lotaas,mol2,pks70,pkss;
2628;J1914+0219;NAN;NAN;NAN;53040.00;37.633;-4.037;288.59914167;2.32994444;0.457527;1.02e-15;233.80;NAN;NAN;1.60;NAN;14.113;-0.993;8.596;-2.649;NAN;pksmb,gbncc,fast_gpps;
2629;J1914+0625;NAN;NAN;NAN;56964.00;41.233;-2.092;288.53482917;6.41693611;0.878889;4.53e-16;204.80;NAN;NAN;0.06;NAN;8.344;-0.305;5.496;2.229;NAN;palfa,fast_gpps;
2630;J1914+0631;NAN;NAN;NAN;52582.00;41.352;-2.071;288.57183333;6.53230556;0.693811;3.32e-17;58.00;NAN;NAN;0.26;NAN;1.776;-0.064;1.173;7.168;NAN;pksmb,palfa,fast_gpps;
2631;J1914+0659;NAN;NAN;NAN;56351.00;41.785;-1.846;288.57352917;7.01972222;0.018512;3.10e-20;225.34;NAN;NAN;0.41;NAN;8.468;-0.273;5.640;2.189;NAN;palfa;
2632;J1914+0805;NAN;NAN;NAN;58528.00;42.708;-1.307;288.52295000;8.08686111;0.455499;3.02e-17;344.40;NAN;NAN;0.16;NAN;10.671;-0.243;7.236;0.661;NAN;fast_gpps,palfa;
2633;J1914+0838;NAN;NAN;NAN;56825.00;43.243;-1.124;288.61021083;8.64587222;0.440040;5.86e-16;290.60;NAN;NAN;0.28;NAN;8.070;-0.158;5.528;2.623;NAN;pks_superb,palfa,fast_gpps;
2634;J1914+1029g;NAN;NAN;NAN;NAN;44.864;-0.258;288.59583333;10.48333333;2.484990;NAN;65.90;NAN;NAN;0.01;NAN;2.030;-0.009;1.432;7.061;NAN;fast_gpps;
2635;J1914+1054g;NAN;NAN;NAN;NAN;45.202;-0.007;288.52916667;10.90000000;0.138870;NAN;418.70;NAN;NAN;0.03;NAN;7.768;-0.001;5.512;3.027;NAN;fast_gpps;
2636;J1914+1122;NAN;NAN;NAN;42826.50;45.623;0.199;288.54216667;11.36769444;0.600997;6.56e-16;100.80;NAN;1.10;0.55;NAN;3.163;0.011;2.261;6.288;NAN;ar1,ar4,palfa,pksmb,fast_gpps;
2637;J1914+1228g;NAN;NAN;NAN;NAN;46.681;0.548;288.72916667;12.46666667;2.277550;NAN;311.50;NAN;NAN;0.02;NAN;7.304;0.070;5.314;3.489;NAN;fast_gpps;
2638;J1914+1428;NAN;NAN;NAN;56000.00;48.461;1.487;288.72477500;14.47950000;1.159520;2.18e-15;220.90;NAN;NAN;0.06;NAN;6.514;0.169;4.874;4.182;NAN;palfa;
2639;J1914+2636;NAN;NAN;NAN;59424.00;59.268;7.053;288.73227917;26.60455000;0.459114;5.90e-18;59.03;NAN;NAN;0.55;NAN;3.415;0.419;2.913;6.768;NAN;fast_crafts;
2640;J1915+0227;NAN;NAN;NAN;53036.00;37.825;-4.117;288.75884167;2.46326944;0.317306;2.99e-16;192.20;NAN;NAN;0.40;NAN;10.234;-0.735;6.260;0.437;NAN;pksmb,gbncc,fast_gpps;
2641;J1915+0639;NAN;NAN;NAN;57374.00;41.655;-2.366;288.97636250;6.66283611;0.644140;1.84e-15;212.50;NAN;NAN;0.04;NAN;8.881;-0.367;5.898;1.870;NAN;palfa,fast_gpps;
2642;J1915+0738;NAN;NAN;NAN;49079.50;42.466;-1.803;288.85333333;7.64205556;1.542704;3.31e-15;38.60;NAN;1.90;0.34;NAN;1.397;-0.044;0.943;7.470;NAN;ar3,palfa,pksmb,fast_gpps;
2643;J1915+0752;NAN;NAN;NAN;53048.00;42.623;-1.614;288.75808333;7.86922222;2.058314;1.39e-16;104.10;NAN;1.70;0.21;NAN;3.521;-0.099;2.383;5.910;NAN;ar4,palfa,pksmb,fast_gpps;
2644;J1915+0832g;NAN;NAN;NAN;NAN;43.219;-1.321;288.77500000;8.53333333;2.710090;NAN;45.60;NAN;NAN;0.02;NAN;1.547;-0.036;1.059;7.373;NAN;fast_gpps;
2645;J1915+0838;NAN;NAN;NAN;52025.00;43.337;-1.295;288.80779167;8.64991667;0.342777;1.57e-15;358.00;NAN;NAN;0.29;NAN;10.841;-0.245;7.438;0.617;NAN;pksmb,palfa,fast_gpps;
2646;J1915+1009;6.000;-17.000;NAN;57600.00;44.707;-0.651;288.87496250;10.16204722;0.404552;1.53e-14;241.69;0.00;23.00;2.00;NAN;7.000;-0.079;4.924;3.525;NAN;ar1,ar2,ar3,jb2,palfa,pksmb;
2647;J1915+1045g;NAN;NAN;NAN;NAN;45.231;-0.384;288.88333333;10.75000000;1.546000;NAN;123.00;NAN;NAN;NAN;NAN;3.704;-0.025;2.630;5.892;NAN;fast_gpps;
2648;J1915+1145;NAN;NAN;NAN;56367.00;46.129;0.082;288.88801292;11.76138333;0.173647;1.53e-17;337.50;NAN;NAN;0.09;NAN;7.150;0.010;5.154;3.545;NAN;palfa,fast_gpps;
2649;J1915+1150;NAN;NAN;NAN;55927.00;46.170;0.180;288.81920833;11.84316667;0.100041;1.37e-14;699.70;NAN;NAN;0.05;NAN;14.003;0.044;10.102;-1.197;NAN;palfa,fast_gpps;
2650;J1915+1410;NAN;NAN;NAN;53399.00;48.275;1.200;288.89756667;14.18097222;0.297494;4.89e-17;273.70;NAN;NAN;0.13;NAN;7.128;0.149;5.319;3.757;NAN;pksmb,palfa,fast_gpps;
2651;J1915+1647;NAN;NAN;NAN;48867.00;50.552;2.468;288.82962409;16.78568769;1.616231;4.05e-16;62.50;NAN;4.50;NAN;NAN;2.194;0.094;1.693;7.107;NAN;ar1,ar2,ar3,ar4,lotaas,palfa,fast_g;
2652;J1915-11;NAN;NAN;NAN;56657.00;25.244;-10.394;288.75000000;-11.50000000;2.177000;NAN;91.06;NAN;NAN;NAN;NAN;5.495;-0.991;2.305;3.611;NAN;gbt350;
2653;J1916+0741g;NAN;NAN;NAN;NAN;42.602;-1.975;289.07083333;7.68333333;0.011220;NAN;220.10;NAN;NAN;0.03;NAN;8.442;-0.291;5.711;2.290;NAN;fast_gpps;
2654;J1916+0748;NAN;NAN;NAN;53048.00;42.772;-2.047;289.21458333;7.80000000;0.541752;1.07e-14;304.00;NAN;1.14;2.80;NAN;11.778;-0.421;7.993;-0.140;NAN;ar4,palfa,pksmb,fast_gpps;
2655;J1916+0748g;NAN;NAN;NAN;59607.00;42.801;-2.076;289.25374583;7.81219444;0.867880;1.98e-16;153.40;NAN;NAN;0.01;NAN;6.455;-0.234;4.383;3.767;NAN;fast_gpps;
2656;J1916+0844;NAN;NAN;NAN;52018.00;43.538;-1.493;289.07950417;8.73527778;0.439995;2.90e-15;337.40;0.01;NAN;0.44;NAN;10.979;-0.286;7.560;0.544;NAN;pksmb,palfa,fast_gpps;
2657;J1916+0852;NAN;NAN;NAN;52352.00;43.674;-1.448;289.10250000;8.87666667;2.182746;1.31e-14;295.00;NAN;NAN;0.13;NAN;9.387;-0.237;6.480;1.713;NAN;pksmb,palfa,fast_gpps;
2658;J1916+0937g;NAN;NAN;NAN;NAN;44.284;-1.017;289.00416667;9.61666667;7.368000;NAN;186.00;NAN;NAN;NAN;NAN;5.457;-0.097;3.810;4.594;NAN;fast_gpps;
2659;J1916+0951;-8.786;-2.073;NAN;49910.00;44.556;-1.019;289.13476905;9.85721612;0.270254;2.52e-15;60.90;0.00;20.00;1.60;NAN;1.903;-0.034;1.335;7.144;NAN;ar1,ar2,ar3,gb3,jb2,lotaas,mol2,pal;
2660;J1916+1023;NAN;NAN;NAN;52529.00;45.031;-0.790;289.15379167;10.38416667;1.618339;6.81e-16;343.30;NAN;NAN;0.36;NAN;7.894;-0.109;5.584;2.922;NAN;pksmb,fast_gpps;
2661;J1916+1030;NAN;NAN;NAN;47469.83;45.099;-0.638;289.04883333;10.51483333;0.628970;3.40e-17;388.40;0.01;NAN;0.22;NAN;8.168;-0.091;5.785;2.735;NAN;misc,palfa,pksmb,fast_gpps;
2662;J1916+1030g;NAN;NAN;NAN;NAN;45.151;-0.769;289.19166667;10.50000000;0.349380;NAN;520.70;NAN;NAN;0.01;NAN;11.367;-0.153;8.058;0.484;NAN;fast_gpps;
2663;J1916+1142Ag;NAN;NAN;NAN;NAN;46.238;-0.256;289.24583333;11.70000000;NAN;NAN;260.00;NAN;NAN;NAN;NAN;6.135;-0.027;4.431;4.257;NAN;fast_gpps;
2664;J1916+1142Bg;NAN;NAN;NAN;NAN;46.238;-0.256;289.24583333;11.70000000;1.188000;NAN;318.00;NAN;NAN;NAN;NAN;6.987;-0.031;5.046;3.667;NAN;fast_gpps;
2665;J1916+1225;NAN;NAN;NAN;54570.00;46.811;0.225;289.08352083;12.43165000;0.227387;2.35e-14;265.31;NAN;NAN;0.09;NAN;6.487;0.026;4.730;4.060;NAN;palfa;
2666;J1916+1312;NAN;NAN;NAN;57600.00;47.576;0.451;289.24445833;13.21388889;0.281845;3.66e-15;237.00;0.00;12.00;1.20;NAN;4.500;0.035;3.322;5.464;NAN;ar1,ar3,jb2,palfa,pksmb,fast_gpps;
2667;J1916+3224;NAN;NAN;NAN;NAN;64.627;9.430;289.01445000;32.41102778;1.137450;3.47e-15;84.11;NAN;NAN;NAN;NAN;7.946;1.302;7.082;5.141;NAN;lotaas,ar327,gbncc,fast_gpps;
2668;J1916+38;NAN;NAN;NAN;NAN;70.526;12.124;289.12500000;38.80000000;0.514000;NAN;77.00;NAN;NAN;NAN;NAN;8.426;1.770;7.767;5.754;NAN;pumps;
2669;J1916-2939;NAN;NAN;NAN;57346.00;8.245;-18.070;289.13625417;-29.65772222;1.248617;1.24e-15;38.34;NAN;NAN;NAN;NAN;1.600;-0.496;0.218;6.995;NAN;gbncc;
2670;J1917+0743g;NAN;NAN;NAN;59652.00;42.769;-2.209;289.35796667;7.72130278;0.813453;4.48e-17;198.90;NAN;NAN;0.03;NAN;8.231;-0.317;5.585;2.462;NAN;fast_gpps;
2671;J1917+0834;NAN;NAN;NAN;52345.00;43.575;-1.892;289.45355417;8.58184167;2.129665;1.75e-14;28.40;NAN;0.44;0.31;NAN;1.214;-0.040;0.836;7.621;NAN;misc,pksmb,fast_gpps;
2672;J1917+0834g;NAN;NAN;NAN;NAN;43.475;-1.735;289.26666667;8.56666667;2.933000;NAN;101.00;NAN;NAN;NAN;NAN;3.472;-0.105;2.388;5.982;NAN;fast_gpps;
2673;J1917+1046g;NAN;NAN;NAN;NAN;45.519;-0.894;289.47916667;10.76666667;0.087730;NAN;163.10;NAN;NAN;0.01;NAN;4.866;-0.076;3.471;5.091;NAN;fast_gpps;
2674;J1917+1121g;NAN;NAN;NAN;NAN;45.981;-0.521;289.36250000;11.35000000;0.510310;NAN;303.50;NAN;NAN;0.01;NAN;7.078;-0.064;5.090;3.582;NAN;fast_gpps;
2675;J1917+1259g;NAN;NAN;NAN;NAN;47.430;0.235;289.37083333;12.98333333;0.005630;NAN;117.00;NAN;NAN;0.04;NAN;3.637;0.015;2.678;6.040;NAN;fast_gpps;
2676;J1917+1353;-1.280;3.810;0.170;56000.00;48.260;0.624;289.41577667;13.89918806;0.194631;7.20e-15;94.50;0.00;43.00;6.80;NAN;8.000;0.087;5.969;3.174;NAN;misc,ar1,ar2,ar3,gb3,jb2,lotaas,mol;
2677;J1917+1411g;NAN;NAN;NAN;NAN;48.485;0.806;289.35833333;14.18333333;0.446460;NAN;123.40;NAN;NAN;0.01;NAN;3.968;0.056;2.971;5.870;NAN;fast_gpps;
2678;J1917+17;NAN;NAN;NAN;NAN;51.284;2.397;289.25000000;17.40000000;0.419600;NAN;39.00;NAN;NAN;NAN;NAN;1.688;0.071;1.316;7.445;NAN;pumps;
2679;J1917+1737;NAN;NAN;NAN;55070.00;51.528;2.418;289.34990000;17.62544444;0.334725;3.24e-16;208.00;NAN;NAN;0.05;NAN;5.530;0.233;4.326;5.063;NAN;palfa;
2680;J1917+2224;NAN;NAN;NAN;49724.00;55.785;4.553;289.43428307;22.38021094;0.425897;2.86e-15;134.70;NAN;3.00;0.36;NAN;4.960;0.394;4.089;5.720;NAN;ar2,gbncc,lotaas,fast_gpps;
2681;J1918+0342g;NAN;NAN;NAN;NAN;39.310;-4.283;289.59166667;3.70000000;NAN;NAN;174.00;NAN;NAN;NAN;NAN;9.702;-0.725;6.129;1.014;NAN;fast_gpps;
2682;J1918+1311;NAN;NAN;NAN;56866.00;47.759;0.055;289.69258333;13.19014167;0.856749;2.26e-15;244.50;NAN;NAN;0.05;NAN;6.187;0.006;4.580;4.341;NAN;palfa;
2683;J1918+1340g;NAN;NAN;NAN;NAN;48.195;0.250;289.72500000;13.66666667;0.232990;NAN;573.40;NAN;NAN;0.04;NAN;11.720;0.051;8.736;0.688;NAN;fast_gpps;
2684;J1918+1444;NAN;NAN;NAN;49690.00;49.096;0.866;289.59849272;14.75166717;1.181023;2.12e-13;27.20;NAN;1.60;1.00;NAN;1.304;0.020;0.985;7.646;NAN;ar1,ar3,jb2,palfa,pksmb,fast_gpps;
2685;J1918+1514g;NAN;NAN;NAN;NAN;49.585;0.973;289.73750000;15.23333333;NAN;NAN;134.00;NAN;NAN;NAN;NAN;4.176;0.071;3.179;5.793;NAN;fast_gpps;
2686;J1918+1536g;NAN;NAN;NAN;NAN;49.845;1.265;289.59583333;15.60000000;0.109950;NAN;123.70;NAN;NAN;0.01;NAN;3.830;0.085;2.927;6.031;NAN;fast_gpps;
2687;J1918+1540g;NAN;NAN;NAN;NAN;49.897;1.310;289.57916667;15.66666667;0.004280;NAN;271.20;NAN;NAN;0.02;NAN;6.478;0.148;4.954;4.328;NAN;fast_gpps;
2688;J1918+1541;NAN;NAN;NAN;49079.50;49.894;1.360;289.53208333;15.68755556;0.370883;2.54e-15;11.80;NAN;0.80;NAN;NAN;0.742;0.018;0.567;8.022;NAN;ar3,fast_gpps;
2689;J1918+1547g;NAN;NAN;NAN;NAN;50.028;1.311;289.64166667;15.78333333;0.003760;NAN;64.60;NAN;NAN;0.02;NAN;2.185;0.050;1.674;7.097;NAN;fast_gpps;
2690;J1918+26;NAN;NAN;NAN;NAN;59.913;6.484;289.62500000;26.91666667;0.723000;NAN;113.00;NAN;NAN;NAN;NAN;8.302;0.938;7.137;4.365;NAN;pumps;
2691;J1918-1052;NAN;NAN;NAN;55026.00;26.226;-10.963;289.70102917;-10.87955000;0.798693;8.65e-16;62.70;NAN;NAN;NAN;NAN;2.966;-0.564;1.287;5.888;NAN;gbt350,gbncc;
2692;J1919+0021;10.110;-4.700;0.170;56000.00;36.506;-6.151;289.96113125;0.36103389;1.272260;7.67e-15;90.30;NAN;16.00;0.80;NAN;5.600;-0.600;3.312;4.025;NAN;jb1,ar4,gb2,gb3,lotaas,mol2,pks70,p;
2693;J1919+0134;NAN;NAN;NAN;51650.00;37.582;-5.563;289.93175000;1.58236111;1.603984;5.89e-16;191.50;NAN;NAN;2.10;NAN;14.301;-1.386;8.681;-2.780;NAN;pkssw,pksmb,fast_gpps;
2694;J1919+1113g;NAN;NAN;NAN;NAN;46.093;-1.016;289.86250000;11.21666667;0.766000;NAN;288.00;NAN;NAN;NAN;NAN;7.516;-0.133;5.414;3.289;NAN;fast_gpps;
2695;J1919+1314;NAN;NAN;NAN;54790.00;47.895;-0.088;289.88744167;13.24369444;0.571400;3.79e-15;613.40;NAN;NAN;0.22;NAN;13.026;-0.020;9.664;-0.234;NAN;palfa,fast_gpps;
2696;J1919+1527g;NAN;NAN;NAN;NAN;49.876;0.886;289.95833333;15.45000000;1.371460;NAN;697.50;NAN;NAN;0.01;NAN;16.926;0.262;12.941;-2.407;NAN;fast_gpps;
2697;J1919+1645;NAN;NAN;NAN;53560.00;50.954;1.642;289.78851250;16.75631111;0.562790;2.16e-16;208.00;NAN;NAN;0.16;NAN;5.414;0.155;4.203;5.091;NAN;pksngp,fast_gpps;
2698;J1919+1745;NAN;NAN;NAN;55320.00;51.897;1.987;289.93059167;17.75105278;2.081343;1.71e-15;141.50;NAN;NAN;0.19;NAN;4.077;0.141;3.206;5.986;NAN;palfa,fast_gpps;
2699;J1919+23;NAN;NAN;NAN;NAN;57.300;4.901;289.85833333;23.87944444;0.004630;NAN;38.40;NAN;NAN;NAN;NAN;2.042;0.174;1.712;7.401;GRS:4FGL_J1919.1+2354[aab+22];FermiAssoc,fast_gpps;
2700;J1919+2621;NAN;NAN;NAN;58333.00;59.535;5.993;289.92088750;26.35818333;0.651512;5.46e-16;96.50;NAN;NAN;0.57;NAN;6.099;0.637;5.228;5.425;NAN;fast_crafts,fast_gpps;
2701;J1920+1040;NAN;NAN;NAN;52596.00;45.784;-1.590;290.23075000;10.67527778;2.215802;6.48e-15;308.80;NAN;NAN;0.57;NAN;10.266;-0.285;7.355;1.344;NAN;pksmb,palfa,fast_gpps;
2702;J1920+1110;NAN;NAN;NAN;51719.00;46.152;-1.199;290.05545833;11.18305556;0.509886;1.56e-16;182.00;0.03;NAN;0.39;NAN;6.135;-0.128;4.423;4.251;NAN;pksmb,ar4,palfa,fast_gpps;
2703;J1920+1515g;NAN;NAN;NAN;NAN;49.760;0.679;290.09166667;15.25000000;1.602760;NAN;646.50;NAN;NAN;0.02;NAN;15.389;0.182;11.746;-1.440;NAN;fast_gpps;
2704;J1920+2650;NAN;NAN;NAN;49912.00;60.068;6.027;290.15989412;26.84400048;0.785522;3.44e-17;27.70;NAN;6.00;NAN;NAN;1.722;0.181;1.484;7.646;NAN;gb2,ar4,gb4,lotaas,fast_gpps;
2705;J1920-0950;NAN;NAN;NAN;57037.00;27.417;-10.977;290.23304167;-9.83361111;1.037824;3.93e-16;93.00;NAN;NAN;0.20;NAN;6.186;-1.178;2.796;3.109;NAN;htru_pks;
2706;J1921+0812;NAN;NAN;NAN;53277.00;43.710;-2.934;290.44876667;8.21440556;0.210648;5.36e-15;82.80;NAN;NAN;0.66;NAN;2.823;-0.144;1.948;6.462;NAN;pksmb,fast_gpps;
2707;J1921+0851g;NAN;NAN;NAN;NAN;44.201;-2.502;290.29583333;8.85000000;0.957000;NAN;101.00;NAN;NAN;NAN;NAN;3.851;-0.168;2.682;5.742;NAN;fast_gpps;
2708;J1921+0921;NAN;NAN;NAN;58119.00;44.733;-2.418;290.47286250;9.35838889;0.562302;9.58e-15;139.50;NAN;NAN;0.06;NAN;6.139;-0.259;4.317;4.143;NAN;palfa;
2709;J1921+1006g;NAN;NAN;NAN;NAN;45.370;-2.036;290.43333333;10.10000000;3.345000;NAN;362.00;NAN;NAN;NAN;NAN;14.170;-0.503;10.078;-1.449;NAN;fast_gpps;
2710;J1921+1227g;NAN;NAN;NAN;NAN;47.402;-0.852;290.34166667;12.45000000;1.598000;NAN;259.00;NAN;NAN;NAN;NAN;6.832;-0.102;5.029;3.876;NAN;fast_gpps;
2711;J1921+1259g;NAN;NAN;NAN;NAN;47.865;-0.586;290.32500000;12.98333333;0.573160;NAN;366.30;NAN;NAN;0.01;NAN;8.229;-0.084;6.102;2.980;NAN;fast_gpps;
2712;J1921+1340g;NAN;NAN;NAN;NAN;48.491;-0.308;290.37500000;13.66666667;4.602940;NAN;754.90;NAN;NAN;0.03;NAN;25.000;-0.134;18.721;-8.068;NAN;fast_gpps;
2713;J1921+1419;NAN;NAN;NAN;48741.00;49.058;0.021;290.35066643;14.32140937;0.618183;5.60e-15;91.60;0.01;3.20;0.68;NAN;2.809;0.001;2.122;6.659;NAN;ar1,jb2,lotaas,palfa,pksmb,fast_gpp;
2714;J1921+1505g;NAN;NAN;NAN;NAN;49.732;0.377;290.35416667;15.08333333;0.611900;NAN;514.90;NAN;NAN;0.01;NAN;10.572;0.069;8.067;1.667;NAN;fast_gpps;
2715;J1921+1544;NAN;NAN;NAN;53632.00;50.350;0.609;290.44363458;15.73818333;0.143576;9.80e-16;385.00;NAN;NAN;0.21;NAN;9.038;0.096;6.958;2.733;NAN;pksngp,palfa;
2716;J1921+1629g;NAN;NAN;NAN;NAN;51.009;0.958;290.44583333;16.48333333;NAN;NAN;105.00;NAN;NAN;NAN;NAN;3.164;0.053;2.459;6.509;NAN;fast_gpps;
2717;J1921+1630;NAN;NAN;NAN;56891.00;50.949;1.138;290.25059167;16.51550000;0.936448;2.23e-14;190.30;NAN;NAN;0.05;NAN;5.035;0.100;3.909;5.329;NAN;palfa,fast_gpps;
2718;J1921+1632g;NAN;NAN;NAN;NAN;51.034;1.016;290.40416667;16.53333333;0.493000;NAN;164.00;NAN;NAN;NAN;NAN;4.538;0.080;3.528;5.647;NAN;fast_gpps;
2719;J1921+1948;NAN;NAN;NAN;48739.00;53.869;2.672;290.26583304;19.81240720;0.821035;8.96e-16;154.20;0.00;34.00;1.70;NAN;4.327;0.202;3.491;5.951;NAN;jb1,ar1,ar2,ar3,gb3,gb4,lotaas,mol2;
2720;J1921+2003;NAN;NAN;NAN;51600.00;54.172;2.621;290.46498750;20.05577778;0.760681;5.00e-17;98.20;0.00;2.30;NAN;NAN;3.233;0.148;2.619;6.610;NAN;ar1,fast_gpps;
2721;J1921+2153;17.000;32.000;NAN;48999.00;55.777;3.501;290.43672917;21.88395833;1.337302;1.35e-15;12.40;0.00;57.00;19.00;NAN;0.300;0.018;0.248;8.332;NAN;misc,ar1,ar2,ar3,gb1,gb3,gb4,jb1,lo;
2722;J1921+34;NAN;NAN;NAN;NAN;66.641;9.263;290.25000000;34.11666667;1.444000;NAN;90.00;NAN;NAN;NAN;NAN;8.782;1.414;7.957;5.063;NAN;pumps,ar327;
2723;J1921-05;NAN;NAN;NAN;56017.00;31.483;-9.033;290.26666667;-5.38333333;2.227590;NAN;80.70;NAN;NAN;NAN;NAN;4.077;-0.640;2.103;5.066;NAN;htru_pks,gbncc;
2724;J1921-0510;NAN;NAN;NAN;57325.00;31.724;-9.032;290.37270833;-5.16966667;0.794254;6.02e-16;96.60;NAN;NAN;0.40;NAN;5.604;-0.880;2.910;3.792;NAN;pks_superb,gbncc;
2725;J1922+1131;NAN;NAN;NAN;56700.00;46.762;-1.601;290.70945833;11.53291667;0.562074;2.57e-17;335.00;NAN;NAN;0.13;NAN;10.486;-0.293;7.636;1.320;NAN;palfa,fast_gpps;
2726;J1922+1733;NAN;NAN;NAN;53595.00;52.080;1.230;290.72174167;17.55651944;0.236171;1.34e-14;234.00;NAN;NAN;1.16;NAN;5.313;0.114;4.190;5.236;NAN;pksngp,palfa,fast_gpps;
2727;J1922+2018;NAN;NAN;NAN;49670.00;54.417;2.678;290.53336196;20.29925534;1.172763;6.49e-16;203.30;NAN;3.80;NAN;NAN;5.277;0.247;4.287;5.433;NAN;ar1,ar3,gbncc,fast_gpps;
2728;J1922+2110;NAN;NAN;NAN;49879.00;55.278;2.935;290.72304864;21.17832376;1.077924;8.18e-15;217.00;0.00;30.00;1.40;NAN;4.000;0.205;3.283;6.225;NAN;jb1,ar1,ar2,ar3,gb1,gb3,lotaas,fast;
2729;J1922+58;NAN;NAN;NAN;56292.00;89.671;19.073;290.50000000;58.46666667;0.529623;NAN;53.74;NAN;3.10;NAN;NAN;5.523;1.805;5.220;8.470;NAN;gbncc,lotaas;
2730;J1923+1143g;NAN;NAN;NAN;NAN;47.016;-1.686;290.90833333;11.71666667;0.371210;NAN;260.60;NAN;NAN;0.01;NAN;7.783;-0.229;5.691;3.196;NAN;fast_gpps;
2731;J1923+1521g;NAN;NAN;NAN;NAN;50.170;0.123;290.80000000;15.35000000;1.048760;NAN;346.00;NAN;NAN;0.01;NAN;6.995;0.015;5.372;4.020;NAN;fast_gpps;
2732;J1923+1706;NAN;NAN;NAN;51600.00;51.707;0.965;290.78270833;17.10261111;0.547209;4.30e-17;141.70;NAN;1.50;0.41;NAN;3.959;0.067;3.107;6.047;NAN;ar1,ar3,ar4,palfa,fast_gpps;
2733;J1923+2022g;NAN;NAN;NAN;NAN;54.676;2.338;290.98333333;20.36666667;0.037990;NAN;175.30;NAN;NAN;0.01;NAN;4.626;0.189;3.771;5.827;NAN;fast_gpps;
2734;J1923+2515;-6.923;-14.276;0.800;56859.00;58.946;4.749;290.84371759;25.26127254;0.003788;9.56e-21;18.86;NAN;2.70;0.20;NAN;1.201;0.099;1.025;7.883;NAN;gbt350,ar327,gbncc;
2735;J1923+4243;NAN;NAN;NAN;56525.00;74.715;12.643;290.81350349;42.72184543;0.595193;2.53e-15;52.90;NAN;NAN;NAN;NAN;4.672;1.023;4.397;7.298;NAN;gbncc,lotaas,fast_gpps;
2736;J1923-0408;NAN;NAN;NAN;57745.00;32.848;-8.944;290.79566667;-4.13872222;1.149269;6.80e-17;35.00;NAN;NAN;0.11;NAN;1.237;-0.192;0.663;7.473;NAN;pks_superb;
2737;J1924+1343g;NAN;NAN;NAN;NAN;48.860;-0.891;291.08333333;13.71666667;0.005720;NAN;98.50;NAN;NAN;0.03;NAN;3.045;-0.047;2.293;6.497;NAN;fast_gpps;
2738;J1924+1446g;NAN;NAN;NAN;NAN;49.850;-0.515;291.22500000;14.76666667;1.090000;NAN;336.00;NAN;NAN;NAN;NAN;7.008;-0.063;5.356;3.981;NAN;fast_gpps;
2739;J1924+1509g;NAN;NAN;NAN;NAN;50.149;-0.262;291.14166667;15.15000000;0.239950;NAN;297.40;NAN;NAN;0.01;NAN;6.366;-0.029;4.887;4.421;NAN;fast_gpps;
2740;J1924+1510g;NAN;NAN;NAN;NAN;50.103;-0.141;291.00833333;15.16666667;0.498630;NAN;113.70;NAN;NAN;0.01;NAN;3.414;-0.008;2.619;6.310;NAN;fast_gpps;
2741;J1924+1628;NAN;NAN;NAN;57514.00;51.337;0.331;291.18370833;16.47713611;0.375082;3.21e-16;542.10;NAN;NAN;0.11;NAN;10.475;0.060;8.179;1.956;NAN;palfa,fast_gpps;
2742;J1924+1631;NAN;NAN;NAN;54690.00;51.405;0.318;291.22866667;16.53022222;2.935186;3.64e-13;518.50;NAN;NAN;0.09;NAN;10.184;0.057;7.959;2.147;NAN;palfa;
2743;J1924+1639;NAN;NAN;NAN;53720.00;51.422;0.562;291.01296458;16.66132111;0.158043;2.56e-15;208.00;NAN;NAN;0.21;NAN;5.059;0.050;3.955;5.345;NAN;pksngp,palfa;
2744;J1924+1713;NAN;NAN;NAN;56055.00;51.975;0.726;291.13548750;17.22583333;0.758433;1.13e-16;536.80;0.04;NAN;0.04;NAN;10.902;0.138;8.587;1.785;NAN;palfa,fast_gpps;
2745;J1924+1734g;NAN;NAN;NAN;NAN;52.321;0.802;291.23750000;17.56666667;NAN;NAN;49.00;NAN;NAN;NAN;NAN;1.958;0.027;1.550;7.303;NAN;fast_gpps;
2746;J1924+1917;NAN;NAN;NAN;58528.00;53.782;1.725;291.10920833;19.29011111;1.277942;1.99e-16;322.30;NAN;NAN;0.04;NAN;8.654;0.261;6.979;3.389;NAN;palfa,fast_gpps;
2747;J1924+1923g;NAN;NAN;NAN;NAN;53.853;1.791;291.08333333;19.38333333;0.689240;NAN;384.20;NAN;NAN;0.06;NAN;9.781;0.306;7.894;2.733;NAN;fast_gpps;
2748;J1924+1932g;NAN;NAN;NAN;NAN;54.039;1.761;291.20416667;19.53333333;0.388860;NAN;279.10;NAN;NAN;0.02;NAN;6.542;0.201;5.293;4.660;NAN;fast_gpps;
2749;J1924+2027g;NAN;NAN;NAN;NAN;54.819;2.246;291.14166667;20.45000000;0.001950;NAN;211.70;NAN;NAN;0.08;NAN;5.294;0.207;4.324;5.452;NAN;fast_gpps;
2750;J1924+2037g;NAN;NAN;NAN;NAN;54.966;2.325;291.14166667;20.61666667;0.684800;NAN;82.30;NAN;NAN;0.00;NAN;2.935;0.119;2.401;6.817;NAN;fast_gpps;
2751;J1924+2040;NAN;NAN;NAN;43957.49;55.022;2.328;291.16666667;20.66750000;0.237790;2.09e-15;226.60;0.00;4.00;NAN;NAN;5.952;0.242;4.873;5.091;NAN;ar1,fast_gpps;
2752;J1925+1532g;NAN;NAN;NAN;NAN;50.536;-0.173;291.25000000;15.53333333;1.655100;NAN;145.90;NAN;NAN;0.02;NAN;4.202;-0.013;3.244;5.829;NAN;fast_gpps;
2753;J1925+1629g;NAN;NAN;NAN;NAN;51.392;0.243;291.29166667;16.48333333;0.004110;NAN;214.10;NAN;NAN;0.09;NAN;5.118;0.022;3.999;5.306;NAN;fast_gpps;
2754;J1925+1636g;NAN;NAN;NAN;NAN;51.567;0.164;291.45000000;16.60000000;0.049710;NAN;33.10;NAN;NAN;0.01;NAN;1.536;0.004;1.203;7.545;NAN;fast_gpps;
2755;J1925+1720;NAN;NAN;NAN;56700.00;52.179;0.590;291.36262917;17.34091944;0.075659;1.05e-14;223.30;NAN;NAN;0.07;NAN;5.060;0.052;3.997;5.397;GRS:4FGL_J1925.2+1729[sbc+19];palfa,FermiAssoc,fast_gpps;
2756;J1925+19;NAN;NAN;NAN;54346.00;53.697;1.412;291.35833333;19.06666667;1.916353;NAN;328.00;NAN;NAN;NAN;NAN;8.329;0.205;6.710;3.570;NAN;pksngp;
2757;J1925-16;NAN;NAN;NAN;55196.00;22.130;-14.537;291.27500000;-16.01666667;3.885800;NAN;88.00;NAN;NAN;NAN;NAN;7.935;-1.992;2.893;1.385;NAN;htru_pks;
2758;J1926+0431;NAN;NAN;NAN;57600.00;40.980;-5.674;291.60196667;4.52542778;1.074080;2.46e-15;101.80;0.00;22.00;NAN;NAN;4.959;-0.490;3.236;4.775;NAN;mol2,gb4,lotaas,pkssw,fast_gpps;
2759;J1926+0737;NAN;NAN;NAN;54833.60;43.739;-4.256;291.64058333;7.61866667;0.318062;3.75e-16;159.00;NAN;NAN;0.11;NAN;8.722;-0.647;6.014;2.216;NAN;pksmb,fast_gpps;
2760;J1926+1434;NAN;NAN;NAN;48717.00;49.923;-1.039;291.73844133;14.58203825;1.324922;2.19e-16;211.40;0.00;9.00;0.48;NAN;5.649;-0.102;4.322;4.864;NAN;ar1,ar3,jb2,palfa,pksmb,fast_gpps;
2761;J1926+1452g;NAN;NAN;NAN;NAN;50.169;-0.896;291.72916667;14.86666667;0.304510;NAN;298.10;NAN;NAN;0.01;NAN;6.480;-0.101;4.976;4.350;NAN;fast_gpps;
2762;J1926+1614;NAN;NAN;NAN;57589.00;51.367;-0.226;291.70917500;16.23854722;0.308306;3.35e-17;24.02;NAN;NAN;0.09;NAN;1.262;-0.005;0.986;7.712;NAN;palfa,fast_gpps;
2763;J1926+1631g;NAN;NAN;NAN;59487.00;51.568;0.002;291.59961792;16.52438333;0.678367;3.27e-17;197.00;NAN;NAN;0.08;NAN;4.846;0.000;3.796;5.488;NAN;fast_gpps;
2764;J1926+1648;5.942;-15.156;NAN;49857.00;51.859;0.063;291.68884545;16.80910566;0.579823;1.80e-14;176.80;0.00;8.00;1.30;NAN;6.000;0.007;4.719;4.794;NAN;ar1,ar2,ar3,ar4,jb2,palfa,fast_gpps;
2765;J1926+1857g;NAN;NAN;NAN;NAN;53.768;1.034;291.74583333;18.95000000;0.278730;NAN;424.00;NAN;NAN;0.03;NAN;9.567;0.173;7.716;2.846;NAN;fast_gpps;
2766;J1926+1928;NAN;NAN;NAN;51600.00;54.158;1.407;291.59508333;19.46991667;1.346012;1.43e-15;445.00;0.00;0.80;NAN;NAN;10.567;0.259;8.563;2.314;NAN;ar1;
2767;J1926+2016;NAN;NAN;NAN;53595.00;54.851;1.802;291.57526667;20.26698056;0.299072;3.50e-15;249.40;NAN;NAN;0.12;NAN;6.046;0.190;4.941;5.021;NAN;pksngp,palfa,fast_gpps;
2768;J1926-0652;NAN;NAN;NAN;58308.00;30.751;-10.936;291.65433750;-6.87852778;1.608816;3.91e-16;85.30;NAN;NAN;1.01;NAN;5.285;-1.003;2.653;4.041;NAN;fast_crafts;
2769;J1926-1314;NAN;NAN;NAN;55791.00;24.922;-13.763;291.72431250;-13.23438889;4.864284;3.64e-14;40.83;NAN;NAN;NAN;NAN;1.531;-0.364;0.627;7.151;NAN;gbt350;
2770;J1927+0911;NAN;NAN;NAN;53454.00;45.224;-3.705;291.85678333;9.18491667;0.290305;6.35e-17;202.70;NAN;NAN;0.16;NAN;10.939;-0.707;7.749;0.811;NAN;pksmb,fast_gpps;
2771;J1927+1430g;NAN;NAN;NAN;NAN;49.933;-1.230;291.91666667;14.50000000;0.202880;NAN;207.20;NAN;NAN;0.01;NAN;5.626;-0.121;4.305;4.880;NAN;fast_gpps;
2772;J1927+1849g;NAN;NAN;NAN;NAN;53.739;0.808;291.94166667;18.81666667;0.312000;NAN;200.00;NAN;NAN;NAN;NAN;4.623;0.065;3.727;5.766;NAN;fast_gpps;
2773;J1927+1852;NAN;NAN;NAN;59310.00;53.718;0.956;291.79339167;18.86906111;0.482766;1.16e-16;264.50;0.00;3.40;0.44;NAN;5.443;0.091;4.387;5.280;NAN;ar1,ar3,palfa,fast_gpps;
2774;J1927+1856;NAN;NAN;NAN;NAN;53.811;0.941;291.85404167;18.94355556;0.298313;2.24e-15;99.00;NAN;2.20;0.55;NAN;3.100;0.051;2.502;6.670;NAN;ar1,ar3,ar327,palfa,fast_gpps;
2775;J1927+1940g;NAN;NAN;NAN;NAN;54.432;1.313;291.82083333;19.66666667;NAN;NAN;347.00;NAN;NAN;NAN;NAN;8.966;0.205;7.291;3.286;NAN;fast_gpps;
2776;J1927+2234;NAN;NAN;NAN;42830.50;56.983;2.730;291.78366667;22.58258333;1.431066;7.71e-16;180.00;NAN;6.00;NAN;NAN;6.711;0.320;5.621;4.847;NAN;ar1,ar3,gbncc,fast_gpps;
2777;J1928+1443;NAN;NAN;NAN;56700.00;50.178;-1.220;292.02829167;14.71980556;1.010739;2.10e-16;98.60;NAN;NAN;0.17;NAN;3.012;-0.064;2.313;6.572;NAN;palfa,fast_gpps;
2778;J1928+15;NAN;NAN;NAN;54466.00;50.640;-1.030;292.08333333;15.21666667;0.403000;NAN;242.00;NAN;NAN;NAN;NAN;5.746;-0.103;4.442;4.857;NAN;palfa;
2779;J1928+1725;NAN;NAN;NAN;57696.00;52.641;-0.087;292.21666667;17.42472222;0.289838;NAN;135.96;NAN;NAN;1.40;NAN;3.725;-0.006;2.961;6.240;NAN;palfa;
2780;J1928+1746;NAN;NAN;NAN;54770.00;52.931;0.114;292.17730417;17.77489444;0.068730;1.32e-14;176.68;NAN;NAN;0.28;NAN;4.337;0.009;3.461;5.886;GRS:[sbc+19];palfa,FermiAssoc;
2781;J1928+1809g;NAN;NAN;NAN;NAN;53.191;0.420;292.02500000;18.15000000;0.294460;NAN;431.90;NAN;NAN;0.03;NAN;9.335;0.068;7.474;2.907;NAN;fast_gpps;
2782;J1928+1816g;NAN;NAN;NAN;NAN;53.301;0.462;292.04166667;18.26666667;0.010540;NAN;346.30;NAN;NAN;0.03;NAN;7.205;0.058;5.777;4.194;NAN;fast_gpps;
2783;J1928+1839g;NAN;NAN;NAN;NAN;53.691;0.548;292.15833333;18.65000000;2.260910;NAN;70.00;NAN;NAN;0.01;NAN;2.502;0.024;2.016;7.019;NAN;fast_gpps;
2784;J1928+1852g;NAN;NAN;NAN;59631.00;53.832;0.780;292.01436667;18.88469444;0.792807;7.43e-17;290.00;NAN;NAN;0.03;NAN;5.812;0.079;4.692;5.070;NAN;fast_gpps;
2785;J1928+1902g;NAN;NAN;NAN;NAN;53.965;0.845;292.02083333;19.03333333;0.005800;NAN;28.90;NAN;NAN;0.01;NAN;1.495;0.022;1.209;7.621;NAN;fast_gpps;
2786;J1928+1915g;NAN;NAN;NAN;NAN;54.259;0.759;292.25000000;19.25000000;0.974350;NAN;201.00;NAN;NAN;0.01;NAN;4.632;0.061;3.759;5.795;NAN;fast_gpps;
2787;J1928+1923;NAN;NAN;NAN;53640.00;54.281;1.016;292.02151250;19.39203333;0.817330;6.35e-15;476.00;0.05;NAN;0.64;NAN;10.565;0.187;8.576;2.333;NAN;pksngp,palfa,fast_gpps;
2788;J1928+28;NAN;NAN;NAN;NAN;61.860;5.120;292.00000000;28.00000000;1.063000;NAN;79.20;NAN;NAN;NAN;NAN;5.224;0.466;4.588;6.046;NAN;gbncc;
2789;J1928-0108;NAN;NAN;NAN;57983.00;36.133;-8.726;292.07887500;-1.14880556;2.365714;2.80e-15;125.00;NAN;NAN;0.24;NAN;9.557;-1.450;5.570;0.871;NAN;pks_superb,fast_gpps;
2790;J1928-0548;NAN;NAN;NAN;59348.00;31.932;-10.851;292.09796921;-5.80224917;0.028041;1.06e-19;96.00;NAN;NAN;0.25;NAN;6.721;-1.265;3.491;2.898;NAN;fast_crafts;
2791;J1929+00;NAN;NAN;NAN;49717.00;37.687;-8.253;292.36666667;0.43333333;1.166900;NAN;42.95;NAN;NAN;NAN;NAN;1.497;-0.215;0.906;7.328;NAN;ar4,gbncc,lotaas,pkssw;
2792;J1929+1357;NAN;NAN;NAN;56440.00;49.633;-1.810;292.29425000;13.95997222;0.866927;3.66e-15;150.70;NAN;NAN;2.20;NAN;4.768;-0.151;3.631;5.413;NAN;palfa;
2793;J1929+16;NAN;NAN;NAN;53480.00;51.747;-0.692;292.32500000;16.35000000;0.529681;NAN;12.00;NAN;NAN;NAN;NAN;0.762;-0.009;0.598;8.028;NAN;pksngp;
2794;J1929+1615g;NAN;NAN;NAN;NAN;51.694;-0.803;292.40000000;16.25000000;0.044600;NAN;309.10;NAN;NAN;0.01;NAN;6.114;-0.086;4.797;4.711;NAN;fast_gpps;
2795;J1929+1731g;NAN;NAN;NAN;NAN;52.745;-0.085;292.26666667;17.51666667;3.995400;NAN;435.00;NAN;NAN;0.01;NAN;9.263;-0.014;7.373;2.892;NAN;fast_gpps;
2796;J1929+1844;NAN;NAN;NAN;51600.00;53.852;0.461;292.31991667;18.74986111;1.220470;2.36e-15;111.60;NAN;1.70;NAN;NAN;3.317;0.027;2.678;6.543;NAN;ar1,lotaas,fast_gpps;
2797;J1929+19;NAN;NAN;NAN;59174.39;54.173;0.568;292.38333333;19.08333333;0.339216;NAN;528.40;NAN;NAN;NAN;NAN;11.737;0.116;9.516;1.630;NAN;pksngp,fast_gpps;
2798;J1929+1937g;NAN;NAN;NAN;NAN;54.600;0.900;292.29166667;19.61666667;0.563730;NAN;459.10;NAN;NAN;0.02;NAN;10.060;0.158;8.199;2.673;NAN;fast_gpps;
2799;J1929+1955;NAN;NAN;NAN;53595.00;54.879;1.018;292.32321375;19.91886389;0.257832;2.56e-15;281.00;NAN;NAN;0.42;NAN;6.604;0.117;5.401;4.701;NAN;pksngp,palfa;
2800;J1929+2121;NAN;NAN;NAN;53635.00;56.117;1.751;292.26766250;21.35630000;0.723599;2.14e-15;63.20;NAN;NAN;0.23;NAN;2.585;0.079;2.145;7.060;NAN;pksngp,fast_gpps;
2801;J1929+3817;NAN;NAN;NAN;57545.00;71.174;9.689;292.27922500;38.29930556;0.814215;6.10e-16;92.60;NAN;NAN;NAN;NAN;9.192;1.547;8.576;5.576;NAN;gbncc,fast_gpps;
2802;J1929+62;NAN;NAN;NAN;56292.00;93.758;19.635;292.25000000;62.26666667;1.456000;NAN;67.70;NAN;1.40;NAN;NAN;11.972;4.023;11.252;9.239;NAN;gbncc,lotaas;
2803;J1929+66;NAN;NAN;NAN;NAN;97.485;20.947;292.25000000;66.00000000;0.806000;NAN;59.60;NAN;NAN;NAN;NAN;7.973;2.850;7.383;9.470;NAN;gbncc;
2804;J1929+6630;NAN;NAN;NAN;57136.00;98.009;21.110;292.28008333;66.51555556;0.806017;7.01e-16;59.74;NAN;NAN;NAN;NAN;8.199;2.953;7.574;9.566;NAN;misc;
2805;J1930+1316;NAN;NAN;NAN;42828.50;49.124;-2.319;292.50394583;13.26975000;0.760032;3.66e-15;213.10;0.00;5.00;0.18;NAN;6.435;-0.260;4.862;4.292;NAN;ar1,pksmb,fast_gpps;
2806;J1930+1357g;NAN;NAN;NAN;59420.00;49.745;-2.031;292.54996250;13.95178611;0.323562;2.72e-17;184.80;NAN;NAN;0.02;NAN;5.567;-0.197;4.246;4.905;NAN;fast_gpps;
2807;J1930+1403g;NAN;NAN;NAN;NAN;49.843;-2.006;292.57500000;14.05000000;0.003210;NAN;150.50;NAN;NAN;0.09;NAN;4.740;-0.166;3.620;5.445;NAN;fast_gpps;
2808;J1930+1408;NAN;NAN;NAN;59388.00;49.932;-1.962;292.57895417;14.14869444;0.425720;1.94e-18;213.60;NAN;NAN;0.05;NAN;5.931;-0.203;4.536;4.684;NAN;palfa,fast_gpps;
2809;J1930+1722;NAN;NAN;NAN;57656.00;52.790;-0.450;292.62545833;17.38144444;1.609706;8.81e-16;201.00;NAN;NAN;0.09;NAN;4.669;-0.037;3.718;5.677;NAN;pksngp,palfa,fast_gpps;
2810;J1930+1852;NAN;NAN;NAN;52280.00;54.096;0.265;292.62554167;18.87058333;0.136855;7.51e-13;307.30;NAN;NAN;0.06;NAN;7.000;0.032;5.670;4.395;SNR:G54.1+0.3,XRS:;misc;
2811;J1930+6205;NAN;NAN;NAN;57027.00;93.662;19.386;292.67690542;62.09206900;1.456115;1.65e-15;67.50;NAN;NAN;NAN;NAN;10.734;3.563;10.105;9.147;NAN;misc,gbncc;
2812;J1931+1439;NAN;NAN;NAN;56700.00;50.539;-2.005;292.91847083;14.66075000;1.779226;6.33e-15;239.40;NAN;NAN;0.08;NAN;6.072;-0.212;4.685;4.643;NAN;palfa,fast_gpps;
2813;J1931+1536;NAN;NAN;NAN;51600.00;51.406;-1.599;292.98212500;15.61597222;0.314355;5.01e-15;140.00;0.00;1.20;0.36;NAN;4.011;-0.112;3.134;5.999;NAN;ar1,palfa,fast_gpps;
2814;J1931+1817;NAN;NAN;NAN;58156.00;53.739;-0.303;292.96974583;18.28354722;0.234131;1.07e-13;465.00;NAN;NAN;0.15;NAN;9.573;-0.051;7.719;2.838;NAN;palfa;
2815;J1931+1952;NAN;NAN;NAN;53560.00;55.134;0.451;292.98276667;19.86986111;0.501123;1.01e-16;441.00;NAN;NAN;0.13;NAN;9.625;0.076;7.897;2.998;NAN;pksngp,palfa;
2816;J1931+30;NAN;NAN;NAN;NAN;64.506;5.674;292.86666667;30.58333333;0.582126;NAN;53.75;NAN;NAN;NAN;NAN;3.784;0.374;3.399;6.879;NAN;ar4,ar327,gbncc;
2817;J1931+42;NAN;NAN;NAN;NAN;75.150;11.265;292.75000000;42.50000000;NAN;NAN;50.90;NAN;NAN;NAN;NAN;4.234;0.827;4.014;7.436;NAN;chime;
2818;J1931-0144;NAN;NAN;NAN;58282.00;35.974;-9.711;292.88343750;-1.73958333;0.593661;2.93e-17;37.10;NAN;NAN;0.20;NAN;1.356;-0.229;0.785;7.418;NAN;misc,gbncc,fast_crafts,fast_gpps;
2819;J1932+1059;94.090;42.990;2.770;57600.00;47.382;-3.885;293.05857083;10.99260556;0.226519;1.16e-15;3.18;0.00;303.00;29.00;NAN;0.310;-0.021;0.228;8.291;NAN;mol1,ar1,ar2,ar3,ar327,ar4,gb4,jb1,;
2820;J1932+1916;NAN;NAN;NAN;55555.00;54.661;0.083;293.08208333;19.27750000;0.208218;9.32e-14;NAN;NAN;NAN;0.00;NAN;NAN;0.000;0.000;8.500;GRS:4FGL_J1932.3+1916[aab+22];FermiBlind;
2821;J1932+2020;NAN;NAN;NAN;49887.00;55.575;0.639;293.03343136;20.34622569;0.268217;4.22e-15;211.10;0.00;29.00;1.20;NAN;5.000;0.056;4.124;5.674;NAN;ar1,ar2,ar3,gb3,jb2,palfa,fast_gpps;
2822;J1932+2126g;NAN;NAN;NAN;NAN;56.608;1.017;293.21250000;21.43333333;NAN;NAN;126.00;NAN;NAN;NAN;NAN;3.879;0.069;3.238;6.365;NAN;fast_gpps;
2823;J1932+2220;NAN;NAN;NAN;51418.00;57.356;1.554;293.09475780;22.34763525;0.144470;5.76e-14;219.20;0.00;7.80;1.20;NAN;10.900;0.296;9.175;2.623;GRS:4FGL_J1932.2+2221[aab+22];ar1,FermiAssoc,ar2,ar3,gb3,gbncc,fa;
2824;J1932-3655;NAN;NAN;NAN;57600.00;2.072;-23.546;293.02553333;-36.91716111;0.571421;2.86e-16;59.88;NAN;9.00;0.70;NAN;6.724;-2.686;0.223;2.340;NAN;pks70,gbncc,pkssw;
2825;J1933+0758;NAN;NAN;NAN;53048.00;44.845;-5.565;293.33086250;7.96861389;0.437454;2.18e-16;165.00;NAN;0.34;NAN;NAN;11.155;-1.082;7.829;0.628;NAN;ar4,fast_gpps;
2826;J1933+1304;NAN;NAN;NAN;51600.00;49.351;-3.127;293.34387083;13.08054722;0.928324;3.18e-16;176.60;NAN;2.00;0.42;NAN;6.074;-0.331;4.602;4.549;NAN;ar1,ar3,pksmb,fast_gpps;
2827;J1933+1923g;NAN;NAN;NAN;NAN;54.940;-0.204;293.49166667;19.38333333;0.371730;NAN;97.70;NAN;NAN;0.02;NAN;3.142;-0.011;2.572;6.695;NAN;fast_gpps;
2828;J1933+2038g;NAN;NAN;NAN;NAN;56.003;0.456;293.42500000;20.63333333;0.040750;NAN;302.70;NAN;NAN;0.02;NAN;8.471;0.067;7.023;3.764;NAN;fast_gpps;
2829;J1933+2401g;NAN;NAN;NAN;NAN;58.954;2.113;293.40000000;24.01666667;NAN;NAN;185.00;NAN;NAN;NAN;NAN;8.112;0.299;6.945;4.319;NAN;fast_gpps;
2830;J1933+2421;NAN;NAN;NAN;50629.00;59.478;2.394;293.40763705;24.61100970;0.813690;8.11e-15;106.03;NAN;7.50;NAN;NAN;4.639;0.194;3.993;6.146;NAN;gb3,ar3,gb4,lotaas;
2831;J1933+5335;NAN;NAN;NAN;57546.00;85.591;15.765;293.25458333;53.59527778;2.052574;1.26e-15;33.50;NAN;NAN;NAN;NAN;2.512;0.682;2.410;8.314;NAN;lotaas,fast_gpps;
2832;J1934+1926;NAN;NAN;NAN;55977.00;55.038;-0.256;293.59021250;19.44314167;0.230984;2.68e-18;99.10;NAN;NAN;0.13;NAN;3.176;-0.014;2.603;6.680;NAN;palfa,fast_gpps;
2833;J1934+2341g;NAN;NAN;NAN;NAN;58.712;1.862;293.51250000;23.68333333;NAN;NAN;252.00;NAN;NAN;NAN;NAN;8.955;0.291;7.649;3.852;NAN;fast_gpps;
2834;J1934+2352;NAN;NAN;NAN;54650.00;58.966;1.814;293.69245833;23.88219444;0.178432;1.31e-13;355.50;NAN;NAN;0.06;NAN;12.204;0.386;10.452;2.211;NAN;palfa,fast_gpps;
2835;J1934+5219;NAN;NAN;NAN;56525.00;84.493;15.046;293.59950982;52.33265609;0.568442;8.40e-17;71.90;NAN;NAN;NAN;NAN;7.708;2.001;7.409;7.786;NAN;gbncc,lotaas,fast_gpps;
2836;J1935+1159;NAN;NAN;NAN;53400.00;48.613;-4.059;293.81698333;11.98588889;1.939758;9.48e-16;188.40;NAN;1.00;0.17;NAN;8.386;-0.594;6.276;2.970;NAN;ar4,fast_gpps;
2837;J1935+1616;1.130;-16.090;0.220;52275.00;52.436;-2.093;293.94927458;16.27777389;0.358738;6.00e-15;158.50;0.00;242.00;58.00;NAN;3.700;-0.135;2.931;6.246;NAN;jb1,ar1,ar2,ar3,ar4,gb3,gb4,lotaas,;
2838;J1935+1745;NAN;NAN;NAN;51600.00;53.691;-1.313;293.87487500;17.75338889;0.654408;3.78e-16;214.20;0.00;1.30;0.16;NAN;4.845;-0.111;3.903;5.632;NAN;ar1,palfa,fast_gpps;
2839;J1935+1829;NAN;NAN;NAN;57852.00;54.361;-0.999;293.92879167;18.49113889;0.843548;2.32e-15;345.10;NAN;NAN;0.04;NAN;8.639;-0.151;7.020;3.467;NAN;palfa,fast_gpps;
2840;J1935+1841g;NAN;NAN;NAN;NAN;54.452;-0.768;293.76250000;18.68333333;5.529000;NAN;290.00;NAN;NAN;NAN;NAN;6.054;-0.081;4.925;4.981;NAN;fast_gpps;
2841;J1935+1901g;NAN;NAN;NAN;NAN;54.834;-0.768;293.95833333;19.01666667;0.897000;NAN;365.00;NAN;NAN;NAN;NAN;8.952;-0.120;7.317;3.345;NAN;fast_gpps;
2842;J1935+2025;NAN;NAN;NAN;53460.00;56.051;-0.053;293.92475417;20.42780556;0.080118;6.08e-14;181.40;NAN;NAN;0.50;NAN;4.588;-0.004;3.806;5.938;NAN;pksngp,palfa,fast_gpps;
2843;J1935+2154;NAN;NAN;NAN;56866.00;57.247;0.819;293.73200000;21.89672222;3.244980;NAN;NAN;NAN;NAN;NAN;NAN;NAN;0.000;0.000;8.500;XRS:SGR_1935+2154,SNR:G57.2+0.8(?)[gae14;misc;
2844;J1936+1536;NAN;NAN;NAN;42830.50;51.879;-2.465;294.00633333;15.61000000;0.967338;4.04e-15;189.40;0.00;2.00;NAN;NAN;5.065;-0.218;3.981;5.376;NAN;ar1,fast_gpps;
2845;J1936+18;NAN;NAN;NAN;58997.89;54.043;-1.267;294.01250000;18.08333333;0.058345;NAN;125.90;NAN;NAN;NAN;NAN;3.596;-0.080;2.910;6.389;NAN;palfa,fast_gpps;
2846;J1936+1952g;NAN;NAN;NAN;NAN;55.595;-0.388;294.00000000;19.86666667;0.009720;NAN;325.00;NAN;NAN;0.03;NAN;8.576;-0.058;7.076;3.654;NAN;fast_gpps;
2847;J1936+2036g;NAN;NAN;NAN;NAN;56.314;-0.170;294.17083333;20.60000000;0.032920;NAN;198.80;NAN;NAN;0.03;NAN;4.996;-0.015;4.157;5.729;NAN;fast_gpps;
2848;J1936+2042;NAN;NAN;NAN;59441.00;56.369;-0.084;294.11959167;20.69072778;1.390727;5.29e-15;194.70;NAN;NAN;0.04;NAN;4.940;-0.007;4.113;5.764;NAN;palfa,fast_gpps;
2849;J1936+21;NAN;NAN;NAN;58944.05;56.737;0.200;294.04583333;21.15000000;0.642960;NAN;262.40;NAN;NAN;NAN;NAN;8.072;0.028;6.749;4.073;NAN;pksngp,palfa,fast_gpps;
2850;J1936+217;NAN;NAN;NAN;59155.47;57.324;0.311;294.25000000;21.71666667;0.031582;NAN;75.00;NAN;NAN;NAN;NAN;2.968;0.016;2.498;6.898;NAN;fast_gpps;
2851;J1937+1505;NAN;NAN;NAN;51969.00;51.569;-2.981;294.31795833;15.08861111;2.872774;5.61e-15;237.00;NAN;NAN;0.13;NAN;6.451;-0.336;5.047;4.496;NAN;pksmb,fast_gpps;
2852;J1937+2544;-10.040;-13.060;0.320;56000.00;60.836;2.270;294.25522667;25.73706556;0.200980;6.43e-16;53.20;NAN;6.60;1.40;NAN;3.100;0.123;2.705;6.991;NAN;gb2,ar3,lotaas,fast_gpps;
2853;J1937+2950;NAN;NAN;NAN;54250.00;64.504;4.115;294.44834583;29.83383333;1.657429;3.48e-15;113.90;NAN;NAN;0.08;NAN;7.474;0.536;6.729;5.291;NAN;misc,gbncc,fast_gpps;
2854;J1937+34;NAN;NAN;NAN;NAN;68.195;6.214;294.37500000;34.06666667;1.749000;NAN;98.00;NAN;NAN;NAN;NAN;7.391;0.800;6.822;5.771;NAN;pumps;
2855;J1937-00;NAN;NAN;NAN;NAN;37.943;-10.288;294.28750000;-0.28333333;0.240100;NAN;68.60;NAN;NAN;NAN;NAN;3.510;-0.627;2.124;5.776;NAN;ar327,fast_gpps;
2856;J1938+0650;NAN;NAN;NAN;51824.00;44.386;-7.101;294.47275000;6.83500000;1.121562;5.68e-15;70.80;NAN;3.20;NAN;NAN;2.832;-0.350;1.966;6.492;NAN;ar4,lotaas,pkssw,fast_gpps;
2857;J1938+14;NAN;NAN;NAN;59209.20;51.678;-3.154;294.52916667;15.10000000;2.902500;NAN;75.40;NAN;NAN;NAN;NAN;2.575;-0.142;2.017;6.906;NAN;ar327,lotaas,fast_gpps;
2858;J1938+1748g;NAN;NAN;NAN;NAN;54.081;-1.914;294.62500000;17.80000000;7.106000;NAN;56.00;NAN;NAN;NAN;NAN;2.237;-0.075;1.811;7.188;NAN;fast_gpps;
2859;J1938+2010;NAN;NAN;NAN;54940.00;56.115;-0.672;294.53475000;20.18102778;0.687082;3.40e-15;327.70;NAN;NAN;0.10;NAN;8.812;-0.103;7.315;3.587;NAN;palfa,pksngp;
2860;J1938+2213;NAN;NAN;NAN;53500.00;57.903;0.308;294.55908333;22.22018889;0.166116;4.24e-14;92.80;NAN;1.00;0.59;NAN;3.459;0.019;2.930;6.662;NAN;ar4,palfa,pksngp,fast_gpps;
2861;J1938+2659;NAN;NAN;NAN;58829.00;62.107;2.562;294.66322917;26.98748889;0.883332;3.23e-15;191.40;NAN;NAN;0.08;NAN;8.580;0.383;7.576;4.490;NAN;palfa,fast_gpps;
2862;J1938-0940;NAN;NAN;NAN;59301.00;29.542;-14.897;294.72854125;-9.67663611;0.173867;2.97e-18;44.47;NAN;NAN;0.02;NAN;2.014;-0.518;0.960;6.807;NAN;fast_crafts;
2863;J1939+10;NAN;NAN;NAN;NAN;47.993;-5.497;294.79583333;10.75000000;2.310000;NAN;90.00;NAN;1.20;NAN;NAN;3.552;-0.340;2.627;6.134;NAN;misc,ar327,fast_gpps;
2864;J1939+2134;0.074;-0.410;0.350;55656.00;57.509;-0.290;294.91067162;21.58308871;0.001558;1.05e-19;71.00;0.00;240.00;13.90;4.70;3.500;-0.018;2.952;6.620;NAN;ar2,ar3,ar4,gbncc,palfa,fast_gpps;
2865;J1939+2352g;NAN;NAN;NAN;NAN;59.516;0.800;294.95416667;23.86666667;2.145340;NAN;415.50;NAN;NAN;0.01;NAN;12.266;0.171;10.569;2.278;NAN;fast_gpps;
2866;J1939+2449;NAN;NAN;NAN;50679.00;60.174;1.361;294.77331993;24.71544632;0.645302;1.83e-14;142.88;NAN;3.00;NAN;NAN;7.115;0.169;6.171;4.962;NAN;ar2,ar3,ar327,gbncc,palfa,fast_gpps;
2867;J1939+2609;NAN;NAN;NAN;58823.00;61.501;1.951;294.92642208;26.16010833;0.466963;5.20e-18;47.30;NAN;NAN;0.15;NAN;2.682;0.091;2.356;7.221;NAN;palfa,fast_gpps;
2868;J1940+0239;NAN;NAN;NAN;56413.00;40.945;-9.688;295.13750000;2.61138889;1.232240;NAN;86.00;NAN;NAN;NAN;NAN;5.156;-0.868;3.331;4.661;NAN;htru_pks,gbt350,gbncc,lotaas,fast_g;
2869;J1940+14;NAN;NAN;NAN;NAN;51.508;-3.840;295.06250000;14.61666667;1.279000;NAN;70.00;NAN;NAN;NAN;NAN;2.476;-0.166;1.934;6.962;NAN;pumps;
2870;J1940+2203g;NAN;NAN;NAN;NAN;58.049;-0.296;295.20416667;22.05000000;11.906000;NAN;59.00;NAN;NAN;NAN;NAN;2.651;-0.014;2.249;7.097;NAN;fast_gpps;
2871;J1940+2231g;NAN;NAN;NAN;NAN;58.467;-0.086;295.22916667;22.51666667;5.682000;NAN;198.00;NAN;NAN;NAN;NAN;7.595;-0.011;6.473;4.528;NAN;fast_gpps;
2872;J1940+2245;NAN;NAN;NAN;56700.00;58.629;0.127;295.11518333;22.76295000;0.258912;1.27e-14;222.40;NAN;NAN;0.15;NAN;8.081;0.018;6.900;4.293;NAN;palfa;
2873;J1940+2337;NAN;NAN;NAN;54560.00;59.397;0.529;295.14785833;23.62958333;0.546824;7.68e-14;252.10;NAN;NAN;0.07;NAN;8.468;0.078;7.288;4.189;NAN;palfa;
2874;J1940+26;NAN;NAN;NAN;59253.18;61.432;1.780;295.05416667;26.01666667;0.004814;NAN;171.64;NAN;NAN;NAN;NAN;7.924;0.246;6.956;4.713;NAN;palfa,fast_gpps;
2875;J1940-0902;NAN;NAN;NAN;57410.00;30.358;-15.063;295.22720833;-9.03833333;0.978468;1.88e-15;42.30;NAN;NAN;0.23;NAN;1.859;-0.483;0.907;6.951;NAN;pks_superb;
2876;J1940-24;NAN;NAN;NAN;NAN;15.854;-20.883;295.00000000;-24.00000000;0.098200;NAN;53.40;NAN;NAN;NAN;NAN;3.905;-1.392;0.997;4.990;NAN;gbncc;
2877;J1940-2403;NAN;NAN;NAN;49000.00;15.848;-21.007;295.12500000;-24.05000000;1.855276;NAN;63.30;NAN;NAN;NAN;NAN;6.306;-2.261;1.608;2.837;NAN;htru_pks,gbncc;
2878;J1941+0121;NAN;NAN;NAN;55026.00;39.909;-10.434;295.31682917;1.36097222;0.217317;1.91e-16;51.87;NAN;NAN;NAN;NAN;2.097;-0.380;1.323;6.918;NAN;pks70,gbncc;
2879;J1941+1026;NAN;NAN;NAN;49079.50;48.004;-6.153;295.38472500;10.44044444;0.905394;9.96e-16;138.50;NAN;1.80;NAN;NAN;7.926;-0.850;5.857;3.227;NAN;ar3,fast_gpps;
2880;J1941+1341;NAN;NAN;NAN;53041.00;50.799;-4.468;295.27027917;13.69177778;0.559084;1.24e-15;144.70;NAN;NAN;0.17;NAN;5.340;-0.416;4.126;5.135;NAN;pksmb,fast_gpps;
2881;J1941+2525;NAN;NAN;NAN;NAN;61.037;1.263;295.33666667;25.41813889;2.306153;1.61e-13;314.40;NAN;NAN;0.24;NAN;11.169;0.246;9.770;3.093;NAN;palfa,ar327,fast_gpps;
2882;J1941+4320;NAN;NAN;NAN;56375.00;76.846;9.864;295.49548169;43.33509027;0.840906;1.15e-15;79.30;NAN;NAN;NAN;NAN;6.505;1.114;6.241;7.042;NAN;gbncc,lotaas,fast_gpps;
2883;J1941-2602;12.000;-10.000;NAN;50076.00;13.901;-21.824;295.25169583;-26.03493056;0.402858;9.56e-16;50.04;NAN;13.00;1.90;NAN;3.564;-1.325;0.795;5.288;NAN;mol2,pks70,pkssw;
2884;J1942+0147;NAN;NAN;NAN;56582.00;40.477;-10.472;295.61250000;1.83638889;1.405040;NAN;133.30;NAN;NAN;NAN;NAN;25.000;-4.544;15.958;-10.200;NAN;ar327,htru_pks;
2885;J1942+1743;NAN;NAN;NAN;51600.00;54.427;-2.680;295.50429167;17.72452778;0.696262;1.01e-16;190.00;0.00;2.80;NAN;NAN;4.915;-0.230;3.993;5.644;NAN;ar1,ar3;
2886;J1942+3941;NAN;NAN;NAN;58651.00;73.641;8.066;295.59187500;39.69483333;1.353291;7.14e-17;95.50;NAN;NAN;NAN;NAN;7.582;1.064;7.203;6.386;NAN;fast_crafts,fast_gpps;
2887;J1942+8106;NAN;NAN;NAN;56500.00;113.371;24.825;295.72783363;81.10481316;0.203558;3.69e-17;40.24;NAN;NAN;NAN;NAN;3.476;1.459;2.896;9.751;NAN;gbncc,lotaas;
2888;J1942-2019;NAN;NAN;NAN;57392.00;19.758;-20.120;295.70975000;-20.32305556;0.275133;1.23e-17;59.90;NAN;NAN;0.54;NAN;4.965;-1.708;1.576;4.112;NAN;pks_superb;
2889;J1943+0609;NAN;NAN;NAN;51650.00;44.465;-8.641;295.87138333;6.16600000;0.446226;4.66e-16;70.70;NAN;NAN;0.70;NAN;3.264;-0.490;2.260;6.197;NAN;pkssw,ar4,lotaas,fast_gpps;
2890;J1943+5815;NAN;NAN;NAN;59465.00;90.634;16.416;295.84656250;58.26474444;1.270847;4.09e-16;71.00;NAN;NAN;NAN;NAN;7.780;2.199;7.462;8.583;NAN;chime;
2891;J1943-1237;NAN;NAN;NAN;48717.00;27.255;-17.158;295.85617215;-12.62844944;0.972429;1.66e-15;28.92;0.00;12.90;1.20;NAN;1.204;-0.355;0.527;7.477;NAN;mol2,gb2,pks70,pkssw;
2892;J1944+0907;14.007;-22.592;0.600;56209.00;47.160;-7.357;296.03887491;9.12306353;0.005185;1.73e-20;24.30;NAN;21.00;2.10;NAN;1.217;-0.156;0.885;7.679;NAN;ar4,fast_gpps;
2893;J1944+1755;NAN;NAN;NAN;51600.00;54.902;-3.098;296.13250000;17.92844444;1.996899;7.30e-16;175.00;NAN;1.90;NAN;NAN;4.876;-0.264;3.984;5.700;NAN;ar1,ar4;
2894;J1944+2236;NAN;NAN;NAN;55415.00;58.900;-0.663;296.00446125;22.60628333;0.003618;7.46e-21;185.45;NAN;NAN;0.11;NAN;7.600;-0.088;6.507;4.575;NAN;palfa;
2895;J1944-10;NAN;NAN;NAN;56657.00;29.535;-16.289;296.00000000;-10.28333333;0.409135;NAN;31.01;NAN;NAN;NAN;NAN;1.281;-0.359;0.606;7.430;NAN;gbt350;
2896;J1944-1750;NAN;NAN;NAN;49905.00;22.314;-19.426;296.02183272;-17.83640601;0.841158;9.86e-16;56.32;NAN;7.50;0.30;NAN;4.123;-1.371;1.476;4.903;NAN;mol2,pks70,pkssw;
2897;J1945+07;NAN;NAN;NAN;56042.00;45.750;-8.631;296.47916667;7.28333333;1.073900;NAN;62.00;NAN;NAN;NAN;NAN;2.575;-0.386;1.824;6.724;NAN;ar327,lotaas;
2898;J1945+1211;NAN;NAN;NAN;58298.00;49.984;-6.075;296.29816667;12.19616667;4.756796;3.78e-15;94.70;NAN;NAN;0.63;NAN;3.894;-0.412;2.966;6.010;NAN;fast_crafts,fast_gpps;
2899;J1945+1834;NAN;NAN;NAN;51600.00;55.588;-2.998;296.40041667;18.57225000;1.068708;2.42e-16;214.50;0.00;1.20;NAN;NAN;7.088;-0.371;5.840;4.500;NAN;ar1,fast_gpps;
2900;J1945-0040;NAN;NAN;NAN;48103.00;38.565;-12.317;296.36832210;-0.68279835;1.045632;5.35e-16;59.71;NAN;6.00;0.80;NAN;3.165;-0.675;1.928;6.082;NAN;mol2,gb2,gbncc,lotaas,pks70,pkssw;
2901;J1946+14;NAN;NAN;NAN;57022.00;52.373;-5.191;296.71666667;14.70000000;2.282440;NAN;49.50;NAN;NAN;NAN;NAN;2.070;-0.187;1.633;7.241;NAN;ar327,fast_gpps;
2902;J1946+1805;1.000;-9.000;NAN;48790.00;55.326;-3.500;296.72101667;18.09478889;0.440618;2.41e-17;16.10;0.00;40.00;10.00;NAN;0.300;-0.018;0.246;8.330;NAN;mol1,ar1,ar2,ar3,ar4,gb4,jb1,lotaas;
2903;J1946+2244;NAN;NAN;NAN;42854.50;59.301;-1.070;296.60370833;22.74983333;1.334450;8.89e-16;140.00;0.00;3.00;0.17;NAN;5.951;-0.111;5.116;5.462;NAN;ar1,gbncc,palfa,fast_gpps;
2904;J1946+24;NAN;NAN;NAN;54466.00;60.306;-0.376;296.50000000;23.96666667;4.729000;NAN;96.00;NAN;NAN;NAN;NAN;4.295;-0.028;3.731;6.372;NAN;palfa;
2905;J1946+2535;NAN;NAN;NAN;54810.00;61.809;0.283;296.70458333;25.59763889;0.515167;5.64e-15;249.20;NAN;NAN;0.48;NAN;8.309;0.041;7.323;4.575;NAN;palfa,fast_gpps;
2906;J1946+2611;NAN;NAN;NAN;NAN;62.321;0.595;296.69087500;26.19700000;0.435060;2.20e-14;165.00;NAN;1.50;0.70;NAN;7.555;0.078;6.690;4.991;NAN;ar3,ar327,ar4,palfa,fast_gpps;
2907;J1946-09;NAN;NAN;NAN;NAN;30.962;-16.179;296.50000000;-9.00000000;0.091200;NAN;50.63;NAN;NAN;NAN;NAN;2.865;-0.798;1.416;6.141;NAN;gbncc;
2908;J1946-1312;NAN;NAN;NAN;53000.00;27.079;-18.184;296.74095417;-13.21011111;0.9838;1.99e-15;63.04;NAN;NAN;0.30;NAN;5.000;-1.560;2.162;4.270;NAN;pkssw,gbncc;
2909;J1946-2913;19.000;-33.000;NAN;48736.00;11.108;-24.121;296.71555833;-29.22975000;0.959448;1.49e-15;44.31;NAN;9.30;0.50;NAN;3.124;-1.277;0.549;5.702;NAN;mol2,pks70,pkssw;
2910;J1947+0915;NAN;NAN;NAN;51650.00;47.713;-8.073;296.94258333;9.25222222;1.480744;4.78e-16;86.50;NAN;NAN;0.20;NAN;4.421;-0.621;3.238;5.555;NAN;pkssw,fast_gpps;
2911;J1947+10;NAN;NAN;NAN;NAN;48.995;-7.309;296.90000000;10.73333333;1.110944;NAN;130.37;NAN;NAN;NAN;NAN;8.233;-1.047;6.163;3.142;NAN;ar4,ar327,fast_gpps;
2912;J1947+1957;NAN;NAN;NAN;55190.00;56.987;-2.658;296.83097917;19.95233056;0.157509;5.23e-16;185.80;NAN;NAN;0.08;NAN;6.769;-0.314;5.670;4.816;NAN;palfa,fast_gpps;
2913;J1947+2011g;NAN;NAN;NAN;NAN;57.242;-2.635;296.94583333;20.18333333;0.008170;NAN;127.40;NAN;NAN;0.01;NAN;4.283;-0.197;3.598;6.185;NAN;fast_gpps;
2914;J1947-18;NAN;NAN;NAN;56485.00;21.541;-20.617;296.87916667;-18.97000000;0.002603;NAN;25.00;NAN;NAN;NAN;NAN;1.101;-0.388;0.378;7.541;NAN;htru_pks;
2915;J1947-4215;NAN;NAN;NAN;49000.00;357.183;-27.712;296.77500000;-42.25000000;1.798069;NAN;35.00;NAN;7.00;NAN;NAN;2.202;-1.024;-0.096;6.553;NAN;pks70;
2916;J1947-43;NAN;NAN;NAN;56657.00;356.350;-27.855;296.75000000;-43.00000000;0.180940;NAN;29.90;NAN;NAN;NAN;NAN;1.625;-0.759;-0.091;7.066;NAN;ghrss;
2917;J1948+06;NAN;NAN;NAN;NAN;44.986;-9.852;297.18750000;6.03333333;1.325000;NAN;61.00;NAN;NAN;NAN;NAN;2.776;-0.475;1.934;6.566;NAN;pumps;
2918;J1948+1808;NAN;NAN;NAN;58861.00;55.544;-3.782;297.09220417;18.14170833;0.394354;2.27e-16;255.50;NAN;NAN;0.08;NAN;11.257;-0.742;9.262;2.145;NAN;palfa,fast_gpps;
2919;J1948+2314g;NAN;NAN;NAN;NAN;59.980;-1.273;297.16666667;23.23333333;1.471000;NAN;184.00;NAN;NAN;NAN;NAN;7.917;-0.176;6.853;4.540;NAN;fast_gpps;
2920;J1948+2333;NAN;NAN;NAN;56050.00;60.214;-1.045;297.08048750;23.55089722;0.528352;1.36e-14;198.20;NAN;NAN;0.28;NAN;8.048;-0.147;6.984;4.503;NAN;palfa;
2921;J1948+2438g;NAN;NAN;NAN;NAN;61.155;-0.509;297.09583333;24.63333333;1.903000;NAN;450.00;NAN;NAN;NAN;NAN;17.005;-0.151;14.895;0.296;NAN;fast_gpps;
2922;J1948+2551;NAN;NAN;NAN;54930.00;62.207;0.131;297.07324583;25.86443056;0.196627;9.02e-15;289.30;NAN;NAN;0.62;NAN;8.698;0.020;7.695;4.444;NAN;palfa,fast_gpps;
2923;J1948+2819;NAN;NAN;NAN;58102.00;64.366;1.307;297.15995833;28.32223889;0.932693;6.13e-14;303.00;NAN;NAN;0.05;NAN;11.042;0.252;9.953;3.724;NAN;palfa;
2924;J1948+3540;-12.600;0.700;NAN;49449.00;70.702;5.047;297.10419458;35.66973806;0.717311;7.06e-15;129.37;0.00;145.00;8.30;NAN;7.651;0.673;7.193;5.981;NAN;jb1,ar327,ar4,gb1,gb2,gb4,gbncc,lot;
2925;J1948-27;NAN;NAN;NAN;NAN;13.501;-23.624;297.00000000;-27.00000000;0.332000;NAN;57.85;NAN;NAN;NAN;NAN;6.426;-2.575;1.374;2.775;NAN;gbncc;
2926;J1948-2730;NAN;NAN;NAN;NAN;13.051;-24.000;297.24376936;-27.51303419;0.331631;2.86e-17;NAN;NAN;NAN;NAN;NAN;NAN;-0.000;0.000;8.500;NAN;gbncc;
2927;J1949+2306;NAN;NAN;NAN;54910.00;59.931;-1.423;297.28050000;23.11541667;1.319373;1.23e-16;195.90;NAN;NAN;0.10;NAN;8.102;-0.201;7.010;4.442;NAN;palfa,fast_gpps;
2928;J1949+2516g;NAN;NAN;NAN;NAN;61.843;-0.429;297.40416667;25.26666667;0.410340;NAN;424.70;NAN;NAN;0.01;NAN;15.048;-0.113;13.267;1.399;NAN;fast_gpps;
2929;J1949+3426;NAN;NAN;NAN;NAN;69.720;4.288;297.30696250;34.44274722;0.388539;2.02e-16;228.20;0.00;NAN;NAN;NAN;12.349;0.923;11.551;4.232;NAN;gbncc,ar327,fast_gpps;
2930;J1949-2524;NAN;NAN;NAN;48106.00;15.260;-23.380;297.35589428;-25.40027268;0.957617;3.27e-15;23.07;NAN;5.20;0.40;NAN;1.046;-0.415;0.253;7.574;NAN;mol2,pks70;
2931;J1950+05;NAN;NAN;NAN;49717.00;44.857;-10.552;297.74166667;5.58333333;0.455934;NAN;61.40;NAN;NAN;NAN;NAN;3.000;-0.549;2.080;6.409;NAN;ar4,fast_gpps;
2932;J1950+2352g;NAN;NAN;NAN;NAN;60.790;-1.399;297.73333333;23.86666667;0.319760;NAN;342.50;NAN;NAN;0.03;NAN;13.342;-0.326;11.642;1.991;NAN;fast_gpps;
2933;J1950+2556g;NAN;NAN;NAN;NAN;62.468;-0.178;297.51666667;25.93333333;2.038640;NAN;420.40;NAN;NAN;0.02;NAN;14.547;-0.045;12.900;1.776;NAN;fast_gpps;
2934;J1950+3001;NAN;NAN;NAN;58162.00;66.087;1.749;297.72366667;30.02852778;2.788918;1.49e-13;247.00;NAN;NAN;0.24;NAN;8.668;0.265;7.920;4.988;NAN;palfa,fast_gpps;
2935;J1951+1123;NAN;NAN;NAN;49079.50;50.003;-7.738;297.78437500;11.39033333;5.094083;3.03e-15;29.30;NAN;1.20;NAN;NAN;1.450;-0.195;1.101;7.577;NAN;ar3,ar4,fast_gpps;
2936;J1951+4724;NAN;NAN;NAN;58481.45;81.260;10.405;297.78104167;47.40975000;0.181928;3.01e-14;104.35;NAN;NAN;NAN;NAN;9.442;1.705;9.179;7.089;NAN;fast_crafts;
2937;J1952+1410;NAN;NAN;NAN;50110.00;52.509;-6.576;298.02564690;14.12482869;0.275026;1.28e-16;31.50;NAN;6.00;NAN;NAN;1.586;-0.182;1.250;7.541;NAN;ar2,lotaas,fast_gpps;
2938;J1952+2513;NAN;NAN;NAN;55731.00;62.125;-0.980;298.08640833;25.22891667;1.077647;1.06e-15;246.90;NAN;NAN;0.03;NAN;8.418;-0.144;7.440;4.565;NAN;palfa;
2939;J1952+2702g;NAN;NAN;NAN;NAN;63.669;-0.046;298.07500000;27.03333333;0.004140;NAN;213.10;NAN;NAN;0.01;NAN;7.803;-0.006;6.993;5.039;NAN;fast_gpps;
2940;J1952+2836g;NAN;NAN;NAN;NAN;65.071;0.662;298.20000000;28.60000000;0.018020;NAN;313.00;NAN;NAN;0.10;NAN;10.450;0.121;9.476;4.096;NAN;fast_gpps;
2941;J1952+3021;NAN;NAN;NAN;NAN;66.526;1.650;298.08206667;30.35555556;1.665665;1.08e-14;189.10;NAN;NAN;0.02;NAN;7.484;0.215;6.862;5.520;NAN;palfa,ar327,lotaas,fast_gpps;
2942;J1952+3252;-28.800;-14.700;NAN;52793.00;68.765;2.823;298.24252500;32.87791944;0.039531;5.84e-15;45.01;0.00;7.00;1.00;NAN;3.000;0.148;2.793;7.415;GRS:4FGL_J1952.9+3252[aab+22],SNR:CTB80[;misc,FermiBlind,ar327,lotaas,fast_g;
2943;J1953+1149;NAN;NAN;NAN;NAN;50.714;-8.083;298.44779167;11.82850000;0.851890;2.86e-15;140.03;NAN;2.20;NAN;NAN;10.521;-1.479;8.062;1.904;NAN;ar3,ar327,ar4,fast_gpps;
2944;J1953+1844g;NAN;NAN;NAN;NAN;56.701;-4.579;298.43333333;18.73333333;0.004440;NAN;113.10;NAN;NAN;0.12;NAN;4.353;-0.348;3.627;6.118;NAN;fast_gpps;
2945;J1953+1846B;-3.420;-2.660;0.251;NAN;56.746;-4.564;298.44375000;18.77916667;0.079900;NAN;119.00;NAN;NAN;NAN;NAN;4.000;-0.318;3.334;6.314;GC:M71(NGC6838)[pqm+21];fast_crafts;
2946;J1953+1846C;-3.420;-2.660;0.251;NAN;56.746;-4.564;298.44375000;18.77916667;0.028930;NAN;116.20;NAN;NAN;NAN;NAN;4.000;-0.318;3.334;6.314;GC:M71(NGC6838)[pqm+21];fast_crafts;
2947;J1953+1846D;-3.420;-2.660;0.251;NAN;56.746;-4.564;298.44375000;18.77916667;0.100670;NAN;119.04;NAN;NAN;NAN;NAN;4.000;-0.318;3.334;6.314;GC:M71(NGC6838)[pqm+21];fast_crafts;
2948;J1953+2732;NAN;NAN;NAN;NAN;64.205;0.059;298.28250000;27.54672222;1.333965;1.77e-15;194.20;NAN;NAN;0.10;NAN;7.585;0.008;6.829;5.199;NAN;palfa,ar327,gbncc,fast_gpps;
2949;J1953+2819;NAN;NAN;NAN;58094.00;64.926;0.374;298.39682500;28.32764444;1.011002;2.14e-15;198.80;NAN;NAN;0.05;NAN;7.550;0.049;6.838;5.301;NAN;palfa,fast_gpps;
2950;J1953+30;NAN;NAN;NAN;NAN;66.570;1.306;298.45000000;30.21666667;1.271200;NAN;43.61;NAN;NAN;NAN;NAN;2.968;0.068;2.723;7.320;NAN;misc,ar327,lotaas;
2951;J1954+1021;NAN;NAN;NAN;57393.00;49.523;-8.995;298.65333333;10.35291667;2.099440;1.73e-15;81.50;NAN;NAN;NAN;NAN;4.339;-0.678;3.260;5.718;NAN;gbncc,fast_gpps;
2952;J1954+2407;NAN;NAN;NAN;56700.00;61.367;-1.872;298.50155833;24.12055556;0.193405;1.06e-15;80.50;NAN;NAN;0.10;NAN;4.176;-0.136;3.663;6.500;NAN;palfa,fast_gpps;
2953;J1954+2836;NAN;NAN;NAN;54800.00;65.244;0.377;298.57979167;28.60166667;0.092709;2.12e-14;NAN;NAN;NAN;NAN;NAN;1.960;0.013;1.780;7.679;GRS:4FGL_J1954.3+2836[aab+22];FermiBlind;
2954;J1954+2923;25.000;-36.000;NAN;59336.00;65.924;0.772;298.59379458;29.38781944;0.426677;1.71e-18;7.93;0.00;6.60;8.00;NAN;0.536;0.007;0.489;8.281;NAN;jb1,ar327,gb3,jb2,lotaas,palfa,fast;
2955;J1954+3852;NAN;NAN;NAN;57485.00;74.043;5.699;298.50451250;38.87107778;0.352933;6.60e-15;65.40;NAN;NAN;NAN;NAN;4.666;0.463;4.464;7.224;NAN;gbncc,fast_gpps;
2956;J1954+4347;NAN;NAN;NAN;NAN;78.527;8.169;298.66021846;43.96039518;1.387041;2.20e-15;NAN;NAN;NAN;NAN;NAN;NAN;0.000;0.000;8.500;NAN;gbncc;
2957;J1954+4357;NAN;NAN;NAN;56550.00;78.527;8.169;298.66020738;43.96037945;1.387041;2.20e-15;130.30;NAN;NAN;NAN;NAN;10.084;1.433;9.782;6.515;NAN;gbncc,lotaas,fast_gpps;
2958;J1955+2527;-1.900;-2.400;NAN;54800.00;62.740;-1.571;298.99748012;25.45095639;0.004873;9.12e-21;209.90;NAN;NAN;0.23;NAN;8.176;-0.224;7.265;4.757;NAN;palfa,fast_gpps;
2959;J1955+2912g;NAN;NAN;NAN;NAN;65.877;0.487;298.84583333;29.20000000;0.279510;NAN;189.00;NAN;NAN;0.01;NAN;7.349;0.062;6.707;5.497;NAN;fast_gpps;
2960;J1955+2930;NAN;NAN;NAN;NAN;66.116;0.697;298.78136250;29.51383333;1.073878;3.36e-15;212.40;NAN;NAN;0.07;NAN;7.540;0.092;6.894;5.447;NAN;palfa,ar327,fast_gpps;
2961;J1955+5059;-23.000;54.000;NAN;48741.00;84.793;11.553;298.82818208;50.99869222;0.518938;1.37e-15;31.98;0.00;26.00;4.00;NAN;2.186;0.438;2.133;8.306;NAN;gb1,gb2,gb4,gbncc,lotaas;
2962;J1955+6708;-3.000;10.000;NAN;56600.00;99.682;18.938;298.91152899;67.13753627;0.008565;1.26e-20;57.15;NAN;NAN;NAN;NAN;5.302;1.721;4.944;9.343;NAN;gbncc;
2963;J1955-0907;NAN;NAN;NAN;NAN;31.965;-18.444;298.98750000;-9.12055556;0.484000;NAN;72.00;NAN;NAN;NAN;NAN;8.226;-2.603;4.131;1.880;NAN;gbncc;
2964;J1956+07;NAN;NAN;NAN;57022.00;47.046;-10.947;299.14583333;7.26666667;5.012480;NAN;61.30;NAN;NAN;NAN;NAN;3.163;-0.601;2.273;6.384;NAN;ar327;
2965;J1956+0838;NAN;NAN;NAN;51650.00;48.295;-10.331;299.21775000;8.63800000;0.303911;2.20e-16;67.09;NAN;NAN;0.80;NAN;3.537;-0.634;2.598;6.185;NAN;pkssw;
2966;J1956+2826g;NAN;NAN;NAN;NAN;65.381;-0.173;299.19583333;28.43333333;0.071790;NAN;111.80;NAN;NAN;0.01;NAN;6.476;-0.020;5.887;5.802;NAN;fast_gpps;
2967;J1956+2911g;NAN;NAN;NAN;NAN;66.000;0.251;299.15000000;29.18333333;3.816000;NAN;265.00;NAN;NAN;NAN;NAN;8.035;0.035;7.340;5.232;NAN;fast_gpps;
2968;J1956-2752;NAN;NAN;NAN;56657.00;13.259;-25.688;299.11666667;-27.88222222;0.260014;NAN;45.69;NAN;NAN;NAN;NAN;3.756;-1.628;0.776;5.205;NAN;gbncc;
2969;J1957+2831;NAN;NAN;NAN;51429.00;65.524;-0.225;299.33082176;28.52884511;0.307683;3.11e-15;138.99;NAN;NAN;1.00;NAN;6.891;-0.027;6.272;5.645;SNR:G65.1+0.6(?)[tl06];misc,ar327,gbncc,palfa,fast_gpps;
2970;J1957+5033;NAN;NAN;NAN;55555.00;84.584;11.013;299.41208333;50.55500000;0.374807;7.08e-15;NAN;NAN;NAN;NAN;NAN;1.365;0.261;1.334;8.374;GRS:4FGL_J1957.6+5033[aab+22];FermiBlind;
2971;J1957-0002;NAN;NAN;NAN;57674.00;40.625;-14.718;299.42758333;-0.03522222;0.965096;8.05e-16;38.40;NAN;NAN;NAN;NAN;1.787;-0.454;1.125;7.188;NAN;lotaas,fast_gpps;
2972;J1958+2846;NAN;NAN;NAN;54800.00;65.879;-0.353;299.66695833;28.76500000;0.290389;2.12e-13;NAN;NAN;NAN;NAN;NAN;1.950;-0.012;1.780;7.703;GRS:4FGL_J1958.7+2846[aab+22];FermiBlind;
2973;J1958+3033;NAN;NAN;NAN;57683.00;67.350;0.691;299.52841667;30.56463889;1.098581;6.46e-15;200.10;NAN;NAN;0.03;NAN;7.250;0.087;6.690;5.708;NAN;palfa,fast_gpps;
2974;J1958+56;NAN;NAN;NAN;NAN;90.216;14.012;299.50000000;56.81666667;0.311800;NAN;58.10;NAN;NAN;NAN;NAN;4.342;1.051;4.213;8.516;NAN;lotaas;
2975;J1959+3620;NAN;NAN;NAN;56100.00;72.444;3.442;299.90845833;36.34141667;0.406081;3.60e-17;316.50;NAN;NAN;0.40;NAN;13.350;0.801;12.705;4.480;NAN;htru_eff,fast_gpps;
2976;J2000+04;NAN;NAN;NAN;NAN;44.695;-13.286;300.06250000;4.11666667;0.777000;NAN;60.00;NAN;NAN;NAN;NAN;3.642;-0.837;2.493;5.980;NAN;pumps;
2977;J2000+22;NAN;NAN;NAN;NAN;60.453;-4.037;300.00000000;22.21666667;1.050500;NAN;86.00;NAN;NAN;NAN;NAN;4.581;-0.323;3.975;6.247;NAN;pumps;
2978;J2000+2920;NAN;NAN;NAN;NAN;66.549;-0.353;300.06878333;29.33540833;3.073783;3.74e-14;132.30;NAN;NAN;0.10;NAN;6.683;-0.041;6.131;5.840;NAN;palfa,ar327,gbncc,lotaas,fast_gpps;
2979;J2001+4209g;NAN;NAN;NAN;NAN;77.620;6.143;300.41250000;42.15000000;NAN;NAN;153.00;NAN;NAN;NAN;NAN;9.325;0.998;9.056;6.512;NAN;fast_gpps;
2980;J2001+4258;NAN;NAN;NAN;56500.00;78.277;6.643;300.29412722;42.96840495;0.719166;1.73e-14;54.90;NAN;NAN;NAN;NAN;3.754;0.434;3.651;7.742;NAN;gbncc,lotaas,fast_gpps;
2981;J2001-0349;NAN;NAN;NAN;57383.00;37.635;-17.406;300.47212500;-3.82875000;1.344724;1.12e-16;67.00;NAN;NAN;0.28;NAN;5.961;-1.783;3.473;3.996;NAN;pks_superb;
2982;J2002+1637;NAN;NAN;NAN;49079.50;55.998;-7.517;300.69904167;16.62130556;0.276497;2.25e-16;94.60;NAN;0.40;NAN;NAN;4.899;-0.641;4.026;5.784;NAN;ar3,ar4,fast_gpps;
2983;J2002+30;NAN;NAN;NAN;NAN;67.917;-0.187;300.74166667;30.58333333;0.421794;NAN;183.86;NAN;NAN;NAN;NAN;6.987;-0.023;6.474;5.873;NAN;ar4,ar327,gbncc,palfa,fast_gpps;
2984;J2002+3217;NAN;NAN;NAN;49444.00;69.261;0.879;300.51843645;32.28841961;0.696761;1.05e-13;142.21;0.00;5.50;1.20;NAN;6.458;0.099;6.039;6.213;NAN;jb2,ar327,palfa;
2985;J2002+4050;-10.747;-7.906;NAN;49887.00;76.611;5.288;300.68346020;40.84830733;0.905067;1.74e-15;131.40;NAN;53.00;4.90;NAN;6.383;0.588;6.183;7.028;NAN;gb3,gbncc,fast_gpps;
2986;J2003+2916;NAN;NAN;NAN;57767.00;66.812;-0.903;300.76330833;29.26693333;1.009877;3.41e-16;208.30;NAN;NAN;0.20;NAN;7.444;-0.117;6.842;5.569;NAN;palfa,fast_gpps;
2987;J2004+2653;NAN;NAN;NAN;56700.00;65.030;-2.527;301.24591667;26.89455556;0.665879;5.67e-17;160.40;NAN;NAN;0.06;NAN;7.672;-0.338;6.948;5.265;NAN;palfa,fast_gpps;
2988;J2004+3137;-1.496;-11.080;NAN;49723.00;69.011;0.021;301.21785974;31.61944754;2.111265;7.46e-14;234.82;0.00;14.50;1.80;NAN;8.000;0.003;7.469;5.634;NAN;jb1,ar327,gb3,jb2,palfa;
2989;J2004+3429;NAN;NAN;NAN;56100.00;71.425;1.571;301.19570833;34.48825000;0.240953;2.07e-13;355.00;NAN;NAN;0.11;NAN;10.835;0.297;10.267;5.050;NAN;htru_eff,fast_gpps;
2990;J2005+3154g;NAN;NAN;NAN;NAN;69.298;0.091;301.32916667;31.90000000;NAN;NAN;225.00;NAN;NAN;NAN;NAN;7.128;0.011;6.668;5.980;NAN;fast_gpps;
2991;J2005+3156g;NAN;NAN;NAN;NAN;69.347;0.076;301.37500000;31.93333333;2.146000;NAN;337.00;NAN;NAN;NAN;NAN;10.711;0.014;10.023;4.722;NAN;fast_gpps;
2992;J2005+3411g;NAN;NAN;NAN;NAN;71.274;1.239;301.43750000;34.18333333;0.651050;NAN;484.50;NAN;NAN;0.08;NAN;16.669;0.361;15.783;3.150;NAN;fast_gpps;
2993;J2005+3547;NAN;NAN;NAN;54540.00;72.581;2.180;301.32288750;35.79038889;0.615034;2.81e-16;401.60;NAN;NAN;0.25;NAN;13.558;0.516;12.927;4.444;NAN;palfa,fast_gpps;
2994;J2005+3552;NAN;NAN;NAN;56100.00;72.706;2.139;301.44791667;35.87341667;0.307943;2.99e-15;448.60;NAN;NAN;0.21;NAN;14.371;0.536;13.712;4.231;NAN;htru_eff,fast_gpps;
2995;J2005-0020;NAN;NAN;NAN;50852.00;41.331;-16.629;301.43229006;-0.33942877;2.279661;2.57e-14;35.93;NAN;8.00;0.70;NAN;1.835;-0.525;1.161;7.180;NAN;pks70,ar327,gbncc,lotaas;
2996;J2006+22;NAN;NAN;NAN;NAN;61.134;-5.415;301.65000000;22.06666667;1.741900;NAN;130.56;NAN;NAN;NAN;NAN;9.139;-0.862;7.968;4.108;NAN;lotaas,ar327,gbncc,fast_gpps;
2997;J2006+3102;NAN;NAN;NAN;54800.00;68.667;-0.530;301.54583333;31.03416667;0.163695;2.49e-14;106.80;NAN;NAN;0.27;NAN;6.028;-0.056;5.615;6.307;GRS:4FGL_J2006.2+3102[aab+22];palfa,FermiAssoc,fast_gpps;
2998;J2006+4058;NAN;NAN;NAN;58582.00;77.118;4.731;301.66290833;40.98152222;0.499695;2.84e-16;257.40;NAN;NAN;NAN;NAN;12.555;1.036;12.197;5.711;NAN;fast_crafts,fast_gpps;
2999;J2006-0807;-6.190;-10.590;0.380;56000.00;34.101;-20.304;301.56818750;-8.11726861;0.580871;4.60e-17;32.39;0.00;20.00;4.70;NAN;2.000;-0.694;1.052;6.947;NAN;mol2,pkssw;
3000;J2007+0809;NAN;NAN;NAN;51650.00;49.180;-12.787;301.80625000;8.15916667;0.325724;1.37e-16;53.39;NAN;NAN;NAN;NAN;3.040;-0.673;2.244;6.562;NAN;pkssw,lotaas;
3001;J2007+0910;NAN;NAN;NAN;52994.00;50.169;-12.433;301.99209625;9.17025833;0.458735;3.32e-16;48.73;NAN;1.51;NAN;NAN;2.634;-0.567;1.975;6.852;NAN;ar4,lotaas;
3002;J2007+20;NAN;NAN;NAN;56657.00;59.722;-6.407;301.75000000;20.35000000;4.634000;NAN;67.00;NAN;NAN;NAN;NAN;3.806;-0.425;3.266;6.593;NAN;gbt350;
3003;J2007+2722;NAN;NAN;NAN;55319.00;65.713;-2.695;301.81595333;27.37997611;0.024497;9.61e-19;127.00;NAN;NAN;2.32;1.70;7.102;-0.334;6.466;5.582;NAN;palfa,fast_gpps;
3004;J2007+3120;NAN;NAN;NAN;NAN;69.042;-0.535;301.78755000;31.34765000;0.608205;1.56e-14;191.50;NAN;NAN;0.12;NAN;6.906;-0.064;6.449;6.030;NAN;palfa,ar327;
3005;J2008+2513;NAN;NAN;NAN;NAN;64.055;-4.107;302.14784167;25.22510000;0.589196;5.40e-15;60.56;NAN;2.70;NAN;NAN;4.030;-0.289;3.615;6.741;NAN;ar3,ar327,lotaas,fast_gpps;
3006;J2008+2755g;NAN;NAN;NAN;NAN;66.287;-2.596;302.07083333;27.91666667;1.519260;NAN;155.10;NAN;NAN;0.11;NAN;7.445;-0.337;6.809;5.509;NAN;fast_gpps,pumps;
3007;J2008+3139;NAN;NAN;NAN;57831.00;69.478;-0.639;302.16661417;31.65760000;0.226119;8.28e-17;223.50;NAN;NAN;0.04;NAN;7.150;-0.080;6.696;5.994;NAN;palfa,fast_gpps;
3008;J2008+3758;NAN;NAN;NAN;59212.00;74.710;2.898;301.99458333;37.97027778;4.352303;7.20e-16;140.50;NAN;NAN;NAN;NAN;5.892;0.298;5.676;6.948;NAN;chime,fast_gpps;
3009;J2009+3122g;NAN;NAN;NAN;NAN;69.350;-0.976;302.41666667;31.36666667;0.076540;NAN;144.10;NAN;NAN;0.02;NAN;6.465;-0.110;6.049;6.220;NAN;fast_gpps;
3010;J2009+3326;NAN;NAN;NAN;NAN;71.103;0.124;302.45483333;33.43616667;1.438369;1.47e-15;263.60;NAN;NAN;0.15;NAN;7.303;0.016;6.909;6.135;NAN;palfa,ar327,fast_gpps;
3011;J2010+2845;NAN;NAN;NAN;NAN;67.210;-2.472;302.52111667;28.75810278;0.565369;9.07e-17;112.47;NAN;NAN;0.43;NAN;6.585;-0.284;6.065;5.952;NAN;palfa,ar327,gbncc,lotaas,fast_gpps;
3012;J2010+31;NAN;NAN;NAN;58910.17;69.847;-0.885;302.64583333;31.83333333;1.551540;NAN;251.40;NAN;NAN;NAN;NAN;7.566;-0.117;7.102;5.894;NAN;palfa,fast_gpps;
3013;J2010+3230;NAN;NAN;NAN;54430.00;70.391;-0.495;302.61041667;32.50202778;1.442448;3.62e-15;371.80;NAN;NAN;0.12;NAN;13.034;-0.113;12.278;4.126;NAN;palfa,fast_gpps;
3014;J2010-1323;2.555;-5.856;0.410;56511.00;29.446;-23.540;302.69133928;-13.39891535;0.005223;4.83e-21;22.16;NAN;NAN;0.70;NAN;2.439;-0.974;1.099;6.553;NAN;pkssw,gbncc;
3015;J2011+3006g;NAN;NAN;NAN;NAN;68.468;-1.944;302.80000000;30.10000000;2.505660;NAN;6.10;NAN;NAN;0.31;NAN;0.416;-0.014;0.387;8.347;NAN;fast_gpps;
3016;J2011+3331;NAN;NAN;NAN;NAN;71.320;-0.049;302.77052500;33.52351111;0.931733;1.79e-15;298.58;NAN;NAN;0.38;NAN;8.602;-0.007;8.149;5.745;NAN;palfa,ar327,fast_gpps;
3017;J2012-2029;NAN;NAN;NAN;54987.00;22.410;-26.701;303.19416667;-20.49194444;0.544002;5.48e-16;37.67;NAN;NAN;NAN;NAN;2.809;-1.262;0.957;6.180;NAN;gbt350,gbncc;
3018;J2013+3058;NAN;NAN;NAN;NAN;69.485;-1.886;303.39272083;30.98074722;0.276028;1.52e-16;148.70;NAN;NAN;0.07;NAN;6.641;-0.219;6.216;6.174;NAN;palfa,ar327,gbncc,fast_gpps;
3019;J2013+3100g;NAN;NAN;NAN;NAN;69.546;-1.943;303.48750000;31.00000000;0.368550;NAN;158.00;NAN;NAN;0.03;NAN;6.755;-0.229;6.325;6.141;NAN;fast_gpps;
3020;J2013+3845;-32.100;-25.000;NAN;49718.00;75.930;2.476;303.29319583;38.76203056;0.230194;8.85e-15;238.20;0.00;26.00;6.40;NAN;7.123;0.308;6.903;6.770;NAN;gb3,fast_gpps;
3021;J2013-0649;NAN;NAN;NAN;55172.00;36.171;-21.291;303.32396125;-6.81816389;0.580187;6.01e-16;63.36;NAN;NAN;NAN;NAN;9.574;-3.476;5.265;1.299;NAN;gbt350,gbncc;
3022;J2014+10;NAN;NAN;NAN;NAN;52.125;-13.095;303.56250000;10.46666667;1.140000;NAN;74.00;NAN;NAN;NAN;NAN;5.828;-1.320;4.481;5.015;NAN;pumps;
3023;J2014+3326g;NAN;NAN;NAN;NAN;71.628;-0.679;303.60416667;33.43333333;0.977000;NAN;333.00;NAN;NAN;NAN;NAN;10.726;-0.127;10.179;5.119;NAN;fast_gpps;
3024;J2015+2524;NAN;NAN;NAN;NAN;65.027;-5.261;303.80291667;25.40869444;2.303299;5.10e-16;11.00;NAN;0.40;NAN;NAN;0.743;-0.068;0.671;8.188;NAN;ar3,ar327,gbncc,fast_gpps;
3025;J2015+27;NAN;NAN;NAN;NAN;67.033;-3.949;303.81250000;27.80000000;0.308100;NAN;55.00;NAN;NAN;NAN;NAN;3.968;-0.273;3.645;6.955;NAN;pumps;
3026;J2016+3711;NAN;NAN;NAN;58871.00;74.944;1.114;304.03808333;37.18622222;0.050809;7.25e-14;428.00;NAN;NAN;NAN;NAN;13.298;0.259;12.839;5.046;SNR:G74.9+1.2(CTB87)[lzc+24];misc;
3027;J2017+2043;NAN;NAN;NAN;51500.00;61.376;-8.271;304.37057500;20.72552778;0.537143;9.96e-16;60.40;NAN;1.50;NAN;NAN;4.196;-0.604;3.645;6.511;NAN;misc,gbncc,lotaas,fast_gpps;
3028;J2017+2819g;NAN;NAN;NAN;58997.00;67.729;-4.052;304.34707083;28.32062778;1.832460;3.58e-16;66.00;NAN;NAN;0.06;NAN;4.875;-0.344;4.500;6.657;NAN;fast_gpps,ar327;
3029;J2017+3625;NAN;NAN;NAN;55716.00;74.507;0.390;304.48266667;36.41886111;0.166749;1.36e-15;NAN;NAN;NAN;NAN;NAN;NAN;0.000;0.000;8.500;GRS:4FGL_J2017.9+3625[aab+22],XRS:[wcp+1;FermiBlind;
3030;J2017+5906;NAN;NAN;NAN;56575.00;93.608;12.903;304.43566243;59.11304758;0.403478;2.22e-16;60.28;NAN;NAN;NAN;NAN;3.906;0.872;3.800;8.740;NAN;gbncc,lotaas;
3031;J2017-0414;NAN;NAN;NAN;NAN;39.310;-20.831;304.25000000;-4.00000000;0.040600;NAN;30.85;NAN;NAN;NAN;NAN;1.771;-0.630;1.049;7.219;NAN;gbncc;
3032;J2017-2737;NAN;NAN;NAN;58041.00;15.228;-29.909;304.25723872;-27.51382119;0.224524;6.10e-15;25.82;NAN;NAN;NAN;NAN;1.549;-0.772;0.353;7.204;NAN;gbncc;
3033;J2018+2839;-2.600;-6.200;1.030;46384.00;68.099;-3.983;304.51597208;28.66505889;0.557953;1.48e-16;14.20;0.00;314.00;30.00;NAN;0.980;-0.068;0.907;8.135;NAN;misc,ar327,gb1,gb3,gb4,jb1,lotaas,f;
3034;J2018+3418g;NAN;NAN;NAN;NAN;72.791;-0.855;304.56250000;34.30000000;2.191600;NAN;317.10;NAN;NAN;0.01;NAN;10.394;-0.155;9.928;5.425;NAN;fast_gpps;
3035;J2018+3431;NAN;NAN;NAN;NAN;73.044;-0.841;304.72165000;34.51680833;0.387664;1.84e-15;222.35;NAN;NAN;0.24;NAN;6.636;-0.097;6.347;6.565;NAN;palfa,ar327;
3036;J2018-0414;NAN;NAN;NAN;NAN;39.229;-21.200;304.54334961;-4.23687179;0.040612;1.23e-19;30.91;NAN;NAN;NAN;NAN;1.806;-0.653;1.065;7.196;NAN;gbncc;
3037;J2019+72;NAN;NAN;NAN;NAN;105.241;19.337;304.75000000;72.00000000;0.219000;NAN;34.88;NAN;NAN;NAN;NAN;2.494;0.826;2.271;9.119;NAN;gbncc;
3038;J2021+3651;NAN;NAN;NAN;52682.00;75.222;0.111;305.27275000;36.85133333;0.103741;9.57e-14;367.50;NAN;NAN;0.10;NAN;1.800;0.003;1.740;8.041;GRS:4FGL_J2021.1+3651[aab+22];misc,FermiBlind;
3039;J2021+4024g;NAN;NAN;NAN;NAN;78.157;2.107;305.30416667;40.40000000;0.370540;NAN;680.50;NAN;NAN;0.09;NAN;25.000;0.919;24.451;3.373;NAN;fast_gpps;
3040;J2021+4026;NAN;NAN;NAN;54936.00;78.225;2.089;305.37495833;40.44586111;0.265318;5.47e-14;NAN;NAN;NAN;NAN;NAN;2.150;0.078;2.103;8.062;GRS:4FGL_J2021.5+4026[aab+22],SNR:G78.2+;FermiBlind;
3041;J2022+21;NAN;NAN;NAN;NAN;62.403;-8.976;305.60000000;21.18333333;0.803500;NAN;73.52;NAN;NAN;NAN;NAN;6.002;-0.936;5.254;5.754;NAN;lotaas;
3042;J2022+2854;-4.400;-23.600;0.370;49692.00;68.863;-4.671;305.65444625;28.90641778;0.343402;1.89e-15;24.63;0.00;71.00;38.00;NAN;2.100;-0.171;1.952;7.745;NAN;misc,ar327,gb1,gb3,gb4,jb1,lotaas,f;
3043;J2022+3842;NAN;NAN;NAN;55666.24;76.888;0.960;305.59037083;38.70411667;0.048579;8.61e-14;429.10;0.06;NAN;NAN;0.06;10.000;0.168;9.738;6.232;GRS:4FGL_J2022.3+3840[aab+22],XRS:CXOU_J;misc,FermiBlind;
3044;J2022+3845g;NAN;NAN;NAN;NAN;76.906;1.015;305.54583333;38.75000000;1.008900;NAN;490.00;NAN;NAN;0.06;NAN;17.924;0.317;17.455;4.440;NAN;fast_gpps;
3045;J2022+5154;-5.230;11.500;0.500;46640.00;87.862;8.380;305.70780417;51.91395361;0.529197;3.06e-15;22.60;0.00;77.00;27.00;NAN;1.800;0.262;1.780;8.434;NAN;jb1,gb1,gb2,gb3,gb4,lotaas,fast_gpp;
3046;J2023+0937;NAN;NAN;NAN;NAN;52.593;-15.430;305.82514801;9.63247941;1.604738;7.44e-16;NAN;NAN;NAN;NAN;NAN;NAN;-0.000;0.000;8.500;NAN;gbncc;
3047;J2023+2853g;NAN;NAN;NAN;NAN;68.911;-4.811;305.81666667;28.86666667;0.011330;NAN;22.75;NAN;NAN;0.16;NAN;1.570;-0.132;1.460;7.937;NAN;fast_gpps,ar327;
3048;J2023+5037;5.887;21.221;NAN;49910.00;86.863;7.544;305.92476143;50.62634931;0.372619;2.51e-15;33.00;NAN;6.50;2.20;NAN;2.059;0.270;2.038;8.388;NAN;gb2,lotaas,fast_gpps;
3049;J2024+48;NAN;NAN;NAN;54100.00;84.710;6.017;306.00000000;48.00000000;1.262000;NAN;99.00;NAN;NAN;NAN;NAN;4.552;0.477;4.508;8.083;NAN;gbt350;
3050;J2027+0255;NAN;NAN;NAN;58781.00;47.131;-19.786;306.87861625;2.92721722;0.010596;5.27e-20;51.13;NAN;NAN;0.19;NAN;4.540;-1.537;3.131;5.594;NAN;fast_crafts;
3051;J2027+2146;NAN;NAN;NAN;NAN;63.538;-9.587;306.81954167;21.76789722;0.398173;2.03e-16;97.09;NAN;0.70;NAN;NAN;10.296;-1.715;9.089;3.976;NAN;ar1,ar327,fast_gpps;
3052;J2027+4557;NAN;NAN;NAN;54250.00;83.358;4.394;306.81763750;45.96585556;1.099651;3.09e-16;229.50;NAN;14.20;1.34;NAN;9.004;0.690;8.917;7.462;NAN;gbt350,gbncc,misc,fast_gpps;
3053;J2027+7502;NAN;NAN;NAN;56500.00;108.368;20.313;306.84699906;75.04147435;0.515219;8.89e-16;11.42;NAN;2.40;NAN;NAN;0.743;0.258;0.661;8.720;NAN;gbncc,lotaas;
3054;J2028+3332;NAN;NAN;NAN;55225.00;73.361;-3.008;307.08275000;33.53454444;0.176707;4.86e-15;NAN;NAN;NAN;NAN;NAN;NAN;-0.000;0.000;8.500;GRS:4FGL_J2028.3+3331[aab+22];FermiBlind;
3055;J2029+34;NAN;NAN;NAN;NAN;74.322;-2.489;307.25000000;34.61666667;1.819400;NAN;97.00;NAN;NAN;NAN;NAN;5.193;-0.226;4.995;7.098;NAN;pumps;
3056;J2029+3744;NAN;NAN;NAN;49725.00;76.898;-0.727;307.34946892;37.73560148;1.216805;1.23e-14;190.66;0.00;18.00;0.60;NAN;5.771;-0.073;5.620;7.192;NAN;gb3,ar327,gbncc,lotaas;
3057;J2029+5459;NAN;NAN;NAN;NAN;90.981;9.327;307.32041755;54.99265099;0.578909;2.26e-15;NAN;NAN;NAN;NAN;NAN;NAN;0.000;0.000;8.500;NAN;gbncc;
3058;J2030+2228;NAN;NAN;NAN;49953.00;64.580;-9.833;307.66852513;22.47272933;0.630513;8.85e-16;71.90;NAN;5.00;NAN;NAN;6.393;-1.092;5.689;5.796;NAN;ar1,ar2,gbncc,lotaas,fast_gpps;
3059;J2030+3641;NAN;NAN;NAN;56712.00;76.123;-1.438;307.50108750;36.69087500;0.200129;6.50e-15;246.00;NAN;NAN;0.15;0.09;6.947;-0.174;6.742;6.834;GRS:4FGL_J2030.0+3641[aab+22];FermiAssoc,fast_gpps;
3060;J2030+3818g;NAN;NAN;NAN;NAN;77.440;-0.513;307.53333333;38.30000000;0.133720;NAN;596.70;NAN;NAN;0.02;NAN;25.000;-0.224;24.401;3.064;NAN;fast_gpps;
3061;J2030+3833g;NAN;NAN;NAN;NAN;77.686;-0.427;307.62916667;38.55000000;NAN;NAN;417.00;NAN;NAN;NAN;NAN;15.163;-0.113;14.814;5.266;NAN;fast_gpps;
3062;J2030+3929g;NAN;NAN;NAN;NAN;78.471;0.081;307.69583333;39.48333333;1.718420;NAN;493.40;NAN;NAN;0.04;NAN;25.000;0.036;24.496;3.503;NAN;fast_gpps;
3063;J2030+3944g;NAN;NAN;NAN;NAN;78.625;0.294;307.59166667;39.73333333;0.306180;NAN;940.80;NAN;NAN;0.22;NAN;25.000;0.128;24.509;3.569;NAN;fast_gpps;
3064;J2030+4415;NAN;NAN;NAN;55225.00;82.340;2.885;307.71395833;44.26058333;0.227070;6.48e-15;NAN;NAN;NAN;NAN;NAN;0.720;0.036;0.713;8.404;GRS:4FGL_J2030.9+4416[aab+22];FermiBlind;
3065;J2030+55;NAN;NAN;NAN;54100.00;91.047;9.247;307.50000000;55.00000000;0.579000;NAN;59.43;NAN;NAN;NAN;NAN;3.423;0.550;3.378;8.562;NAN;gbt350,gbncc,lotaas;
3066;J2031+34;NAN;NAN;NAN;NAN;74.320;-2.999;307.75000000;34.31666667;1.819000;NAN;105.00;NAN;NAN;NAN;NAN;5.446;-0.285;5.236;7.030;NAN;pumps;
3067;J2032+0701;NAN;NAN;NAN;59198.00;51.525;-18.726;308.11274833;7.02806944;0.409576;1.59e-16;73.79;NAN;NAN;0.03;NAN;25.000;-8.026;18.536;-6.231;NAN;fast_crafts;
3068;J2033+0042;NAN;NAN;NAN;57600.00;45.877;-22.196;308.37966667;0.70669444;5.013400;9.69e-15;36.30;NAN;NAN;NAN;NAN;2.736;-1.034;1.818;6.736;NAN;pkssw,gbt350,gbncc,lotaas,fast_gpps;
3069;J2033-1938;NAN;NAN;NAN;54987.00;25.313;-31.049;308.48083333;-19.64972222;1.281719;4.55e-16;23.47;NAN;NAN;NAN;NAN;1.525;-0.787;0.559;7.319;NAN;gbt350,gbncc;
3070;J2034+3632;NAN;NAN;NAN;59201.00;76.471;-2.178;308.50000000;36.53333333;0.003650;1.72e-21;NAN;NAN;NAN;NAN;NAN;NAN;-0.000;0.000;8.500;GRS:4FGL_J2035.0+3632[aab+22];FermiAssoc;
3071;J2036+2835;NAN;NAN;NAN;NAN;70.413;-7.382;309.19317917;28.58623333;1.358727;2.09e-15;84.22;NAN;NAN;0.15;NAN;6.741;-0.866;6.298;6.259;NAN;htru_eff,ar327,gbncc,lotaas,fast_gp;
3072;J2036+6646;NAN;NAN;NAN;57974.00;101.445;15.259;309.21800000;66.77241667;0.501927;9.40e-16;50.76;NAN;NAN;NAN;NAN;3.230;0.850;3.054;9.118;NAN;lotaas;
3073;J2037+1942;NAN;NAN;NAN;NAN;63.177;-12.672;309.31058333;19.71508333;2.074377;2.04e-15;36.89;NAN;2.00;NAN;NAN;2.794;-0.613;2.433;7.270;NAN;gb3,ar327,gbncc,lotaas;
3074;J2037+3621;NAN;NAN;NAN;49936.00;76.746;-2.840;309.36433630;36.35669411;0.618715;4.50e-15;93.56;NAN;6.00;0.80;NAN;4.851;-0.240;4.716;7.389;NAN;gb2,gbncc;
3075;J2038+35;NAN;NAN;NAN;NAN;75.730;-3.747;309.50000000;35.00000000;0.160000;NAN;57.91;NAN;NAN;NAN;NAN;3.814;-0.249;3.688;7.562;NAN;gbt350,ar327,gbncc,lotaas;
3076;J2038+5319;NAN;NAN;NAN;50122.00;90.368;7.308;309.51319871;53.32022770;1.424568;9.44e-16;159.40;NAN;3.10;0.30;NAN;8.135;1.035;8.069;8.552;NAN;gb2,gbncc,fast_gpps;
3077;J2038-3816;NAN;NAN;NAN;57600.00;3.854;-36.741;309.72650000;-38.27100000;1.577289;4.16e-15;33.96;NAN;7.00;0.30;NAN;3.588;-2.146;0.193;5.631;NAN;pks70,gbncc;
3078;J2040+1657;NAN;NAN;NAN;51602.00;61.286;-14.852;310.07443750;16.95846111;0.865606;5.95e-16;50.60;NAN;0.60;NAN;NAN;4.438;-1.138;3.762;6.439;NAN;ar4,lotaas,fast_gpps;
3079;J2040+20;NAN;NAN;NAN;NAN;64.384;-12.627;310.00000000;20.70000000;0.290500;NAN;31.00;NAN;NAN;NAN;NAN;2.306;-0.504;2.029;7.527;NAN;pumps;
3080;J2040-21;NAN;NAN;NAN;NAN;24.392;-32.849;310.00000000;-21.00000000;0.563000;NAN;23.87;NAN;NAN;NAN;NAN;1.660;-0.900;0.576;7.230;NAN;gbncc;
3081;J2040-2156;NAN;NAN;NAN;NAN;23.361;-33.219;310.06974928;-21.93828980;0.562575;1.31e-16;NAN;NAN;NAN;NAN;NAN;NAN;-0.000;0.000;8.500;NAN;gbncc;
3082;J2043+2740;NAN;NAN;NAN;NAN;70.612;-9.151;310.93125000;27.68222222;0.096131;1.27e-15;21.02;0.00;15.00;NAN;NAN;1.480;-0.235;1.378;8.015;GRS:4FGL_J2043.7+2741[aab+22];ar4,FermiBlind,ar327,gbncc,lotaas,f;
3083;J2043+31;NAN;NAN;NAN;NAN;73.535;-6.733;310.75000000;31.45000000;0.937000;NAN;145.00;NAN;NAN;NAN;NAN;25.000;-2.931;23.809;1.463;NAN;pumps;
3084;J2043+7045;NAN;NAN;NAN;54100.00;105.186;17.052;310.75000000;70.75000000;0.588000;NAN;57.64;NAN;63.70;NAN;NAN;3.999;1.173;3.690;9.502;NAN;gbt350,gbncc,lotaas;
3085;J2044+28;NAN;NAN;NAN;NAN;70.905;-9.006;311.00000000;28.00000000;1.618000;NAN;90.30;NAN;NAN;NAN;NAN;8.599;-1.346;8.026;5.722;NAN;gbncc;
3086;J2044+4614;NAN;NAN;NAN;49700.00;85.429;2.108;311.24500000;46.24833333;1.392715;6.30e-16;315.40;NAN;NAN;NAN;NAN;8.952;0.329;8.917;7.787;NAN;misc,gbncc,fast_gpps;
3087;J2045+0912;NAN;NAN;NAN;52997.00;55.362;-20.329;311.44726583;9.20810000;0.395555;1.95e-16;31.78;NAN;3.50;NAN;NAN;2.460;-0.855;1.898;7.189;NAN;ar4,lotaas;
3088;J2045-68;NAN;NAN;NAN;NAN;326.100;-35.400;311.32083333;-68.60555556;0.002960;NAN;21.20;NAN;NAN;NAN;NAN;1.273;-0.737;-0.579;7.639;GRS:4FGL_J2045.9-6835[aab+22];misc,FermiAssoc;
3089;J2046+1540;-10.480;0.660;0.310;56000.00;61.112;-16.838;311.66390542;15.67598833;1.138286;1.82e-16;39.82;0.00;11.50;1.70;NAN;3.226;-0.934;2.703;7.008;NAN;mol2,ar327,ar4,gb2,gb3,gb4,lotaas;
3090;J2046+5708;NAN;NAN;NAN;49766.00;94.199;8.637;311.69420492;57.14363637;0.476735;1.11e-14;101.79;NAN;4.60;0.30;NAN;4.339;0.652;4.278;8.814;NAN;gb2,gbncc,lotaas;
3091;J2046-0421;10.760;-4.300;0.160;56000.00;42.678;-27.387;311.50072083;-4.35729333;1.546938;1.47e-15;35.80;0.00;20.00;1.70;NAN;5.400;-2.484;3.250;4.975;NAN;mol2,lotaas,pks70,pkssw;
3092;J2047+5029;NAN;NAN;NAN;54250.00;89.057;4.376;311.97766667;50.49393611;0.445945;4.18e-15;107.60;NAN;NAN;0.38;0.22;3.972;0.303;3.960;8.435;NAN;misc,fast_gpps;
3093;J2048+2255;NAN;NAN;NAN;NAN;67.453;-12.944;312.19111667;22.91814167;0.283901;1.52e-17;70.68;NAN;1.80;NAN;NAN;7.647;-1.713;6.883;5.642;NAN;misc,ar327,gbncc,fast_gpps;
3094;J2048+4951;NAN;NAN;NAN;56414.00;88.669;3.854;312.23325833;49.86472778;0.568301;5.29e-15;222.80;NAN;NAN;0.12;NAN;6.777;0.456;6.760;8.343;NAN;misc;
3095;J2048-1616;113.160;-4.600;1.050;54100.00;30.514;-33.077;312.14850265;-16.27904264;1.961572;1.10e-14;11.46;0.00;116.00;22.00;NAN;0.950;-0.518;0.404;7.814;NAN;mol1,mol2,pks70;
3096;J2050+1259;NAN;NAN;NAN;53400.00;59.436;-19.242;312.73837500;12.98583333;1.221020;5.04e-16;52.40;NAN;0.40;0.05;NAN;5.829;-1.921;4.739;5.702;NAN;misc;
3097;J2051+1248;NAN;NAN;NAN;57811.00;59.361;-19.453;312.87358333;12.80597222;0.553167;1.90e-17;43.40;NAN;NAN;NAN;NAN;4.069;-1.355;3.301;6.545;NAN;misc,lotaas,fast_gpps;
3098;J2051+4434g;NAN;NAN;NAN;NAN;84.840;0.163;312.87083333;44.56666667;1.303160;NAN;617.80;NAN;NAN;0.34;NAN;25.000;0.071;24.899;6.252;NAN;fast_gpps;
3099;J2051+50;NAN;NAN;NAN;NAN;89.584;4.005;312.95416667;50.66805556;0.001680;NAN;61.00;NAN;NAN;NAN;NAN;3.076;0.215;3.068;8.478;GRS:4FGL_J2051.7+5051[aab+22];FermiAssoc,fast_gpps;
3100;J2052+4421g;NAN;NAN;NAN;NAN;84.833;-0.168;313.22083333;44.35000000;0.375310;NAN;547.00;NAN;NAN;0.28;NAN;25.000;-0.073;24.898;6.249;NAN;fast_gpps;
3101;J2053+1718;-1.000;7.000;NAN;53400.00;63.554;-17.264;313.45617042;17.31240611;0.119268;2.86e-19;26.98;NAN;NAN;0.00;NAN;2.087;-0.619;1.784;7.612;NAN;ar4,ar327,lotaas;
3102;J2053+4718;NAN;NAN;NAN;58650.00;87.206;1.618;313.43954167;47.31536111;4.910379;1.48e-14;323.30;NAN;NAN;NAN;NAN;8.817;0.249;8.803;8.070;NAN;fast_crafts,fast_gpps;
3103;J2053-7200;NAN;NAN;NAN;57600.00;321.869;-34.998;313.44700000;-72.01180000;0.341336;1.98e-16;17.30;NAN;29.00;6.00;NAN;1.029;-0.590;-0.520;7.837;NAN;mol2,pks70;
3104;J2054-39;NAN;NAN;NAN;NAN;3.355;-39.752;313.50000000;-39.00000000;0.977000;NAN;24.90;NAN;NAN;NAN;NAN;2.046;-1.308;0.092;6.930;NAN;gbncc;
3105;J2055+15;NAN;NAN;NAN;NAN;62.600;-18.600;314.01041667;15.78750000;0.002160;2.02e-20;40.42;NAN;NAN;NAN;NAN;3.663;-1.168;3.082;6.902;GRS:4FGL_J2055.8+1545[aab+22];ar327,FermiAssoc;
3106;J2055+2209;-4.268;-2.868;NAN;49726.00;67.832;-14.668;313.91313324;22.15756013;0.815181;1.34e-15;36.35;0.00;9.00;NAN;NAN;2.999;-0.759;2.687;7.405;NAN;gb3,ar327,gb4,lotaas;
3107;J2055+2539;NAN;NAN;NAN;55555.00;70.688;-12.520;313.95375000;25.66638889;0.319561;4.10e-15;NAN;NAN;NAN;NAN;NAN;0.620;-0.134;0.571;8.300;GRS:4FGL_J2055.8+2540[aab+22],XRS:XMMU_J;FermiBlind;
3108;J2055+3630;1.040;-2.460;0.170;52275.00;79.133;-5.589;313.88063375;36.50596361;0.221508;3.69e-16;97.42;0.00;28.00;2.60;NAN;5.000;-0.487;4.887;7.562;NAN;gb1,ar327,gb2,gb3,gb4,gbncc,lotaas,;
3109;J2057+21;NAN;NAN;NAN;NAN;67.560;-15.507;314.45000000;21.43333333;1.166700;NAN;73.31;NAN;NAN;NAN;NAN;25.000;-6.684;22.266;-0.696;NAN;lotaas,ar327;
3110;J2057+4701;NAN;NAN;NAN;59249.00;87.353;0.985;314.28889583;47.01811667;0.559574;5.60e-14;219.00;NAN;NAN;NAN;NAN;4.934;0.085;4.928;8.272;NAN;chime;
3111;J2102+38;NAN;NAN;NAN;54100.00;81.116;-5.597;315.50000000;38.00000000;1.190000;NAN;86.20;NAN;NAN;NAN;NAN;4.655;-0.454;4.577;7.785;NAN;gbt350,gbncc,lotaas,fast_gpps;
3112;J2104+2830;NAN;NAN;NAN;56743.00;74.183;-12.180;316.10056172;28.51598055;0.405729;9.75e-17;62.16;NAN;NAN;NAN;NAN;5.735;-1.210;5.394;6.972;NAN;misc,gbncc;
3113;J2105+07;NAN;NAN;NAN;57022.00;57.202;-25.054;316.36250000;7.95000000;3.746630;NAN;52.60;NAN;NAN;NAN;NAN;25.000;-10.587;19.037;-3.768;NAN;ar327,fast_gpps;
3114;J2105+19;NAN;NAN;NAN;NAN;66.988;-18.091;316.25000000;19.40000000;3.529700;NAN;34.50;NAN;NAN;NAN;NAN;2.969;-0.922;2.598;7.397;NAN;pumps;
3115;J2105+28;NAN;NAN;NAN;56292.00;74.391;-12.468;316.50000000;28.48333333;0.405737;NAN;62.48;NAN;8.60;NAN;NAN;5.848;-1.263;5.499;6.964;NAN;gbncc,lotaas;
3116;J2105+6223;NAN;NAN;NAN;56774.00;99.793;10.176;316.30387500;62.38486111;2.304879;5.22e-15;50.75;NAN;NAN;NAN;NAN;2.723;0.481;2.641;8.956;NAN;gbncc;
3117;J2108+4441;3.500;1.400;NAN;48736.00;86.909;-2.012;317.08534167;44.69690833;0.414871;8.62e-17;139.83;0.00;26.00;5.40;NAN;4.346;-0.153;4.337;8.266;NAN;jb1,gb1,gb3,gb4,gbncc,lotaas;
3118;J2108-3429;NAN;NAN;NAN;49314.17;9.698;-42.163;317.12704167;-34.49386111;1.423102;3.50e-15;30.22;NAN;6.00;0.50;NAN;3.884;-2.607;0.485;5.662;NAN;pks70,gbncc;
3119;J2111+2106;NAN;NAN;NAN;NAN;69.398;-18.205;317.88804167;21.10194444;3.953853;3.24e-15;59.30;NAN;NAN;NAN;NAN;8.410;-2.627;7.478;5.689;NAN;gbt350,ar327,gbncc;
3120;J2111+2132;NAN;NAN;NAN;59199.00;69.758;-17.958;317.92040833;21.52308333;1.059532;4.60e-16;78.60;NAN;NAN;0.01;NAN;25.000;-7.708;22.313;0.272;NAN;fast_crafts;
3121;J2111+40;NAN;NAN;NAN;54100.00;83.785;-5.559;317.75000000;40.00000000;4.061000;NAN;120.00;NAN;NAN;NAN;NAN;5.279;-0.511;5.223;7.931;NAN;gbt350;
3122;J2111+4606;NAN;NAN;NAN;55225.00;88.310;-1.445;317.85054167;46.10869444;0.157830;1.43e-13;NAN;NAN;NAN;NAN;NAN;NAN;-0.000;0.000;8.500;GRS:4FGL_J2111.4+4606[aab+22];FermiBlind;
3123;J2112+0740;NAN;NAN;NAN;59277.00;58.018;-26.561;318.03228125;7.67901944;0.275361;6.09e-17;24.91;NAN;NAN;0.09;NAN;2.101;-0.939;1.594;7.505;NAN;fast_crafts;
3124;J2112+4058;NAN;NAN;NAN;58682.00;84.738;-5.158;318.21566667;40.96777778;4.060755;6.99e-15;127.20;NAN;NAN;NAN;NAN;5.162;-0.464;5.119;8.029;NAN;fast_crafts,fast_gpps;
3125;J2113+2754;-27.960;-54.460;0.700;56000.00;74.993;-14.025;318.26812750;27.90032222;1.202852;2.62e-15;25.11;0.00;18.00;1.10;NAN;1.420;-0.344;1.331;8.143;NAN;misc,ar327,ar4,gb3,gb4,lotaas;
3126;J2113+4644;9.500;8.840;0.460;56000.00;89.003;-1.266;318.35137292;46.73579000;1.014685;7.15e-16;141.20;0.00;230.00;19.00;NAN;2.200;-0.049;2.199;8.462;NAN;jb1,gb1,gb3,gb4,gbncc,lotaas,fast_g;
3127;J2113+67;NAN;NAN;NAN;56292.00;103.973;12.561;318.50000000;67.03333333;0.552170;NAN;54.98;NAN;1.00;NAN;NAN;2.890;0.629;2.737;9.181;NAN;gbncc,lotaas;
3128;J2113+73;NAN;NAN;NAN;NAN;109.020;16.983;318.25000000;73.61666667;NAN;NAN;42.40;NAN;NAN;NAN;NAN;2.625;0.767;2.373;9.318;NAN;chime;
3129;J2115+6702;NAN;NAN;NAN;57235.00;104.048;12.495;318.75175000;67.04216667;0.552122;1.68e-16;54.50;NAN;NAN;NAN;NAN;2.862;0.619;2.711;9.178;NAN;misc;
3130;J2116+1414;8.000;-11.000;NAN;48471.00;64.464;-23.409;319.05730000;14.23917778;0.440153;2.89e-16;56.20;0.00;9.00;0.80;NAN;25.000;-9.932;20.701;-1.390;NAN;mol2,lotaas;
3131;J2116+37;NAN;NAN;NAN;NAN;82.371;-8.351;319.12500000;37.06666667;0.145900;NAN;43.00;NAN;NAN;NAN;NAN;2.853;-0.414;2.798;8.125;NAN;pumps;
3132;J2116+3701;NAN;NAN;NAN;59219.00;82.304;-8.341;319.05960000;37.02531389;0.145884;5.27e-15;44.03;NAN;NAN;NAN;NAN;2.926;-0.424;2.869;8.112;NAN;chime,ar327;
3133;J2122+2426;NAN;NAN;NAN;57922.00;73.817;-17.934;320.66258333;24.44580556;0.541421;1.27e-16;8.50;NAN;NAN;NAN;NAN;0.585;-0.180;0.535;8.345;NAN;lotaas,fast_gpps;
3134;J2123+36;NAN;NAN;NAN;NAN;82.917;-9.865;320.95000000;36.40000000;1.294000;NAN;108.70;NAN;NAN;NAN;NAN;13.193;-2.260;12.899;6.897;NAN;lotaas,gbncc;
3135;J2123+5434;12.963;-6.608;NAN;56500.00;95.698;3.097;320.84034634;54.56880947;0.138868;1.74e-19;31.76;NAN;NAN;NAN;NAN;1.811;0.098;1.799;8.680;NAN;gbncc;
3136;J2124+1407;NAN;NAN;NAN;49872.00;65.795;-25.092;321.19406041;14.12203918;0.694053;7.68e-16;30.25;NAN;4.00;NAN;NAN;2.807;-1.190;2.319;7.458;NAN;gb2,lotaas;
3137;J2124+34;NAN;NAN;NAN;NAN;81.533;-11.263;321.00000000;34.45000000;0.489000;NAN;85.00;NAN;NAN;NAN;NAN;8.188;-1.599;7.943;7.318;NAN;pumps;
3138;J2124-3358;-14.090;-50.320;2.100;55635.00;10.925;-45.438;321.18269201;-33.97916955;0.004931;2.06e-20;4.60;NAN;17.00;4.50;NAN;0.410;-0.292;0.055;8.218;GRS:4FGL_J2124.7-3358[aab+22];pks70,FermiBlind,gbncc;
3139;J2127-6648;NAN;NAN;NAN;43557.12;326.392;-39.777;321.88033333;-66.80780556;0.325771;2.26e-16;35.00;0.00;7.00;0.60;NAN;5.993;-3.834;-2.549;4.664;NAN;mol2,pks70;
3140;J2129+1210A;-0.660;-3.800;0.097;55146.00;65.012;-27.312;322.49269380;12.16700942;0.110665;-2.10e-17;67.30;NAN;1.70;0.20;NAN;10.710;-4.914;8.625;4.480;GC:M15(NGC7078);misc,fast_gpps;
3141;J2129+1210B;-0.660;-3.800;0.097;50000.00;65.013;-27.314;322.49430000;12.16675278;0.056133;9.54e-18;67.60;NAN;1.00;NAN;NAN;10.710;-4.914;8.625;4.480;GC:M15(NGC7078);misc,fast_gpps;
3142;J2129+1210D;-0.660;-3.800;0.097;47632.52;65.012;-27.313;322.49280833;12.16659444;0.004803;-1.08e-18;67.30;NAN;0.34;NAN;NAN;10.710;-4.914;8.625;4.480;GC:M15(NGC7078);misc,fast_gpps;
3143;J2129+1210E;-0.660;-3.800;0.097;47632.52;65.014;-27.311;322.49244583;12.16906389;0.004651;1.78e-19;66.50;NAN;0.24;NAN;NAN;10.710;-4.914;8.626;4.480;GC:M15(NGC7078);misc,fast_gpps;
3144;J2129+1210F;-0.660;-3.800;0.097;47632.52;65.010;-27.309;322.48824167;12.16747500;0.004027;3.20e-20;65.52;NAN;0.14;NAN;NAN;10.710;-4.914;8.625;4.480;GC:M15(NGC7078);misc;
3145;J2129+1210G;-0.660;-3.800;0.097;47632.52;65.011;-27.312;322.49145833;12.16591667;0.037660;2.00e-18;66.40;NAN;0.13;NAN;NAN;10.710;-4.914;8.625;4.480;GC:M15(NGC7078);misc;
3146;J2129+1210H;-0.660;-3.800;0.097;47632.52;65.012;-27.312;322.49243333;12.16650833;0.006743;2.40e-20;67.15;NAN;0.16;NAN;NAN;10.710;-4.914;8.625;4.480;GC:M15(NGC7078);misc;
3147;J2129+1210I;-0.660;-3.800;0.097;NAN;65.012;-27.313;322.49291667;12.16694444;0.005120;NAN;67.30;NAN;NAN;NAN;NAN;10.710;-4.914;8.625;4.480;GC:M15(NGC7078)[pqm+21];fast_crafts;
3148;J2129+4119;NAN;NAN;NAN;58695.00;87.195;-7.109;322.33941667;41.33194444;1.687418;8.54e-17;34.20;NAN;NAN;NAN;NAN;2.098;-0.260;2.079;8.398;NAN;fast_crafts,fast_gpps;
3149;J2131-31;NAN;NAN;NAN;NAN;15.404;-46.394;322.75000000;-31.00000000;3.325000;NAN;31.60;NAN;NAN;NAN;NAN;25.000;-18.102;4.580;-8.123;NAN;gbncc;
3150;J2133-0049A;3.440;-2.160;0.082;NAN;53.371;-35.770;323.36250000;-0.82333333;0.010150;NAN;43.30;NAN;NAN;NAN;NAN;11.690;-6.833;7.612;2.841;GC:NGC7089(M2)[pqm+21];fast_crafts;
3151;J2133-0049B;3.440;-2.160;0.082;NAN;53.371;-35.770;323.36250000;-0.82333333;0.006970;NAN;43.80;NAN;NAN;NAN;NAN;11.690;-6.833;7.612;2.841;GC:NGC7089(M2)[pqm+21];fast_crafts;
3152;J2133-0049C;3.440;-2.160;0.082;NAN;53.371;-35.770;323.36250000;-0.82333333;0.003000;NAN;44.10;NAN;NAN;NAN;NAN;11.690;-6.833;7.612;2.841;GC:NGC7089(M2)[pqm+21];fast_crafts;
3153;J2133-0049D;3.440;-2.160;0.082;NAN;53.371;-35.770;323.36250000;-0.82333333;0.004220;NAN;43.60;NAN;NAN;NAN;NAN;11.690;-6.833;7.612;2.841;GC:NGC7089(M2)[pqm+21];fast_crafts;
3154;J2133-0049E;3.440;-2.160;0.082;NAN;53.371;-35.770;323.36250000;-0.82333333;0.003700;NAN;43.80;NAN;NAN;NAN;NAN;11.690;-6.833;7.612;2.841;GC:NGC7089(M2)[pqm+21];fast_crafts;
3155;J2136-1606;NAN;NAN;NAN;55764.00;36.204;-43.554;324.00091667;-16.10361111;1.227235;1.60e-17;18.48;NAN;NAN;NAN;NAN;1.633;-1.125;0.699;7.545;NAN;gbt350,gbncc;
3156;J2136-5046;NAN;NAN;NAN;57812.00;346.489;-46.490;324.23997083;-50.78224444;0.267322;8.69e-17;23.30;NAN;NAN;0.60;NAN;2.248;-1.630;-0.362;6.995;NAN;pks_superb;
3157;J2137+6428;NAN;NAN;NAN;56500.00;103.851;9.064;324.33444967;64.47827166;1.750989;3.43e-15;106.00;NAN;NAN;NAN;NAN;3.762;0.593;3.607;9.389;NAN;gbncc,lotaas;
3158;J2138+4911;NAN;NAN;NAN;58941.12;93.705;-2.390;324.56250000;49.20000000;0.696171;NAN;167.60;NAN;NAN;NAN;NAN;4.196;-0.175;4.184;8.771;NAN;gbt350,gbncc,fast_gpps;
3159;J2138+69;NAN;NAN;NAN;NAN;107.602;12.953;324.50000000;69.83333333;0.220000;NAN;46.60;NAN;NAN;NAN;NAN;2.486;0.557;2.309;9.233;NAN;chime;
3160;J2139+00;NAN;NAN;NAN;NAN;55.912;-36.261;324.92500000;0.60000000;0.312470;NAN;31.18;NAN;NAN;NAN;NAN;4.210;-2.490;2.811;6.597;NAN;ar4,ar327,gbncc;
3161;J2139+2242;NAN;NAN;NAN;NAN;75.293;-21.920;324.86208333;22.71166667;1.083514;1.42e-15;44.16;NAN;NAN;NAN;NAN;4.933;-1.842;4.426;7.338;NAN;gb4,ar327,ar4,gbncc,lotaas;
3162;J2139+4716;NAN;NAN;NAN;55225.00;92.633;-4.020;324.98312500;47.27027778;0.282849;1.79e-15;NAN;NAN;NAN;NAN;NAN;NAN;-0.000;0.000;8.500;GRS:4FGL_J2140.0+4716[aab+22];FermiBlind;
3163;J2139+4738g;NAN;NAN;NAN;NAN;92.878;-3.751;324.99166667;47.63333333;0.557040;NAN;142.00;NAN;NAN;0.01;NAN;4.165;-0.273;4.151;8.709;NAN;fast_gpps;
3164;J2140-2311B;-0.740;-7.300;0.136;52162.00;27.179;-46.835;325.09166667;-23.17972222;0.012986;NAN;25.09;NAN;NAN;NAN;NAN;8.460;-6.171;2.644;3.352;GC:M30(NGC7099);misc;
3165;J2143+0654;NAN;NAN;NAN;54065.00;62.655;-33.139;325.76408333;6.90486944;9.428229;4.09e-14;NAN;NAN;NAN;NAN;NAN;NAN;-0.000;0.000;8.500;XRS:RX_J2143.0+0654,OPT:[kkvh11];misc;
3166;J2144-3933;-57.900;-155.900;6.000;54100.00;2.794;-49.466;326.05025168;-39.56580140;8.509827;4.96e-16;3.35;NAN;16.00;0.80;NAN;0.160;-0.122;0.005;8.396;NAN;pks70,gbncc;
3167;J2145+21;NAN;NAN;NAN;NAN;74.957;-24.040;326.25000000;21.00000000;1.419000;NAN;44.10;NAN;NAN;NAN;NAN;5.632;-2.294;4.967;7.165;NAN;gbncc;
3168;J2145+2158;NAN;NAN;NAN;56928.00;75.717;-23.365;326.26776966;21.96986013;1.418992;2.22e-15;44.30;NAN;NAN;NAN;NAN;5.410;-2.146;4.813;7.275;NAN;misc,gbncc;
3169;J2148-34;NAN;NAN;NAN;NAN;11.427;-50.249;327.00000000;-34.00000000;0.927000;NAN;14.00;NAN;NAN;NAN;NAN;1.160;-0.892;0.147;7.773;NAN;gbncc;
3170;J2149+6329;15.810;11.160;0.360;56000.00;104.255;7.412;327.49459708;63.49563250;0.380140;1.68e-16;129.72;NAN;32.00;2.90;NAN;2.800;0.361;2.691;9.184;NAN;jb1,gb1,gb2,gb3,gb4,lotaas;
3171;J2150+5247;8.400;-4.500;0.070;56000.00;97.521;-0.915;327.65729125;52.79709889;0.332206;1.01e-14;148.90;NAN;15.60;2.00;NAN;3.610;-0.058;3.578;8.972;NAN;gb2,gb3,lotaas,fast_gpps;
3172;J2151+19;NAN;NAN;NAN;NAN;74.689;-26.363;327.81250000;19.18333333;1.036000;NAN;31.00;NAN;NAN;NAN;NAN;2.982;-1.324;2.577;7.794;NAN;pumps;
3173;J2151+2315;NAN;NAN;NAN;NAN;77.849;-23.471;327.87041667;23.25355556;0.593534;7.08e-16;20.73;NAN;1.60;NAN;NAN;1.620;-0.645;1.453;8.187;NAN;ar4,ar327;
3174;J2154-2812;NAN;NAN;NAN;57297.00;20.728;-50.984;328.57237500;-28.21138889;1.343361;6.13e-16;33.00;NAN;NAN;NAN;NAN;25.000;-19.424;5.570;-6.220;NAN;pks_superb,gbncc;
3175;J2155+2813;NAN;NAN;NAN;NAN;82.131;-20.370;328.81591667;28.22002778;1.609020;9.16e-16;77.13;NAN;2.10;NAN;NAN;25.000;-8.702;23.216;5.291;NAN;ar4,ar327,lotaas;
3176;J2155-3118;NAN;NAN;NAN;48714.00;15.845;-51.577;328.80671139;-31.31518860;1.030002;1.24e-15;14.85;NAN;12.00;0.66;NAN;1.299;-1.018;0.220;7.723;NAN;mol2,pks70;
3177;J2155-5641;NAN;NAN;NAN;43557.13;337.046;-47.054;328.75583333;-56.69916667;1.373654;4.23e-15;14.00;NAN;2.10;0.36;NAN;1.043;-0.763;-0.277;7.846;NAN;mol2;
3178;J2156+2618;NAN;NAN;NAN;NAN;80.976;-21.969;329.09876667;26.30846389;0.498149;1.42e-17;48.44;NAN;2.70;NAN;NAN;6.102;-2.283;5.589;7.612;NAN;ar4,ar327,gbncc,lotaas;
3179;J2157+4017;16.130;4.120;0.280;52275.00;90.488;-11.341;329.25770625;40.29610722;1.525266;3.43e-15;71.12;0.00;105.00;17.00;NAN;2.900;-0.570;2.843;8.524;NAN;gb1,gb3,gb4,lotaas;
3180;J2158-27;NAN;NAN;NAN;NAN;22.861;-51.588;329.50000000;-27.00000000;0.477000;NAN;22.15;NAN;NAN;NAN;NAN;2.658;-2.083;0.642;6.978;NAN;gbncc;
3181;J2158-2734;NAN;NAN;NAN;NAN;21.973;-51.689;329.50350472;-27.56029727;0.477198;7.42e-17;NAN;NAN;NAN;NAN;NAN;NAN;-0.000;0.000;8.500;NAN;gbncc;
3182;J2159+0202;NAN;NAN;NAN;59434.00;61.150;-39.414;329.92275417;2.04020833;0.665561;6.01e-16;34.97;NAN;NAN;0.14;NAN;25.000;-15.873;16.917;-0.819;NAN;fast_crafts;
3183;J2201+33;NAN;NAN;NAN;NAN;86.434;-17.551;330.31250000;33.00000000;0.966000;NAN;78.00;NAN;NAN;NAN;NAN;25.000;-7.539;23.790;7.017;NAN;pumps;
3184;J2202+21;NAN;NAN;NAN;NAN;78.789;-26.252;330.58750000;21.78333333;NAN;NAN;17.70;NAN;NAN;NAN;NAN;1.364;-0.603;1.200;8.262;NAN;misc,gbncc;
3185;J2202+5040;NAN;NAN;NAN;NAN;97.650;-3.714;330.60350251;50.67024761;0.745379;4.44e-15;NAN;NAN;NAN;NAN;NAN;NAN;-0.000;0.000;8.500;NAN;gbncc;
3186;J2203+50;NAN;NAN;NAN;54100.00;97.322;-4.307;330.75000000;50.00000000;0.745000;NAN;77.00;NAN;NAN;NAN;NAN;3.028;-0.227;2.995;8.885;NAN;gbt350,gbncc,lotaas;
3187;J2205+1444;NAN;NAN;NAN;NAN;73.886;-31.885;331.32186250;14.74202778;0.938014;9.00e-16;36.72;NAN;1.50;NAN;NAN;6.046;-3.194;4.932;7.075;NAN;ar4,ar327,gbncc,lotaas;
3188;J2206+6151;NAN;NAN;NAN;56100.00;104.735;4.977;331.57549583;61.86613889;0.322674;3.97e-16;168.80;NAN;1.20;0.80;NAN;4.099;0.356;3.949;9.539;NAN;htru_eff,gbncc;
3189;J2207-15;NAN;NAN;NAN;NAN;42.013;-49.972;331.75000000;-15.00000000;0.766000;NAN;27.50;NAN;NAN;NAN;NAN;25.000;-19.143;10.762;-3.447;NAN;gbncc;
3190;J2208+4056;NAN;NAN;NAN;56375.00;92.574;-12.112;332.00830800;40.93384065;0.636957;5.28e-15;11.80;NAN;NAN;NAN;NAN;0.751;-0.158;0.734;8.533;GRS:4FGL_J2208.1+4058[aab+22];gbncc,FermiAssoc,lotaas,fast_gpps;
3191;J2208+5500;NAN;NAN;NAN;56675.00;100.939;-0.751;332.09883333;55.00233611;0.933163;6.99e-15;105.21;NAN;NAN;0.40;NAN;3.030;-0.040;2.975;9.075;NAN;misc,gbt350,lotaas;
3192;J2209+22;NAN;NAN;NAN;NAN;79.900;-27.786;332.47500000;21.28333333;1.776900;NAN;46.30;NAN;NAN;NAN;NAN;25.000;-11.654;21.775;4.621;NAN;misc,ar327,gbncc,lotaas,fast_gpps;
3193;J2210+57;NAN;NAN;NAN;56292.00;102.666;1.066;332.75000000;57.48333333;2.057430;NAN;189.43;NAN;1.10;NAN;NAN;3.809;0.071;3.716;9.335;NAN;gbncc;
3194;J2210+5712;NAN;NAN;NAN;57236.00;102.418;0.915;332.53448718;57.21669436;2.053153;1.89e-15;192.90;NAN;NAN;NAN;NAN;3.873;0.062;3.782;9.333;NAN;misc,gbncc;
3195;J2212+2450;9.000;23.000;NAN;58804.00;82.958;-25.430;333.11489167;24.84355556;0.003908;1.98e-21;25.21;NAN;NAN;NAN;NAN;2.090;-0.897;1.873;8.269;NAN;ar327,tulipp;
3196;J2212+2933;-5.530;-11.340;0.230;56000.00;86.136;-21.731;333.09726833;29.55150306;1.004593;4.95e-16;74.52;NAN;6.30;0.90;NAN;25.000;-9.256;23.171;6.935;NAN;gb2,ar327,lotaas;
3197;J2213+53;NAN;NAN;NAN;54100.00;100.342;-2.778;333.25000000;53.00000000;0.751000;NAN;161.00;NAN;NAN;NAN;NAN;3.809;-0.185;3.743;9.183;NAN;gbt350;
3198;J2214+5357;NAN;NAN;NAN;NAN;101.118;-2.146;333.72473225;53.95942642;0.751195;6.05e-16;NAN;NAN;NAN;NAN;NAN;NAN;-0.000;0.000;8.500;NAN;gbncc;
3199;J2215+1538;NAN;NAN;NAN;49079.50;76.783;-32.929;333.91522083;15.64302222;0.374196;2.37e-15;29.24;NAN;3.70;NAN;NAN;3.142;-1.708;2.567;7.897;NAN;ar4,gb4,lotaas;
3200;J2215+4524;NAN;NAN;NAN;59241.00;96.391;-9.287;333.94404167;45.41222222;2.723050;5.56e-15;18.50;NAN;NAN;NAN;NAN;1.131;-0.183;1.109;8.624;NAN;chime;
3201;J2216+5759;NAN;NAN;NAN;56100.00;103.517;1.107;334.02175000;57.99825000;0.419102;6.90e-14;176.00;NAN;NAN;0.23;NAN;3.588;0.069;3.488;9.339;NAN;htru_eff;
3202;J2217+5733;NAN;NAN;NAN;56675.00;103.472;0.599;334.47929167;57.55111111;1.056844;6.47e-16;130.67;0.00;3.70;0.50;NAN;3.129;0.033;3.043;9.229;NAN;misc,gbt350;
3203;J2219+4754;-12.000;-30.000;NAN;46599.00;98.385;-7.598;334.95057917;47.91498056;0.538469;2.77e-15;43.40;0.00;111.00;3.00;NAN;2.383;-0.315;2.337;8.844;NAN;misc,gb1,gb3,gb4,gbncc,jb1,lotaas,f;
3204;J2221+81;NAN;NAN;NAN;NAN;117.434;20.317;335.25000000;81.53333333;NAN;NAN;39.00;NAN;NAN;NAN;NAN;2.487;0.864;2.070;9.575;NAN;chime;
3205;J2222+2923;NAN;NAN;NAN;51242.00;88.050;-23.242;335.76343393;29.39962442;0.281399;6.17e-18;49.41;NAN;NAN;NAN;NAN;7.634;-3.012;7.010;8.261;NAN;ar4,ar327,gbncc,lotaas;
3206;J2222+5602;NAN;NAN;NAN;54100.00;103.093;-1.005;335.50000000;56.00000000;1.336000;NAN;163.30;NAN;21.10;NAN;NAN;3.506;-0.062;3.414;9.294;NAN;gbt350,gbncc;
3207;J2225+35;NAN;NAN;NAN;54466.00;92.108;-18.448;336.20000000;35.50000000;0.940000;NAN;51.80;NAN;NAN;NAN;NAN;4.978;-1.575;4.719;8.674;NAN;misc;
3208;J2225+6535;147.200;126.500;1.200;56000.00;108.638;6.846;336.47026125;65.59343639;0.682542;9.66e-15;36.44;0.00;22.00;2.00;NAN;0.900;0.107;0.847;8.786;XRS:[hb07b],OPT:Guitar_Nebula[crl93];jb1,gb1,gb2,gb3,gb4,gbncc,lotaas;
3209;J2226-03;NAN;NAN;NAN;NAN;61.098;-47.901;336.56250000;-3.25000000;0.769700;NAN;17.50;NAN;NAN;NAN;NAN;1.692;-1.255;0.993;7.952;NAN;pumps;
3210;J2227+3038;NAN;NAN;NAN;NAN;89.718;-22.807;336.92404167;30.63911111;0.842408;NAN;19.96;NAN;2.40;NAN;NAN;1.441;-0.559;1.328;8.493;NAN;misc,ar327,gbncc,lotaas,fast_gpps,t;
3211;J2228+6447;NAN;NAN;NAN;56500.00;108.462;6.007;337.16876574;64.78872283;1.892982;6.70e-16;193.60;NAN;NAN;NAN;NAN;6.853;0.717;6.465;10.658;NAN;gbncc;
3212;J2228-65;NAN;NAN;NAN;55955.00;323.529;-45.791;337.07500000;-65.19638889;2.745980;NAN;36.00;NAN;NAN;NAN;NAN;25.000;-17.920;-10.362;-5.518;NAN;htru_pks;
3213;J2229+40;NAN;NAN;NAN;NAN;95.651;-14.774;337.25000000;40.43333333;0.272900;NAN;74.00;NAN;NAN;NAN;NAN;7.631;-1.946;7.343;9.227;NAN;pumps;
3214;J2229+6114;NAN;NAN;NAN;55555.00;106.647;2.949;337.27200000;61.23591667;0.051648;7.74e-14;205.10;NAN;1.50;0.25;NAN;3.000;0.154;2.870;9.358;GRS:4FGL_J2229.0+6114[aab+22],SNR:G106.6;misc,FermiBlind,gbncc;
3215;J2229+6205;0.323;9.995;NAN;49840.00;107.154;3.645;337.42431175;62.09333937;0.443055;2.26e-15;124.64;NAN;17.00;0.80;NAN;3.013;0.192;2.873;9.387;NAN;gb1,gb3,gbncc,lotaas,misc;
3216;J2234+2114;NAN;NAN;NAN;NAN;85.138;-31.435;338.73600000;21.23855556;1.358745;2.22e-16;35.08;NAN;2.60;NAN;NAN;4.472;-2.332;3.802;8.177;NAN;ar4,ar327,gbncc,lotaas;
3217;J2235+1506;15.000;10.000;NAN;49250.00;80.878;-36.444;338.93208375;15.11362778;0.059767;1.58e-19;18.09;NAN;3.00;NAN;NAN;1.540;-0.915;1.223;8.304;NAN;ar4,ar327,lotaas;
3218;J2236+4929;NAN;NAN;NAN;59192.00;101.599;-7.708;339.14549583;49.49558889;0.931715;1.97e-16;42.90;NAN;NAN;0.02;NAN;2.280;-0.306;2.213;8.954;NAN;fast_crafts;
3219;J2237+2828;NAN;NAN;NAN;59289.00;90.342;-25.787;339.37254167;28.47777778;1.077395;8.13e-16;38.10;NAN;NAN;NAN;NAN;3.997;-1.739;3.599;8.521;NAN;chime;
3220;J2238+5903;NAN;NAN;NAN;54800.00;106.562;0.482;339.61779167;59.06133333;0.162734;9.70e-14;NAN;NAN;NAN;NAN;NAN;2.830;0.024;2.712;9.307;GRS:4FGL_J2238.5+5903[aab+22];FermiBlind;
3221;J2238+6021;NAN;NAN;NAN;54100.00;107.140;1.636;339.50000000;60.35000000;3.070000;NAN;185.30;NAN;111.10;NAN;NAN;3.697;0.106;3.531;9.589;NAN;gbt350,gbncc;
3222;J2240+5832;-6.100;-21.000;NAN;54000.00;106.566;-0.111;340.17891250;58.54375556;0.139935;1.54e-14;263.50;NAN;NAN;2.70;NAN;7.275;-0.014;6.973;10.574;NAN;misc;
3223;J2241+6941;NAN;NAN;NAN;56500.00;112.026;9.632;340.33459179;69.69992486;0.855401;2.69e-15;67.67;NAN;NAN;NAN;NAN;2.548;0.426;2.329;9.442;NAN;gbncc,lotaas;
3224;J2242+6346;NAN;NAN;NAN;NAN;109.272;4.381;340.65170214;63.78230702;0.460958;5.34e-15;NAN;NAN;NAN;NAN;NAN;NAN;0.000;0.000;8.500;NAN;gbncc;
3225;J2242+6950;NAN;NAN;NAN;49690.00;112.221;9.695;340.73502715;69.84781692;1.664501;4.82e-15;40.86;NAN;2.40;0.40;NAN;2.008;0.338;1.832;9.249;NAN;gb2,gbncc,lotaas;
3226;J2243+1518;NAN;NAN;NAN;NAN;82.809;-37.377;340.79070000;15.30697500;0.596799;1.13e-16;42.13;NAN;0.16;NAN;NAN;25.000;-15.176;19.710;6.013;NAN;misc,ar327,fast_gpps;
3227;J2244+63;NAN;NAN;NAN;54100.00;109.039;3.618;341.00000000;63.00000000;0.461000;NAN;92.15;NAN;NAN;NAN;NAN;2.628;0.166;2.479;9.356;NAN;gbt350,gbncc,misc;
3228;J2248-0101;-10.500;-17.490;0.250;56000.00;69.256;-50.620;342.11202458;-1.03002361;0.477233;6.59e-16;29.05;NAN;11.00;0.50;NAN;3.500;-2.705;2.077;7.713;NAN;pks70,gbncc,lotaas;
3229;J2251+24;NAN;NAN;NAN;NAN;90.539;-31.190;342.75000000;24.00000000;1.797962;NAN;34.60;NAN;NAN;NAN;NAN;4.139;-2.143;3.541;8.533;NAN;gbncc,ar327;
3230;J2251-3711;NAN;NAN;NAN;57900.00;3.605;-62.883;342.93333333;-37.19666667;12.122565;1.31e-14;12.12;NAN;NAN;0.15;NAN;1.344;-1.196;0.039;7.889;NAN;pks_superb;
3231;J2252+2455;NAN;NAN;NAN;NAN;91.400;-30.548;343.07930756;24.93113577;1.797908;1.11e-15;NAN;NAN;NAN;NAN;NAN;NAN;-0.000;0.000;8.500;NAN;gbncc;
3232;J2253+12;NAN;NAN;NAN;NAN;83.192;-41.024;343.25000000;12.53333333;0.979300;NAN;37.00;NAN;NAN;NAN;NAN;25.000;-16.409;18.728;6.264;NAN;pumps;
3233;J2253+1516;NAN;NAN;NAN;NAN;85.305;-38.809;343.31055417;15.27717500;0.792236;6.65e-17;29.20;NAN;2.40;NAN;NAN;3.804;-2.384;2.954;8.257;NAN;ar4,ar327,gbncc,lotaas;
3234;J2257+5909;17.689;-2.024;NAN;50085.00;108.831;-0.575;344.49060088;59.15412063;0.368246;5.75e-15;151.08;NAN;34.00;9.20;NAN;3.000;-0.030;2.839;9.468;NAN;jb1,gb1,gb3,gb4,gbncc,lotaas;
3235;J2257-16;NAN;NAN;NAN;NAN;49.791;-61.252;344.25000000;-16.00000000;0.469000;NAN;52.66;NAN;NAN;NAN;NAN;25.000;-21.919;9.183;0.738;NAN;gbncc;
3236;J2300+52;NAN;NAN;NAN;NAN;106.286;-6.916;345.12500000;52.33333333;0.426500;NAN;82.00;NAN;NAN;NAN;NAN;2.878;-0.347;2.742;9.301;NAN;pumps;
3237;J2301+5852;-6.400;-2.300;NAN;54852.00;109.087;-0.996;345.28454167;58.87901389;6.979071;4.71e-13;NAN;NAN;NAN;NAN;NAN;3.300;-0.057;3.118;9.579;SNR:CTB109,XRS:1E_2259+586;misc;
3238;J2302+48;NAN;NAN;NAN;NAN;104.893;-10.795;345.68750000;48.23333333;0.742100;NAN;72.00;NAN;NAN;NAN;NAN;3.314;-0.621;3.146;9.337;NAN;pumps;
3239;J2302+6028;NAN;NAN;NAN;49800.00;109.859;0.398;345.54666667;60.46672778;1.206404;2.04e-15;156.70;NAN;12.00;NAN;NAN;3.166;0.022;2.978;9.576;NAN;gb4,gbncc,lotaas;
3240;J2305+19;NAN;NAN;NAN;NAN;91.378;-36.631;346.37500000;19.66666667;0.269300;NAN;20.50;NAN;NAN;NAN;NAN;1.783;-1.064;1.430;8.534;NAN;pumps;
3241;J2305+3100;-3.700;-15.630;0.230;56000.00;97.721;-26.657;346.49300500;31.00035583;1.575886;2.89e-15;49.58;0.00;24.00;2.20;NAN;4.400;-1.974;3.897;9.028;NAN;gb1,ar327,ar4,gb4,lotaas;
3242;J2306+31;NAN;NAN;NAN;NAN;97.959;-26.335;346.55000000;31.38333333;0.341600;NAN;46.13;NAN;NAN;NAN;NAN;25.000;-11.091;22.190;11.602;NAN;lotaas,ar327,fast_gpps;
3243;J2307+2225;NAN;NAN;NAN;NAN;93.570;-34.458;346.92203333;22.43058889;0.535829;8.70e-18;7.02;NAN;2.00;NAN;NAN;0.493;-0.279;0.406;8.525;NAN;ar4,ar327,gbncc;
3244;J2308+5547;-15.000;0.000;NAN;48717.00;108.729;-4.206;347.05759167;55.79334167;0.475068;1.99e-16;46.54;NAN;19.00;1.90;NAN;2.075;-0.152;1.960;9.164;NAN;jb1,gb2,gb3,gb4,gbncc,lotaas,misc;
3245;J2310+6706;NAN;NAN;NAN;57225.00;113.351;6.136;347.67540982;67.11446723;1.944789;7.56e-17;97.70;NAN;NAN;NAN;NAN;2.665;0.285;2.433;9.550;NAN;gbncc;
3246;J2312+21;NAN;NAN;NAN;NAN;94.341;-35.653;348.12500000;21.66666667;1.256000;NAN;19.00;NAN;NAN;NAN;NAN;1.570;-0.915;1.272;8.597;NAN;pumps;
3247;J2312+6931;NAN;NAN;NAN;56500.00;114.435;8.292;348.16222860;69.51777860;0.813375;6.28e-16;71.60;NAN;NAN;NAN;NAN;2.436;0.351;2.195;9.497;NAN;gbncc,lotaas;
3248;J2313+4253;24.150;5.950;0.930;52275.00;104.410;-16.422;348.28592042;42.88695639;0.349434;1.12e-16;17.28;0.00;89.00;15.00;NAN;1.060;-0.300;0.985;8.753;NAN;gb1,gb2,gb4,gbncc,lotaas;
3249;J2315+58;NAN;NAN;NAN;54100.00;110.418;-2.509;348.75000000;58.00000000;1.061000;NAN;73.20;NAN;NAN;NAN;NAN;2.382;-0.104;2.230;9.330;NAN;gbt350,gbncc,lotaas;
3250;J2316+5619;NAN;NAN;NAN;NAN;110.001;-4.136;349.11878968;56.33312097;1.061600;1.26e-15;NAN;NAN;NAN;NAN;NAN;NAN;-0.000;0.000;8.500;NAN;gbncc;
3251;J2316+75;NAN;NAN;NAN;NAN;116.977;13.989;348.75000000;75.73333333;NAN;NAN;53.40;NAN;NAN;NAN;NAN;2.442;0.590;2.112;9.575;NAN;chime;
3252;J2317+2149;8.490;0.190;0.510;56000.00;95.831;-36.075;349.49100792;21.83000528;1.444653;1.05e-15;20.87;0.00;15.00;0.90;NAN;1.700;-1.001;1.367;8.640;NAN;gb1,ar327,ar4,gb4,lotaas;
3253;J2319+6411;NAN;NAN;NAN;56100.00;113.138;3.079;349.89670833;64.19048750;0.216018;1.63e-16;246.10;NAN;NAN;0.27;NAN;6.849;0.368;6.289;11.187;NAN;gbt350,gbncc,htru_eff;
3254;J2321+6024;-17.000;-7.000;NAN;49303.00;112.095;-0.566;350.48005806;60.40853163;2.256488;7.04e-15;94.59;0.00;36.00;12.00;NAN;2.700;-0.027;2.502;9.516;NAN;jb1,gb1,gb3,gb4,gbncc,lotaas;
3255;J2322+2057;-18.300;-14.900;NAN;55000.00;96.515;-37.310;350.59306321;20.95074317;0.004808;9.66e-21;13.38;0.00;NAN;0.34;NAN;1.011;-0.613;0.799;8.591;NAN;ar4,ar327,gbncc;
3256;J2323+1214;NAN;NAN;NAN;58315.00;91.595;-45.209;350.84007917;12.23686111;3.759491;1.85e-15;29.00;NAN;NAN;0.14;NAN;25.000;-17.742;17.606;8.990;NAN;fast_crafts;
3257;J2324-6054;NAN;NAN;NAN;57600.00;320.425;-53.172;351.11308333;-60.90160944;2.347488;2.58e-15;14.00;NAN;4.00;1.00;NAN;1.207;-0.966;-0.461;7.942;NAN;mol2;
3258;J2325+6316;-5.920;-2.050;NAN;56000.00;113.418;2.013;351.30549833;63.28121167;1.436310;2.83e-15;197.37;NAN;8.00;2.10;NAN;4.855;0.171;4.452;10.428;NAN;gb1,gbncc,lotaas;
3259;J2325-0530;NAN;NAN;NAN;56774.00;75.579;-60.200;351.31375000;-5.51083333;0.868735;1.03e-15;14.97;NAN;NAN;NAN;NAN;1.495;-1.297;0.720;8.315;NAN;gbt350,gbncc;
3260;J2326+6113;-16.948;-8.531;NAN;49678.00;112.946;0.003;351.74457184;61.22679664;0.233652;3.53e-16;122.61;NAN;17.00;4.40;NAN;2.733;0.000;2.517;9.566;NAN;jb1,gb1,gb2,gb3,gbncc,lotaas;
3261;J2326+6141;NAN;NAN;NAN;54100.00;112.761;-0.173;351.50000000;61.00000000;0.790000;NAN;34.50;NAN;NAN;NAN;NAN;1.695;-0.005;1.563;9.156;NAN;gbt350,gbncc,lotaas;
3262;J2326+6243;NAN;NAN;NAN;57234.00;113.395;1.431;351.67291991;62.72294749;0.266149;2.57e-15;193.61;NAN;NAN;NAN;NAN;4.411;0.110;4.047;10.251;NAN;misc,gbncc;
3263;J2327+62;NAN;NAN;NAN;NAN;113.197;0.735;351.75000000;62.00000000;0.266000;NAN;193.40;NAN;NAN;NAN;NAN;4.335;0.056;3.984;10.207;NAN;gbncc;
3264;J2329+16;NAN;NAN;NAN;55343.00;96.414;-41.682;352.45833333;16.95000000;0.632100;NAN;31.00;NAN;NAN;NAN;NAN;25.000;-16.625;18.554;10.586;NAN;ar327;
3265;J2329+4743;NAN;NAN;NAN;57950.00;108.961;-12.910;352.38145000;47.72770278;0.728409;1.60e-17;44.00;NAN;0.50;NAN;NAN;2.396;-0.535;2.209;9.259;NAN;lotaas,gbncc,fast_gpps;
3266;J2330-2005;74.700;5.000;NAN;49878.00;49.394;-70.190;352.61202083;-20.09156389;1.643622;4.63e-15;8.46;0.00;42.00;2.90;NAN;0.861;-0.810;0.222;8.310;NAN;misc,mol2,pks70;
3267;J2333+20;NAN;NAN;NAN;NAN;99.071;-38.910;353.25000000;20.30000000;2.291100;NAN;12.00;NAN;NAN;NAN;NAN;0.894;-0.562;0.687;8.610;NAN;pumps;
3268;J2333+6145;NAN;NAN;NAN;56100.00;113.831;0.275;353.33103333;61.75835833;0.756899;1.18e-15;125.00;NAN;NAN;0.47;NAN;2.729;0.013;2.496;9.603;NAN;htru_eff,gbncc;
3269;J2336-01;NAN;NAN;NAN;NAN;84.424;-59.008;354.15000000;-1.85000000;1.029800;NAN;19.60;NAN;NAN;NAN;NAN;2.393;-2.051;1.226;8.380;NAN;lotaas;
3270;J2337+6151;-1.000;-15.000;NAN;53100.00;114.284;0.233;354.27400833;61.85042500;0.495370;1.93e-13;58.41;0.00;10.00;1.40;NAN;0.700;0.003;0.638;8.788;SNR:G114.3+0.3[frs93];gb2,gb3,lotaas;
3271;J2340+08;NAN;NAN;NAN;56098.00;94.821;-50.423;355.18750000;8.55000000;0.303300;NAN;22.90;NAN;NAN;NAN;NAN;2.832;-2.183;1.798;8.652;NAN;ar327,lotaas,fast_gpps;
3272;J2343+6221;NAN;NAN;NAN;54100.00;115.085;0.526;355.75000000;62.35000000;1.799000;NAN;116.60;NAN;NAN;NAN;NAN;2.619;0.024;2.372;9.610;NAN;gbt350,gbncc;
3273;J2346-0609;37.380;-20.210;0.270;56000.00;83.798;-64.015;356.71040750;-6.16663861;1.181463;1.36e-15;22.50;NAN;11.00;2.00;NAN;3.500;-3.146;1.525;8.334;NAN;pks70,gbncc;
3274;J2347+02;NAN;NAN;NAN;NAN;92.331;-56.993;356.75000000;2.00000000;1.383470;NAN;15.00;NAN;NAN;NAN;NAN;1.415;-1.187;0.770;8.531;NAN;gbncc,ar327;
3275;J2350+31;NAN;NAN;NAN;NAN;108.093;-29.466;357.67500000;31.65000000;0.508100;NAN;39.14;NAN;NAN;NAN;NAN;5.232;-2.574;4.330;9.915;NAN;misc,ar327,lotaas;
3276;J2351+6500;NAN;NAN;NAN;NAN;116.676;2.870;357.92883292;65.01349875;1.164883;2.80e-14;NAN;NAN;NAN;NAN;NAN;NAN;0.000;0.000;8.500;NAN;gbncc;
3277;J2351+8533;NAN;NAN;NAN;56500.00;121.677;22.832;357.76373364;85.55573473;1.011727;8.80e-16;38.20;NAN;4.90;NAN;NAN;2.593;1.006;2.034;9.755;NAN;gbncc,lotaas;
3278;J2352+65;NAN;NAN;NAN;54100.00;116.702;2.850;358.00000000;65.00000000;1.164000;NAN;152.70;NAN;26.50;NAN;NAN;3.058;0.152;2.728;9.872;NAN;gbt350,gbncc,lotaas;
3279;J2354+6155;22.760;4.900;0.410;56000.00;116.239;-0.194;358.51992917;61.92967917;0.944784;1.63e-14;94.66;0.00;17.00;5.00;NAN;2.400;-0.008;2.153;9.561;NAN;gb1,gb2,gb3,gb4,gbncc,lotaas;
3280;J2354-22;NAN;NAN;NAN;54973.00;48.082;-76.409;358.60833333;-22.86472222;0.557996;NAN;9.90;NAN;NAN;NAN;NAN;1.108;-1.077;0.194;8.326;NAN;htru_pks,gbncc;
3281;J2354-2250;NAN;NAN;NAN;58207.00;48.151;-76.368;358.57370000;-22.83488889;0.558021;4.01e-17;10.00;NAN;NAN;NAN;NAN;1.122;-1.090;0.197;8.324;NAN;misc;
3282;J2355+04;NAN;NAN;NAN;NAN;97.832;-55.405;358.87500000;4.71666667;0.958000;NAN;13.00;NAN;NAN;NAN;NAN;1.133;-0.933;0.637;8.588;NAN;pumps;
3283;J2355+1523;NAN;NAN;NAN;59121.00;103.665;-45.392;358.95258333;15.38861111;1.094396;4.19e-16;26.00;NAN;NAN;NAN;NAN;3.444;-2.452;2.350;9.071;NAN;chime;
3284;J2355+2246;NAN;NAN;NAN;NAN;106.530;-38.323;358.95750000;22.77138889;1.840986;3.78e-15;23.10;NAN;0.90;NAN;NAN;2.163;-1.341;1.627;8.983;NAN;gbncc,ar327,fast_gpps;
